#StripeID,rangenumber,BlockOffsetStart,BlockOffsetEnd
192 1 966656 970752
161 1 647168 663552
161 1 663552 667648
469 1 802816 806912
236 1 880640 884736
208 1 1884160 1896448
214 1 811008 843776
976 1 1384448 1392640
214 1 843776 847872
264 1 1114112 1118208
208 1 1896448 1900544
525 1 471040 475136
976 1 1388544 1392640
200 1 1622016 1683456
447 2 212992 262144 262144 278528
976 1 1388544 1392640
200 1 1683456 1687552
144 1 462848 471040
826 1 1466368 1470464
91 1 1351680 1355776
264 1 1114112 1118208
447 1 278528 282624
185 1 638976 659456
730 1 1208320 1224704
200 1 1687552 1699840
185 1 659456 663552
200 1 1699840 1703936
303 1 1400832 1404928
200 1 1703936 1720320
976 1 1388544 1392640
200 1 1720320 1724416
986 1 425984 430080
243 1 765952 778240
636 1 528384 532480
323 1 1916928 1921024
200 1 1724416 1757184
874 1 862720 863744
200 1 1757184 1761280
777 1 94208 98304
218 2 1552384 1572864 1572864 1744896
642 1 1867776 1871872
84 1 1511424 1519616
874 1 863744 864768
469 1 802816 806912
218 1 1744896 1748992
208 1 1900544 1916928
208 1 1916928 1921024
756 1 1937408 1941504
636 1 528384 540672
677 1 1191936 1196032
0 1 1048576 1060864
795 1 753664 761856
874 1 864768 865792
678 1 1114112 1126400
678 1 1130496 1134592
48 1 1114112 1118208
714 1 1912832 1921024
369 1 282624 286720
48 1 1179648 1183744
48 1 1961984 1966080
73 1 4096 12288
64 1 1179648 1183744
393 1 1019904 1024000
242 1 1179648 1183744
242 1 1744896 1748992
276 1 1105920 1110016
242 1 1765376 1769472
240 1 1118208 1122304
242 1 1773568 1777664
241 1 1433600 1437696
241 1 1486848 1490944
362 1 860160 864256
240 1 1708032 1712128
257 1 966656 970752
636 1 532480 536576
200 1 1466368 1470464
264 1 1093632 1101824
840 1 1912832 1916928
360 1 1056768 1060864
360 1 1110016 1114112
210 1 1183744 1196032
384 1 1069056 1073152
384 1 1077248 1081344
476 1 196608 262144
210 1 1196032 1200128
648 1 1183744 1187840
874 1 865792 866816
158 1 1171456 1175552
203 1 2060288 2076672
714 1 1921024 1925120
976 1 1388544 1392640
210 1 1200128 1208320
203 1 2076672 2080768
636 1 532480 548864
84 1 1515520 1519616
545 2 880640 1048576 1048576 1187840
210 1 1208320 1212416
874 1 866816 868352
976 1 1388544 1392640
874 1 868352 869376
636 1 540672 544768
219 1 1544192 1568768
404 1 106496 110592
874 1 869376 870400
219 1 1568768 1572864
976 1 1388544 1392640
636 1 540672 544768
48 1 1716224 1728512
896 1 53248 61440
162 1 323584 344064
874 1 870400 871424
162 1 344064 348160
636 1 540672 548864
561 1 999424 1003520
976 1 1388544 1400832
874 1 871424 872448
84 1 1515520 1523712
163 2 1818624 1835008 1835008 1843200
874 1 872448 873472
185 1 663552 684032
185 1 684032 688128
636 1 544768 548864
874 1 873472 874496
520 1 98304 102400
669 1 180224 184320
210 1 86016 90112
976 1 1392640 1396736
163 1 1839104 1847296
84 1 1519616 1523712
185 1 688128 708608
874 1 874496 875520
185 1 708608 712704
976 1 1392640 1396736
204 1 847872 884736
163 1 1843200 1863680
636 1 544768 548864
976 1 1392640 1396736
874 1 875520 876544
185 1 712704 733184
204 1 884736 888832
636 1 544768 548864
627 1 32768 36864
185 1 733184 737280
339 1 2080768 2084864
976 1 1392640 1400832
874 1 876544 877568
701 1 557056 561152
976 1 1396736 1400832
9 1 466944 475136
84 1 1519616 1523712
874 1 877568 878592
636 1 544768 557056
874 1 878592 879616
976 1 1396736 1400832
84 1 1519616 1527808
976 1 1396736 1400832
874 1 879616 880640
976 1 1396736 1400832
976 1 1396736 1400832
372 1 1396736 1400832
200 1 1761280 1769472
200 1 1769472 1773568
588 1 106496 110592
163 1 1859584 1867776
976 1 1396736 1400832
185 1 737280 757760
185 1 757760 761856
283 1 1503232 1507328
927 1 1339392 1343488
717 1 880640 884736
955 1 663552 667648
247 1 1875968 1880064
124 1 1888256 1921024
185 1 761856 778240
340 1 1421312 1425408
185 1 778240 782336
109 1 937984 950272
782 1 221184 225280
806 1 757760 765952
976 1 1396736 1400832
571 1 1462272 1466368
216 1 1654784 1732608
935 1 1167360 1171456
976 1 1396736 1400832
216 1 1732608 1736704
101 1 925696 933888
185 2 782336 786432 786432 802816
185 1 802816 806912
57 1 1773568 1781760
976 1 1396736 1400832
812 1 1102336 1103360
302 1 2052096 2056192
287 1 1425408 1429504
401 1 442368 446464
232 1 1392640 1400832
287 1 1429504 1433600
707 1 1511424 1536000
314 1 1236992 1265664
706 1 1236992 1273856
144 1 1724416 1728512
317 1 1675264 1712128
317 1 1716224 1740800
287 1 1433600 1437696
314 1 1265664 1306624
232 1 1400832 1417216
976 1 1396736 1409024
707 1 1536000 1560576
706 2 1273856 1310720 1310720 1318912
317 1 1740800 1835008
314 2 1306624 1310720 1310720 1343488
232 1 1417216 1425408
317 1 1835008 1916928
707 2 1560576 1572864 1572864 1585152
706 1 1318912 1359872
707 1 1585152 1609728
314 1 1343488 1388544
706 1 1359872 1409024
317 1 1916928 2019328
287 1 1437696 1441792
305 1 8192 12288
314 1 1388544 1409024
57 1 1777664 1781760
317 1 2019328 2064384
707 1 1609728 1622016
706 1 1409024 1429504
812 1 1103360 1104384
401 1 442368 446464
305 1 8192 12288
139 1 475136 491520
163 1 1560576 1564672
163 1 1863680 1871872
163 2 1564672 1572864 1572864 1675264
185 1 806912 835584
508 1 110592 114688
57 1 1777664 1781760
185 1 835584 839680
163 1 1675264 1679360
812 1 1104384 1105408
976 1 1400832 1404928
401 1 442368 446464
163 1 1867776 1880064
137 1 278528 282624
185 1 839680 860160
401 1 442368 446464
976 1 1400832 1404928
185 1 860160 864256
187 1 1736704 1757184
187 1 1757184 1761280
976 1 1400832 1404928
976 1 1400832 1404928
153 1 2072576 2076672
542 1 462848 466944
946 1 1880064 1884160
547 1 282624 286720
23 1 1200128 1204224
535 1 1900544 1904640
791 1 106496 110592
864 1 8192 13824
976 1 1400832 1404928
535 1 1937408 1941504
563 1 16384 20480
535 1 1945600 1949696
602 1 667648 671744
100 1 135168 139264
535 1 1978368 1982464
536 1 167936 172032
535 1 1884160 1888256
764 1 1183744 1187840
976 1 1400832 1404928
976 1 1400832 1404928
976 1 1400832 1404928
976 1 1400832 1404928
324 1 622592 626688
976 1 1400832 1409024
976 1 1404928 1409024
524 1 970752 974848
976 1 1404928 1409024
611 1 925696 929792
124 1 1916928 1945600
185 1 864256 880640
363 1 368640 372736
976 1 1404928 1409024
324 1 626688 630784
139 1 487424 503808
185 1 880640 884736
976 1 1404928 1409024
185 1 884736 905216
185 1 905216 909312
371 1 28672 32768
354 1 1257472 1261568
134 1 1032192 1048576
166 1 1048576 1052672
976 1 1404928 1409024
124 1 1941504 1974272
185 1 909312 929792
976 1 1404928 1409024
139 1 499712 520192
163 1 1875968 1904640
185 1 929792 933888
976 1 1404928 1409024
185 1 933888 962560
185 1 962560 966656
976 1 1404928 1417216
976 1 1409024 1413120
124 1 1970176 2002944
976 1 1409024 1413120
185 1 966656 983040
123 1 1015808 1024000
185 1 983040 987136
976 1 1409024 1413120
976 1 1409024 1413120
976 1 1409024 1413120
766 1 1466368 1470464
561 1 1003520 1011712
175 2 679936 786432 786432 876544
976 1 1409024 1417216
259 1 102400 106496
389 1 1519616 1523712
134 1 1548288 1552384
570 1 2056192 2060288
175 1 876544 880640
976 1 1413120 1417216
124 1 1998848 2027520
91 1 1355776 1363968
185 1 987136 1003520
185 1 1003520 1007616
976 1 1413120 1417216
162 1 1728512 1732608
340 1 1425408 1429504
207 1 2080768 2097152
208 1 0 4096
976 1 1413120 1417216
976 1 1413120 1417216
976 1 1413120 1417216
976 1 1413120 1417216
976 1 1413120 1417216
191 1 32768 36864
187 1 163840 172032
976 1 1413120 1425408
187 1 172032 176128
124 1 2023424 2056192
185 1 1007616 1024000
976 1 1417216 1421312
185 1 1024000 1028096
976 1 1417216 1421312
124 1 2052096 2072576
185 1 1028096 1044480
214 1 921600 950272
976 1 1417216 1421312
185 1 1044480 1048576
161 1 536576 552960
214 1 950272 954368
191 1 1335296 1400832
976 1 1417216 1421312
191 1 1400832 1449984
146 1 1941504 1945600
191 1 1449984 1454080
57 1 1777664 1781760
976 1 1417216 1421312
404 1 1560576 1568768
124 1 2068480 2097152
812 1 1105408 1106432
401 1 442368 446464
976 1 1417216 1421312
212 1 897024 987136
401 1 442368 446464
185 1 1048576 1064960
212 1 987136 991232
976 1 1417216 1421312
57 1 1777664 1781760
185 1 1064960 1069056
812 1 1106432 1107456
401 1 442368 446464
125 1 0 28672
124 1 2093056 2097152
976 1 1417216 1421312
57 1 1777664 1781760
185 1 1069056 1085440
283 1 1843200 1847296
812 1 1107456 1108480
185 1 1085440 1089536
401 1 442368 446464
976 1 1417216 1421312
161 1 552960 569344
401 1 442368 446464
976 1 1417216 1421312
191 1 1454080 1482752
191 1 1482752 1486848
976 1 1417216 1425408
125 1 24576 57344
185 1 1089536 1105920
976 1 1421312 1425408
482 1 1900544 1908736
185 1 1105920 1110016
976 1 1421312 1425408
44 1 114688 118784
221 1 1052672 1056768
789 1 1929216 1933312
125 1 53248 81920
948 1 1888256 1896448
976 1 1421312 1425408
185 1 1110016 1126400
185 1 1126400 1130496
976 1 1421312 1425408
161 1 565248 585728
123 1 1810432 1814528
191 1 1486848 1515520
191 1 1515520 1519616
810 1 479232 483328
976 1 1421312 1425408
803 1 487424 507904
872 1 0 65536
976 1 1421312 1425408
797 1 1912832 1921024
652 1 8192 12288
814 1 483328 495616
652 1 73728 77824
652 1 81920 86016
871 1 2019328 2097152
163 1 1900544 1929216
125 1 77824 106496
652 1 118784 122880
185 1 1130496 1155072
653 1 40960 45056
652 1 180224 184320
699 1 413696 417792
652 1 200704 208896
652 1 249856 253952
653 1 49152 53248
652 1 311296 315392
651 1 1298432 1302528
653 1 77824 81920
652 1 335872 339968
651 1 1310720 1314816
652 1 352256 356352
653 1 90112 94208
652 1 393216 401408
651 1 1351680 1355776
652 1 495616 499712
653 1 102400 106496
652 1 528384 532480
651 1 1380352 1388544
652 1 557056 565248
653 1 139264 143360
652 1 614400 618496
651 1 1392640 1396736
653 1 155648 159744
652 1 634880 638976
651 1 1400832 1404928
653 1 167936 172032
651 1 1417216 1421312
653 1 196608 200704
652 1 704512 708608
651 1 1589248 1593344
653 1 229376 233472
652 1 720896 724992
651 1 1605632 1609728
652 1 745472 749568
653 1 237568 241664
652 1 782336 786432
651 1 1626112 1630208
652 1 823296 827392
653 1 311296 315392
653 1 335872 339968
653 1 344064 348160
653 1 364544 368640
185 1 1155072 1159168
651 1 1658880 1662976
653 1 425984 434176
651 1 1712128 1720320
651 1 1732608 1736704
653 1 458752 462848
651 1 1757184 1765376
653 1 499712 503808
651 1 1769472 1773568
651 1 1802240 1806336
652 1 880640 884736
652 1 925696 937984
652 1 983040 987136
653 1 548864 552960
976 1 1421312 1425408
652 1 1003520 1011712
652 1 1032192 1036288
652 1 1040384 1044480
652 1 1056768 1060864
652 1 1097728 1101824
652 1 1146880 1150976
652 1 1163264 1167360
652 1 1175552 1179648
653 1 561152 565248
651 1 1814528 1818624
653 1 598016 602112
651 1 1847296 1851392
653 1 651264 659456
144 1 1159168 1163264
651 1 1859584 1863680
653 1 675840 679936
651 1 1949696 1953792
651 1 1966080 1974272
653 1 720896 729088
651 1 1994752 1998848
652 1 1183744 1187840
651 1 2023424 2027520
983 1 81920 86016
652 1 1228800 1232896
653 1 991232 999424
651 1 2043904 2048000
652 1 1249280 1253376
651 1 2060288 2064384
652 1 1286144 1290240
653 1 1003520 1028096
652 1 1302528 1306624
651 1 2088960 2093056
653 1 1032192 1036288
652 1 1339392 1343488
652 1 1404928 1409024
652 1 1433600 1437696
652 1 1449984 1458176
559 1 1060864 1064960
652 1 1466368 1470464
652 1 1511424 1515520
779 1 1626112 1630208
652 1 1531904 1536000
652 1 1572864 1576960
652 1 1642496 1646592
652 1 1671168 1675264
64 1 1179648 1183744
652 1 1699840 1703936
304 1 1581056 1585152
652 1 1744896 1748992
653 1 1052672 1064960
652 1 1761280 1765376
653 1 1069056 1105920
652 1 1847296 1851392
653 1 1110016 1114112
652 1 1892352 1896448
652 1 1908736 1912832
652 1 1925120 1933312
652 1 1941504 1945600
653 1 1175552 1253376
861 1 1265664 1298432
72 1 1114112 1118208
116 1 335872 339968
240 1 1114112 1118208
242 1 1245184 1253376
371 1 663552 667648
242 1 1359872 1363968
240 1 1728512 1736704
561 1 909312 913408
652 1 2015232 2019328
243 1 16384 20480
242 1 1376256 1384448
652 1 2060288 2064384
73 1 0 8192
652 1 2072576 2076672
652 1 2093056 2097152
915 1 1720320 1724416
242 1 1462272 1466368
432 1 1130496 1134592
264 1 1097728 1101824
241 1 1482752 1486848
638 1 1277952 1282048
360 1 1060864 1064960
362 1 933888 937984
257 1 970752 974848
360 1 1105920 1110016
337 1 1568768 1572864
457 1 659456 663552
442 1 2064384 2072576
442 1 2076672 2080768
503 1 786432 794624
729 1 1097728 1101824
976 1 1421312 1425408
545 1 409600 413696
547 1 307200 311296
546 1 1040384 1044480
545 1 1773568 1777664
558 1 290816 294912
547 1 1744896 1748992
558 1 1867776 1871872
557 1 286720 290816
559 1 1630208 1634304
600 1 1757184 1761280
594 1 798720 802816
548 1 1011712 1015808
593 1 163840 167936
560 1 897024 901120
606 1 2076672 2080768
595 1 65536 69632
593 1 1527808 1531904
595 1 1429504 1433600
564 1 262144 266240
564 1 544768 548864
564 1 835584 839680
596 1 696320 700416
496 1 1523712 1531904
211 1 1683456 1769472
976 1 1421312 1425408
211 1 1769472 1773568
976 1 1421312 1425408
976 1 1421312 1433600
223 1 217088 221184
230 1 1126400 1130496
733 1 1056768 1060864
223 1 225280 229376
976 1 1425408 1429504
571 1 1089536 1101824
161 1 581632 598016
191 1 1519616 1552384
976 1 1425408 1429504
191 1 1552384 1556480
737 1 589824 593920
976 1 1425408 1429504
709 1 544768 548864
139 2 516096 524288 524288 532480
976 1 1425408 1429504
185 1 1159168 1179648
185 1 1179648 1183744
442 1 929792 962560
139 1 528384 544768
976 1 1425408 1433600
185 1 1183744 1204224
340 1 1294336 1298432
185 1 1204224 1208320
827 1 1724416 1728512
976 1 1429504 1433600
139 1 540672 557056
185 1 1208320 1228800
185 1 1228800 1232896
159 1 737280 741376
186 1 1269760 1273856
139 1 552960 569344
185 1 1232896 1253376
196 1 1404928 1409024
185 1 1253376 1257472
976 1 1429504 1433600
453 1 872448 876544
139 1 565248 598016
219 1 880640 884736
69 1 167936 172032
185 1 1257472 1277952
185 1 1277952 1282048
139 1 593920 610304
185 1 1282048 1302528
91 1 1363968 1368064
944 1 1523712 1527808
601 1 1777664 1781760
198 1 77824 81920
185 1 1302528 1306624
951 1 184320 188416
976 1 1429504 1433600
658 1 401408 405504
139 1 606208 622592
185 2 1306624 1310720 1310720 1327104
976 1 1429504 1433600
185 1 1327104 1331200
0 1 1081344 1085440
785 1 1191936 1196032
720 1 1056768 1060864
139 1 618496 630784
185 1 1331200 1351680
185 1 1351680 1355776
139 1 626688 643072
185 1 1355776 1376256
185 1 1376256 1380352
139 1 638976 655360
185 1 1380352 1400832
185 1 1400832 1404928
976 1 1429504 1433600
520 1 249856 253952
642 1 1871872 1875968
145 1 1421312 1429504
976 1 1429504 1433600
139 1 651264 667648
185 1 1404928 1425408
185 1 1425408 1429504
57 1 1777664 1781760
812 1 1108480 1109504
325 1 0 16384
401 1 442368 446464
332 1 1265664 1273856
200 1 1773568 1781760
401 1 442368 446464
200 1 1781760 1785856
976 1 1429504 1433600
200 1 1175552 1187840
746 1 643072 659456
168 1 987136 995328
200 1 1785856 1794048
139 1 663552 679936
168 1 995328 999424
200 1 1794048 1798144
185 1 1429504 1449984
200 1 1179648 1183744
185 1 1449984 1454080
976 1 1429504 1433600
168 1 999424 1007616
168 1 1007616 1011712
200 1 1179648 1183744
168 1 1011712 1019904
168 1 1019904 1024000
98 1 647168 651264
139 1 675840 692224
185 1 1454080 1474560
185 1 1474560 1478656
976 1 1429504 1433600
0 1 1056768 1060864
48 1 1961984 1966080
537 1 1789952 1798144
72 1 2072576 2076672
73 1 0 4096
240 1 1708032 1712128
241 1 1486848 1490944
264 1 1069056 1073152
584 1 1122304 1126400
243 1 151552 155648
242 1 1253376 1257472
242 1 1388544 1392640
976 1 1429504 1433600
312 1 1073152 1077248
969 1 716800 720896
387 1 585728 589824
125 1 102400 131072
149 1 704512 708608
976 1 1429504 1433600
196 1 1105920 1110016
185 1 1478656 1495040
537 1 925696 929792
163 1 1925120 1933312
185 1 1495040 1499136
185 1 1499136 1519616
340 1 1368064 1372160
139 1 688128 700416
511 1 131072 135168
185 1 1519616 1523712
185 1 1523712 1544192
185 1 1544192 1548288
976 1 1429504 1441792
303 1 1400832 1404928
976 1 1433600 1437696
70 1 815104 819200
720 1 1585152 1589248
910 1 393216 397312
0 1 1048576 1052672
0 1 1056768 1060864
666 1 1769472 1777664
120 1 1179648 1183744
666 1 1785856 1789952
216 1 1093632 1097728
992 1 1163264 1167360
264 1 1200128 1204224
312 1 1208320 1212416
312 1 1343488 1347584
312 1 1368064 1372160
220 1 733184 778240
376 1 1617920 1622016
376 1 1630208 1634304
408 1 1499136 1503232
94 1 1601536 1605632
94 1 1613824 1617920
810 1 434176 438272
220 1 778240 782336
163 1 1929216 1957888
123 1 925696 929792
185 1 1548288 1572864
185 1 1572864 1576960
113 1 1888256 1892352
976 1 1433600 1437696
73 1 45056 49152
815 1 16384 20480
976 1 1433600 1437696
627 1 491520 495616
715 1 1495040 1499136
362 1 1658880 1662976
494 1 1118208 1130496
340 1 1486848 1490944
163 1 1953792 1970176
976 1 1433600 1437696
185 1 1576960 1597440
185 1 1597440 1601536
0 1 1048576 1052672
0 1 1056768 1064960
48 1 1114112 1118208
64 1 1179648 1183744
73 1 4096 8192
432 1 1957888 1961984
96 1 1077248 1081344
241 1 1433600 1437696
241 1 1482752 1486848
120 1 1048576 1056768
241 1 1490944 1499136
310 1 81920 90112
125 1 126976 147456
766 1 1466368 1470464
120 1 1081344 1085440
241 1 1507328 1511424
257 1 966656 970752
120 1 1093632 1097728
242 1 1359872 1368064
240 1 1114112 1122304
240 1 1191936 1196032
242 1 1376256 1380352
240 1 1708032 1712128
149 1 1441792 1445888
242 1 1437696 1441792
240 1 1732608 1736704
242 1 1630208 1634304
242 1 1740800 1748992
136 1 1441792 1445888
360 1 1912832 1916928
242 1 1761280 1765376
456 1 1052672 1056768
242 1 1822720 1826816
978 1 114688 118784
185 1 1601536 1617920
185 1 1617920 1622016
457 1 1138688 1142784
583 1 786432 790528
583 1 794624 806912
586 1 0 4096
586 1 12288 16384
585 1 1572864 1585152
586 1 20480 24576
586 1 53248 57344
587 1 462848 466944
587 1 475136 479232
586 1 69632 77824
583 1 655360 659456
586 1 86016 90112
586 1 180224 184320
586 1 188416 192512
586 1 270336 274432
586 1 278528 282624
586 1 286720 290816
586 1 294912 299008
586 1 581632 585728
583 1 688128 692224
482 1 1908736 1912832
166 1 765952 770048
976 1 1433600 1437696
370 1 991232 995328
583 1 786432 790528
586 1 0 4096
586 1 12288 16384
585 1 1572864 1585152
586 1 20480 24576
586 1 53248 57344
583 1 794624 806912
586 1 69632 77824
587 1 462848 466944
586 1 81920 86016
587 1 475136 479232
586 1 180224 184320
496 1 1097728 1114112
586 1 188416 192512
586 1 270336 274432
586 1 278528 282624
586 1 286720 290816
163 1 1966080 1978368
586 1 294912 299008
185 1 1622016 1642496
243 1 217088 221184
586 1 581632 585728
583 1 655360 659456
583 1 688128 692224
185 1 1642496 1646592
856 1 1867776 1880064
832 1 487424 499712
412 1 1097728 1114112
275 1 802816 888832
75 1 1875968 1880064
77 1 557056 561152
275 1 888832 892928
976 1 1433600 1437696
44 1 933888 937984
44 1 946176 950272
993 1 1863680 1867776
144 1 1060864 1069056
144 1 1081344 1085440
990 1 819200 847872
431 1 372736 376832
145 1 81920 86016
145 1 1404928 1409024
431 1 589824 593920
144 1 1093632 1097728
169 1 1470464 1474560
144 1 1114112 1118208
431 1 786432 790528
144 1 1257472 1261568
705 1 438272 442368
527 1 1228800 1232896
540 1 1642496 1646592
601 1 1798144 1802240
520 1 1241088 1245184
976 1 1433600 1437696
810 1 212992 217088
0 1 1052672 1056768
0 1 1060864 1064960
583 1 655360 659456
586 1 0 4096
586 1 12288 16384
586 1 20480 24576
586 1 53248 57344
585 1 1572864 1585152
628 1 643072 647168
583 1 688128 692224
586 1 69632 73728
583 1 786432 790528
586 1 77824 86016
48 1 1073152 1077248
583 1 794624 806912
48 1 1470464 1474560
586 1 180224 184320
240 1 1355776 1359872
73 1 4096 8192
586 1 188416 192512
241 1 1490944 1495040
587 1 462848 466944
586 1 270336 274432
372 1 294912 299008
313 1 172032 176128
586 1 278528 282624
587 1 475136 479232
276 1 1056768 1060864
586 1 286720 290816
276 1 1089536 1093632
243 1 155648 159744
360 1 1187840 1191936
586 1 294912 299008
586 1 581632 585728
354 1 135168 139264
384 1 1048576 1052672
384 1 1077248 1081344
183 2 208896 262144 262144 294912
906 1 208896 212992
593 1 835584 839680
583 1 786432 790528
537 1 925696 929792
183 1 294912 299008
583 1 794624 806912
587 1 462848 466944
586 1 0 4096
587 1 475136 479232
586 1 12288 16384
585 1 1572864 1585152
586 1 20480 24576
361 1 454656 458752
586 1 53248 57344
586 1 69632 73728
586 1 77824 86016
337 1 1425408 1429504
586 1 180224 184320
586 1 188416 192512
586 1 270336 274432
586 1 278528 282624
586 1 286720 290816
586 1 294912 299008
586 1 581632 585728
583 1 655360 659456
583 1 688128 692224
586 1 0 4096
586 1 12288 16384
586 1 20480 24576
583 1 786432 790528
586 1 53248 57344
583 1 794624 806912
587 1 462848 466944
585 1 1572864 1585152
587 1 475136 479232
586 1 69632 73728
586 1 77824 86016
586 1 180224 184320
586 1 188416 192512
586 1 270336 274432
586 1 278528 282624
586 1 286720 290816
586 1 294912 299008
586 1 581632 585728
976 1 1433600 1437696
583 1 655360 659456
583 1 688128 692224
125 1 143360 172032
185 1 1646592 1662976
185 1 1662976 1667072
559 1 757760 765952
337 1 962560 966656
721 1 602112 606208
655 1 933888 937984
558 1 1863680 1867776
354 1 278528 307200
605 2 1441792 1572864 1572864 1601536
509 1 1236992 1241088
289 1 1200128 1208320
976 1 1433600 1437696
289 1 1208320 1212416
222 1 200704 204800
239 1 892928 897024
214 1 1265664 1273856
537 1 925696 929792
340 1 1515520 1519616
178 1 311296 352256
178 1 352256 356352
537 1 925696 933888
583 1 655360 659456
583 1 688128 692224
290 1 466944 471040
633 1 786432 790528
632 1 1646592 1650688
583 1 786432 790528
586 1 0 4096
632 1 1908736 1912832
634 1 581632 593920
585 1 1572864 1585152
586 1 12288 16384
632 1 1921024 1925120
583 1 794624 806912
586 1 20480 24576
587 1 462848 466944
586 1 53248 57344
587 1 475136 479232
586 1 69632 81920
660 1 1994752 1998848
621 1 2007040 2011136
92 1 1441792 1445888
624 1 1175552 1179648
586 1 180224 184320
662 1 1048576 1052672
625 1 442368 446464
625 1 1810432 1814528
635 1 1474560 1478656
586 1 188416 192512
622 1 1277952 1282048
742 1 1400832 1404928
389 1 1155072 1159168
626 1 1081344 1085440
392 1 368640 372736
586 1 270336 274432
392 1 1732608 1736704
390 1 466944 471040
623 1 544768 548864
393 1 999424 1003520
623 1 1908736 1912832
586 1 278528 282624
171 1 458752 487424
390 1 1830912 1835008
627 1 393216 397312
627 1 1785856 1789952
394 1 266240 270336
586 1 286720 290816
586 1 294912 299008
394 1 1630208 1634304
586 1 581632 585728
398 1 421888 425984
391 1 1097728 1101824
171 1 487424 491520
125 1 167936 200704
185 1 1667072 1683456
185 1 1683456 1687552
720 1 1073152 1077248
125 1 196608 225280
302 1 1089536 1126400
185 1 1687552 1703936
185 1 1703936 1708032
302 1 1126400 1130496
944 1 1093632 1097728
178 1 356352 385024
555 1 983040 987136
178 1 385024 389120
125 1 221184 253952
185 1 1708032 1724416
185 1 1724416 1728512
65 1 331776 335872
160 2 1531904 1572864 1572864 1617920
160 1 1617920 1622016
466 1 1806336 1810432
812 1 1109504 1118208
118 1 1089536 1105920
144 1 1081344 1097728
504 1 1019904 1024000
156 1 1208320 1236992
185 1 1728512 1744896
340 1 1380352 1384448
185 1 1744896 1748992
125 2 249856 262144 262144 282624
985 1 1056768 1064960
178 1 389120 417792
185 1 1748992 1765376
178 1 417792 421888
185 1 1765376 1769472
385 1 913408 937984
385 1 954368 962560
385 1 966656 970752
385 1 978944 983040
144 1 1159168 1163264
17 1 815104 819200
78 1 811008 819200
105 1 143360 176128
262 1 1593344 1601536
107 1 864256 925696
93 1 1765376 1802240
91 1 192512 217088
78 1 819200 823296
17 1 819200 823296
105 1 176128 225280
107 1 925696 1024000
166 1 1576960 1597440
91 1 217088 245760
93 2 1802240 1835008 1835008 1855488
262 1 1601536 1605632
107 2 1024000 1048576 1048576 1138688
17 1 823296 831488
105 2 225280 262144 262144 266240
91 2 245760 262144 262144 266240
93 1 1855488 1888256
193 1 430080 438272
107 1 1138688 1204224
17 1 831488 835584
105 1 266240 294912
91 1 266240 282624
93 1 1888256 1925120
125 1 278528 307200
185 1 1769472 1785856
601 1 1781760 1785856
185 1 1785856 1789952
193 1 430080 434176
976 1 1433600 1449984
167 1 1040384 1044480
222 1 339968 348160
167 2 1044480 1048576 1048576 1150976
178 1 421888 450560
91 1 1368064 1372160
569 1 987136 991232
125 1 303104 335872
178 1 450560 454656
222 1 348160 352256
167 1 1150976 1155072
185 1 1789952 1806336
976 1 1441792 1445888
173 2 1544192 1572864 1572864 1634304
812 1 1118208 1119232
185 1 1806336 1810432
173 1 1634304 1638400
310 1 1687552 1691648
305 1 380928 385024
163 1 1974272 1990656
317 1 1352192 1356288
185 1 1810432 1830912
349 1 1806848 1810944
185 1 1830912 1835008
684 1 1269760 1277952
684 1 1286144 1294336
208 1 1687552 1814528
239 1 1904640 1908736
208 1 1814528 1818624
481 1 425984 430080
340 1 1527808 1536000
976 1 1441792 1449984
878 1 462848 471040
812 1 1119232 1122304
139 1 696320 716800
185 1 1835008 1855488
205 1 1359872 1368064
125 1 331776 360448
794 1 901120 905216
185 1 1855488 1859584
336 1 1904640 1908736
185 1 1859584 1875968
183 1 1978368 2002944
824 1 1994752 1998848
185 1 1875968 1880064
183 1 2002944 2007040
125 1 356352 385024
183 1 2007040 2035712
185 1 1880064 1896448
183 1 2035712 2039808
185 1 1896448 1900544
949 1 507904 512000
976 1 1445888 1458176
211 1 2088960 2097152
408 1 1417216 1421312
432 1 1036288 1040384
212 1 0 12288
976 1 1449984 1454080
212 1 12288 16384
163 1 1986560 2007040
185 1 1900544 1921024
481 1 360448 364544
516 1 1536000 1540096
171 1 1081344 1101824
185 1 1921024 1925120
481 1 425984 430080
171 1 1101824 1105920
125 1 380928 413696
49 1 286720 315392
230 1 1703936 1708032
185 1 1925120 1941504
481 1 360448 364544
185 1 1941504 1945600
586 1 0 4096
586 1 12288 16384
585 1 1572864 1585152
586 1 20480 24576
269 1 1011712 1015808
586 1 53248 57344
586 1 69632 73728
586 1 77824 81920
586 1 86016 90112
586 1 180224 184320
586 1 188416 192512
586 1 270336 274432
583 1 786432 790528
481 1 425984 438272
583 1 794624 806912
586 1 278528 282624
586 1 286720 290816
587 1 462848 466944
586 1 294912 299008
587 1 475136 479232
586 1 581632 585728
246 1 1421312 1425408
193 1 1134592 1191936
419 1 114688 118784
583 1 655360 659456
583 1 688128 692224
193 1 1191936 1196032
588 1 1916928 1925120
838 1 860160 864256
976 1 1449984 1454080
812 1 1122304 1123840
594 1 1122304 1126400
976 1 1449984 1454080
689 1 1429504 1441792
905 1 143360 147456
365 1 1544192 1548288
219 1 167936 172032
219 2 172032 262144 262144 307200
976 1 1449984 1454080
125 1 409600 442368
230 1 1708032 1712128
219 1 307200 311296
185 1 1945600 1961984
57 1 1777664 1785856
185 1 1961984 1966080
812 1 1123840 1124864
401 1 442368 446464
896 1 524288 532480
401 1 442368 446464
976 1 1449984 1458176
230 1 1712128 1716224
124 1 1286144 1290240
976 1 1454080 1458176
107 1 1572864 1576960
583 1 786432 790528
537 1 929792 933888
583 1 794624 806912
586 1 0 4096
587 1 462848 466944
586 1 12288 16384
587 1 475136 479232
586 1 20480 24576
585 1 1572864 1585152
586 1 53248 57344
586 1 69632 73728
586 1 77824 86016
586 1 180224 184320
586 1 188416 192512
586 1 270336 274432
586 1 278528 282624
586 1 286720 290816
586 1 294912 299008
586 1 581632 585728
583 1 655360 659456
583 1 688128 692224
193 1 122880 147456
134 1 1552384 1556480
193 1 147456 151552
172 1 806912 819200
172 1 819200 823296
803 1 1265664 1277952
57 1 1781760 1785856
812 1 1124864 1128960
401 1 442368 446464
976 1 1454080 1458176
401 1 442368 446464
976 1 1454080 1458176
662 1 1683456 1687552
213 1 1302528 1306624
532 1 1490944 1503232
339 1 1859584 1863680
583 1 655360 659456
368 1 1720320 1724416
583 1 786432 790528
583 1 794624 806912
586 1 0 4096
586 1 12288 16384
585 1 1572864 1585152
586 1 20480 24576
587 1 462848 466944
586 1 53248 57344
587 1 475136 479232
586 1 69632 77824
586 1 81920 86016
586 1 180224 184320
586 1 188416 192512
586 1 270336 274432
586 1 278528 282624
586 1 286720 290816
586 1 294912 299008
586 1 581632 585728
283 1 1847296 1851392
377 1 1277952 1282048
976 1 1454080 1458176
583 1 688128 692224
976 1 1454080 1458176
512 1 1839104 1851392
504 1 1052672 1056768
504 1 1040384 1044480
527 1 2093056 2097152
976 1 1454080 1458176
583 1 786432 790528
583 1 794624 806912
587 1 462848 466944
585 1 1572864 1585152
587 1 475136 479232
586 1 0 4096
586 1 12288 16384
586 1 20480 24576
586 1 53248 57344
586 1 69632 73728
586 1 77824 81920
586 1 86016 90112
586 1 180224 184320
586 1 188416 192512
586 1 270336 274432
976 1 1454080 1458176
586 1 278528 282624
586 1 286720 290816
163 1 2002944 2031616
586 1 294912 299008
586 1 581632 585728
627 1 32768 36864
583 1 655360 659456
583 1 688128 692224
185 1 1966080 1986560
185 1 1986560 1990656
636 1 548864 552960
676 1 1380352 1384448
874 1 880640 881664
474 1 1224704 1228800
152 1 106496 118784
976 1 1454080 1458176
628 1 450560 454656
976 1 1454080 1458176
642 1 1875968 1880064
132 1 1564672 1572864
340 1 1536000 1544192
185 1 1990656 2011136
976 1 1454080 1458176
185 1 2011136 2015232
28 1 106496 110592
976 1 1454080 1466368
163 1 2027520 2039808
185 1 2015232 2035712
586 1 0 4096
585 1 1572864 1585152
583 1 786432 790528
586 1 12288 16384
586 1 20480 24576
583 1 794624 806912
586 1 53248 57344
587 1 462848 466944
586 1 69632 73728
587 1 475136 479232
594 1 1138688 1142784
586 1 81920 90112
586 1 180224 184320
586 1 188416 192512
586 1 270336 274432
586 1 278528 282624
185 1 2035712 2039808
586 1 286720 290816
586 1 294912 299008
586 1 581632 585728
550 1 1417216 1425408
583 1 655360 659456
583 1 688128 692224
539 1 102400 106496
371 1 28672 36864
125 1 438272 471040
583 1 655360 659456
583 1 688128 692224
586 1 0 4096
586 1 12288 16384
583 1 786432 790528
586 1 20480 24576
585 1 1572864 1585152
583 1 794624 806912
586 1 53248 57344
587 1 462848 466944
586 1 69632 77824
185 1 2039808 2056192
586 1 81920 86016
586 1 180224 184320
586 1 188416 192512
586 1 270336 274432
586 1 278528 282624
586 1 286720 290816
586 1 294912 299008
185 1 2056192 2060288
586 1 581632 585728
587 1 475136 479232
27 1 864256 868352
976 1 1458176 1462272
141 1 929792 933888
583 1 655360 659456
583 1 786432 790528
585 1 1572864 1585152
583 1 794624 806912
587 1 462848 466944
586 1 0 4096
587 1 475136 479232
586 1 12288 16384
586 1 20480 24576
586 1 53248 57344
586 1 69632 77824
586 1 86016 90112
586 1 180224 184320
586 1 188416 192512
586 1 270336 274432
586 1 278528 282624
586 1 286720 290816
586 1 294912 299008
586 1 581632 585728
976 1 1458176 1462272
125 1 466944 495616
583 1 688128 692224
634 1 1204224 1208320
185 1 2060288 2076672
185 1 2076672 2080768
314 1 233472 237568
583 1 786432 790528
583 1 794624 806912
586 1 0 4096
587 1 462848 466944
585 1 1572864 1585152
586 1 12288 16384
586 1 20480 24576
587 1 475136 479232
586 1 53248 57344
586 1 69632 73728
586 1 77824 86016
586 1 180224 184320
586 1 188416 192512
586 1 270336 274432
586 1 278528 282624
586 1 286720 290816
586 1 294912 299008
586 1 581632 585728
341 1 2064384 2068480
583 1 655360 659456
583 1 688128 692224
794 1 663552 667648
825 1 991232 999424
125 1 491520 524288
185 1 2080768 2097152
186 1 0 4096
976 1 1458176 1462272
125 2 520192 524288 524288 528384
186 1 4096 20480
244 1 1683456 1691648
186 1 20480 24576
125 1 524288 536576
976 1 1458176 1462272
600 1 1011712 1019904
186 1 24576 40960
186 1 40960 45056
57 1 1781760 1785856
812 1 1128960 1129984
401 1 442368 446464
313 1 1642496 1654784
327 1 729088 733184
70 1 815104 819200
1 1 729088 733184
976 1 1458176 1462272
125 1 532480 565248
401 1 442368 446464
481 1 430080 438272
610 1 1449984 1458176
186 1 45056 61440
186 1 61440 65536
536 1 1662976 1667072
546 1 1572864 1575424
165 1 1843200 1847296
536 1 86016 90112
251 1 831488 835584
976 1 1458176 1462272
258 1 1912832 1916928
258 1 1929216 1941504
258 1 1957888 1978368
339 1 1777664 1781760
551 1 626688 630784
535 1 1835008 1839104
882 1 913408 917504
57 1 1781760 1785856
98 1 647168 651264
783 1 643072 647168
566 1 503808 507904
287 1 655360 671744
177 1 1118208 1249280
812 1 1129984 1131008
286 1 393216 409600
589 1 1728512 1732608
174 1 528384 532480
809 1 552960 557056
177 1 1249280 1253376
401 1 442368 446464
57 1 1781760 1785856
163 1 2035712 2060288
125 1 561152 593920
812 1 1131008 1132544
401 1 442368 446464
186 1 65536 90112
186 1 90112 94208
57 1 1781760 1789952
225 1 1056768 1060864
812 1 1132544 1133568
401 1 442368 446464
976 1 1458176 1462272
401 1 442368 446464
782 1 221184 229376
976 1 1458176 1462272
507 1 1998848 2002944
54 1 1716224 1724416
383 1 1724416 1728512
292 2 716800 786432 786432 847872
9 1 4096 8192
163 1 1486848 1490944
172 1 270336 299008
812 1 1133568 1134592
684 1 1277952 1282048
167 1 475136 483328
292 1 847872 851968
411 1 114688 118784
167 1 483328 487424
172 1 299008 303104
239 1 1900544 1904640
804 1 1064960 1069056
411 1 114688 118784
193 1 827392 847872
215 1 1175552 1282048
209 1 2015232 2019328
561 1 1011712 1015808
976 1 1458176 1462272
193 1 847872 851968
643 1 1540096 1544192
540 1 122880 126976
410 1 1183744 1187840
958 1 1777664 1785856
215 1 1282048 1286144
976 1 1458176 1466368
976 1 1462272 1474560
976 1 1466368 1474560
125 1 589824 618496
186 1 94208 110592
186 1 110592 114688
362 1 1314816 1318912
592 1 1351680 1355776
566 1 2080768 2093056
567 1 4096 8192
554 1 1601536 1613824
554 1 1622016 1626112
165 1 413696 491520
230 1 163840 176128
230 1 184320 188416
976 1 1470464 1490944
826 1 1466368 1470464
165 1 491520 495616
976 1 1482752 1490944
268 1 1044480 1048576
231 1 434176 438272
976 1 1486848 1490944
342 1 614400 618496
976 1 1486848 1490944
647 1 372736 376832
220 1 475136 483328
191 2 1556480 1572864 1572864 1622016
191 1 1622016 1687552
220 1 483328 487424
191 1 1687552 1712128
976 1 1486848 1490944
325 1 434176 438272
191 1 1712128 1716224
57 1 1785856 1789952
812 1 1134592 1135616
401 1 442368 446464
401 1 442368 446464
976 1 1486848 1490944
976 1 1486848 1490944
169 1 299008 303104
101 1 1720320 1728512
976 1 1486848 1490944
824 1 1998848 2002944
91 1 1806336 1810432
535 1 2060288 2064384
165 1 1843200 1847296
602 1 536576 540672
976 1 1486848 1490944
976 1 1134592 1136640
602 1 1376256 1380352
976 1 1486848 1499136
283 1 1851392 1855488
141 1 184320 188416
384 2 688128 786432 786432 802816
601 1 118784 122880
125 1 614400 647168
976 1 1490944 1495040
340 1 1269760 1273856
186 1 114688 131072
384 1 802816 806912
186 1 131072 135168
51 1 36864 39936
481 1 430080 438272
855 1 1048576 1049600
976 1 1490944 1495040
157 1 925696 926720
918 1 872448 876544
976 1 1490944 1495040
668 3 438272 524288 524288 786432 786432 868352
976 1 1490944 1495040
0 1 1052672 1056768
24 1 1060864 1064960
240 1 2019328 2023424
365 1 1478656 1482752
852 1 1236992 1241088
637 1 1093632 1097728
976 1 1490944 1495040
668 1 868352 872448
125 1 643072 671744
694 1 163840 167936
976 1 1490944 1495040
186 1 135168 151552
629 1 1540096 1544192
186 1 151552 155648
186 1 155648 163840
186 1 163840 167936
585 1 1572864 1576960
583 1 786432 790528
583 1 794624 806912
585 1 1576960 1585152
587 1 462848 466944
583 1 655360 659456
586 1 0 4096
587 1 475136 479232
586 1 12288 16384
586 1 20480 24576
586 1 53248 57344
586 1 69632 77824
236 1 1638400 1646592
586 1 81920 86016
586 1 180224 184320
586 1 188416 192512
586 1 270336 274432
586 1 278528 282624
586 1 286720 290816
583 1 688128 692224
586 1 294912 299008
586 1 581632 585728
976 1 1490944 1495040
57 1 1785856 1789952
812 1 1135616 1137152
976 1 1490944 1495040
401 1 442368 446464
401 1 442368 446464
976 1 1490944 1495040
533 1 614400 618496
212 1 1863680 1867776
633 1 2080768 2084864
518 1 1155072 1159168
615 1 1048576 1052672
976 1 1490944 1495040
57 1 1785856 1794048
812 1 1137152 1138176
401 1 442368 446464
76 1 1650688 1679360
534 2 1753088 1835008 1835008 1900544
53 1 540672 675840
57 1 1789952 1794048
421 1 278528 282624
86 1 1789952 1794048
193 1 1884160 1888256
91 1 1372160 1380352
303 1 1134592 1138688
241 1 1441792 1454080
944 1 1523712 1527808
0 1 1052672 1056768
451 1 1363968 1368064
451 1 1376256 1380352
565 1 827392 831488
96 1 1069056 1073152
240 1 1933312 1937408
240 1 2011136 2015232
240 1 2052096 2056192
288 1 1724416 1728512
812 1 1138176 1139200
401 1 442368 446464
163 1 2056192 2080768
42 1 106496 110592
235 1 974848 978944
401 1 442368 446464
186 1 167936 188416
905 1 147456 151552
186 1 188416 192512
143 1 147456 155648
960 1 679936 684032
186 1 192512 212992
976 1 1490944 1499136
186 1 212992 217088
125 1 667648 700416
976 1 1495040 1499136
260 1 1687552 1691648
186 1 217088 233472
668 1 872448 925696
178 1 1130496 1134592
912 1 1179648 1183744
186 1 233472 237568
134 1 1499136 1503232
159 1 520192 524288
913 1 4096 8192
913 1 94208 98304
912 1 1204224 1208320
913 1 303104 307200
912 1 1294336 1298432
668 1 925696 929792
913 1 315392 319488
912 1 1384448 1388544
913 1 356352 360448
912 1 1568768 1572864
913 1 413696 417792
912 1 1576960 1581056
913 1 491520 495616
913 1 585728 589824
912 1 1638400 1642496
913 1 602112 606208
912 1 1646592 1650688
976 1 1495040 1499136
913 1 966656 970752
912 1 1736704 1740800
913 1 978944 983040
912 1 1761280 1773568
913 1 987136 991232
912 1 1855488 1859584
913 1 1019904 1024000
912 1 1933312 1937408
913 1 1077248 1081344
912 1 1990656 1994752
913 1 1122304 1126400
913 1 1216512 1220608
913 1 1224704 1228800
913 1 1277952 1282048
642 1 1880064 1884160
694 1 208896 212992
914 1 24576 28672
920 1 954368 958464
915 1 294912 303104
914 1 45056 49152
913 1 1384448 1388544
920 1 1318912 1323008
914 1 110592 114688
919 1 1400832 1404928
920 1 2056192 2060288
914 1 196608 200704
924 1 757760 761856
924 1 1662976 1667072
923 1 139264 143360
914 1 282624 286720
914 1 409600 413696
923 1 348160 352256
914 1 479232 483328
914 1 520192 524288
923 1 1769472 1773568
913 1 1671168 1675264
914 1 536576 540672
913 1 1757184 1761280
914 1 577536 593920
923 1 2039808 2043904
918 1 397312 401408
927 1 393216 397312
913 1 1769472 1773568
922 1 319488 323584
927 1 847872 851968
913 1 1925120 1929216
928 1 446464 450560
913 1 2076672 2080768
927 1 1310720 1314816
921 1 1105920 1110016
928 1 901120 905216
929 1 167936 172032
928 1 1355776 1359872
929 1 622592 626688
928 1 1810432 1814528
922 1 860160 868352
929 1 892928 897024
932 1 1683456 1687552
929 1 1044480 1048576
922 1 2002944 2007040
940 1 1691648 1695744
929 1 1212416 1216512
929 1 1363968 1368064
926 1 212992 217088
927 1 1581056 1585152
929 1 1515520 1519616
929 1 1667072 1671168
927 1 1732608 1736704
937 1 1671168 1675264
941 1 745472 749568
941 1 1314816 1318912
927 1 2088960 2093056
945 1 1097728 1101824
931 1 364544 376832
945 1 1306624 1310720
926 1 667648 671744
945 1 1695744 1699840
926 1 1126400 1130496
926 1 1581056 1585152
926 1 2035712 2039808
930 1 229376 233472
930 1 1101824 1105920
930 1 1503232 1507328
930 1 1957888 1961984
934 1 823296 827392
199 1 139264 212992
934 1 1331200 1335296
934 1 1785856 1789952
942 1 155648 159744
935 1 143360 147456
935 1 1761280 1765376
935 1 2023424 2027520
943 1 483328 487424
199 1 212992 217088
583 1 655360 659456
583 1 786432 790528
585 1 1572864 1585152
583 1 794624 806912
125 1 696320 729088
587 1 462848 466944
587 1 475136 479232
586 1 0 4096
586 1 12288 16384
586 1 20480 24576
586 1 53248 57344
586 1 69632 77824
586 1 81920 86016
586 1 180224 184320
586 1 188416 192512
586 1 270336 274432
186 1 237568 253952
586 1 278528 282624
586 1 286720 290816
586 1 294912 299008
586 1 581632 585728
186 1 253952 258048
583 1 688128 692224
171 1 1974272 2097152
172 1 0 4096
976 1 1495040 1499136
186 2 258048 262144 262144 274432
288 1 237568 241664
186 1 274432 278528
976 1 1495040 1499136
976 1 1495040 1499136
467 1 937984 942080
812 1 1139200 1145856
163 1 2076672 2097152
164 1 0 8192
186 1 278528 299008
186 1 299008 303104
675 1 1212416 1216512
125 1 724992 749568
186 1 303104 319488
134 1 1503232 1507328
159 1 335872 344064
159 1 786432 790528
186 1 319488 323584
98 1 647168 651264
976 1 1495040 1499136
890 1 638976 643072
976 1 1495040 1499136
260 1 1687552 1691648
125 1 745472 778240
668 1 929792 991232
186 1 323584 339968
976 1 1495040 1499136
668 1 991232 995328
186 1 339968 344064
138 1 1789952 1794048
694 1 208896 212992
827 1 1724416 1728512
552 1 278528 282624
65 1 331776 335872
849 1 868352 884736
849 1 888832 995328
848 2 1658880 1835008 1835008 1880064
585 1 1572864 1585152
586 1 0 4096
583 1 786432 790528
586 1 12288 16384
586 1 20480 24576
583 1 794624 806912
586 1 53248 57344
587 1 462848 466944
586 1 69632 73728
587 1 475136 479232
586 1 77824 81920
586 1 86016 90112
586 1 180224 184320
586 1 188416 192512
586 1 270336 274432
586 1 278528 282624
586 1 286720 290816
586 1 294912 299008
586 1 581632 585728
583 1 655360 659456
583 1 688128 692224
834 1 1925120 1929216
960 1 786432 790528
976 1 1495040 1499136
812 1 1145856 1146880
976 1 1495040 1499136
701 1 557056 561152
976 1 1495040 1507328
57 1 1789952 1794048
812 1 1146880 1147904
401 1 442368 446464
401 1 442368 446464
383 1 950272 954368
125 2 774144 786432 786432 806912
186 1 344064 360448
976 1 1499136 1503232
186 1 360448 364544
878 1 430080 438272
260 1 1687552 1691648
191 1 0 12288
812 1 1147904 1151488
976 1 1499136 1503232
190 1 2064384 2097152
668 2 995328 1048576 1048576 1052672
134 1 1507328 1511424
191 1 12288 16384
134 1 1511424 1515520
159 1 1064960 1073152
668 1 1052672 1056768
815 1 16384 20480
694 1 208896 212992
854 1 1019904 1024000
314 1 184320 188416
976 1 1499136 1503232
125 1 802816 831488
186 1 364544 380928
976 1 1499136 1503232
186 1 380928 385024
12 1 405504 409600
782 1 561152 565248
976 1 1499136 1503232
976 1 1499136 1507328
853 1 2060288 2064384
134 1 1929216 1937408
135 1 606208 720896
137 1 0 49152
136 1 1949696 2097152
537 1 929792 933888
537 1 929792 933888
168 1 647168 655360
853 1 2064384 2080768
748 1 1671168 1675264
125 1 827392 860160
976 1 1503232 1507328
168 1 655360 659456
186 1 385024 401408
463 1 880640 884736
186 1 401408 405504
976 1 1503232 1507328
812 1 1151488 1153024
640 1 299008 307200
583 1 655360 659456
583 1 786432 790528
976 1 1503232 1515520
592 1 1351680 1355776
585 1 1572864 1585152
586 1 0 4096
583 1 794624 806912
586 1 12288 16384
586 1 20480 24576
587 1 462848 466944
587 1 475136 479232
586 1 53248 57344
586 1 69632 73728
586 1 81920 86016
586 1 180224 184320
586 1 188416 192512
586 1 270336 274432
586 1 278528 282624
537 1 929792 933888
586 1 286720 290816
586 1 294912 299008
586 1 581632 585728
125 1 856064 884736
186 1 405504 421888
583 1 688128 692224
238 1 2039808 2043904
976 1 1507328 1515520
918 1 872448 876544
186 1 421888 425984
668 1 1056768 1114112
849 1 692224 696320
976 1 1511424 1515520
668 1 1114112 1118208
694 1 163840 167936
219 1 1814528 1822720
976 1 1511424 1523712
219 1 1822720 1826816
125 1 880640 892928
186 1 425984 442368
186 1 442368 446464
810 1 2031616 2035712
0 1 1048576 1056768
72 1 1060864 1069056
75 1 1875968 1880064
72 1 1073152 1077248
313 1 1241088 1245184
72 1 1261568 1273856
240 1 1208320 1212416
976 1 1519616 1531904
77 1 557056 561152
684 1 1290240 1294336
684 1 1298432 1302528
684 1 1306624 1310720
684 1 1318912 1323008
976 1 1523712 1527808
239 1 1904640 1908736
125 1 888832 917504
186 1 446464 462848
976 1 1523712 1527808
720 1 1585152 1589248
186 1 462848 466944
196 1 1052672 1060864
196 1 1064960 1101824
107 1 1572864 1576960
976 1 1523712 1527808
196 1 1110016 1155072
196 1 1163264 1228800
196 1 1232896 1241088
197 1 0 20480
583 1 786432 790528
585 1 1572864 1585152
586 1 0 4096
196 1 1245184 1286144
583 1 794624 806912
586 1 12288 16384
586 1 20480 24576
587 1 462848 466944
586 1 53248 57344
587 1 475136 479232
586 1 69632 73728
586 1 77824 86016
586 1 180224 184320
586 1 188416 192512
586 1 270336 274432
586 1 278528 282624
586 1 286720 290816
586 1 294912 299008
586 1 581632 585728
197 1 24576 102400
197 1 106496 155648
188 1 1695744 1703936
583 1 655360 659456
583 1 688128 692224
198 1 4096 20480
199 1 114688 118784
188 1 1703936 1708032
196 2 1290240 1310720 1310720 1384448
199 1 274432 278528
197 1 159744 163840
198 1 24576 73728
199 1 290816 294912
199 1 307200 311296
199 1 704512 708608
196 1 1388544 1396736
199 1 720896 724992
125 1 913408 942080
198 1 77824 110592
197 1 167936 188416
199 1 831488 835584
199 1 888832 892928
199 1 897024 901120
197 1 192512 221184
197 2 225280 262144 262144 274432
199 1 1081344 1089536
196 1 1400832 1560576
199 1 1146880 1150976
199 1 1175552 1179648
198 2 114688 262144 262144 282624
199 1 1761280 1765376
197 1 278528 294912
197 1 299008 303104
197 1 307200 360448
250 1 1048576 1052672
196 2 1564672 1572864 1572864 1646592
198 1 286720 311296
198 1 315392 339968
186 1 466944 483328
196 1 1650688 1703936
197 1 364544 397312
197 1 409600 413696
197 1 421888 434176
198 1 344064 389120
196 1 1708032 1748992
304 1 1445888 1449984
197 1 438272 507904
196 1 1753088 1785856
198 1 393216 466944
198 1 471040 483328
197 2 512000 524288 524288 548864
198 1 487424 491520
196 2 1789952 1835008 1835008 1839104
196 1 1843200 1847296
197 1 552960 565248
186 1 483328 487424
196 1 1855488 1884160
197 1 569344 614400
196 1 1888256 1937408
198 2 495616 524288 524288 565248
197 1 618496 655360
196 1 1941504 1966080
197 1 659456 696320
198 1 569344 598016
196 1 1970176 1990656
198 1 667648 675840
198 1 1024000 1028096
197 1 700416 712704
198 1 1064960 1069056
198 1 1138688 1142784
196 1 1994752 2039808
198 1 1220608 1224704
197 1 716800 749568
196 1 2043904 2060288
198 1 1241088 1245184
197 1 753664 757760
198 1 1327104 1331200
198 1 1429504 1433600
196 1 2064384 2097152
198 1 1437696 1441792
172 1 1470464 1474560
197 2 761856 786432 786432 806912
198 1 1486848 1490944
172 1 1556480 1560576
172 1 1605632 1609728
172 1 1802240 1806336
172 1 1839104 1843200
172 1 1916928 1921024
197 1 811008 880640
172 1 1970176 1974272
172 1 1986560 1994752
200 1 143360 147456
200 1 294912 299008
197 1 884736 917504
200 1 323584 327680
197 1 921600 962560
976 1 1523712 1527808
200 1 368640 372736
200 1 376832 380928
197 1 966656 1003520
200 1 462848 471040
200 1 520192 524288
200 1 643072 647168
197 1 1011712 1015808
200 1 999424 1003520
197 2 1019904 1048576 1048576 1052672
197 1 1056768 1089536
197 1 1093632 1122304
197 1 1126400 1171456
197 1 1175552 1232896
197 1 1236992 1261568
197 1 1265664 1310720
197 1 1314816 1355776
197 1 1359872 1363968
197 1 1368064 1433600
197 1 1437696 1486848
197 1 1490944 1540096
197 2 1544192 1572864 1572864 1662976
976 1 1523712 1527808
850 1 1679360 1683456
197 1 1667072 1683456
164 1 4096 32768
197 1 1687552 1777664
197 1 1781760 1822720
175 1 1052672 1056768
174 1 73728 77824
175 1 1290240 1302528
175 1 1384448 1388544
174 1 151552 155648
174 1 303104 307200
174 1 323584 327680
174 1 344064 352256
174 1 585728 589824
174 1 1904640 1908736
174 1 1937408 1945600
186 1 487424 507904
175 1 1417216 1421312
175 1 1445888 1454080
176 1 0 16384
175 1 1490944 1499136
175 1 1576960 1589248
176 1 57344 61440
176 1 122880 126976
175 1 1728512 1732608
976 1 1523712 1527808
176 1 253952 258048
175 1 1785856 1798144
176 1 270336 278528
176 1 360448 364544
197 2 1826816 1835008 1835008 1916928
176 1 516096 520192
176 1 593920 598016
175 1 1880064 1892352
186 1 507904 512000
176 1 679936 684032
176 1 794624 798720
175 1 1966080 1974272
176 1 806912 811008
175 1 2027520 2031616
176 1 856064 860160
175 1 2035712 2052096
176 1 1044480 1048576
180 1 1146880 1150976
180 1 1155072 1159168
197 1 1921024 1970176
175 1 2056192 2060288
175 1 2093056 2097152
180 1 1183744 1187840
180 1 1200128 1204224
197 1 1974272 1986560
180 1 1208320 1216512
180 1 1220608 1232896
197 1 1994752 2002944
220 1 1081344 1085440
220 1 1196032 1200128
197 1 2011136 2093056
220 1 1228800 1232896
220 1 1376256 1380352
173 1 135168 139264
220 1 1400832 1404928
173 1 208896 212992
220 1 1445888 1449984
220 1 1556480 1560576
220 1 1671168 1675264
173 1 241664 245760
173 1 323584 327680
220 1 1716224 1720320
173 1 389120 393216
220 1 1839104 1843200
220 1 1925120 1929216
173 1 421888 425984
220 1 1970176 1974272
173 1 442368 446464
173 1 462848 466944
173 1 802816 806912
173 1 966656 970752
173 1 1060864 1064960
125 1 937984 970752
173 1 1101824 1105920
173 1 1130496 1134592
173 1 1228800 1232896
173 1 1253376 1257472
173 1 1306624 1310720
173 1 1462272 1466368
173 1 1470464 1474560
173 1 1597440 1601536
173 1 1794048 1798144
221 1 8192 12288
186 2 512000 524288 524288 528384
221 1 36864 40960
221 1 110592 114688
221 1 204800 208896
221 1 380928 385024
221 1 581632 585728
174 1 458752 466944
164 1 28672 36864
976 1 1523712 1527808
186 1 528384 532480
174 1 466944 471040
186 1 532480 552960
611 1 925696 929792
650 1 1187840 1196032
186 1 552960 557056
221 1 1069056 1073152
221 1 1146880 1150976
221 1 1191936 1196032
221 1 1216512 1220608
221 1 1265664 1269760
221 1 1327104 1331200
221 1 1396736 1400832
221 1 1421312 1425408
221 1 1441792 1445888
221 1 1470464 1478656
221 1 1585152 1589248
221 1 1646592 1650688
221 1 1658880 1662976
521 1 1048576 1052672
125 1 966656 995328
186 1 557056 573440
934 1 315392 319488
555 1 1306624 1310720
186 1 573440 577536
976 1 1523712 1531904
0 1 1052672 1056768
48 1 1114112 1118208
371 1 32768 36864
48 1 1179648 1183744
708 1 2027520 2031616
48 1 1961984 1966080
753 1 626688 630784
64 1 1179648 1183744
363 1 552960 557056
242 1 1376256 1380352
369 1 1056768 1060864
72 1 1089536 1093632
242 1 1388544 1392640
73 1 0 4096
72 1 1097728 1101824
73 1 8192 12288
706 1 1654784 1658880
241 1 1482752 1486848
386 1 2031616 2039808
72 1 1114112 1118208
116 1 335872 339968
276 1 1105920 1110016
136 1 1269760 1273856
200 1 1527808 1531904
264 1 1101824 1105920
976 1 1527808 1531904
360 1 1093632 1097728
360 1 1912832 1916928
799 1 1937408 1941504
706 1 1658880 1662976
976 1 1527808 1531904
514 1 282624 286720
339 1 1892352 1900544
976 1 1527808 1531904
222 1 28672 32768
223 1 61440 65536
223 1 106496 110592
223 1 466944 471040
223 1 520192 524288
222 1 36864 40960
180 1 1236992 1249280
221 1 2011136 2015232
222 1 212992 217088
180 1 1421312 1425408
221 1 2072576 2076672
222 1 237568 241664
180 1 1490944 1495040
181 1 4096 8192
222 1 278528 282624
180 1 1589248 1593344
223 1 532480 536576
222 1 331776 335872
180 1 1708032 1712128
223 1 544768 548864
222 1 393216 397312
222 1 438272 442368
223 1 581632 585728
181 1 49152 53248
222 1 524288 528384
223 1 667648 671744
222 1 679936 684032
181 1 86016 90112
223 1 729088 733184
180 1 1851392 1855488
222 1 802816 806912
181 1 176128 180224
223 1 757760 761856
180 1 1929216 1933312
222 1 868352 872448
181 1 258048 262144
223 1 765952 770048
224 1 16384 20480
222 1 962560 966656
181 1 282624 286720
223 1 811008 815104
224 1 49152 53248
181 1 290816 294912
223 1 835584 839680
224 1 90112 94208
222 1 983040 987136
181 1 307200 311296
223 1 1130496 1134592
224 1 102400 106496
181 1 331776 335872
224 1 114688 118784
222 1 1060864 1064960
181 1 364544 368640
223 1 1183744 1187840
181 1 454656 458752
222 1 1261568 1265664
223 1 1265664 1269760
224 1 188416 192512
181 1 487424 491520
224 1 262144 266240
222 1 1327104 1331200
181 1 557056 561152
223 1 1515520 1519616
224 1 278528 282624
181 1 651264 655360
222 1 1417216 1421312
223 1 1667072 1671168
181 1 704512 708608
224 1 290816 294912
181 1 868352 872448
222 1 1609728 1613824
224 1 331776 335872
223 1 1736704 1740800
181 1 1011712 1015808
224 1 389120 393216
222 1 1732608 1736704
224 1 516096 520192
224 1 806912 811008
181 1 1114112 1118208
181 1 1241088 1245184
222 1 1888256 1892352
181 1 1253376 1257472
223 1 1773568 1777664
223 1 1921024 1925120
223 1 2084864 2088960
222 1 1970176 1974272
224 1 831488 835584
410 1 1187840 1191936
224 1 950272 954368
222 1 1998848 2007040
224 1 962560 966656
224 1 991232 995328
224 1 999424 1003520
222 1 2011136 2015232
181 1 1273856 1277952
222 1 2048000 2052096
181 1 1290240 1298432
181 1 1302528 1306624
180 1 1978368 1982464
181 1 1314816 1323008
180 1 2023424 2027520
181 1 1339392 1343488
180 1 2031616 2035712
181 1 1417216 1433600
180 1 2043904 2052096
180 1 2088960 2093056
181 1 1449984 1458176
181 1 1466368 1470464
181 1 1482752 1490944
181 1 1507328 1515520
298 1 1093632 1134592
181 1 1544192 1564672
181 1 1568768 1572864
181 1 1601536 1605632
181 1 1609728 1613824
181 1 1626112 1630208
181 1 1646592 1650688
182 1 69632 77824
182 1 221184 229376
182 1 372736 380928
181 1 1687552 1695744
182 1 397312 405504
181 1 1667072 1675264
183 1 327680 344064
181 1 1802240 1814528
182 1 442368 454656
181 1 1843200 1851392
182 1 475136 479232
181 1 2015232 2023424
183 1 786432 798720
183 1 1241088 1253376
182 1 536576 544768
183 1 1695744 1708032
182 1 569344 577536
976 1 1527808 1531904
182 1 585728 589824
182 1 606208 610304
182 1 647168 651264
180 1 450560 454656
482 1 1912832 1916928
182 1 1060864 1077248
182 1 1515520 1531904
182 1 1970176 1986560
298 1 1134592 1138688
186 1 102400 106496
184 1 57344 69632
184 1 299008 303104
186 1 253952 258048
184 1 307200 311296
186 1 278528 286720
186 1 299008 303104
186 1 319488 327680
184 1 770048 786432
186 1 454656 458752
185 1 36864 53248
184 1 1224704 1241088
184 1 1679360 1695744
185 1 495616 507904
185 1 950272 962560
185 1 1404928 1417216
185 1 1662976 1667072
185 1 1748992 1753088
185 1 1888256 1896448
185 1 2039808 2048000
976 1 1527808 1531904
187 1 8192 12288
187 1 57344 61440
186 1 471040 475136
187 1 90112 94208
188 1 155648 159744
186 1 512000 516096
188 1 172032 176128
187 1 204800 208896
186 1 577536 581632
186 1 696320 700416
187 1 417792 421888
186 1 737280 741376
187 1 450560 454656
186 1 802816 806912
187 1 458752 462848
186 1 827392 831488
187 1 532480 536576
186 1 864256 872448
187 1 606208 610304
186 1 954368 958464
187 1 778240 782336
187 1 786432 790528
186 1 1335296 1339392
187 1 880640 884736
187 1 978944 983040
187 1 1032192 1036288
187 1 1077248 1081344
186 1 1351680 1355776
187 1 1163264 1167360
186 1 1363968 1368064
187 1 1200128 1204224
186 1 1388544 1392640
187 1 1286144 1290240
186 1 1499136 1503232
187 1 1314816 1318912
188 1 217088 221184
186 1 1609728 1613824
186 1 1622016 1626112
188 1 253952 258048
186 1 1630208 1634304
188 1 299008 303104
186 1 1662976 1667072
188 1 512000 516096
187 1 1380352 1384448
187 1 1433600 1437696
187 1 1667072 1671168
186 1 1671168 1675264
186 1 1953792 1957888
186 1 1978368 1982464
186 1 2039808 2043904
187 1 1675264 1679360
187 1 1748992 1753088
187 1 1802240 1806336
571 1 1462272 1466368
187 1 1867776 1871872
187 1 1986560 1990656
187 1 2088960 2093056
722 1 1073152 1077248
362 1 1445888 1449984
976 1 1527808 1531904
410 1 1191936 1196032
976 1 1527808 1531904
125 1 991232 1024000
583 1 786432 790528
186 1 577536 593920
186 1 593920 598016
976 1 1527808 1540096
583 1 794624 806912
586 1 0 4096
586 1 12288 16384
585 1 1572864 1585152
586 1 20480 24576
587 1 462848 466944
587 1 475136 479232
586 1 53248 57344
583 1 655360 659456
586 1 69632 77824
303 1 1400832 1404928
586 1 86016 90112
586 1 180224 184320
583 1 688128 692224
586 1 188416 192512
586 1 270336 274432
586 1 278528 282624
586 1 286720 290816
586 1 294912 299008
586 1 581632 585728
976 1 1531904 1536000
339 1 1814528 1818624
125 2 1019904 1048576 1048576 1052672
186 1 598016 614400
186 1 614400 618496
583 1 655360 659456
583 1 786432 790528
976 1 1531904 1536000
585 1 1572864 1585152
586 1 0 4096
586 1 12288 16384
586 1 20480 24576
586 1 53248 57344
586 1 69632 73728
586 1 81920 86016
586 1 180224 184320
586 1 188416 192512
586 1 270336 274432
586 1 278528 282624
586 1 286720 290816
586 1 294912 299008
586 1 581632 585728
583 1 794624 806912
915 1 1720320 1724416
587 1 462848 466944
642 1 1884160 1888256
587 1 475136 479232
326 1 753664 757760
583 1 688128 692224
976 1 1531904 1536000
452 1 1814528 1818624
197 1 352256 356352
721 1 2043904 2048000
859 1 1662976 1667072
125 1 1048576 1081344
186 1 618496 634880
186 1 634880 638976
230 1 1716224 1720320
976 1 1531904 1536000
524 1 974848 983040
794 1 901120 905216
976 1 1531904 1536000
164 1 32768 69632
186 1 638976 659456
186 1 659456 663552
633 1 1114112 1122304
976 1 1531904 1536000
125 1 1077248 1105920
583 1 655360 659456
186 1 663552 679936
583 1 786432 790528
583 1 794624 806912
585 1 1572864 1585152
586 1 0 4096
587 1 462848 466944
586 1 12288 16384
587 1 475136 479232
586 1 20480 24576
586 1 53248 57344
586 1 69632 77824
586 1 81920 86016
586 1 180224 184320
186 1 679936 684032
586 1 188416 192512
586 1 270336 274432
586 1 278528 282624
586 1 286720 290816
586 1 294912 299008
586 1 581632 585728
643 1 1540096 1544192
125 1 1101824 1110016
583 1 688128 692224
522 1 192512 196608
522 1 200704 204800
976 1 1531904 1540096
186 1 684032 700416
186 1 700416 704512
200 1 1179648 1183744
553 1 1572864 1835008
168 1 1024000 1032192
976 1 1536000 1540096
976 1 1536000 1540096
326 1 872448 876544
90 1 1912832 1921024
796 1 49152 53248
185 2 765952 786432 786432 876544
568 1 614400 618496
976 1 1536000 1540096
185 1 876544 880640
12 1 417792 430080
602 1 45056 57344
219 1 1396736 1523712
198 1 77824 81920
511 1 131072 135168
125 1 1105920 1114112
186 1 704512 724992
600 1 1019904 1024000
219 1 1523712 1527808
164 1 65536 73728
976 1 1536000 1540096
186 1 724992 729088
186 1 729088 749568
186 1 749568 753664
382 1 2039808 2043904
164 1 69632 77824
298 1 2077184 2081280
976 1 1536000 1540096
186 1 753664 774144
438 1 1531904 1544192
186 1 774144 778240
976 1 1536000 1540096
976 1 1536000 1540096
796 1 53248 57344
168 1 1032192 1036288
125 1 1110016 1142784
789 1 774144 778240
65 1 344064 348160
310 1 2023936 2028032
186 2 778240 786432 786432 794624
186 1 794624 798720
560 1 49152 77824
555 1 819200 823296
541 1 1388544 1392640
936 1 909312 933888
562 1 1081344 1146880
555 1 823296 827392
560 1 77824 110592
541 1 1392640 1396736
936 1 933888 958464
934 1 1048576 1085440
976 1 1536000 1540096
555 1 827392 831488
562 1 1146880 1216512
560 1 110592 143360
916 1 1163264 1167360
936 1 958464 987136
889 1 1449984 1454080
934 1 1085440 1130496
560 1 143360 176128
541 1 1396736 1400832
936 1 987136 1019904
562 1 1216512 1294336
934 1 1130496 1187840
562 2 1294336 1310720 1310720 1359872
224 1 253952 262144
934 1 1187840 1241088
310 1 2007552 2011648
310 1 1815040 1819136
555 1 831488 843776
541 1 1400832 1413120
976 1 1536000 1548288
224 1 262144 266240
560 2 176128 262144 262144 266240
562 1 1359872 1519616
560 1 274432 323584
560 1 327680 331776
916 1 1167360 1171456
934 2 1241088 1310720 1310720 1388544
936 2 1019904 1048576 1048576 1097728
976 1 1540096 1544192
560 1 262144 266240
560 1 327680 331776
187 1 1765376 1769472
976 1 1540096 1544192
187 2 1769472 1835008 1835008 1871872
707 1 1171456 1183744
310 1 1856000 1860096
310 1 2077184 2081280
187 1 1871872 1875968
310 1 1802752 1806848
310 1 1962496 1966592
310 1 1872384 1876480
93 1 1921024 1933312
200 1 1179648 1183744
54 1 1724416 1728512
168 1 1036288 1044480
416 1 1957888 1966080
382 1 528384 532480
976 1 1540096 1544192
520 1 1748992 1753088
469 1 180224 188416
310 1 1573376 1577472
976 1 1540096 1544192
310 1 1290752 1294848
310 1 1659392 1663488
976 1 1540096 1544192
595 1 1867776 1871872
340 1 1564672 1572864
125 1 1138688 1146880
467 1 942080 946176
186 1 798720 815104
310 1 1704448 1708544
812 1 1153024 1162752
186 1 815104 819200
561 1 1015808 1019904
583 1 786432 790528
586 1 0 4096
583 1 794624 806912
585 1 1572864 1585152
586 1 12288 16384
586 1 20480 24576
586 1 53248 57344
587 1 462848 466944
587 1 475136 479232
586 1 69632 77824
583 1 655360 659456
586 1 81920 86016
586 1 180224 184320
586 1 188416 192512
586 1 270336 274432
586 1 278528 282624
586 1 286720 290816
586 1 294912 299008
586 1 581632 585728
976 1 1540096 1544192
865 1 1400832 1404928
583 1 688128 692224
976 1 1540096 1544192
289 1 970752 974848
168 1 1044480 1048576
139 1 712704 724992
976 1 1540096 1544192
186 1 819200 839680
601 1 1785856 1789952
951 1 184320 188416
125 1 1142784 1150976
976 1 1540096 1548288
186 1 839680 843776
186 1 843776 860160
186 1 860160 864256
976 1 1544192 1548288
125 1 1146880 1179648
976 1 1544192 1548288
186 1 864256 880640
186 1 880640 884736
125 1 1175552 1204224
186 1 884736 901120
592 1 1478656 1482752
186 1 901120 905216
976 1 1544192 1548288
144 1 1159168 1163264
976 1 1544192 1548288
976 1 1544192 1548288
976 1 1544192 1556480
297 1 921600 925696
812 1 1162752 1163776
200 1 1179648 1183744
793 1 626688 630784
976 1 1548288 1552384
168 1 1048576 1056768
906 1 1212416 1216512
91 1 1806336 1810432
269 1 1818624 1820160
976 1 1548288 1552384
536 1 249856 253952
580 1 1912832 1916928
537 1 688128 692224
976 1 1548288 1552384
548 1 1720320 1724416
976 1 1548288 1556480
228 1 1875968 1880064
443 1 217088 221184
125 1 1200128 1208320
976 1 1552384 1556480
186 1 905216 921600
186 1 921600 925696
976 1 1552384 1564672
481 1 425984 438272
158 1 1171456 1175552
340 1 1519616 1523712
516 1 290816 294912
642 1 393216 397312
518 1 2011136 2015232
976 1 1556480 1560576
878 1 462848 471040
481 1 360448 364544
481 1 368640 372736
749 1 1650688 1652736
812 1 1163776 1167360
976 1 1556480 1560576
481 1 434176 438272
516 1 290816 294912
481 1 368640 372736
576 1 311296 315392
168 1 1056768 1060864
481 1 434176 438272
976 1 1556480 1560576
881 1 1097728 1101824
925 1 1155072 1159168
764 1 540672 544768
576 1 311296 319488
79 1 1277952 1294336
753 1 196608 200704
779 1 1818624 1822720
185 1 36864 49152
976 1 1556480 1560576
367 2 290816 524288 524288 573440
641 1 204800 208896
185 1 49152 53248
326 1 757760 761856
481 1 368640 372736
976 1 1556480 1560576
481 1 434176 446464
125 1 1204224 1236992
976 1 1556480 1564672
186 1 925696 942080
867 1 1294336 1298432
516 1 385024 393216
186 1 942080 946176
976 1 1560576 1564672
481 1 376832 385024
481 1 446464 450560
650 1 831488 839680
812 1 544768 552960
976 1 1560576 1564672
867 1 1294336 1298432
481 1 380928 385024
779 1 1818624 1822720
791 1 946176 950272
641 1 204800 208896
212 1 307200 389120
976 1 1560576 1564672
481 1 446464 450560
212 1 389120 393216
600 1 1024000 1032192
976 1 1560576 1564672
976 1 1560576 1564672
200 1 1179648 1183744
812 1 1167360 1168896
976 1 1560576 1564672
190 1 4096 8192
188 1 618496 622592
191 1 73728 77824
191 1 286720 299008
190 1 94208 98304
188 1 679936 684032
976 1 1560576 1564672
190 1 237568 245760
188 1 753664 757760
190 1 331776 335872
188 1 794624 798720
190 1 598016 602112
189 1 36864 40960
188 1 917504 921600
190 1 655360 659456
191 1 741376 753664
188 1 925696 933888
190 1 831488 835584
189 1 61440 65536
188 1 1056768 1060864
190 1 1085440 1089536
191 1 1196032 1208320
189 1 176128 180224
190 1 1290240 1302528
188 1 1064960 1069056
188 1 1073152 1077248
190 1 1658880 1667072
191 1 1507328 1511424
189 1 307200 311296
188 1 1241088 1245184
190 1 1781760 1785856
190 1 1814528 1818624
188 1 1290240 1294336
189 1 413696 417792
125 1 1232896 1241088
191 1 1523712 1527808
190 1 1859584 1863680
188 1 1380352 1384448
190 1 1867776 1871872
188 1 1544192 1548288
189 1 471040 475136
191 1 1581056 1585152
190 1 1904640 1908736
188 1 1564672 1568768
189 1 577536 581632
191 1 1720320 1724416
188 1 1650688 1654784
190 1 1982464 1986560
189 1 733184 737280
188 1 1724416 1728512
190 1 2039808 2043904
191 1 1728512 1732608
189 1 757760 761856
188 1 1798144 1802240
191 1 1814528 1818624
188 1 1949696 1953792
189 1 786432 790528
191 1 1835008 1843200
189 1 806912 811008
190 1 2093056 2097152
188 1 2080768 2084864
189 1 901120 905216
192 1 69632 73728
191 1 1875968 1884160
192 1 102400 118784
191 1 1896448 1900544
189 1 827392 831488
191 1 1916928 1921024
192 1 126976 135168
189 1 909312 913408
191 1 1953792 1957888
192 1 139264 143360
189 1 925696 929792
192 1 200704 208896
189 1 962560 966656
192 1 233472 245760
186 1 946176 962560
189 1 978944 983040
192 1 282624 286720
189 1 1019904 1024000
192 1 307200 311296
192 1 323584 327680
189 1 1028096 1032192
192 1 335872 339968
189 1 1060864 1064960
191 1 1961984 1978368
192 1 356352 360448
189 1 1458176 1462272
191 1 1994752 2002944
191 1 2019328 2027520
189 1 1486848 1490944
191 1 2035712 2056192
189 1 1503232 1507328
189 1 1523712 1527808
189 1 1568768 1572864
189 1 1605632 1609728
189 1 1617920 1622016
189 1 1691648 1695744
191 1 2060288 2080768
189 1 1761280 1765376
189 1 1957888 1961984
186 1 962560 966656
192 1 364544 368640
192 1 425984 434176
192 1 442368 450560
192 1 454656 458752
192 1 475136 491520
192 1 512000 516096
192 1 528384 532480
192 1 724992 729088
192 1 819200 823296
460 1 8192 53248
192 1 839680 843776
192 1 978944 983040
200 1 1064960 1069056
200 1 1138688 1142784
976 1 1560576 1572864
200 1 1155072 1159168
200 1 1179648 1183744
201 1 118784 122880
200 1 1302528 1306624
201 1 131072 135168
201 1 172032 176128
201 1 180224 184320
338 1 1748992 1753088
200 1 1388544 1392640
200 1 1454080 1458176
200 1 1466368 1470464
200 1 1581056 1585152
201 1 204800 208896
200 1 1597440 1601536
200 1 1617920 1622016
200 1 1716224 1724416
200 1 1740800 1744896
200 1 1757184 1761280
200 1 1769472 1773568
200 1 1810432 1814528
200 1 1851392 1855488
200 1 2043904 2048000
532 1 1368064 1380352
460 1 53248 57344
629 1 1536000 1540096
976 1 1564672 1568768
186 1 966656 974848
202 1 65536 69632
203 1 65536 69632
203 1 131072 135168
203 1 192512 196608
202 1 126976 131072
203 1 237568 241664
202 1 192512 196608
201 1 335872 339968
202 1 266240 270336
202 1 368640 372736
203 1 339968 344064
202 1 487424 491520
203 1 495616 499712
202 1 499712 503808
201 1 352256 356352
203 1 880640 884736
202 1 577536 581632
201 1 380928 385024
203 1 999424 1003520
202 1 647168 651264
201 1 438272 442368
202 1 737280 741376
201 1 630784 634880
202 1 786432 790528
204 1 0 4096
201 1 794624 798720
203 1 1122304 1126400
202 1 839680 843776
204 1 57344 61440
201 1 802816 806912
186 1 974848 978944
203 1 1159168 1163264
201 1 892928 897024
203 1 1265664 1269760
201 1 942080 946176
203 1 1392640 1396736
204 1 106496 114688
201 1 958464 966656
203 1 1421312 1425408
204 1 143360 147456
201 1 983040 987136
203 1 1445888 1449984
204 1 204800 208896
202 1 851968 856064
201 1 1003520 1007616
204 1 229376 233472
203 1 1470464 1474560
201 1 1122304 1126400
202 1 970752 974848
204 1 274432 282624
201 1 1306624 1310720
202 1 999424 1003520
203 1 1581056 1589248
204 1 303104 307200
201 1 1380352 1384448
202 1 1056768 1060864
202 1 1077248 1081344
201 1 1392640 1396736
203 1 1646592 1650688
201 1 1490944 1495040
202 1 1122304 1126400
202 1 1142784 1146880
203 1 1654784 1658880
203 1 1753088 1757184
203 1 1949696 1953792
202 1 1179648 1183744
201 1 1736704 1740800
203 1 2011136 2015232
201 1 1908736 1912832
202 1 1196032 1200128
201 1 1941504 1945600
202 1 1306624 1310720
201 1 1961984 1970176
202 1 1318912 1323008
202 1 1347584 1351680
202 1 1454080 1458176
202 1 1490944 1495040
205 1 1970176 2064384
202 1 1527808 1531904
202 1 1593344 1597440
202 1 1601536 1605632
202 1 1867776 1871872
202 1 2039808 2043904
202 1 2084864 2088960
976 1 1564672 1568768
174 1 1597440 1605632
583 1 786432 790528
585 1 1572864 1585152
583 1 794624 806912
586 1 0 4096
587 1 462848 466944
586 1 12288 16384
587 1 475136 479232
586 1 20480 24576
586 1 53248 57344
586 1 69632 77824
586 1 81920 86016
586 1 180224 184320
586 1 188416 192512
586 1 270336 274432
586 1 278528 282624
205 1 2064384 2068480
586 1 286720 290816
51 1 1667072 1671168
95 1 1896448 1900544
586 1 294912 299008
680 1 348160 352256
976 1 1564672 1568768
583 1 655360 659456
586 1 581632 585728
583 1 688128 692224
57 1 1789952 1798144
976 1 1564672 1568768
812 1 1168896 1172992
401 1 442368 446464
976 1 1564672 1568768
401 1 442368 446464
125 1 1236992 1269760
976 1 1564672 1568768
186 1 978944 995328
168 1 1060864 1069056
186 1 995328 999424
976 1 1564672 1568768
976 1 1564672 1568768
57 1 1794048 1802240
812 1 1172992 1179648
976 1 1564672 1572864
401 1 442368 446464
401 1 442368 446464
976 1 1568768 1572864
57 1 1798144 1802240
230 1 1720320 1724416
532 1 1597440 1609728
976 1 1568768 1572864
812 1 1179648 1180672
401 1 442368 446464
164 1 73728 98304
976 1 1568768 1572864
186 1 999424 1019904
57 1 1798144 1806336
186 1 1019904 1024000
220 1 737280 741376
811 1 1638400 1646592
298 1 2077184 2081280
812 1 1180672 1181696
401 1 442368 446464
976 1 1568768 1572864
706 1 1662976 1667072
401 1 442368 446464
976 1 1568768 1572864
57 1 1802240 1806336
812 1 1181696 1182720
233 1 241664 245760
962 1 360448 368640
335 1 65536 69632
962 1 376832 380928
401 1 442368 446464
976 1 1568768 1572864
168 1 1069056 1073152
401 1 442368 446464
512 1 1204224 1208320
193 1 188416 192512
691 1 913408 925696
306 1 53248 57344
512 1 1257472 1261568
513 1 1318912 1327104
768 1 1085440 1089536
678 1 339968 344064
705 1 1048576 1052672
288 1 1073152 1077248
217 1 458752 462848
304 1 1466368 1470464
241 1 495616 499712
241 1 983040 987136
544 1 1789952 1794048
289 1 286720 290816
289 1 352256 364544
976 1 1568768 1572864
170 1 389120 409600
2 1 1093632 1097728
2 1 1110016 1114112
576 1 1069056 1073152
114 1 1990656 1994752
576 1 1085440 1089536
88 1 1077248 1081344
65 1 1478656 1482752
0 1 1064960 1069056
193 1 126976 131072
193 1 135168 139264
193 1 143360 151552
323 1 1261568 1265664
24 1 1064960 1069056
24 1 1101824 1105920
123 1 1019904 1024000
48 1 1077248 1081344
48 1 1093632 1097728
48 1 1114112 1118208
48 1 1433600 1437696
48 1 1581056 1585152
48 1 1589248 1593344
48 1 1597440 1605632
48 1 1617920 1638400
192 1 1052672 1056768
192 1 1060864 1064960
344 1 1929216 1933312
170 1 409600 413696
678 1 1781760 1785856
704 1 704512 782336
712 1 163840 212992
976 1 1568768 1572864
614 1 1159168 1163264
615 1 1048576 1052672
370 1 991232 995328
134 1 1548288 1556480
339 1 1826816 1830912
976 1 1568768 1572864
514 1 995328 999424
976 2 1568768 1572864 1572864 1581056
976 1 1572864 1576960
139 1 720896 737280
230 1 1724416 1728512
125 1 1265664 1273856
186 1 1024000 1048576
970 1 1413120 1417216
976 1 1572864 1576960
186 1 1048576 1052672
976 1 1572864 1581056
139 1 733184 753664
186 1 1052672 1073152
186 1 1073152 1077248
976 1 1576960 1581056
479 1 499712 503808
310 1 2023936 2028032
139 1 749568 761856
186 1 1077248 1097728
186 1 1097728 1101824
310 1 2007552 2011648
310 1 2077184 2081280
524 1 983040 987136
976 1 1576960 1589248
57 1 1802240 1806336
812 1 1182720 1183744
720 1 1835008 1839104
721 1 0 8192
720 1 1851392 1855488
720 1 2035712 2039808
721 1 163840 172032
401 1 442368 446464
720 1 2048000 2052096
530 1 983040 987136
57 1 1802240 1810432
812 1 1183744 1184768
401 1 442368 446464
310 1 2044416 2048512
401 1 442368 446464
310 1 1827328 1831424
310 1 1815040 1819136
164 1 94208 122880
310 1 1856000 1860096
310 1 1802752 1806848
310 1 20480 24576
73 1 0 4096
186 1 1101824 1122304
0 1 1048576 1064960
48 1 1961984 1966080
72 1 1073152 1077248
72 1 1114112 1118208
242 1 1376256 1380352
73 1 8192 12288
116 1 327680 331776
240 1 1703936 1708032
242 1 1396736 1400832
432 1 1130496 1134592
363 1 466944 471040
816 1 1101824 1105920
186 1 1122304 1126400
880 1 1052672 1056768
264 1 1060864 1064960
456 1 1622016 1626112
336 1 1064960 1069056
360 1 1912832 1916928
384 1 1105920 1110016
164 1 118784 139264
783 1 643072 651264
434 1 892928 897024
408 1 1056768 1064960
432 1 1294336 1298432
186 1 1126400 1146880
976 1 1581056 1585152
186 1 1146880 1150976
310 1 1872384 1876480
976 1 1581056 1585152
164 1 135168 163840
186 1 1150976 1171456
186 1 1171456 1175552
976 1 1581056 1585152
125 1 1269760 1298432
831 1 1941504 1945600
944 1 1523712 1527808
600 1 1032192 1036288
302 1 1462272 1466368
208 1 315392 491520
186 1 1175552 1191936
482 1 1916928 1921024
634 1 1204224 1208320
186 1 1191936 1196032
164 1 159744 188416
186 1 1196032 1216512
208 1 491520 495616
186 1 1216512 1220608
137 1 2088960 2093056
0 1 1048576 1052672
0 1 1056768 1060864
48 1 1114112 1118208
48 1 1179648 1183744
48 1 1470464 1474560
48 1 1961984 1966080
326 1 872448 876544
242 1 1171456 1175552
64 1 1179648 1183744
242 1 1798144 1802240
242 1 1847296 1851392
72 1 1073152 1077248
585 1 1728512 1732608
72 1 1093632 1097728
72 1 1110016 1114112
361 1 483328 487424
240 1 1110016 1114112
240 1 1179648 1183744
200 1 1470464 1474560
392 1 1224704 1228800
976 1 1581056 1585152
361 1 491520 499712
164 1 184320 208896
186 1 1220608 1241088
186 1 1241088 1245184
976 1 1581056 1589248
976 1 1585152 1589248
173 1 1056768 1064960
173 1 1064960 1069056
125 2 1294336 1310720 1310720 1327104
976 1 1585152 1589248
186 1 1245184 1261568
186 1 1261568 1265664
125 1 1323008 1355776
186 1 1265664 1282048
310 1 1290752 1294848
186 1 1282048 1286144
824 1 1998848 2002944
161 1 598016 614400
210 1 921600 950272
310 1 1556992 1561088
976 1 1585152 1589248
210 1 950272 954368
191 1 1716224 1781760
191 2 1781760 1835008 1835008 1847296
164 1 204800 229376
191 1 1847296 1912832
191 1 1912832 1978368
191 1 1978368 1998848
186 1 1286144 1306624
976 1 1585152 1597440
186 1 1306624 1310720
191 1 1998848 2002944
976 1 1589248 1593344
310 1 1962496 1966592
310 1 1401344 1405440
310 1 1659392 1663488
310 1 1704448 1708544
592 1 1351680 1355776
976 1 1589248 1593344
310 1 1573376 1577472
298 1 2073088 2077184
787 2 782336 786432 786432 794624
216 1 1122304 1187840
976 1 1589248 1593344
216 1 1187840 1191936
59 1 1283072 1287168
696 1 1486848 1490944
216 1 1191936 1228800
976 1 1589248 1593344
216 1 1228800 1232896
125 1 1351680 1384448
976 1 1589248 1597440
186 1 1310720 1327104
479 1 1642496 1646592
27 1 864256 868352
186 1 1327104 1331200
480 1 110592 114688
976 1 1593344 1597440
125 1 1380352 1413120
186 1 1331200 1347584
173 1 1638400 1712128
186 1 1347584 1351680
976 1 1593344 1597440
173 1 1712128 1716224
561 1 1019904 1028096
683 1 491520 495616
678 1 2080768 2093056
347 1 1328128 1340416
847 1 2076672 2084864
592 1 1351680 1355776
976 1 1593344 1597440
139 1 757760 778240
164 1 225280 237568
186 1 1351680 1380352
186 1 1380352 1384448
466 1 1806336 1810432
976 1 1593344 1597440
812 1 1184768 1191936
92 1 1441792 1445888
976 1 1593344 1597440
601 1 1789952 1794048
438 1 1777664 1781760
173 1 1716224 1744896
139 2 774144 786432 786432 790528
976 1 1593344 1597440
161 1 610304 630784
186 1 1384448 1404928
173 1 1744896 1748992
192 1 0 32768
191 1 2002944 2068480
905 1 147456 151552
191 1 2068480 2097152
125 1 1409024 1437696
976 1 1593344 1597440
960 1 679936 684032
192 1 32768 36864
186 1 1404928 1409024
186 1 1409024 1425408
139 1 786432 802816
100 1 135168 139264
186 1 1425408 1429504
18 1 1044480 1048576
976 1 1593344 1605632
161 1 626688 643072
186 1 1429504 1449984
335 1 417792 421888
0 1 1048576 1056768
165 1 0 32768
72 1 1056768 1060864
192 1 36864 98304
72 1 1069056 1073152
72 1 1179648 1183744
72 1 1224704 1228800
186 1 1449984 1454080
72 1 1261568 1273856
125 1 1433600 1490944
976 1 1597440 1601536
192 1 98304 102400
186 1 1454080 1470464
211 1 1806336 1814528
336 1 1286144 1290240
186 1 1470464 1474560
211 1 1814528 1818624
139 1 798720 815104
186 1 1474560 1495040
186 1 1495040 1499136
306 1 536576 540672
0 1 1052672 1056768
24 1 1081344 1085440
976 1 1597440 1601536
976 1 1597440 1601536
161 1 638976 663552
403 1 2048000 2052096
192 1 102400 126976
976 1 1597440 1601536
192 1 126976 131072
139 1 811008 823296
173 1 1748992 1777664
186 1 1499136 1519616
976 1 1597440 1601536
186 1 1519616 1523712
173 1 1777664 1781760
179 1 1437696 1495040
976 1 1597440 1605632
179 1 1495040 1499136
206 1 24576 28672
204 1 315392 323584
204 1 344064 348160
207 1 110592 118784
206 1 163840 167936
207 1 188416 192512
206 1 200704 204800
207 1 200704 204800
204 1 376832 380928
205 1 24576 28672
206 1 389120 393216
207 1 217088 221184
204 1 430080 434176
205 1 45056 49152
206 1 503808 507904
207 1 241664 245760
205 1 135168 139264
204 1 503808 507904
206 1 593920 598016
206 1 671744 675840
204 1 577536 581632
205 1 196608 200704
206 1 700416 704512
452 1 1814528 1818624
204 1 667648 671744
206 1 716800 720896
204 1 684032 688128
206 1 811008 815104
204 1 692224 696320
206 1 880640 884736
205 1 212992 217088
206 1 897024 901120
204 1 761856 765952
206 1 933888 937984
204 1 794624 798720
205 1 233472 237568
206 1 966656 970752
204 1 851968 856064
205 1 258048 262144
206 1 983040 987136
139 1 819200 835584
204 1 991232 995328
206 1 999424 1003520
205 1 270336 274432
206 1 1011712 1015808
204 1 1044480 1048576
205 1 430080 434176
206 1 1048576 1056768
204 1 1089536 1093632
205 1 512000 516096
204 1 1105920 1110016
205 1 536576 540672
204 1 1196032 1200128
205 1 581632 585728
204 1 1265664 1269760
205 1 688128 696320
206 1 1064960 1069056
205 1 724992 729088
205 1 765952 778240
206 1 1073152 1081344
205 1 782336 786432
206 1 1191936 1196032
204 1 1327104 1331200
206 1 1302528 1306624
204 1 1339392 1343488
206 1 1323008 1327104
204 1 1363968 1368064
206 1 1454080 1458176
206 1 1556480 1560576
206 1 1585152 1589248
205 1 790528 798720
186 1 1523712 1544192
206 1 1605632 1609728
205 1 823296 827392
205 1 856064 860160
206 1 1626112 1630208
206 1 1638400 1642496
206 1 1691648 1695744
204 1 1376256 1380352
812 1 1191936 1192960
204 1 1400832 1404928
206 1 1703936 1708032
204 1 1429504 1433600
204 1 1458176 1462272
206 1 1712128 1716224
204 1 1474560 1478656
204 1 1482752 1490944
206 1 1794048 1798144
204 1 1544192 1548288
204 1 1576960 1581056
206 1 1867776 1871872
204 1 1671168 1675264
206 1 1929216 1933312
204 1 1691648 1695744
205 1 880640 884736
206 1 2011136 2015232
204 1 1740800 1744896
205 1 1044480 1048576
205 1 1056768 1064960
204 1 1843200 1847296
205 1 1126400 1138688
204 1 1867776 1871872
205 1 1150976 1155072
976 1 1601536 1605632
205 1 1191936 1196032
204 1 1966080 1974272
205 1 1216512 1220608
205 1 1228800 1236992
204 1 2043904 2048000
205 1 1245184 1249280
205 1 1273856 1282048
204 1 2056192 2060288
186 1 1544192 1548288
205 1 1294336 1298432
205 1 1351680 1355776
205 1 1363968 1368064
205 1 1388544 1396736
205 1 1409024 1413120
205 1 1417216 1421312
205 1 1441792 1449984
205 1 1486848 1490944
205 1 1605632 1609728
205 1 1662976 1667072
205 1 1716224 1720320
205 1 1753088 1757184
205 1 1785856 1789952
205 1 1851392 1855488
538 1 946176 950272
205 1 1875968 1880064
205 1 1896448 1900544
205 1 1937408 1941504
205 1 2056192 2060288
207 1 262144 266240
207 1 274432 278528
207 1 303104 307200
207 1 339968 344064
207 1 348160 352256
207 1 450560 454656
207 2 520192 524288 524288 528384
207 1 536576 540672
207 1 577536 581632
207 1 589824 593920
207 1 618496 626688
207 1 757760 761856
207 1 819200 823296
207 1 839680 843776
207 1 929792 933888
207 1 983040 991232
168 1 1073152 1085440
207 1 1024000 1028096
207 1 1040384 1044480
207 1 1101824 1105920
207 1 1110016 1114112
208 1 0 4096
208 1 122880 131072
208 1 135168 139264
207 1 1122304 1126400
207 1 1150976 1155072
207 1 1167360 1171456
207 1 1294336 1302528
207 1 1339392 1343488
207 1 1359872 1363968
78 1 405504 409600
949 1 507904 512000
207 1 1376256 1380352
207 1 1404928 1409024
207 1 1421312 1425408
156 1 1146880 1150976
976 1 1601536 1605632
207 1 1478656 1482752
207 1 1515520 1519616
156 1 1159168 1167360
208 1 147456 151552
208 1 172032 176128
207 1 1572864 1576960
208 1 192512 200704
207 1 1654784 1658880
208 1 208896 212992
207 1 1683456 1687552
208 1 245760 249856
208 1 253952 258048
208 1 262144 266240
208 1 335872 339968
208 1 425984 430080
208 1 434176 442368
125 1 1486848 1515520
207 1 1732608 1736704
208 1 471040 475136
207 1 1794048 1798144
207 1 1859584 1863680
207 1 1957888 1961984
208 1 483328 487424
207 1 1978368 1982464
208 1 606208 610304
207 1 1990656 1994752
208 1 618496 622592
207 1 2007040 2011136
157 1 49152 53248
157 1 126976 131072
208 1 651264 655360
208 1 692224 696320
208 1 741376 745472
208 1 782336 786432
208 1 835584 839680
208 1 999424 1003520
208 1 1028096 1032192
156 1 1187840 1191936
156 1 1208320 1212416
54 1 1728512 1736704
186 1 1548288 1564672
646 1 942080 946176
156 1 1286144 1290240
673 1 1253376 1257472
156 1 1335296 1339392
156 1 1355776 1359872
156 1 1372160 1376256
156 1 1404928 1409024
156 1 1425408 1429504
156 1 1523712 1527808
156 1 1597440 1601536
156 1 1622016 1626112
156 1 1662976 1667072
156 1 1691648 1695744
156 1 1785856 1789952
156 1 1884160 1888256
156 1 1900544 1904640
156 1 1912832 1916928
976 1 1601536 1605632
156 1 1953792 1957888
156 1 1970176 1974272
156 1 2043904 2048000
186 1 1564672 1568768
523 1 798720 802816
976 1 1601536 1605632
561 1 1884160 1888256
976 1 1601536 1605632
814 1 1622016 1626112
976 1 1601536 1605632
583 1 655360 659456
643 1 1540096 1544192
583 1 688128 692224
585 1 1572864 1585152
586 1 0 4096
586 1 12288 16384
583 1 786432 790528
586 1 20480 24576
583 1 794624 806912
587 1 462848 466944
586 1 53248 57344
587 1 475136 479232
586 1 69632 81920
586 1 180224 184320
586 1 188416 192512
586 1 270336 274432
586 1 278528 282624
586 1 286720 290816
586 1 294912 299008
586 1 581632 585728
976 1 1601536 1613824
340 1 409600 417792
878 1 430080 438272
812 1 1192960 1196544
482 1 1921024 1925120
173 1 1781760 1810432
164 1 233472 258048
173 1 1810432 1814528
186 2 1568768 1572864 1572864 1589248
976 1 1605632 1609728
186 1 1589248 1593344
976 1 1605632 1609728
532 1 1368064 1380352
168 1 1085440 1089536
909 1 147456 155648
337 1 962560 966656
976 1 1605632 1609728
139 1 831488 847872
186 1 1593344 1613824
546 1 1093632 1097728
186 1 1613824 1617920
976 1 1605632 1609728
125 1 1511424 1544192
186 1 1617920 1634304
976 1 1605632 1609728
907 1 217088 225280
186 1 1634304 1638400
658 1 401408 405504
976 1 1605632 1609728
164 1 253952 262144
242 1 2035712 2039808
73 1 0 12288
0 1 1048576 1064960
363 1 634880 638976
242 1 2043904 2048000
48 1 1961984 1966080
269 1 364544 368640
72 1 1097728 1101824
72 1 1114112 1118208
186 1 1638400 1658880
116 1 335872 339968
276 1 1073152 1077248
328 1 1142784 1146880
456 1 1265664 1269760
264 1 1085440 1089536
360 1 1912832 1916928
720 1 1585152 1589248
384 1 1101824 1105920
349 1 566272 570368
186 1 1658880 1662976
339 1 2052096 2060288
976 1 1605632 1609728
349 1 566272 570368
976 1 1605632 1613824
976 1 1609728 1613824
524 1 425984 430080
812 1 1196544 1198080
976 1 1609728 1613824
520 1 249856 253952
642 1 1888256 1896448
976 1 1609728 1613824
294 1 843776 847872
139 1 843776 860160
466 1 557056 573440
169 1 606208 622592
186 1 1662976 1683456
168 1 1089536 1097728
186 1 1683456 1687552
380 1 2015232 2019328
168 1 1097728 1101824
195 1 667648 679936
976 1 1609728 1613824
195 1 679936 684032
976 1 1609728 1613824
125 1 1540096 1572864
186 1 1687552 1703936
976 1 1609728 1613824
186 1 1703936 1708032
132 1 1568768 1572864
868 1 151552 155648
144 1 1179648 1183744
144 1 1286144 1290240
144 1 1601536 1605632
123 1 258048 262144
208 1 2080768 2084864
408 1 1052672 1056768
145 1 126976 131072
408 1 1114112 1118208
145 1 1777664 1781760
186 1 1708032 1716224
976 1 1609728 1613824
290 1 872448 876544
145 1 2011136 2015232
408 1 2039808 2043904
409 1 1073152 1077248
432 1 1052672 1056768
432 1 1118208 1122304
434 1 921600 933888
425 1 1204224 1208320
432 1 1417216 1421312
432 1 1593344 1597440
434 1 958464 962560
448 1 1671168 1675264
448 1 2064384 2068480
600 1 1200128 1204224
664 1 1175552 1179648
768 1 1204224 1208320
186 1 1716224 1720320
768 1 1212416 1216512
768 1 1220608 1224704
833 1 286720 290816
835 1 1351680 1355776
768 1 1228800 1236992
847 1 1564672 1568768
833 1 528384 532480
816 1 1064960 1069056
833 1 774144 778240
816 1 1114112 1118208
816 1 1200128 1208320
817 1 102400 106496
840 1 1052672 1056768
941 1 1167360 1171456
840 1 1118208 1122304
841 1 1884160 1892352
834 1 409600 413696
840 1 1445888 1449984
857 1 122880 126976
866 1 618496 626688
857 1 143360 147456
882 1 1339392 1347584
840 1 1454080 1458176
857 1 692224 696320
882 1 1425408 1429504
840 1 1683456 1687552
864 1 1060864 1064960
865 1 1388544 1392640
864 1 1118208 1122304
882 1 1531904 1536000
976 1 1609728 1613824
865 1 1675264 1679360
865 1 1712128 1716224
961 1 1634304 1638400
104 1 1060864 1064960
45 1 659456 663552
104 1 1114112 1118208
105 1 1150976 1155072
104 1 1794048 1798144
121 1 1679360 1683456
104 1 1826816 1830912
273 1 729088 733184
296 1 1052672 1056768
297 1 1171456 1175552
296 1 1114112 1118208
583 1 270336 274432
345 1 4096 8192
561 1 1269760 1273856
296 1 1957888 1961984
369 1 1794048 1798144
344 1 1097728 1101824
314 1 90112 98304
705 1 1769472 1773568
560 1 1118208 1122304
344 1 1454080 1458176
346 1 36864 40960
489 1 1572864 1576960
620 1 958464 962560
561 1 2007040 2011136
426 1 385024 389120
560 1 1675264 1679360
466 1 86016 90112
872 1 1105920 1110016
976 1 1609728 1622016
866 1 1708032 1712128
537 1 1564672 1568768
612 1 1028096 1032192
831 1 532480 536576
976 1 1613824 1617920
0 1 1048576 1056768
43 1 1142784 1146880
0 1 1060864 1064960
0 1 1069056 1093632
0 1 1122304 1126400
26 1 524288 528384
0 1 1150976 1163264
24 1 1118208 1122304
24 1 1208320 1212416
189 1 1179648 1187840
260 1 1687552 1691648
189 1 1187840 1191936
668 1 1118208 1175552
319 1 1536000 1540096
131 1 1990656 1994752
132 1 94208 98304
123 1 262144 266240
668 1 1175552 1179648
976 1 1613824 1617920
694 1 208896 212992
134 1 1515520 1519616
134 1 1519616 1523712
159 1 1572864 1728512
930 1 569344 573440
976 1 1613824 1617920
564 1 581632 585728
909 1 167936 172032
675 1 2039808 2043904
976 1 1613824 1617920
696 1 1490944 1495040
976 1 1613824 1617920
976 1 1613824 1617920
196 1 1404928 1409024
794 1 663552 667648
0 1 1048576 1052672
0 1 1056768 1060864
192 1 1114112 1118208
196 1 339968 344064
211 1 684032 688128
193 1 684032 688128
264 1 1069056 1073152
193 1 692224 696320
265 1 1114112 1118208
264 1 1081344 1085440
337 1 942080 950272
354 1 430080 434176
264 1 1114112 1118208
264 1 1191936 1200128
337 1 2064384 2068480
280 1 1249280 1253376
336 1 1052672 1056768
336 1 1114112 1118208
976 1 1613824 1617920
834 1 1925120 1929216
909 1 638976 643072
976 1 1613824 1617920
554 1 1531904 1536000
362 1 1458176 1462272
724 1 1949696 1953792
188 1 1327104 1372160
188 1 1372160 1376256
976 1 1613824 1622016
164 2 258048 262144 262144 270336
186 1 1720320 1740800
186 1 1740800 1744896
976 1 1617920 1622016
976 1 1617920 1622016
425 1 352256 356352
976 1 1617920 1622016
183 1 1515520 1523712
976 1 1617920 1622016
183 1 1523712 1527808
976 1 1617920 1622016
976 1 1617920 1622016
524 1 987136 995328
208 2 1818624 1835008 1835008 1961984
208 1 1961984 1966080
994 1 1445888 1449984
35 1 1302528 1310720
125 2 1568768 1572864 1572864 1597440
186 1 1744896 1761280
186 1 1761280 1765376
976 1 1617920 1622016
976 1 1617920 1622016
706 1 1667072 1675264
583 1 655360 659456
583 1 786432 790528
583 1 794624 806912
587 1 462848 466944
586 1 0 4096
585 1 1572864 1585152
587 1 475136 479232
586 1 12288 16384
586 1 20480 24576
586 1 53248 57344
586 1 69632 77824
586 1 81920 86016
586 1 180224 184320
586 1 188416 192512
586 1 270336 274432
586 1 278528 282624
586 1 286720 290816
586 1 294912 299008
586 1 581632 585728
583 1 688128 692224
611 1 925696 929792
0 1 1048576 1056768
2 1 1376256 1380352
0 1 1064960 1069056
0 1 1265664 1269760
2 1 1441792 1445888
336 1 1966080 1970176
377 1 548864 552960
18 1 1441792 1445888
360 1 1052672 1056768
360 1 1114112 1118208
360 1 1867776 1871872
360 1 1949696 1953792
164 1 266240 278528
186 1 1765376 1785856
186 1 1785856 1789952
523 1 1171456 1175552
72 1 1085440 1089536
72 1 1101824 1105920
976 1 1617920 1622016
23 1 1277952 1290240
72 1 2093056 2097152
456 1 1163264 1167360
240 1 1114112 1122304
73 1 0 4096
242 1 1359872 1368064
240 1 1183744 1187840
241 1 1433600 1437696
241 1 1482752 1486848
242 1 1376256 1384448
240 1 1708032 1712128
241 1 1490944 1495040
242 1 1785856 1789952
240 1 1720320 1724416
240 1 1728512 1736704
242 1 1794048 1798144
241 1 1531904 1536000
264 1 1097728 1101824
257 1 966656 974848
712 1 1146880 1150976
337 1 786432 790528
110 1 884736 892928
976 1 1617920 1622016
125 1 1593344 1622016
186 1 1789952 1806336
209 1 2015232 2019328
561 1 1028096 1032192
627 1 32768 36864
186 1 1806336 1810432
244 1 1691648 1699840
125 1 1617920 1650688
186 1 1810432 1826816
186 1 1826816 1830912
235 1 974848 978944
976 1 1617920 1630208
976 1 1622016 1626112
555 1 983040 987136
476 1 1310720 1429504
184 1 1458176 1527808
481 1 360448 368640
195 2 1290240 1310720 1310720 1359872
184 1 1527808 1531904
481 1 430080 434176
195 1 1359872 1363968
481 1 364544 372736
976 1 1622016 1626112
709 1 8192 12288
774 1 36864 45056
797 1 1597440 1626112
122 1 221184 241664
709 1 12288 16384
120 1 1531904 1572864
797 1 1626112 1658880
676 1 999424 1003520
799 1 1744896 1802240
833 1 1253376 1257472
120 1 1572864 1626112
944 1 1617920 1642496
797 1 1658880 1683456
122 2 241664 262144 262144 270336
799 2 1802240 1835008 1835008 1871872
774 1 45056 49152
709 1 16384 24576
799 1 1871872 1933312
120 1 1626112 1683456
797 1 1683456 1716224
676 1 1003520 1007616
799 1 1933312 1998848
122 1 270336 307200
120 1 1683456 1740800
122 1 307200 335872
774 1 49152 57344
481 1 434176 438272
797 1 1716224 1761280
799 1 1998848 2015232
324 1 630784 638976
799 1 2019328 2052096
797 1 1765376 1814528
120 1 1740800 1814528
797 1 1818624 1835008
976 1 1622016 1626112
122 1 335872 380928
54 1 413696 417792
797 1 1757184 1761280
186 2 1830912 1835008 1835008 1839104
157 2 253952 262144 262144 376832
186 1 1839104 1843200
481 1 368640 380928
157 1 376832 380928
310 1 2044416 2048512
125 1 1646592 1679360
324 1 638976 643072
186 1 1843200 1859584
186 1 1859584 1863680
0 1 1048576 1060864
0 1 1064960 1069056
310 1 2007552 2011648
217 1 491520 495616
235 1 569344 573440
342 1 1785856 1789952
217 1 520192 524288
283 1 1875968 1880064
72 1 1183744 1187840
217 1 552960 557056
172 1 1060864 1064960
168 1 1114112 1118208
217 1 847872 851968
168 1 1179648 1183744
713 1 1343488 1347584
168 1 1646592 1650688
184 1 1179648 1183744
216 1 1052672 1056768
216 1 1114112 1118208
216 1 1191936 1196032
264 1 1052672 1056768
264 1 1204224 1208320
488 1 2072576 2076672
696 1 1052672 1056768
696 1 1114112 1118208
696 1 1200128 1220608
696 1 1437696 1449984
696 1 1454080 1458176
696 1 1589248 1593344
696 1 1642496 1646592
696 1 1724416 1728512
720 1 1216512 1220608
720 1 1245184 1249280
720 1 1298432 1302528
744 1 1056768 1060864
873 1 475136 487424
765 1 872448 876544
764 1 1179648 1183744
764 1 1200128 1204224
764 1 1212416 1220608
976 1 1622016 1626112
764 1 1232896 1249280
764 1 1261568 1265664
764 1 1273856 1277952
310 1 1827328 1831424
764 1 1282048 1286144
764 1 1306624 1310720
764 1 1318912 1323008
764 1 1347584 1351680
764 1 1359872 1363968
764 1 1409024 1413120
764 1 1437696 1441792
764 1 1445888 1449984
764 1 1503232 1507328
764 1 1511424 1515520
764 1 1527808 1540096
764 1 1544192 1552384
765 1 0 8192
764 1 1564672 1572864
765 1 36864 40960
765 1 57344 61440
764 1 1576960 1581056
764 1 1593344 1597440
765 1 77824 81920
764 1 1605632 1609728
765 1 86016 90112
765 1 106496 110592
765 1 126976 131072
764 1 1613824 1622016
764 1 1634304 1642496
765 1 143360 147456
764 1 1654784 1658880
764 1 1662976 1667072
765 1 163840 167936
764 1 1679360 1683456
764 1 1687552 1691648
765 1 176128 180224
765 1 188416 192512
765 1 200704 212992
765 1 249856 253952
442 1 2064384 2072576
765 1 258048 262144
765 1 294912 303104
442 1 2076672 2080768
751 1 1806336 1810432
601 1 282624 286720
434 1 1335296 1339392
434 1 1396736 1400832
496 1 1527808 1531904
382 1 1388544 1392640
0 1 1048576 1052672
764 1 1699840 1708032
0 1 1077248 1081344
310 1 1872384 1876480
764 1 1712128 1716224
764 1 1740800 1744896
764 1 1761280 1765376
764 1 1789952 1794048
540 1 1826816 1830912
764 1 1798144 1802240
600 1 1105920 1110016
310 1 1962496 1966592
310 1 2077184 2081280
765 1 356352 364544
765 1 368640 372736
765 1 393216 397312
765 1 413696 417792
764 1 1822720 1826816
765 1 442368 446464
764 1 1863680 1867776
764 1 1875968 1880064
764 1 1916928 1921024
764 1 1925120 1929216
765 1 454656 458752
765 1 466944 471040
765 1 475136 479232
764 1 1933312 1945600
765 1 483328 495616
764 1 1953792 1961984
765 1 503808 512000
764 1 1970176 1974272
765 1 528384 532480
764 1 1990656 1998848
765 1 557056 561152
765 1 565248 577536
765 1 581632 585728
764 1 2011136 2019328
764 1 2031616 2043904
764 1 2048000 2052096
765 1 593920 598016
765 1 602112 606208
976 1 1622016 1626112
764 1 2056192 2064384
764 1 2068480 2072576
338 1 1478656 1482752
765 1 630784 634880
764 1 2076672 2080768
766 1 45056 53248
765 1 659456 663552
764 1 2084864 2088960
766 1 57344 61440
765 1 700416 704512
764 1 2093056 2097152
766 1 118784 122880
158 1 24576 28672
766 1 131072 135168
765 1 737280 741376
765 1 745472 761856
766 1 143360 147456
765 1 770048 774144
159 1 0 98304
766 1 204800 208896
765 2 782336 786432 786432 790528
765 1 802816 806912
157 1 200704 204800
158 1 57344 61440
765 1 811008 815104
765 1 827392 835584
158 1 106496 110592
157 1 294912 299008
765 1 843776 847872
157 1 417792 421888
765 1 864256 868352
158 1 122880 126976
765 1 880640 888832
157 1 446464 450560
158 1 139264 143360
158 1 159744 163840
765 1 892928 897024
158 1 176128 184320
157 1 462848 466944
765 1 905216 913408
765 1 929792 933888
158 1 188416 196608
157 1 471040 475136
766 1 212992 217088
158 1 475136 479232
157 1 483328 487424
157 1 532480 536576
158 1 487424 491520
157 1 593920 598016
158 1 540672 544768
179 1 831488 987136
157 1 651264 655360
157 1 671744 679936
158 1 573440 577536
157 1 692224 696320
766 1 221184 225280
158 1 692224 696320
157 1 737280 741376
766 1 229376 233472
158 1 724992 729088
157 1 864256 868352
766 1 237568 249856
158 1 749568 753664
157 1 942080 946176
158 1 782336 786432
157 1 950272 954368
765 1 950272 954368
158 1 831488 839680
157 1 1011712 1015808
765 1 962560 966656
765 1 987136 991232
157 1 1056768 1060864
765 1 999424 1007616
766 1 266240 270336
765 1 1011712 1015808
765 1 1024000 1028096
766 1 294912 299008
765 1 1032192 1036288
765 1 1044480 1048576
766 1 311296 319488
765 1 1056768 1060864
765 1 1077248 1081344
766 1 327680 335872
765 1 1085440 1093632
765 1 1126400 1130496
158 1 884736 888832
766 1 344064 348160
765 1 1134592 1138688
158 1 946176 950272
157 1 1073152 1077248
767 1 16384 20480
766 1 356352 364544
157 1 1224704 1228800
157 1 1269760 1273856
767 1 417792 421888
766 1 368640 372736
157 1 1277952 1282048
766 1 376832 380928
765 1 1146880 1155072
766 1 393216 397312
766 1 409600 417792
310 1 1815040 1819136
158 1 983040 987136
819 1 1208320 1216512
158 1 999424 1003520
158 1 1052672 1056768
819 1 1314816 1318912
158 1 1069056 1073152
766 1 425984 430080
765 1 1163264 1175552
158 1 1134592 1138688
768 1 626688 630784
158 1 1261568 1265664
765 1 1179648 1196032
766 1 442368 450560
768 1 720896 724992
158 1 1314816 1318912
765 1 1208320 1216512
330 1 1646592 1650688
765 1 1232896 1236992
766 1 462848 466944
768 1 966656 970752
157 1 1323008 1331200
765 1 1241088 1245184
768 1 974848 978944
766 1 479232 483328
157 1 1380352 1384448
816 1 1277952 1282048
157 1 1458176 1462272
816 1 1523712 1527808
766 1 520192 524288
816 1 1671168 1675264
157 1 1466368 1470464
816 1 1966080 1970176
302 1 2052096 2056192
157 1 1515520 1519616
157 1 1523712 1527808
157 1 1536000 1540096
157 1 1568768 1572864
765 1 1265664 1269760
157 1 1613824 1617920
765 1 1277952 1282048
157 1 1744896 1748992
765 1 1347584 1351680
157 1 1753088 1757184
765 1 1355776 1363968
157 1 1818624 1822720
765 1 1372160 1380352
157 1 1863680 1867776
765 1 1400832 1404928
157 1 1966080 1970176
765 1 1433600 1441792
766 1 532480 536576
765 1 1454080 1458176
157 1 1994752 1998848
766 1 552960 557056
766 1 561152 569344
855 1 1155072 1163264
766 1 589824 593920
601 1 921600 925696
766 1 643072 647168
827 1 1724416 1728512
766 1 688128 692224
766 1 700416 704512
765 1 1466368 1470464
157 1 2035712 2039808
765 1 1503232 1507328
766 1 708608 729088
765 1 1511424 1523712
765 1 1527808 1531904
765 1 1536000 1540096
765 1 1544192 1548288
765 1 1568768 1572864
173 1 1232896 1249280
766 1 770048 774144
765 1 1589248 1593344
818 1 266240 270336
765 1 1609728 1613824
765 1 1630208 1634304
765 1 1654784 1658880
765 1 1675264 1679360
765 1 1703936 1708032
765 1 1716224 1720320
765 1 1728512 1732608
819 1 1331200 1335296
819 1 1589248 1593344
765 1 1736704 1748992
765 1 1757184 1765376
765 1 1789952 1794048
765 1 1802240 1806336
765 2 1830912 1835008 1835008 1839104
765 1 1859584 1863680
819 1 1691648 1695744
765 1 1884160 1888256
819 1 1908736 1912832
823 1 192512 196608
822 1 606208 610304
823 1 413696 417792
822 1 1236992 1241088
765 1 1892352 1896448
820 1 643072 647168
765 1 1912832 1916928
822 1 1470464 1474560
820 1 811008 815104
765 1 1933312 1937408
823 1 565248 569344
820 1 1695744 1699840
822 1 1708032 1712128
822 1 1814528 1818624
765 1 1949696 1953792
822 1 1904640 1908736
823 1 1060864 1064960
765 1 2002944 2007040
823 1 1519616 1523712
823 1 1724416 1728512
765 1 2011136 2027520
765 1 2031616 2035712
823 1 1912832 1921024
878 1 147456 151552
824 1 421888 425984
878 1 303104 311296
824 1 827392 831488
876 1 1433600 1437696
876 1 1888256 1892352
823 1 1933312 1941504
765 1 2052096 2064384
817 1 520192 524288
817 1 872448 876544
817 1 901120 905216
817 1 1470464 1474560
817 1 1511424 1515520
817 1 1564672 1568768
158 3 1363968 1572864 1572864 1835008 1835008 1880064
817 1 1941504 1945600
877 1 245760 249856
877 1 700416 708608
877 1 1155072 1163264
583 1 786432 790528
877 1 1609728 1617920
877 1 1789952 1794048
877 1 1941504 1945600
877 1 2093056 2097152
169 1 315392 323584
586 1 0 4096
158 1 1880064 2097152
586 1 12288 16384
585 1 1572864 1585152
586 1 20480 24576
583 1 794624 806912
587 1 462848 466944
586 1 53248 57344
586 1 69632 73728
587 1 475136 479232
586 1 77824 86016
586 1 180224 184320
164 1 274432 290816
586 1 188416 192512
586 1 270336 274432
310 1 1556992 1561088
586 1 278528 282624
586 1 286720 290816
586 1 294912 299008
169 1 323584 327680
586 1 581632 585728
186 1 1863680 1884160
583 1 655360 659456
298 1 2073088 2077184
583 1 688128 692224
186 1 1884160 1888256
310 1 1856000 1860096
310 1 1704448 1708544
310 1 1290752 1294848
976 1 1622016 1626112
310 1 1401344 1405440
75 1 1875968 1880064
458 1 184320 196608
809 1 507904 512000
976 1 1622016 1626112
164 1 286720 303104
186 1 1888256 1908736
186 1 1908736 1912832
495 1 1236992 1241088
125 1 1675264 1703936
976 1 1622016 1626112
354 1 995328 999424
583 1 655360 659456
186 1 1912832 1929216
583 1 786432 790528
586 1 0 4096
586 1 12288 16384
586 1 20480 24576
585 1 1572864 1585152
583 1 794624 806912
586 1 53248 57344
587 1 462848 466944
587 1 475136 479232
586 1 69632 73728
586 1 77824 81920
586 1 180224 184320
586 1 188416 192512
586 1 270336 274432
586 1 278528 282624
186 1 1929216 1933312
586 1 286720 290816
586 1 294912 299008
586 1 581632 585728
583 1 688128 692224
382 1 184320 188416
380 1 65536 77824
370 1 1458176 1462272
678 1 978944 983040
595 1 925696 929792
783 1 647168 651264
2 1 110592 114688
509 1 1236992 1241088
748 1 1904640 1912832
142 1 385024 389120
976 1 1622016 1626112
196 1 1564672 1572864
705 1 409600 413696
252 1 729088 733184
196 1 1572864 1576960
168 2 782336 786432 786432 856064
238 1 2039808 2043904
339 1 1900544 1904640
371 1 815104 819200
775 1 122880 126976
139 1 856064 872448
168 1 856064 860160
186 1 1933312 1953792
186 1 1953792 1957888
636 1 1048576 1052672
681 1 1249280 1253376
130 1 544768 557056
261 1 765952 770048
96 1 1617920 1622016
863 1 1826816 1835008
102 1 1380352 1384448
120 1 1179648 1183744
241 1 204800 212992
863 1 1843200 1847296
264 1 1200128 1204224
311 1 823296 888832
329 1 614400 618496
312 1 1052672 1056768
377 1 622592 626688
312 1 1114112 1118208
312 1 1200128 1204224
312 1 1282048 1286144
312 1 1314816 1318912
312 1 1339392 1343488
312 1 1351680 1355776
312 1 1359872 1363968
376 1 1544192 1548288
332 1 1490944 1495040
311 1 888832 892928
164 1 299008 327680
186 1 1957888 1978368
976 1 1622016 1626112
186 1 1978368 1982464
311 1 180224 184320
831 1 1941504 1945600
77 1 557056 561152
81 1 1503232 1511424
595 1 929792 937984
601 1 1794048 1798144
951 1 184320 192512
831 1 536576 540672
297 1 110592 114688
168 1 860160 897024
164 1 323584 331776
983 1 81920 90112
186 1 1982464 2002944
186 1 2002944 2007040
168 1 897024 901120
976 1 1622016 1626112
57 1 1806336 1810432
812 1 1198080 1207808
401 1 442368 446464
401 1 442368 446464
145 1 794624 798720
403 1 172032 225280
403 1 225280 229376
832 1 679936 688128
481 2 1236992 1310720 1310720 1331200
481 1 360448 364544
481 1 352256 356352
583 1 655360 659456
583 1 786432 790528
976 1 1622016 1630208
586 1 0 4096
586 1 12288 16384
585 1 1572864 1585152
586 1 20480 24576
583 1 794624 806912
587 1 462848 466944
586 1 53248 57344
587 1 475136 479232
586 1 69632 73728
586 1 77824 81920
586 1 180224 184320
586 1 188416 192512
586 1 270336 274432
586 1 278528 282624
586 1 286720 290816
586 1 294912 299008
586 1 581632 585728
976 1 1626112 1630208
583 1 688128 692224
583 1 786432 790528
585 1 1572864 1585152
586 1 0 4096
583 1 794624 806912
586 1 12288 16384
586 1 20480 24576
586 1 53248 57344
587 1 462848 466944
586 1 69632 77824
587 1 475136 479232
583 1 655360 659456
586 1 81920 86016
586 1 180224 184320
586 1 188416 192512
586 1 270336 274432
586 1 278528 282624
586 1 286720 290816
586 1 294912 299008
586 1 581632 585728
583 1 688128 692224
371 1 32768 36864
139 1 802816 806912
307 1 1544192 1548288
695 1 57344 61440
125 1 1699840 1728512
976 1 1626112 1630208
186 1 2007040 2023424
164 1 1486848 1495040
186 1 2023424 2027520
164 1 1495040 1499136
388 1 1675264 1679360
125 1 1724416 1757184
186 1 2027520 2043904
164 1 327680 339968
583 1 786432 790528
583 1 794624 806912
186 1 2043904 2048000
585 1 1572864 1576960
587 1 462848 466944
583 1 655360 659456
587 1 475136 479232
586 1 0 4096
586 1 12288 16384
586 1 20480 24576
585 1 1576960 1585152
586 1 53248 57344
186 1 2048000 2068480
586 1 69632 77824
586 1 81920 86016
586 1 180224 184320
586 1 188416 192512
586 1 270336 274432
586 1 278528 282624
586 1 286720 290816
586 1 294912 299008
583 1 688128 692224
586 1 581632 585728
600 1 1036288 1040384
186 1 2068480 2072576
339 1 1863680 1867776
365 1 991232 999424
611 1 925696 929792
976 1 1626112 1630208
94 1 671744 684032
377 1 323584 327680
180 2 774144 786432 786432 876544
164 1 335872 352256
186 1 2072576 2093056
180 1 876544 880640
186 1 2093056 2097152
383 1 1327104 1331200
230 1 1728512 1732608
199 1 483328 512000
420 1 888832 892928
262 1 1429504 1433600
199 1 512000 516096
642 1 1896448 1900544
139 1 868352 888832
120 1 1241088 1245184
187 1 0 20480
187 1 20480 24576
187 1 1331200 1335296
976 1 1626112 1630208
125 1 1753088 1761280
187 1 24576 40960
187 1 40960 45056
354 1 1257472 1261568
523 1 802816 806912
789 1 2048000 2052096
656 1 1150976 1277952
410 1 323584 327680
656 1 1277952 1282048
892 1 1540096 1544192
675 1 2039808 2043904
892 1 1540096 1544192
909 1 172032 176128
460 1 1167360 1220608
664 1 618496 622592
507 1 368640 372736
180 1 450560 454656
460 1 1220608 1224704
652 1 742400 751104
139 1 884736 901120
897 1 1421312 1425408
879 1 458752 462848
878 1 454656 462848
897 1 1789952 1794048
879 1 614400 618496
878 1 1048576 1052672
905 1 106496 110592
879 1 802816 806912
880 1 180224 184320
905 1 327680 331776
878 1 1302528 1306624
879 1 1540096 1544192
905 1 598016 602112
879 1 1687552 1703936
898 1 352256 356352
909 1 192512 196608
898 1 806912 811008
899 1 73728 77824
909 1 249856 253952
898 1 1261568 1265664
899 1 528384 536576
880 1 471040 475136
898 1 1716224 1720320
909 1 610304 614400
899 1 987136 991232
880 1 876544 880640
906 1 598016 602112
899 1 1449984 1454080
909 1 700416 704512
900 1 0 4096
899 1 1622016 1626112
909 1 962560 966656
900 1 385024 389120
909 1 1175552 1179648
913 1 225280 229376
900 1 536576 540672
0 1 1060864 1064960
906 1 937984 942080
900 1 978944 983040
906 1 974848 978944
913 1 479232 483328
48 1 1073152 1077248
904 1 1937408 1941504
899 1 1871872 1875968
906 1 1785856 1789952
913 1 724992 729088
370 1 991232 995328
908 1 40960 45056
899 1 1941504 1945600
906 1 1896448 1900544
913 1 1105920 1110016
908 1 434176 438272
910 1 917504 921600
913 1 1273856 1277952
899 1 1961984 1966080
803 1 299008 307200
908 1 974848 978944
913 1 1536000 1540096
910 1 1019904 1024000
899 1 1978368 1982464
908 1 1216512 1224704
913 1 1662976 1667072
48 1 1961984 1966080
908 1 1691648 1695744
910 1 1032192 1036288
497 1 221184 225280
899 1 1994752 1998848
917 1 319488 323584
72 1 2093056 2097152
912 1 36864 40960
187 1 45056 65536
910 1 1302528 1306624
899 1 2011136 2015232
72 1 1077248 1081344
73 1 4096 8192
242 1 1179648 1183744
912 1 147456 151552
910 1 1552384 1556480
241 1 1482752 1486848
912 1 208896 212992
910 1 1662976 1667072
912 1 970752 978944
960 1 679936 684032
917 1 593920 598016
912 1 1085440 1089536
241 1 1490944 1495040
917 1 712704 716800
917 1 1380352 1384448
917 1 1568768 1572864
899 1 2027520 2031616
899 1 2048000 2052096
899 1 2064384 2068480
899 1 2080768 2084864
912 1 1155072 1159168
907 1 479232 483328
907 1 933888 942080
914 1 225280 229376
907 1 1388544 1396736
914 1 454656 458752
907 1 1843200 1847296
914 1 765952 770048
918 1 40960 45056
912 1 1384448 1388544
911 1 299008 303104
918 1 253952 258048
918 1 368640 372736
912 1 1884160 1888256
911 1 659456 663552
918 1 1155072 1159168
918 1 1232896 1236992
912 1 1892352 1896448
911 1 1089536 1093632
918 1 1323008 1327104
912 1 1908736 1912832
912 1 1978368 1982464
916 1 65536 69632
916 1 475136 479232
918 1 1495040 1499136
915 1 241664 245760
918 1 1630208 1634304
916 1 659456 667648
915 1 487424 491520
915 1 720896 724992
916 1 692224 696320
915 1 983040 987136
916 1 913408 917504
360 1 1912832 1916928
915 1 1249280 1253376
187 1 65536 69632
337 1 978944 983040
916 1 1011712 1015808
915 1 1462272 1466368
384 1 1081344 1085440
916 1 1224704 1228800
916 1 1511424 1515520
915 1 1634304 1638400
915 1 1744896 1748992
915 1 2019328 2023424
919 1 53248 57344
919 1 102400 106496
919 1 933888 937984
919 1 999424 1003520
919 1 1699840 1703936
919 1 1957888 1961984
883 1 1073152 1101824
768 1 1540096 1544192
920 2 258048 262144 262144 385024
164 1 348160 360448
187 1 69632 90112
905 1 147456 151552
187 1 90112 94208
631 1 86016 90112
783 1 315392 319488
178 1 532480 614400
164 1 356352 385024
310 1 1794048 1798144
264 1 1507328 1511424
187 1 94208 114688
264 1 1765376 1769472
265 1 65536 69632
117 1 1298432 1302528
265 1 135168 139264
265 1 159744 163840
265 1 188416 192512
265 1 348160 352256
265 1 401408 405504
265 1 503808 507904
265 1 536576 540672
265 1 552960 557056
265 1 573440 577536
139 1 897024 913408
265 1 708608 712704
265 1 720896 724992
813 1 1622016 1626112
265 1 815104 819200
266 1 208896 212992
266 1 450560 458752
266 1 487424 491520
265 1 847872 851968
267 1 278528 282624
265 1 1703936 1712128
266 1 962560 995328
331 1 1552384 1556480
329 1 1818624 1822720
111 1 20480 24576
989 1 409600 417792
187 1 114688 118784
44 1 2011136 2015232
108 1 1458176 1462272
46 1 991232 995328
111 1 884736 888832
112 1 684032 688128
109 1 987136 991232
46 1 1503232 1507328
109 1 1277952 1282048
109 1 1429504 1433600
115 1 114688 118784
46 1 1515520 1519616
109 1 1855488 1859584
113 1 360448 364544
110 1 327680 331776
115 1 282624 286720
113 1 1146880 1150976
113 1 1196032 1200128
110 1 1290240 1298432
113 1 1249280 1253376
114 1 0 4096
113 1 1298432 1302528
114 1 331776 335872
113 1 1351680 1355776
114 1 458752 462848
113 1 1400832 1404928
114 1 573440 577536
113 1 1449984 1454080
114 1 798720 802816
113 1 1503232 1507328
114 1 1273856 1277952
187 1 118784 139264
114 1 1679360 1683456
113 1 1708032 1712128
114 1 1839104 1843200
113 1 1761280 1765376
114 1 2056192 2060288
140 1 1359872 1363968
113 1 1810432 1814528
115 1 1699840 1708032
152 1 802816 806912
180 1 475136 479232
113 1 1880064 1884160
123 1 2093056 2097152
143 1 909312 913408
142 1 1257472 1261568
164 1 1839104 1843200
150 1 1413120 1417216
151 1 155648 159744
168 1 864256 868352
178 1 1503232 1507328
141 1 626688 630784
208 1 1433600 1437696
141 1 1990656 1994752
178 1 1798144 1802240
151 1 1536000 1540096
149 1 1953792 1957888
179 1 1200128 1204224
166 1 315392 319488
165 1 1105920 1110016
167 1 12288 16384
166 1 593920 598016
167 1 1474560 1478656
166 1 1806336 1810432
211 1 1323008 1343488
166 1 1957888 1961984
178 1 614400 618496
187 1 139264 143360
656 2 1282048 1310720 1310720 1376256
210 1 1343488 1347584
656 1 1376256 1380352
292 2 1564672 1572864 1572864 1609728
815 1 16384 20480
139 1 909312 921600
821 1 782336 786432
187 1 143360 163840
292 1 1609728 1613824
187 1 163840 167936
310 1 1794048 1798144
339 1 2064384 2068480
164 1 380928 409600
292 1 1613824 1622016
36 1 2068480 2080768
187 1 167936 188416
64 1 1228800 1236992
292 1 1622016 1626112
187 1 188416 192512
310 1 1794048 1798144
164 1 405504 417792
660 1 1638400 1642496
292 1 1626112 1634304
187 1 192512 212992
187 1 212992 217088
369 1 1216512 1220608
257 1 1163264 1167360
164 1 1634304 1667072
125 1 1757184 1765376
164 1 1667072 1671168
187 1 217088 233472
187 1 233472 237568
800 1 167936 176128
467 1 937984 942080
656 1 1380352 1433600
812 1 1207808 1214464
656 1 1433600 1437696
573 1 799744 803840
513 1 685056 689152
823 1 1265664 1269760
292 1 1634304 1638400
208 2 1564672 1572864 1572864 1699840
525 1 1687552 1691648
761 1 1187840 1191936
823 1 1265664 1269760
176 1 1761280 1781760
526 1 1716224 1720320
561 1 1032192 1036288
558 1 770048 778240
176 1 1781760 1785856
208 1 1699840 1703936
373 1 1504256 1512448
164 1 413696 421888
187 1 237568 258048
507 1 1998848 2002944
54 1 1736704 1744896
168 1 1351680 1359872
194 1 1359872 1363968
305 1 380928 385024
187 1 258048 262144
812 1 1214464 1215488
727 1 1425408 1437696
42 1 1855488 1871872
878 1 462848 471040
340 1 1466368 1470464
812 1 1215488 1219072
431 1 348160 356352
431 1 352256 356352
188 1 1355776 1388544
188 1 1388544 1392640
794 1 712704 716800
795 1 0 167936
794 3 716800 786432 786432 1048576 1048576 1232896
795 3 167936 262144 262144 524288 524288 684032
794 3 1232896 1310720 1310720 1572864 1572864 1748992
795 2 684032 786432 786432 978944
794 2 1748992 1835008 1835008 2097152
812 1 1219072 1220608
289 1 970752 974848
164 1 417792 442368
187 1 262144 282624
187 1 282624 286720
768 1 724992 749568
571 1 1462272 1466368
69 1 167936 172032
601 1 62976 64512
420 1 577536 581632
745 1 294912 299008
706 1 843776 847872
159 1 897024 909312
601 1 64512 66560
340 1 1560576 1568768
199 1 1863680 1867776
199 1 1871872 1875968
125 1 1761280 1794048
187 1 286720 303104
601 1 1798144 1802240
187 1 303104 307200
164 1 438272 450560
187 1 307200 327680
187 1 327680 331776
101 1 929792 937984
187 1 331776 352256
187 1 352256 356352
139 1 917504 933888
187 1 356352 376832
187 1 376832 380928
164 1 446464 458752
187 1 380928 401408
187 1 401408 405504
149 1 241664 245760
91 1 1806336 1810432
164 1 454656 479232
187 1 405504 425984
187 1 425984 430080
230 1 1732608 1736704
913 1 1449984 1454080
164 1 475136 483328
187 1 430080 450560
187 1 450560 454656
164 1 479232 491520
958 1 1781760 1785856
147 1 1351680 1355776
187 1 454656 475136
187 1 475136 479232
339 1 2068480 2072576
520 1 1511424 1519616
228 1 1159168 1163264
586 1 0 4096
228 1 1212416 1216512
585 1 1572864 1585152
586 1 12288 16384
228 1 1245184 1249280
583 1 786432 790528
586 1 20480 24576
583 1 794624 806912
228 1 1298432 1302528
587 1 462848 466944
586 1 53248 57344
228 1 1310720 1314816
587 1 475136 479232
586 1 69632 73728
228 1 1368064 1372160
586 1 77824 86016
228 1 1413120 1425408
229 1 32768 36864
586 1 180224 184320
228 1 1511424 1515520
229 1 45056 53248
586 1 188416 192512
229 1 118784 122880
228 1 1531904 1536000
586 1 270336 274432
228 1 1630208 1634304
229 1 196608 200704
586 1 278528 282624
228 1 1646592 1650688
586 1 286720 290816
229 1 221184 225280
586 1 294912 299008
228 1 1662976 1667072
229 1 229376 233472
586 1 581632 585728
229 1 237568 241664
229 1 262144 266240
228 1 1675264 1683456
229 1 364544 368640
228 1 1687552 1691648
229 1 434176 438272
228 1 1703936 1708032
229 1 495616 499712
228 1 1757184 1761280
27 1 1245184 1249280
228 1 1822720 1826816
228 1 1880064 1884160
229 1 532480 540672
228 1 1949696 1953792
229 1 557056 561152
228 1 1957888 1970176
229 1 593920 602112
229 1 626688 630784
583 1 655360 659456
229 1 655360 659456
0 1 1052672 1060864
229 1 671744 675840
48 1 1961984 1966080
228 1 1974272 1978368
229 1 753664 757760
228 1 2068480 2072576
228 1 2093056 2097152
159 1 1896448 1900544
496 1 1585152 1589248
171 1 995328 999424
219 1 200704 204800
229 1 782336 786432
230 1 0 4096
156 1 1409024 1413120
229 1 790528 798720
219 1 323584 327680
156 1 1912832 1916928
230 1 45056 49152
229 1 802816 806912
172 1 921600 925696
216 1 2002944 2007040
230 1 143360 147456
229 1 856064 860160
219 1 372736 376832
229 1 864256 868352
219 1 421888 425984
219 1 536576 540672
229 1 876544 880640
230 1 159744 163840
219 1 876544 880640
229 1 1003520 1007616
219 1 1294336 1298432
229 1 1032192 1036288
230 1 176128 180224
230 1 204800 208896
236 1 1392640 1396736
585 1 1572864 1585152
583 1 688128 692224
452 1 2043904 2048000
471 1 565248 569344
230 1 225280 229376
586 1 0 4096
456 1 487424 491520
583 1 786432 790528
239 1 225280 229376
497 1 319488 323584
72 1 1081344 1085440
230 1 245760 249856
468 1 1982464 1986560
586 1 12288 16384
229 1 1159168 1163264
586 1 20480 24576
230 1 262144 266240
276 1 1179648 1183744
73 1 0 4096
583 1 794624 806912
586 1 53248 57344
230 1 311296 315392
240 1 344064 348160
240 1 667648 671744
587 1 462848 466944
586 1 69632 73728
248 1 1396736 1400832
587 1 475136 479232
229 1 1200128 1204224
586 1 77824 81920
230 1 364544 368640
586 1 180224 184320
229 1 1228800 1232896
586 1 188416 192512
229 1 1249280 1253376
230 1 471040 475136
586 1 270336 274432
229 1 1290240 1294336
241 1 1507328 1511424
586 1 278528 282624
229 1 1429504 1433600
457 1 1462272 1466368
229 1 1536000 1540096
229 1 1544192 1548288
586 1 286720 290816
230 1 581632 614400
229 1 1560576 1564672
229 1 1593344 1597440
586 1 294912 299008
276 1 1818624 1822720
520 1 1097728 1101824
586 1 581632 585728
230 1 643072 655360
240 1 1105920 1110016
242 1 1376256 1380352
170 1 987136 991232
264 1 1064960 1069056
170 1 1003520 1007616
170 1 1650688 1654784
229 1 1613824 1617920
218 1 811008 815104
264 1 1073152 1077248
218 1 1433600 1437696
264 1 1081344 1085440
312 1 1048576 1052672
229 1 1626112 1630208
328 1 1732608 1736704
229 1 1748992 1753088
229 1 1781760 1785856
360 1 1105920 1110016
218 1 1552384 1556480
229 1 1826816 1830912
229 1 1896448 1900544
229 1 1953792 1957888
157 1 753664 757760
157 1 950272 954368
230 1 765952 770048
454 1 1155072 1159168
237 1 258048 262144
470 1 462848 471040
470 1 483328 487424
238 1 315392 319488
238 1 1482752 1486848
238 1 2076672 2080768
469 1 749568 753664
250 1 36864 40960
250 1 364544 368640
237 1 618496 626688
250 1 405504 409600
237 1 966656 970752
237 1 1257472 1261568
237 1 1413120 1417216
237 1 1867776 1871872
249 1 188416 192512
249 1 344064 348160
249 1 1007616 1011712
249 1 1056768 1060864
249 1 1126400 1130496
249 1 1175552 1179648
363 1 692224 696320
249 1 1224704 1228800
387 1 606208 614400
249 1 1277952 1282048
250 1 471040 475136
251 1 143360 147456
250 1 692224 696320
249 1 1327104 1331200
251 1 294912 299008
252 1 1785856 1794048
251 1 2052096 2056192
250 1 1040384 1044480
249 1 1376256 1380352
250 1 1323008 1327104
255 1 356352 360448
249 1 1429504 1433600
250 1 1703936 1708032
255 1 733184 741376
249 1 1478656 1482752
255 1 827392 831488
249 1 1695744 1699840
250 1 1855488 1859584
296 1 1339392 1347584
249 1 1744896 1748992
300 1 716800 720896
255 1 2072576 2076672
249 1 1798144 1802240
250 1 2015232 2019328
249 1 1867776 1871872
299 1 913408 917504
380 1 1130496 1134592
249 1 1925120 1929216
253 1 69632 77824
254 1 20480 24576
254 1 372736 376832
254 1 942080 946176
254 1 1708032 1716224
254 1 1753088 1757184
254 1 1765376 1769472
298 1 1241088 1245184
253 1 638976 643072
297 1 610304 614400
297 1 1974272 1978368
381 1 1343488 1347584
381 1 1609728 1613824
583 1 655360 659456
583 1 688128 692224
381 1 1929216 1933312
382 1 1380352 1384448
383 1 155648 159744
383 1 1544192 1548288
384 1 811008 815104
475 1 1191936 1196032
476 1 483328 491520
480 1 1851392 1855488
382 1 1847296 1851392
473 1 1871872 1875968
474 1 1634304 1638400
481 1 1118208 1122304
474 1 1773568 1777664
482 1 434176 438272
483 1 1122304 1126400
483 1 1490944 1495040
482 1 712704 716800
515 1 573440 577536
397 1 1572864 1576960
482 1 1224704 1228800
484 1 249856 253952
513 1 974848 978944
515 1 868352 872448
513 1 1220608 1224704
512 1 1413120 1417216
482 1 1486848 1490944
515 1 950272 954368
482 1 1785856 1789952
513 1 1904640 1908736
515 1 1351680 1355776
482 1 1937408 1941504
515 1 1540096 1544192
482 1 2088960 2093056
513 1 2035712 2039808
515 1 1576960 1626112
141 1 1220608 1228800
583 1 655360 659456
233 1 1736704 1740800
514 1 2048000 2052096
586 1 0 4096
586 1 12288 16384
375 1 1851392 1855488
586 1 20480 24576
375 1 1859584 1863680
375 1 1867776 1871872
586 1 53248 57344
585 1 1572864 1585152
586 1 69632 73728
583 1 688128 692224
500 1 114688 118784
586 1 77824 86016
583 1 786432 790528
586 1 180224 184320
586 1 188416 192512
482 1 1925120 1929216
586 1 270336 274432
586 1 278528 282624
583 1 794624 806912
586 1 286720 290816
587 1 462848 466944
587 1 475136 479232
710 1 1921024 1925120
586 1 294912 299008
586 1 581632 585728
362 1 1314816 1318912
696 1 1490944 1495040
14 1 1761280 1773568
101 1 1892352 1990656
709 1 1736704 1744896
14 1 1773568 1777664
101 1 1990656 2056192
339 1 1867776 1871872
663 1 1966080 2035712
104 2 413696 524288 524288 638976
79 1 1294336 1310720
79 1 1314816 1343488
79 1 1359872 1363968
104 2 638976 786432 786432 790528
79 1 1343488 1359872
367 1 569344 585728
79 1 1363968 1372160
79 1 1425408 1429504
367 1 585728 598016
365 1 94208 180224
365 1 180224 262144
365 1 262144 266240
79 1 1368064 1372160
525 1 471040 475136
201 1 1196032 1200128
201 2 1200128 1310720 1310720 1318912
241 1 1803776 1804800
201 1 1318912 1323008
583 1 655360 659456
583 1 786432 790528
585 1 1572864 1585152
586 1 0 4096
583 1 794624 806912
586 1 12288 16384
586 1 20480 24576
587 1 462848 466944
586 1 53248 57344
587 1 475136 479232
586 1 69632 77824
586 1 86016 90112
586 1 180224 184320
586 1 188416 192512
586 1 270336 274432
586 1 278528 282624
586 1 286720 290816
586 1 294912 299008
586 1 581632 585728
583 1 688128 692224
831 1 1941504 1945600
600 1 1040384 1048576
661 1 905216 912384
324 1 643072 647168
583 1 786432 790528
583 1 794624 806912
586 1 0 4096
586 1 12288 16384
586 1 20480 24576
585 1 1572864 1585152
586 1 53248 57344
586 1 69632 73728
586 1 77824 86016
587 1 462848 466944
586 1 180224 184320
586 1 188416 192512
587 1 475136 479232
586 1 270336 274432
586 1 278528 282624
586 1 286720 290816
586 1 294912 299008
586 1 581632 585728
583 1 655360 659456
583 1 688128 692224
976 1 1626112 1630208
258 1 1892352 1896448
258 1 1916928 1929216
258 1 1941504 1957888
642 1 1900544 1908736
664 1 0 86016
354 1 1482752 1503232
225 1 1052672 1056768
435 1 1826816 1830912
663 2 1667072 1835008 1835008 2097152
628 1 1572864 1576960
664 3 86016 262144 262144 524288 524288 602112
665 2 0 262144 262144 499712
666 2 0 262144 262144 466944
197 2 520192 524288 524288 536576
667 2 0 262144 262144 434176
139 1 929792 946176
164 1 487424 495616
664 2 602112 786432 786432 1048576
665 3 499712 524288 524288 786432 786432 1015808
197 1 536576 540672
187 1 479232 507904
627 1 491520 495616
756 1 1937408 1941504
666 3 466944 524288 524288 786432 786432 983040
667 3 434176 524288 524288 786432 786432 950272
187 1 507904 512000
664 2 1048576 1310720 1310720 1564672
976 1 1626112 1630208
665 3 1015808 1048576 1048576 1310720 1310720 1531904
666 3 983040 1048576 1048576 1310720 1310720 1499136
667 3 950272 1048576 1048576 1310720 1310720 1466368
340 1 417792 421888
664 3 1564672 1572864 1572864 1835008 1835008 2080768
351 1 1032192 1036288
664 1 2080768 2097152
193 1 1785856 1789952
666 3 1499136 1572864 1572864 1835008 1835008 2015232
191 1 2002944 2080768
668 2 0 262144 262144 401408
667 3 1466368 1572864 1572864 1835008 1835008 1982464
665 3 1531904 1572864 1572864 1835008 1835008 2048000
666 1 2015232 2097152
667 1 1982464 2097152
665 1 2048000 2097152
202 1 225280 249856
668 3 401408 524288 524288 786432 786432 917504
191 1 2080768 2084864
668 1 917504 1048576
202 1 249856 253952
669 2 0 262144 262144 499712
795 1 757760 765952
668 2 1048576 1310720 1310720 1564672
669 3 499712 524288 524288 786432 786432 1015808
668 3 1564672 1572864 1572864 1835008 1835008 2080768
113 1 528384 532480
164 1 491520 520192
668 1 2080768 2097152
187 2 512000 524288 524288 532480
599 1 172032 180224
146 1 1855488 1859584
187 1 532480 536576
896 1 57344 65536
605 1 659456 663552
598 1 1282048 1286144
48 1 1724416 1732608
621 1 860160 864256
186 1 1073152 1101824
199 1 1687552 1699840
186 1 1101824 1105920
199 1 1699840 1703936
274 1 761856 765952
327 1 434176 446464
274 1 774144 778240
537 1 929792 933888
976 1 1626112 1630208
327 1 446464 450560
146 1 1777664 1781760
669 1 180224 184320
181 1 602112 618496
181 1 618496 622592
913 1 1347584 1351680
865 1 1400832 1404928
139 1 942080 958464
166 1 684032 700416
117 1 1155072 1159168
187 1 536576 557056
273 1 0 4096
166 1 700416 704512
187 1 557056 561152
139 1 954368 970752
95 1 545792 549888
187 1 561152 581632
976 1 1626112 1638400
187 1 581632 585728
583 1 786432 790528
583 1 794624 806912
514 1 995328 999424
587 1 462848 466944
701 1 557056 561152
587 1 475136 479232
586 1 0 4096
585 1 1572864 1585152
586 1 12288 16384
586 1 20480 24576
586 1 53248 57344
586 1 69632 77824
586 1 81920 90112
586 1 180224 184320
586 1 188416 192512
586 1 270336 274432
139 1 966656 978944
586 1 278528 282624
586 1 286720 290816
586 1 294912 299008
586 1 581632 585728
187 1 585728 606208
583 1 655360 659456
583 1 688128 692224
161 1 659456 671744
187 1 606208 610304
545 2 1183744 1310720 1310720 1462272
192 1 131072 196608
125 1 1789952 1818624
192 1 196608 262144
192 1 262144 327680
192 1 327680 360448
187 1 610304 626688
187 1 626688 630784
192 1 360448 364544
117 1 1167360 1171456
113 1 1519616 1523712
311 1 1400832 1409024
26 1 1310720 1314816
2 1 475136 479232
0 1 1048576 1052672
265 1 720896 724992
0 1 1060864 1069056
376 1 925696 929792
265 1 757760 761856
265 1 765952 770048
384 1 1081344 1085440
289 1 106496 110592
162 1 348160 364544
435 1 331776 344064
384 1 1261568 1265664
435 1 348160 352256
289 1 122880 126976
289 1 151552 155648
908 1 1048576 1052672
289 1 159744 163840
408 1 1085440 1089536
289 1 196608 200704
289 1 217088 221184
600 1 1077248 1085440
289 1 270336 274432
976 1 1630208 1634304
452 1 483328 495616
452 1 499712 503808
195 1 1363968 1449984
162 1 364544 368640
0 1 167936 172032
512 1 1286144 1294336
195 1 1449984 1454080
812 1 1220608 1233408
812 1 1233408 1234432
182 1 16384 32768
304 1 1445888 1449984
230 1 1736704 1740800
340 1 1544192 1548288
192 1 364544 397312
812 1 1234432 1236480
182 1 32768 36864
842 1 1671168 1675264
192 1 397312 401408
842 1 1671168 1675264
210 1 2088960 2093056
118 1 159744 163840
224 1 892928 921600
812 1 1236480 1244672
224 1 921600 925696
812 1 1244672 1245696
466 1 1806336 1810432
812 1 1245696 1252864
444 1 466944 475136
467 1 942080 946176
714 1 118784 126976
976 1 1630208 1634304
211 2 1503232 1572864 1572864 1597440
812 1 1252864 1259520
935 1 1167360 1171456
466 1 1806336 1810432
812 1 1259520 1260544
211 1 1597440 1601536
379 1 528384 532480
447 1 1208320 1212416
204 1 1142784 1171456
556 1 1511424 1515520
517 1 1454080 1458176
118 1 368640 372736
204 1 1171456 1175552
214 1 954368 970752
812 1 1260544 1268736
214 1 970752 974848
812 1 1268736 1269760
913 1 1347584 1363968
0 1 323584 327680
166 1 704512 761856
0 1 1056768 1060864
48 1 1961984 1966080
432 1 1474560 1478656
73 1 0 4096
164 2 516096 524288 524288 532480
560 1 1900544 1904640
242 1 53248 57344
113 1 327680 331776
72 1 1081344 1085440
242 1 1376256 1380352
812 1 1269760 1280000
72 1 1605632 1609728
242 1 1814528 1818624
240 1 1183744 1187840
166 1 761856 765952
360 1 1073152 1077248
187 1 630784 651264
812 1 1280000 1281024
360 1 1916928 1921024
434 1 1486848 1490944
187 1 651264 655360
434 1 1589248 1593344
0 1 163840 172032
383 1 1933312 1937408
198 1 417792 430080
117 1 1167360 1171456
198 1 430080 434176
467 1 946176 950272
788 1 1925120 1941504
976 1 1630208 1634304
164 1 528384 536576
812 1 1281024 1289216
788 1 1937408 1941504
184 1 593920 614400
300 1 1978368 2048000
207 1 978944 987136
187 1 655360 675840
290 1 1466368 1470464
812 1 1289216 1290240
187 1 675840 679936
467 1 950272 954368
300 1 2048000 2052096
449 1 1376256 1380352
627 1 32768 36864
169 1 114688 118784
299 1 32768 36864
292 1 86016 90112
160 1 1413120 1433600
125 2 1814528 1835008 1835008 1847296
812 1 1290240 1297408
109 1 946176 954368
152 1 1724416 1728512
160 1 1433600 1437696
466 1 1806336 1810432
187 1 679936 696320
449 1 1167360 1171456
812 1 1297408 1298432
187 1 696320 700416
615 1 1048576 1052672
198 1 434176 442368
192 1 1429504 1503232
184 1 614400 618496
198 1 442368 446464
520 1 98304 106496
976 1 1630208 1634304
340 1 1536000 1540096
192 1 1503232 1507328
159 1 737280 741376
161 1 671744 688128
976 1 1630208 1634304
192 1 401408 466944
192 1 466944 520192
195 1 262144 266240
91 1 585728 589824
192 1 520192 524288
976 1 1630208 1634304
842 1 1671168 1675264
224 1 925696 946176
291 1 1703936 1708032
9 1 471040 475136
224 1 946176 950272
516 1 303104 311296
206 1 1814528 1818624
305 1 380928 385024
206 2 516096 524288 524288 528384
567 1 266240 270336
60 1 1798144 1802240
134 1 1552384 1556480
244 1 1699840 1708032
637 1 1011712 1015808
556 1 1253376 1257472
224 1 638976 671744
976 1 1630208 1638400
206 1 528384 532480
224 1 671744 675840
343 1 1826816 1830912
206 1 532480 540672
206 1 540672 544768
95 1 1896448 1900544
915 1 1720320 1724416
266 1 659456 663552
400 1 1458176 1462272
184 1 618496 667648
219 1 634880 659456
547 1 1515520 1519616
448 1 81920 86016
300 1 2052096 2097152
301 1 0 12288
190 1 1617920 1622016
219 1 659456 663552
184 1 667648 671744
615 1 913408 917504
301 1 12288 16384
210 1 1769472 1822720
842 1 1728512 1732608
976 1 1634304 1638400
842 1 1728512 1732608
246 1 1421312 1425408
193 1 1196032 1208320
210 1 1822720 1826816
547 1 1671168 1703936
193 1 1208320 1212416
668 1 1179648 1228800
150 1 1556480 1560576
668 1 1228800 1232896
157 1 163840 167936
976 1 1482752 1486848
574 1 413696 417792
207 1 1548288 1560576
207 1 1560576 1564672
508 1 1961984 1978368
240 1 1048576 1056768
782 1 225280 229376
141 1 1470464 1474560
806 1 761856 765952
708 1 2027520 2031616
78 1 454656 458752
504 1 1052672 1056768
240 1 65536 69632
726 1 1548288 1556480
504 1 1040384 1044480
240 1 892928 897024
976 1 1634304 1638400
240 1 962560 966656
177 1 1462272 1544192
540 1 1089536 1093632
177 1 1544192 1548288
324 1 757760 761856
477 1 86016 90112
898 1 118784 122880
782 1 561152 565248
219 1 1527808 1560576
219 1 1560576 1564672
513 1 958464 966656
540 1 1093632 1097728
324 1 765952 770048
187 1 1740800 1769472
270 1 270336 274432
730 1 1515520 1519616
187 1 1769472 1773568
226 1 946176 950272
116 1 1449984 1454080
692 1 98304 102400
976 1 1634304 1638400
199 1 1478656 1495040
199 1 1495040 1499136
467 1 1048576 1052672
540 1 1097728 1101824
907 1 221184 225280
855 1 1155072 1163264
249 1 1765376 1773568
164 1 532480 544768
570 1 2056192 2060288
511 1 131072 135168
187 1 700416 720896
684 1 1269760 1282048
684 1 1286144 1290240
684 1 1331200 1335296
161 1 684032 704512
447 1 499712 503808
187 1 720896 724992
224 1 675840 704512
556 1 1253376 1257472
192 1 524288 552960
239 1 1900544 1904640
116 1 1503232 1507328
449 1 806912 811008
224 1 704512 708608
192 1 552960 557056
540 1 1101824 1105920
619 1 1384448 1388544
181 1 507904 520192
181 1 520192 524288
346 1 1146880 1150976
376 1 1851392 1855488
162 1 1933312 2015232
263 1 1896448 1900544
555 1 1167360 1171456
209 2 1236992 1310720 1310720 1327104
162 1 2015232 2019328
209 1 1327104 1331200
446 1 1503232 1507328
200 1 1888256 1916928
848 1 1777664 1781760
407 1 1785856 1789952
511 1 839680 851968
631 1 1748992 1753088
240 1 532480 536576
200 1 1916928 1921024
842 1 1728512 1732608
291 1 1941504 1945600
193 1 1212416 1236992
504 1 1052672 1056768
116 1 2072576 2076672
382 1 1409024 1413120
193 1 1236992 1241088
240 1 593920 598016
240 1 614400 626688
193 1 1675264 1687552
712 1 1798144 1802240
504 1 1044480 1048576
240 1 798720 802816
193 1 1687552 1691648
976 1 1634304 1638400
340 1 1552384 1556480
240 1 872448 876544
223 1 217088 221184
230 1 1126400 1130496
223 1 225280 229376
270 1 425984 430080
691 1 16384 20480
246 1 581632 589824
244 1 1732608 1736704
246 1 675840 679936
258 1 274432 278528
259 1 20480 24576
257 1 1916928 1921024
259 1 524288 528384
258 1 729088 733184
259 1 1200128 1204224
269 1 1888256 1892352
258 1 1183744 1187840
233 1 831488 835584
259 1 1732608 1736704
733 1 1056768 1060864
240 1 65536 69632
258 1 1662976 1667072
267 1 1622016 1626112
234 1 684032 688128
235 1 487424 491520
234 1 729088 733184
235 1 528384 540672
246 1 671744 675840
235 1 544768 552960
246 1 847872 851968
263 1 172032 176128
270 1 425984 430080
245 1 1007616 1011712
186 1 827392 835584
240 1 86016 90112
234 1 684032 688128
733 1 1056768 1060864
234 1 729088 733184
235 1 491520 495616
246 1 671744 675840
235 1 528384 540672
246 1 847872 856064
269 1 630784 643072
270 1 425984 430080
235 1 544768 552960
263 1 172032 176128
240 1 286720 290816
691 1 16384 20480
245 1 892928 897024
246 1 581632 589824
246 1 675840 679936
258 1 274432 278528
258 1 729088 733184
259 1 20480 24576
245 1 1851392 1855488
259 1 524288 528384
258 1 1183744 1187840
257 1 1916928 1921024
259 1 1200128 1204224
258 1 1662976 1667072
269 1 1888256 1892352
233 1 831488 835584
259 1 1732608 1736704
240 1 413696 417792
245 1 643072 647168
267 1 1622016 1626112
235 1 487424 491520
234 1 729088 733184
235 1 528384 540672
246 1 270336 274432
246 1 671744 675840
733 1 1056768 1060864
235 1 544768 552960
270 1 425984 430080
244 1 1699840 1703936
246 1 851968 856064
269 1 630784 643072
247 1 1085440 1089536
240 1 425984 430080
263 1 172032 176128
235 1 491520 495616
976 1 1634304 1638400
745 1 311296 327680
561 1 1036288 1044480
234 1 729088 733184
691 1 16384 20480
233 1 831488 835584
246 1 581632 589824
246 1 671744 679936
258 1 274432 278528
235 1 487424 491520
244 1 1085440 1089536
235 1 528384 540672
258 1 729088 733184
245 1 458752 462848
235 1 544768 552960
258 1 1183744 1187840
245 1 1564672 1568768
258 1 1662976 1667072
259 1 20480 24576
257 1 1916928 1921024
259 1 524288 528384
270 1 425984 430080
259 1 1200128 1204224
733 1 1056768 1060864
146 1 233472 237568
259 1 1732608 1736704
270 1 430080 434176
263 1 172032 176128
267 1 1622016 1626112
246 1 851968 856064
244 1 1142784 1146880
166 1 1851392 1925120
235 1 491520 495616
225 1 1769472 1773568
245 1 1110016 1114112
269 1 630784 643072
166 1 1925120 1929216
691 1 16384 20480
232 1 1724416 1728512
246 1 581632 589824
244 1 1527808 1531904
233 1 229376 233472
244 1 1609728 1613824
246 1 671744 679936
233 1 843776 847872
245 1 700416 704512
216 2 1560576 1572864 1572864 1601536
245 1 1335296 1339392
245 1 1724416 1728512
246 1 843776 847872
245 1 1843200 1847296
235 1 528384 540672
246 1 851968 860160
245 1 1912832 1916928
248 1 512000 516096
234 1 729088 733184
235 1 544768 552960
733 1 1056768 1060864
235 1 1187840 1191936
258 1 274432 278528
161 1 1613824 1617920
233 1 1515520 1523712
259 1 20480 24576
258 1 729088 733184
257 1 1409024 1413120
258 1 1183744 1187840
259 1 524288 528384
258 1 1662976 1667072
266 1 1839104 1843200
259 1 1200128 1204224
259 1 1732608 1736704
270 1 425984 434176
263 1 172032 176128
257 1 1916928 1921024
267 1 1622016 1626112
164 1 540672 552960
244 1 1687552 1691648
234 1 688128 692224
234 1 1953792 1957888
248 1 495616 499712
246 1 176128 180224
246 1 294912 299008
245 1 651264 655360
245 1 1155072 1159168
245 1 1368064 1372160
245 1 1826816 1830912
187 1 724992 745472
216 1 1601536 1605632
116 1 569344 573440
187 1 745472 749568
250 1 733184 741376
250 1 737280 741376
228 1 1662976 1667072
293 1 1720320 1724416
219 1 1470464 1495040
219 1 0 20480
218 1 2027520 2097152
925 1 20480 24576
219 1 1495040 1499136
219 1 20480 24576
116 1 1449984 1454080
292 1 1155072 1171456
612 1 364544 376832
201 1 917504 942080
292 1 1171456 1175552
201 1 942080 946176
671 2 0 262144 262144 434176
216 1 1605632 1617920
670 2 0 262144 262144 466944
507 1 372736 380928
672 2 0 262144 262144 401408
669 3 1015808 1048576 1048576 1310720 1310720 1531904
672 3 401408 524288 524288 786432 786432 917504
671 3 434176 524288 524288 786432 786432 950272
670 3 466944 524288 524288 786432 786432 983040
216 1 1617920 1622016
669 3 1531904 1572864 1572864 1835008 1835008 2048000
672 1 917504 1048576
669 1 2048000 2097152
144 1 1159168 1163264
671 3 950272 1048576 1048576 1310720 1310720 1466368
670 3 983040 1048576 1048576 1310720 1310720 1499136
672 2 1048576 1310720 1310720 1564672
673 2 0 262144 262144 499712
671 3 1466368 1572864 1572864 1835008 1835008 1982464
178 1 1134592 1138688
670 3 1499136 1572864 1572864 1835008 1835008 2015232
672 3 1564672 1572864 1572864 1835008 1835008 2080768
671 1 1982464 2097152
673 3 499712 524288 524288 786432 786432 1015808
670 1 2015232 2097152
672 1 2080768 2097152
211 1 1789952 1798144
581 1 696320 704512
377 1 524288 528384
538 1 950272 954368
675 2 0 262144 262144 434176
211 1 1798144 1802240
674 2 0 262144 262144 466944
673 3 1015808 1048576 1048576 1310720 1310720 1531904
188 1 1040384 1044480
627 1 2093056 2097152
635 1 1744896 1748992
181 1 815104 847872
290 1 69632 196608
673 3 1531904 1572864 1572864 1835008 1835008 2048000
674 3 466944 524288 524288 786432 786432 983040
215 1 1024000 1040384
118 1 155648 159744
673 1 2048000 2097152
674 3 983040 1048576 1048576 1310720 1310720 1499136
181 1 847872 851968
512 1 1572864 1576960
203 2 491520 524288 524288 544768
215 1 1040384 1044480
290 1 196608 200704
674 3 1499136 1572864 1572864 1835008 1835008 2015232
203 1 544768 548864
674 1 2015232 2097152
144 1 466944 471040
635 1 1748992 1753088
187 1 749568 757760
141 1 1388544 1400832
253 1 630784 638976
187 1 757760 761856
797 1 1916928 1921024
290 1 200704 221184
181 1 851968 872448
848 1 778240 782336
601 1 1802240 1806336
951 1 188416 192512
265 1 1675264 1679360
290 1 221184 225280
552 2 589824 786432 786432 843776
0 1 1048576 1056768
48 1 1204224 1212416
72 1 1052672 1056768
181 1 872448 876544
72 1 1114112 1118208
72 1 1179648 1183744
72 1 1224704 1228800
165 2 491520 524288 524288 544768
72 1 1245184 1249280
88 1 1179648 1183744
279 1 1048576 1052672
146 1 1839104 1843200
165 1 544768 548864
112 1 2093056 2097152
405 1 1081344 1089536
538 1 929792 937984
405 1 1089536 1093632
186 1 2093056 2097152
187 1 0 12288
221 2 778240 786432 786432 790528
187 1 12288 16384
976 1 1634304 1646592
221 1 790528 794624
157 1 421888 438272
976 1 1638400 1642496
721 1 1155072 1163264
479 1 499712 503808
285 1 888832 892928
638 1 1277952 1282048
224 1 348160 372736
224 1 372736 376832
147 1 278528 282624
218 1 1650688 1654784
143 1 696320 700416
245 1 159744 163840
163 2 1290240 1310720 1310720 1318912
493 1 73728 77824
91 1 188416 192512
163 1 1318912 1323008
810 1 217088 221184
976 1 1638400 1642496
518 1 827392 835584
177 1 692224 704512
976 1 1638400 1642496
113 1 1318912 1323008
521 1 1499136 1503232
728 1 1515520 1519616
219 1 1572864 1597440
219 1 1597440 1601536
179 1 983040 987136
330 1 1646592 1650688
182 1 73728 77824
196 1 1077248 1081344
196 1 1286144 1290240
196 1 1343488 1347584
177 1 704512 708608
181 1 2019328 2023424
196 1 1814528 1818624
197 1 245760 249856
197 1 1282048 1286144
196 1 1871872 1875968
714 1 2072576 2080768
183 1 339968 344064
198 1 581632 598016
183 1 794624 798720
200 1 966656 970752
183 1 1249280 1253376
182 1 225280 229376
200 1 1011712 1015808
184 1 65536 69632
182 1 376832 380928
184 1 782336 786432
197 1 1478656 1482752
184 1 1236992 1241088
182 1 1073152 1077248
183 1 1703936 1708032
197 1 1556480 1560576
184 1 1691648 1695744
182 1 1527808 1531904
197 1 1871872 1875968
442 1 737280 745472
182 1 1982464 1986560
185 1 49152 53248
159 1 94208 98304
186 1 102400 106496
185 1 503808 507904
186 1 253952 258048
190 1 1298432 1302528
185 1 958464 962560
185 1 1413120 1417216
191 1 294912 299008
191 1 749568 753664
185 1 1892352 1896448
191 1 1204224 1208320
185 1 2043904 2048000
189 1 1503232 1507328
199 2 475136 524288 524288 561152
205 1 1884160 1888256
576 1 1769472 1773568
539 1 102400 110592
199 1 561152 565248
152 1 1781760 1785856
270 1 1048576 1052672
164 1 548864 569344
828 1 90112 94208
767 1 0 4096
519 1 376832 380928
189 1 1880064 1916928
796 2 0 262144 262144 430080
795 3 974848 1048576 1048576 1310720 1310720 1495040
219 2 192512 262144 262144 274432
187 1 761856 782336
189 1 1191936 1208320
189 1 1916928 1921024
714 1 122880 126976
169 1 1921024 1925120
187 1 782336 786432
795 3 1495040 1572864 1572864 1835008 1835008 2011136
796 3 430080 524288 524288 786432 786432 946176
219 1 274432 278528
976 1 1638400 1642496
795 1 2011136 2097152
667 1 106496 110592
189 1 1208320 1212416
188 1 348160 360448
796 2 946176 1048576 1048576 1302528
414 1 1081344 1085440
691 1 16384 20480
733 1 1056768 1060864
161 1 1613824 1617920
235 1 1187840 1191936
233 1 229376 233472
259 1 20480 24576
233 1 843776 847872
246 1 581632 589824
233 1 1515520 1523712
259 1 524288 528384
246 1 675840 679936
257 1 1916928 1921024
259 1 1200128 1204224
246 1 843776 847872
246 1 851968 860160
263 1 172032 176128
258 1 274432 278528
223 1 217088 221184
258 1 729088 733184
258 1 1183744 1187840
223 1 225280 229376
258 1 1662976 1667072
759 1 1245184 1249280
759 1 1552384 1556480
270 1 430080 434176
230 1 1126400 1130496
447 1 843776 847872
209 1 987136 1011712
188 1 360448 364544
573 1 1781760 1785856
557 1 1159168 1163264
311 1 229376 233472
209 1 1011712 1015808
976 1 1638400 1646592
189 1 1921024 1941504
189 1 1941504 1945600
177 1 708608 737280
196 1 1404928 1409024
469 1 786432 806912
186 1 1269760 1273856
354 1 634880 636416
516 1 1187840 1191936
712 1 1798144 1802240
420 1 1413120 1417216
193 1 1691648 1720320
420 1 577536 579584
150 1 1028096 1032192
193 1 1720320 1724416
948 1 1892352 1900544
601 1 66560 69120
177 1 737280 741376
712 1 1798144 1802240
219 1 880640 884736
69 1 167936 172032
193 1 1724416 1732608
712 1 1798144 1802240
595 1 1724416 1736704
126 1 843776 847872
193 1 1732608 1736704
732 1 1331200 1335296
413 1 835584 839680
175 1 0 49152
174 1 2060288 2097152
481 1 385024 393216
665 1 2007040 2010624
836 1 1241088 1243136
608 1 1024000 1025536
665 1 454656 464896
665 1 1048576 1110016
175 1 49152 53248
976 1 1642496 1646592
456 1 626688 629248
658 1 401408 405504
643 1 270336 278528
630 1 2072576 2076672
976 1 1642496 1646592
187 1 1761280 1794048
79 3 409600 524288 524288 786432 786432 925696
449 1 1167360 1171456
195 1 684032 765952
79 1 925696 942080
745 1 323584 327680
187 1 1794048 1798144
601 1 69120 71168
195 1 765952 770048
209 1 2015232 2019328
116 1 1908736 1912832
561 1 1044480 1048576
340 1 1470464 1474560
831 1 1941504 1945600
370 1 991232 995328
976 1 1642496 1646592
302 1 1462272 1466368
70 1 815104 819200
207 1 1966080 1978368
146 1 1875968 1880064
595 1 1732608 1744896
207 1 1978368 1982464
185 1 749568 761856
175 1 53248 81920
185 1 761856 765952
450 1 1617920 1622016
175 1 81920 86016
195 1 770048 786432
321 1 458752 462848
195 1 786432 790528
170 1 1605632 1617920
114 1 1957888 1961984
260 1 761856 770048
65 1 344064 348160
812 1 1298432 1308672
976 1 1642496 1646592
170 1 1617920 1622016
117 1 958464 962560
976 1 1642496 1646592
976 1 1642496 1646592
520 1 249856 253952
481 1 1765376 1773568
217 1 1384448 1396736
779 1 1536000 1540096
116 1 1445888 1449984
217 1 1396736 1400832
524 1 999424 1003520
283 1 1675264 1679360
724 1 790528 856064
380 1 2093056 2097152
593 1 208896 217088
762 1 1138688 1204224
763 1 0 28672
724 1 856064 921600
762 1 1204224 1269760
763 1 28672 94208
763 1 94208 159744
724 1 921600 987136
762 2 1269760 1310720 1310720 1335296
724 1 987136 1048576
762 1 1335296 1400832
763 1 159744 225280
230 1 1126400 1134592
762 1 1400832 1470464
763 2 225280 262144 262144 290816
612 1 1466368 1470464
691 1 16384 20480
762 1 1470464 1536000
233 1 831488 835584
234 1 692224 696320
234 1 729088 733184
235 1 528384 540672
246 1 581632 589824
763 1 290816 356352
235 1 544768 552960
246 1 671744 679936
245 1 1130496 1134592
762 2 1536000 1572864 1572864 1601536
246 1 847872 851968
259 1 20480 24576
246 1 856064 860160
763 1 356352 421888
259 1 524288 528384
258 1 274432 278528
259 1 1200128 1204224
258 1 729088 733184
258 1 1183744 1187840
258 1 1662976 1667072
259 1 1732608 1736704
270 1 430080 434176
257 1 1916928 1921024
762 1 1601536 1667072
269 1 1888256 1892352
267 1 1622016 1626112
263 1 172032 176128
733 1 1056768 1060864
234 1 696320 700416
246 1 851968 856064
763 1 421888 487424
244 1 1654784 1658880
268 1 212992 217088
762 1 1667072 1798144
763 2 487424 524288 524288 552960
269 1 630784 643072
763 1 552960 618496
763 1 618496 684032
762 2 1798144 1835008 1835008 1929216
199 1 348160 364544
263 1 172032 176128
763 1 684032 749568
762 1 1929216 1994752
763 2 749568 786432 786432 815104
128 1 495616 499712
762 1 1994752 2060288
172 1 1380352 1409024
271 1 1478656 1482752
763 1 815104 880640
762 1 2060288 2097152
691 1 16384 20480
976 1 1642496 1646592
733 1 1056768 1060864
234 1 700416 708608
234 1 729088 733184
199 1 364544 368640
235 1 528384 540672
235 1 544768 552960
244 1 1277952 1282048
235 1 1761280 1765376
257 1 1916928 1921024
246 1 581632 589824
246 1 671744 679936
259 1 20480 24576
246 1 843776 851968
259 1 524288 528384
246 1 856064 864256
723 1 1048576 1286144
258 1 274432 278528
258 1 729088 733184
724 1 0 61440
258 1 1183744 1187840
258 1 1662976 1667072
763 1 880640 946176
172 1 1409024 1413120
0 1 1052672 1056768
724 1 61440 126976
48 1 1073152 1077248
561 1 233472 237568
242 1 1376256 1380352
73 1 0 4096
242 1 1794048 1798144
48 1 1961984 1966080
242 1 1806336 1810432
217 1 942080 946176
763 1 946176 1011712
328 1 1519616 1523712
763 1 1011712 1028096
240 1 1183744 1187840
361 1 462848 466944
724 1 126976 192512
242 1 1843200 1847296
72 1 1077248 1081344
200 1 1507328 1511424
360 1 1912832 1921024
723 2 1286144 1310720 1310720 1372160
724 1 192512 258048
724 2 258048 262144 262144 323584
116 1 1449984 1454080
723 1 1372160 1437696
976 1 1642496 1654784
898 1 118784 122880
724 1 323584 389120
723 1 1437696 1503232
384 1 1069056 1073152
724 1 389120 454656
432 1 1060864 1064960
432 1 1069056 1073152
723 1 1503232 1568768
724 1 454656 520192
723 2 1568768 1572864 1572864 1634304
723 1 1634304 1699840
724 2 520192 524288 524288 585728
723 1 1699840 1765376
724 1 585728 651264
723 1 1765376 1830912
724 1 651264 716800
723 2 1830912 1835008 1835008 1896448
976 1 1646592 1650688
724 1 716800 782336
724 2 782336 786432 786432 790528
723 1 1896448 1961984
723 1 1961984 2027520
723 1 2027520 2093056
723 1 2093056 2097152
930 1 1454080 1458176
415 1 901120 905216
184 1 344064 385024
526 1 1466368 1470464
184 1 385024 389120
164 1 565248 573440
796 3 1298432 1310720 1310720 1572864 1572864 1675264
187 1 786432 806912
187 1 806912 811008
115 1 73728 77824
571 1 1097728 1105920
935 1 131072 143360
243 1 274432 278528
144 1 1159168 1163264
601 1 71168 73728
882 1 208896 212992
162 1 1343488 1372160
745 1 294912 299008
634 1 1204224 1208320
340 1 610304 618496
325 1 0 180224
181 1 557056 569344
162 1 1372160 1376256
601 1 73728 76288
181 1 569344 573440
148 1 1028096 1032192
994 1 262144 266240
149 1 704512 708608
122 1 1368064 1372160
586 1 151552 159744
48 1 1961984 1966080
72 1 2093056 2097152
73 1 4096 8192
242 1 1376256 1380352
276 1 1089536 1093632
217 1 937984 942080
144 1 1077248 1081344
224 1 266240 278528
816 1 1101824 1105920
976 1 1646592 1650688
116 1 1515520 1519616
346 1 897024 901120
177 1 724992 774144
169 1 786432 811008
200 1 1798144 1806336
537 1 1794048 1802240
812 1 1308672 1309696
224 1 278528 282624
219 1 991232 995328
337 1 1531904 1536000
360 1 1912832 1916928
434 1 1490944 1495040
169 1 811008 815104
177 1 774144 778240
200 1 1806336 1810432
976 1 1646592 1650688
199 1 368640 380928
199 1 380928 385024
686 1 1646592 1658880
976 1 1646592 1650688
638 1 126976 143360
777 1 1286144 1294336
686 1 1658880 1662976
401 1 1196032 1200128
200 1 1810432 1835008
169 1 815104 823296
139 1 974848 991232
216 1 1867776 1900544
39 1 1384448 1388544
169 1 823296 827392
200 1 1835008 1839104
155 1 1269760 1277952
187 1 811008 831488
216 1 1900544 1904640
948 1 1392640 1396736
211 1 1482752 1499136
187 1 831488 835584
219 1 1433600 1462272
280 1 1527808 1531904
117 1 913408 917504
216 1 1904640 1912832
218 1 1081344 1097728
219 1 1462272 1466368
216 1 1912832 1916928
118 1 499712 503808
426 1 2088960 2093056
326 1 16384 81920
746 1 462848 479232
746 1 495616 512000
746 1 528384 544768
139 1 987136 1003520
213 1 65536 77824
459 1 2060288 2064384
976 1 1646592 1650688
187 1 835584 856064
213 1 77824 81920
189 1 1413120 1437696
341 1 1495040 1511424
187 1 856064 860160
644 1 102400 106496
189 1 1437696 1441792
212 1 1552384 1564672
976 1 1646592 1650688
113 1 1732608 1736704
292 1 1638400 1671168
380 1 835584 839680
976 1 1646592 1650688
118 1 159744 163840
292 1 1671168 1675264
139 1 999424 1015808
187 1 860160 880640
113 1 1888256 1892352
187 1 880640 884736
976 1 1646592 1650688
571 1 1462272 1466368
216 1 1736704 1785856
498 1 757760 770048
447 1 622592 626688
480 1 1171456 1175552
779 1 1536000 1540096
217 1 1400832 1429504
878 1 430080 438272
119 1 573440 577536
976 1 1646592 1654784
175 1 475136 516096
216 1 1785856 1789952
217 1 1429504 1433600
665 1 442368 450560
812 2 1309696 1310720 1310720 1313280
139 1 1011712 1024000
175 1 516096 520192
328 1 696320 700416
184 2 241664 262144 262144 274432
145 1 1425408 1437696
779 1 1536000 1540096
187 1 884736 905216
217 1 1433600 1441792
779 1 1536000 1540096
184 1 274432 278528
311 1 77824 159744
187 1 905216 909312
151 1 2043904 2048000
340 1 1531904 1536000
217 1 1441792 1445888
165 1 569344 573440
311 1 159744 163840
175 2 520192 524288 524288 528384
976 1 1650688 1654784
163 1 2068480 2084864
517 1 1548288 1556480
400 1 1253376 1257472
118 1 385024 389120
175 1 528384 532480
555 1 1167360 1171456
139 1 1019904 1036288
447 1 1523712 1527808
552 1 1798144 1802240
163 1 2084864 2088960
207 1 1785856 1822720
187 1 909312 929792
207 1 1822720 1826816
187 1 929792 933888
380 1 1847296 1851392
552 1 1798144 1802240
115 1 65536 69632
552 1 1798144 1802240
207 1 1826816 1835008
120 1 516096 520192
335 1 1101824 1105920
207 1 1835008 1839104
139 1 1032192 1048576
469 1 1359872 1363968
177 1 1519616 1523712
524 1 1003520 1011712
178 1 1511424 1515520
187 1 933888 954368
976 1 1650688 1654784
214 1 1847296 1863680
236 1 2052096 2056192
237 1 1843200 1847296
794 1 901120 905216
237 1 786432 790528
240 1 1007616 1011712
100 1 135168 139264
237 1 1277952 1282048
256 1 1417216 1421312
124 1 1286144 1290240
237 1 1654784 1658880
280 1 413696 417792
239 1 376832 380928
239 1 1740800 1744896
280 1 1777664 1781760
237 1 1880064 1884160
239 1 659456 663552
281 1 1048576 1052672
238 1 1110016 1114112
285 1 278528 282624
279 1 1146880 1150976
66 1 1036288 1040384
285 1 1642496 1646592
197 1 1134592 1212416
309 1 155648 159744
238 1 581632 593920
283 1 1564672 1568768
309 1 225280 229376
309 1 274432 278528
282 1 503808 507904
282 1 1867776 1871872
187 1 954368 958464
147 1 1044480 1048576
214 1 1863680 1867776
976 1 1650688 1654784
469 1 1359872 1363968
118 1 376832 380928
197 1 1212416 1216512
213 1 1757184 1773568
120 1 1077248 1081344
810 1 421888 425984
423 1 1728512 1748992
213 1 1773568 1777664
423 1 1748992 1753088
116 1 405504 409600
958 1 1781760 1785856
643 1 274432 290816
976 1 1650688 1654784
224 1 450560 458752
115 1 126976 131072
54 1 1744896 1748992
139 1 1048576 1052672
187 2 1798144 1835008 1835008 1880064
224 1 458752 462848
118 1 380928 385024
164 1 569344 577536
48 1 1961984 1966080
72 1 2093056 2097152
73 1 4096 8192
217 1 933888 937984
219 1 1544192 1556480
187 1 958464 978944
355 1 1699840 1703936
242 1 1376256 1380352
187 1 978944 983040
337 1 409600 413696
161 1 700416 712704
187 1 1880064 1884160
219 1 1556480 1560576
174 1 1142784 1155072
192 1 557056 622592
164 1 573440 602112
192 1 622592 688128
192 1 688128 729088
139 2 1044480 1048576 1048576 1060864
187 1 983040 1011712
174 1 1155072 1159168
578 1 1433600 1441792
976 1 1650688 1654784
187 1 1011712 1015808
192 1 729088 733184
812 1 1313280 1314816
712 1 684032 688128
164 1 598016 606208
976 1 1650688 1654784
187 1 1015808 1036288
118 1 507904 512000
187 1 1036288 1040384
117 1 1200128 1204224
90 1 1830912 1835008
976 1 1650688 1654784
116 1 532480 536576
259 1 1200128 1204224
270 1 430080 438272
259 1 1732608 1736704
260 1 413696 417792
267 1 1622016 1626112
234 1 696320 700416
475 1 1015808 1019904
263 1 172032 176128
269 1 1888256 1892352
675 1 2039808 2043904
566 1 811008 815104
94 1 1847296 1851392
976 1 1650688 1654784
194 1 1052672 1056768
194 1 1060864 1064960
588 1 1576960 1581056
510 1 536576 544768
340 1 1597440 1601536
588 1 1572864 1576960
510 1 618496 622592
508 1 1527808 1531904
530 1 602112 606208
372 1 1798144 1802240
538 1 212992 217088
537 1 946176 950272
538 1 1576960 1581056
554 1 1236992 1241088
536 1 1679360 1683456
553 1 1724416 1728512
738 1 716800 724992
585 1 344064 348160
540 1 188416 192512
821 1 516096 520192
552 1 1671168 1675264
510 1 700416 704512
530 1 610304 618496
539 1 921600 925696
529 1 249856 253952
580 1 1552384 1556480
541 1 540672 544768
543 1 1740800 1744896
541 1 1196032 1200128
543 1 1748992 1753088
543 1 1835008 1839104
543 1 1851392 1855488
543 1 1867776 1871872
543 1 1884160 1888256
509 1 995328 999424
543 1 1900544 1904640
733 1 1052672 1056768
584 1 1957888 1961984
579 1 835584 839680
584 1 1974272 1978368
201 1 860160 876544
584 1 1990656 1994752
543 1 1904640 1908736
543 1 1773568 1777664
510 1 536576 544768
510 1 618496 622592
537 1 946176 950272
538 1 212992 217088
553 1 1724416 1728512
536 1 1679360 1683456
538 1 1576960 1581056
585 1 344064 348160
540 1 188416 192512
821 1 516096 520192
554 1 1236992 1241088
275 1 1839104 1851392
552 1 1671168 1675264
539 1 921600 925696
536 1 700416 704512
339 1 1900544 1904640
201 1 876544 880640
185 1 1855488 1945600
337 1 1613824 1617920
510 1 618496 622592
509 1 524288 528384
508 1 1155072 1159168
510 1 700416 704512
529 1 249856 253952
541 1 540672 544768
580 1 1552384 1556480
541 1 1196032 1200128
585 1 344064 348160
543 1 1835008 1839104
185 1 1945600 1949696
821 1 516096 520192
543 1 1851392 1855488
976 1 1650688 1662976
733 1 1052672 1056768
543 1 1867776 1871872
288 1 1056768 1060864
543 1 1884160 1888256
579 1 835584 839680
168 1 1101824 1114112
509 1 1302528 1306624
509 1 1531904 1536000
510 1 536576 544768
530 1 602112 606208
530 1 610304 618496
538 1 212992 217088
537 1 946176 950272
536 1 1679360 1683456
549 1 1564672 1568768
540 1 188416 192512
509 1 315392 319488
118 1 147456 151552
552 1 1671168 1675264
553 1 1724416 1728512
539 1 921600 925696
584 1 1957888 1961984
585 1 348160 352256
584 1 1974272 1978368
543 1 1740800 1744896
538 1 1576960 1581056
543 1 1748992 1753088
554 1 1236992 1241088
168 1 430080 442368
582 1 1519616 1523712
543 1 1773568 1777664
584 1 1990656 1994752
168 1 1114112 1118208
543 1 1904640 1908736
114 1 1957888 1961984
125 1 1843200 1855488
168 1 442368 446464
115 1 73728 77824
467 1 1409024 1413120
187 2 1040384 1048576 1048576 1056768
509 1 946176 950272
509 1 1146880 1150976
510 1 536576 544768
510 1 618496 622592
510 1 700416 704512
187 1 1056768 1060864
509 1 1253376 1257472
530 1 602112 606208
541 1 1196032 1200128
821 1 516096 520192
530 1 610304 618496
292 1 1675264 1748992
536 1 1679360 1683456
538 1 212992 217088
537 1 946176 950272
540 1 188416 192512
543 1 1740800 1744896
553 1 1724416 1728512
538 1 1576960 1581056
552 1 1671168 1675264
581 1 2080768 2084864
543 1 1748992 1753088
554 1 1236992 1241088
543 1 1835008 1839104
580 1 1552384 1556480
543 1 1851392 1855488
585 1 344064 352256
543 1 1867776 1871872
733 1 1052672 1056768
543 1 1884160 1888256
539 1 921600 925696
543 1 1904640 1908736
579 1 835584 839680
976 1 1654784 1658880
113 1 1318912 1323008
164 1 602112 622592
100 1 1048576 1052672
292 1 1748992 1753088
218 1 1048576 1052672
489 1 1032192 1036288
508 1 1777664 1781760
510 1 536576 544768
510 1 618496 622592
509 1 274432 278528
509 1 741376 745472
510 1 675840 679936
509 1 815104 819200
508 1 1937408 1941504
509 1 1224704 1228800
187 1 1060864 1081344
509 1 1540096 1544192
509 1 1757184 1761280
510 1 700416 708608
530 1 1187840 1191936
509 1 1994752 1998848
542 1 1449984 1454080
821 1 516096 520192
517 1 53248 57344
532 1 188416 192512
976 1 1654784 1658880
537 1 946176 950272
536 1 1679360 1683456
538 1 212992 217088
538 1 1576960 1581056
511 1 212992 217088
541 1 1196032 1200128
519 1 147456 151552
172 1 1437696 1441792
554 1 1236992 1241088
531 1 1073152 1081344
540 1 188416 192512
553 1 1724416 1728512
552 1 1671168 1675264
543 1 1773568 1777664
552 1 839680 843776
580 1 1552384 1556480
561 1 1921024 1925120
543 1 1810432 1814528
585 1 348160 352256
543 1 1835008 1839104
584 1 1957888 1961984
543 1 1851392 1855488
203 1 548864 589824
584 1 1974272 1978368
543 1 1867776 1871872
733 1 1052672 1056768
543 1 1884160 1888256
188 1 1232896 1261568
543 1 1904640 1908736
584 1 1990656 1994752
539 1 921600 925696
579 1 835584 839680
187 1 1081344 1085440
585 1 352256 356352
203 1 589824 593920
508 1 1191936 1196032
188 1 1261568 1265664
510 1 245760 249856
510 1 536576 544768
976 1 1654784 1658880
509 1 229376 233472
510 1 618496 622592
509 1 1359872 1363968
509 1 1486848 1490944
499 1 253952 258048
510 1 675840 679936
510 1 704512 708608
509 1 1585152 1589248
530 1 1187840 1191936
538 1 1581056 1585152
509 1 1671168 1675264
532 1 188416 192512
521 1 102400 106496
8 1 1273856 1277952
821 1 516096 520192
536 1 1679360 1683456
517 1 53248 57344
537 1 946176 950272
511 1 212992 217088
541 1 544768 548864
531 1 1073152 1081344
549 1 1937408 1941504
551 1 1572864 1576960
563 1 585728 589824
676 2 0 262144 262144 401408
677 2 0 262144 262144 499712
675 3 434176 524288 524288 786432 786432 950272
678 2 0 262144 262144 466944
454 1 1404928 1409024
387 1 1839104 1843200
665 1 446464 458752
900 1 1200128 1236992
676 3 401408 524288 524288 786432 786432 917504
223 1 1937408 1949696
601 1 1806336 1810432
677 3 499712 524288 524288 786432 786432 1015808
184 1 278528 335872
198 1 1081344 1097728
678 3 466944 524288 524288 786432 786432 983040
900 1 1236992 1241088
675 3 950272 1048576 1048576 1310720 1310720 1466368
676 1 917504 1048576
223 1 1949696 1953792
976 1 1654784 1658880
176 1 1597440 1601536
865 1 1163264 1171456
978 1 45056 49152
296 1 1437696 1441792
855 1 1167360 1171456
296 1 1449984 1454080
347 1 638976 651264
198 1 1097728 1101824
347 1 655360 659456
184 1 335872 339968
969 1 1069056 1073152
676 2 1048576 1310720 1310720 1564672
678 3 983040 1048576 1048576 1310720 1310720 1499136
677 3 1015808 1048576 1048576 1310720 1310720 1531904
179 1 339968 376832
675 3 1466368 1572864 1572864 1835008 1835008 1982464
117 1 1200128 1204224
675 1 1982464 2097152
0 1 1056768 1064960
73 1 4096 12288
676 3 1564672 1572864 1572864 1835008 1835008 2080768
48 1 1961984 1966080
179 1 376832 380928
216 1 1376256 1380352
240 1 1708032 1712128
337 1 413696 417792
432 1 1196032 1200128
337 1 782336 786432
677 3 1531904 1572864 1572864 1835008 1835008 2048000
520 1 1867776 1871872
243 1 16384 20480
242 1 1933312 1937408
243 1 24576 28672
676 1 2080768 2097152
362 1 860160 864256
678 3 1499136 1572864 1572864 1835008 1835008 2015232
312 1 1101824 1105920
243 1 229376 233472
16 1 1576960 1581056
679 2 0 262144 262144 434176
677 1 2048000 2097152
678 1 2015232 2097152
680 2 0 262144 262144 401408
384 1 1069056 1073152
362 1 864256 868352
679 3 434176 524288 524288 786432 786432 950272
680 3 401408 524288 524288 786432 786432 917504
976 1 1654784 1658880
178 2 503808 524288 524288 561152
680 1 917504 1048576
679 3 950272 1048576 1048576 1310720 1310720 1466368
541 1 1187840 1294336
985 1 245760 253952
73 1 45056 49152
815 1 16384 20480
178 1 561152 565248
680 2 1048576 1310720 1310720 1564672
525 1 1228800 1249280
679 3 1466368 1572864 1572864 1835008 1835008 1982464
168 1 1118208 1159168
228 1 1470464 1474560
679 1 1982464 2097152
680 3 1564672 1572864 1572864 1835008 1835008 2080768
198 1 1101824 1114112
504 1 1052672 1056768
168 1 1159168 1163264
198 1 1114112 1118208
504 1 1040384 1044480
160 1 1085440 1093632
477 1 24576 28672
774 1 958464 966656
94 1 1499136 1503232
774 1 1531904 1536000
447 1 389120 393216
199 1 647168 684032
199 1 684032 688128
538 1 212992 217088
194 1 1060864 1064960
172 1 1437696 1441792
128 1 1372160 1376256
553 1 1724416 1728512
540 1 188416 192512
194 1 1052672 1056768
585 1 348160 352256
552 1 1671168 1675264
733 1 1052672 1056768
624 1 1363968 1372160
539 1 921600 925696
579 1 835584 839680
774 1 1531904 1536000
199 1 688128 696320
976 1 1654784 1658880
774 1 1531904 1536000
842 1 860160 864256
551 1 1449984 1458176
199 1 696320 700416
203 1 593920 634880
125 1 1851392 1884160
203 1 634880 638976
559 1 761856 770048
187 1 1085440 1101824
187 1 1101824 1105920
689 1 1437696 1449984
706 1 1675264 1683456
98 1 647168 651264
146 1 1761280 1765376
93 1 1732608 1736704
810 1 184320 188416
269 1 323584 327680
631 1 86016 90112
181 1 630784 634880
214 1 847872 888832
26 1 978944 983040
166 1 1441792 1454080
218 1 1048576 1052672
214 1 888832 892928
164 1 618496 643072
166 1 1454080 1458176
555 1 2043904 2048000
689 1 1445888 1449984
114 1 1482752 1486848
92 1 1196032 1200128
219 1 311296 421888
531 1 1499136 1503232
187 1 1105920 1126400
185 1 753664 765952
187 1 1126400 1130496
219 1 421888 425984
185 1 765952 770048
238 1 2039808 2043904
976 1 1654784 1658880
173 1 1069056 1101824
913 1 983040 987136
173 1 1101824 1105920
164 1 638976 651264
187 1 1130496 1150976
260 1 1687552 1691648
187 1 1150976 1155072
668 1 1232896 1290240
668 1 1290240 1294336
832 1 495616 503808
294 1 1376256 1384448
627 1 32768 36864
694 1 208896 212992
239 1 892928 897024
214 1 1269760 1273856
519 1 376832 380928
330 2 1568768 1572864 1572864 1581056
458 1 995328 999424
743 1 118784 122880
330 1 1581056 1585152
359 1 2064384 2068480
164 1 647168 671744
185 2 770048 786432 786432 794624
343 1 1699840 1703936
187 1 1155072 1175552
185 1 794624 798720
187 1 1175552 1179648
196 1 372736 385024
150 1 102400 106496
187 1 1179648 1187840
187 1 1187840 1191936
196 1 385024 389120
113 1 1818624 1822720
782 1 262144 266240
720 1 1585152 1589248
206 1 1437696 1454080
179 1 1048576 1064960
175 1 86016 131072
206 1 1454080 1458176
283 1 1560576 1564672
179 1 1064960 1069056
175 1 131072 135168
92 1 1200128 1204224
534 1 983040 987136
629 1 1536000 1540096
286 1 1212416 1216512
187 1 1191936 1212416
175 1 135168 167936
340 1 1642496 1646592
187 1 1212416 1216512
175 1 167936 172032
175 1 172032 188416
222 1 1343488 1359872
941 1 278528 282624
175 1 188416 192512
191 1 868352 872448
179 1 1069056 1081344
179 1 1081344 1085440
222 1 1359872 1363968
593 1 835584 839680
335 1 1622016 1626112
206 1 1458176 1478656
118 1 2068480 2072576
243 2 1830912 1835008 1835008 1839104
206 1 1478656 1482752
219 2 1826816 1835008 1835008 1839104
812 1 1314816 1319424
219 1 1839104 1843200
409 1 1904640 1908736
49 1 1310720 1331200
944 1 1097728 1101824
80 1 1355776 1372160
213 1 1503232 1507328
409 1 1904640 1908736
113 1 2015232 2019328
504 1 1019904 1024000
164 1 667648 675840
942 1 593920 598016
187 1 1216512 1236992
689 1 1449984 1458176
175 1 192512 262144
187 1 1236992 1241088
619 1 860160 864256
782 1 561152 565248
219 1 425984 487424
711 1 630784 638976
175 1 262144 266240
219 1 487424 491520
985 1 1060864 1069056
180 1 450560 454656
509 1 1236992 1241088
175 1 266240 307200
507 1 380928 385024
90 1 1146880 1150976
104 1 1175552 1179648
175 1 307200 311296
201 1 946176 958464
223 1 1040384 1044480
48 1 1470464 1474560
566 1 147456 151552
72 1 2093056 2097152
240 1 1708032 1712128
240 1 1716224 1720320
458 1 1376256 1380352
459 1 1748992 1753088
288 1 1110016 1114112
387 1 1585152 1589248
73 1 8192 12288
312 1 1052672 1056768
241 1 1150976 1155072
387 1 1634304 1638400
241 1 1490944 1495040
360 1 1187840 1191936
313 1 126976 131072
220 1 487424 507904
201 1 958464 962560
220 1 507904 512000
585 1 352256 356352
553 1 1724416 1728512
536 1 1679360 1683456
821 1 516096 520192
537 1 946176 950272
540 1 188416 192512
552 1 1671168 1675264
541 1 1196032 1200128
539 1 921600 925696
340 1 1568768 1572864
54 1 413696 417792
448 1 65536 69632
716 1 1527808 1531904
210 1 163840 188416
173 2 1814528 1835008 1835008 1871872
643 1 1761280 1769472
187 1 1241088 1249280
210 1 188416 192512
187 1 1249280 1253376
173 1 1871872 1875968
792 1 233472 237568
792 1 258048 262144
804 1 8192 12288
804 1 28672 32768
610 1 958464 962560
510 1 393216 397312
510 1 618496 622592
554 1 1236992 1241088
510 1 536576 544768
530 1 602112 606208
538 1 212992 217088
538 1 1581056 1585152
530 1 610304 618496
485 1 290816 294912
310 1 2044416 2048512
310 1 1856000 1860096
467 1 1073152 1077248
812 1 1319424 1326592
164 1 671744 679936
154 1 53248 57344
310 1 2077184 2081280
187 1 1253376 1273856
105 1 1404928 1409024
153 1 1798144 1802240
986 1 98304 102400
563 1 208896 212992
93 1 1048576 1052672
135 1 552960 557056
156 1 643072 647168
187 1 1273856 1277952
218 2 114688 262144 262144 520192
135 1 1048576 1052672
218 1 520192 524288
619 1 860160 864256
333 1 2056192 2060288
219 2 491520 524288 524288 536576
217 1 167936 180224
224 1 462848 471040
219 1 536576 540672
128 1 1802240 1806336
298 1 2077184 2081280
573 1 1167360 1171456
224 1 471040 475136
567 1 380928 385024
233 1 1142784 1146880
310 1 1401344 1405440
657 1 393216 397312
582 1 339968 344064
895 1 1175552 1183744
937 1 1421312 1425408
375 1 1916928 1921024
504 1 745472 749568
830 1 880640 917504
380 1 724992 729088
103 1 749568 753664
200 1 1867776 1994752
486 1 966656 970752
534 1 1478656 1486848
478 1 176128 180224
228 1 1875968 1880064
800 1 962560 966656
217 1 180224 184320
205 1 1363968 1372160
634 1 1204224 1208320
408 1 32768 36864
588 1 1921024 1929216
206 1 2007040 2084864
200 1 1994752 1998848
206 1 2084864 2088960
230 1 1306624 1310720
369 1 1040384 1044480
770 1 1441792 1449984
210 1 1212416 1228800
482 1 323584 327680
184 2 1531904 1572864 1572864 1576960
601 1 1810432 1818624
501 1 1171456 1179648
244 1 1708032 1716224
951 1 188416 192512
210 1 1228800 1232896
184 1 1576960 1581056
206 2 651264 786432 786432 888832
115 1 77824 81920
709 1 544768 548864
206 1 888832 892928
43 1 1409024 1417216
812 1 1326592 1327616
340 1 1572864 1581056
160 1 1171456 1200128
164 1 675840 688128
27 1 864256 868352
160 1 1200128 1204224
187 1 1277952 1298432
595 1 1867776 1871872
187 1 1298432 1302528
669 1 1847296 1851392
260 1 1687552 1691648
0 1 1052672 1056768
48 1 1077248 1081344
668 2 1294336 1310720 1310720 1400832
217 1 962560 966656
48 1 1961984 1966080
72 1 2072576 2076672
584 1 1556480 1560576
242 1 1253376 1257472
480 1 1171456 1175552
500 1 114688 118784
194 1 794624 872448
362 1 1314816 1318912
114 1 1835008 1839104
360 1 1187840 1191936
387 1 585728 589824
387 1 1523712 1527808
668 1 1400832 1404928
888 1 1683456 1687552
194 1 872448 876544
888 1 1683456 1687552
213 1 131072 143360
159 1 737280 741376
694 1 208896 212992
336 1 1908736 1912832
213 1 143360 147456
358 1 872448 876544
183 1 2039808 2064384
183 1 2064384 2068480
321 2 1482752 1572864 1572864 1585152
812 1 1327616 1335808
183 1 2068480 2097152
321 1 1585152 1589248
184 1 0 4096
270 1 1048576 1052672
208 1 1921024 1949696
114 1 1839104 1843200
208 1 1949696 1953792
912 1 1191936 1200128
896 1 528384 536576
268 1 1773568 1777664
240 1 1708032 1712128
432 1 1646592 1650688
264 1 1093632 1097728
313 1 20480 24576
561 1 1302528 1306624
360 1 1089536 1097728
991 1 172032 176128
73 1 4096 8192
360 1 1187840 1191936
337 1 413696 417792
361 1 421888 425984
113 1 958464 962560
434 1 2048000 2052096
510 1 700416 704512
529 1 249856 253952
580 1 1552384 1556480
510 1 708608 712704
584 1 1957888 1961984
117 1 1200128 1204224
584 1 1974272 1978368
543 1 1835008 1839104
510 1 675840 679936
541 1 548864 557056
543 1 1851392 1855488
733 1 1052672 1056768
584 1 1990656 1994752
543 1 1867776 1871872
509 1 839680 843776
543 1 1884160 1888256
196 1 1777664 1781760
543 1 1904640 1908736
581 1 1294336 1298432
579 1 835584 839680
555 1 1454080 1458176
509 1 397312 401408
517 1 1265664 1269760
541 1 557056 585728
561 1 1028096 1032192
414 1 143360 147456
414 1 147456 151552
864 1 978944 987136
239 1 1056768 1060864
321 1 1589248 1622016
803 1 1273856 1282048
321 1 1622016 1626112
117 1 1163264 1167360
539 1 1355776 1359872
507 1 356352 360448
935 1 139264 155648
680 1 2080768 2097152
681 2 0 262144 262144 454656
116 1 401408 405504
162 1 1376256 1449984
218 1 909312 937984
812 1 1335808 1336832
162 1 1449984 1454080
218 1 937984 942080
600 1 118784 122880
788 1 892928 901120
893 1 471040 479232
164 1 815104 942080
462 1 892928 897024
994 3 413696 524288 524288 786432 786432 929792
175 1 2048000 2076672
164 1 942080 946176
994 2 929792 1048576 1048576 1208320
175 1 2076672 2080768
540 1 409600 421888
230 1 1740800 1744896
129 1 1765376 1773568
321 1 1626112 1671168
113 1 1236992 1241088
321 1 1671168 1675264
171 1 114688 118784
290 1 1691648 1695744
784 1 1724416 1728512
134 1 155648 159744
888 1 1683456 1687552
292 1 1740800 1744896
213 1 147456 167936
416 1 942080 946176
177 1 1507328 1540096
588 1 434176 442368
213 1 167936 172032
446 1 2002944 2007040
141 1 360448 364544
596 1 1798144 1802240
177 1 1765376 1802240
701 1 1028096 1032192
177 1 1540096 1544192
198 2 1302528 1310720 1310720 1339392
918 1 1368064 1372160
0 1 1060864 1064960
49 1 94208 98304
114 1 495616 499712
381 1 1183744 1187840
118 1 131072 135168
196 1 462848 475136
48 1 1843200 1847296
248 1 1363968 1368064
408 1 1089536 1093632
408 1 1110016 1114112
198 1 1339392 1343488
641 1 217088 221184
165 1 172032 180224
240 1 2023424 2027520
237 1 1572864 1576960
248 1 294912 299008
66 1 704512 708608
578 1 1495040 1499136
268 1 684032 688128
169 1 1204224 1228800
149 1 1863680 1871872
188 1 966656 1044480
100 1 163840 167936
177 1 1802240 1806336
834 1 1024000 1032192
596 1 1798144 1802240
432 1 1036288 1040384
188 1 1044480 1048576
596 1 1798144 1802240
198 1 1343488 1351680
878 1 462848 471040
605 1 1740800 1744896
196 1 475136 479232
198 1 1351680 1355776
812 1 1336832 1340416
0 1 1048576 1052672
48 1 1961984 1966080
845 1 1155072 1163264
536 1 700416 704512
339 1 1900544 1908736
72 1 1114112 1118208
73 1 4096 12288
116 1 331776 335872
242 1 1847296 1855488
216 1 1179648 1183744
649 1 1712128 1716224
139 1 1056768 1069056
240 1 1110016 1114112
241 1 1503232 1507328
560 1 1171456 1175552
288 1 1073152 1077248
360 1 1187840 1191936
447 1 942080 946176
187 2 1302528 1310720 1310720 1323008
849 1 1515520 1519616
194 1 24576 57344
187 1 1323008 1327104
176 1 761856 782336
194 1 57344 61440
414 1 151552 155648
176 1 782336 786432
139 1 417792 421888
321 1 1675264 1703936
164 1 684032 692224
321 1 1703936 1708032
187 1 1327104 1347584
187 1 1347584 1351680
414 1 155648 159744
339 1 2084864 2088960
383 1 540672 544768
289 1 970752 974848
139 1 1064960 1081344
321 1 1708032 1761280
213 1 1511424 1515520
260 1 1687552 1695744
187 1 1351680 1372160
609 1 172032 180224
321 1 1761280 1765376
187 1 1372160 1376256
350 1 1937408 1941504
668 1 1404928 1470464
608 1 1273856 1277952
609 1 200704 204800
209 1 290816 319488
253 1 688128 692224
414 1 159744 163840
139 1 1077248 1093632
668 1 1470464 1474560
161 1 2056192 2064384
840 1 1511424 1515520
209 1 319488 323584
191 1 1675264 1699840
447 1 2093056 2097152
321 1 1765376 1814528
187 1 1376256 1396736
138 1 12288 16384
834 1 1925120 1929216
694 1 208896 212992
161 1 2064384 2068480
191 1 1699840 1703936
848 1 139264 147456
187 1 1396736 1400832
321 1 1814528 1818624
88 1 1826816 1830912
208 1 524288 532480
208 1 532480 536576
467 1 1052672 1056768
944 1 1523712 1527808
184 1 1912832 1916928
851 1 1314816 1318912
380 1 1273856 1277952
913 1 311296 315392
127 1 1310720 1314816
169 1 409600 421888
321 2 1818624 1835008 1835008 1900544
216 1 212992 217088
256 1 282624 286720
125 1 1880064 1904640
812 1 1340416 1341952
384 2 1302528 1310720 1310720 1503232
169 1 421888 425984
187 1 1400832 1417216
376 1 1908736 1912832
650 1 716800 720896
321 1 1900544 1904640
187 1 1417216 1421312
689 1 1454080 1466368
300 1 499712 503808
549 1 1773568 1777664
424 1 1900544 1904640
619 1 860160 864256
203 2 1798144 1835008 1835008 1888256
219 2 540672 786432 786432 823296
152 1 114688 122880
291 1 385024 389120
203 1 1888256 1892352
516 1 237568 245760
219 1 823296 827392
184 1 1912832 1916928
356 1 536576 540672
321 1 1904640 1941504
180 1 851968 864256
321 1 1941504 1945600
180 1 864256 868352
358 1 876544 880640
184 1 1912832 1916928
321 1 1945600 1990656
452 1 1814528 1818624
912 1 81920 86016
524 1 1011712 1015808
321 1 1990656 1994752
116 1 634880 638976
55 1 712704 716800
414 1 163840 167936
184 1 1912832 1916928
321 1 1994752 2048000
321 1 2048000 2052096
452 1 512000 516096
447 1 929792 933888
573 1 1777664 1781760
212 1 1191936 1232896
513 1 1425408 1429504
730 1 1220608 1224704
550 1 1421312 1433600
212 1 1232896 1236992
222 1 1064960 1077248
414 1 167936 172032
338 1 1114112 1179648
184 1 1912832 1916928
322 1 0 12288
321 1 2052096 2097152
338 1 1179648 1183744
222 1 1077248 1081344
414 1 172032 176128
322 1 12288 16384
706 1 1683456 1687552
788 1 1937408 1945600
322 1 16384 45056
146 1 1044480 1048576
322 1 45056 49152
340 1 1597440 1605632
184 1 1912832 1916928
502 1 651264 655360
322 1 49152 122880
338 1 1183744 1228800
222 1 1081344 1093632
297 1 1048576 1052672
222 1 1093632 1097728
358 1 880640 884736
338 1 1228800 1232896
737 1 1765376 1773568
61 1 40960 45056
164 1 1499136 1515520
322 1 122880 126976
607 1 1048576 1052672
164 1 1515520 1519616
322 1 126976 155648
114 1 1949696 1953792
322 1 155648 159744
43 1 1413120 1429504
358 1 884736 888832
631 1 761856 765952
92 1 1196032 1200128
184 1 1912832 1916928
173 1 1875968 1937408
160 1 1204224 1269760
522 1 700416 704512
322 1 159744 245760
160 1 1269760 1273856
173 1 1937408 1941504
414 1 176128 180224
419 1 1044480 1048576
560 1 1052672 1056768
560 1 1138688 1142784
560 1 1146880 1150976
560 1 1163264 1167360
560 1 1212416 1216512
560 1 1236992 1245184
560 1 1265664 1273856
560 1 1331200 1335296
560 1 1339392 1343488
219 2 372736 524288 524288 606208
560 1 1441792 1445888
322 1 245760 249856
560 1 1466368 1470464
560 1 1474560 1478656
560 1 1511424 1515520
560 1 1536000 1540096
560 1 1552384 1556480
560 1 1572864 1576960
560 1 1581056 1585152
560 1 1601536 1605632
561 1 8192 12288
560 1 1609728 1613824
560 1 1675264 1679360
561 1 45056 49152
561 1 57344 61440
560 1 1683456 1687552
561 1 81920 86016
560 1 1724416 1728512
561 1 94208 98304
560 1 1744896 1748992
560 1 1765376 1769472
561 1 135168 143360
322 2 249856 262144 262144 274432
561 1 155648 159744
394 1 1105920 1114112
561 1 180224 188416
561 1 212992 217088
394 1 1118208 1122304
561 1 249856 253952
561 1 274432 278528
223 1 147456 188416
561 1 294912 299008
167 1 2056192 2068480
561 1 307200 315392
561 1 360448 364544
561 1 376832 380928
561 1 397312 401408
680 1 462848 466944
114 1 483328 487424
560 1 1802240 1806336
560 1 1818624 1822720
560 1 1851392 1855488
562 1 8192 12288
414 1 180224 184320
560 1 1859584 1863680
562 1 24576 40960
322 1 274432 278528
560 1 1970176 1974272
560 1 1978368 1982464
560 1 1990656 1994752
560 1 2011136 2015232
562 1 61440 65536
560 1 2031616 2035712
560 1 2076672 2080768
562 1 106496 110592
562 1 180224 184320
223 1 188416 192512
562 1 196608 200704
562 1 208896 217088
562 1 245760 249856
562 1 258048 262144
562 1 294912 299008
562 1 311296 319488
219 1 606208 610304
562 1 331776 339968
562 1 393216 397312
175 1 897024 925696
104 1 1175552 1179648
184 1 1912832 1916928
561 1 552960 557056
561 1 565248 585728
561 1 589824 593920
104 1 1347584 1351680
562 1 421888 425984
561 1 626688 630784
322 1 278528 339968
104 1 1441792 1445888
561 1 638976 643072
561 1 667648 671744
564 1 1015808 1019904
563 1 167936 172032
561 1 679936 684032
561 1 815104 819200
562 1 491520 495616
561 1 851968 856064
562 1 499712 503808
563 1 491520 495616
561 1 876544 880640
562 1 516096 520192
563 1 778240 782336
561 1 892928 897024
562 1 557056 561152
561 1 905216 909312
562 1 581632 593920
563 1 823296 827392
561 1 913408 921600
562 1 598016 606208
561 1 925696 933888
563 1 1368064 1372160
562 1 614400 618496
562 1 643072 647168
563 1 1564672 1568768
562 1 692224 696320
562 1 827392 831488
562 1 1306624 1310720
562 1 1388544 1392640
562 1 1581056 1585152
562 1 2064384 2072576
104 1 1560576 1564672
396 1 1953792 1957888
561 1 950272 954368
561 1 970752 974848
175 1 925696 929792
561 1 983040 987136
630 1 745472 749568
108 1 745472 749568
561 1 999424 1007616
528 1 1916928 1921024
108 1 1028096 1032192
561 1 1024000 1028096
107 1 774144 778240
292 1 1454080 1458176
561 1 1040384 1044480
292 1 1814528 1818624
561 1 1118208 1122304
107 1 2056192 2060288
561 1 1146880 1150976
106 1 319488 323584
561 1 1167360 1171456
106 1 1462272 1466368
561 1 1179648 1183744
106 1 1953792 1957888
561 1 1196032 1200128
561 1 1216512 1220608
561 1 1241088 1245184
561 1 1257472 1265664
561 1 1277952 1282048
561 1 1318912 1323008
292 1 1986560 1998848
561 1 1363968 1368064
294 1 110592 114688
294 1 262144 266240
294 1 413696 417792
561 1 1466368 1470464
561 1 1474560 1478656
561 1 1486848 1490944
200 2 765952 786432 786432 802816
170 1 446464 458752
561 1 1495040 1499136
561 1 1511424 1515520
561 1 1560576 1572864
294 1 565248 569344
561 1 1576960 1585152
294 1 729088 733184
561 1 1593344 1601536
294 1 880640 884736
561 1 1646592 1654784
561 1 1662976 1667072
294 1 1036288 1040384
561 1 1675264 1679360
294 1 1294336 1298432
561 1 1732608 1736704
561 1 1753088 1757184
561 1 1789952 1794048
561 1 1802240 1806336
561 1 1810432 1814528
561 1 1830912 1835008
322 1 339968 344064
184 1 1912832 1916928
296 1 323584 327680
295 1 274432 278528
294 1 1449984 1458176
200 1 802816 806912
294 1 1757184 1761280
294 1 1847296 1851392
295 1 561152 565248
294 1 1945600 1949696
295 1 593920 598016
295 1 1056768 1060864
295 1 1155072 1159168
296 1 659456 663552
294 1 2080768 2084864
295 1 1388544 1392640
561 1 1843200 1851392
170 1 458752 462848
295 1 1744896 1748992
561 1 1855488 1863680
296 1 741376 745472
295 1 1925120 1929216
561 1 1875968 1880064
561 1 1884160 1888256
540 1 1503232 1507328
561 1 1921024 1925120
561 1 2039808 2043904
900 1 1052672 1056768
540 1 1986560 1990656
105 1 393216 397312
105 1 446464 450560
105 1 479232 483328
105 1 1130496 1134592
105 1 1363968 1368064
105 1 1548288 1552384
293 1 8192 12288
293 1 28672 32768
293 1 110592 114688
900 1 1073152 1077248
293 1 245760 253952
900 1 1089536 1093632
293 1 258048 262144
161 1 708608 724992
900 1 1122304 1126400
900 1 1134592 1142784
293 1 1114112 1118208
293 1 1196032 1200128
900 1 1159168 1167360
293 1 1241088 1245184
293 1 1372160 1376256
293 1 1564672 1568768
293 1 1765376 1769472
900 1 1171456 1175552
293 1 1953792 1957888
541 1 360448 364544
900 1 1183744 1196032
541 1 524288 528384
900 1 1216512 1220608
541 1 1196032 1204224
900 1 1323008 1327104
322 1 344064 413696
900 1 1339392 1343488
900 1 1355776 1363968
901 1 0 4096
901 1 65536 69632
900 1 1400832 1404928
901 1 110592 114688
541 1 1576960 1581056
901 1 135168 139264
439 1 0 4096
541 1 1597440 1601536
541 1 1613824 1617920
901 1 167936 176128
900 1 1421312 1425408
900 1 1433600 1437696
676 1 1380352 1384448
192 2 733184 786432 786432 794624
474 1 1224704 1228800
902 1 4096 8192
322 1 413696 417792
901 1 192512 196608
902 1 24576 28672
901 1 200704 204800
902 1 45056 49152
901 1 208896 212992
901 1 225280 229376
902 1 53248 61440
901 1 249856 258048
901 1 274432 278528
192 1 794624 798720
901 1 294912 307200
901 1 319488 323584
901 1 335872 339968
901 1 348160 352256
902 1 65536 69632
902 1 106496 110592
902 1 118784 126976
900 1 1441792 1445888
902 1 151552 155648
88 1 1826816 1830912
902 1 212992 217088
902 1 253952 258048
900 1 1449984 1454080
902 1 262144 266240
900 1 1462272 1466368
900 1 1540096 1552384
902 1 270336 274432
900 1 1568768 1572864
902 1 294912 299008
900 1 1593344 1597440
900 1 1613824 1617920
902 1 307200 311296
900 1 1622016 1626112
900 1 1654784 1658880
902 1 331776 335872
900 1 1667072 1671168
901 1 417792 421888
900 1 1683456 1691648
902 1 389120 393216
900 1 1695744 1699840
900 1 1720320 1724416
902 1 397312 401408
900 1 1822720 1835008
901 1 446464 454656
900 1 1843200 1847296
901 1 466944 475136
901 1 487424 491520
901 1 503808 512000
902 1 413696 417792
901 1 528384 532480
901 1 573440 577536
902 1 425984 434176
901 1 593920 598016
901 1 606208 614400
146 1 1024000 1028096
902 1 495616 499712
901 1 671744 675840
901 1 696320 700416
901 1 708608 712704
900 1 1875968 1880064
900 1 1884160 1892352
901 1 733184 737280
900 1 1925120 1933312
901 1 778240 782336
900 1 1949696 1953792
901 1 819200 823296
902 1 507904 512000
902 1 536576 540672
414 1 184320 188416
901 1 856064 860160
901 1 892928 897024
900 1 1978368 1982464
900 1 1998848 2002944
900 1 2031616 2035712
902 1 552960 557056
900 1 2056192 2060288
902 1 561152 565248
900 1 2072576 2080768
902 1 573440 593920
902 1 606208 618496
902 1 667648 679936
902 1 684032 696320
901 1 983040 987136
901 1 995328 999424
901 1 1019904 1024000
901 1 1040384 1044480
901 1 1056768 1060864
902 1 745472 757760
901 1 1064960 1069056
901 1 1073152 1077248
901 1 1118208 1126400
902 1 819200 823296
901 1 1171456 1175552
902 1 839680 843776
463 1 368640 372736
902 1 921600 925696
901 1 1183744 1187840
902 1 1159168 1163264
902 1 1253376 1257472
901 1 1196032 1200128
902 1 1302528 1306624
902 1 1327104 1331200
901 1 1204224 1216512
184 1 1912832 1916928
901 1 1232896 1241088
901 1 1273856 1277952
902 1 1667072 1671168
322 1 417792 491520
901 1 1368064 1372160
934 1 294912 299008
934 1 733184 737280
904 1 393216 397312
934 1 1540096 1544192
903 1 65536 73728
903 1 667648 671744
936 1 499712 503808
936 1 540672 544768
903 1 970752 974848
936 1 651264 655360
903 1 1396736 1400832
901 1 1396736 1404928
901 1 1429504 1433600
901 1 1437696 1441792
34 1 40960 45056
901 1 1470464 1474560
34 1 196608 200704
901 1 1478656 1482752
34 1 348160 352256
160 1 1445888 1478656
901 1 1507328 1511424
901 1 1581056 1585152
901 1 1626112 1630208
901 1 1736704 1740800
34 1 499712 503808
936 1 1036288 1040384
901 1 1748992 1753088
34 1 663552 667648
34 1 815104 819200
901 1 1765376 1769472
34 1 966656 970752
901 1 1830912 1835008
32 1 1187840 1191936
34 1 1064960 1069056
901 1 1867776 1871872
32 1 1536000 1540096
34 1 1118208 1122304
901 1 1880064 1884160
32 1 1925120 1929216
34 1 1409024 1413120
901 1 1896448 1900544
32 1 1974272 1986560
901 1 1912832 1916928
32 1 2080768 2084864
901 1 1961984 1966080
214 1 1683456 1695744
901 1 2002944 2007040
901 1 2027520 2031616
34 1 1425408 1429504
34 1 1634304 1638400
34 1 1687552 1691648
690 1 212992 221184
322 1 491520 495616
35 1 335872 339968
35 1 786432 790528
35 1 843776 847872
35 1 872448 884736
35 1 921600 925696
901 1 2052096 2056192
35 1 1179648 1183744
36 1 458752 462848
901 1 2088960 2093056
35 1 1269760 1273856
36 1 700416 704512
933 1 1077248 1081344
933 1 1658880 1662976
933 1 1937408 1941504
540 1 1187840 1191936
933 1 1945600 1949696
540 1 1294336 1298432
33 1 139264 143360
540 1 1540096 1544192
33 1 237568 245760
35 1 1675264 1679360
540 1 1568768 1572864
33 1 249856 253952
540 1 1630208 1634304
33 1 516096 520192
35 1 1728512 1732608
33 1 1306624 1310720
33 1 1359872 1363968
35 1 1851392 1855488
33 1 1466368 1470464
33 1 1884160 1888256
35 1 1875968 1880064
33 1 1961984 1966080
35 1 2048000 2052096
160 1 1478656 1482752
35 1 2080768 2084864
214 1 1695744 1699840
210 1 1232896 1253376
541 1 282624 286720
541 1 438272 442368
540 1 1650688 1654784
541 1 520192 524288
541 1 872448 876544
541 1 1085440 1089536
210 1 1253376 1257472
73 1 32768 36864
73 1 143360 147456
73 1 253952 258048
73 1 24576 28672
73 1 28672 32768
915 1 1720320 1724416
458 1 98304 102400
169 1 327680 339968
490 1 802816 811008
169 1 339968 344064
140 1 40960 45056
369 1 1040384 1044480
24 1 1994752 2002944
210 1 1257472 1269760
330 1 1585152 1605632
210 1 1269760 1273856
257 1 270336 278528
886 1 811008 815104
257 1 282624 286720
729 1 774144 782336
330 1 1605632 1609728
725 1 1155072 1163264
452 1 1118208 1150976
120 1 1126400 1130496
448 1 40960 45056
686 1 1560576 1568768
452 1 1150976 1155072
222 1 360448 393216
883 1 114688 118784
19 1 651264 655360
752 1 1245184 1249280
77 1 557056 561152
231 1 438272 442368
231 1 446464 450560
185 1 880640 991232
196 1 1835008 1871872
222 1 393216 397312
185 1 991232 995328
196 1 1871872 1875968
114 1 888832 892928
114 1 352256 360448
192 1 798720 839680
201 1 528384 552960
376 1 1007616 1011712
120 1 1134592 1138688
192 1 839680 843776
201 1 552960 557056
114 1 1957888 1961984
192 1 843776 876544
539 1 1904640 1908736
542 1 110592 114688
158 1 1171456 1175552
272 1 1048576 1052672
192 1 876544 880640
208 1 241664 262144
54 1 1748992 1757184
367 1 1609728 1613824
192 1 880640 897024
201 1 557056 569344
208 1 262144 266240
26 1 708608 712704
192 1 897024 901120
201 1 569344 573440
305 1 1048576 1052672
165 1 2039808 2097152
489 1 1163264 1167360
723 1 1744896 1753088
339 1 1884160 1888256
166 1 0 8192
9 1 4096 8192
174 1 1671168 1683456
126 1 98304 102400
257 1 1540096 1544192
812 1 1341952 1359360
198 2 520192 524288 524288 544768
114 1 925696 929792
166 1 8192 12288
411 1 114688 118784
198 1 544768 548864
458 1 831488 835584
174 1 1683456 1687552
411 1 114688 118784
809 1 557056 561152
174 1 1687552 1695744
144 1 466944 471040
114 1 1908736 1912832
141 1 1404928 1409024
116 1 569344 573440
187 1 1421312 1429504
174 1 1695744 1699840
187 1 1429504 1433600
976 1 1654784 1658880
314 1 233472 237568
965 1 1974272 1978368
207 1 1277952 1302528
380 1 966656 970752
408 1 32768 40960
207 1 1302528 1306624
507 1 385024 389120
917 1 962560 966656
126 1 110592 114688
523 1 2088960 2093056
282 1 1605632 1658880
114 1 929792 933888
208 2 1703936 1835008 1835008 1843200
480 1 704512 708608
379 1 892928 901120
282 1 1658880 1662976
376 1 1478656 1482752
212 1 393216 405504
736 1 1245184 1249280
206 1 577536 602112
446 1 913408 917504
208 1 1843200 1847296
212 1 405504 409600
499 1 1552384 1556480
690 1 217088 233472
116 1 1441792 1445888
989 1 1769472 1785856
966 1 1835008 1843200
981 1 184320 196608
192 1 901120 966656
966 1 1843200 1847296
992 1 28672 57344
989 1 1785856 1826816
192 1 966656 999424
981 1 196608 212992
247 1 1540096 1548288
1 2 1302528 1310720 1310720 1323008
4 2 491520 524288 524288 552960
966 1 1847296 1851392
210 2 1273856 1310720 1310720 1331200
989 2 1826816 1835008 1835008 1847296
981 1 212992 221184
542 1 1454080 1458176
544 1 147456 151552
992 1 57344 126976
542 1 1740800 1744896
541 1 1630208 1634304
544 1 757760 761856
542 2 1830912 1835008 1835008 1839104
4 1 1216512 1220608
1 1 1323008 1359872
542 1 1888256 1892352
4 1 1671168 1675264
543 1 184320 188416
542 1 1933312 1937408
8 1 176128 180224
543 1 319488 323584
541 1 1650688 1654784
6 1 319488 323584
60 1 1130496 1134592
543 1 696320 704512
6 1 368640 372736
60 1 1990656 1994752
5 1 28672 32768
543 1 831488 835584
6 1 942080 946176
5 1 528384 532480
6 1 1093632 1097728
543 1 1179648 1183744
989 1 1847296 1871872
966 1 1851392 1855488
6 1 1245184 1249280
5 1 1089536 1097728
923 1 1863680 1867776
543 1 1495040 1499136
543 1 1527808 1536000
5 1 1622016 1626112
543 1 1736704 1740800
6 1 1400832 1404928
5 1 1789952 1794048
4 1 552960 716800
7 1 77824 81920
5 1 1974272 1982464
6 1 1552384 1556480
0 1 1052672 1056768
7 1 237568 241664
6 1 1703936 1708032
6 1 1871872 1875968
7 1 417792 421888
72 1 1093632 1097728
6 1 2023424 2027520
7 1 516096 520192
61 1 36864 77824
825 1 20480 32768
7 1 618496 622592
7 1 794624 798720
72 1 2093056 2097152
206 1 602112 606208
482 1 323584 327680
7 1 1114112 1118208
392 1 1339392 1343488
817 1 1282048 1286144
981 2 221184 262144 262144 274432
216 1 1224704 1228800
7 1 1290240 1294336
7 1 1441792 1445888
192 1 999424 1003520
981 1 290816 303104
992 1 126976 163840
1 1 1359872 1372160
337 1 970752 974848
210 1 1331200 1335296
989 1 1871872 1880064
113 1 507904 512000
981 1 274432 290816
337 1 987136 991232
4 2 716800 786432 786432 806912
243 1 1835008 1843200
981 1 307200 364544
7 1 1585152 1593344
643 1 1540096 1544192
7 1 1675264 1679360
981 1 421888 425984
989 1 1880064 1888256
981 1 364544 368640
981 1 372736 376832
120 1 1138688 1142784
992 1 163840 204800
981 1 425984 450560
75 1 1875968 1880064
4 1 806912 835584
205 2 204800 262144 262144 380928
992 1 204800 225280
812 1 1359360 1360384
992 1 225280 237568
192 2 1003520 1048576 1048576 1052672
160 1 1273856 1286144
409 1 1904640 1908736
126 1 253952 258048
160 1 1286144 1290240
192 1 1052672 1056768
243 1 1839104 1847296
205 1 380928 385024
359 1 2056192 2060288
981 1 372736 376832
981 1 446464 450560
363 1 466944 471040
193 1 565248 569344
360 1 1912832 1916928
419 1 1044480 1048576
812 1 1360384 1361408
193 1 569344 679936
425 1 1073152 1077248
205 1 385024 421888
327 1 729088 733184
160 1 1290240 1298432
48 1 1069056 1073152
48 1 1081344 1085440
409 1 1904640 1908736
226 1 1671168 1675264
369 1 24576 28672
561 1 1269760 1273856
73 1 0 4096
496 1 1069056 1073152
72 1 1114112 1118208
185 1 53248 65536
277 1 872448 876544
116 1 778240 782336
73 1 8192 12288
144 1 1069056 1073152
167 2 1826816 1835008 1835008 1875968
205 1 421888 425984
393 1 1015808 1019904
311 1 405504 409600
144 1 1097728 1101824
501 1 1175552 1179648
144 1 1105920 1110016
241 1 1150976 1155072
168 1 1085440 1089536
242 1 1359872 1368064
168 1 1110016 1114112
241 1 1433600 1437696
192 1 1064960 1069056
242 1 1376256 1384448
241 1 1482752 1495040
216 1 1449984 1454080
242 1 1998848 2002944
241 1 1499136 1503232
243 1 16384 20480
240 1 1110016 1114112
243 1 49152 57344
257 1 966656 974848
315 1 380928 389120
362 1 864256 868352
193 1 679936 684032
240 1 1114112 1122304
243 1 65536 69632
409 1 1904640 1908736
337 1 1011712 1015808
240 1 1708032 1712128
240 1 1728512 1732608
8 1 1105920 1110016
185 1 65536 69632
337 1 1097728 1101824
337 1 1273856 1282048
160 1 1298432 1302528
226 1 1671168 1675264
116 1 1499136 1503232
419 1 1044480 1048576
281 1 1507328 1511424
167 1 1875968 1880064
129 1 53248 57344
383 1 2060288 2064384
160 1 1302528 1310720
167 1 1880064 1888256
222 1 1462272 1478656
160 1 1310720 1314816
434 1 524288 528384
686 2 1564672 1572864 1572864 1581056
167 1 1888256 1892352
222 1 1478656 1482752
775 1 1003520 1007616
376 1 1851392 1855488
162 1 2019328 2068480
476 1 1044480 1048576
346 1 1146880 1150976
382 1 528384 532480
126 1 114688 118784
196 1 1875968 1937408
114 1 413696 417792
162 1 2068480 2072576
482 1 126976 159744
9 1 4096 8192
196 1 1937408 1941504
481 1 360448 364544
183 1 1343488 1363968
586 1 155648 172032
498 1 778240 782336
183 1 1363968 1368064
169 1 827392 909312
481 1 356352 360448
812 1 1361408 1362432
332 1 135168 139264
169 1 909312 913408
513 1 634880 643072
411 1 114688 118784
412 1 946176 950272
183 1 1527808 1540096
855 1 40960 45056
186 1 942080 966656
369 1 73728 77824
411 1 114688 118784
186 1 966656 970752
183 1 1540096 1544192
918 1 872448 876544
399 1 270336 274432
668 1 1474560 1531904
668 1 1531904 1536000
680 1 778240 782336
694 1 163840 167936
160 1 1622016 1695744
469 1 1175552 1191936
976 1 1146880 1150976
600 1 118784 126976
976 1 1175552 1179648
976 1 1306624 1310720
976 1 1380352 1384448
976 1 1593344 1597440
976 1 1630208 1634304
976 1 1667072 1671168
976 1 1675264 1679360
976 1 1757184 1761280
977 1 20480 24576
977 1 49152 53248
977 1 176128 180224
974 1 167936 172032
974 1 323584 327680
976 1 1847296 1851392
974 1 475136 479232
977 1 262144 266240
160 1 1695744 1699840
974 1 626688 630784
977 1 286720 290816
974 1 778240 782336
977 1 471040 475136
974 1 929792 933888
977 1 724992 729088
974 1 1081344 1085440
977 1 876544 880640
978 1 421888 425984
977 1 897024 901120
977 1 1081344 1085440
975 1 102400 106496
977 1 1187840 1191936
978 1 581632 589824
977 1 1679360 1683456
974 1 1236992 1241088
975 1 253952 258048
977 1 2011136 2015232
974 1 1474560 1478656
975 1 405504 413696
605 1 1380352 1384448
974 1 1744896 1748992
975 1 557056 565248
974 1 1896448 1900544
975 1 712704 716800
974 1 2048000 2052096
975 1 864256 868352
222 1 1482752 1507328
477 1 577536 581632
478 1 737280 757760
922 1 319488 327680
919 1 1470464 1474560
89 1 1454080 1478656
89 1 1478656 1507328
947 1 1245184 1277952
946 1 892928 954368
89 1 1507328 1531904
192 1 1404928 1413120
91 1 1409024 1449984
89 1 1531904 1560576
919 1 1474560 1478656
922 1 327680 331776
947 1 1277952 1306624
946 1 954368 1019904
91 1 1449984 1499136
922 1 331776 339968
947 2 1306624 1310720 1310720 1339392
222 1 1507328 1511424
91 1 1499136 1540096
919 1 1478656 1482752
947 1 1339392 1376256
946 2 1019904 1048576 1048576 1097728
91 2 1540096 1572864 1572864 1593344
922 1 339968 344064
452 1 516096 520192
946 1 1097728 1183744
158 1 1847296 1851392
256 1 454656 462848
619 1 667648 675840
919 1 1482752 1490944
922 1 344064 372736
922 1 397312 479232
922 2 483328 524288 524288 544768
89 2 1560576 1572864 1572864 1675264
922 1 548864 577536
922 1 593920 675840
196 1 2015232 2031616
947 1 1376256 1458176
211 1 888832 901120
946 2 1183744 1310720 1310720 1372160
192 1 1413120 1417216
91 1 1593344 1802240
431 1 524288 528384
211 1 901120 905216
282 1 1916928 1921024
93 1 1204224 1208320
230 1 573440 581632
219 1 741376 745472
216 1 1359872 1363968
922 1 573440 577536
637 1 1093632 1097728
27 1 864256 868352
859 1 1249280 1257472
191 1 1802240 1806336
191 2 1806336 1835008 1835008 1929216
540 1 122880 131072
437 1 1003520 1007616
289 1 249856 253952
0 1 1056768 1064960
48 1 1961984 1966080
242 1 1253376 1257472
362 1 950272 954368
72 1 2093056 2097152
216 1 1220608 1224704
240 1 1716224 1720320
200 1 1069056 1073152
288 1 1073152 1077248
336 1 1105920 1110016
191 1 1929216 1933312
383 1 512000 516096
45 1 1183744 1187840
562 1 856064 860160
432 1 1056768 1060864
175 1 929792 962560
330 1 1609728 1683456
175 1 962560 966656
0 1 1052672 1056768
242 1 1839104 1847296
72 1 1085440 1089536
72 1 1093632 1105920
276 1 1073152 1077248
73 1 4096 12288
240 1 1191936 1196032
457 1 217088 221184
675 1 212992 217088
136 1 1441792 1445888
411 1 1675264 1679360
481 1 1024000 1028096
330 1 1683456 1687552
917 1 966656 970752
208 1 1847296 1912832
362 1 860160 864256
362 1 872448 876544
226 1 1671168 1675264
167 1 1892352 1912832
340 1 1581056 1585152
311 1 1658880 1662976
196 1 2031616 2035712
208 1 1470464 1478656
208 1 1912832 1916928
139 1 1048576 1052672
296 1 1048576 1052672
270 1 1048576 1052672
370 1 1097728 1101824
167 1 1912832 1916928
193 1 2035712 2064384
161 1 720896 737280
917 1 970752 974848
57 1 1806336 1810432
190 1 2048000 2052096
193 1 2064384 2068480
734 1 1515520 1519616
918 1 872448 876544
202 1 716800 741376
192 1 1056768 1122304
208 1 1916928 1966080
192 1 1122304 1163264
812 1 1362432 1363456
178 2 1810432 1835008 1835008 1851392
668 2 1536000 1572864 1572864 1593344
202 1 741376 745472
208 1 1966080 1970176
192 1 1163264 1167360
178 1 1851392 1855488
401 1 442368 446464
668 1 1593344 1597440
201 1 827392 835584
401 1 442368 446464
694 1 163840 167936
201 1 835584 839680
119 1 413696 417792
114 1 1843200 1847296
120 1 1110016 1114112
653 1 409600 413696
66 1 1728512 1736704
155 1 1273856 1277952
162 1 598016 688128
42 1 106496 114688
90 1 1613824 1617920
31 1 1355776 1359872
212 1 32768 65536
184 1 1196032 1253376
565 1 827392 831488
958 1 1781760 1785856
778 1 110592 114688
162 1 688128 692224
212 1 65536 69632
196 1 1896448 1978368
196 1 1978368 1982464
164 1 688128 716800
196 1 1982464 1994752
467 1 950272 954368
187 1 1433600 1454080
196 1 1994752 1998848
812 1 1363456 1366016
187 1 1454080 1458176
0 1 1056768 1060864
48 1 1253376 1257472
48 1 1343488 1347584
193 1 524288 528384
384 1 2093056 2097152
410 1 1007616 1011712
410 1 1163264 1167360
240 1 1179648 1183744
117 1 684032 688128
125 1 1900544 1912832
48 1 1449984 1458176
192 1 1073152 1081344
192 1 1196032 1200128
466 1 1806336 1810432
400 1 1462272 1466368
187 1 1458176 1474560
812 1 1366016 1367040
187 1 1474560 1478656
116 1 1400832 1404928
467 1 950272 954368
422 1 1241088 1245184
425 1 536576 540672
422 1 1253376 1257472
918 1 1437696 1449984
107 1 1572864 1576960
174 1 573440 598016
812 1 1367040 1368064
546 1 720896 724992
60 1 1077248 1081344
174 1 598016 602112
466 1 1806336 1810432
184 1 1253376 1257472
177 1 1466368 1564672
812 1 1368064 1369088
341 1 1167360 1171456
466 1 1806336 1810432
177 1 1564672 1568768
812 1 1369088 1370112
723 1 1482752 1490944
146 1 204800 208896
117 1 913408 917504
0 1 1048576 1052672
0 1 1056768 1060864
48 1 1114112 1118208
48 1 1179648 1183744
73 1 0 4096
242 1 1376256 1380352
217 1 966656 970752
48 1 1961984 1970176
242 1 1794048 1798144
241 1 1433600 1437696
64 1 1179648 1183744
242 1 1806336 1810432
72 1 1077248 1081344
72 1 1085440 1089536
241 1 1490944 1495040
242 1 1818624 1822720
72 1 2093056 2097152
456 1 1437696 1441792
257 1 966656 970752
216 1 1449984 1454080
393 1 532480 536576
240 1 1114112 1118208
198 1 1363968 1376256
240 1 1183744 1187840
240 1 1728512 1732608
336 1 1077248 1081344
188 1 245760 262144
174 1 471040 491520
259 1 651264 655360
115 1 1572864 1576960
198 1 1376256 1380352
200 1 1179648 1183744
208 1 1970176 2056192
168 1 1163264 1171456
116 1 1404928 1409024
363 1 770048 774144
387 1 606208 610304
168 1 1171456 1175552
208 1 2056192 2060288
158 1 1048576 1052672
574 1 1024000 1028096
183 1 1662976 1675264
224 2 729088 786432 786432 815104
183 1 606208 622592
183 1 622592 626688
183 1 1675264 1679360
125 1 1908736 1933312
224 1 815104 819200
259 1 651264 655360
187 1 1478656 1495040
208 1 2060288 2097152
187 1 1495040 1499136
467 1 950272 954368
31 1 1359872 1363968
574 1 1024000 1028096
117 1 1167360 1171456
994 1 1445888 1449984
209 1 0 4096
812 1 1370112 1371136
675 1 1212416 1216512
114 1 946176 954368
183 1 626688 651264
466 1 1806336 1810432
323 1 225280 229376
812 1 1371136 1372160
497 1 1105920 1110016
202 1 745472 774144
463 1 368640 372736
734 1 1515520 1519616
168 1 2080768 2093056
179 1 458752 471040
117 1 589824 593920
160 1 1482752 1495040
174 1 491520 495616
466 1 1806336 1810432
200 1 1179648 1183744
202 1 774144 778240
188 1 262144 266240
183 1 651264 655360
168 1 1175552 1183744
160 1 1495040 1499136
179 1 471040 475136
812 1 1372160 1373184
783 1 647168 651264
168 1 1183744 1187840
168 1 2093056 2097152
882 1 913408 921600
208 1 1474560 1490944
507 1 1127424 1128448
193 1 2068480 2097152
194 1 0 32768
57 1 1806336 1810432
194 1 32768 36864
196 1 1998848 2043904
812 1 1373184 1374208
481 1 425984 430080
401 1 442368 446464
196 1 2043904 2048000
117 1 593920 598016
173 1 1941504 1978368
196 1 2048000 2064384
523 1 2093056 2097152
173 1 1978368 1982464
130 1 794624 798720
196 1 2064384 2068480
259 1 651264 655360
66 1 1732608 1748992
57 1 1806336 1814528
209 1 4096 53248
164 1 712704 737280
0 1 1052672 1060864
48 1 1077248 1081344
202 1 1990656 2002944
812 1 1374208 1375744
48 1 1961984 1966080
73 1 4096 8192
212 1 69632 122880
242 1 1376256 1380352
217 1 966656 970752
304 1 1404928 1409024
241 1 1507328 1511424
424 1 1900544 1904640
432 1 1466368 1470464
313 1 180224 184320
72 1 2080768 2084864
187 1 1499136 1519616
240 1 1708032 1712128
200 1 1466368 1470464
264 1 1105920 1110016
648 1 1064960 1069056
209 1 53248 57344
288 1 1097728 1101824
401 1 442368 446464
360 1 1064960 1069056
360 1 1245184 1249280
360 1 1912832 1916928
187 1 1519616 1523712
401 1 442368 446464
782 1 135168 139264
118 1 147456 151552
117 1 1200128 1204224
202 1 2002944 2007040
741 1 1376256 1380352
230 1 1310720 1343488
761 1 380928 389120
9 1 4096 12288
769 1 151552 233472
771 1 245760 262144
28 1 1380352 1413120
30 1 569344 606208
315 1 827392 831488
209 1 57344 94208
769 1 1081344 1118208
741 1 1380352 1384448
164 1 733184 753664
380 1 499712 503808
761 1 389120 393216
30 1 606208 651264
28 1 1413120 1437696
769 1 1118208 1155072
771 1 262144 360448
28 1 1437696 1462272
30 1 651264 684032
812 1 1375744 1376768
741 1 1384448 1388544
30 1 688128 696320
771 1 360448 442368
761 1 393216 397312
284 1 290816 294912
312 1 40960 65536
769 1 1155072 1191936
771 1 442368 454656
30 1 696320 741376
28 1 1462272 1482752
293 1 180224 196608
187 1 1523712 1544192
741 1 1388544 1392640
741 1 1421312 1425408
209 1 94208 98304
761 1 397312 409600
212 1 122880 126976
769 1 1191936 1224704
411 1 114688 118784
187 1 1544192 1548288
741 1 1429504 1511424
28 1 1482752 1507328
769 1 1224704 1245184
411 1 114688 118784
769 1 1249280 1257472
30 1 741376 782336
540 1 688128 692224
834 1 1925120 1929216
960 1 786432 790528
769 1 1253376 1257472
30 1 778240 782336
236 1 1642496 1650688
146 1 1941504 1945600
119 1 1544192 1548288
146 1 1945600 2064384
139 1 1089536 1105920
146 1 2064384 2068480
541 1 454656 458752
187 1 1548288 1568768
204 1 2068480 2097152
205 1 0 12288
91 1 1380352 1384448
187 1 1568768 1572864
164 1 749568 778240
133 1 1564672 1568768
187 1 1572864 1593344
205 1 12288 16384
187 1 1593344 1597440
470 1 643072 647168
43 1 1835008 1839104
467 1 950272 954368
873 1 819200 835584
506 1 1769472 1826816
812 1 1376768 1377792
209 1 98304 147456
469 1 1359872 1363968
466 1 1806336 1810432
209 1 147456 151552
57 1 1810432 1818624
114 1 61440 65536
423 1 1753088 1761280
812 1 1377792 1378816
220 2 1282048 1310720 1310720 1351680
423 1 1761280 1765376
812 1 1378816 1379840
566 1 753664 757760
259 1 651264 655360
540 1 692224 696320
466 1 1806336 1810432
401 1 442368 446464
812 1 1379840 1380864
220 1 12288 24576
209 1 151552 249856
401 1 442368 446464
220 1 24576 28672
370 1 991232 995328
770 1 1359872 1363968
220 1 1351680 1355776
65 1 344064 348160
144 1 1159168 1163264
90 1 1290240 1294336
209 1 249856 253952
714 1 499712 507904
318 1 991232 995328
540 1 696320 700416
467 1 950272 954368
259 1 651264 655360
542 1 532480 536576
541 1 1589248 1593344
542 1 827392 831488
542 1 888832 892928
542 1 1167360 1171456
541 1 1613824 1617920
542 1 1249280 1253376
541 1 1642496 1646592
544 1 446464 450560
541 1 1662976 1667072
543 1 237568 241664
541 1 1679360 1683456
544 1 802816 806912
542 1 1363968 1368064
543 1 299008 303104
541 1 1716224 1720320
868 1 1257472 1261568
543 1 491520 495616
541 1 1871872 1875968
542 1 1380352 1384448
868 1 1712128 1716224
541 1 1994752 1998848
542 1 1728512 1740800
543 1 704512 708608
872 1 548864 552960
869 1 69632 73728
542 1 1744896 1748992
872 1 577536 581632
869 1 520192 524288
870 1 208896 212992
872 1 634880 638976
869 1 573440 577536
870 1 421888 425984
872 1 741376 745472
869 1 1138688 1142784
543 1 823296 827392
872 1 888832 892928
869 1 1679360 1683456
870 1 897024 901120
872 1 917504 921600
869 1 1871872 1875968
543 1 1183744 1187840
870 1 933888 937984
872 1 946176 950272
812 1 1380864 1381888
543 1 1392640 1396736
870 1 987136 991232
940 1 1470464 1474560
543 1 1409024 1413120
870 1 1138688 1142784
543 1 1560576 1564672
870 1 1290240 1294336
488 1 720896 724992
543 1 1736704 1740800
870 1 1454080 1458176
871 1 118784 122880
941 1 106496 151552
871 1 290816 294912
871 1 704512 708608
871 1 1126400 1130496
871 1 1290240 1294336
871 1 1441792 1445888
870 1 1605632 1609728
870 1 1757184 1761280
871 1 1761280 1765376
870 1 1912832 1916928
209 2 253952 262144 262144 335872
870 1 2064384 2068480
871 1 1835008 1839104
281 1 1298432 1302528
466 1 1806336 1810432
166 2 765952 786432 786432 839680
209 1 335872 339968
166 1 839680 843776
947 1 1187840 1191936
439 1 0 4096
812 1 1381888 1382912
276 1 1961984 1966080
166 1 843776 851968
259 1 651264 655360
466 1 1806336 1810432
209 1 339968 413696
166 1 851968 856064
57 1 1814528 1826816
812 1 1382912 1383936
209 1 413696 417792
481 1 425984 430080
812 1 1383936 1384960
173 1 1982464 2027520
116 1 569344 573440
401 1 442368 446464
229 1 876544 880640
816 1 1466368 1478656
178 1 618496 679936
462 1 1167360 1171456
906 1 843776 851968
173 1 2027520 2031616
481 1 356352 360448
184 1 1732608 1765376
401 1 442368 446464
283 1 909312 913408
184 1 1765376 1769472
178 1 679936 684032
489 1 1163264 1167360
173 1 2031616 2064384
384 1 212992 217088
208 1 1966080 2039808
173 1 2064384 2068480
184 1 1769472 1781760
522 1 1187840 1191936
204 1 651264 679936
173 1 2068480 2084864
728 1 1527808 1531904
184 1 1781760 1785856
208 1 2039808 2043904
125 1 1929216 1961984
814 1 1622016 1626112
640 1 303104 311296
173 1 2084864 2088960
204 1 679936 684032
187 1 1597440 1613824
126 1 118784 122880
716 1 1155072 1163264
743 1 1781760 1789952
187 1 1613824 1617920
728 1 1527808 1531904
522 1 704512 708608
114 1 483328 487424
522 1 708608 712704
728 1 1527808 1531904
204 1 684032 692224
450 1 954368 987136
204 1 692224 696320
112 1 1843200 1847296
114 1 1986560 1990656
222 1 2076672 2097152
223 1 0 12288
125 1 1957888 1966080
271 1 704512 708608
865 1 339968 344064
849 1 692224 696320
827 1 1724416 1728512
634 1 1204224 1208320
405 1 401408 405504
187 1 1617920 1634304
223 1 12288 16384
804 1 12288 28672
187 1 1634304 1638400
192 1 1527808 1544192
496 1 847872 856064
556 1 925696 929792
485 1 286720 290816
629 1 311296 360448
626 2 462848 524288 524288 647168
192 1 1544192 1548288
164 1 774144 782336
187 1 1638400 1658880
104 1 667648 671744
187 1 1658880 1662976
147 1 1884160 1888256
623 1 1708032 1814528
0 1 1048576 1052672
883 1 114688 118784
0 1 1056768 1060864
73 1 0 12288
48 1 1114112 1118208
217 1 933888 937984
48 1 1179648 1183744
48 1 1961984 1966080
434 1 1028096 1032192
507 1 389120 397312
64 1 1179648 1183744
242 1 1839104 1843200
146 1 1904640 1908736
72 1 1093632 1097728
72 1 1101824 1105920
72 1 1114112 1118208
72 1 2093056 2097152
116 1 335872 339968
240 1 1110016 1114112
206 1 970752 983040
200 1 1470464 1474560
200 1 1921024 1925120
264 1 1060864 1064960
196 1 1576960 1593344
361 1 425984 430080
206 1 983040 987136
361 1 483328 487424
377 1 0 4096
116 1 2080768 2084864
114 1 942080 946176
196 1 1593344 1597440
886 1 811008 815104
113 1 425984 430080
452 1 1155072 1167360
452 1 1167360 1171456
117 1 1540096 1544192
117 1 1540096 1544192
26 1 180224 184320
0 1 1069056 1073152
751 1 1802240 1806336
456 1 1064960 1069056
625 1 299008 303104
434 1 1196032 1200128
257 1 274432 278528
257 1 282624 286720
721 1 1581056 1585152
722 1 585728 593920
744 1 1511424 1515520
744 1 1564672 1568768
744 1 1613824 1617920
744 1 1662976 1667072
774 1 802816 806912
765 1 122880 126976
790 1 1695744 1699840
765 1 1867776 1871872
288 1 1167360 1171456
744 1 1716224 1720320
886 1 811008 815104
789 1 1454080 1458176
767 1 1437696 1441792
722 1 593920 598016
744 1 1056768 1060864
773 1 1339392 1343488
771 1 163840 167936
112 1 1683456 1687552
768 1 704512 708608
770 1 1253376 1257472
772 1 1040384 1044480
775 1 69632 73728
772 1 2072576 2076672
790 1 1134592 1138688
775 1 1957888 1961984
790 1 1183744 1187840
791 1 1359872 1363968
790 1 1232896 1236992
171 1 573440 602112
695 1 368640 372736
737 1 1069056 1073152
503 1 1122304 1126400
739 1 1781760 1785856
767 1 196608 200704
766 1 339968 344064
720 1 1191936 1196032
721 1 1294336 1298432
766 1 393216 397312
720 1 1908736 1912832
721 1 1585152 1589248
766 1 442368 446464
744 1 1077248 1081344
765 1 847872 851968
770 1 1261568 1265664
720 1 1495040 1499136
721 1 1691648 1695744
740 1 565248 569344
164 2 778240 786432 786432 806912
218 1 1982464 1994752
720 1 1363968 1368064
267 1 1794048 1798144
720 1 1384448 1388544
171 1 602112 606208
747 1 159744 163840
720 1 1949696 1953792
771 1 163840 167936
187 1 1662976 1683456
744 1 1056768 1060864
722 1 585728 598016
744 1 1511424 1515520
765 1 122880 126976
767 1 1437696 1441792
744 1 1564672 1568768
886 1 811008 815104
775 1 69632 73728
765 1 1617920 1622016
775 1 1957888 1961984
744 1 1613824 1617920
766 1 1507328 1511424
791 1 1359872 1363968
774 1 802816 806912
765 1 1867776 1871872
790 1 1134592 1138688
70 1 815104 819200
744 1 1662976 1667072
773 1 1339392 1343488
790 1 1183744 1187840
744 1 1716224 1720320
772 1 1040384 1044480
789 1 1454080 1458176
790 1 1232896 1236992
790 1 1695744 1699840
768 1 704512 708608
772 1 2072576 2076672
218 1 1994752 1998848
187 1 1683456 1687552
516 1 368640 376832
485 1 1658880 1662976
695 1 368640 372736
173 1 2088960 2097152
791 1 1363968 1368064
722 1 278528 282624
737 1 1069056 1073152
744 1 1077248 1081344
766 1 339968 344064
766 1 393216 397312
721 1 1789952 1794048
766 1 442368 446464
770 1 364544 368640
174 1 0 69632
125 1 1961984 1994752
448 1 520192 524288
522 1 987136 991232
195 1 1232896 1273856
187 1 1687552 1703936
720 1 1134592 1138688
720 1 1527808 1531904
443 1 1105920 1110016
721 1 20480 24576
722 1 585728 602112
744 1 1511424 1515520
721 1 831488 835584
721 1 847872 851968
722 1 1019904 1024000
174 1 69632 73728
721 1 1241088 1245184
770 1 16384 24576
771 1 163840 167936
767 1 1437696 1441792
721 1 1261568 1265664
775 1 69632 73728
770 1 98304 102400
744 1 1564672 1568768
114 1 1544192 1548288
770 1 438272 442368
744 1 1613824 1617920
775 1 1957888 1961984
744 1 1662976 1667072
765 1 122880 126976
744 1 1716224 1720320
770 1 1269760 1273856
791 1 1208320 1212416
773 1 1339392 1343488
117 1 811008 815104
791 1 1368064 1380352
886 1 811008 815104
789 1 126976 131072
746 1 741376 745472
748 1 581632 585728
789 1 1454080 1458176
774 1 802816 806912
187 1 1703936 1708032
748 1 782336 786432
752 1 1380352 1384448
790 1 1695744 1699840
195 1 1273856 1277952
764 1 1957888 1961984
768 1 704512 708608
772 1 2072576 2076672
918 1 872448 876544
791 1 1359872 1368064
791 1 1380352 1396736
445 1 1957888 1961984
668 1 1597440 1654784
174 1 73728 118784
791 1 1396736 1400832
695 1 368640 372736
737 1 1069056 1073152
754 1 49152 53248
257 1 274432 278528
720 1 1167360 1171456
747 1 548864 552960
191 1 16384 28672
257 1 282624 286720
720 1 1867776 1871872
722 1 57344 61440
114 1 1966080 1970176
721 1 131072 135168
722 1 1302528 1306624
720 1 2019328 2023424
721 1 1200128 1204224
771 1 1527808 1531904
746 1 667648 671744
767 1 1437696 1441792
775 1 69632 73728
721 1 1527808 1531904
746 1 741376 745472
752 1 1241088 1245184
775 1 1957888 1961984
774 1 802816 806912
772 1 356352 360448
768 1 704512 708608
753 1 290816 294912
791 1 1208320 1212416
772 1 2072576 2076672
753 1 1097728 1101824
791 1 1363968 1368064
773 1 1339392 1343488
789 1 126976 131072
722 1 585728 593920
722 1 598016 602112
789 1 1454080 1458176
668 1 1654784 1658880
770 1 98304 102400
770 1 438272 442368
174 1 118784 122880
886 1 811008 815104
191 1 28672 32768
694 1 163840 167936
118 1 1216512 1220608
680 2 1482752 1572864 1572864 1617920
141 1 552960 557056
248 1 868352 876544
0 1 1056768 1060864
0 1 1069056 1073152
48 1 1409024 1413120
99 1 315392 352256
99 1 368640 372736
206 1 1257472 1261568
48 1 1421312 1425408
347 1 1118208 1134592
273 1 1753088 1757184
140 1 1781760 1785856
618 1 1273856 1277952
96 1 1056768 1060864
794 1 139264 143360
347 1 1724416 1732608
96 1 1064960 1069056
347 1 1736704 1740800
96 1 1122304 1126400
156 1 1904640 1908736
124 1 2011136 2015232
408 1 1089536 1093632
680 1 1482752 1486848
580 1 196608 200704
215 1 1052672 1056768
624 1 1085440 1089536
688 1 1466368 1470464
215 1 1056768 1081344
680 1 1474560 1482752
681 1 618496 655360
215 1 1081344 1085440
681 1 2043904 2056192
280 1 1142784 1146880
681 1 2064384 2068480
280 1 1155072 1159168
682 1 4096 8192
681 1 2072576 2076672
681 1 2080768 2093056
682 1 20480 24576
682 1 40960 53248
682 1 98304 102400
682 1 118784 143360
682 1 159744 163840
114 1 1986560 1990656
680 1 1482752 1486848
588 1 1798144 1814528
601 1 950272 954368
192 2 1548288 1572864 1572864 1601536
179 2 991232 1048576 1048576 1064960
537 1 929792 933888
192 1 1601536 1605632
537 1 929792 937984
179 1 1064960 1069056
0 1 1052672 1056768
48 1 1073152 1077248
73 1 8192 12288
48 1 1961984 1966080
368 1 1830912 1835008
171 2 491520 524288 524288 548864
440 1 1073152 1077248
72 1 1077248 1081344
555 1 1306624 1310720
216 1 1179648 1183744
322 1 1703936 1708032
240 1 1179648 1183744
360 1 1187840 1191936
171 1 548864 552960
243 1 110592 118784
114 1 942080 946176
371 1 32768 36864
114 1 1994752 1998848
203 1 2015232 2027520
706 1 1687552 1695744
203 1 2027520 2031616
618 1 278528 286720
680 2 1482752 1572864 1572864 1613824
200 1 1839104 1859584
680 1 1482752 1486848
200 1 1859584 1863680
146 1 1941504 1945600
681 1 618496 655360
680 1 1474560 1482752
681 1 2043904 2056192
681 1 2064384 2068480
681 1 2072576 2076672
681 1 2080768 2093056
682 1 4096 8192
682 1 20480 24576
611 1 925696 929792
682 1 40960 53248
682 1 118784 143360
682 1 159744 163840
650 1 1191936 1196032
164 1 802816 811008
243 1 1843200 1847296
215 1 704512 712704
203 1 2031616 2039808
680 1 1482752 1486848
187 1 1708032 1728512
812 1 1384960 1385984
203 1 2039808 2043904
607 1 1052672 1060864
122 1 106496 110592
187 1 1728512 1732608
116 1 1449984 1454080
409 1 1904640 1908736
409 1 1904640 1908736
117 1 1253376 1257472
976 1 1654784 1658880
400 1 1466368 1470464
571 1 1462272 1466368
722 1 1073152 1077248
268 1 1429504 1433600
505 1 2031616 2035712
114 1 356352 372736
180 1 2011136 2035712
201 1 573440 675840
215 1 1040384 1044480
180 1 2035712 2039808
882 1 847872 851968
534 1 978944 983040
680 1 1482752 1519616
201 1 675840 679936
203 1 1740800 1757184
187 1 1732608 1740800
117 1 811008 815104
641 1 1748992 1761280
680 1 1482752 1486848
203 1 1757184 1761280
187 1 1740800 1744896
340 1 8192 16384
175 1 438272 471040
681 1 618496 622592
681 1 630784 634880
681 1 638976 647168
680 1 1478656 1482752
682 1 77824 81920
262 1 1355776 1359872
193 1 151552 217088
682 1 98304 102400
682 1 122880 126976
175 1 471040 475136
680 1 1482752 1486848
193 1 217088 221184
113 1 1515520 1519616
164 1 806912 827392
141 1 552960 557056
215 1 1085440 1110016
55 1 565248 569344
187 1 1744896 1765376
474 1 1224704 1228800
187 1 1765376 1769472
215 1 1110016 1114112
57 1 1822720 1826816
718 1 1691648 1699840
114 1 1994752 1998848
812 1 1385984 1387008
376 1 1085440 1093632
172 1 823296 864256
837 1 237568 245760
401 1 442368 446464
125 1 1990656 2019328
304 1 1396736 1449984
447 1 2039808 2043904
66 1 1761280 1773568
172 1 864256 868352
200 1 327680 364544
282 1 1167360 1171456
840 1 1515520 1519616
57 1 1822720 1826816
657 1 1449984 1458176
187 1 1769472 1785856
161 1 733184 745472
304 1 1449984 1454080
200 1 364544 368640
812 1 1387008 1388032
165 1 331776 438272
401 1 442368 446464
192 1 1167360 1232896
192 1 1232896 1236992
401 1 442368 446464
165 1 438272 442368
187 1 1785856 1789952
526 1 1892352 1896448
657 1 1454080 1458176
144 1 1159168 1163264
167 1 1777664 1814528
837 1 1089536 1097728
192 1 1236992 1241088
446 1 708608 712704
680 1 1482752 1503232
167 1 1814528 1818624
222 2 761856 786432 786432 790528
838 1 1781760 1785856
680 1 1482752 1486848
222 1 790528 794624
62 1 1560576 1568768
681 1 618496 622592
681 1 630784 634880
680 1 1478656 1482752
682 1 98304 102400
62 1 1564672 1568768
303 1 1089536 1126400
680 1 1482752 1486848
303 1 1126400 1130496
522 1 712704 716800
452 1 1814528 1818624
444 1 1138688 1142784
230 1 1343488 1376256
465 1 761856 765952
503 3 1183744 1310720 1310720 1572864 1572864 1699840
135 1 1048576 1052672
383 1 1425408 1515520
339 1 1892352 1896448
503 2 1699840 1835008 1835008 2043904
180 1 1896448 1908736
383 1 1515520 1519616
408 1 1036288 1040384
934 1 315392 319488
352 1 1048576 1052672
161 1 913408 929792
180 1 1908736 1912832
223 1 745472 761856
887 1 1269760 1273856
304 1 1740800 1744896
161 1 929792 933888
678 1 978944 983040
799 1 1937408 1941504
166 1 1544192 1548288
125 1 2015232 2023424
35 1 1306624 1310720
187 1 1789952 1806336
187 1 1806336 1810432
225 1 2015232 2019328
961 1 122880 126976
194 2 1560576 1572864 1572864 1622016
223 1 761856 765952
810 1 2031616 2035712
326 1 761856 765952
477 1 258048 262144
813 1 1519616 1531904
597 2 946176 1048576 1048576 1064960
488 2 823296 1048576 1048576 1069056
628 1 1269760 1277952
222 1 573440 577536
222 1 577536 614400
143 1 450560 454656
194 1 1622016 1626112
222 1 614400 618496
166 1 1617920 1630208
355 1 1048576 1052672
220 1 12288 24576
166 1 1630208 1634304
220 1 24576 28672
0 1 1048576 1052672
897 1 1622016 1687552
114 1 724992 729088
48 1 1052672 1056768
48 1 1236992 1241088
73 1 40960 45056
48 1 1523712 1527808
140 1 1667072 1671168
120 1 1695744 1699840
54 1 1757184 1761280
858 1 372736 376832
753 1 626688 630784
125 1 1724416 1728512
270 1 1048576 1052672
695 1 368640 372736
737 1 1069056 1073152
754 1 49152 53248
257 1 274432 278528
832 1 1818624 1826816
638 1 2076672 2080768
257 1 282624 286720
190 1 2035712 2048000
420 1 1273856 1277952
507 1 397312 401408
180 1 450560 454656
190 1 2048000 2052096
865 1 1400832 1404928
269 1 655360 659456
121 1 1163264 1167360
164 1 823296 831488
187 1 1810432 1830912
336 1 942080 946176
187 1 1830912 1835008
907 1 1327104 1331200
167 1 569344 581632
220 1 28672 57344
467 1 1056768 1064960
167 1 581632 585728
220 1 57344 61440
458 1 1966080 1970176
438 1 1540096 1548288
204 1 888832 970752
204 1 970752 974848
40 1 1953792 1957888
139 1 1101824 1118208
140 1 1310720 1314816
125 1 2019328 2052096
514 1 761856 770048
204 1 974848 1011712
187 1 1835008 1859584
194 1 36864 126976
791 1 1396736 1400832
57 1 1822720 1826816
722 1 585728 593920
721 1 57344 61440
886 1 811008 815104
767 1 1437696 1441792
744 1 1511424 1515520
204 1 1011712 1015808
771 1 163840 167936
744 1 1564672 1568768
790 1 1695744 1699840
744 1 1613824 1617920
775 1 69632 73728
765 1 1867776 1871872
775 1 1957888 1961984
744 1 1662976 1667072
789 1 1454080 1458176
744 1 1716224 1720320
774 1 802816 806912
768 1 704512 708608
790 1 1134592 1138688
765 1 122880 126976
187 1 1859584 1863680
790 1 1183744 1187840
773 1 1339392 1343488
772 1 2072576 2076672
790 1 1232896 1236992
695 1 368640 372736
722 1 593920 602112
737 1 1069056 1073152
770 1 1273856 1277952
