#StripeID,rangenumber,BlockOffsetStart,BlockOffsetEnd
36 1 1916928 1982464
89 3 1081344 1310720 1310720 1572864 1572864 1605632
538 1 1011712 1019904
535 1 1900544 2048000
455 1 364544 372736
346 1 147456 155648
490 1 1421312 1425408
536 1 831488 847872
334 1 1536000 1540096
267 1 643072 651264
932 1 733184 737280
336 1 569344 585728
431 1 208896 212992
596 1 475136 495616
441 1 794624 798720
872 1 1294336 1302528
274 1 999424 1003520
880 1 823296 827392
115 1 323584 327680
12 1 151552 196608
984 1 1703936 1798144
295 1 217088 221184
295 1 1818624 1826816
295 1 1826816 1830912
668 1 1761280 1765376
251 1 1089536 1093632
264 1 1277952 1282048
50 1 1527808 1532928
991 1 1994752 2002944
880 2 1277952 1310720 1310720 1343488
592 1 1798144 1806336
592 1 1806336 1810432
847 1 360448 363520
986 1 860160 861184
869 1 1245184 1249280
803 1 2052096 2084864
411 1 1343488 1409024
154 2 1552384 1572864 1572864 1650688
829 1 1437696 1503232
642 2 1294336 1310720 1310720 1425408
947 1 651264 782336
308 2 987136 1048576 1048576 1085440
614 2 753664 786432 786432 835584
654 1 0 262144
345 1 1478656 1544192
614 2 503808 524288 524288 749568
506 1 1728512 1794048
502 1 819200 827392
358 1 151552 208896
887 1 1867776 1875968
502 2 753664 786432 786432 811008
117 1 1204224 1249280
642 2 765952 786432 786432 1028096
351 1 1708032 1773568
353 1 12288 20480
887 2 1798144 1835008 1835008 1855488
143 1 1110016 1114112
325 1 1675264 1679360
364 1 327680 331776
143 1 1114112 1126400
114 1 1523712 1527808
239 1 380928 385024
240 1 143360 151552
496 1 1327104 1351680
197 2 1379840 1572864 1572864 1711616
978 1 1011712 1015808
978 1 1167360 1171456
197 2 1719808 1835008 1835008 2097152
198 1 0 146944
198 2 1195520 1310720 1310720 1502720
496 1 1351680 1355776
198 3 146944 262144 262144 524288 524288 671232
246 1 606208 614400
225 1 1949696 1953792
225 1 1884160 1888256
932 1 1687552 1691648
111 3 193024 262144 262144 524288 524288 717312
200 1 1806336 1814528
45 1 1597440 1605632
122 1 876544 897024
134 1 610304 634880
127 1 1736704 1740800
138 1 1376256 1388544
887 1 1662976 1667072
127 1 1728512 1732608
510 1 2043904 2052096
582 1 1245184 1249280
46 1 458752 466944
507 1 1597440 1601536
531 1 1556480 1564672
436 1 782336 786432
4 1 557056 561152
36 1 1323008 1327104
474 1 139264 141312
5 1 73728 77824
227 1 856064 856576
724 1 1458176 1470464
933 1 909312 913408
642 1 589824 591360
232 1 532480 540672
270 1 1871872 1880064
270 1 1880064 1884160
983 1 1908736 1916928
316 1 299008 303104
389 1 126976 131072
351 1 557056 561152
372 1 1388544 1445888
200 1 1806336 1810432
656 1 2060288 2097152
657 1 0 24576
780 1 593920 630784
12 1 466944 471040
115 1 253952 262144
115 1 647168 651264
115 1 675840 679936
333 1 2056192 2060288
838 1 393216 397312
116 1 245760 249856
678 1 503808 507904
478 1 929792 933888
973 1 655360 659456
213 1 1765376 1769472
596 1 495616 499712
117 1 1503232 1511424
478 1 917504 921600
61 1 331776 335872
68 1 872448 876544
368 1 1515520 1519616
623 1 1887744 1891840
299 1 561152 565248
849 1 1474048 1490432
617 1 1367552 1375744
619 1 1363456 1371648
622 1 949760 974336
73 1 695808 744960
623 1 1891840 1908224
73 1 744960 749056
131 1 1769472 1773568
132 1 1445888 1446400
132 1 1446400 1446912
132 1 1446912 1451008
132 1 1451008 1455104
310 1 372736 376832
131 1 1773568 1777664
907 1 1851392 1867776
680 1 1847296 1851392
429 1 466944 499712
307 1 1642496 1646592
548 1 24576 28672
308 1 536576 540672
345 1 1945600 1949696
417 1 438272 442368
305 1 1966080 1970176
316 1 237568 241664
363 1 1400832 1404928
393 1 1617920 1622016
407 1 1896448 1900544
364 1 1335296 1339392
351 1 950272 954368
438 1 1380352 1384448
118 1 1261568 1266176
427 1 552960 557056
539 1 401408 405504
458 1 1597440 1600000
539 1 581632 585728
470 1 2007040 2011136
539 1 1392640 1396736
127 1 532480 536576
291 1 495616 503808
981 1 1961984 1966080
644 1 1011712 1015808
115 1 77824 81920
651 1 851968 856064
238 1 1343488 1363968
125 1 102400 106496
126 1 40960 45056
469 1 552960 614400
117 1 1695744 1699840
997 1 1466368 1470464
332 1 1384448 1388544
4 1 380928 385024
142 1 434176 438272
210 1 753664 765952
517 1 65536 131072
446 3 1032192 1048576 1048576 1310720 1310720 1520128
619 3 1004032 1048576 1048576 1310720 1310720 1528320
517 1 917504 1040384
689 1 942080 950272
340 1 421888 434176
517 1 1040384 1048576
601 1 319488 323584
255 1 921600 925696
600 1 1720320 1785856
998 1 458752 524288
203 1 823296 835584
455 1 966656 970752
203 1 765952 770048
203 1 831488 835584
455 1 966656 970752
203 1 765952 770048
391 1 1880064 1884160
391 1 1945600 1949696
148 1 1130496 1134592
720 1 1474560 1478656
41 1 1163264 1167360
720 2 1478656 1572864 1572864 1777664
276 1 1544192 1548288
68 1 2068480 2072576
313 1 1179648 1183744
230 1 1847296 2097152
231 2 0 262144 262144 274432
398 1 73728 77824
261 1 1511424 1515520
231 3 274432 524288 524288 786432 786432 798720
261 1 1519616 1523712
818 1 274432 278528
380 1 1167360 1171456
722 1 401408 405504
409 1 815104 819200
203 1 786432 794624
251 1 454656 458752
258 1 843776 847872
496 1 880640 884736
143 1 1126400 1130496
691 1 106496 112128
785 1 1261568 1265664
754 1 1904640 1908736
975 1 102400 110592
143 1 1130496 1142784
175 1 32768 36864
12 1 1409024 1413120
16 1 163840 164352
454 1 1937408 2097152
455 2 0 262144 262144 364544
533 1 1871872 2097152
534 1 0 135168
45 1 8192 12288
698 1 499712 503808
513 1 1392640 1395200
79 1 49152 53248
585 1 602112 603648
44 1 512000 516096
78 1 1572864 1576960
226 1 32768 36864
598 1 1060864 1163264
456 1 1015808 1024000
603 1 1073152 1081344
235 1 1609728 1613824
470 1 1998848 2002944
880 2 1540096 1572864 1572864 1605632
702 1 1662464 1666560
444 1 441856 445952
880 1 1867776 1933312
137 1 2059776 2072064
137 1 2072064 2076160
237 1 638976 704512
876 1 458752 462848
876 1 581632 585728
686 1 749568 753664
589 1 1761280 1765376
608 1 651264 655360
98 1 8192 12288
98 1 516096 520192
55 1 1589248 1593344
78 1 1675264 1679360
652 1 634880 638976
55 1 1716224 1720320
94 1 860160 864256
86 1 1482752 1486848
145 1 1617920 1622016
834 1 1970176 1974272
146 1 1212416 1216512
55 2 782336 786432 786432 790528
57 1 1859584 1863680
52 1 1163264 1167360
629 1 2031616 2035712
307 1 1064960 1073152
307 1 1073152 1077248
210 1 376832 380928
198 3 671232 786432 786432 1048576 1048576 1195520
885 1 1785856 1789952
261 1 1216512 1220608
337 1 1032192 1040384
558 1 832000 950272
926 1 1380352 1384448
419 1 1937408 1941504
387 1 434176 438272
905 1 593920 598016
558 3 978944 1048576 1048576 1310720 1310720 1384960
904 1 450560 455680
793 1 2023424 2027520
558 3 1384960 1572864 1572864 1835008 1835008 1909248
232 1 1073152 1077248
335 2 765952 786432 786432 831488
121 1 1789952 1790464
533 1 872448 876544
119 1 1736704 1740800
340 1 405504 421888
339 1 2060288 2076672
340 1 733184 749568
340 1 602112 618496
533 1 806912 811008
121 1 1794048 1798144
121 1 1802240 1806336
335 1 1359872 1392640
119 1 1740800 1744896
335 2 765952 786432 786432 815104
533 1 872448 876544
121 1 1789952 1790464
340 1 1503232 1519616
980 1 1060864 1077248
119 1 1736704 1740800
474 1 266240 270336
55 1 1548288 1552384
55 1 1929216 1937408
668 1 1347584 1351680
286 1 573440 577536
798 1 1482752 1486848
192 1 606208 610304
108 1 815104 819200
880 1 958464 962560
748 1 610304 614400
102 1 1810432 1814528
497 1 65536 69632
258 1 1888256 1892352
152 1 1556480 1560576
499 1 749568 753664
377 1 1355776 1359872
989 1 1748992 1753088
264 1 147456 151552
218 1 1953792 1957888
639 3 631296 786432 786432 1048576 1048576 1155584
639 3 1155584 1310720 1310720 1572864 1572864 1679872
273 1 1253376 1261568
867 1 1585152 1593344
273 1 1261568 1265664
867 1 1593344 1597440
639 1 2060288 2097152
640 1 0 74240
640 1 98304 131072
639 2 1679872 1835008 1835008 2060288
640 1 74240 98304
640 1 131072 225280
640 1 356352 421888
393 1 1130496 1142784
640 1 1114112 1126400
640 2 782336 786432 786432 847872
18 1 188416 196608
640 1 847872 1036288
640 2 1040384 1048576 1048576 1101824
785 1 203264 204288
198 1 1502720 1506816
64 1 1290240 1298432
264 3 962560 1048576 1048576 1310720 1310720 1486848
264 3 438272 524288 524288 786432 786432 962560
264 1 2056192 2097152
265 2 0 262144 262144 483328
251 1 1429504 1433600
265 3 483328 524288 524288 786432 786432 991232
417 1 458752 524288
123 1 192512 258048
154 2 655360 786432 786432 917504
417 1 917504 1048576
594 1 1888256 1900544
474 1 237568 241664
799 3 983040 1048576 1048576 1310720 1310720 1507328
799 3 1507328 1572864 1572864 1835008 1835008 2031616
677 3 1179648 1310720 1310720 1572864 1572864 1703936
807 1 1179648 1245184
800 3 458752 524288 524288 786432 786432 983040
799 1 2031616 2097152
800 2 0 262144 262144 458752
812 2 524288 786432 786432 1032192
812 2 0 262144 262144 524288
148 1 479232 483328
203 1 667648 668672
720 1 1777664 1781760
53 1 786432 847872
836 1 540672 544768
966 1 1470464 1474560
977 1 110592 114688
162 1 1056768 1060864
483 1 1142784 1146880
128 1 663552 667648
83 1 663552 667648
200 1 1843200 1847296
148 1 479232 487424
806 1 249856 253952
200 1 1871872 1884160
915 1 308224 309248
582 1 1461760 1462784
42 1 1236992 1241088
780 3 634880 786432 786432 1048576 1048576 1122304
232 1 619008 621056
233 1 1210880 1211904
915 1 309248 312832
582 1 1462784 1463808
712 1 1282048 1286144
117 2 1253376 1310720 1310720 1335296
445 1 696320 786432
961 3 1056768 1310720 1310720 1572864 1572864 1581056
808 1 552960 556544
339 1 299008 364544
691 1 77312 81408
680 2 1515520 1572864 1572864 1683456
938 1 1687552 1818624
798 1 1310720 1339392
632 1 1089536 1155072
143 2 217088 262144 262144 282624
751 1 1339392 1470464
611 1 1380352 1445888
352 2 1499136 1572864 1572864 1761280
939 1 1036288 1040384
910 2 520192 524288 524288 528384
680 3 991232 1048576 1048576 1310720 1310720 1515520
655 1 655360 720896
345 1 299008 364544
960 1 1667072 1671168
960 1 1667072 1671168
428 1 876544 880640
770 1 942080 946176
652 1 1085440 1089536
428 1 876544 880640
565 1 569344 577536
652 1 1077248 1081344
527 1 298496 355840
527 1 355840 359936
539 1 921600 937984
305 1 1966080 1970176
305 1 1957888 1961984
279 1 806912 811008
407 1 1687552 1691648
820 1 2072576 2080768
279 1 831488 851968
200 1 1777664 1781760
283 1 393216 397312
266 1 1859584 1867776
266 1 1867776 1871872
597 1 950272 954368
598 1 241664 245760
732 1 876544 880640
200 1 737280 741376
32 1 1265664 1286144
551 1 1138688 1200128
551 1 1200128 1204224
749 1 307200 311296
733 1 565248 569344
893 1 1404928 1409024
562 1 1208320 1228800
562 1 1228800 1232896
540 1 20480 24576
306 1 1359872 1363968
321 1 442368 446464
651 1 684032 688128
773 1 1732608 1736704
725 1 1716224 1720320
347 1 581632 585728
190 1 1916928 1921024
468 1 1839104 1843200
193 1 356352 364544
355 1 700416 704512
583 1 577536 581632
456 3 491520 524288 524288 786432 786432 1015808
44 1 380928 385024
547 1 1060864 1073152
600 2 765952 786432 786432 819200
773 1 1753088 1761280
198 1 319488 323072
619 1 1528320 1540096
519 2 720896 786432 786432 851968
446 3 1520128 1572864 1572864 1835008 1835008 2044416
521 1 196608 262144
619 3 1552384 1572864 1572864 1835008 1835008 2064896
886 1 2015232 2080768
337 1 421888 434176
931 1 1003520 1007616
917 1 1761280 1765376
887 1 311296 376832
177 1 450560 475136
337 1 434176 438272
680 1 1851392 1916928
926 2 1753088 1835008 1835008 1884160
218 1 1765376 1769472
939 1 1101824 1126400
410 1 1507328 1572864
612 1 1613824 1679360
939 1 1343488 1409024
981 1 684032 749568
224 1 729088 733184
351 1 671744 737280
984 1 1347584 1413120
939 1 1146880 1183744
226 1 360448 421888
254 2 139264 262144 262144 270336
635 2 1200128 1310720 1310720 1462272
558 1 1404928 1470464
896 1 1875968 1941504
395 2 212992 262144 262144 512000
956 1 1691648 1757184
907 1 1396736 1429504
655 1 1413120 1417216
451 1 663552 665088
200 1 1843200 1847296
867 1 692224 696320
231 1 552960 557056
866 1 1970176 1978368
512 1 1888256 1892352
203 1 1069056 1081344
231 1 753664 761856
153 1 135168 196608
512 1 1908736 1912832
917 1 110592 114688
512 1 1388544 1392640
506 1 1499136 1503232
162 1 802816 803328
361 1 1171456 1175552
203 1 1560576 1564672
203 1 1200128 1204224
322 1 663552 667648
433 1 368640 372736
173 1 729088 733184
271 1 831488 835584
337 1 1040384 1044480
261 1 1216512 1220608
337 2 1044480 1048576 1048576 1052672
337 1 1052672 1056768
351 1 954368 958464
351 1 950272 954368
519 1 1789952 1826816
304 1 724992 729088
134 1 303104 335872
539 1 2076672 2084864
470 1 2035712 2043904
540 1 0 8192
427 1 552960 557056
540 1 32768 49152
470 1 2072576 2076672
685 2 523776 524288 524288 527872
540 1 393216 421888
651 1 1789952 1798144
378 1 1699840 1703936
540 1 430080 434176
69 1 901120 903168
359 1 1634304 1658880
538 1 1949696 1953792
981 1 1961984 1970176
139 1 1396736 1400832
498 1 262144 266240
862 1 1343488 1347584
67 1 950272 954368
820 1 434176 438272
820 1 417792 430080
7 1 200704 208896
8 1 2007040 2011136
507 1 450560 475136
507 1 475136 479232
337 1 40960 41472
820 1 1224704 1245184
200 1 1843200 1847296
200 1 1773568 1777664
431 1 1441792 1507328
85 1 1282048 1286144
930 1 1064960 1065472
472 1 1863680 1900544
470 1 1970176 1974272
470 1 1961984 1966080
349 1 659456 663552
305 1 1966080 1970176
305 1 1970176 1974272
812 3 1556480 1572864 1572864 1835008 1835008 2080768
812 3 1032192 1048576 1048576 1310720 1310720 1556480
813 3 507904 524288 524288 786432 786432 1032192
417 1 0 131072
208 1 585728 589824
702 1 589824 593920
312 1 581632 602112
282 1 2015232 2039808
282 1 2039808 2060288
843 1 544768 622592
567 1 1957888 1978368
282 1 2060288 2064384
200 1 1769472 1773568
957 1 1949696 1953792
37 2 475136 524288 524288 540672
200 1 1855488 1863680
37 1 1130496 1151488
705 1 2047488 2051584
478 1 1830912 1835008
213 1 1929216 1937408
930 1 1482752 1486848
213 1 1937408 1941504
952 1 1388544 1400832
639 1 1286144 1294336
280 1 1372160 1380352
37 1 1151488 1196032
266 1 1130496 1138688
200 1 1794048 1798144
280 1 1380352 1384448
266 1 1138688 1142784
37 1 1654784 1720320
38 1 278528 344064
743 1 389120 393216
349 1 1032192 1036288
486 1 2036736 2043392
914 2 143872 262144 262144 360448
914 2 364544 524288 524288 672256
666 1 1290240 1294336
914 1 1540096 1548288
6 1 1990656 1994752
968 1 1126400 1130496
914 1 1093632 1188352
914 3 672256 786432 786432 1048576 1048576 1093632
6 1 2043904 2052096
968 1 1146880 1159168
914 1 1531904 1540096
119 1 180224 184320
751 1 1674752 1675264
751 1 1678848 1679360
0 1 466944 471040
751 1 1682944 1683456
0 1 458752 462848
2 1 2039808 2043904
919 1 909312 925696
2 1 790528 794624
2 1 593920 598016
2 1 659456 663552
26 1 1634304 1638400
919 1 819200 831488
262 1 1605632 1638400
2 1 12288 16384
270 1 1847296 1855488
143 1 1142784 1146880
976 1 241664 245760
270 1 1855488 1859584
429 1 1142784 1146880
143 1 1146880 1159168
616 2 523776 524288 524288 527872
616 1 527872 572928
628 1 32256 36352
342 1 2027520 2031616
164 1 790528 798720
106 1 524288 528384
164 1 798720 802816
48 1 1409024 1413120
420 1 446464 450560
856 1 69632 73728
558 1 1909248 2097152
559 2 0 262144 262144 336384
239 1 2043904 2048000
935 1 1400832 1404928
232 1 1073152 1077248
340 1 1323008 1339392
533 1 806912 811008
434 1 622592 626688
533 1 872448 876544
15 1 974848 983040
912 1 1163264 1167360
912 1 1167360 1208320
69 1 425984 430080
72 1 937984 942080
999 1 700416 708608
421 1 1327104 1372160
200 1 1851392 1859584
766 1 1204224 1208320
276 1 487424 489472
419 1 589824 593920
424 1 40960 45056
618 1 1970176 2011136
424 1 237568 241664
424 1 122880 126976
445 1 1200128 1204224
451 1 106496 110592
424 1 274432 278528
283 1 491520 499712
618 1 2011136 2015232
421 1 1372160 1376256
283 1 499712 503808
249 1 1060864 1081344
298 1 196608 212992
232 1 621056 623616
511 1 958464 961536
582 1 1463808 1467392
915 1 312832 313856
233 1 1211904 1214464
200 1 1814528 1818624
232 1 623616 624640
305 1 1970176 1974272
308 1 389120 393216
308 1 380928 385024
305 1 1966080 1970176
308 1 376832 377344
305 1 1970176 1974272
696 1 622592 626688
896 1 1409024 1413120
111 3 717312 786432 786432 1048576 1048576 1241600
200 1 1875968 1880064
200 1 1810432 1818624
111 3 1241600 1310720 1310720 1572864 1572864 1765888
453 1 475136 479232
50 1 1368064 1376256
200 1 1880064 1888256
915 1 61440 65536
269 1 360448 364544
172 1 1376256 1490944
948 1 1630208 1630720
265 1 2015232 2019328
62 1 1376256 1380352
508 1 348160 352256
82 1 356352 360448
118 1 208896 229376
917 1 180224 258048
62 1 786432 790528
940 1 1331200 1335296
364 1 860160 864256
24 1 1576960 1581056
235 1 2072576 2076672
948 1 1626112 1630208
222 1 487424 491520
118 1 229376 233472
620 1 1675264 1679360
10 1 1994752 2060288
469 1 614400 618496
37 1 188416 192512
646 1 495616 499712
938 1 1679360 1679872
642 1 2093056 2097152
643 1 0 512
271 1 651264 659456
521 1 524288 581632
897 1 40960 106496
447 1 290816 421888
908 1 81920 139264
984 1 1343488 1347584
653 2 1310720 1572864 1572864 1835008
912 1 950272 974848
913 1 819200 860160
984 2 1257472 1310720 1310720 1318912
417 1 1458176 1523712
581 2 499712 524288 524288 565248
501 1 647168 712704
352 1 1093632 1159168
40 1 876544 942080
945 1 2093056 2097152
946 2 0 262144 262144 454656
548 1 1622016 1687552
418 1 299008 364544
742 1 1978368 2043904
370 1 970752 999424
945 1 901120 966656
945 1 2039808 2043904
36 1 462848 475136
140 1 413696 417792
44 1 1241088 1245184
139 1 286720 294912
427 1 552960 557056
862 1 1355776 1363968
546 1 1404928 1409024
954 1 45056 49152
259 1 1224704 1232896
470 1 1974272 1978368
913 1 1622016 1626112
154 1 1265664 1269760
291 1 503808 507904
139 1 356352 360448
242 1 1421312 1422336
470 1 2007040 2015232
557 1 974848 978944
259 1 1232896 1236992
359 1 1658880 1662976
876 1 1425408 1429504
668 1 1478656 1486848
910 1 823296 851968
924 1 1265664 1269760
928 1 1384448 1388544
68 1 2072576 2076672
957 2 458752 524288 524288 700416
928 1 1404928 1409024
928 1 1425408 1433600
231 1 1323008 1388544
934 1 1171456 1175552
668 1 1486848 1499136
231 3 798720 1048576 1048576 1310720 1310720 1323008
510 1 1953792 1966080
541 1 1691648 1695744
556 1 311296 397312
739 1 815104 819200
736 1 110592 114688
556 1 397312 401408
253 1 348160 355328
740 1 339968 348160
736 1 122880 131072
887 1 901120 966656
887 1 1359872 1425408
887 1 1622016 1687552
624 1 1572864 1575936
240 1 1200128 1220608
16 1 164352 166912
16 1 166912 167936
16 1 184320 187392
16 1 187392 191488
16 1 191488 195584
16 1 195584 199680
143 1 679936 720896
16 1 199680 203776
16 1 203776 207872
774 1 262144 327680
16 1 207872 211968
628 1 1179648 1204224
16 1 211968 216064
785 1 323584 327680
785 1 1658880 1662976
159 1 1736704 1740800
349 1 663552 671744
479 1 1667072 1671168
965 1 507904 512000
289 1 159744 167936
289 1 167936 172032
256 1 2027520 2031616
576 1 1097728 1101824
919 1 925696 983040
24 1 196608 262144
180 1 393216 405504
267 1 651264 655360
597 1 1331200 1343488
597 2 1806336 1835008 1835008 2097152
598 1 0 86016
94 1 1626112 1650688
547 1 1073152 1077248
597 1 1581056 1605632
596 2 954368 1048576 1048576 1269760
600 2 1441792 1572864 1572864 1622016
180 1 471040 495616
275 1 1629696 1633792
548 1 897024 929792
2 1 12288 16384
979 1 1212416 1216512
616 1 577024 736768
616 1 32256 81408
949 1 700416 704512
568 1 1716224 1740800
628 1 85504 257536
16 1 483328 487424
628 2 523776 524288 524288 572928
628 1 36352 81408
143 1 1159168 1163264
648 1 32256 81408
616 2 85504 262144 262144 327168
261 1 1216512 1228800
484 1 1191936 1196032
337 1 1056768 1064960
978 1 692224 696320
332 1 409600 413696
576 1 1499136 1515520
576 1 1519616 1568768
576 1 1568768 1572864
133 1 1822720 1823232
306 1 1609728 1613824
306 1 1605632 1609728
131 1 1769472 1773568
306 1 1613824 1617920
133 1 1826816 1830912
212 1 1458176 1474560
133 1 1835008 1839104
131 1 1773568 1777664
133 1 1822720 1823232
131 1 1769472 1773568
324 2 1548288 1572864 1572864 1581056
886 1 372736 389120
557 1 1040384 1044480
557 1 966656 970752
582 1 1467392 1468416
915 1 313856 317440
233 1 1214464 1215488
232 1 624640 627712
582 1 1468416 1470976
727 1 1323008 1331200
334 1 221184 222208
727 1 1327104 1331200
798 1 294912 299008
646 1 1687552 1695744
379 1 1601536 1622016
379 1 1622016 1626112
317 1 1949696 1953792
271 1 659456 663552
192 1 757760 761856
192 1 765952 770048
446 1 2044416 2097152
447 2 0 262144 262144 471552
521 1 581632 655360
997 1 2093056 2097152
998 1 0 24576
16 1 216064 220160
945 1 1351680 1353728
493 1 2072576 2076672
16 1 220160 224256
452 1 1093632 1097728
998 1 24576 28672
191 1 1970176 1974272
16 1 224256 228352
79 1 1228800 1241088
547 1 376832 380928
6 1 524288 532480
888 1 180224 245760
699 1 749568 753664
599 1 1740800 1744896
288 1 1687552 1695744
668 1 1761280 1765376
235 1 1613824 1617920
547 1 405504 409600
268 1 1605632 1613824
288 1 1695744 1699840
200 1 1884160 1908736
540 1 868352 869888
699 1 1417216 1421312
637 1 1568768 1570816
888 1 704512 770048
470 1 2068480 2072576
12 1 262144 315392
349 2 1036288 1048576 1048576 1097728
162 2 217088 262144 262144 282624
743 1 389120 393216
203 1 831488 835584
520 1 1966080 1970176
606 1 28672 32768
651 1 1269760 1282048
651 1 1282048 1286144
203 1 765952 778240
455 1 1044480 1048576
823 1 884736 892928
203 1 839680 843776
856 1 1212416 1241088
398 1 1187840 1245184
22 1 1798144 1802240
818 1 102400 103936
16 1 380928 385024
491 1 1335296 1351680
409 1 1216512 1219072
640 1 1806336 1819136
104 1 811008 897024
640 1 1867776 1875968
640 2 1819136 1835008 1835008 1839104
237 1 1179648 1187840
172 1 270336 273408
640 1 1585152 1806336
995 1 413696 475136
995 1 540672 593920
655 2 1241088 1310720 1310720 1372160
785 1 204288 205312
332 1 1466368 1527808
995 1 593920 598016
661 1 1679360 1757696
245 1 217088 229376
332 1 1527808 1531904
46 1 1392640 1396736
785 1 205312 206336
245 1 167936 172032
323 1 917504 925696
912 1 1208320 1212416
335 2 765952 786432 786432 929792
533 1 806912 815104
323 1 925696 929792
589 1 684032 688128
337 1 471040 487424
336 1 1912832 1945600
336 1 1945600 1978368
336 1 1978368 2011136
336 1 2011136 2027520
337 1 192512 208896
337 1 421888 438272
329 1 359936 396800
984 1 86016 167936
533 1 876544 880640
132 1 507904 512000
282 1 1527296 1547776
210 1 376832 380928
351 1 954368 958464
485 1 159744 188416
471 1 1572864 1576960
351 1 950272 954368
471 1 1503232 1507328
210 1 376832 380928
200 1 1880064 1884160
780 3 1122304 1310720 1310720 1572864 1572864 1646592
170 1 876544 888832
915 1 317440 318464
458 1 442368 475136
111 1 1155072 1220608
500 1 614400 619008
211 1 1765376 1769472
436 1 782336 786432
917 1 258048 262144
204 1 442368 446464
235 1 2088960 2097152
62 1 790528 794624
203 1 1302528 1306624
236 1 540672 544768
267 1 294912 299008
255 1 921600 933888
203 1 32768 40960
419 1 1323008 1327104
236 1 872448 876544
172 1 1490944 1507328
163 1 2093056 2097152
233 1 1052672 1056768
236 1 1040384 1044480
62 1 794624 819200
797 1 1105920 1110016
4 1 1597440 1601536
683 1 1839104 1888256
248 1 905216 913408
683 1 1888256 1892352
248 1 913408 917504
898 1 110592 139264
226 1 32768 36864
6 2 257536 262144 262144 265728
670 1 445952 458240
322 1 192000 212480
863 1 577024 581120
495 1 2023424 2027520
65 1 249856 253952
266 1 118784 131072
269 1 94208 98304
135 1 1290240 1294336
416 1 1966080 2035712
709 1 1560576 1564672
203 1 794624 798720
126 1 925184 937472
135 1 1937408 1945600
998 1 1847296 1851392
286 1 229376 233472
239 2 175616 262144 262144 523776
164 1 802816 811008
294 1 233472 241664
380 1 446464 450560
544 1 1863680 1867776
870 1 503808 507904
756 1 1085440 1089536
239 3 523776 524288 524288 786432 786432 1048064
239 3 1572352 1572864 1572864 1835008 1835008 1871360
595 1 196608 199168
983 1 1421312 1425408
628 2 577024 786432 786432 867840
648 2 85504 262144 262144 392704
541 1 790528 831488
186 1 1261568 1265664
247 1 163840 167936
522 1 1648128 1650688
337 1 1064960 1069056
245 1 1974272 2019328
245 1 2019328 2023424
484 1 1191936 1196032
261 1 1220608 1224704
245 1 2023424 2048000
157 1 1818624 1822720
217 1 458752 466944
200 1 1871872 1875968
757 1 692224 704512
757 1 720896 724992
758 1 1105920 1110016
758 1 1073152 1077248
323 1 790528 794624
758 1 1122304 1126400
323 1 905216 909312
327 1 360448 364544
327 1 397312 401408
327 1 434176 438272
327 1 446464 450560
327 1 1036288 1040384
813 3 1032192 1048576 1048576 1310720 1310720 1556480
812 1 2080768 2097152
813 2 0 262144 262144 507904
712 1 1343488 1572864
417 2 655360 786432 786432 917504
813 3 1556480 1572864 1572864 1835008 1835008 2031616
754 1 1682944 1687040
151 2 1638400 1835008 1835008 2097152
152 1 0 65536
685 2 0 262144 262144 524288
199 1 1203712 1207808
685 2 524288 786432 786432 1048576
685 2 1572864 1835008 1835008 2031616
706 2 524288 786432 786432 1048576
50 1 1540096 1545216
264 1 1302528 1306624
866 1 1777664 1780736
709 1 376832 378368
888 1 1163264 1228800
235 1 1609728 1613824
163 1 258048 262144
200 1 2015232 2019328
200 1 2035712 2039808
242 1 307200 311296
669 1 1957888 1961984
68 1 790528 797696
249 1 225280 229376
678 1 1961984 1966080
268 1 1576960 1581056
683 1 913408 915968
225 1 442368 446464
888 1 1425408 1476096
476 1 708608 774144
359 2 1536000 1572864 1572864 1601536
352 1 360448 425984
236 1 110592 176128
139 1 1720320 1757184
394 1 1851392 2084864
520 1 425984 491520
907 1 839680 905216
303 1 978944 1044480
182 1 937984 1003520
193 1 1716224 1781760
490 1 1335296 1351680
829 1 122880 188416
490 2 1282048 1310720 1310720 1331200
374 1 548864 618496
567 1 1978368 1982464
843 1 622592 626688
95 1 352256 356352
95 1 1576960 1581056
95 1 626688 630784
95 1 1036288 1044480
483 1 1142784 1146880
55 1 1499136 1503232
95 1 1929216 1933312
127 1 372736 421888
836 1 540672 544768
282 1 2064384 2088960
127 1 421888 425984
282 1 2088960 2093056
511 1 303104 307200
23 1 536576 544768
836 1 540672 544768
23 1 544768 548864
787 1 622592 626688
787 1 651264 655360
180 1 495616 499712
218 1 1646592 1650688
374 1 1966080 1970176
363 1 1371648 1388032
267 1 528384 532480
670 1 458240 470528
594 1 868352 872448
363 1 1388032 1396224
2 1 135168 139264
322 1 212480 232960
503 1 1961984 1966080
0 1 0 8192
18 1 135168 139264
950 1 331776 344064
588 3 803328 1048576 1048576 1310720 1310720 1327616
998 1 2084864 2088448
556 1 815104 819200
556 1 1228800 1232896
427 1 552960 557056
28 1 753664 761856
754 1 1196032 1204224
554 1 196608 200704
301 1 1847296 1851392
41 2 516096 524288 524288 544768
470 1 2076672 2080768
28 1 823296 827392
41 1 544768 548864
28 1 757760 761856
981 1 1966080 1970176
549 1 1011712 1024000
588 1 184320 188416
427 1 552960 557056
43 1 929792 933888
609 2 1109504 1310720 1310720 1355264
233 1 1215488 1217536
232 1 627712 628736
184 1 1851392 1855488
155 1 630784 647168
206 1 1548288 1552384
582 1 1470976 1472512
915 1 318464 319488
712 1 1282048 1286144
327 1 1245184 1249280
327 1 499712 503808
327 1 1232896 1236992
327 1 479232 483328
327 1 1187840 1191936
327 1 1265664 1269760
327 1 1495040 1503232
327 1 1630208 1634304
327 1 1433600 1437696
327 1 1536000 1540096
327 1 1716224 1720320
327 1 1462272 1466368
327 1 1544192 1552384
327 1 1769472 1773568
616 1 1728512 1732608
327 1 1835008 1839104
327 1 1794048 1802240
327 1 1875968 1880064
327 1 1728512 1732608
327 1 1806336 1810432
445 1 786432 835584
417 1 1720320 1785856
751 2 1732608 1835008 1835008 1994752
370 1 999424 1003520
709 2 602112 786432 786432 864256
889 1 1470464 1474560
752 2 684032 786432 786432 798720
248 1 1605632 1671168
752 1 802816 950272
184 1 667648 733184
147 1 118784 184320
507 1 487424 524288
287 1 954368 962560
162 1 28672 36864
2 1 454656 462848
434 1 622592 626688
961 2 1277952 1310720 1310720 1343488
975 2 479232 524288 524288 528384
282 1 1547776 1551872
335 2 765952 786432 786432 815104
307 1 892928 987136
323 1 929792 937984
912 1 1212416 1224704
533 1 811008 815104
307 1 987136 991232
323 1 937984 942080
912 1 1224704 1228800
125 1 1531904 1548288
659 1 2011136 2027520
337 1 946176 962560
589 1 684032 688128
250 1 1728512 1740800
251 1 729088 733184
307 1 1077248 1101824
307 1 1101824 1105920
176 1 1908736 1912832
421 1 1368064 1372160
962 1 1523712 1524224
541 1 831488 835584
609 1 1056256 1105408
146 1 1630208 1634304
522 1 1650688 1652224
610 1 1290240 1294336
347 1 2068480 2088960
239 3 1048064 1048576 1048576 1310720 1310720 1572352
380 1 458752 462848
294 1 241664 245760
561 1 1929216 1933312
419 1 1609728 1613824
164 1 811008 815104
245 1 2048000 2052096
337 1 1069056 1081344
337 1 1081344 1085440
261 1 1220608 1228800
305 1 1970176 1974272
764 3 1306624 1310720 1310720 1572864 1572864 1830912
765 2 786432 1048576 1048576 1179648
764 3 782336 786432 786432 1048576 1048576 1306624
765 2 262144 524288 524288 786432
249 1 1306624 1310720
200 1 1818624 1822720
111 2 1765888 1835008 1835008 1929216
305 1 1966080 1970176
111 1 1933312 2097152
112 1 0 131584
760 1 704512 712704
249 1 1507328 1536000
249 1 1605632 1609728
760 1 712704 716800
453 1 475136 479232
112 1 983040 1040384
900 1 851968 860160
112 2 197120 262144 262144 442368
112 2 442368 524288 524288 664064
247 1 917504 933888
836 1 540672 552960
919 1 1626112 1630208
871 1 1441792 1445888
634 1 1196032 1200128
634 1 1175552 1179648
945 1 1548288 1552384
835 1 851968 860160
445 2 516096 524288 524288 528384
809 1 843776 847872
809 1 884736 888832
838 1 1003520 1007616
639 1 1646592 1650688
953 1 1798144 1802240
954 1 65536 69632
68 1 2068480 2072576
190 1 929792 983040
954 1 73728 77824
68 1 2072576 2076672
289 1 1376256 1441792
956 1 81920 86016
962 1 45056 49152
164 1 1835008 1900544
962 1 458752 462848
962 1 466944 471040
122 1 286720 290816
190 2 1441792 1572864 1572864 1835008
146 1 995328 999424
417 1 1191936 1212416
478 1 274432 278528
14 1 733184 737280
14 1 737280 757760
14 1 757760 761856
839 1 548864 602112
912 1 983040 995328
515 1 512000 516096
406 1 1273856 1282048
856 1 1241088 1245184
203 1 774144 778240
332 1 1568768 1572864
183 1 819200 823296
690 1 1593344 1626112
188 1 331776 335872
455 1 1044480 1048576
690 1 1626112 1630208
203 1 839680 843776
391 1 1880064 1884160
391 1 1945600 1949696
294 1 1540096 1548288
361 1 1634304 1765376
193 1 2027520 2097152
194 1 0 53248
643 1 540672 737280
327 1 2011136 2015232
618 1 970752 974848
102 1 1351680 1355776
617 1 2015232 2019328
102 1 1323008 1327104
616 1 1748992 1753088
102 1 1314816 1318912
102 1 1368064 1372160
245 1 1060864 1064960
102 1 1400832 1404928
102 1 1429504 1433600
102 1 1556480 1560576
102 1 1437696 1441792
102 1 1634304 1638400
102 1 1724416 1728512
102 1 1716224 1720320
102 1 1478656 1482752
102 1 1654784 1658880
177 1 446464 450560
217 1 1445888 1449984
99 2 499712 524288 524288 552960
14 1 1933312 1937408
668 1 1761280 1765376
217 1 1458176 1462272
785 1 425984 442368
890 1 839680 843776
470 1 2002944 2007040
99 1 552960 557056
599 1 917504 921600
90 1 12288 16384
217 1 1466368 1474560
583 1 1855488 1863680
890 1 860160 864256
184 1 1072640 1076736
495 3 1499136 1572864 1572864 1835008 1835008 2023424
269 1 61440 65536
125 1 323584 335872
327 1 937984 942080
547 1 1077248 1085440
545 1 679424 683520
266 1 1363968 1368064
857 1 110592 114688
2 1 69632 73728
898 1 139264 143360
374 3 1441792 1572864 1572864 1835008 1835008 1966080
276 1 1183744 1191936
203 1 798720 802816
232 1 628736 630784
200 1 1814528 1818624
582 1 1472512 1473536
233 1 1217536 1218560
81 1 1245184 1249280
52 1 524288 528384
464 1 1445888 1449984
52 1 1650688 1667072
941 1 1507328 1572864
20 1 548864 552960
346 1 417792 446464
346 1 446464 450560
44 1 614400 622592
301 1 516096 519168
70 1 2007040 2009600
648 1 827392 831488
835 1 1167360 1171456
105 1 737280 753664
469 1 618496 663552
469 1 663552 667648
224 1 1703936 1706496
10 1 1994752 1998848
351 1 954368 958464
98 1 2060288 2068480
492 1 606208 626688
628 2 523776 524288 524288 527872
568 1 1716224 1720320
628 1 527872 531968
492 1 626688 630784
522 1 1652224 1654272
187 1 1626112 1630208
963 1 192512 249856
463 1 1863680 1867776
963 1 249856 253952
775 1 1126400 1134592
775 1 1134592 1138688
463 1 1863680 1867776
601 1 1019904 1024000
601 1 1454080 1462272
601 1 1003520 1015808
601 1 1052672 1056768
601 1 1466368 1470464
601 1 1036288 1048576
600 1 1949696 1957888
600 1 1961984 1966080
775 1 1138688 1146880
91 1 1404928 1421312
39 1 1249280 1253376
39 1 1458176 1482752
619 1 2064896 2097152
620 1 0 200704
620 2 204800 262144 262144 496128
521 1 786432 974848
521 1 974848 983040
248 1 1359872 1368064
523 1 0 65536
248 1 1368064 1372160
523 1 1114112 1179648
620 3 496128 524288 524288 786432 786432 1007616
523 1 1572864 1638400
860 1 1589248 1602048
184 1 1093632 1110016
857 1 815104 831488
897 1 401408 417792
852 1 114688 131072
157 1 933888 950272
896 1 966656 999424
855 1 303104 319488
200 1 1884160 1888256
871 1 1150976 1167360
875 1 827392 843776
874 1 4096 20480
862 1 155648 188416
875 1 1646592 1662976
869 1 1011712 1028096
874 1 770048 786432
878 1 1650688 1667072
880 1 1396736 1413120
879 1 602112 618496
862 1 1503232 1519616
77 1 1138688 1155072
762 2 1323008 1572864 1572864 1581056
669 1 1929216 1933312
436 1 270336 278528
397 1 1667072 1703936
533 1 876544 880640
434 1 622592 626688
533 1 811008 815104
323 1 942080 950272
580 1 176128 196608
704 1 1183744 1224704
704 1 1605632 1638400
705 1 172032 204800
704 1 2072576 2097152
705 1 0 8192
705 1 540672 573440
705 1 622592 655360
705 1 1105920 1142784
538 2 1032192 1048576 1048576 1052672
538 1 1220608 1224704
538 1 1183744 1216512
538 1 1228800 1302528
538 1 1114112 1179648
538 1 1650688 1654784
538 1 1675264 1691648
538 1 1306624 1310720
555 1 585728 618496
285 1 1634304 1642496
285 1 1642496 1646592
932 1 114688 147456
39 1 991232 999424
932 1 380928 385024
250 1 49152 65536
927 1 90112 106496
368 1 1687552 1689088
157 1 1818624 1822720
337 1 1085440 1097728
588 3 1327616 1572864 1572864 1835008 1835008 1851904
588 1 1851904 2097152
589 2 0 262144 262144 279040
589 3 279040 524288 524288 786432 786432 803328
590 1 602624 655360
732 1 876544 884736
551 1 1204224 1224704
551 1 1224704 1228800
427 1 163840 167936
427 1 184320 188416
49 1 1675264 1679360
682 1 1916928 1933312
48 1 913408 917504
967 1 1384448 1392640
654 1 1064960 1077248
308 1 798720 802816
656 1 1220608 1286144
319 1 950272 954368
656 1 1286144 1290240
305 1 1970176 1974272
340 1 1318912 1323008
831 1 1449984 1454080
317 1 933888 937984
317 1 937984 942080
909 1 2027520 2031616
910 1 12288 16384
12 1 1413120 1417216
909 1 2039808 2064384
17 1 921600 925696
910 1 16384 20480
15 1 1609728 1613824
17 1 987136 987648
12 1 1409024 1413120
906 1 1187840 1191936
15 1 1515520 1519616
470 1 2039808 2043904
288 1 1220608 1228800
42 1 811008 831488
667 1 208896 245760
470 1 2011136 2015232
288 1 1228800 1232896
665 1 737280 765952
28 1 823296 827392
298 1 73728 77824
844 1 1073152 1077248
602 1 425984 430080
580 2 253952 262144 262144 282624
297 1 2064384 2068480
432 1 1654784 1658880
427 1 552960 561152
580 1 282624 286720
77 1 2039808 2056192
890 1 1085440 1118208
888 1 106496 139264
881 1 1413120 1445888
225 1 856064 872448
217 1 696320 729088
195 1 692224 724992
893 1 929792 946176
233 1 1863680 1880064
866 2 253952 262144 262144 286720
922 1 1122304 1138688
901 1 532480 548864
86 1 548864 565248
919 1 577536 593920
903 1 675840 741376
915 1 2076672 2093056
863 1 2048000 2080768
305 1 1970176 1974272
867 1 327680 344064
922 1 1937408 1953792
871 1 1204224 1208320
382 1 1896448 1900544
517 1 126976 139264
795 1 925696 929792
809 1 929792 933888
669 1 827392 831488
836 1 544768 548864
922 1 1646592 1650688
871 1 679936 684032
836 1 544768 548864
102 1 1748992 1753088
149 1 921600 925696
148 1 36864 40960
426 1 663552 667648
938 1 544768 548864
148 1 888832 892928
149 1 1417216 1425408
695 1 1679360 1683456
215 1 1142784 1146880
784 1 868352 872448
784 1 897024 901120
388 1 1421312 1425408
388 1 1388544 1392640
216 1 122880 126976
388 1 1880064 1884160
608 1 1134592 1138688
1 1 57344 61440
155 1 647168 684032
232 1 630784 631808
915 1 319488 320512
582 1 1473536 1474560
559 3 336384 524288 524288 786432 786432 860672
347 1 2088960 2093056
386 1 417792 421888
419 1 1617920 1622016
232 1 1073152 1077248
919 1 745472 749568
52 1 942080 966656
240 1 1220608 1236992
925 1 1994752 2068480
177 1 450560 454656
263 1 1695744 1699840
200 1 1896448 1900544
201 1 1097728 1101824
701 1 696320 700416
586 1 860160 937984
586 1 937984 942080
701 1 700416 708608
41 1 1445888 1449984
586 1 942080 974848
545 1 679424 683520
322 1 228864 232960
547 1 1085440 1089536
276 1 1191936 1196032
94 1 1626112 1630208
251 1 847872 851968
673 1 425984 454656
898 1 143360 151552
673 2 503808 524288 524288 614400
507 1 430080 434176
532 1 302592 306688
251 1 1703936 1716224
379 1 671744 675840
111 1 974848 978944
406 1 401408 405504
114 1 434176 438272
915 1 4096 36864
915 1 36864 40960
55 1 544768 561152
147 1 1966080 1982464
541 1 835584 843776
283 1 1089536 1093632
38 1 495616 499712
296 1 1118208 1121792
38 1 634880 638976
541 1 843776 847872
143 1 1187840 1200128
742 1 1507328 1572864
751 1 1687040 1687552
905 2 651264 786432 786432 913408
262 1 1638400 1642496
180 1 1736704 1740800
839 1 36864 40960
839 1 24576 28672
885 1 118784 122880
885 1 131072 135168
180 1 1744896 1748992
508 1 827392 831488
508 1 811008 819200
751 1 1691136 1691648
592 1 1253376 1257472
615 1 720896 729088
271 1 1404928 1425408
566 3 1138688 1310720 1310720 1572864 1572864 1662976
228 1 12288 49152
984 1 782336 786432
351 1 278528 344064
457 1 1331200 1527808
431 1 1478656 1482752
573 1 1433600 1437696
402 1 786432 798720
398 2 1273856 1310720 1310720 1323008
398 1 1327104 1339392
574 1 442368 450560
505 1 356352 364544
574 1 765952 770048
923 1 1642496 1643008
604 1 831488 835584
533 1 876544 880640
573 1 974848 991232
323 1 950272 954368
861 1 290816 294912
604 1 827392 831488
356 1 1327104 1331200
604 1 471040 475136
599 1 135168 139264
797 1 696320 704512
882 1 307200 319488
580 1 1638400 1683456
531 1 860160 876544
531 1 827392 843776
118 1 2052096 2097152
119 1 0 36864
531 1 1400832 1417216
335 1 765952 782336
923 1 1638400 1642496
250 1 196608 200704
973 1 647168 712704
52 1 897024 913408
920 1 1036288 1044480
200 1 1847296 1863680
52 1 126976 135168
964 1 1945600 1961984
79 1 884736 905216
89 1 1654784 1679360
12 1 315392 319488
157 1 606208 610304
555 1 651264 659456
555 1 544768 565248
703 1 1777664 1810432
555 1 622592 626688
555 1 671744 679936
555 1 634880 647168
555 1 684032 688128
705 1 65536 110592
538 1 1658880 1671168
538 1 1847296 1851392
538 1 1810432 1818624
555 1 524288 528384
538 1 1695744 1699840
538 1 1769472 1777664
538 1 1703936 1744896
538 1 1748992 1753088
538 1 1757184 1761280
574 1 389120 393216
337 1 1908736 1912832
610 1 528384 532480
922 1 172032 176128
922 1 577536 581632
921 1 520192 524288
922 1 569344 573440
921 1 1314816 1318912
922 1 204800 208896
378 1 1921024 1937408
922 1 978944 983040
105 1 827392 831488
600 1 1327104 1343488
203 1 798720 802816
654 1 327680 331776
63 1 1552384 1556480
356 1 1654784 1667072
12 1 614400 618496
865 1 774144 774656
865 1 770048 774144
69 1 1966080 1974272
75 1 397312 413696
103 1 815104 819200
923 1 1359872 1376256
200 1 1777664 1785856
904 1 458752 491520
926 1 102400 135168
932 1 356352 372736
924 1 1196032 1228800
931 1 1617920 1650688
930 1 12288 28672
932 1 1024000 1040384
933 1 1957888 1974272
940 1 1339392 1355776
937 1 172032 204800
940 1 1765376 1781760
938 1 1654784 1687552
941 1 1277952 1294336
952 1 1101824 1114112
941 1 172032 188416
960 1 811008 827392
954 1 450560 466944
940 1 458752 475136
780 2 1646592 1835008 1835008 2097152
781 1 0 73728
210 1 847872 851968
233 1 1218560 1219584
358 1 839680 843776
358 2 782336 786432 786432 798720
232 1 631808 633856
358 1 868352 905216
481 1 442368 446464
915 1 320512 321536
582 1 1474560 1475584
304 1 1921024 1925120
203 1 774144 782336
294 1 1548288 1552384
301 1 1241088 1245184
180 1 196608 204800
952 1 77824 110592
286 1 1712128 1716224
651 2 1286144 1310720 1310720 1331200
110 1 884736 888832
239 1 1871360 2097152
240 1 0 32256
164 1 815104 823296
715 1 929792 933888
40 1 417792 425984
818 1 103424 104960
415 1 1826816 1830912
16 1 1056768 1060864
612 1 1720320 1724416
172 1 430080 433152
78 1 1527808 1548288
75 1 471040 475136
103 1 806912 811008
383 1 286720 290816
103 1 1441792 1445888
131 1 1593344 1597440
371 1 524288 528384
371 1 536576 540672
398 1 786432 790528
641 1 327680 331776
155 1 1839104 1843200
376 1 2076672 2084864
641 1 356352 360448
641 1 458752 462848
380 1 548864 552960
378 1 827392 831488
495 1 1613824 1617920
761 1 57344 61440
171 1 1134592 1138688
103 1 720896 724992
104 1 401408 405504
249 1 851968 872448
251 1 1945600 1966080
266 1 2031616 2043904
596 1 856064 864256
597 1 524288 532480
419 1 1466368 1470464
528 1 729088 786432
528 1 786432 790528
671 1 1294336 1298432
249 1 872448 884736
200 1 1777664 1781760
545 1 700416 704512
542 1 2088960 2089472
418 1 1297920 1302016
418 1 1297920 1302016
19 1 1331200 1376256
42 1 720896 749568
974 1 700416 704512
99 1 557056 565248
2 1 12288 16384
208 1 0 4096
0 1 12288 16384
52 1 966656 970752
0 1 0 4096
668 1 1761280 1765376
235 1 1613824 1617920
974 1 1245184 1249280
925 1 2068480 2072576
836 1 544768 548864
11 1 1208320 1209856
836 1 544768 548864
28 1 757760 770048
470 1 2076672 2080768
981 1 1966080 1970176
15 1 692224 733184
685 2 523776 524288 524288 531968
499 1 458752 462848
470 1 1974272 1978368
650 1 1290240 1294336
203 1 729088 733184
36 1 1601536 1617920
654 1 241664 244736
34 1 1155072 1159168
351 1 950272 954368
210 1 376832 380928
200 1 1777664 1785856
364 1 1339392 1343488
0 1 421888 438272
10 1 1998848 2060288
203 1 729088 737280
308 1 864256 868352
212 1 221184 237568
238 1 1359872 1368064
252 1 315392 327680
523 1 2031616 2088960
860 1 1602048 1654784
861 1 147456 212992
447 3 471552 524288 524288 786432 786432 995840
0 1 442368 458752
204 1 2060288 2093056
523 1 2088960 2097152
524 1 0 253952
590 2 279040 524288 524288 602624
682 1 279040 327680
589 3 803328 1048576 1048576 1310720 1310720 1327616
589 3 1327616 1572864 1572864 1835008 1835008 1851904
203 1 729088 733184
589 1 1851904 2097152
590 2 0 262144 262144 279040
287 1 962560 966656
590 3 664064 786432 786432 1048576 1048576 1114112
126 1 937472 941568
37 1 974848 991232
337 1 1097728 1101824
261 1 1224704 1228800
337 1 1101824 1110016
337 1 1110016 1114112
233 1 1060864 1064960
233 1 1089536 1093632
62 1 819200 823296
203 1 1343488 1347584
639 1 1167360 1179648
255 1 925696 929792
62 1 823296 831488
305 1 1966080 1970176
274 1 389120 405504
62 1 831488 835584
52 1 823296 827392
305 1 1961984 1966080
255 1 925696 929792
430 1 270336 274432
62 1 835584 847872
305 1 1966080 1970176
349 1 671744 684032
305 1 1970176 1974272
257 1 376832 385024
257 1 385024 389120
305 1 1966080 1970176
759 1 147456 172032
305 1 1970176 1974272
35 1 552960 561152
349 1 684032 692224
305 1 1966080 1970176
746 1 434176 438272
820 1 1355776 1358336
28 1 270336 274432
71 1 1314816 1318912
28 1 348160 352256
337 1 409600 413696
28 1 655360 659456
89 1 1945600 1949696
90 1 262144 266240
167 1 1482752 1490944
949 1 700416 704512
143 1 1200128 1204224
241 1 1187840 1191936
241 1 1249280 1253376
241 1 1310720 1314816
537 1 651264 655360
537 1 589824 593920
38 1 688128 724992
541 1 847872 856064
775 1 1146880 1150976
44 1 212992 241664
39 1 1445888 1458176
968 2 950272 1048576 1048576 1081344
184 1 1912832 1921024
725 1 135168 139264
44 1 241664 245760
184 1 1851392 1859584
463 1 1863680 1867776
44 1 262144 266240
775 1 1150976 1159168
44 1 245760 258048
184 1 1921024 1925120
469 1 434176 450560
775 1 1159168 1163264
469 1 450560 454656
15 1 1609728 1613824
906 1 1253376 1265664
17 1 1175552 1179648
17 1 1519616 1523712
17 1 1081344 1085440
18 1 1245184 1249280
18 1 1232896 1236992
20 1 1421312 1425408
19 1 643072 647168
20 1 970752 974848
20 1 446464 450560
20 1 499712 503808
308 1 372736 376832
307 1 983040 983552
307 1 983552 984064
307 1 984064 988160
307 1 988160 992256
305 1 1966080 1970176
501 1 1466368 1470464
510 1 1675264 1683456
771 1 1789952 1810432
771 1 1810432 1814528
308 1 376832 377344
305 1 1970176 1974272
292 1 171520 175616
308 1 389120 393216
308 1 380928 385024
331 1 1355776 1372160
305 1 1966080 1970176
308 1 376832 377344
305 1 1970176 1974272
926 1 2019328 2068480
538 1 1789952 1806336
538 1 1880064 1884160
538 1 1781760 1785856
538 1 1871872 1875968
538 1 1855488 1867776
538 1 1888256 1892352
537 1 1257472 1298432
538 1 335872 397312
538 1 1822720 1826816
538 2 1830912 1835008 1835008 1843200
538 1 1105920 1110016
555 1 696320 733184
703 1 1699840 1744896
538 2 450560 524288 524288 585728
538 1 643072 651264
538 1 241664 245760
538 1 757760 761856
954 1 1236992 1253376
941 1 73728 106496
947 1 200704 233472
616 1 114688 131072
966 1 0 16384
961 1 806912 823296
966 1 1318912 1335296
963 1 2039808 2072576
975 1 532480 565248
962 1 1888256 1904640
887 1 1662976 1667072
946 1 503808 520192
966 1 147456 163840
975 1 827392 843776
979 1 659456 675840
112 2 1040384 1048576 1048576 1245696
985 1 872448 905216
500 1 1888256 1904640
975 1 1634304 1650688
54 1 745472 761856
685 2 1048576 1310720 1310720 1572864
256 1 179712 241152
706 2 1572864 1835008 1835008 2097152
707 2 0 262144 262144 524288
706 2 1048576 1310720 1310720 1572864
707 2 1048576 1310720 1310720 1572864
707 2 524288 786432 786432 1048576
707 2 1572864 1835008 1835008 2097152
708 2 0 262144 262144 393216
589 1 1953792 1957888
695 2 1310720 1572864 1572864 1835008
695 1 1835008 2097152
696 1 0 262144
256 1 241152 245248
714 2 696320 786432 786432 917504
32 1 425984 446464
533 1 811008 815104
119 1 36864 40960
434 1 622592 630784
355 1 540672 544768
323 1 954368 962560
98 1 1789952 1806336
965 1 1097728 1110016
89 1 1679360 1683456
246 1 548864 557056
38 1 1396736 1400832
200 1 1789952 1806336
532 1 306688 409088
226 1 32768 36864
346 1 151552 159744
203 1 733184 737280
898 1 151552 155648
783 1 1822720 1823744
674 1 2064384 2097152
675 1 0 32768
334 1 1536000 1540096
532 1 409088 413184
58 1 1540096 1544192
547 1 1089536 1097728
351 1 954368 958464
99 1 565248 569344
974 1 1261568 1265664
470 1 2068480 2072576
50 1 1552384 1557504
264 1 1339392 1343488
974 1 1396736 1400832
19 2 516096 524288 524288 532480
240 1 1236992 1241088
44 1 483328 487424
969 1 1462272 1478656
963 1 1351680 1368064
586 1 1687552 1703936
606 1 1183744 1200128
112 2 664064 786432 786432 983040
965 1 2084864 2097152
966 1 0 20480
985 1 937984 954368
979 1 397312 413696
596 1 4096 20480
169 1 1236992 1249280
595 1 532480 548864
604 1 1523712 1540096
533 1 1105920 1122304
931 1 684032 700416
273 1 1073152 1105920
372 1 659456 675840
616 1 1740800 1757184
531 1 327680 360448
366 1 241664 245760
965 1 507904 512000
395 1 253952 258048
245 1 1060864 1069056
762 1 1261568 1265664
569 1 974848 978944
212 1 221184 241664
245 1 1073152 1077248
574 1 389120 393216
965 1 507904 512000
139 1 446464 450560
138 1 1302528 1306624
557 1 1363968 1368064
139 1 151552 159744
323 1 1622016 1626112
324 1 552960 557056
785 1 206336 207360
245 1 225280 229376
661 2 1823232 1835008 1835008 2097152
662 1 0 250368
46 1 1392640 1396736
785 1 207360 208384
251 1 1441792 1474560
583 1 2002944 2007040
702 1 241664 242688
785 1 208384 209408
245 1 167936 176128
662 3 250368 262144 262144 524288 524288 774656
785 1 209408 210432
785 1 210432 211456
662 1 1273856 1303040
662 3 774656 786432 786432 1048576 1048576 1269760
785 1 211456 212480
785 1 212480 213504
233 1 1219584 1220608
548 1 315392 319488
20 1 1040384 1044480
582 1 1475584 1476608
801 1 1527808 1531904
915 1 321536 322560
232 1 633856 635904
38 1 659456 679936
949 1 700416 704512
143 1 1204224 1216512
470 1 1970176 1978368
170 1 937984 946176
541 1 856064 860160
288 1 655360 656384
861 2 737280 786432 786432 802816
200 1 1781760 1794048
164 1 663552 667648
339 1 827392 831488
50 1 2080768 2084864
699 1 1253376 1286144
861 2 1265664 1310720 1310720 1331200
104 1 434176 438272
622 1 524288 532480
297 1 28672 36864
256 1 2027520 2035712
297 1 77824 81920
297 1 61440 73728
256 1 2035712 2039808
271 1 675840 684032
297 1 81920 86016
401 1 1140736 1142272
271 1 684032 688128
99 1 1896448 1900544
831 1 1454080 1462272
269 1 1400832 1409024
269 1 1409024 1413120
317 1 933888 937984
831 1 1462272 1474560
491 1 1351680 1359872
445 1 1138688 1142784
85 1 741376 745472
28 1 483328 491520
52 1 1667072 1687552
44 1 8192 11776
462 1 2043904 2046976
262 1 1990656 2035712
445 1 1146880 1150976
974 1 1409024 1413120
8 1 598016 602112
458 1 1142784 1150976
922 1 765952 770048
922 1 704512 708608
589 1 233472 237568
235 1 1609728 1613824
976 1 1839104 1843200
20 1 921600 925696
12 1 1413120 1417216
15 1 1515520 1519616
538 1 737280 741376
538 1 684032 688128
538 1 606208 614400
538 1 630784 634880
538 1 696320 700416
537 1 532480 565248
538 1 401408 434176
203 1 794624 798720
704 2 507904 524288 524288 540672
538 1 720896 729088
538 1 708608 712704
538 1 1089536 1093632
538 1 1474560 1490944
203 1 729088 733184
625 1 1331200 1339392
273 1 143360 147456
178 1 94208 98304
14 1 1064960 1069056
203 1 794624 798720
116 1 1880064 1884160
983 1 1912832 1916928
192 1 294912 315392
192 1 315392 319488
912 1 2035712 2043904
913 1 4096 32768
624 1 1593344 1605632
38 1 1273856 1277952
52 1 913408 933888
156 1 1368064 1372160
290 2 131072 262144 262144 327680
68 1 2068480 2072576
668 1 1499136 1507328
67 2 1040384 1048576 1048576 1056768
163 1 2031616 2097152
164 1 0 208896
251 1 1982464 2002944
68 1 2072576 2076672
95 1 962560 978944
655 1 1073152 1114112
509 1 1265664 1269760
923 1 1916928 1921024
164 2 733184 786432 786432 798720
203 1 794624 798720
370 1 1572864 1576960
164 3 208896 262144 262144 524288 524288 733184
427 1 557056 561152
203 1 724992 729088
470 1 2011136 2015232
34 1 1085440 1089536
310 1 1069056 1085440
427 1 557056 561152
730 1 1138688 1204224
945 1 2039808 2043904
432 1 303104 335872
402 1 1785856 1802240
398 1 1867776 1933312
184 2 733184 786432 786432 864256
399 1 557056 622592
163 1 1908736 1974272
945 1 2039808 2048000
399 1 1437696 1449984
399 1 1343488 1396736
370 1 1003520 1019904
29 1 1093632 1159168
400 1 466944 507904
370 1 1019904 1024000
750 1 1757184 1822720
537 1 1679360 1683456
340 1 1048576 1052672
252 1 458752 462848
211 1 1769472 1810432
203 1 798720 802816
369 1 1216512 1220608
211 1 1810432 1814528
406 1 266240 270336
610 1 1166848 1170944
431 1 605696 609792
614 1 450048 454144
841 3 20480 262144 262144 524288 524288 544768
673 1 622592 638976
706 1 155648 159744
871 1 1626112 1630208
58 1 1544192 1548288
547 1 1097728 1101824
673 1 614400 622592
206 1 1843200 1847296
203 1 794624 798720
206 1 2048000 2052096
673 1 638976 745472
206 1 1732608 1736704
711 2 1732608 1835008 1835008 2097152
712 1 0 147456
578 1 2060288 2064384
492 1 1884160 1888256
646 1 1187840 1191936
492 1 1929216 1933312
492 1 1982464 1994752
481 1 1658880 1662976
506 1 241664 245760
370 1 442368 446464
551 2 249856 262144 262144 319488
249 1 233472 241664
249 1 208896 217088
262 1 434176 450560
551 1 319488 323584
737 1 1126400 1130496
886 1 1204224 1220608
492 1 1994752 1998848
210 1 1327104 1343488
200 1 1843200 1847296
195 1 335872 339968
0 1 438272 458752
55 1 561152 581632
584 1 1900544 1925120
41 1 1052672 1056768
586 1 974848 978944
47 1 1548288 1552384
633 1 1245184 1245696
228 1 1974272 1978368
584 1 1925120 1929216
200 1 1777664 1781760
307 1 1499136 1507328
210 1 1261568 1277952
307 1 1507328 1511424
200 1 1843200 1851392
914 2 1548288 1572864 1572864 1659392
914 2 1188352 1310720 1310720 1527808
28 1 724992 745472
914 2 1724928 1835008 1835008 1949696
203 1 794624 798720
925 1 860160 991232
203 1 720896 724992
925 2 1015808 1048576 1048576 1060864
925 2 667648 786432 786432 791040
925 1 991232 1015808
925 1 791040 860160
925 1 1605632 1646592
925 2 1081344 1310720 1310720 1470976
973 1 1290240 1298432
925 1 1646592 1671168
925 2 1470976 1572864 1572864 1605632
972 2 274432 524288 524288 639488
469 1 1249280 1249792
484 1 1544192 1548288
724 2 393216 524288 524288 737280
725 1 802816 819200
725 1 1146880 1163264
725 1 1294336 1310720
725 1 917504 933888
726 1 1654784 1671168
721 1 438272 454656
249 1 1081344 1093632
200 1 1843200 1847296
836 1 544768 552960
213 1 102400 122880
64 1 1048576 1064960
203 1 823296 835584
836 1 548864 552960
836 1 548864 552960
836 1 548864 561152
233 1 1220608 1221632
436 1 1966080 1970176
582 1 1476608 1477632
210 1 851968 856064
200 1 1880064 1884160
143 1 1216512 1220608
186 1 1970176 1974272
568 1 1740800 1761280
480 1 65536 77824
143 1 1220608 1232896
588 1 1818624 1835008
596 1 839680 856064
900 1 860160 868352
896 1 1409024 1413120
608 1 335872 352256
306 1 1441792 1445888
627 1 1527808 1544192
184 1 1851392 1855488
200 1 1818624 1822720
305 1 1966080 1970176
760 1 716800 724992
79 1 835584 851968
760 1 724992 729088
169 1 1245184 1257472
200 1 1884160 1896448
900 1 868352 872448
184 1 1916928 1921024
241 3 65024 262144 262144 524288 524288 581120
559 3 860672 1048576 1048576 1310720 1310720 1384960
164 1 823296 827392
241 1 1629696 1826304
241 3 581120 786432 786432 1048576 1048576 1105408
241 3 1105408 1310720 1310720 1572864 1572864 1629696
877 1 1499136 1503232
232 1 1073152 1081344
559 2 1384960 1572864 1572864 1651200
38 2 741376 786432 786432 806912
44 1 1212416 1277952
44 1 1998848 2064384
200 1 1859584 1867776
45 1 360448 425984
45 1 819200 840192
267 1 430080 438272
267 1 438272 442368
45 1 1430016 1474560
45 1 2056192 2097152
46 1 0 24576
47 1 688128 753664
47 2 1277952 1310720 1310720 1343488
119 1 40960 77824
276 1 581632 598016
533 1 876544 880640
323 1 962560 966656
119 1 77824 81920
335 2 765952 786432 786432 847872
283 1 991232 999424
533 1 811008 815104
283 1 999424 1003520
434 1 626688 630784
338 1 765952 782336
338 1 1175552 1191936
99 1 569344 577536
201 1 966656 970752
351 1 950272 954368
210 1 376832 380928
15 1 1609728 1613824
147 1 1982464 2002944
81 1 1650688 1654784
84 1 557056 565248
84 1 569344 573440
84 1 622592 626688
84 1 1384448 1388544
510 1 1978368 1982464
84 1 2088960 2093056
20 1 327680 331776
801 1 1708032 1712128
262 1 1593344 1597440
218 1 1187840 1191936
218 1 1114112 1118208
699 1 1286144 1290240
524 1 253952 262144
886 1 2093056 2097152
887 1 0 61440
447 3 995840 1048576 1048576 1310720 1310720 1520128
524 1 327680 393216
887 2 520192 524288 524288 585728
590 3 1114112 1310720 1310720 1572864 1572864 1638400
590 2 1638400 1835008 1835008 2097152
591 1 0 65536
591 3 65536 262144 262144 524288 524288 589824
591 3 589824 786432 786432 1048576 1048576 1114112
333 1 798720 815104
331 1 921600 962560
682 1 655360 720896
591 3 1114112 1310720 1310720 1572864 1572864 1638400
651 1 1331200 1335296
203 1 843776 851968
455 1 1056768 1060864
203 1 782336 786432
203 1 847872 851968
215 1 1048576 1052672
536 1 147456 151552
455 1 1056768 1060864
12 1 417792 421888
250 1 200704 212992
79 1 905216 917504
12 1 413696 417792
972 1 1118208 1122304
200 1 1794048 1798144
942 1 1093632 1097728
72 1 69632 81920
294 1 1724416 1732608
47 1 2093056 2097152
281 1 1761280 1765376
474 1 1036288 1040384
533 1 2011136 2015232
203 1 733184 741376
993 1 1368576 1369088
378 1 1937408 1957888
217 1 2084864 2093056
915 1 322560 323584
233 1 1221632 1222656
253 1 1597440 1605632
781 3 73728 262144 262144 524288 524288 598016
232 1 635904 636928
305 1 1966080 1970176
145 1 1470464 1478656
470 1 2031616 2035712
140 1 1372160 1376256
541 1 860160 892928
571 1 937984 942080
378 1 1875968 1880064
317 1 937984 942080
317 1 933888 937984
804 1 1789952 1818624
312 1 827392 843776
470 1 2076672 2080768
685 1 527872 531968
652 1 1884160 1900544
192 1 524288 540672
981 1 1966080 1970176
445 1 1142784 1146880
491 1 1359872 1368064
445 1 1150976 1155072
497 1 1126400 1130496
61 1 1257472 1265664
309 1 1768960 1773056
263 1 4096 24576
757 1 1392640 1441792
319 1 102400 106496
943 1 471040 479232
386 1 991232 994816
338 1 876544 880640
550 1 1880064 1884160
531 1 1650688 1679360
574 1 1018368 1018880
224 1 81920 86016
229 1 159744 163840
531 1 1679360 1683456
751 1 1695232 1695744
318 1 712704 729088
574 1 1018880 1019392
731 1 2044416 2046464
731 1 2046464 2050560
423 1 884736 885248
261 1 1871872 1880064
271 1 1425408 1437696
574 1 1018880 1019392
261 1 1880064 1884160
726 1 1572864 1589248
726 1 1736704 1753088
726 1 1982464 1998848
409 1 1998848 2015232
508 1 1081344 1097728
597 1 966656 999424
597 1 704512 720896
410 1 327680 344064
597 1 1015808 1048576
410 1 81920 98304
597 1 1212416 1228800
458 2 778240 786432 786432 794624
597 1 851968 868352
126 1 770048 774144
692 1 172032 176128
406 1 274432 278528
212 1 278528 290816
212 1 237568 245760
427 1 122880 126976
668 1 1761280 1765376
132 1 1400832 1409024
752 1 1101824 1110016
132 1 954368 962560
132 1 1437696 1441792
252 2 1773568 1835008 1835008 1896448
249 1 552960 581632
338 1 1126400 1142784
338 2 782336 786432 786432 798720
338 1 831488 847872
323 1 966656 974848
134 1 1392640 1396736
452 1 1744896 1748992
397 1 1441792 1449984
397 1 897024 901120
160 1 507904 512000
533 1 876544 880640
406 1 671744 675840
450 1 819200 823296
208 1 643072 651264
323 1 974848 978944
249 1 1961984 1966080
250 1 131072 147456
319 1 2011136 2015232
704 1 1908736 1909760
193 1 524288 528384
184 1 1847296 1851392
184 1 1839104 1843200
79 1 1036288 1044480
119 1 1458176 1462272
195 1 1757184 1765376
79 1 1077248 1081344
246 1 946176 950272
841 1 1368064 1372160
533 1 1765376 1769472
146 1 700416 704512
418 1 1297920 1302016
418 1 1297920 1302016
122 1 20480 61440
79 1 1077248 1085440
81 1 831488 835584
756 1 1888256 1889280
689 1 589824 593920
40 2 1084928 1310720 1310720 1428992
212 1 352256 372736
898 1 155648 163840
226 1 32768 36864
545 1 679424 683520
322 1 232960 237056
725 1 1716224 1720320
898 1 163840 167936
507 1 434176 442368
502 1 942080 946176
547 1 1101824 1114112
673 1 811008 876544
299 1 933888 937984
920 1 1675264 1683456
673 1 1708032 1712128
299 1 1196032 1200128
557 1 659456 675840
506 1 1806336 1814528
132 1 1482752 1507328
507 1 1368064 1380352
507 1 1548288 1552384
470 1 2002944 2007040
99 1 577536 581632
135 1 577536 585728
557 1 634880 655360
985 1 1101824 1114112
507 1 65536 73728
506 1 1912832 1916928
133 1 1802240 1806336
57 1 667648 684032
788 1 557056 578048
629 1 561152 562176
200 1 1843200 1851392
449 1 765952 768000
750 1 1196032 1208320
319 1 36864 40960
592 2 589824 786432 786432 851968
195 1 1069056 1073152
591 2 1638400 1835008 1835008 2097152
592 1 0 65536
603 1 262144 327680
592 3 65536 262144 262144 524288 524288 589824
479 1 1355776 1363968
682 1 1179648 1245184
682 1 262144 279040
14 1 1863680 1908736
590 1 655360 664064
195 1 1003520 1007616
682 1 1638400 1703936
14 1 1908736 1912832
683 1 0 65536
51 1 1900544 1929216
520 1 1839104 1843200
887 1 1097728 1114112
887 2 1044480 1048576 1048576 1093632
887 1 1703936 1769472
210 1 1703936 1724416
990 1 831488 835584
442 1 868352 872448
544 1 66560 70144
582 1 1477632 1478656
253 1 1605632 1609728
20 1 1036288 1040384
915 1 323584 324608
927 1 1228800 1241088
496 1 585728 626688
132 1 901120 905216
143 1 1232896 1236992
470 1 1961984 1966080
169 1 1273856 1277952
640 2 1048064 1048576 1048576 1052160
620 2 1048064 1048576 1048576 1097216
640 1 1052160 1097216
351 1 954368 958464
17 1 987136 987648
12 1 1409024 1413120
15 1 1515520 1519616
15 1 1609728 1613824
245 1 1060864 1064960
552 1 786432 790528
198 3 1502720 1572864 1572864 1835008 1835008 2027008
692 1 1748992 1761280
418 1 1989632 1991168
198 1 2027008 2097152
199 2 0 262144 262144 454144
470 1 2031616 2056192
203 1 786432 790528
180 2 200704 262144 262144 327680
391 1 1880064 1884160
110 1 884736 888832
286 1 1712128 1744896
391 1 1945600 1949696
651 1 1335296 1421312
112 3 1245696 1310720 1310720 1572864 1572864 1769984
43 1 1269760 1273856
764 2 782336 786432 786432 798720
305 1 1970176 1974272
200 1 1826816 1830912
760 1 729088 737280
79 1 851968 872448
316 1 647168 655360
616 1 131072 139264
200 1 1892352 1896448
616 1 1318912 1331200
231 1 1245184 1261568
760 1 737280 741376
112 2 1769984 1835008 1835008 2097152
113 1 0 197120
43 1 1269760 1273856
305 1 1966080 1970176
733 1 262144 266240
203 1 729088 733184
463 1 1863680 1867776
184 1 1855488 1863680
212 1 417792 438272
775 1 1163264 1171456
775 1 1171456 1175552
184 1 1925120 1941504
184 1 1871872 1880064
463 1 1863680 1875968
775 1 1175552 1183744
184 1 1941504 1945600
203 1 729088 737280
775 1 1183744 1187840
612 1 114176 114688
810 2 1294336 1310720 1310720 1318912
800 1 1261568 1265664
294 1 1732608 1736704
457 2 483328 524288 524288 561152
457 1 561152 565248
141 1 319488 335872
359 1 1257472 1261568
353 1 28672 40960
232 1 1806336 1810432
359 1 1449984 1454080
420 1 1511424 1515520
302 1 1974272 1978368
420 1 1523712 1527808
305 1 1966080 1970176
420 1 1118208 1122304
934 1 688128 692224
353 1 118784 122880
359 1 1249280 1253376
200 1 1855488 1859584
888 1 589824 602624
12 1 544768 548864
696 2 786432 1048576 1048576 1245184
696 2 262144 524288 524288 786432
714 3 172032 262144 262144 524288 524288 696320
789 2 262144 524288 524288 786432
200 1 1843200 1855488
789 2 786432 1048576 1048576 1310720
828 3 131072 262144 262144 524288 524288 655360
717 1 491520 524288
828 2 655360 786432 786432 917504
789 2 1310720 1572864 1572864 1835008
789 1 1835008 2097152
790 1 0 196608
835 2 1507328 1572864 1572864 1703936
815 1 65536 131072
577 1 835584 901120
691 1 131072 196608
684 2 0 262144 262144 524288
710 1 327680 458752
684 2 524288 786432 786432 819200
200 1 1777664 1781760
712 1 1015808 1018880
434 1 626688 630784
683 1 1740800 1744896
408 1 1101824 1105920
545 1 679424 683520
67 1 638976 643072
532 1 413184 441856
94 1 1650688 1671168
58 1 1540096 1544192
317 3 544768 786432 786432 1048576 1048576 1069056
761 1 983040 995328
673 2 745472 786432 786432 811008
547 1 1114112 1118208
750 2 929792 1048576 1048576 1196032
301 1 1384448 1386496
100 1 1568768 1572864
917 1 774144 777216
445 1 1163264 1167360
56 1 1347584 1351680
445 1 1155072 1159168
200 1 1781760 1785856
57 1 585728 589824
445 1 1159168 1163264
802 2 774144 786432 786432 800256
941 1 1507328 1572864
38 1 1355776 1376256
912 1 1966080 1970176
912 1 1576960 1605632
668 1 561152 565248
913 1 249856 258048
285 1 102400 106496
900 1 1425408 1449984
542 1 1884160 1888256
470 1 1748992 1753088
504 1 495616 499712
10 1 1994752 2060288
469 1 876544 884736
559 2 1651200 1835008 1835008 1909248
102 1 1847296 1855488
687 1 1290240 1294336
214 1 815104 823296
164 1 827392 851968
687 1 1318912 1323008
560 1 12288 82432
63 1 131072 135168
242 1 1122304 1123840
560 2 82432 262144 262144 274944
559 1 1909248 2097152
560 1 0 8192
232 1 1077248 1081344
258 1 1503232 1507328
199 3 454144 524288 524288 786432 786432 851456
153 1 1695744 1699840
597 1 393216 397312
153 1 1777664 1781760
507 1 1458176 1478656
240 1 1241088 1253376
177 1 475136 507904
235 1 1613824 1617920
99 1 581632 614400
668 1 1761280 1765376
989 1 1916928 1917952
989 1 1912832 1916928
836 1 552960 557056
836 1 552960 557056
213 1 122880 131072
647 1 139264 147456
213 1 589824 593920
836 1 552960 561152
656 1 1290240 1298432
733 1 499712 503808
34 1 471040 499712
697 1 139264 142336
515 2 520192 524288 524288 573440
515 1 573440 577536
97 1 1405952 1471488
797 1 282624 286720
592 1 1810432 1818624
487 1 589824 593920
288 1 573440 614400
288 1 614400 618496
37 1 991232 1003520
487 1 589824 593920
288 1 618496 634880
288 1 634880 638976
85 1 1114112 1130496
628 1 531968 572928
114 1 1212416 1216512
541 1 892928 897024
231 1 405504 409600
497 1 1884160 1892352
305 1 1970176 1974272
582 1 1478656 1479680
232 1 636928 638464
233 1 1222656 1223168
427 1 282624 327680
62 1 847872 851968
899 1 1826816 1827328
255 1 925696 933888
430 1 270336 274432
153 1 196608 212992
153 1 212992 217088
899 1 1826816 1827328
255 1 929792 933888
430 1 270336 274432
600 1 1708032 1712128
451 1 1052672 1056768
153 1 217088 241664
612 3 1016320 1048576 1048576 1310720 1310720 1540608
739 1 1335296 1347584
739 1 1347584 1351680
726 1 1470464 1474560
612 3 1540608 1572864 1572864 1835008 1835008 2064896
510 1 1015808 1017856
97 1 1273856 1290240
8 1 417792 421888
607 1 1757184 1785856
210 1 1277952 1298432
612 1 77824 86016
53 1 1478656 1482752
47 1 757760 761856
262 1 1421312 1429504
262 1 1429504 1433600
53 1 1482752 1486848
612 1 86016 90112
200 1 1843200 1859584
210 1 1343488 1363968
373 1 1646592 1650688
200 1 1789952 1794048
200 1 1855488 1859584
373 1 1646592 1650688
200 1 1789952 1794048
27 1 217088 229376
200 1 1855488 1859584
36 1 749568 753664
373 1 1646592 1650688
50 1 1564672 1569792
264 1 1380352 1384448
620 2 1101312 1310720 1310720 1437184
231 1 540672 548864
628 2 577024 786432 786432 826880
640 2 1101312 1310720 1310720 1482240
609 1 1355264 1359360
231 1 241664 249856
143 1 1236992 1249280
497 1 1896448 1900544
96 1 81920 90112
447 3 1520128 1572864 1572864 1835008 1835008 2044416
888 1 602624 655360
523 1 1835520 1836032
570 1 1720320 1724416
915 1 324608 325632
923 1 1454080 1458176
244 1 483328 487424
582 1 1479680 1480704
139 1 524288 528384
203 1 806912 815104
348 1 1482752 1495040
215 1 1048576 1052672
651 1 1421312 1425408
180 1 323584 434176
794 1 389120 393216
245 1 229376 233472
662 3 1303040 1310720 1310720 1572864 1572864 1827328
938 1 1224704 1228800
245 1 172032 180224
347 1 475136 491520
662 2 1827328 1835008 1835008 2097152
663 1 0 45056
663 2 765952 786432 786432 831488
663 1 45056 188928
252 1 1605632 1617920
411 1 1069056 1073152
252 1 1617920 1622016
663 3 188928 262144 262144 524288 524288 713216
20 1 417792 421888
422 1 1716224 1720320
524 1 819200 823296
422 1 1748992 1757184
553 1 167936 172032
22 1 2093056 2097152
23 1 0 16384
597 1 446464 450560
167 1 1896448 1900544
604 1 1404928 1409024
597 1 643072 647168
153 1 1499136 1503232
597 1 323584 327680
604 1 1429504 1433600
215 1 1134592 1138688
294 1 1683456 1691648
590 1 1929216 1932800
564 1 36864 45056
33 1 1372160 1376256
626 1 475136 479232
626 1 430080 434176
989 1 1826816 1830912
141 1 2027520 2031616
470 1 2068480 2072576
937 1 73728 75264
966 1 1888256 1900544
99 1 614400 618496
840 1 2023424 2027008
217 1 507904 512000
823 1 819200 823296
14 1 1536000 1537536
240 1 1253376 1257472
289 1 491520 499712
689 1 655360 720896
305 1 1966080 1970176
691 1 393216 458752
305 1 1961984 1966080
269 1 536576 544768
691 1 851968 917504
269 1 544768 548864
262 1 1826816 1835008
123 1 983040 1036288
577 3 901120 1048576 1048576 1310720 1310720 1425408
577 3 1425408 1572864 1572864 1835008 1835008 1949696
828 1 0 131072
578 2 376832 524288 524288 638976
262 1 1966080 1978368
577 1 1949696 2097152
578 2 0 262144 262144 376832
711 1 1900544 1966080
835 1 786432 983040
368 1 1392640 1404928
173 1 1925120 2097152
174 2 0 262144 262144 352256
174 2 352256 524288 524288 786432
20 1 417792 421888
95 1 978944 999424
290 1 0 81920
20 1 409600 413696
527 1 1904640 1908736
251 1 2002944 2015232
495 1 1732608 1737216
204 2 1810432 1835008 1835008 1839104
520 1 831488 839680
520 1 720896 724992
520 1 856064 860160
474 1 1662976 1667072
499 1 32768 36864
104 1 2035712 2039808
604 1 1675264 1748992
230 1 2072576 2076672
522 1 1654272 1661440
116 1 589824 593920
973 1 1536000 1540096
568 1 1740800 1744896
472 1 1155072 1163264
139 1 1638400 1642496
141 1 876544 880640
186 1 90112 94208
748 1 823296 827392
987 1 2093056 2097152
470 1 1986560 2011136
62 1 1908736 1929216
658 1 57344 61440
134 1 1347584 1351680
126 1 925696 929792
658 1 40960 45056
134 1 1331200 1335296
49 1 278528 286720
366 1 1912832 1913344
186 1 15872 19968
139 1 696320 700416
290 1 692224 696320
72 1 126976 131072
260 1 1646592 1650688
445 1 1114112 1126400
346 1 450560 487424
193 1 1196032 1198080
200 1 1847296 1851392
368 1 1474560 1478656
57 1 188416 192512
818 1 104448 105984
966 1 1904640 1912832
424 1 614400 615936
917 1 442368 443904
953 1 569344 634880
654 1 86016 90112
496 1 626688 630784
223 1 1134592 1150976
781 3 598016 786432 786432 1048576 1048576 1122304
232 1 638464 639488
425 1 491520 495616
927 1 1241088 1245184
244 1 544768 548864
233 1 1223168 1224192
717 1 282624 286720
915 1 325632 326656
210 1 856064 860160
965 1 1644544 1646080
582 1 1480704 1481728
184 1 1912832 1916928
47 2 1802240 1835008 1835008 1867776
99 1 425984 426496
48 1 827392 892928
48 2 1286144 1310720 1310720 1351680
6 1 1212416 1216512
49 1 327680 393216
15 1 843776 851968
840 1 40960 45056
685 1 1343488 1347584
925 1 774144 778240
6 1 1789952 1794048
49 1 917504 938496
372 1 626688 667648
49 1 938496 983040
904 1 1155072 1159168
372 1 667648 671744
8 1 417792 425984
465 1 1851392 1855488
465 1 1835008 1847296
692 1 1650688 1654784
127 1 1740800 1744896
427 1 557056 561152
470 1 2039808 2043904
312 1 843776 851968
324 1 81920 94208
470 1 2011136 2019328
286 1 888832 897024
427 1 557056 561152
981 1 1966080 1970176
470 1 1974272 1978368
470 1 2080768 2084864
286 1 897024 901120
427 1 557056 561152
212 1 1789952 1810432
580 1 761856 774144
888 1 1048576 1114112
231 1 1011712 1019904
323 1 73728 77824
323 1 155648 159744
323 1 57344 61440
447 1 2044416 2097152
448 2 0 262144 262144 471552
322 1 1945600 1953792
745 1 577536 581632
532 1 441856 445952
898 1 167936 204800
673 1 876544 937984
745 1 614400 618496
507 1 442368 454656
226 1 32768 40960
43 1 1502720 1519104
43 1 1748480 1764864
43 2 1830400 1835008 1835008 1846784
386 1 269824 286208
212 1 294912 311296
43 1 683520 699904
806 1 1957888 1961984
158 1 2027520 2031616
74 1 192512 196608
893 1 286720 290816
102 1 1638400 1642496
836 1 557056 561152
697 1 135168 139264
733 1 1380352 1384448
340 1 192512 196608
34 1 499712 503808
731 1 1933312 1937408
738 1 528384 532480
836 1 557056 561152
738 1 585728 589824
759 1 827392 831488
836 1 557056 561152
117 1 589824 593920
143 1 1249280 1253376
111 1 61440 65536
727 1 1712128 1724416
541 1 897024 905216
522 1 1661440 1664000
12 1 421888 425984
308 1 503808 507904
306 1 1167360 1171456
436 2 782336 786432 786432 794624
902 1 1798144 1830912
77 1 2056192 2072576
200 1 1826816 1835008
760 1 741376 749568
900 1 872448 880640
887 1 1662976 1667072
760 1 749568 753664
305 1 1970176 1974272
215 1 737280 741376
200 1 1896448 1900544
764 2 782336 786432 786432 962560
760 1 753664 761856
911 1 1056768 1114112
760 1 761856 765952
200 1 1777664 1781760
651 1 1163264 1164288
900 3 466944 524288 524288 786432 786432 905216
900 1 1490944 1507328
900 1 983040 999424
651 1 1425408 1433600
200 1 1785856 1798144
331 1 704512 708608
203 1 729088 733184
203 1 786432 794624
165 1 2043904 2048000
153 1 1712128 1716224
294 1 1691648 1695744
58 1 401408 405504
35 1 1343488 1372160
650 1 1757184 1781760
650 1 1781760 1798144
52 1 442368 446464
366 1 1913344 1913856
537 1 1679360 1687552
787 1 544768 548864
1 1 1785856 1786368
366 1 1913856 1917952
470 1 2072576 2080768
492 1 2023424 2031616
492 1 2060288 2068480
702 1 1835008 1839104
895 1 122880 124928
712 1 139264 143360
262 1 450560 458752
578 1 2060288 2064384
262 1 589824 602112
370 1 442368 446464
551 1 323584 335872
551 1 335872 339968
493 1 987136 991232
465 1 757760 761856
135 1 708608 745472
135 1 745472 749568
519 1 811008 819200
613 1 774144 777216
940 1 1970176 1971712
519 1 868352 925696
102 1 1851392 1855488
560 1 950272 978944
63 1 135168 147456
560 3 340480 524288 524288 786432 786432 836096
63 1 147456 151552
232 1 1077248 1081344
63 1 151552 159744
560 1 836096 950272
356 2 253952 262144 262144 266240
356 1 622592 626688
358 1 819200 868352
654 1 2031616 2035712
235 1 1609728 1613824
61 1 843776 860160
269 1 1368064 1376256
177 1 475136 479232
506 1 1867776 1871872
183 1 1171456 1175552
99 1 618496 626688
28 1 491520 495616
655 1 1794048 1798144
710 1 1507328 1572864
313 1 1179648 1245184
787 1 503808 507904
944 1 2039808 2041344
946 1 921600 925696
710 1 2031616 2097152
787 1 606208 614400
717 1 65536 131072
40 1 118272 134656
46 1 1248768 1265152
43 1 1764864 1781248
40 1 151040 167424
46 1 1805824 1822208
46 1 495104 511488
42 1 1814016 1830400
46 1 691712 708096
547 1 1118208 1130496
41 1 1674752 1691136
898 1 204800 208896
45 1 1736192 1752576
41 1 1592832 1609216
42 1 929280 945664
44 1 1916416 1932800
410 1 859648 876032
46 1 1936896 1953280
46 1 1953280 1969664
340 3 1404928 1572864 1572864 1835008 1835008 1929216
943 1 303104 307200
357 1 1110016 1138688
322 1 2072576 2076672
888 1 1966080 2031616
900 1 831488 851968
268 1 1736704 1757184
889 1 393216 400896
900 1 917504 933888
436 1 1339392 1343488
351 1 950272 954368
210 1 376832 380928
351 1 954368 958464
0 1 438272 458752
200 1 1847296 1851392
827 2 1048576 1310720 1310720 1572864
178 1 851968 917504
827 2 1572864 1835008 1835008 2097152
200 1 1785856 1789952
712 1 262144 327680
577 2 704512 786432 786432 835584
203 1 1093632 1097728
967 1 319488 322560
233 1 1224192 1225216
232 1 639488 640512
442 1 868352 880640
496 1 630784 638976
200 1 1777664 1781760
436 1 1970176 1978368
782 1 65536 77824
661 1 1540096 1552384
457 1 1257472 1261568
223 1 839680 851968
651 1 1433600 1437696
316 1 1081344 1082880
331 1 753664 761856
316 1 1118208 1122304
398 1 1187840 1245184
288 1 1740800 1744896
455 1 1110016 1114112
489 1 1171456 1277952
346 1 487424 491520
244 1 1540096 1544192
368 1 1617920 1622016
464 1 1441792 1445888
244 1 1556480 1560576
470 1 2031616 2035712
369 1 299008 303104
464 1 1445888 1449984
642 1 45056 241664
137 1 1937408 2097152
138 1 0 253952
153 2 679424 786432 786432 978432
153 3 155136 262144 262144 524288 524288 679424
553 1 1179136 1207808
553 1 1207808 1211904
717 1 458752 524288
604 1 1748992 1753088
918 1 1216512 1220608
184 1 1847296 1851392
250 1 2002944 2023424
143 1 1257472 1269760
522 1 1664000 1666048
541 1 905216 909312
614 1 1539584 1543680
600 1 1097216 1101312
192 1 991232 1048576
369 1 262144 327680
369 1 655360 786432
369 1 1179648 1245184
369 1 1376256 1441792
369 1 1572864 1638400
370 1 262144 327680
34 1 974848 978944
386 1 0 262144
528 3 1507328 1572864 1572864 1835008 1835008 2031616
528 1 2031616 2097152
529 2 0 262144 262144 458752
529 3 458752 524288 524288 786432 786432 983040
900 1 1040384 1048576
900 1 1384448 1421312
900 1 1069056 1093632
440 1 540672 541696
592 1 1818624 1822720
797 1 282624 294912
691 1 1355776 1359872
592 1 1822720 1830912
731 1 286720 291840
122 1 1502208 1503232
690 1 1757184 1761280
592 1 1830912 1835008
287 1 589824 598016
122 1 1503232 1503744
797 1 286720 290816
287 1 598016 602112
592 1 1835008 1843200
217 1 2093056 2097152
366 1 1917952 1921024
614 1 1601536 1602560
614 1 1602560 1606656
552 1 786432 790528
352 1 663552 667648
252 2 1302528 1310720 1310720 1327104
200 1 1789952 1794048
200 1 1855488 1859584
373 1 1646592 1650688
200 1 1789952 1794048
249 1 1519616 1540096
200 1 1855488 1863680
752 1 995328 999424
373 1 1646592 1650688
977 1 626688 630784
656 1 155648 159744
240 1 1257472 1269760
99 1 626688 630784
252 1 1896448 1900544
235 1 1613824 1617920
139 1 1282048 1286144
415 1 327680 339968
458 1 1077248 1081344
430 1 909312 913408
458 1 1150976 1155072
587 1 2007040 2097152
588 1 0 106496
811 1 2031616 2097152
592 1 524288 655360
712 1 393216 524288
587 3 958464 1048576 1048576 1310720 1310720 1482752
587 3 1482752 1572864 1572864 1835008 1835008 2007040
848 1 0 4096
887 1 1249280 1253376
592 2 0 262144 262144 524288
593 1 2031616 2097152
594 1 0 8192
725 1 1716224 1720320
58 1 1544192 1548288
94 1 1650688 1654784
82 1 610304 614400
545 1 679424 683520
493 3 1458176 1572864 1572864 1835008 1835008 1982464
363 1 1392128 1400320
547 1 1130496 1134592
58 1 1540096 1544192
898 1 237568 241664
898 1 208896 212992
918 1 253952 258048
587 1 1880064 1884160
231 1 1073152 1081344
448 2 471552 524288 524288 565248
448 1 1114112 1130496
448 1 864256 918016
221 1 159744 167936
614 1 1748992 1757184
850 1 1925120 1929216
592 1 983040 1011712
599 1 2056192 2060288
54 1 1040384 1048576
323 1 978944 991232
323 1 991232 995328
287 1 1277952 1286144
345 1 368640 372736
54 1 1048576 1052672
287 1 1286144 1290240
317 1 937984 942080
831 1 1531904 1540096
317 1 933888 937984
210 1 1495040 1507328
210 1 1900544 1904640
200 1 1781760 1794048
839 1 1400832 1441792
79 1 1077248 1081344
604 1 208896 217088
604 1 217088 221184
329 1 1155072 1187840
418 1 1297920 1302016
478 1 1245184 1249280
418 1 1297920 1302016
472 1 397312 401408
472 1 389120 393216
122 1 61440 65536
82 1 1105920 1106944
418 1 1297920 1302016
418 1 1297920 1302016
915 1 326656 327680
927 1 1245184 1253376
20 1 1040384 1044480
233 1 1225216 1226240
232 1 640512 641536
464 1 1441792 1445888
781 3 1122304 1310720 1310720 1572864 1572864 1634304
305 1 1966080 1970176
406 1 1101824 1107456
560 3 978944 1048576 1048576 1310720 1310720 1389056
241 2 1826304 1835008 1835008 1924608
241 1 1822208 1826304
63 1 159744 163840
241 1 1928704 2097152
242 1 0 130560
203 1 794624 798720
596 1 1474048 1478144
922 1 557056 561152
143 1 1269760 1273856
168 1 602112 606208
436 1 790528 794624
436 1 790528 794624
707 1 1953792 1986560
23 1 16384 28672
436 1 790528 794624
37 1 1003520 1015808
6 1 466944 479232
665 1 1347584 1368064
4 1 466944 479232
223 1 790528 794624
2 1 1142784 1146880
470 1 2015232 2019328
277 1 954368 962560
310 1 1945600 1953792
237 1 217088 221184
277 1 962560 966656
39 1 708608 724992
310 1 1953792 1957888
981 1 1966080 1970176
237 1 159744 167936
28 1 548864 557056
832 1 700416 704000
470 1 2043904 2048000
737 1 659456 675840
427 1 557056 561152
470 1 2080768 2084864
237 1 221184 225280
406 1 1273856 1282048
332 1 1572864 1576960
429 1 589824 655360
203 1 794624 798720
690 1 1630208 1695744
356 1 36864 40960
350 1 1396736 1462272
351 1 1388544 1454080
759 1 876544 880640
273 1 1994240 1998336
759 1 1044480 1048576
450 1 2056192 2060288
9 1 638976 643072
836 1 557056 569344
836 1 561152 565248
737 1 1310720 1376256
244 1 1568768 1572864
369 1 692224 696320
818 1 105472 106496
262 1 983040 999424
200 1 1859584 1867776
95 1 589824 593920
493 1 917504 921600
241 1 1236992 1241088
522 1 1666048 1668096
241 1 1318912 1323008
537 1 589824 593920
122 1 614400 618496
470 1 2011136 2027520
200 1 1843200 1847296
200 1 1773568 1777664
608 1 1376256 1376768
0 1 20480 24576
0 1 0 4096
593 3 1507328 1572864 1572864 1835008 1835008 2031616
385 1 831488 839680
601 1 1900544 1966080
713 1 524288 655360
583 1 892928 958464
179 1 1507328 1572864
702 2 1306624 1310720 1310720 1318912
713 1 720896 786432
402 1 1622016 1626112
927 1 1253376 1257472
233 1 1226240 1227264
200 1 1843200 1847296
496 1 638976 643072
223 1 1150976 1163264
210 1 860160 872448
442 1 872448 876544
203 1 729088 733184
251 1 204800 221184
663 1 713216 765952
663 1 1880064 2097152
664 1 0 254464
347 1 491520 512000
307 1 462848 471040
245 1 241664 245760
664 2 254464 262144 262144 307200
251 1 221184 241664
664 1 831488 897024
203 1 794624 798720
664 1 1093632 1159168
30 1 1835008 1851392
307 1 471040 475136
541 1 1732608 1736704
922 1 704512 708608
264 1 1421312 1425408
139 1 1052672 1056768
50 1 1576960 1582080
99 1 630784 638976
249 1 659456 663552
99 1 638976 643072
240 1 1269760 1273856
836 1 561152 565248
737 1 1769472 1835008
463 1 1867776 1871872
184 1 1875968 1880064
775 1 1187840 1196032
184 1 1941504 1953792
775 1 1196032 1200128
363 1 221184 237568
250 1 815104 823296
463 1 1867776 1871872
775 1 1200128 1208320
775 1 1208320 1212416
463 1 1867776 1871872
775 1 1212416 1220608
775 1 1220608 1224704
463 1 1867776 1871872
278 1 1794048 1810432
520 1 860160 921600
173 1 1687552 1691648
74 1 552960 557056
722 1 1220608 1253376
474 1 1921024 1925120
801 1 1966080 2031616
722 1 1253376 1257472
249 1 1626112 1638400
200 1 1847296 1851392
271 2 1306624 1310720 1310720 1331200
57 1 548864 552960
271 1 1331200 1335296
286 1 114688 122880
553 1 557056 560640
286 1 122880 126976
552 1 28672 32768
552 1 151552 155648
603 1 1392640 1404928
29 1 274432 278528
307 1 1028096 1032192
532 1 445952 478720
212 1 311296 327680
545 1 679424 683520
226 1 36864 49152
913 1 1523712 1536000
212 1 983040 987136
781 2 757760 786432 786432 790528
898 1 241664 245760
532 1 478720 482816
52 1 749568 753664
153 1 241664 245760
255 1 929792 933888
451 1 1056768 1060864
430 1 270336 274432
203 1 823296 835584
255 2 425984 524288 524288 557056
153 2 245760 262144 262144 286720
176 1 1847296 1851392
153 1 286720 290816
203 1 765952 770048
203 1 831488 835584
255 1 929792 933888
430 1 270336 274432
176 1 1847296 1851392
153 1 290816 319488
900 1 933888 937984
448 2 565248 786432 786432 860160
231 1 1019904 1024000
592 1 1011712 1015808
587 1 1847296 1851392
436 1 1339392 1343488
310 1 761856 770048
448 2 983552 1048576 1048576 1114112
231 1 1077248 1081344
310 1 770048 774144
448 2 1130496 1310720 1310720 1524224
943 1 1159168 1159680
242 2 130560 262144 262144 511488
444 1 557056 585728
272 1 118784 122880
272 1 110592 114688
985 1 1937408 1945600
272 1 122880 126976
756 1 1110016 1114112
952 1 835584 843776
660 1 1097728 1146880
740 1 1413120 1417216
660 1 1146880 1150976
720 1 45056 49152
351 1 2088960 2093056
352 1 0 61440
203 1 729088 733184
455 1 1110016 1114112
743 1 1130496 1163264
203 1 794624 798720
351 1 761856 765952
351 1 749568 753664
604 1 1200128 1204224
992 1 1396736 1400832
541 1 909312 917504
143 1 1273856 1286144
105 1 1166848 1183232
105 1 753152 769536
171 1 413696 417792
105 2 1265152 1310720 1310720 1314304
640 1 1482240 1486336
358 1 2052096 2056192
541 1 917504 921600
938 1 2064384 2080768
943 1 1089536 1138688
982 1 327680 344064
867 1 40960 57344
54 1 811008 827392
144 1 798720 815104
971 1 1511424 1560576
41 1 1863680 1867776
760 1 765952 774144
200 1 1843200 1851392
760 1 774144 778240
200 1 1781760 1785856
41 1 1863680 1867776
200 1 1847296 1851392
887 1 1662976 1667072
215 1 737280 741376
200 1 1781760 1785856
200 1 1847296 1859584
972 3 639488 786432 786432 1048576 1048576 1163776
972 3 1163776 1310720 1310720 1572864 1572864 1688064
972 1 1688064 1830912
972 1 1835008 2097152
973 1 0 16384
973 1 802816 868352
973 1 16384 53760
472 1 1372160 1380352
469 1 790528 794624
469 1 778240 782336
973 3 53760 262144 262144 524288 524288 578048
973 2 578048 786432 786432 802816
16 1 32768 78336
533 1 1748992 1757184
15 1 1908736 2097152
218 1 1576960 1581056
290 1 618496 626688
369 1 1118208 1122304
445 1 1122304 1126400
602 1 356352 372736
901 2 1486848 1572864 1572864 1638400
912 3 720896 786432 786432 1048576 1048576 1171456
223 1 1490944 1499136
496 1 643072 647168
927 1 1257472 1265664
436 1 1978368 1990656
717 1 282624 286720
20 1 1036288 1040384
203 1 1028096 1032192
449 1 1998848 2097152
450 2 0 262144 262144 425984
547 1 1134592 1142784
103 1 1314816 1331200
334 1 1536000 1540096
275 1 1629696 1633792
58 1 1544192 1548288
206 1 1675264 1679360
515 1 2048000 2097152
516 2 0 262144 262144 475136
206 1 1290240 1294336
706 1 163840 167936
206 1 925696 929792
706 1 155648 159744
206 1 2043904 2048000
521 1 450560 454656
529 3 983040 1048576 1048576 1310720 1310720 1507328
529 3 1507328 1572864 1572864 1835008 1835008 2031616
530 2 458752 524288 524288 716800
529 1 2031616 2097152
530 2 0 262144 262144 458752
530 1 716800 720896
530 1 716800 720896
136 1 1957888 1961984
208 1 1155072 1159168
203 1 729088 737280
457 1 188416 190976
72 1 1572864 1638400
208 1 1404928 1409024
18 1 1740800 1744896
131 1 1703936 1769472
14 1 790528 794624
225 1 466944 475136
357 1 1138688 1142784
786 1 1294336 1295360
816 1 385024 393216
837 1 4096 8192
108 1 331776 335872
321 1 1744896 1753088
109 1 1445888 1449984
675 2 1044480 1048576 1048576 1085440
675 1 1085440 1089536
224 1 73728 77824
129 1 446464 450560
343 1 2068480 2072576
602 1 880640 897024
89 1 704512 720896
89 1 524288 540672
89 1 491520 507904
759 1 307200 339968
221 1 159744 163840
759 1 405504 438272
759 1 356352 389120
592 1 851968 917504
290 1 626688 630784
472 1 1596928 1613312
987 1 97792 101888
137 1 651264 667648
126 2 1568768 1572864 1572864 1585152
181 1 1323008 1339392
298 1 634880 651264
464 1 1441792 1445888
298 1 929792 946176
53 1 1646592 1654784
330 1 765952 782336
298 1 1011712 1028096
0 1 339968 344064
942 1 1470464 1474560
836 1 561152 565248
96 1 507904 512512
342 1 1462272 1466368
423 1 1675264 1679360
141 1 1769472 1777664
612 1 2064896 2097152
613 2 0 262144 262144 492032
619 1 81920 114688
31 1 471040 475136
613 3 492032 524288 524288 786432 786432 1016320
257 1 1613824 1622016
257 1 1622016 1626112
613 3 1016320 1048576 1048576 1310720 1310720 1540608
3 1 1191936 1196032
515 1 927744 928256
6 1 544768 552960
613 3 1540608 1572864 1572864 1835008 1835008 2064896
515 1 927744 928768
613 1 2064896 2097152
614 1 0 57856
6 1 483328 487424
544 1 262656 263168
352 1 667648 671744
862 1 1277440 1293824
565 1 1003008 1039872
608 1 1585152 1589248
608 1 1380352 1384448
530 1 237568 241664
212 1 303104 323584
203 1 794624 798720
565 1 1039872 1043968
738 1 131072 196608
325 1 1683456 1695744
690 1 1695744 1699840
391 1 1880064 1884160
69 1 311296 315392
71 1 446464 450560
163 1 1593344 1597440
71 1 319488 323584
249 1 1359872 1363968
225 1 196608 200704
71 1 344064 348160
305 1 581632 585728
305 1 589824 593920
589 2 421888 524288 524288 548864
722 1 1699840 1700864
654 1 1196032 1200128
140 1 249856 253952
235 1 1609728 1613824
177 2 507904 524288 524288 540672
583 1 1757184 1777664
583 1 1888256 1892352
231 1 1003520 1007616
737 1 716800 720896
737 1 675840 688128
981 1 1966080 1970176
28 1 1474560 1478656
470 1 1978368 1982464
39 1 724992 745472
261 1 712704 715776
502 1 1290240 1294336
940 1 1757184 1765376
12 1 856064 860160
427 1 557056 561152
685 1 527872 531968
929 1 516096 520192
631 1 491520 499712
631 1 499712 503808
503 1 1822720 1826816
102 1 57344 61440
588 1 1339392 1343488
384 1 1912832 1925120
200 1 1794048 1798144
200 1 1859584 1863680
373 1 1646592 1650688
200 1 1794048 1798144
458 1 303104 304128
249 1 1540096 1552384
200 1 1843200 1847296
162 1 1531904 1552384
892 1 454656 475136
359 1 536576 539136
402 1 1011712 1014784
833 1 1331200 1333248
362 1 475136 479232
64 1 966656 969728
564 1 49152 51712
231 1 1019904 1024000
578 1 1179648 1191936
268 1 1757184 1769472
200 1 1843200 1851392
143 1 1286144 1290240
250 1 2023424 2031616
628 1 826880 830976
620 1 1437184 1441280
563 1 69632 73728
127 1 1204224 1208320
568 1 1761280 1781760
439 1 1139712 1140736
592 1 1843200 1847296
200 1 1785856 1794048
276 1 532480 540672
277 1 1241088 1245184
740 1 1572864 1576960
740 1 1527808 1536000
992 1 1077248 1081344
928 1 1679360 1691648
482 1 98304 221184
244 1 192512 196608
502 1 536064 537600
482 1 221184 225280
702 1 1318912 1323008
717 1 589824 655360
813 1 1769472 1835008
804 3 917504 1048576 1048576 1310720 1310720 1441792
888 1 1368064 1372160
804 1 1966080 2097152
805 2 0 262144 262144 393216
804 3 1441792 1572864 1572864 1835008 1835008 1966080
805 3 393216 524288 524288 786432 786432 917504
259 1 1355776 1363968
686 1 1699840 1703936
881 1 880640 884736
513 1 1286144 1290240
614 1 135168 139264
0 1 196608 200704
356 1 290816 294912
55 1 1507328 1511424
426 1 180224 184320
355 1 741376 745472
916 1 872448 876544
370 1 1986560 1990656
218 1 1585152 1593344
470 1 1966080 1974272
597 1 147456 155648
522 1 1556480 1564672
262 1 794624 798720
57 1 720896 724992
99 1 643072 675840
728 1 1560576 1564672
580 1 1826816 1830912
255 1 819200 823296
432 1 299008 303104
781 2 1634304 1835008 1835008 2093056
927 1 1265664 1269760
200 1 1777664 1785856
305 1 1970176 1974272
20 1 1040384 1044480
442 1 872448 876544
305 1 1966080 1970176
44 1 1802240 1806336
818 1 1597440 1601536
44 1 380928 385024
391 1 1945600 1949696
818 1 1466368 1470464
44 1 1056768 1060864
194 1 1155072 1179648
203 1 729088 733184
983 1 0 12288
74 1 540672 557056
265 1 851968 860160
4 1 733184 737280
38 1 1028096 1032192
49 1 884736 888320
455 1 1752576 1756672
16 2 143872 262144 262144 303104
38 1 1024000 1028096
473 1 220672 224768
923 1 1195520 1199616
393 1 56832 65024
953 1 847360 851456
924 1 364032 368128
153 1 1228288 1232384
545 1 851456 855552
538 1 1293824 1297920
460 1 368128 372224
17 1 2015232 2097152
18 1 0 49152
372 1 56832 65024
900 1 1351680 1363968
938 1 266240 393216
585 1 1056768 1060864
859 1 1048576 1060864
585 1 991232 995328
738 1 851968 917504
140 1 1630208 1634304
240 1 1273856 1286144
83 1 942080 958464
670 1 1638400 1712128
109 1 933888 937984
126 1 1859584 1863680
99 1 675840 679936
297 1 1986560 1994752
111 1 53248 57344
143 1 1290240 1302528
251 1 393216 397312
925 1 598016 602112
563 1 77824 81920
591 1 1380352 1384448
999 1 221184 229376
111 1 65536 69632
297 1 1994752 1998848
541 1 921600 954368
371 1 475136 479232
847 1 609792 650752
385 1 1781760 1806336
218 1 1597440 1605632
899 1 1208320 1212416
818 1 105984 107520
547 1 1142784 1146880
40 1 1084928 1117696
507 1 454656 462848
898 1 245760 253952
58 1 1540096 1544192
644 1 2010624 2022912
45 1 2063872 2080256
644 1 1908224 1912320
264 1 704512 716800
516 3 1200128 1310720 1310720 1572864 1572864 1724416
409 2 1523712 1572864 1572864 1626112
165 1 1843200 1892352
399 1 196608 200704
461 1 1179648 1183744
280 1 1933312 1941504
973 1 1724416 1728512
861 1 143360 147456
578 1 1589248 1605632
448 3 1524224 1572864 1572864 1835008 1835008 2048512
553 1 536576 540672
231 1 1077248 1081344
352 1 1937408 1941504
302 1 830976 835072
302 1 830976 835072
50 1 184320 188416
922 1 1241088 1242112
89 1 1953792 1957888
443 1 1732608 1736704
142 1 745472 749568
37 1 585728 589824
564 1 1433600 1437696
36 1 1323008 1331200
370 1 376832 380928
459 1 2048000 2052096
260 1 376832 393216
260 1 524288 528384
155 1 520192 524288
560 3 1389056 1572864 1572864 1835008 1835008 1913344
626 1 958464 966656
597 1 1589248 1597440
759 1 536576 540672
357 1 626688 630784
702 1 1449984 1458176
509 1 131072 147456
560 1 1913344 2097152
561 2 0 262144 262144 340480
180 1 606208 638976
224 1 32768 57344
223 1 2056192 2097152
438 1 1835008 1875968
603 1 1323008 1388544
414 1 708608 774144
981 1 1966080 1970176
212 1 1810432 1822720
470 1 2015232 2019328
940 1 1761280 1765376
470 1 2043904 2048000
203 1 794624 798720
610 1 438272 475136
610 1 475136 479232
427 1 557056 561152
470 1 2080768 2084864
981 1 1966080 1970176
948 2 1044480 1048576 1048576 1052672
12 1 2093056 2097152
13 1 0 32768
432 1 901120 929792
98 1 1503232 1503744
352 1 663552 667648
552 1 786432 790528
208 1 1097728 1114112
491 2 1499136 1572864 1572864 1576960
608 1 1376256 1376768
863 1 1724416 1740800
470 1 2031616 2035712
352 1 667648 671744
203 1 794624 798720
212 1 303104 323584
625 1 163840 196608
287 1 2080768 2088960
626 1 1638400 1687552
184 1 1912832 1916928
203 2 253952 262144 262144 274432
184 1 1839104 1843200
189 1 1048576 1052672
971 1 462848 466944
29 1 1560576 1568768
813 1 1892352 1908736
941 1 1507328 1572864
274 1 1417216 1433600
491 1 1368064 1372160
48 1 430080 442368
668 1 1761280 1765376
177 1 507904 512000
836 1 561152 565248
836 1 561152 569344
213 1 557056 577536
836 1 565248 569344
782 1 61440 65536
481 1 442368 446464
756 1 430080 458752
927 1 1269760 1282048
132 1 901120 905216
857 1 1314816 1339392
281 1 942080 950272
95 1 1891840 1908224
95 1 1908224 1912320
189 1 2027008 2031104
8 1 413696 417792
53 1 1478656 1482752
47 1 757760 761856
53 1 1482752 1486848
53 1 1478656 1482752
47 1 757760 761856
53 1 1482752 1486848
53 1 1478656 1482752
47 1 757760 761856
53 1 1482752 1486848
422 1 8192 12288
933 1 49152 53248
402 1 94208 106496
402 1 110592 114688
343 1 1556480 1560576
966 1 1028096 1032192
107 1 32768 36864
341 1 1069056 1073152
84 1 188416 192512
299 1 1925120 1929216
343 1 1490944 1495040
338 1 1617920 1630208
338 1 1691648 1695744
48 1 946176 950272
143 1 1302528 1306624
992 1 983040 987136
541 1 954368 958464
922 1 913408 917504
738 1 1310720 1376256
859 1 1060864 1064960
738 1 1835008 1900544
389 1 2035712 2038784
203 1 798720 802816
203 1 733184 737280
213 1 684032 688128
419 1 1511424 1519616
203 1 798720 802816
213 1 1933312 1941504
396 1 565248 573440
203 1 733184 737280
203 1 798720 802816
229 1 1142784 1146880
203 1 733184 737280
393 1 421888 430080
471 1 1449984 1454080
203 1 798720 806912
94 1 503808 507904
938 2 524288 786432 786432 868352
900 1 454656 462848
938 1 995328 1007616
938 2 1044480 1048576 1048576 1052672
469 1 1388544 1425408
469 1 1425408 1429504
307 1 831488 835584
306 1 1310720 1311232
306 1 1311232 1311744
306 1 1311744 1315840
306 1 1315840 1319936
305 1 1966080 1970176
253 1 1372160 1376256
240 1 257536 261632
307 1 835584 836096
305 1 1970176 1974272
307 1 839680 843776
307 1 847872 851968
305 1 1966080 1970176
307 1 835584 836096
305 1 1970176 1974272
306 1 1933312 1933824
470 1 1978368 1982464
680 1 1945600 1953792
529 1 44544 48640
529 1 421376 425472
363 1 1838592 1842688
953 1 69120 73216
277 1 1671168 1679360
538 1 1297920 1302016
603 1 1236992 1241088
153 1 1232384 1236480
135 1 1241088 1244672
534 1 1904128 1908224
261 1 1957888 1966080
261 1 1966080 1970176
601 1 1327104 1331200
279 1 1822720 1830912
281 1 245760 249856
210 1 995328 1015808
363 1 237568 241664
775 1 1224704 1232896
363 1 458752 462848
363 1 851968 864256
278 1 1810432 1814528
775 1 1232896 1236992
250 1 761856 765952
463 1 1867776 1871872
46 1 1060864 1064960
775 1 1236992 1245184
775 1 1245184 1249280
463 1 1867776 1871872
775 1 1249280 1257472
775 1 1257472 1261568
303 1 1327104 1331200
540 1 884736 888832
210 1 737280 753664
200 1 1781760 1794048
92 1 954368 962560
200 1 1851392 1863680
200 1 1843200 1847296
92 1 1097728 1101824
898 1 253952 258048
212 1 409600 417792
545 1 679424 683520
212 1 372736 376832
44 1 749568 757760
409 2 1630208 1835008 1835008 2048000
200 1 1843200 1851392
203 1 794624 798720
371 1 483328 487424
847 1 650752 654848
429 1 561152 562688
154 1 1089536 1097728
287 1 2015232 2023424
294 1 884736 892928
200 1 1843200 1863680
843 1 1527808 1548288
602 1 1519616 1522176
843 2 1548288 1572864 1572864 1654784
843 1 1654784 1658880
589 1 544768 548864
843 1 1658880 1671168
843 1 1671168 1675264
241 2 1775616 1835008 1835008 1841152
707 1 167424 187904
619 1 1622016 1626112
644 1 847872 851968
662 1 1130496 1134592
411 1 1921024 1925120
710 1 753664 761856
287 1 2088960 2093056
195 1 184320 192512
836 1 565248 569344
186 1 1486848 1490944
256 1 348160 352256
681 1 1642496 1650688
427 1 557056 565248
162 1 1708032 1721344
932 1 135168 143360
660 1 1789952 1794048
788 1 2048000 2052096
932 1 143360 147456
184 1 1953792 1957888
271 1 413696 421888
438 1 1875968 1880064
433 1 143360 155648
255 1 557056 573440
323 1 647168 651264
60 1 643072 651264
2 1 401408 409600
376 1 950272 954368
324 1 1675264 1679360
668 1 815104 860160
561 2 340480 524288 524288 606720
747 1 1888256 1904640
947 1 1019904 1048576
271 1 421888 425984
929 1 565248 569344
985 2 1810432 1835008 1835008 1851392
88 2 1044480 1048576 1048576 1069056
16 1 483328 487424
983 1 8192 20480
4 1 798720 802816
203 1 794624 798720
951 1 479232 483328
16 1 413696 417792
4 1 733184 737280
212 1 221184 241664
203 1 794624 806912
4 1 798720 802816
749 1 1624064 1624576
203 1 729088 741376
470 1 1966080 1974272
212 1 323584 327680
266 1 348160 356352
871 1 0 4096
771 1 1118208 1126400
212 1 1245184 1253376
502 1 1449984 1482752
266 1 356352 360448
470 1 2035712 2039808
203 1 729088 733184
271 1 2023424 2031616
701 1 339968 348160
37 1 188416 192512
795 1 499200 503296
795 1 192000 196096
795 1 417280 421376
795 1 921088 925184
795 1 937472 941568
795 1 1056256 1060352
795 1 1187328 1191424
795 1 1297920 1302016
795 1 1322496 1326592
796 1 171520 175616
418 1 1297920 1306112
302 1 830976 839168
839 1 1507328 1527808
262 1 1830912 1835008
839 1 1527808 1531904
263 1 393216 405504
203 1 794624 802816
210 1 1904640 1925120
994 1 1269760 1273856
262 1 1896448 1900544
263 1 405504 409600
263 1 131072 143360
210 1 1454080 1474560
109 1 954368 958464
140 1 24576 28672
470 1 2002944 2011136
99 1 679936 688128
235 1 1613824 1617920
670 1 1712128 1716224
782 3 77824 262144 262144 524288 524288 598016
548 1 315392 319488
210 1 872448 880640
732 1 700416 710144
832 1 765952 770048
927 1 1282048 1286144
3 1 1868288 2097152
4 2 0 262144 262144 295424
2 1 1327104 1331200
131 1 1269760 1277952
554 1 217088 225280
143 2 1306624 1310720 1310720 1318912
239 1 524288 536576
82 1 659456 663552
568 1 1761280 1765376
812 1 815104 823296
67 1 286720 335872
239 1 548864 552960
312 1 1757184 1761280
68 1 1843200 1847296
725 1 1523712 1527808
155 1 1949696 1961984
643 1 303104 307200
917 1 1638400 1642496
810 1 311296 315392
917 1 1626112 1630208
155 1 1957888 1961984
575 1 716800 753664
575 1 753664 757760
269 1 1220608 1228800
269 1 1228800 1232896
442 1 1949696 1953792
129 1 598016 599552
203 1 765952 770048
153 1 319488 323584
203 1 831488 835584
176 1 1847296 1851392
203 1 765952 770048
203 1 831488 835584
176 1 1847296 1851392
203 1 765952 774144
113 1 507904 512000
244 1 1507328 1523712
319 1 1146880 1179648
203 1 835584 839680
319 1 1179648 1183744
176 1 1847296 1851392
900 1 1110016 1114112
901 1 675840 741376
932 1 958464 974848
929 1 1506816 1510912
308 1 1736192 1740288
739 1 196608 262144
739 1 1572864 1638400
739 1 2031616 2097152
330 1 471040 475136
133 1 1183232 1187328
221 1 217088 225280
464 1 1445888 1449984
287 1 2023424 2027520
294 1 892928 897024
776 1 155648 204800
203 1 724992 729088
491 1 278016 282112
491 1 282112 318976
207 1 782336 786432
586 1 1789952 1792000
586 1 1708032 1712128
670 1 1312256 1312768
6 1 548864 552960
614 1 57856 65536
445 1 831488 832512
260 1 344064 360448
414 1 1404928 1407488
200 1 1843200 1847296
614 2 69632 262144 262144 496128
515 1 928256 928768
614 3 496128 524288 524288 786432 786432 954880
545 1 679424 683520
203 1 729088 733184
997 1 1933312 1937408
532 1 482816 495104
346 1 155648 159744
761 1 995328 1015808
491 1 32768 57344
584 1 1802240 1806336
571 1 528384 532480
105 1 753664 765952
20 1 483328 487424
932 2 503808 524288 524288 552960
932 1 557056 638976
932 2 1294336 1310720 1310720 1438208
932 1 1634816 1687552
2 2 1495040 1572864 1572864 1691648
465 1 1601536 1605632
3 2 249856 262144 262144 380928
22 1 2031616 2052096
3 1 708608 774144
3 1 1691648 1757184
3 1 2084864 2097152
4 1 0 512
4 1 512 53248
4 1 643072 708608
4 1 1236992 1302528
28 1 753664 757760
947 1 1777664 1785856
824 1 1966080 1974272
808 1 1531904 1536000
767 1 1253376 1261568
892 1 2076672 2084864
894 1 307200 315392
30 1 151552 159744
949 1 512000 516096
846 1 1617920 1622016
28 1 827392 831488
949 1 1961984 1966080
807 1 651264 671744
463 1 1867776 1871872
949 1 1961984 1966080
775 1 1261568 1269760
550 1 577536 581632
550 1 581632 630784
775 1 1269760 1273856
261 1 303104 307200
14 1 2043904 2048000
281 1 950272 954368
0 1 196608 204800
956 1 1327104 1359872
38 1 77824 81920
40 1 1572864 1576960
40 1 1703936 1712128
38 1 8192 20480
987 1 1998848 2002944
774 1 1916928 1921024
987 1 253952 258048
987 1 1744896 1748992
448 1 2048512 2097152
449 2 0 262144 262144 475648
91 1 901120 917504
40 1 483328 487424
75 1 835584 851968
561 2 606720 786432 786432 864768
748 1 811008 876544
889 2 1802240 1835008 1835008 1896448
829 1 655360 659456
143 1 1073152 1077248
564 1 1728512 1777664
938 1 2015232 2056192
599 1 1982464 1986560
123 1 335872 524288
548 1 1753088 1757184
433 1 679936 692224
548 1 495616 499712
637 1 1638400 1642496
986 1 1589248 1654784
668 1 991232 999424
444 1 585728 589824
752 1 1536000 1552384
988 1 299008 364544
633 1 1204224 1216512
184 1 1888256 1892352
582 1 1404928 1417216
505 1 356352 360448
94 2 512000 524288 524288 552960
94 1 557056 581632
94 1 802816 815104
203 1 737280 741376
712 1 131072 135168
94 2 585728 786432 786432 794624
712 1 135168 147456
94 1 819200 1024000
203 1 802816 806912
1 1 831488 835584
815 1 966656 970752
386 1 90112 106496
369 1 749568 757760
369 1 1425408 1441792
529 1 1318912 1327104
977 1 315392 319488
541 1 958464 966656
143 1 1318912 1323008
639 1 1675264 1683456
276 1 1716224 1720320
858 1 2072576 2076672
4 1 295424 327680
664 2 233472 262144 262144 299008
494 1 1474560 1478656
541 1 966656 970752
0 1 421888 438272
92 1 1097728 1105920
342 1 965632 966144
200 1 1777664 1789952
92 1 1110016 1114112
460 1 1810432 1811456
458 1 954368 958464
533 1 815104 819200
298 1 1781760 1789952
92 1 1097728 1101824
340 1 1816064 1816576
210 1 753664 774144
432 1 929792 933888
385 1 835584 839680
13 1 32768 36864
98 1 1503744 1519616
819 1 1310720 1376256
111 1 102400 105984
702 1 1323008 1335296
717 1 720896 786432
969 1 1490944 1495040
49 1 1376256 1441792
49 1 1966080 2031616
18 1 1835008 1851392
50 1 458752 524288
304 1 1437696 1445888
50 1 1052672 1118208
304 1 1445888 1449984
51 1 69632 79872
18 1 1851392 1871872
8 1 487424 491520
352 1 1024000 1032192
26 1 1904640 1908736
26 1 1880064 1884160
692 1 0 4096
305 1 1966080 1970176
461 1 1183744 1191936
461 1 1196032 1212416
755 1 159744 163840
0 1 737280 741376
461 1 1343488 1458176
461 1 1458176 1462272
753 1 1978880 1979392
472 1 1613312 1625600
200 1 1794048 1814528
472 1 1568256 1572352
818 1 107008 107520
445 1 1122304 1126400
464 1 1441792 1445888
346 2 491520 524288 524288 577536
776 1 270336 274432
366 1 774144 778240
529 1 1695744 1699840
528 1 1527808 1552384
529 1 1159168 1163264
529 1 1515520 1523712
392 1 1708032 1712128
370 1 315392 327680
530 1 159744 176128
530 1 630784 634880
878 1 8192 12288
529 1 643072 651264
529 1 1896448 1908736
529 1 1220608 1257472
529 1 1650688 1658880
529 1 1978368 1994752
529 1 499712 524288
529 1 851968 856064
108 1 2056192 2060288
530 1 598016 602112
530 1 294912 303104
530 1 675840 679936
470 1 2015232 2023424
252 1 548864 557056
252 1 557056 561152
427 1 561152 565248
685 1 527872 531968
384 1 1925120 1929216
371 1 1146880 1179648
272 1 1048576 1064960
200 1 1847296 1851392
238 1 1576960 1579008
305 1 1970176 1974272
191 1 1781760 1785856
20 1 1036288 1040384
832 1 806912 815104
246 1 1282048 1286144
932 1 458752 471040
900 1 933888 966656
900 1 1114112 1138688
510 3 159744 262144 262144 524288 524288 679936
532 1 495104 499200
898 2 258048 262144 262144 274432
662 1 212992 217088
898 1 335872 356352
56 1 667136 671232
456 1 1777664 1781760
951 1 479232 483328
43 1 233472 241664
2 1 1949696 1953792
974 1 1380352 1384448
806 1 1372160 1376256
308 1 1273856 1290240
203 1 737280 741376
4 1 733184 741376
4 1 802816 806912
203 1 802816 806912
456 1 1777664 1781760
806 1 1372160 1396736
398 1 1187840 1245184
203 1 737280 741376
491 1 318976 323072
332 1 1961984 1966080
491 1 323072 327168
333 1 94208 110592
207 1 839680 851968
707 1 187904 192000
707 1 241152 257536
707 1 192000 237056
203 1 753664 757760
251 1 389120 393216
251 1 786432 798720
836 1 565248 569344
286 1 618496 626688
836 1 565248 569344
836 1 569344 577536
836 1 569344 573440
318 1 729088 749568
229 1 217088 221184
423 1 892928 893440
2 1 12288 16384
574 1 1020416 1020928
44 1 802816 806912
821 1 151552 155648
203 1 794624 798720
143 1 1380352 1392640
664 1 299008 303104
494 1 1499136 1503232
67 1 1523712 1527808
931 1 1716224 1720320
522 1 1668096 1670144
537 1 589824 593920
4 3 376832 524288 524288 786432 786432 868864
211 1 94208 98304
497 1 1445888 1449984
150 1 1302528 1306624
99 1 688128 692224
782 1 598016 634880
529 1 729088 737280
529 2 1028096 1048576 1048576 1060864
392 1 1712128 1716224
676 1 843776 847872
908 1 270336 274432
369 1 1572864 1581056
849 1 884736 888832
611 1 1060864 1064960
108 1 2056192 2060288
676 1 847872 851968
676 1 851968 860160
369 1 1404928 1409024
529 1 331776 335872
529 1 1949696 1953792
529 1 626688 630784
529 1 1376256 1388544
529 1 2019328 2031616
529 1 1441792 1462272
530 1 225280 233472
528 1 1654784 1662976
740 1 327680 393216
920 1 2023424 2024448
40 1 417792 430080
449 3 475648 524288 524288 786432 786432 999936
352 2 253952 262144 262144 294912
715 1 720896 724992
578 1 1339392 1343488
18 2 704512 786432 786432 938496
133 1 417280 515584
133 1 1453568 1498624
277 1 1679360 1683456
762 1 2060288 2088960
264 1 1175552 1179648
18 3 938496 1048576 1048576 1310720 1310720 1462784
40 1 1720320 1724416
140 1 1564672 1568768
956 1 307200 315392
956 1 1019904 1032192
233 1 1310720 1311232
316 1 1126400 1130496
233 1 1311232 1311744
317 1 790528 794624
702 1 319488 339968
233 1 1311744 1314816
233 1 1417216 1418240
702 1 339968 344064
233 1 1418240 1421312
233 1 1482752 1483776
470 1 2035712 2039808
899 1 1208320 1212416
260 1 1540096 1544192
464 1 1445888 1449984
346 1 577536 581632
200 1 1875968 1880064
698 1 503808 507904
696 1 2093056 2097152
697 1 0 40960
41 1 1994752 1998848
200 1 1789952 1794048
200 1 1855488 1859584
41 1 1994752 1998848
200 1 1789952 1794048
887 1 1662976 1667072
111 3 168448 262144 262144 524288 524288 540672
846 1 1716224 1720320
200 1 1855488 1863680
112 2 495616 524288 524288 647680
715 1 1642496 1646592
832 1 1454080 1455616
112 3 647680 786432 786432 1048576 1048576 1085440
118 2 1540096 1572864 1572864 1626624
571 1 520192 524288
203 1 274432 286720
710 1 757760 761856
268 1 1978368 1986560
491 1 57344 61440
268 1 1986560 1990656
39 1 880640 897024
6 1 483328 487424
267 1 909312 917504
6 1 548864 552960
267 1 917504 921600
614 3 1020416 1048576 1048576 1310720 1310720 1544704
515 1 928256 929280
212 1 278528 286720
212 1 241664 245760
4 1 737280 745472
406 1 1273856 1282048
203 1 729088 733184
485 1 1040384 1044480
58 1 335872 393216
332 1 1572864 1581056
720 1 45056 49152
356 1 36864 40960
351 1 2088960 2093056
690 1 1699840 1732608
352 1 0 61440
391 1 1880064 1884160
350 1 1396736 1462272
836 1 569344 573440
251 1 520192 524288
251 1 798720 802816
443 1 1327104 1330176
251 1 1048576 1060864
286 1 626688 630784
264 1 1527808 1531904
50 1 1589248 1594880
668 1 1761280 1765376
413 1 258048 262144
900 1 974848 983040
13 1 1536000 1540096
900 1 1310720 1318912
973 1 983040 999424
279 1 142848 146944
859 2 1297920 1310720 1310720 1359360
973 1 561152 569344
241 1 1241088 1245184
140 1 2084864 2088960
151 1 1695744 1699840
241 1 1314816 1318912
409 1 135168 143360
81 1 1564672 1568768
159 1 225280 241664
203 1 720896 724992
541 1 970752 978944
14 1 2039808 2043904
965 1 221184 225280
4 1 1630208 1695744
22 1 2052096 2064384
5 1 122880 188416
491 1 1125888 1134080
68 1 73216 77312
68 1 77312 93696
5 1 843776 909312
491 1 1129984 1134080
543 1 1277440 1285632
355 1 3584 7680
548 1 36352 48640
355 1 7680 24064
390 1 339456 351744
6 1 978944 1044480
6 1 1634304 1699840
529 1 1110016 1118208
369 1 1204224 1245184
529 1 471040 479232
529 1 811008 815104
529 1 1495040 1503232
529 1 1835008 1839104
534 1 1048576 1052672
529 1 1667072 1675264
529 1 2043904 2052096
529 1 1609728 1617920
529 1 1998848 2007040
530 1 368640 385024
369 1 716800 745472
369 1 770048 782336
530 1 688128 692224
530 1 417792 421888
534 1 1052672 1105920
529 1 376832 380928
529 1 1937408 1945600
309 1 24576 61440
529 1 315392 319488
578 1 1507328 1527808
740 1 917504 983040
269 1 593920 602112
131 1 262144 327680
269 1 602112 606208
204 1 1839104 1843200
809 1 626688 627712
105 1 745472 765952
72 1 471040 475136
105 1 765952 778240
352 1 294912 299008
449 3 999936 1048576 1048576 1310720 1310720 1524224
91 1 917504 937984
274 1 405504 421888
203 1 770048 774144
203 1 835584 839680
27 1 376832 380928
176 1 1847296 1851392
713 1 1122304 1126400
176 1 241664 245760
713 1 1286144 1294336
713 1 1302528 1306624
716 1 151552 167936
716 1 192512 200704
716 1 360448 364544
716 1 409600 417792
592 1 835584 839680
716 1 860160 864256
716 1 684032 696320
716 1 954368 958464
890 1 1212416 1216512
716 1 1097728 1101824
552 1 786432 790528
470 1 1970176 1986560
212 1 323584 327680
212 1 1179648 1187840
307 1 1540096 1548288
1 1 1786368 1786880
307 1 1548288 1552384
212 1 1187840 1204224
342 1 1015808 1048576
552 1 786432 790528
285 1 471040 479232
212 1 1744896 1765376
212 1 1765376 1769472
213 1 131072 139264
494 1 1916928 1921024
483 1 327680 331776
483 1 319488 323584
768 1 126976 128512
768 1 1609728 1611264
52 1 909312 917504
442 1 1441792 1466368
436 1 1990656 1998848
16 1 1015808 1019904
782 3 638976 786432 786432 1048576 1048576 1126400
200 1 1781760 1789952
272 1 86016 98304
305 1 1966080 1970176
272 1 81920 86016
924 1 1019904 1036288
269 1 212992 217088
530 1 204800 212992
530 1 278528 290816
528 1 1998848 2002944
386 1 32768 49152
530 1 28672 57344
530 1 483328 491520
529 1 536576 561152
529 1 593920 602112
534 1 1105920 1110016
529 1 688128 696320
529 1 798720 802816
529 1 786432 790528
529 1 827392 831488
529 1 1277952 1286144
529 1 1413120 1421312
529 1 1077248 1097728
491 1 327168 364032
491 1 364032 368128
707 1 187904 204288
707 2 257536 262144 262144 290304
796 1 1888256 1892352
804 1 425984 434176
998 1 1720320 1722368
232 1 1302016 1306112
68 1 1966080 1970176
702 1 1105920 1110016
697 1 1310720 1331200
134 1 1779712 1781248
702 1 1118208 1122304
22 1 1908736 1912832
698 1 561152 569344
445 1 1122304 1130496
243 1 1970176 1974272
846 1 1445888 1449984
6 1 483328 487424
922 1 753664 757760
991 1 688128 690176
515 1 928768 929792
16 1 1929216 1945600
614 3 1544704 1572864 1572864 1835008 1835008 2068992
572 2 520192 524288 524288 638976
545 1 679424 683520
363 1 1396224 1400320
898 1 356352 360448
532 1 499200 515584
13 1 655360 720896
467 1 708608 733184
470 1 2084864 2088960
464 1 1441792 1445888
427 1 561152 565248
977 1 1691648 1724416
470 1 2019328 2023424
491 1 368128 392704
140 1 2068480 2072576
140 1 2088960 2097152
141 1 0 4096
615 1 774144 778240
157 1 1064960 1069056
297 1 1921024 1929216
541 1 978944 983040
522 1 1670144 1677312
297 1 1929216 1933312
481 1 667648 675840
528 1 118784 122880
507 1 495104 499200
959 1 1723904 1728000
803 1 155648 188416
964 1 863744 867840
803 1 188416 192512
72 1 1912832 1929216
829 1 655360 659456
564 1 1777664 1781760
989 1 49152 114688
561 3 864768 1048576 1048576 1310720 1310720 1389056
990 1 839680 905216
263 1 110592 118784
983 1 1490944 1536000
881 1 1695744 1720320
35 1 233472 249856
9 1 872448 897024
237 1 1900544 1925120
989 1 1126400 1150976
123 1 524288 655360
155 2 991232 1048576 1048576 1212416
561 3 1389056 1572864 1572864 1835008 1835008 1913344
776 1 1974272 1994752
890 1 1183744 1187840
87 1 204800 208896
958 1 1310720 1314816
203 1 770048 774144
829 1 1445888 1449984
796 1 729088 733184
791 1 483328 487424
870 1 45056 49152
741 1 389120 393216
795 1 552960 561152
797 1 1814528 1818624
795 1 1667072 1671168
870 1 1650688 1654784
895 1 217088 221184
895 1 299008 303104
894 1 1622016 1626112
895 1 548864 552960
895 1 512000 516096
895 1 1433600 1437696
895 1 1101824 1105920
259 1 1355776 1359872
776 2 1556480 1572864 1572864 1703936
780 3 335872 524288 524288 786432 786432 860160
583 1 1138688 1142784
780 3 860160 1048576 1048576 1310720 1310720 1384448
583 1 917504 920576
702 1 1335296 1339392
111 1 105984 110080
13 1 36864 45056
780 1 1884160 2097152
781 1 0 65536
780 3 1384448 1572864 1572864 1835008 1835008 1884160
790 3 196608 262144 262144 524288 524288 643072
717 1 851968 917504
210 1 1474560 1486848
207 2 1785856 1835008 1835008 1867776
75 1 1474560 1478656
129 1 2007040 2011136
157 1 1818624 1822720
337 1 1114112 1138688
418 1 1302016 1306112
302 1 835072 839168
478 2 1011712 1048576 1048576 1060864
679 2 745472 786432 786432 819200
271 1 1114112 1122304
405 1 1900544 1966080
859 1 81920 114688
407 1 1839104 1970176
271 1 1122304 1126400
529 1 1900544 2097152
530 2 0 262144 262144 327680
418 1 1302016 1306112
418 1 1302016 1306112
483 1 327680 331776
351 1 1388544 1454080
59 1 1703936 1720320
981 1 135168 144896
391 1 2093056 2097152
200 1 1777664 1785856
690 1 1732608 1736704
483 1 319488 323584
180 2 1474560 1572864 1572864 1581056
478 1 344064 385024
180 3 425984 524288 524288 786432 786432 950272
203 1 802816 811008
987 1 983040 984064
493 1 937984 1003520
58 1 335872 339968
478 1 385024 393216
625 1 880640 884736
981 1 1966080 1974272
507 1 1855488 1859584
859 1 1359360 1363456
938 1 1093632 1167360
939 2 1388544 1572864 1572864 1617920
900 1 1462272 1478656
529 1 1531904 1540096
529 1 1929216 1933312
529 1 1875968 1880064
529 1 1548288 1556480
530 1 245760 258048
530 1 352256 364544
530 1 4096 8192
668 1 729088 731648
539 1 1712128 1716224
530 1 266240 274432
539 1 1716224 1728512
108 1 2056192 2060288
529 1 1064960 1073152
529 1 606208 610304
529 1 106496 114688
529 1 1748992 1757184
386 1 196608 225280
530 1 118784 131072
529 1 876544 880640
529 1 749568 757760
578 1 1527808 1531904
740 1 1507328 1572864
836 1 569344 573440
836 1 569344 573440
621 1 1040384 1044480
621 1 991232 995328
552 1 143360 147456
986 1 2056192 2097152
987 1 0 208896
545 1 679424 683520
240 1 1286144 1290240
491 1 475136 479232
324 1 1110016 1114112
348 1 360448 364544
491 1 392704 396800
492 1 503808 507904
110 1 1851392 1855488
675 1 1478656 1483264
285 1 651264 659456
285 1 659456 663552
113 1 167424 171520
803 1 2084864 2097152
804 1 0 20480
919 1 1425408 1429504
520 1 331776 335872
867 1 1388544 1392640
271 1 2031616 2035712
202 1 1646592 1650688
520 1 331776 335872
202 1 1650688 1667072
202 1 1667072 1671168
552 1 73728 77824
17 1 1757184 1769472
65 1 655360 696320
260 1 528384 540672
298 1 1789952 1794048
912 1 1228800 1241088
533 1 880640 884736
200 1 1855488 1859584
912 1 1241088 1245184
589 1 684032 688128
0 1 438272 458752
200 1 1851392 1859584
292 1 1839104 1859584
0 1 204800 212992
470 1 2043904 2048000
28 1 274432 323584
406 1 65536 67584
427 1 561152 565248
187 1 1740800 1744896
113 1 1859584 1867776
470 1 1970176 1982464
507 1 282624 286720
187 1 1753088 1761280
325 1 1122304 1126400
607 1 2056192 2060288
449 3 1524224 1572864 1572864 1835008 1835008 2048512
153 1 1077248 1093632
72 1 409600 417792
210 1 880640 888832
20 1 1040384 1044480
200 1 1777664 1781760
200 1 1851392 1855488
782 3 1126400 1310720 1310720 1572864 1572864 1650688
470 1 2072576 2076672
182 1 585728 589824
227 1 2076672 2080256
458 1 1138688 1142784
922 1 704512 708608
951 1 1650688 1662976
32 1 266240 270336
458 1 1081344 1085440
470 1 2048000 2064384
285 1 479232 483328
622 1 1343488 1347584
730 1 1220608 1286144
470 1 1994752 2002944
622 1 1425408 1429504
871 1 585728 589824
897 1 548864 557056
897 1 557056 561152
562 1 98304 253952
233 1 1875968 1876480
942 1 1474560 1478656
562 1 253952 258048
141 1 4096 8192
267 1 184320 192512
564 1 1019904 1020928
522 1 1677312 1690112
114 1 1724416 1728512
4 3 868864 1048576 1048576 1310720 1310720 1393152
267 1 192512 196608
274 1 2093056 2097152
568 1 1781760 1806336
564 1 1020928 1021440
141 1 8192 20480
292 1 1499136 1507328
740 1 1966080 2031616
529 1 122880 131072
386 1 126976 131072
530 1 61440 65536
529 1 1761280 1769472
529 1 1335296 1347584
530 1 237568 241664
529 1 1400832 1404928
529 1 962560 999424
530 1 327680 331776
369 1 1601536 1609728
369 1 1593344 1597440
529 1 1794048 1798144
529 1 860160 864256
369 1 1613824 1622016
528 1 1642496 1646592
534 1 1110016 1114112
534 1 1114112 1134592
213 1 688128 692224
529 1 1970176 1974272
500 1 1966080 1970176
84 1 1171456 1176576
31 1 462848 466432
306 1 1097728 1101824
470 1 2084864 2088960
441 1 1474560 1478656
786 1 1191936 1196032
551 1 1290240 1310720
551 1 1310720 1314816
463 1 1867776 1871872
775 1 1273856 1282048
775 1 1282048 1286144
463 1 1867776 1871872
775 1 1286144 1294336
767 1 1191936 1196032
775 1 1294336 1298432
767 1 1257472 1261568
463 1 1867776 1871872
767 1 1191936 1196032
775 1 1298432 1306624
296 1 1376256 1396736
200 1 1777664 1785856
376 2 778240 786432 786432 806912
334 1 1536000 1544192
761 1 995328 999424
532 1 515584 519680
986 1 1245184 1306624
572 2 1687552 1835008 1835008 2023424
496 1 860160 864256
411 1 49152 53248
986 2 237568 262144 262144 446464
337 1 1138688 1142784
439 1 1155072 1179648
435 1 1114112 1171456
294 1 167936 176128
337 1 1142784 1150976
18 1 1937408 1991168
279 1 1323008 1331200
18 3 1462784 1572864 1572864 1835008 1835008 1933312
486 1 2043392 2050048
279 1 1331200 1335296
18 1 1991168 2097152
19 2 0 262144 262144 418304
264 1 1101824 1105920
529 1 1150976 1155072
529 1 1781760 1785856
369 1 1392640 1396736
529 1 1126400 1130496
530 1 12288 24576
370 1 278528 286720
529 1 135168 184320
386 1 184320 192512
369 1 679936 684032
529 1 2093056 2097152
529 1 888832 901120
369 1 303104 307200
530 1 77824 81920
529 1 299008 303104
369 1 1585152 1589248
534 1 1134592 1138688
529 1 1363968 1368064
529 1 434176 438272
529 1 319488 327680
529 1 573440 589824
180 3 950272 1048576 1048576 1310720 1310720 1474560
156 1 999424 1003520
200 1 1847296 1851392
478 1 393216 397312
651 1 1437696 1445888
806 1 1392640 1400832
900 1 225280 229376
4 1 806912 811008
983 1 1191936 1196032
442 1 1892352 1896448
651 1 1445888 1449984
983 1 1204224 1208320
537 1 491520 495616
287 1 1896448 1904640
99 1 692224 696320
240 1 1290240 1294336
668 1 1761280 1769472
287 1 1904640 1908736
543 1 73728 86016
99 1 761856 765952
609 2 1703936 1835008 1835008 1871872
648 1 131072 172032
466 1 790528 802816
502 1 1138688 1146880
474 1 1400832 1421312
589 1 405504 409600
609 1 1871872 1875968
120 1 2015232 2031616
200 1 1777664 1781760
589 1 651264 655360
333 1 110592 122880
782 3 327680 524288 524288 786432 786432 851968
111 1 110080 114176
782 3 1376256 1572864 1572864 1835008 1835008 1900544
782 1 1900544 2097152
783 2 0 262144 262144 327680
781 1 1900544 2097152
782 2 0 262144 262144 327680
101 1 524288 532480
276 1 200704 204800
422 1 1585152 1589248
741 1 327680 393216
966 1 696320 700416
38 1 1208320 1212416
38 1 2048000 2052096
39 1 729088 733184
859 1 512000 516096
52 1 1925120 1929216
404 1 176128 180224
404 1 188416 192512
261 1 1372160 1376256
404 1 319488 323584
255 1 1064960 1069056
305 1 1544192 1552384
445 1 1126400 1130496
827 1 888832 892928
470 1 2043904 2048000
305 1 1552384 1556480
200 1 1810432 1814528
818 1 107008 108544
592 1 860160 868352
895 1 1466368 1470464
895 1 1662976 1667072
895 1 1839104 1843200
895 1 1929216 1933312
895 1 1941504 1945600
895 1 1978368 1982464
895 1 1998848 2002944
895 1 2007040 2011136
896 1 270336 274432
896 1 282624 286720
896 1 393216 397312
896 1 352256 356352
896 1 557056 561152
896 1 368640 372736
896 1 565248 569344
896 1 589824 593920
896 1 983040 991232
896 1 737280 741376
896 1 1134592 1138688
289 1 1699840 1708032
722 1 434176 438272
187 1 1654784 1658880
187 1 552960 557056
129 1 1064960 1073152
656 1 2035712 2039808
479 1 32768 34304
200 1 1773568 1777664
280 1 0 4096
200 1 1785856 1794048
188 1 557056 561152
289 1 1708032 1712128
522 1 1690112 1691648
173 1 868352 872448
541 1 1048576 1081344
564 1 1021440 1021952
306 1 32768 40960
141 1 20480 24576
522 1 1691648 1693696
221 1 757760 770048
564 1 1021952 1022976
306 1 40960 45056
484 1 52736 192000
7 1 585728 598528
484 1 192000 196096
484 1 196096 200192
7 1 598528 651264
68 1 93696 101888
7 1 1437696 1503232
68 1 335360 351744
68 2 249344 262144 262144 265728
68 1 105984 130560
484 1 200192 204288
484 1 204288 237056
8 1 61440 126976
484 1 237056 241152
82 1 966656 983040
82 1 913408 962560
68 1 93696 101888
68 1 105984 114176
170 1 1761280 1826816
773 1 245760 249344
200 1 1789952 1806336
112 1 1728512 1732608
249 1 565248 569344
136 1 1294336 1298432
249 1 1728512 1732608
249 1 1826816 1830912
136 1 942080 946176
248 1 745472 749568
247 1 1708032 1712128
247 1 864256 868352
249 1 581632 585728
249 1 81920 86016
246 1 1867776 1871872
248 1 704512 712704
249 1 1052672 1056768
152 1 1798144 1802240
249 1 1359872 1363968
246 1 1724416 1728512
249 1 1761280 1765376
249 1 712704 716800
537 1 1445888 1454080
470 1 2064384 2068480
552 1 786432 790528
255 1 450560 462848
668 1 999424 1003520
263 1 118784 122880
126 1 114688 139264
513 1 1138688 1159168
520 1 1236992 1245184
561 1 1913344 2097152
562 1 0 12288
513 1 1179648 1204224
883 2 1277952 1310720 1310720 1343488
340 1 1466368 1490944
123 1 659456 671744
714 1 2064384 2097152
715 1 0 32768
562 2 16384 262144 262144 279040
905 1 2027520 2072576
579 1 1126400 1146880
237 1 1888256 1900544
989 1 1085440 1126400
302 1 1593344 1658880
896 1 1073152 1077248
896 1 966656 970752
896 1 1052672 1060864
896 1 1155072 1159168
896 1 1171456 1175552
896 1 1273856 1277952
896 1 1429504 1433600
896 1 1597440 1601536
896 1 1421312 1425408
896 1 1564672 1568768
896 1 1339392 1343488
896 1 1536000 1540096
896 1 1654784 1658880
896 1 1794048 1798144
896 1 1810432 1814528
896 1 1720320 1724416
896 1 1818624 1822720
896 1 1839104 1843200
896 1 1904640 1908736
896 1 2027520 2031616
473 1 589824 593920
529 1 1425408 1429504
529 1 1470464 1478656
660 1 1511424 1515520
529 1 1843200 1847296
603 1 49152 53248
529 1 2060288 2068480
474 1 671744 675840
474 1 569344 573440
462 1 1421312 1425408
603 1 491520 495616
462 1 1347584 1351680
401 1 1544192 1548288
305 1 770048 778240
180 1 1138688 1142784
603 1 958464 962560
165 1 286720 290816
165 1 577536 581632
165 1 692224 696320
165 1 520192 524288
101 1 434176 438272
922 1 1933312 1934848
0 1 479232 483328
600 1 1495040 1499136
2 1 311296 319488
802 1 512000 516096
517 1 806912 811008
783 2 851968 1048576 1048576 1245184
183 1 1638400 1642496
517 1 958464 962560
274 1 1097728 1105920
575 1 1634304 1638400
134 1 1257472 1261568
2 1 389120 397312
578 1 1634304 1638400
517 1 655360 659456
315 1 1716224 1720320
0 1 462848 466944
519 1 90112 94208
14 1 2043904 2048000
233 1 1957888 1961984
233 1 1908736 1912832
39 1 897024 917504
254 1 1654784 1662976
302 1 114688 122880
6 1 548864 552960
254 1 1662976 1667072
302 1 122880 126976
614 1 2068992 2097152
615 2 0 262144 262144 496128
515 1 929280 983040
680 1 405504 409600
6 1 487424 491520
379 1 1331200 1335296
203 1 729088 733184
10 1 65536 69632
615 3 496128 524288 524288 786432 786432 1020416
251 1 1515520 1531904
16 1 1945600 1966080
782 2 1650688 1835008 1835008 1916928
197 1 1179648 1183744
782 1 1916928 2097152
783 1 0 77824
269 1 212992 217088
309 1 61440 65536
292 1 1507328 1511424
741 1 917504 983040
467 1 733184 741376
307 1 397312 401408
712 1 368640 372736
36 1 1617920 1634304
464 1 1445888 1449984
981 1 1970176 1974272
305 1 1966080 1970176
470 1 1978368 1986560
485 1 1941504 1961984
427 1 561152 565248
470 1 2019328 2023424
429 1 2011136 2019328
355 1 69632 90112
449 1 2048512 2097152
450 2 0 262144 262144 475648
304 1 1941504 1949696
782 3 851968 1048576 1048576 1310720 1310720 1376256
520 1 606208 610304
111 1 114176 118272
634 1 868352 872448
309 1 303104 307200
520 1 454656 458752
634 1 835584 839680
13 1 45056 49152
634 1 884736 888832
519 1 258048 262144
520 1 757760 761856
109 1 733184 737280
634 1 851968 856064
634 1 905216 909312
783 3 327680 524288 524288 786432 786432 851968
520 1 372736 376832
636 1 45056 49152
635 1 1990656 1994752
635 1 1839104 1843200
636 1 1273856 1277952
482 1 77824 86016
210 1 798720 815104
203 1 794624 802816
200 1 1781760 1794048
212 1 352256 372736
470 1 2007040 2011136
99 1 765952 770048
543 1 319488 339968
668 1 1765376 1769472
184 1 1847296 1855488
562 1 1286144 1290240
470 1 2072576 2076672
177 1 540672 565248
369 1 1486848 1490944
63 1 184320 192512
401 1 1712128 1716224
200 1 1781760 1785856
389 1 835584 839680
389 1 745472 757760
203 1 741376 749568
871 1 671744 675840
63 1 176128 180224
456 1 1892352 1896448
404 1 307200 311296
404 1 352256 356352
404 1 339968 344064
631 1 8192 12288
43 1 610304 614400
147 1 684032 688128
157 1 1204224 1208320
159 1 1544192 1548288
157 1 1155072 1163264
265 1 159744 163840
159 1 1826816 1835008
160 1 1310720 1314816
161 1 131072 135168
292 1 1953792 1957888
292 1 1966080 1970176
38 1 1708032 1712128
38 1 1695744 1699840
140 1 2072576 2076672
541 1 1081344 1085440
297 1 126976 135168
251 1 520192 524288
4 2 1393152 1572864 1572864 1654784
564 1 1022976 1023488
141 1 159744 172032
912 1 208896 212992
4 2 1658880 1835008 1835008 1921536
297 1 135168 139264
522 1 1693696 1755136
251 1 1179648 1191936
492 1 950272 954368
568 1 1781760 1785856
118 2 1626624 1835008 1835008 1998848
134 1 1769472 1835008
167 2 245760 262144 262144 332288
200 1 1794048 1802240
41 1 2023424 2027520
167 2 332288 524288 524288 573440
200 1 1863680 1867776
168 2 253952 262144 262144 340480
192 1 572928 589312
168 1 57344 253952
200 1 1798144 1802240
779 1 552448 556544
41 1 2023424 2027520
464 1 1441792 1445888
843 1 2015232 2019328
848 1 258048 262144
105 2 778240 786432 786432 794624
67 1 1056768 1077248
32 2 520192 524288 524288 528384
894 1 45056 65536
13 1 479232 487424
203 1 1273856 1277952
204 1 634880 638976
203 1 1249280 1253376
833 1 1650688 1654784
156 1 1708032 1712128
737 1 540672 548864
568 1 2015232 2019328
163 1 1802240 1806336
648 1 462848 499712
477 1 987136 991232
165 1 901120 905216
88 1 716800 720896
90 1 86016 94208
462 1 589824 593920
86 1 1273856 1277952
833 1 724992 729088
88 1 1536000 1540096
604 1 1503232 1507328
83 1 57344 61440
86 1 1662976 1667072
88 1 1572864 1576960
835 1 466944 471040
534 1 1138688 1146880
620 1 221184 225280
605 1 12288 16384
604 1 1671168 1675264
465 1 1470464 1474560
898 1 360448 368640
630 1 1629696 1633792
321 1 151552 229376
898 1 368640 372736
887 1 1458176 1470464
836 1 569344 573440
836 1 569344 577536
683 1 1794048 1814528
836 1 573440 577536
836 1 573440 577536
200 1 1773568 1777664
817 1 753664 765952
640 1 1392640 1396736
919 1 1437696 1441792
66 1 1544192 1548288
12 1 815104 819200
66 1 1613824 1617920
151 1 1200128 1220608
151 1 1220608 1224704
640 1 1392640 1404928
640 1 1400832 1404928
485 1 1380352 1413120
640 1 1400832 1413120
640 1 1409024 1413120
640 1 1409024 1417216
637 1 741376 745472
638 1 36864 40960
637 1 892928 897024
637 1 1335296 1339392
725 1 155648 159744
637 1 589824 593920
724 1 1409024 1413120
638 1 491520 495616
725 1 819200 823296
727 1 319488 323584
819 1 823296 827392
726 1 1732608 1736704
111 1 118272 122368
725 1 1269760 1273856
177 1 1552384 1556480
579 1 65536 81920
445 1 1126400 1130496
818 1 108032 109056
485 1 1347584 1351680
254 1 1093632 1101824
200 1 1847296 1851392
279 1 1830912 1835008
673 1 1994752 1996800
219 1 1011712 1019904
513 1 73728 75776
210 1 1015808 1028096
850 1 126976 131072
524 1 1609728 1613824
103 1 1273856 1277952
273 1 1249280 1261568
439 1 1556480 1560576
470 1 1462272 1470464
956 1 290816 380928
956 1 380928 385024
203 1 729088 733184
251 1 782336 786432
251 1 1179648 1196032
337 1 1150976 1155072
127 1 708608 712704
600 1 1282048 1290240
294 1 176128 180224
914 1 1757184 1761280
137 1 1466368 1470464
856 1 1843200 1851392
87 1 372736 471040
137 1 1474560 1478656
87 1 471040 475136
891 1 835584 839680
141 1 172032 176128
78 1 1323008 1327104
75 1 532480 536576
203 1 729088 733184
968 1 1470464 1474560
205 1 1871872 1875968
624 1 884736 888832
522 1 1755136 1789952
856 1 675840 679936
657 1 933888 942080
330 1 544768 548864
726 1 1302528 1306624
585 1 413696 417792
114 1 1691648 1695744
123 1 667648 671744
44 1 303104 307200
123 1 647168 651264
280 1 790528 794624
613 1 1703936 1708032
609 1 237568 241664
386 1 229376 233472
529 1 724992 729088
609 1 114688 118784
529 1 741376 745472
529 1 1867776 1871872
529 1 655360 659456
529 1 2035712 2039808
529 1 2084864 2088960
529 1 765952 774144
609 1 376832 380928
609 1 671744 675840
59 1 2002944 2007040
609 1 249856 253952
90 1 2056192 2060288
114 1 1572864 1581056
193 1 1445888 1449984
530 1 192512 196608
896 1 1990656 1994752
896 1 2056192 2060288
897 1 110592 114688
897 1 159744 163840
897 1 282624 286720
896 1 2080768 2088960
897 1 196608 200704
897 1 245760 249856
897 1 348160 352256
426 1 839680 872448
897 1 557056 561152
897 1 651264 655360
897 1 569344 573440
897 1 360448 364544
897 1 692224 696320
897 1 598016 602112
897 1 716800 724992
897 1 704512 708608
897 1 811008 815104
897 1 782336 786432
764 1 2052096 2052608
476 1 212992 253952
797 1 1417216 1451008
741 1 1310720 1376256
912 1 541184 541696
149 1 532480 536576
187 1 1728512 1732608
322 1 573440 589824
200 1 1855488 1859584
841 1 1060864 1077248
322 2 520192 524288 524288 569344
841 1 1327104 1359872
304 1 1949696 1953792
450 2 475648 524288 524288 569344
712 1 2064384 2072576
578 1 1736704 1744896
236 2 1785856 1835008 1835008 1884160
355 1 90112 102400
436 1 790528 794624
436 1 790528 794624
608 1 1110016 1114112
608 1 942080 950272
608 1 864256 884736
19 3 418304 524288 524288 786432 786432 942592
836 1 573440 585728
213 1 577536 589824
609 1 1556480 1560576
631 1 2084864 2088960
99 2 770048 786432 786432 802816
8 1 1523712 1527808
429 1 2084864 2088960
530 1 651264 655360
60 1 278528 282624
530 1 503808 507904
529 1 528384 532480
529 1 208896 212992
369 1 1191936 1200128
530 1 524288 528384
369 1 1384448 1388544
87 1 794624 798720
589 1 1798144 1802240
589 1 1949696 1953792
529 1 679936 684032
87 1 1224704 1228800
953 1 49152 53248
529 1 1638400 1642496
590 1 4096 8192
818 1 1163264 1167360
953 1 806912 811008
529 1 925696 929792
308 1 1581056 1581568
30 1 1875968 1892352
685 1 527872 531968
308 1 1581568 1586688
20 1 417792 421888
308 1 1586688 1589248
427 1 561152 565248
651 1 1794048 1802240
470 1 2084864 2093056
981 1 1970176 1974272
780 1 1982464 1986560
378 1 1699840 1703936
360 1 1249280 1250816
470 1 2048000 2052096
780 1 393216 417792
897 1 802816 806912
897 1 860160 868352
897 1 880640 884736
897 1 872448 876544
897 1 929792 933888
897 1 983040 987136
897 1 1298432 1302528
897 1 1056768 1060864
897 1 1544192 1548288
897 1 1400832 1409024
897 1 1581056 1585152
900 1 1486848 1490944
897 1 1277952 1282048
897 1 1417216 1421312
900 1 1921024 1933312
900 1 1908736 1912832
900 1 1994752 1998848
900 1 1937408 1941504
900 1 1986560 1990656
8 1 483328 487424
41 1 720896 737280
8 1 417792 430080
607 1 1785856 1789952
249 1 1310720 1327104
53 1 1478656 1482752
200 1 1777664 1789952
47 1 757760 761856
53 1 1482752 1486848
255 1 1400832 1403392
53 1 1478656 1482752
47 1 757760 761856
41 1 737280 757760
8 1 491520 499712
53 1 1482752 1486848
321 1 1626112 1630208
156 1 1740800 1748992
156 1 2035712 2039808
156 1 2043904 2048000
143 1 1085440 1089536
454 1 1282048 1286656
60 1 417792 430080
157 1 200704 204800
200 1 1855488 1867776
156 1 2068480 2076672
381 1 282624 319488
93 1 102400 131072
93 1 196608 249856
641 1 1937408 1939456
918 1 376832 377856
366 1 917504 921600
894 3 1507328 1572864 1572864 1835008 1835008 1961984
116 1 937984 942080
653 1 2088960 2097152
654 1 0 16384
951 1 1888256 1953792
155 1 1372160 1433600
60 1 548864 552960
562 1 344576 425984
983 1 1536000 1544192
60 1 544768 548864
405 1 1875968 1880064
562 1 950272 978944
649 2 520192 524288 524288 536576
9 1 831488 872448
923 1 1998848 2052096
924 1 303104 352256
436 1 1597440 1662976
649 2 192512 262144 262144 516096
126 1 73728 86016
562 3 425984 524288 524288 786432 786432 840192
212 1 1892352 1896448
207 2 1785856 1835008 1835008 1867776
215 1 274432 282624
321 1 229376 233472
216 2 794624 1048576 1048576 1310720
346 1 155648 163840
684 1 2093056 2097152
685 1 851968 856064
685 1 65536 217088
706 1 155648 159744
206 1 1679360 1683456
685 2 503808 524288 524288 565248
521 1 1437696 1458176
232 1 1601536 1605632
585 1 765952 770048
395 1 614400 622592
200 1 1847296 1851392
203 1 811008 815104
735 1 794624 798720
722 1 999424 1007616
311 1 1318912 1323008
327 1 380928 385024
27 1 1335296 1339392
203 1 745472 749568
393 1 1798144 1802240
597 1 1888256 1892352
394 1 1003520 1007616
456 1 1892352 1896448
775 1 1306624 1310720
204 1 131072 135168
204 1 1560576 1564672
767 1 1257472 1261568
127 1 577536 581632
127 1 598016 606208
132 1 266240 270336
365 2 434176 524288 524288 581632
463 1 1867776 1871872
775 1 1310720 1318912
885 2 348160 524288 524288 643072
767 1 1191936 1204224
775 1 1318912 1323008
463 1 1867776 1871872
309 1 1331200 1339392
472 1 1625600 1637888
472 1 1543680 1547776
470 1 1978368 1982464
464 1 1445888 1449984
254 1 1101824 1105920
249 1 1957888 1966080
205 1 888832 890880
308 1 1433600 1437696
370 1 1884160 1892352
270 1 57344 60928
200 1 1843200 1859584
68 1 499200 515584
68 1 458240 474624
171 1 1699840 1765376
484 2 241152 262144 262144 265728
190 2 229376 262144 262144 294912
484 1 265728 269824
191 1 626688 692224
206 1 1032192 1036288
212 1 1970176 1990656
191 1 1675264 1688064
203 1 729088 737280
191 1 1688064 1740800
823 1 1445888 1478656
193 1 1744896 1810432
203 1 729088 733184
288 1 294912 360448
19 1 942592 970752
541 1 1085440 1093632
913 1 1196032 1200128
123 1 675840 679936
20 1 462848 475136
203 1 729088 733184
846 1 393216 397312
389 1 364544 372736
123 1 688128 696320
738 1 1245184 1249280
213 1 1900544 1904640
522 1 1789952 1794048
353 1 737280 741376
123 1 700416 704512
389 1 487424 491520
353 1 405504 409600
221 1 1273856 1277952
966 1 176128 180224
333 1 753664 757760
576 1 0 4096
311 1 921600 929792
530 1 69632 73728
530 1 561152 565248
530 1 393216 397312
530 1 638976 643072
530 1 425984 458752
957 1 1679360 1683456
953 1 823296 827392
161 1 675840 684032
957 1 983040 995328
648 1 499712 503808
534 1 1146880 1150976
529 1 253952 258048
529 1 835584 839680
530 1 606208 610304
530 1 622592 626688
529 1 225280 249856
529 1 262144 290816
529 1 454656 458752
520 1 1843200 1847296
479 3 442368 524288 524288 786432 786432 807424
40 1 614400 618496
438 1 1937408 1941504
74 1 1290240 1310720
305 1 1966080 1970176
305 1 1961984 1966080
309 1 1478656 1486848
304 1 655360 663552
309 1 1486848 1490944
304 1 663552 667648
74 1 1421312 1433600
97 1 1781760 1785856
277 1 733184 737280
318 1 1981952 2010624
872 1 1449472 1482240
872 1 1482240 1486336
543 1 577536 581632
589 1 53248 57344
523 1 1843200 1847296
79 1 1196032 1302528
79 1 1302528 1306624
191 2 1564672 1572864 1572864 1576960
48 1 815104 819200
6 1 524288 528384
10 1 69632 73728
244 1 1093632 1110016
615 3 1020416 1048576 1048576 1310720 1310720 1544704
99 1 802816 806912
641 1 167936 176128
637 1 106496 110592
604 1 1417216 1421312
479 1 16384 32768
862 1 2064384 2097152
863 1 0 32768
533 2 1286144 1310720 1310720 1544192
302 1 835072 839168
302 1 835072 839168
569 1 1417216 1449984
305 1 933888 937984
864 1 2068480 2097152
865 1 0 36864
865 1 233472 258048
305 1 929792 933888
539 1 1171456 1175552
418 1 1134592 1142784
39 1 307200 319488
235 1 987136 991232
408 1 69632 73728
476 2 253952 262144 262144 356352
260 1 617984 626176
491 1 396800 404992
550 1 286720 290816
550 1 36864 45056
594 1 1003520 1007616
199 1 2060288 2064384
305 1 1966080 1970176
724 1 880640 897024
479 1 1163264 1167360
19 1 1507328 1564672
206 1 2039808 2043904
41 1 708608 712704
685 2 217088 262144 262144 499712
526 1 212992 225280
749 1 1675264 1679360
527 1 585728 589824
352 1 1122304 1126400
202 1 1634304 1638400
317 1 499712 503808
324 1 360448 364544
443 1 487424 491520
243 1 1642496 1650688
644 1 1744896 1748992
947 1 1040384 1044480
23 1 937984 942080
324 1 643072 647168
124 1 647168 651264
381 1 983040 987136
947 1 1056768 1069056
124 1 843776 847872
141 1 176128 188416
12 1 483328 491520
470 1 1998848 2015232
22 1 1835008 1855488
260 1 598016 606208
260 1 606208 610304
565 2 1043968 1048576 1048576 1072640
565 1 1072640 1076736
22 1 1855488 1867776
692 1 1757184 1761280
529 1 151552 155648
417 1 798720 819200
642 1 1421312 1425408
503 1 806912 811008
642 1 1454080 1458176
503 1 831488 839680
443 1 851968 856064
203 1 839680 851968
443 1 856064 868352
900 1 2011136 2015232
900 1 2019328 2023424
900 1 2076672 2080768
901 1 131072 135168
953 1 651264 655360
948 1 1642496 1646592
947 1 946176 950272
947 1 716800 720896
901 1 253952 258048
948 1 921600 925696
953 1 1257472 1261568
990 1 290816 294912
997 1 0 4096
997 1 335872 339968
990 1 1478656 1482752
959 1 1413120 1417216
990 1 573440 577536
997 1 196608 200704
997 1 303104 307200
997 1 356352 360448
289 1 2019328 2027520
250 1 131072 143360
289 1 2027520 2031616
818 1 108544 109568
445 1 1126400 1130496
306 1 1359872 1363968
77 2 524288 786432 786432 917504
285 1 1613824 1617920
453 1 1376256 1377792
104 1 86016 87552
738 1 1769472 1769984
764 1 987136 987648
761 1 802816 806912
764 1 1060864 1061376
766 1 53248 54272
766 1 61440 65536
772 1 364544 368640
772 1 372736 376832
773 1 2056192 2057216
772 1 585728 589824
761 1 1069056 1073152
744 1 110592 122880
791 1 69632 70144
782 1 1486848 1490944
781 1 1683456 1687552
491 1 404992 409088
772 1 380928 385024
766 1 446464 450560
775 1 1593344 1597440
168 1 340480 385024
168 1 385024 516096
200 1 1863680 1871872
887 1 1662976 1667072
113 3 197120 262144 262144 524288 524288 721408
192 1 589312 605696
163 3 1257472 1310720 1310720 1572864 1572864 1606144
619 1 1926144 1937408
846 1 1716224 1720320
520 1 1929216 1933312
118 1 1851392 1867776
866 1 622592 638976
200 1 1802240 1806336
163 1 1606144 1650688
741 1 1966080 2031616
742 1 262144 327680
742 1 655360 720896
841 2 1007616 1048576 1048576 1056768
841 1 1515520 1564672
841 2 1568768 1572864 1572864 1622016
360 2 1540096 1572864 1572864 1601536
481 1 442368 446464
783 3 77824 262144 262144 524288 524288 602112
511 1 1695744 1699840
360 1 1601536 1605632
200 1 1789952 1794048
203 1 729088 741376
451 1 1789952 1791488
406 1 1388544 1392640
558 1 1179648 1183744
558 1 1187840 1191936
558 1 958464 966656
328 1 73728 90112
203 1 794624 802816
836 1 577536 581632
836 1 577536 581632
836 1 577536 581632
487 1 589824 593920
360 1 1250816 1254912
359 1 1662976 1687552
781 1 180224 184320
340 1 1843200 1844736
360 1 1254912 1257472
685 1 527872 531968
359 1 1687552 1691648
340 1 1844736 1847296
360 1 1359872 1361408
427 1 561152 565248
360 1 1400832 1402368
360 1 1361408 1363968
470 1 2023424 2027520
360 1 1441792 1443328
360 1 1402368 1409024
360 1 1443328 1447424
203 1 729088 737280
211 1 1601536 1617920
307 1 831488 835584
306 1 1310720 1311232
306 1 1311232 1311744
306 1 1311744 1315840
306 1 1315840 1319936
305 1 1966080 1970176
307 1 835584 836096
52 1 2039808 2043904
305 1 1970176 1974272
307 1 847872 851968
307 1 839680 843776
305 1 1966080 1970176
292 1 171520 175616
307 1 835584 836096
305 1 1970176 1974272
177 1 1458176 1461248
809 1 749568 757760
317 1 937984 942080
317 1 933888 937984
997 1 532480 536576
997 1 548864 552960
997 1 626688 630784
997 1 618496 622592
997 1 651264 655360
997 1 659456 663552
997 1 679936 684032
244 1 1523712 1544192
997 1 688128 692224
997 1 1048576 1052672
997 1 1015808 1019904
997 1 1261568 1265664
997 1 1241088 1245184
997 1 1323008 1327104
997 1 983040 987136
997 1 1286144 1290240
997 1 1339392 1343488
997 1 1773568 1777664
22 1 106496 110592
997 1 1941504 1945600
177 1 540672 544768
432 1 249856 253952
489 1 286720 335872
824 1 1585152 1593344
124 1 1306624 1310720
210 1 1028096 1044480
439 1 1232896 1236992
363 1 1277952 1278464
541 1 1093632 1097728
263 1 1241088 1245184
532 1 28672 32768
200 1 1863680 1871872
522 2 1798144 1835008 1835008 1859584
4 1 1921536 2097152
5 2 0 262144 262144 348672
246 1 1966080 1970176
246 1 1777664 1781760
248 1 937984 942080
136 1 1376256 1380352
247 1 516096 520192
247 1 843776 847872
142 1 94208 98304
247 1 221184 225280
247 1 548864 552960
247 1 266240 270336
247 1 1916928 1921024
247 1 745472 749568
203 1 753664 761856
407 1 954368 956416
28 1 1024000 1026048
200 1 1855488 1867776
290 1 1478656 1481728
891 1 1855488 1859584
311 1 929792 933888
621 1 1187840 1191936
898 1 372736 380928
521 1 1458176 1462272
25 1 970752 978944
538 1 856064 860160
673 1 397312 401408
665 1 1122304 1126400
520 1 1839104 1843200
520 1 1843200 1847296
665 1 1179648 1183744
911 1 1966592 2097152
912 2 0 262144 262144 393728
200 1 1781760 1785856
981 1 143360 151040
200 1 1847296 1855488
203 1 811008 819200
806 1 1396736 1404928
914 1 536576 540672
478 1 397312 405504
4 1 741376 745472
200 1 1785856 1789952
478 1 405504 409600
391 1 1880064 1884160
200 1 1851392 1859584
73 1 2076160 2080256
70 1 1891840 1895936
77 1 1641984 1646080
391 1 2093056 2097152
203 1 749568 753664
778 1 1441792 1507328
488 1 1069056 1073152
778 3 1507328 1572864 1572864 1835008 1835008 2031616
19 3 970752 1048576 1048576 1310720 1310720 1409536
19 1 1409536 1507328
268 1 737280 770048
111 1 1302528 1306624
268 1 770048 774144
515 1 980480 981504
615 3 1544704 1572864 1572864 1835008 1835008 2068992
6 1 552960 557056
260 1 360448 380928
200 1 1777664 1785856
515 1 393216 397312
500 1 1130496 1135104
615 1 2068992 2097152
616 1 0 61952
515 1 417792 421888
515 1 980992 982016
325 1 786432 787968
73 1 1568768 1569792
479 1 1171456 1172992
200 1 1843200 1851392
210 1 815104 835584
219 1 319488 323584
280 1 1245184 1249280
161 1 143360 147456
292 1 73728 77824
833 1 1527808 1531904
302 1 749568 757760
302 1 757760 761856
434 1 626688 630784
323 1 995328 1048576
15 1 983040 991232
15 1 991232 995328
74 1 1544192 1564672
782 1 1421312 1425408
766 1 45056 46080
746 1 1527808 1531904
763 1 1486848 1490944
707 1 355840 359936
763 1 1179648 1184768
707 1 359936 372224
764 1 1003520 1007616
724 1 86016 90112
743 1 2023424 2027520
757 1 737280 741376
794 1 1425408 1429504
724 1 327680 331776
303 1 1605632 1609728
800 2 1499136 1572864 1572864 1691648
575 1 1519616 1536000
742 1 1048576 1114112
873 1 1667072 1671168
844 1 1282048 1286144
742 1 1441792 1507328
364 1 315392 339968
200 1 1777664 1781760
470 1 1966080 1970176
99 1 806912 815104
359 1 204800 262144
200 1 1875968 1884160
470 1 2043904 2048000
491 1 1372160 1376256
129 1 1388032 1392128
543 1 1462272 1463808
806 1 1761280 1765376
51 1 704512 708608
364 1 32256 40448
141 1 188416 192512
263 1 1638400 1650688
34 1 1495040 1499136
125 1 1503232 1507328
112 1 1667072 1671168
22 1 737280 741376
997 1 1560576 1564672
997 1 1961984 1966080
22 1 794624 798720
28 1 1679360 1683456
30 1 86016 90112
28 1 155648 159744
29 1 925696 929792
28 1 499712 503808
30 1 32768 36864
30 1 98304 102400
36 1 806912 811008
36 1 1306624 1310720
36 1 1286144 1290240
45 1 1437696 1441792
45 1 1069056 1073152
46 1 1929216 1933312
50 1 974848 978944
50 1 1163264 1167360
14 1 2039808 2043904
166 1 905216 933888
818 1 1220608 1228800
166 1 933888 937984
233 1 1875968 1876480
14 1 2043904 2048000
32 1 1720320 1724416
487 1 1445888 1449472
517 1 1222656 1224704
517 1 1224704 1225216
456 1 835584 847872
212 1 790528 794624
448 1 626688 627712
949 1 1568256 1572352
712 1 131072 147456
213 1 884736 901120
710 1 1155072 1159168
710 1 1159168 1171456
712 1 135168 147456
712 1 131072 135168
712 1 868352 872448
712 1 872448 884736
712 1 131072 135168
712 1 135168 147456
672 1 221184 229376
843 1 1052672 1056768
844 1 1933312 1937408
843 1 1441792 1445888
920 1 839680 843776
935 1 851968 856064
935 1 688128 692224
935 1 1683456 1687552
37 1 1900544 1904640
34 1 1998848 2002944
537 1 589824 593920
241 1 1302528 1306624
537 1 651264 655360
241 1 1331200 1335296
360 1 1447424 1455616
360 1 1455616 1458176
360 1 1560576 1562112
733 1 937984 958464
360 1 1562112 1566208
347 1 917504 983040
427 1 561152 565248
733 1 958464 962560
470 1 2088960 2093056
305 1 1970176 1974272
685 1 527872 531968
538 1 1695744 1700352
401 1 311296 327680
72 1 1675264 1679360
898 1 380928 385024
547 1 1146880 1183744
203 1 729088 737280
72 1 1605632 1609728
482 1 552960 557056
200 1 1843200 1855488
491 1 409088 437760
491 1 437760 441856
668 1 1765376 1769472
470 1 1957888 1961984
604 1 1703936 1708032
40 1 483328 487424
99 1 815104 819200
793 1 716800 720896
793 1 1703936 1740800
809 1 847872 897024
836 1 577536 585728
639 1 262144 327680
836 1 581632 585728
996 1 593920 618496
203 1 729088 733184
56 1 483328 487424
203 1 720896 724992
836 1 581632 585728
56 1 409600 413696
665 1 1167360 1171456
538 1 860160 868352
479 3 872960 1048576 1048576 1310720 1310720 1397248
747 1 593920 598016
456 1 835584 839680
280 1 1335296 1359872
953 1 1916928 1925120
538 1 868352 872448
526 1 1064960 1069056
763 1 2072576 2076672
411 1 1593344 1601536
468 1 1761280 1765376
442 1 1761280 1765376
431 1 647168 651264
425 1 1417216 1421312
456 1 290816 294912
417 1 1302528 1306624
46 1 1605632 1740800
418 1 1302016 1306112
302 1 835072 839168
46 1 1740800 1744896
418 1 1302016 1306112
302 1 835072 839168
832 1 12288 20480
553 1 987136 991232
200 1 1855488 1863680
783 3 602112 786432 786432 1048576 1048576 1126400
203 1 741376 778240
741 1 991232 995328
51 1 708608 712704
464 1 1441792 1445888
425 1 1113600 1117696
200 1 1814528 1822720
964 1 482816 486912
967 1 843264 847360
425 1 1117696 1129984
767 1 1179136 1187328
767 1 1187328 1228288
93 1 274432 278528
134 1 1780736 1781760
964 2 486912 524288 524288 531968
65 1 696320 700416
212 1 290816 307200
203 1 794624 802816
884 1 389120 393216
393 1 1798144 1802240
212 1 307200 327680
203 1 733184 741376
75 1 614400 618496
295 1 2007040 2015232
288 1 638976 651264
288 1 651264 655360
487 1 589824 593920
288 1 655360 667648
288 1 667648 671744
66 1 520192 524288
271 1 1191936 1200128
141 1 192512 204800
522 1 1859584 1872384
241 1 1273856 1277952
934 1 187904 192000
442 1 348160 352256
633 1 761344 765440
634 1 654848 658944
949 1 700416 704512
32 1 2027520 2031616
940 1 901120 905216
541 1 1097728 1105920
50 1 1044480 1048576
50 1 2088960 2093056
50 1 1482752 1486848
55 1 90112 94208
50 1 1548288 1552384
55 1 1126400 1130496
888 1 180224 184320
888 1 204800 208896
888 2 258048 262144 262144 266240
888 1 446464 450560
888 1 479232 483328
888 1 294912 299008
888 1 835584 839680
888 1 888832 892928
888 1 897024 901120
888 1 860160 864256
888 1 905216 909312
888 1 958464 962560
888 1 966656 970752
945 1 2043904 2048000
289 1 360448 373760
203 1 720896 724992
33 1 339968 344064
212 1 1990656 2002944
820 1 1265152 1273344
817 1 1368064 1372160
390 1 347648 351744
484 1 269824 282112
484 1 282112 286208
68 1 568832 572928
68 1 953856 966144
401 1 2031616 2056192
482 1 581632 610304
129 1 618496 651264
717 1 1114112 1142784
704 3 405504 524288 524288 786432 786432 921600
725 1 1716224 1720320
200 1 1843200 1847296
200 1 1777664 1781760
334 1 1540096 1544192
200 1 1843200 1847296
56 1 417792 421888
79 1 188416 196608
302 1 520192 524288
251 2 1044480 1048576 1048576 1064960
250 1 651264 659456
203 1 794624 802816
250 1 659456 663552
200 1 1769472 1773568
470 1 2031616 2035712
235 1 1609728 1613824
359 1 327680 335872
50 1 1601536 1606656
264 1 1548288 1552384
520 1 1183744 1216512
75 1 835584 851968
922 1 765952 770048
922 1 704512 708608
6 1 487424 491520
251 1 1531904 1544192
515 1 981504 983040
775 1 1323008 1331200
775 1 1331200 1335296
463 1 1867776 1871872
509 1 1806336 1810432
775 1 1335296 1343488
16 1 888832 905216
858 1 606208 610304
309 1 1339392 1343488
775 1 1343488 1347584
16 1 905216 909312
463 1 1867776 1871872
853 1 331776 344064
775 1 1347584 1355776
184 1 1884160 1888256
775 1 1355776 1359872
463 1 1867776 1871872
935 1 1691648 1699840
877 1 991232 995328
976 1 610304 614400
976 1 770048 778240
976 1 1036288 1040384
779 3 458752 524288 524288 786432 786432 983040
779 3 983040 1048576 1048576 1310720 1310720 1507328
778 1 2031616 2097152
779 2 0 262144 262144 458752
787 1 327680 524288
779 3 1507328 1572864 1572864 1835008 1835008 2031616
717 2 983040 1048576 1048576 1114112
779 1 2031616 2097152
780 2 0 262144 262144 335872
717 1 1179648 1245184
2 1 823296 823808
266 1 208896 217088
781 2 655360 786432 786432 851968
97 1 1777664 1781760
266 1 217088 221184
672 1 45056 49152
654 1 1417216 1421312
299 1 294912 296960
726 1 1101824 1105920
203 1 798720 802816
203 1 733184 737280
663 1 974848 978944
529 1 151552 155648
277 1 962560 966656
887 1 1769472 1785856
305 1 1081344 1089536
305 1 1089536 1093632
887 1 1785856 1789952
86 1 1544192 1564672
52 1 614400 618496
965 1 507904 512000
828 1 434176 438272
968 1 184320 192512
425 1 1129984 1142272
366 1 2027520 2031616
964 1 531968 572928
767 1 1228288 1273344
445 1 1126400 1130496
269 1 1003520 1007616
99 1 1339392 1343488
23 1 331776 335872
328 1 262144 278528
794 1 1343488 1344512
291 1 577024 609792
291 1 609792 613888
471 1 892928 897024
803 1 1314816 1327104
210 1 1863680 1884160
484 1 690688 691712
803 1 1327104 1331200
484 1 691712 699392
280 1 1175552 1179648
750 1 749568 753664
203 1 729088 765952
200 1 1777664 1794048
428 2 1265664 1310720 1310720 1331200
742 1 1835008 1900544
364 1 339968 344064
743 1 131072 196608
743 1 524288 589824
743 1 917504 983040
200 1 1769472 1773568
888 1 1232896 1236992
888 1 987136 995328
888 1 1269760 1273856
888 1 1347584 1351680
888 1 1339392 1343488
888 1 1355776 1359872
888 1 1613824 1617920
888 1 1519616 1523712
888 1 1679360 1683456
888 1 1433600 1437696
888 1 1785856 1789952
888 1 1622016 1626112
888 1 1998848 2002944
888 1 1794048 1802240
888 1 2043904 2052096
889 1 1101824 1110016
889 1 798720 802816
888 1 2007040 2011136
520 1 1839104 1843200
280 1 1359872 1363968
526 1 1085440 1097728
479 1 1397248 1425408
715 1 454656 458752
713 1 237568 241664
912 3 393728 524288 524288 786432 786432 918016
538 1 872448 876544
179 1 1388544 1392640
200 1 1867776 1875968
163 2 1650688 1835008 1835008 2043904
43 1 1536000 1540096
200 1 1806336 1814528
164 1 36864 123392
200 1 1875968 1880064
295 1 245760 253952
43 1 1536000 1540096
295 1 253952 258048
959 1 1667072 1675264
200 1 1810432 1814528
309 1 487424 503808
164 3 123392 262144 262144 524288 524288 626688
309 1 589824 593920
887 1 1662976 1667072
164 1 888832 909824
846 1 1716224 1720320
458 1 1130496 1138688
458 1 1085440 1089536
93 1 0 4096
604 1 1708032 1769472
200 1 1777664 1781760
82 1 507904 508928
40 1 417792 421888
668 1 1765376 1769472
99 1 819200 827392
560 1 65536 131072
360 1 1974272 1974784
467 1 741376 749568
305 1 1966080 1970176
427 1 561152 565248
464 1 1441792 1445888
470 1 2023424 2027520
203 1 733184 741376
361 1 598016 602112
361 1 606208 610304
360 1 1978368 1982464
810 1 1409024 1413120
94 1 1716224 1720320
685 1 527872 531968
94 1 1724416 1728512
810 1 745472 753664
218 1 1908736 1912832
427 1 561152 565248
716 2 1699840 1835008 1835008 2097152
717 1 0 86016
203 1 798720 802816
761 1 1015808 1040384
547 1 1183744 1187840
898 1 385024 417792
259 1 1769472 1785856
375 1 749568 753664
178 1 2056192 2060288
836 1 581632 585728
52 1 483328 487424
87 1 835584 851968
836 1 581632 585728
45 1 999424 1015808
52 1 417792 430080
271 1 1200128 1204224
523 1 909312 913408
522 1 1872384 1874432
141 1 204800 208896
641 1 1228800 1232896
912 1 1265664 1269760
541 1 1105920 1110016
200 1 1777664 1794048
522 1 1874432 1876480
989 1 1699840 1703936
143 1 1409024 1421312
491 1 441856 445952
603 1 1400832 1413120
200 1 1794048 1802240
371 1 1921024 1923072
371 1 1925120 1926144
925 1 1552384 1553920
784 1 98304 110592
200 1 1843200 1847296
200 1 1863680 1867776
783 3 1126400 1310720 1310720 1572864 1572864 1638400
990 1 204800 208896
353 1 917504 921600
76 1 757760 761856
279 1 585728 589824
837 1 745472 749568
9 1 1896448 1900544
808 1 593920 602112
470 1 1978368 1986560
28 1 1507328 1568768
782 1 1576960 1581056
706 1 1314816 1318912
100 1 684032 688128
2 1 827392 831488
654 1 1425408 1429504
39 1 884736 901120
434 1 626688 634880
6 1 524288 528384
15 1 995328 1015808
15 1 1015808 1019904
434 1 630784 634880
15 1 1019904 1036288
287 1 1753088 1761280
713 1 73728 77824
960 1 1527808 1531904
413 1 126976 131072
15 1 1036288 1040384
235 1 782336 786432
796 1 220672 224768
796 1 400896 404992
795 1 15872 19968
796 1 761344 765440
795 1 19968 24064
795 1 179712 187904
796 1 187904 192000
795 1 507392 515584
235 1 774144 778240
203 1 794624 798720
418 1 1302016 1306112
250 1 1765376 1769472
418 1 1302016 1306112
251 1 905216 909312
164 1 1875968 1877504
251 1 131072 147456
887 1 1712128 1713664
784 1 1273856 1277952
713 1 679936 684032
79 1 262144 266240
56 1 413696 417792
784 1 1302528 1310720
590 1 2064384 2068480
889 1 1409024 1413120
889 1 1163264 1167360
889 1 1626112 1630208
889 1 1523712 1527808
889 1 1011712 1015808
889 1 1982464 1986560
890 1 86016 94208
889 1 1478656 1482752
889 1 1757184 1761280
890 1 458752 462848
890 1 450560 454656
463 1 49152 53248
890 1 294912 299008
890 1 843776 847872
476 1 851968 856064
141 1 1945600 1949696
656 1 1134592 1142784
656 1 1413120 1417216
163 1 1224704 1228800
170 1 507904 512000
651 1 532480 536576
726 1 1101824 1105920
212 1 372736 376832
212 1 409600 417792
203 1 798720 802816
707 1 425472 441856
29 1 208896 221184
707 1 372224 421376
287 1 499200 503296
425 1 1142272 1154560
499 1 2018816 2031104
767 1 1273344 1310208
964 1 572928 609792
498 1 1736192 1748480
425 1 1154560 1179136
964 1 609792 679424
200 1 1884160 1892352
5 3 348672 524288 524288 786432 786432 872960
690 1 556032 556544
189 1 806912 811008
568 1 1806336 1830912
211 1 36864 40960
200 1 1855488 1859584
974 1 1437696 1441792
468 1 307200 319488
468 1 303104 307200
712 1 135168 147456
712 1 131072 135168
727 1 1327104 1331200
213 1 901120 917504
213 1 1310720 1314816
6 1 458752 462848
724 1 28672 32768
706 1 659456 671744
724 1 32768 65536
203 1 729088 737280
727 3 1331200 1572864 1572864 1835008 1835008 1855488
727 1 1855488 2097152
16 1 1875968 1896448
706 1 655360 659456
730 2 32768 262144 262144 507904
712 1 131072 135168
93 1 28672 32768
235 1 1613824 1617920
470 1 1966080 1970176
93 1 1085440 1089536
203 1 815104 823296
153 1 798720 802816
203 1 753664 761856
203 1 823296 827392
153 1 798720 802816
262 1 1638400 1654784
741 1 991232 995328
522 1 196608 237568
259 1 1855488 1888256
253 1 1241088 1245184
278 1 1617920 1626112
278 1 1626112 1630208
328 1 90112 110592
482 1 1605632 1617920
36 1 749568 753664
203 1 835584 839680
250 1 1568768 1572864
484 1 286208 314880
484 1 314880 318976
275 1 1105920 1114112
224 1 839680 856064
758 1 307200 311296
484 1 318976 323072
758 1 1306624 1307648
275 1 1114112 1118208
224 1 856064 860160
68 1 1097216 1105408
68 1 1068544 1093120
68 2 1039872 1048576 1048576 1064448
68 1 1388032 1396224
484 1 323072 327168
484 1 327168 359936
484 1 359936 364032
68 2 1039872 1048576 1048576 1056256
42 1 1900544 1921024
538 1 876544 880640
665 1 1183744 1187840
665 1 1134592 1138688
480 3 970752 1048576 1048576 1310720 1310720 1466880
179 1 1392640 1396736
665 1 1138688 1142784
538 1 880640 892928
200 1 1769472 1773568
203 1 733184 737280
570 1 1383936 1388032
262 1 2039808 2048000
298 1 1826816 1830912
245 1 2060288 2080768
21 1 1417216 1425408
27 1 225280 229376
36 1 815104 819200
273 1 1875968 1900544
225 1 225280 233472
273 1 1900544 1912832
245 1 2080768 2093056
227 1 1069056 1077248
200 1 1859584 1871872
26 1 851968 913408
118 1 1150976 1167360
287 1 524288 589824
449 1 1474560 1478656
801 1 1912832 1925120
444 1 933888 950272
960 1 598016 610304
118 1 1191936 1200128
119 1 86016 94208
119 1 1863680 1871872
119 1 651264 659456
119 1 1323008 1331200
244 1 1609728 1634304
251 1 1064960 1077248
486 1 1646592 1650688
849 1 811008 819200
107 1 1159168 1163264
150 1 229376 233472
156 1 368640 376832
154 1 1429504 1433600
165 1 65536 73728
153 1 4096 12288
541 1 1110016 1142784
934 1 187904 192000
634 1 654848 658944
143 1 1421312 1425408
659 1 868352 872448
390 1 1376256 1377280
659 1 925696 933888
228 1 53248 56832
200 1 1847296 1851392
131 1 2093056 2097152
132 1 0 16384
79 1 266240 270336
656 1 990720 994816
684 1 966144 970240
244 1 1110016 1122304
6 1 552960 557056
616 1 61952 69632
616 2 73728 262144 262144 500224
777 1 954368 956416
515 1 982528 1015808
515 1 1212416 1228800
580 1 811008 815104
491 1 445952 450048
491 1 450048 482816
691 1 77312 81408
269 1 237568 245760
771 2 823296 1048576 1048576 1310720
269 1 245760 249856
923 1 2056192 2097152
924 1 0 118784
309 1 245760 253952
876 1 1211904 1265152
309 1 253952 258048
858 1 954368 987136
876 1 1265152 1269248
562 1 840192 950272
562 3 978944 1048576 1048576 1310720 1310720 1393152
321 1 638976 643072
562 3 1393152 1572864 1572864 1835008 1835008 1917440
836 1 581632 593920
434 1 110592 114688
12 1 483328 495616
436 1 2088960 2091008
836 1 585728 589824
836 1 585728 589824
418 1 1650688 1653248
305 1 1966080 1970176
250 1 1294336 1298432
219 1 823296 827392
691 1 712704 716800
692 1 978944 983040
767 2 1310208 1310720 1310720 1375744
243 1 1974272 1978368
767 1 1375744 1404416
425 1 1179136 1187328
967 1 818688 843264
477 1 1187840 1196032
145 1 1392640 1396736
696 1 1757184 1761280
696 1 1548288 1552384
698 1 1466368 1470464
697 1 524288 528384
698 1 1110016 1138688
941 1 1040384 1044480
128 1 1904640 1908736
129 1 376832 380928
196 1 409600 413696
196 1 557056 561152
196 1 548864 552960
196 1 1904640 1908736
196 1 720896 724992
196 1 569344 573440
196 1 1945600 1949696
196 1 1933312 1937408
198 1 1519616 1523712
305 1 1961984 1966080
72 1 1441792 1446400
288 1 1814528 1822720
288 1 1822720 1826816
76 1 1990656 2007040
66 1 458752 462848
76 1 2007040 2027520
66 1 524288 528384
298 1 352256 368640
298 1 368640 372736
498 1 1716224 1720320
470 1 1642496 1646592
470 1 1634304 1638400
592 1 376832 377856
316 1 2007040 2009600
327 1 1835008 1855488
673 1 1503232 1519616
898 1 417792 421888
328 1 524288 569344
0 1 421888 438272
99 1 897024 901120
117 1 147456 151552
594 1 520192 524288
912 3 918016 1048576 1048576 1310720 1310720 1442304
538 1 892928 901120
957 1 1900544 1929216
200 1 1798144 1802240
200 1 1777664 1785856
253 1 1638400 1667072
522 1 237568 241664
783 2 1638400 1835008 1835008 2097152
712 1 135168 147456
720 1 1052672 1056768
717 1 528384 557056
611 1 1064960 1069056
735 1 1884160 1892352
709 1 1409024 1413120
716 2 1015808 1048576 1048576 1069056
733 3 909312 1048576 1048576 1310720 1310720 1404928
735 1 1908736 1916928
553 1 868352 933888
73 1 630784 647168
679 1 536576 540672
392 1 1712128 1720320
132 1 1974272 1978368
712 1 131072 135168
433 1 1961984 1966080
492 1 1994752 1998848
470 1 2088960 2093056
431 1 118784 122880
431 1 90112 94208
431 1 53248 61440
305 1 1970176 1974272
685 1 527872 531968
360 1 1974272 1974784
433 1 1961984 1966080
305 1 1966080 1970176
470 1 2023424 2027520
981 1 1970176 1974272
470 1 1982464 1986560
203 1 733184 737280
203 1 733184 737280
726 1 1101824 1105920
284 1 1843200 1851392
616 3 500224 524288 524288 786432 786432 958976
134 1 1015808 1019904
6 1 487424 491520
580 1 794624 811008
719 1 2080768 2084864
134 1 1003520 1015808
731 1 1810432 1814528
556 1 1060864 1081344
588 1 1388544 1392640
586 1 1093632 1097728
587 1 1916928 1921024
778 1 1126400 1130496
587 1 483328 487424
581 1 106496 110592
186 1 1044480 1048576
598 1 81920 86016
556 1 1117696 1121792
302 1 167936 176128
321 1 1073152 1085440
132 1 16384 20480
302 1 180224 184320
201 1 135168 139264
217 1 1646592 1650688
543 1 729088 730112
203 1 757760 761856
308 1 1847296 1855488
308 1 1855488 1859584
391 1 1880064 1884160
249 1 729088 733184
247 1 237568 241664
248 1 602112 606208
250 1 1445888 1462272
200 1 1843200 1847296
815 1 36864 40960
27 1 1556480 1564672
815 1 0 4096
27 1 1564672 1568768
274 1 237568 245760
274 1 245760 249856
807 1 671744 684032
775 1 1359872 1368064
74 1 696320 697344
203 1 794624 806912
775 1 1368064 1372160
974 1 1052672 1056256
584 1 1929216 1930240
463 1 1867776 1871872
775 1 1372160 1380352
775 1 1380352 1384448
437 1 962560 966656
609 1 262144 266240
68 1 1769472 1773568
0 1 401408 405504
589 1 1015808 1019904
476 1 98304 102400
73 1 0 4096
203 1 733184 737280
212 1 352256 368640
743 1 1310720 1376256
743 1 1703936 1769472
250 1 2052096 2060288
744 1 0 65536
250 1 2060288 2064384
744 1 393216 458752
744 1 786432 824320
709 1 1560576 1564672
135 1 294912 303104
633 1 761344 765440
269 1 708608 716800
541 1 1142784 1146880
4 1 466944 475136
24 1 425984 442368
262 1 2048000 2052096
491 1 482816 486912
668 1 1765376 1773568
200 1 1843200 1847296
287 1 1908736 1933312
164 1 1695744 1703936
589 1 454656 512000
212 1 307200 323584
425 1 1183232 1187328
445 1 1126400 1130496
200 1 1822720 1826816
818 1 109056 111104
477 1 1196032 1200128
470 1 2048000 2056192
464 1 1445888 1449984
9 1 1896448 1900544
279 1 1716224 1724416
555 1 786432 798720
279 1 1724416 1728512
839 1 548864 602112
912 1 983040 995328
870 1 1863680 1871872
515 1 577536 581632
515 1 643072 733184
203 1 798720 802816
252 1 1667072 1671168
217 1 1167360 1171456
305 1 1970176 1974272
108 1 1822720 1826816
235 1 36864 40960
200 1 2015232 2019328
436 1 790528 794624
201 1 966656 970752
305 1 1961984 1966080
25 2 12288 262144 262144 524288
673 2 1568768 1572864 1572864 1585152
761 1 1015808 1019904
677 1 1916928 1949696
97 1 1781760 1785856
2 1 823296 823808
97 1 1777664 1781760
889 1 1650688 1683456
212 1 438272 454656
251 1 65536 77824
558 1 1339392 1343488
558 1 1343488 1347584
632 1 716800 720896
632 1 851968 864256
474 1 1957888 1961984
200 1 1875968 1880064
580 1 983040 1044480
43 1 430080 434176
164 3 909824 1048576 1048576 1310720 1310720 1368576
200 1 1810432 1822720
113 3 721408 786432 786432 1048576 1048576 1245696
43 1 360448 364544
43 1 1769472 1773568
470 1 2031616 2052096
200 1 1884160 1888256
2 1 687616 704000
164 1 1434112 1478656
200 1 1818624 1822720
828 1 389120 430080
81 1 1220608 1236992
828 1 438272 442368
19 1 237568 253952
315 1 1667072 1667584
315 1 1667584 1683456
390 1 126976 128000
390 1 128000 132096
390 1 132096 136192
390 1 136192 140288
340 1 814592 835072
673 1 409600 413696
530 1 897024 901120
520 1 1843200 1847296
845 1 1277952 1282048
778 1 262144 266240
751 1 1536000 1540096
47 1 2011136 2015232
674 1 1118208 1171456
240 1 1294336 1310720
470 1 2031616 2039808
177 1 565248 589824
862 1 1495040 1498624
218 1 1908736 1912832
836 1 585728 593920
4 1 1351680 1355776
664 1 851968 856064
428 1 1667072 1687552
836 1 589824 593920
66 1 516096 520192
45 1 1015808 1036288
836 1 589824 593920
87 1 851968 872448
926 1 1134592 1138688
333 1 73728 77824
845 1 118784 122880
674 1 118784 126976
700 1 1994752 1998848
39 1 901120 921600
6 1 458752 462848
287 1 1761280 1765376
384 1 1224704 1249280
434 1 630784 634880
384 1 1249280 1253376
15 1 1040384 1048576
264 1 987136 991232
323 1 1114112 1118208
264 1 1024000 1028096
730 1 905216 909312
97 1 1150976 1155072
40 1 999424 1003520
391 1 2093056 2097152
203 1 823296 827392
200 1 1789952 1794048
463 1 212480 237568
0 1 421888 442368
284 1 1851392 1855488
54 1 352256 356352
5 3 872960 1048576 1048576 1310720 1310720 1397248
269 1 716800 720896
143 1 1392640 1404928
690 1 556032 558592
211 1 94208 98304
926 1 1777664 1785856
568 1 1806336 1810432
200 1 1789952 1794048
363 1 1519616 1523712
541 1 1146880 1155072
143 1 1404928 1409024
481 1 442368 446464
511 1 1695744 1699840
200 1 1863680 1867776
72 1 466944 471040
203 1 794624 798720
68 1 1396224 1408512
68 1 1412608 1433088
484 1 364032 388608
529 1 1241088 1245184
484 1 388608 392704
486 1 1880064 1953792
328 1 495616 499712
820 1 1269248 1281536
470 1 1966080 1970176
524 1 2019328 2023424
69 1 499200 503296
68 1 1797632 1801728
68 1 1539584 1547776
484 1 392704 421376
486 1 1953792 1957888
484 1 421376 425472
203 1 729088 733184
707 1 372224 388608
707 1 441856 474624
491 1 486912 511488
334 1 607232 607744
433 1 1961984 1966080
230 1 647168 655360
230 1 598016 622592
25 1 208896 212480
470 1 2088960 2097152
284 1 1806336 1814528
492 1 1503232 1503744
284 1 1814528 1818624
277 1 2035712 2043904
134 1 1781248 1781760
200 1 1888256 1892352
818 1 110592 111104
243 1 1970176 1974272
491 1 1376256 1380352
445 1 1126400 1130496
470 1 1986560 1994752
84 1 864256 868352
898 1 421888 430080
328 2 1617920 1835008 1835008 2064384
372 1 1048576 1064960
251 1 1835008 1855488
203 1 798720 811008
40 1 548864 552960
203 1 729088 733184
251 1 585728 589824
251 1 1245184 1261568
251 1 716800 720896
251 1 1114112 1122304
332 1 798720 800256
729 1 2023424 2031616
203 1 794624 815104
148 1 978944 983040
53 1 864256 909312
522 1 1876480 1883648
37 1 720896 741376
510 1 1933312 1937408
522 1 1883648 1892352
157 1 331776 335872
251 1 397312 413696
580 1 790528 794624
308 2 471040 524288 524288 638976
515 1 1225728 1226752
6 1 552960 561152
308 1 638976 643072
508 1 1327104 1331200
483 1 331776 335872
580 1 811008 815104
616 3 1024512 1048576 1048576 1310720 1310720 1548800
483 1 319488 323584
580 1 815104 827392
515 1 1226240 1227264
73 1 2027520 2031616
154 1 1220608 1224704
380 1 1167360 1171456
346 1 679936 684032
210 1 1241088 1245184
210 1 1703936 1720320
200 1 1777664 1785856
200 1 1843200 1847296
249 1 1499136 1507328
249 1 1572864 1585152
640 1 1413120 1417216
200 1 1777664 1794048
640 1 1413120 1425408
640 1 1421312 1425408
640 1 1421312 1425408
210 1 1720320 1732608
343 1 786432 794624
640 1 1421312 1433600
640 1 1429504 1433600
116 1 335872 339968
478 1 409600 413696
808 1 1622016 1642496
464 1 1441792 1445888
351 1 733184 749568
436 1 790528 794624
598 1 1298432 1302528
812 1 102400 106496
499 1 1372160 1373696
91 1 1011712 1028096
56 1 483328 491520
273 1 1912832 1933312
373 1 1646592 1650688
203 1 729088 737280
225 1 172032 176128
200 1 1802240 1806336
212 1 221184 237568
200 1 1867776 1871872
203 1 798720 806912
373 1 1646592 1650688
200 1 1802240 1806336
200 1 1867776 1871872
292 1 413696 434176
373 1 1646592 1650688
200 1 1802240 1806336
56 1 417792 430080
203 1 733184 737280
640 1 1929216 1933312
235 1 2052096 2056192
774 1 286720 327680
491 1 511488 515584
628 1 1179648 1204224
473 1 2023424 2027520
287 1 1933312 1937408
99 1 901120 933888
668 1 1769472 1773568
674 1 1171456 1175552
240 1 1310720 1323008
72 1 393216 397312
406 1 897024 901120
480 3 1466880 1572864 1572864 1835008 1835008 1991168
673 1 413696 417792
538 1 901120 929792
867 1 561152 589824
313 1 1265664 1266688
912 3 1442304 1572864 1572864 1835008 1835008 1966592
673 1 417792 421888
538 1 929792 942080
578 1 385024 389120
121 1 1507328 1572864
99 1 933888 937984
456 1 323584 339968
456 1 413696 430080
409 1 815104 819200
784 3 110592 262144 262144 524288 524288 634880
784 1 634880 671744
200 1 1798144 1810432
32 1 750592 751104
981 1 1970176 1974272
286 1 897024 901120
203 1 729088 745472
277 1 2043904 2048000
433 1 1961984 1966080
470 1 2048000 2052096
286 1 913408 917504
470 1 2027520 2031616
776 1 1474560 1477120
297 1 16384 20480
776 1 1171456 1174528
163 1 151552 155648
219 1 802816 806912
441 1 1163264 1167360
644 1 843776 847872
685 1 527872 531968
486 1 778240 782336
66 1 528384 536576
467 1 749568 761856
350 1 2019328 2023424
251 1 77824 81920
87 1 1810432 1822720
250 1 1699840 1703936
251 1 262144 274432
87 1 1822720 1826816
223 1 1015808 1019904
821 1 1101824 1107968
69 1 126976 131072
255 1 1892352 1900544
772 1 1380352 1380864
157 1 1900544 1904640
8 1 331776 335872
8 1 405504 413696
112 1 917504 921600
113 1 1101824 1105920
290 1 1875968 1880064
19 2 1564672 1572864 1572864 1757184
19 2 1818624 1835008 1835008 2052608
19 1 2052608 2097152
20 2 0 262144 262144 414208
20 3 479744 524288 524288 786432 786432 1004032
20 3 1004032 1048576 1048576 1310720 1310720 1528320
20 1 2002944 2056704
20 3 1528320 1572864 1572864 1835008 1835008 1998848
20 1 2056704 2097152
21 2 0 262144 262144 483840
464 1 1441792 1445888
22 1 1908736 1912832
818 1 110592 112128
481 1 1007616 1040384
850 1 86016 90112
16 1 483328 487424
143 1 1486848 1499136
690 1 558080 558592
522 1 1892352 1895424
541 1 1155072 1159168
5 3 1397248 1572864 1572864 1835008 1835008 1856000
200 1 1855488 1859584
137 1 323584 327680
143 1 1499136 1503232
205 1 802816 806912
152 1 1216512 1220608
659 1 364544 368640
746 1 360448 364544
718 1 303104 401408
588 1 851968 860160
257 1 28672 36864
357 1 1630208 1634304
785 1 1966080 1974272
781 1 589824 655360
717 1 1376256 1507328
935 1 884736 888832
934 1 475136 479232
781 3 65536 262144 262144 524288 524288 589824
470 1 1970176 1974272
915 3 991232 1048576 1048576 1310720 1310720 1363968
260 1 1888256 1896448
898 1 430080 434176
25 1 978944 983040
917 1 1433600 1499136
706 1 155648 159744
712 1 135168 147456
534 1 1150976 1155072
534 1 1155072 1179648
553 1 933888 937984
479 1 1003520 1007616
534 1 1179648 1183744
479 1 1007616 1019904
534 1 1183744 1191936
733 1 1400832 1404928
534 1 1191936 1196032
733 3 1404928 1572864 1572864 1835008 1835008 1892352
716 2 1597440 1835008 1835008 2043904
716 1 1593344 1597440
720 1 1056768 1073152
470 1 2031616 2035712
484 1 425472 429568
479 1 2064384 2068480
529 1 1511424 1519616
69 2 503296 524288 524288 527872
69 1 638464 642560
69 1 572928 581120
69 1 544256 568832
69 1 658944 663040
470 1 1966080 1970176
484 1 429568 433664
484 1 433664 466432
484 1 466432 470528
69 1 503296 519680
529 1 1241088 1245184
69 1 921088 929280
69 1 663040 687616
470 1 2031616 2048000
52 1 491520 499712
836 1 589824 593920
367 1 106496 126976
271 1 823296 831488
836 1 589824 602112
203 1 794624 798720
271 1 831488 835584
836 1 593920 598016
203 1 724992 729088
836 1 593920 598016
284 1 1495040 1503232
284 1 1503232 1507328
66 1 446464 450560
192 1 950272 954368
192 1 958464 1019904
192 1 655360 659456
192 2 1794048 1835008 1835008 1855488
192 1 1781760 1785856
199 1 65536 69632
785 1 1900544 1904640
203 1 794624 798720
203 1 757760 770048
203 1 724992 729088
153 1 806912 811008
203 1 831488 835584
491 1 1380352 1384448
445 1 1126400 1130496
118 1 1036288 1040384
485 1 1941504 1945600
278 1 1994752 2002944
470 1 2056192 2060288
980 1 1916928 1921024
380 1 585728 589824
515 1 733184 737280
696 1 237568 241664
951 1 1744896 1761280
907 1 1253376 1257472
302 1 1171456 1179648
3 1 536576 540672
441 1 1413120 1416192
270 1 1134592 1138688
537 1 589824 593920
241 1 1273856 1277952
241 1 1302528 1306624
537 1 651264 655360
522 1 1895424 1896960
241 1 1331200 1335296
203 1 729088 733184
56 1 1200128 1204224
522 1 1896960 1899008
541 1 1159168 1167360
983 1 1933312 1937408
294 1 1802240 1810432
294 1 1810432 1814528
212 1 323584 327680
212 1 1376256 1392640
589 1 512000 516096
203 1 794624 798720
780 1 2048000 2052096
378 1 491520 495616
67 1 856064 860160
206 1 2052096 2060288
206 1 2023424 2027520
547 1 1187840 1224704
871 1 1626112 1630208
203 1 741376 757760
697 1 757760 786432
578 1 1277952 1286144
480 1 1991168 2097152
481 2 0 262144 262144 418304
538 1 942080 950272
956 1 86016 90112
339 1 1433600 1437696
339 1 1368064 1376256
25 1 1474560 1478656
538 1 950272 954368
673 1 421888 425984
325 1 401408 413696
184 1 1912832 1916928
72 1 479232 483328
269 1 585728 589824
424 1 1744896 1748992
410 1 1609728 1613824
201 1 966656 970752
203 1 794624 798720
302 1 835072 839168
504 1 2035712 2039808
302 1 835072 839168
418 1 1302016 1306112
418 1 1302016 1306112
566 1 40960 45056
302 1 835072 839168
302 1 835072 839168
8 1 421888 430080
203 1 729088 737280
203 1 794624 802816
93 1 249856 253952
91 1 204800 208896
926 3 962560 1048576 1048576 1310720 1310720 1486848
926 3 438272 524288 524288 786432 786432 962560
3 1 2011136 2013184
301 1 1290240 1294336
301 1 1331200 1343488
926 2 1486848 1572864 1572864 1769472
888 1 262144 393216
926 1 1769472 1835008
583 1 1773056 1797632
23 1 2031616 2097152
967 1 953856 957952
785 1 323584 327680
191 1 1114112 1179648
998 1 28672 90112
785 1 1658880 1662976
746 1 360448 364544
528 1 1490944 1499136
180 1 483328 487424
560 1 1069056 1073152
784 3 675840 786432 786432 1048576 1048576 1163264
200 1 1871872 1875968
523 1 687616 691712
40 1 359936 364032
466 1 24064 28160
387 1 8192 12288
203 1 1355776 1358848
438 1 1056768 1060864
754 1 53248 55296
192 1 1372160 1376256
287 1 966656 970752
952 1 1093632 1097728
206 1 942080 950272
609 1 1830912 1835008
959 1 778240 782336
221 1 1052672 1056768
967 1 806912 811008
692 1 1921024 1925120
434 1 630784 634880
323 1 1118208 1134592
323 1 1134592 1138688
434 1 630784 634880
323 1 1138688 1146880
912 1 1245184 1257472
698 1 1322496 1330688
323 1 1146880 1150976
912 1 1257472 1261568
418 1 1991168 1992704
267 1 491520 495616
390 1 140288 144384
700 1 1015296 1019392
968 1 491008 519680
19 2 253952 262144 262144 274432
390 1 144384 148480
968 1 519680 523776
68 1 421888 438272
315 1 106496 110592
304 1 1363968 1372160
390 1 458752 459264
304 1 1372160 1376256
315 1 102400 106496
225 1 229376 233472
225 1 241664 245760
212 1 278528 290816
212 1 237568 245760
724 1 1437696 1441792
472 1 1433600 1437696
708 1 159744 163840
225 1 176128 180224
200 1 1867776 1875968
225 1 241664 249856
529 1 262144 266240
724 1 1437696 1441792
292 1 434176 446464
200 1 1806336 1810432
472 1 1433600 1437696
529 1 266240 270336
225 1 180224 184320
529 1 270336 274432
993 2 258048 262144 262144 307200
159 1 1216512 1217024
66 1 1101824 1106432
203 1 765952 770048
478 1 413696 417792
212 1 221184 237568
264 1 1589248 1593344
50 1 1613824 1618944
177 1 565248 569344
359 1 335872 339968
43 1 1769472 1773568
164 3 1544192 1572864 1572864 1835008 1835008 2023936
200 1 1884160 1888256
309 1 593920 606208
113 3 1245696 1310720 1310720 1572864 1572864 1769984
211 1 1015808 1019904
164 1 2023936 2031616
872 2 1650688 1835008 1835008 2097152
873 1 0 77824
164 1 2080768 2097152
165 1 0 20480
887 1 1662976 1667072
846 1 1716224 1720320
873 3 77824 262144 262144 524288 524288 602112
200 1 1818624 1826816
873 3 602112 786432 786432 1048576 1048576 1126400
873 3 1126400 1310720 1310720 1572864 1572864 1650688
165 1 1925120 2097152
166 2 0 262144 262144 307712
873 2 1650688 1835008 1835008 2097152
874 1 0 77824
113 1 1937408 2097152
114 1 0 135680
113 2 1769984 1835008 1835008 1933312
218 1 1712128 1716224
464 1 1445888 1449984
981 1 1970176 1974272
76 1 1867776 1888256
470 1 1982464 1986560
433 1 1961984 1966080
66 1 466944 475136
470 1 2093056 2097152
277 1 73728 94208
931 1 999424 1003520
920 1 61440 135168
898 1 434176 442368
697 2 122880 262144 262144 495616
48 1 626688 630784
931 1 1015808 1019904
931 1 983040 995328
931 1 1024000 1032192
788 1 655360 659456
52 1 380928 385024
726 1 1101824 1105920
203 1 798720 802816
203 1 737280 741376
726 1 1101824 1105920
203 1 802816 806912
821 1 299008 303104
491 1 1384448 1388544
876 1 1712128 1720320
380 1 610304 630784
821 1 360448 372736
295 1 2015232 2019328
576 1 1871872 1875968
307 1 1404928 1409024
785 1 1949696 1953792
328 1 2076672 2080768
31 1 1961984 1966080
14 1 1679360 1683456
799 1 929792 991232
581 1 610304 614400
349 1 1191936 1196032
84 1 1781760 1785856
589 1 684032 688128
381 1 159744 160256
223 1 1216512 1220608
223 1 1245184 1249280
223 1 1478656 1482752
411 1 1331200 1335296
789 1 409600 413696
254 1 1605632 1609728
223 1 970752 974848
474 1 728576 732672
178 1 1486336 1490432
181 1 826880 830976
200 1 1806336 1810432
561 1 1835008 1839104
99 1 937984 946176
235 1 1609728 1613824
938 1 557056 655360
269 1 1372160 1376256
668 1 1769472 1773568
203 1 737280 741376
646 1 1384448 1389056
260 1 622080 634368
257 1 36864 40960
785 1 1974272 2031616
917 1 1191936 1257472
197 2 1769472 1835008 1835008 1847296
261 1 446464 471040
265 1 57344 65536
718 1 401408 405504
168 1 131072 196608
261 1 471040 475136
917 1 1257472 1261568
707 1 540160 556544
265 1 65536 69632
473 1 2023424 2027520
718 1 405504 417792
657 1 1445888 1449984
792 1 823296 827392
447 1 720896 749568
697 2 499712 524288 524288 638976
788 1 638976 651264
788 1 684032 688128
792 1 847872 856064
788 1 667648 679936
788 1 716800 720896
792 1 835584 843776
788 1 700416 708608
792 1 831488 835584
788 1 692224 696320
796 1 266240 274432
796 1 299008 307200
788 1 724992 729088
796 1 155648 163840
358 1 294912 296960
25 1 1937408 1961984
912 1 1966592 2097152
913 2 0 262144 262144 393728
538 1 954368 958464
506 1 1261568 1269760
703 1 1642496 1650688
980 1 1396736 1400832
255 1 1900544 1904640
632 1 864256 876544
611 1 1908736 1912832
436 1 790528 798720
72 1 413696 421888
436 1 794624 798720
72 1 483328 487424
143 1 1503232 1515520
690 1 558080 559104
249 1 1585152 1601536
847 1 1228800 1232896
200 1 1789952 1794048
360 1 1527808 1531904
143 1 1515520 1519616
541 1 1167360 1171456
522 1 1899008 1901056
283 1 671744 679936
5 1 1872384 2097152
6 2 0 262144 262144 299520
172 1 823296 835584
308 1 643072 659456
765 1 307200 311296
6 1 491520 495616
308 1 659456 663552
10 1 65536 69632
308 1 663552 684032
616 3 1548800 1572864 1572864 1835008 1835008 2073088
761 1 991232 995328
793 1 1609728 1615360
308 1 684032 688128
580 1 827392 835584
308 1 688128 704512
275 1 1204224 1212416
616 1 2073088 2097152
617 2 0 262144 262144 500224
275 1 1212416 1216512
308 1 704512 708608
580 1 827392 831488
484 1 470528 495104
484 1 495104 499200
820 1 1277440 1289728
69 1 1019392 1035776
662 1 565248 569344
379 1 786432 794624
484 1 499200 503296
484 2 503296 524288 524288 527872
662 1 573440 577536
833 1 1417216 1419264
484 1 527872 531968
405 1 663552 667648
200 1 1777664 1781760
99 1 946176 950272
359 1 339968 348160
470 1 2035712 2039808
562 1 1917440 2097152
563 2 0 262144 262144 344576
563 3 344576 524288 524288 786432 786432 868864
891 1 741376 757760
214 1 757760 761856
283 1 1929216 1937408
214 1 753664 757760
563 3 868864 1048576 1048576 1310720 1310720 1393152
379 1 1454080 1458176
795 1 876544 880640
32 1 516096 520192
374 1 1540096 1544192
116 1 81920 90112
373 1 208896 212992
799 1 1355776 1359872
116 1 94208 98304
58 1 458752 462848
381 1 155648 159744
110 1 1462272 1465344
141 1 1064960 1069056
833 1 1040384 1043968
615 1 1163264 1171456
338 1 589824 593920
216 1 1654784 1658880
146 1 1499136 1501184
941 2 1814528 1835008 1835008 1847296
615 1 1171456 1175552
2 1 12288 16384
312 1 1245184 1253376
312 1 1253376 1257472
284 1 1912832 1914368
61 1 868352 888832
28 1 417792 425984
491 1 515584 519680
233 1 135168 139264
27 1 524288 589824
491 2 519680 524288 524288 544256
540 1 1732608 1736704
703 1 1073152 1081344
301 1 1282048 1286144
60 1 475136 479232
203 1 733184 749568
609 1 1167360 1175552
336 1 626688 634880
463 1 1867776 1875968
203 1 798720 811008
775 1 1384448 1392640
775 1 1392640 1396736
463 1 1871872 1875968
775 1 1396736 1404928
775 1 1404928 1409024
438 1 1064960 1073152
529 1 983040 1044480
463 1 1871872 1875968
775 1 1409024 1417216
531 1 974848 1044480
775 1 1417216 1421312
533 1 974848 1044480
592 1 323584 324608
274 1 499712 507904
463 1 1871872 1875968
692 1 1929216 1933312
139 1 2007040 2011136
948 1 532480 536576
630 1 552960 557056
312 1 196608 200704
609 1 1544192 1548288
125 1 2072576 2088960
907 1 487424 491520
146 1 290816 299008
717 1 1155072 1157632
692 1 1941504 1945600
907 1 532480 536576
948 1 548864 552960
609 1 1568768 1572864
200 1 1814528 1830912
67 1 1232896 1236992
291 1 1945600 1949696
609 1 1761280 1765376
196 1 581632 585728
200 1 1843200 1847296
262 1 851968 868352
704 1 749568 753664
784 3 1163264 1310720 1310720 1572864 1572864 1687552
991 1 839680 847872
763 1 1286144 1290240
65 1 204800 212992
15 1 49152 53248
414 1 684032 688128
249 1 1732096 1736192
567 1 651264 655360
255 2 782336 786432 786432 790528
380 1 1875968 1896448
445 1 1126400 1130496
211 1 1658880 1662976
278 1 2002944 2007040
5 1 290816 294912
255 1 790528 794624
470 1 1990656 1994752
226 1 372736 389120
796 1 278528 286720
796 1 573440 577536
796 1 143360 151552
788 1 737280 745472
796 1 315392 319488
148 1 1748480 1752576
796 1 176128 184320
788 1 794624 802816
796 1 192512 196608
788 1 757760 782336
796 1 446464 458752
796 1 466944 475136
796 1 483328 487424
796 1 491520 495616
792 1 856064 864256
836 1 593920 598016
67 1 872448 888832
836 1 593920 598016
573 1 1351680 1490944
251 1 1417216 1441792
573 2 1556480 1572864 1572864 1576960
32 1 417792 421888
267 1 1699840 1732608
196 1 1019904 1036288
836 1 593920 602112
906 1 536576 540672
68 1 438272 458752
390 1 532480 536576
390 1 520192 524288
829 1 1191936 1196032
829 1 1126400 1130496
83 1 425984 446464
72 1 405504 409600
267 1 425984 430080
103 1 1605632 1609728
315 1 106496 110592
777 1 1908736 1912832
726 1 1101824 1105920
228 1 184320 188416
663 1 839680 843776
153 1 806912 811008
464 1 1445888 1449984
264 1 561152 581632
250 1 679936 688128
203 1 737280 745472
203 1 831488 835584
203 1 729088 733184
391 1 1880064 1884160
21 1 663552 667648
391 1 2093056 2097152
203 1 765952 770048
249 1 2019328 2031616
250 1 393216 397312
200 1 1777664 1781760
434 1 1859584 1863680
967 1 957952 982528
923 1 1114112 1159168
967 1 982528 986624
804 1 741376 774144
391 1 1503232 1507328
804 2 782336 786432 786432 819200
391 1 458752 462848
804 1 1986560 2007040
391 1 1011712 1015808
391 1 1351680 1355776
973 1 49152 131072
23 1 262144 327680
249 1 1585152 1597440
640 1 1429504 1433600
343 1 724992 729088
200 1 1855488 1863680
343 1 790528 794624
116 1 335872 339968
311 1 1523712 1531904
343 1 724992 729088
311 1 1531904 1536000
583 1 774144 778240
65 1 847872 851968
343 1 790528 794624
343 1 724992 737280
651 1 1196032 1200128
597 1 339968 344064
343 1 798720 802816
13 1 49152 57344
722 1 1638400 1769472
722 1 1900544 1966080
784 2 786432 1048576 1048576 1310720
13 1 57344 61440
722 1 2031616 2097152
781 2 917504 1048576 1048576 1179648
723 1 65536 131072
458 1 1085440 1089536
828 1 1581056 1582080
61 1 81920 86016
26 1 741376 745472
25 1 1417216 1421312
283 1 1937408 1941504
404 1 303104 307200
818 1 1249280 1253376
379 1 1253376 1257472
877 1 1499136 1503232
379 1 1249280 1253376
233 1 1282048 1286144
655 1 1265664 1269760
372 1 2035712 2048000
109 1 745472 749568
37 1 1691648 1699840
25 1 1384448 1392640
403 1 1892352 1896448
563 3 1393152 1572864 1572864 1835008 1835008 1917440
592 1 589824 593920
42 1 1835008 1851392
382 1 352256 360448
976 1 1048576 1052672
987 1 2002944 2007040
987 1 2011136 2015232
987 1 2019328 2023424
987 1 2027520 2031616
987 1 2048000 2060288
717 1 667648 671744
455 1 1245184 1253376
455 1 1257472 1261568
593 1 847872 851968
277 1 1630208 1634304
277 1 1638400 1658880
277 1 1667072 1671168
595 1 0 512
302 1 1179648 1183744
417 1 745472 749056
272 1 827392 843776
94 1 1777664 1794048
60 1 618496 622592
191 1 1572864 1585152
48 1 749568 753664
379 1 1896448 1900544
379 1 114688 118784
551 1 487424 491520
484 1 531968 536064
380 1 1052672 1056768
379 1 1892352 1896448
69 1 1224192 1232384
69 1 1261056 1265152
69 1 1367552 1375744
69 2 1035776 1048576 1048576 1068544
69 1 1248768 1256960
69 1 1404416 1408512
484 1 536064 540160
484 1 540160 572928
529 1 1241088 1245184
484 1 572928 577024
470 1 1978368 1998848
203 1 729088 737280
203 1 798720 806912
484 1 540672 544768
281 1 1089536 1097728
203 1 737280 741376
281 1 1097728 1101824
203 1 802816 811008
484 1 540672 544768
203 1 741376 745472
380 1 1167360 1171456
788 1 806912 811008
792 1 925696 929792
792 1 970752 978944
792 1 888832 921600
792 1 958464 962560
792 1 868352 884736
792 1 937984 950272
203 1 819200 823296
259 1 1785856 1806336
757 1 1712128 1715200
251 1 696320 712704
718 1 417792 421888
491 1 544256 548352
998 1 90112 94208
491 1 548352 552448
438 1 876544 954368
200 1 1777664 1785856
724 1 1437696 1441792
225 1 245760 249856
200 1 1871872 1875968
529 1 274432 278528
472 1 1433600 1437696
529 1 278528 282624
225 1 180224 184320
529 1 282624 286720
225 1 245760 249856
529 1 286720 290816
472 1 1433600 1437696
225 1 180224 184320
922 1 765952 770048
359 1 348160 352256
922 1 704512 708608
240 1 1323008 1339392
458 1 1130496 1138688
200 1 1777664 1789952
200 1 1769472 1773568
8 1 532480 540672
99 1 1015808 1019904
99 1 950272 954368
100 1 81920 86016
87 1 204800 208896
52 1 557056 561152
270 1 1187840 1191424
585 1 524288 585728
53 1 73728 77824
184 1 1646592 1650688
203 1 802816 806912
867 1 1028096 1032192
17 1 36864 40960
867 1 1093632 1155072
867 2 1032192 1048576 1048576 1093632
176 1 999424 1003520
611 1 1908736 1912832
72 1 417792 421888
91 1 1028096 1048576
436 1 794624 802816
56 1 421888 434176
72 1 483328 487424
948 1 557056 565248
52 1 2068480 2097152
377 2 1556480 1572864 1572864 1587712
159 1 45056 49152
948 1 573440 581632
543 1 1966080 1968128
214 1 1671168 1675264
948 1 589824 593920
112 1 516096 524288
2 1 101888 105984
0 1 32256 36352
2 1 167424 171520
18 1 167424 171520
948 1 598016 602112
131 1 4096 8192
0 1 36352 40448
996 1 1449984 1454080
906 1 397312 475136
827 1 888832 892928
211 1 1716224 1720320
200 1 1822720 1835008
16 1 409600 413696
445 1 1126400 1134592
470 1 2056192 2060288
434 1 630784 638976
323 1 1150976 1159168
623 1 1585152 1593344
323 1 1159168 1163264
623 1 1593344 1597440
434 1 634880 638976
143 1 1519616 1531904
266 1 249856 258048
283 1 679936 684032
690 1 558592 560640
126 1 1671168 1675264
200 1 1855488 1859584
155 1 1048576 1052672
266 1 258048 262144
143 1 1531904 1536000
6 1 299520 327680
934 1 215040 216576
170 1 1908736 1912832
19 1 12288 20480
560 1 1069056 1073152
265 2 1048064 1048576 1048576 1052160
316 1 1011200 1015296
819 1 618496 622592
200 1 1871872 1875968
509 1 1773568 1822720
535 1 1544192 1550848
535 1 1892352 1904640
535 1 1552384 1556480
536 1 1552384 1554944
71 1 557056 561152
71 1 561152 577536
552 1 1748992 1757184
71 1 577536 581632
61 1 843776 864256
61 1 864256 876544
316 1 917504 983040
767 1 1406976 1472512
764 1 1486848 1490944
822 1 1368064 1376256
996 1 1695744 1698304
735 1 892928 909312
433 1 1961984 1966080
981 1 1970176 1974272
470 1 2027520 2031616
470 1 2048000 2052096
76 1 1888256 1900544
433 1 1961984 1966080
334 1 607744 608256
470 1 2093056 2097152
981 1 1970176 1974272
470 1 1982464 1990656
25 1 1961984 1966080
673 1 425984 430080
481 3 418304 524288 524288 786432 786432 942592
538 1 958464 966656
860 1 1946112 2097152
861 2 0 262144 262144 373248
250 1 966656 978944
515 1 520192 524288
707 1 556544 585216
707 1 609792 626176
707 1 585216 605696
723 1 524288 589824
787 1 2031616 2097152
788 1 0 131072
53 1 851968 872448
223 1 1585152 1589248
888 1 901120 905216
390 1 909312 917504
224 1 446464 450560
874 3 77824 262144 262144 524288 524288 602112
874 1 1650688 1716224
28 1 483328 487424
874 3 602112 786432 786432 1048576 1048576 1126400
989 1 1888256 1900544
166 1 307712 352256
200 1 1888256 1896448
874 3 1126400 1310720 1310720 1572864 1572864 1650688
874 2 1716224 1835008 1835008 2097152
875 1 0 143360
875 3 143360 262144 262144 524288 524288 667648
875 3 667648 786432 786432 1048576 1048576 1191936
61 1 802816 819200
114 2 201216 262144 262144 446464
184 1 1912832 1921024
114 1 983040 1040384
875 2 1716224 1835008 1835008 2097152
876 1 0 143360
875 3 1191936 1310720 1310720 1572864 1572864 1716224
114 2 446464 524288 524288 668160
839 1 548864 602112
287 1 1843200 1847296
653 1 1069056 1073152
560 1 1478656 1490944
912 1 983040 995328
272 1 843776 851968
282 1 49152 61440
388 1 270336 274432
159 1 1986560 1990656
834 1 442368 446464
603 1 1998848 2002944
456 1 1130496 1134592
456 1 1138688 1146880
621 1 790528 794624
456 1 1146880 1150976
18 1 1581056 1593344
184 1 1847296 1851392
896 1 987136 991232
767 1 1904640 1953792
120 3 1433600 1572864 1572864 1835008 1835008 1957888
120 1 1957888 2097152
121 2 0 262144 262144 385024
121 3 909312 1048576 1048576 1310720 1310720 1384448
121 3 385024 524288 524288 786432 786432 909312
129 1 1921024 1923072
212 1 1564672 1572864
244 1 1699840 1708032
119 1 1347584 1355776
210 1 1884160 1896448
119 2 512000 524288 524288 536576
119 1 1028096 1036288
484 1 699392 699904
483 1 1794048 1802240
118 1 1216512 1224704
190 1 339968 344064
297 1 1613824 1622016
297 1 1622016 1626112
218 1 282624 286720
823 1 610304 618496
468 1 864768 865280
468 1 865280 865792
468 1 865792 866304
468 1 866304 866816
16 1 483328 487424
269 1 1372160 1376256
235 1 1613824 1617920
833 1 692224 696320
911 1 802816 803840
668 1 1769472 1773568
36 1 2039808 2043904
99 1 1019904 1024000
670 1 1495040 1548288
359 1 352256 360448
50 1 1634304 1643520
470 1 1970176 1974272
909 1 995328 1003520
134 1 1781248 1781760
607 1 1789952 1798144
137 1 819200 843776
293 1 1314816 1323008
53 1 1478656 1482752
787 3 1507328 1572864 1572864 1835008 1835008 2031616
723 1 786432 917504
463 1 376832 389632
536 1 1204224 1207808
536 1 1036288 1047040
536 1 978944 982528
567 1 1654784 1658880
481 1 442368 446464
784 2 1687552 1835008 1835008 2097152
785 1 0 114688
536 1 1556480 1559040
567 1 1662976 1667072
257 1 536576 540672
262 1 868352 888832
153 3 974336 1048576 1048576 1310720 1310720 1498624
153 2 1498624 1572864 1572864 1822208
867 1 1155072 1159168
369 1 163840 167936
585 1 581632 585728
235 1 1609728 1613824
146 1 778240 782336
359 1 360448 364544
670 1 1544192 1548288
274 1 716800 720896
120 1 1253376 1257472
143 1 1536000 1548288
30 1 1892352 1908736
6 3 376832 524288 524288 786432 786432 872960
690 1 560128 561152
66 1 450560 458752
184 1 266240 270336
200 1 1789952 1798144
143 1 1548288 1552384
787 1 499712 503808
712 1 1880064 1881088
1 1 1658880 1662976
411 1 1748992 1753088
8 1 1486848 1503232
411 1 974848 983040
792 1 999424 1015808
792 1 1052672 1056768
795 1 1167360 1175552
792 1 1032192 1040384
795 1 1146880 1150976
795 1 1179648 1183744
795 1 1159168 1163264
792 1 1044480 1048576
898 1 442368 446464
149 1 1277440 1285632
795 1 1208320 1220608
447 1 1551872 1555968
861 1 1946112 2097152
862 2 0 262144 262144 373248
861 3 373248 524288 524288 786432 786432 897536
861 3 897536 1048576 1048576 1310720 1310720 1421824
861 3 1421824 1572864 1572864 1835008 1835008 1946112
862 1 1745408 1769472
862 2 1421824 1572864 1572864 1745408
862 3 373248 524288 524288 786432 786432 897536
360 1 2043904 2052096
581 1 561152 565248
522 1 1097728 1105920
135 1 1048576 1056768
305 1 32768 36864
415 1 1499136 1556480
414 1 1884160 1912832
414 1 1912832 1916928
424 1 880640 884736
414 1 1916928 1945600
414 1 1945600 1949696
16 1 483328 487424
264 1 581632 589824
49 1 802816 819200
264 1 1179648 1183744
203 1 831488 843776
383 1 872448 876544
250 1 684032 692224
57 1 1241088 1245184
249 1 1744896 1765376
212 1 237568 245760
212 1 278528 290816
306 1 925696 933888
491 1 552448 556544
491 1 556544 589312
491 1 589312 593408
306 1 933888 937984
707 1 556544 572928
707 1 626176 658944
237 1 1880064 1884160
445 1 1130496 1134592
243 1 1974272 1978368
470 1 1990656 1994752
16 1 483328 487424
436 1 798720 802816
611 1 1908736 1912832
72 1 417792 421888
265 1 995328 1003520
72 1 483328 487424
265 1 1003520 1007616
795 1 1277952 1286144
148 1 937472 941568
149 1 1400320 1404416
147 1 998912 1011200
149 1 1146368 1150464
795 1 1200128 1204224
150 1 445952 450048
795 1 1257472 1265664
795 1 1314816 1323008
346 1 249344 253440
795 1 1187840 1196032
795 1 1228800 1245184
795 1 1290240 1298432
922 1 241664 245760
202 1 573440 577536
210 1 909312 918528
833 3 258048 262144 262144 524288 524288 548864
547 1 1224704 1228800
833 1 552960 774144
151 1 1519616 1523712
225 1 245760 249856
472 1 1433600 1437696
529 1 290816 294912
529 1 303104 307200
529 1 315392 319488
529 1 294912 299008
529 1 307200 311296
529 1 319488 323584
529 1 299008 303104
225 1 180224 184320
529 1 311296 315392
203 1 790528 802816
225 1 245760 249856
18 1 1835008 1851392
212 1 352256 372736
203 1 798720 806912
252 1 978944 999424
203 1 733184 741376
638 1 1961984 1966080
302 1 835072 839168
302 1 835072 839168
18 1 1851392 1871872
212 1 409600 417792
212 1 372736 376832
8 1 491520 495616
252 1 1110016 1122304
302 1 835072 839168
302 1 835072 839168
409 1 815104 819200
299 1 1847296 1855488
203 1 806912 811008
299 1 1855488 1859584
203 1 741376 749568
634 1 1695744 1699328
482 1 524288 528384
344 1 1466368 1470464
475 1 8192 12288
474 1 2093056 2097152
470 1 2035712 2039808
69 2 1035776 1048576 1048576 1052160
376 1 1404928 1421312
69 1 1408512 1412608
69 1 1527296 1555968
470 1 2060288 2068480
484 1 577024 601600
369 1 2019328 2023424
484 1 601600 605696
529 1 1523712 1536000
470 1 1998848 2002944
820 1 1285632 1297920
22 1 2064384 2080768
529 1 1241088 1245184
33 1 1069056 1077248
470 1 2064384 2080768
867 1 1159168 1171456
569 1 974848 983040
433 1 1961984 1966080
277 1 94208 106496
470 1 2027520 2031616
239 1 839680 843776
28 1 425984 442368
981 1 1970176 1974272
30 1 1892352 1912832
667 1 208896 245760
433 1 1961984 1966080
470 1 2052096 2056192
20 1 483328 495616
665 1 737280 765952
480 1 1323008 1388544
200 1 1806336 1814528
478 1 1105920 1159168
275 1 753664 761856
568 1 1060864 1064960
390 1 458752 459264
442 1 540672 544768
315 1 102400 106496
83 1 446464 458752
287 1 733184 741376
72 1 598016 602112
179 1 790528 794624
287 1 741376 745472
179 1 806912 811008
504 1 1363968 1365504
550 1 909312 925696
470 1 2043904 2048000
882 1 614400 615936
475 1 1015808 1029120
365 1 172032 175104
19 1 286720 307200
8 1 512000 524288
21 3 483840 524288 524288 786432 786432 1008128
21 1 1008128 1036288
21 1 1572864 1630208
21 3 1036288 1048576 1048576 1310720 1310720 1475072
19 1 307200 319488
21 1 1475072 1572864
21 2 1638400 1835008 1835008 2064896
21 1 2064896 2097152
22 2 0 262144 262144 389120
111 1 557056 569344
175 1 315392 319488
175 1 212992 217088
561 2 491520 524288 524288 540672
137 1 843776 847872
293 1 1323008 1327104
47 1 757760 761856
53 1 1482752 1486848
412 1 163840 176128
652 1 1622016 1687552
24 1 393216 397312
14 1 1884160 1888256
143 1 1601536 1613824
16 1 557056 561152
152 1 1540096 1544192
690 1 560640 561152
567 1 1982464 2007040
249 1 1925120 1933312
67 1 888832 909312
836 1 598016 602112
567 1 2007040 2011136
249 1 1933312 1937408
251 1 1507328 1519616
836 1 598016 602112
836 1 598016 602112
836 1 598016 602112
469 1 815104 851968
652 1 1720320 1785856
652 1 1785856 1789952
563 1 1917440 2097152
564 1 0 16384
564 2 20480 262144 262144 283136
207 2 1785856 1835008 1835008 1851392
100 1 1064960 1069056
564 1 348672 430080
425 1 573440 577536
564 1 983040 1011712
102 1 1851392 1855488
564 3 430080 524288 524288 786432 786432 844288
63 1 163840 188416
614 1 1331200 1335296
632 1 876544 888832
250 1 397312 417792
203 1 770048 782336
575 1 802816 806912
385 1 548864 552960
368 1 1241088 1245184
876 1 393216 397312
368 1 2076672 2080768
203 1 843776 847872
936 1 49152 53248
203 1 778240 782336
580 1 815104 819200
257 1 1613824 1622016
580 1 835584 843776
617 3 500224 524288 524288 786432 786432 1007104
257 1 1622016 1626112
308 1 708608 724992
308 1 724992 729088
955 1 1871872 1875968
460 1 438272 442368
308 1 729088 749568
308 1 749568 753664
318 1 819200 823296
249 1 1937408 1961984
932 1 1798144 1802240
932 1 1835008 1839104
249 1 1961984 1966080
26 1 1835008 1851392
134 1 1781248 1782272
280 1 2035712 2043904
445 1 1130496 1134592
553 1 1211904 1244672
553 1 1244672 1248768
491 1 593408 597504
491 1 597504 617984
703 1 1081344 1085440
323 1 1163264 1171456
323 1 1171456 1175552
200 1 1777664 1781760
87 1 262144 282624
684 1 319488 323584
225 1 278528 376832
350 1 1908736 1910272
274 1 507904 512000
775 1 1421312 1429504
775 1 1429504 1433600
463 1 1871872 1875968
307 1 458752 466944
775 1 1433600 1441792
307 1 466944 471040
775 1 1441792 1445888
883 1 61440 65536
463 1 1871872 1875968
775 1 1445888 1454080
775 1 1454080 1458176
212 1 368640 376832
212 1 409600 421888
463 1 1871872 1875968
249 1 1638400 1654784
203 1 811008 819200
660 1 282624 286720
203 1 749568 753664
662 1 65536 69632
250 1 1462272 1482752
28 1 442368 462848
470 1 2031616 2035712
757 1 81920 86016
297 1 1822720 1830912
753 1 2076672 2097152
754 1 0 24576
757 1 94208 147456
723 1 1327104 1331200
942 1 1097728 1101824
580 1 286720 327680
67 1 708608 774144
757 1 212992 221184
785 3 114688 262144 262144 524288 524288 638976
200 1 1875968 1884160
575 1 1736704 1740800
34 1 1884160 1904640
676 1 696320 700416
509 1 1822720 1826816
53 1 872448 884736
277 1 249856 262144
288 1 356352 358912
249 1 200704 204800
859 2 512000 524288 524288 557056
880 1 1302528 1306624
876 3 143360 262144 262144 524288 524288 667648
876 2 1191936 1310720 1310720 1515520
959 1 1699840 1809408
166 3 417792 524288 524288 786432 786432 897536
876 1 2039808 2097152
877 2 0 262144 262144 466944
876 3 667648 786432 786432 1048576 1048576 1191936
877 3 466944 524288 524288 786432 786432 991232
200 1 1826816 1830912
28 1 417792 421888
876 3 1515520 1572864 1572864 1835008 1835008 2039808
877 3 991232 1048576 1048576 1310720 1310720 1515520
877 3 1515520 1572864 1572864 1835008 1835008 2039808
878 3 466944 524288 524288 786432 786432 991232
877 1 2039808 2097152
878 2 0 262144 262144 466944
878 3 991232 1048576 1048576 1310720 1310720 1314816
878 3 1314816 1572864 1572864 1835008 1835008 1839104
177 1 1458176 1461248
317 1 937984 942080
317 1 933888 937984
531 1 40960 45056
531 1 90112 94208
240 1 257536 261632
317 1 937984 942080
60 1 483328 491520
72 1 1851392 1867776
60 1 421888 430080
72 1 1867776 1888256
362 1 1818624 1830912
203 1 724992 729088
358 1 1650688 1671168
126 1 94208 98304
126 1 16384 20480
625 1 618496 647168
867 1 1171456 1175552
789 1 1605632 1606144
789 1 1606144 1606656
789 1 1617920 1618944
789 1 1606656 1609728
789 1 1618944 1622016
611 1 1908736 1912832
72 1 417792 421888
597 1 778240 782336
243 1 1970176 1974272
224 1 139264 147456
470 1 2056192 2064384
521 1 1732608 1736704
491 1 617984 622080
245 1 1978368 2097152
246 1 0 49152
308 2 1187840 1310720 1310720 1355776
260 1 630272 642560
670 1 1544192 1548288
240 1 1339392 1355776
359 1 364544 372736
899 1 1691648 1695744
251 1 634880 655360
40 1 1355264 1371648
203 1 798720 802816
40 1 1371648 1375744
290 1 1626112 1630208
951 1 1761280 1769472
515 1 737280 761856
948 1 1769472 1781760
907 1 1187840 1200128
515 1 761856 765952
251 1 1048576 1060864
203 1 733184 737280
609 1 385024 389120
213 1 1531904 1540096
851 2 1769472 1835008 1835008 2097152
852 1 0 184320
440 1 159232 163328
283 1 1670656 1674752
713 1 1658368 1662464
788 1 335360 339456
283 1 1654272 1666560
713 1 1715712 1719808
879 1 2043392 2047488
795 1 1327104 1331200
795 1 1351680 1363968
795 1 1388544 1396736
795 1 1417216 1421312
566 1 536064 540160
162 1 122880 131072
623 1 1085440 1089536
76 1 196608 221184
725 1 983040 1048576
789 1 1736704 1737728
284 1 733184 741376
284 1 741376 745472
468 1 866816 867328
49 1 856064 872448
468 1 867328 867840
468 1 867840 868352
479 1 1810432 1830912
416 1 1952768 1953280
39 1 1377792 1379840
335 1 1462272 1466368
479 2 1830912 1835008 1835008 1888256
960 1 303104 385024
49 1 872448 892928
335 1 1470464 1470976
16 1 417792 425984
416 1 1953280 1953792
495 1 2056192 2097152
496 1 0 24576
335 1 1470976 1471488
354 1 1236992 1241088
976 1 1314816 1318912
143 1 1613824 1617920
200 1 1859584 1863680
251 1 651264 655360
251 1 1191936 1196032
934 1 163840 167936
251 1 1114112 1126400
369 1 1531904 1536000
143 1 1617920 1630208
528 2 1024000 1048576 1048576 1089536
795 1 1458176 1462272
795 1 1449984 1454080
795 1 1368064 1380352
200 1 1843200 1851392
795 1 1433600 1441792
87 1 1294336 1298432
406 1 1035776 1039872
346 1 159744 163840
278 1 679424 683520
58 1 679424 683520
47 1 736768 740864
796 1 364544 368640
796 1 585728 589824
37 1 826880 830976
334 1 1540096 1544192
796 1 356352 360448
796 1 389120 393216
203 1 753664 757760
796 1 684032 688128
756 1 1625600 1629696
862 3 897536 1048576 1048576 1310720 1310720 1421824
862 2 1806848 1835008 1835008 2097152
863 1 0 120832
673 1 430080 434176
538 1 966656 974848
913 3 393728 524288 524288 786432 786432 918016
219 1 1069056 1081344
789 1 1765376 1766400
789 1 1737728 1740800
314 1 1536000 1560576
237 1 1093632 1097728
700 1 36864 40960
900 1 1085440 1089536
871 1 65536 73728
825 1 696320 704512
865 1 1101824 1110016
314 1 1626112 1650688
230 1 684032 692224
218 1 1548288 1552384
63 1 188416 192512
447 1 819200 843776
564 1 844288 983040
36 1 425984 446464
754 1 1544192 1548800
354 1 0 24576
462 1 1392640 1396736
53 1 1478656 1482752
212 1 438272 454656
462 1 1740800 1748992
442 1 147456 150016
222 1 1880064 1882624
47 1 757760 761856
203 1 794624 798720
83 1 188416 192512
82 1 1961984 1966080
83 1 294912 299008
668 1 1781760 1802240
224 1 77824 81920
707 1 724480 740864
774 1 286720 327680
135 1 1941504 2097152
136 1 0 8192
262 2 1187840 1310720 1310720 1347584
203 1 794624 798720
203 1 774144 778240
200 1 1859584 1863680
203 1 839680 843776
250 1 688128 696320
0 1 442368 454656
57 1 1241088 1245184
604 1 274432 282624
200 1 1855488 1859584
203 1 774144 782336
49 1 819200 839680
585 1 372736 376832
203 1 729088 733184
391 1 1880064 1884160
391 1 2093056 2097152
585 1 376832 380928
203 1 843776 847872
472 1 1433600 1437696
13 1 1564672 1568768
225 1 180224 188416
72 1 1904640 1921024
60 1 421888 425984
41 2 1536000 1572864 1572864 1589248
203 1 839680 847872
5 2 1564672 1572864 1572864 1593344
575 1 1798144 1802240
275 1 761856 765952
578 1 1200128 1204224
200 1 1814528 1818624
578 1 1728512 1732608
785 3 638976 786432 786432 1048576 1048576 1163264
274 1 2035712 2039808
781 1 1179648 1245184
858 1 401408 405504
993 1 647168 651264
72 1 483328 487424
281 1 425984 434176
127 1 221184 237568
281 1 434176 438272
611 1 1908736 1912832
515 1 1953792 1961984
243 1 1646592 1650688
724 1 1245184 1253376
838 1 1929216 1937408
836 1 892928 901120
288 1 61440 65536
114 1 2084864 2088960
407 1 1802240 1806336
16 1 1601536 1605632
288 1 126976 131072
16 1 1536000 1540096
629 1 593920 598016
480 1 1761280 1830912
480 1 1830912 1835008
470 1 1970176 1978368
235 1 1613824 1617920
359 1 372736 376832
645 1 589824 592896
998 1 212992 217088
50 1 1654784 1664000
226 1 1081344 1114112
680 1 1798144 1802240
235 1 1609728 1613824
203 1 794624 798720
46 1 1089536 1093632
693 1 544768 610304
8 1 1650688 1671168
38 1 1884160 1904640
163 1 966656 970752
72 1 1146880 1150976
6 3 872960 1048576 1048576 1310720 1310720 1397248
143 1 1630208 1634304
522 1 1901056 1904128
58 1 1884160 1904640
804 1 966656 970752
22 1 1769472 1835008
364 1 1179648 1245184
23 1 327680 368640
804 1 925696 958464
803 1 1413120 1417216
876 1 1503232 1527808
876 3 880640 1048576 1048576 1310720 1310720 1318912
876 1 1601536 1622016
744 1 1916928 1922048
876 1 1634304 1650688
876 1 1691648 1699840
876 1 1449984 1486848
876 1 1536000 1560576
7 3 143360 262144 262144 524288 524288 589824
88 1 475136 491520
212 1 2031616 2035712
203 1 794624 802816
203 1 835584 847872
176 1 1847296 1851392
203 1 778240 782336
82 1 1798144 1818624
203 1 843776 847872
72 1 471040 479232
176 1 1847296 1851392
203 1 778240 782336
212 1 2035712 2052096
203 1 843776 847872
176 1 1847296 1851392
203 1 778240 782336
35 1 319488 323584
12 1 483328 487424
304 1 1171456 1179648
961 1 921600 922624
529 1 1241088 1245184
304 1 1179648 1183744
470 1 2011136 2015232
227 1 839680 843776
277 1 2039808 2048000
277 1 2048000 2052096
28 1 425984 442368
529 1 1241088 1245184
470 1 2076672 2084864
95 1 1519616 1536000
158 1 278528 282624
599 1 417792 421888
208 1 376832 380928
133 1 749568 757760
580 1 1114112 1118208
685 1 527872 531968
685 1 531968 536064
755 1 110592 131072
307 1 69632 81920
28 1 831488 835584
580 1 1118208 1122304
981 1 1970176 2060288
842 1 16384 65536
9 1 1679360 1695744
802 1 2015232 2097152
803 1 0 73728
274 1 1032192 1040384
470 1 1986560 1990656
274 1 1040384 1044480
9 1 1695744 1699840
842 1 61440 65536
470 1 2052096 2060288
60 1 1810432 1814528
203 1 811008 819200
203 1 749568 753664
482 1 524288 528384
203 1 815104 819200
562 1 1327104 1331200
380 1 1167360 1171456
674 1 1933312 1937408
675 1 163840 167936
143 1 1712128 1740800
330 1 704512 708608
628 1 1179648 1204224
491 1 622080 650752
491 1 650752 654848
994 1 335872 495616
668 1 1802240 1806336
237 1 1875968 1880064
184 1 1863680 1871872
280 1 2043904 2048000
445 1 1130496 1134592
224 1 143360 147456
26 1 1851392 1871872
229 1 999424 1015808
876 1 356352 360448
230 1 1261568 1277952
670 1 1544192 1548288
942 1 2023424 2026496
475 1 1085440 1097728
24 1 483328 503808
731 1 65536 66560
24 1 434176 438272
777 1 1437696 1441792
186 1 15872 19968
24 1 499712 512000
257 1 24576 32768
257 1 32768 36864
24 1 442368 450560
801 1 1495040 1499136
251 1 897024 913408
777 1 1437696 1441792
249 1 516096 524288
300 1 1523200 1527296
795 1 1466368 1470464
796 1 376832 380928
796 1 675840 679936
922 1 294912 303104
797 1 434176 438272
797 1 466944 471040
797 1 421888 425984
797 1 458752 462848
797 1 802816 806912
797 1 786432 790528
863 3 655360 786432 786432 1048576 1048576 1179648
863 3 131072 262144 262144 524288 524288 655360
481 3 942592 1048576 1048576 1310720 1310720 1466880
863 3 1179648 1310720 1310720 1572864 1572864 1703936
538 1 974848 983040
863 2 1703936 1835008 1835008 2097152
864 1 0 131072
864 3 131072 262144 262144 524288 524288 655360
864 3 655360 786432 786432 1048576 1048576 1179648
864 3 1179648 1310720 1310720 1572864 1572864 1703936
864 2 1703936 1835008 1835008 1966080
520 1 1839104 1843200
47 1 1970176 1974272
230 1 475136 479232
369 1 167936 172032
435 1 1343488 1355776
323 1 610304 663552
60 1 483328 487424
768 1 950272 954368
95 1 819200 839680
60 1 417792 425984
481 1 1257472 1261568
471 1 1572864 1576960
471 1 1503232 1507328
95 1 839680 851968
422 1 217088 233472
305 1 1970176 1974272
305 1 1957888 1961984
804 1 1024000 1033216
793 1 548864 589824
28 1 417792 425984
522 1 1904128 1906688
48 1 421888 425984
899 1 741376 742400
522 1 1913344 1913856
522 1 1906688 1913344
143 1 1634304 1646592
200 1 1777664 1781760
522 1 1913856 1917440
522 1 1917440 1918976
311 1 569344 577536
53 1 1482752 1486848
323 1 1363968 1413120
311 1 577536 581632
323 1 1413120 1417216
53 1 1478656 1482752
811 1 532480 548864
372 1 1896448 1900544
309 1 2035712 2043904
309 1 2043904 2048000
583 1 1007616 1015808
279 1 1888256 1896448
251 1 1052672 1060864
334 1 638976 647168
279 1 1896448 1900544
920 1 69632 72192
930 1 1363968 1368576
343 1 548864 569344
83 1 1392640 1396736
331 1 245760 249856
612 1 73728 90112
251 1 1060864 1064960
333 1 983040 987136
122 1 1503744 1504768
122 1 1504768 1505792
122 1 1505792 1506304
161 1 405504 413696
161 1 417792 421888
161 1 430080 434176
416 1 212992 221184
552 1 1527808 1531904
416 1 917504 921600
554 1 839680 843776
579 1 200704 204800
200 1 1880064 1888256
407 1 53248 99840
406 1 1105920 1167360
34 1 1904640 1916928
579 1 737280 741376
676 1 696320 700416
24 1 417792 421888
786 1 131072 143360
203 1 729088 733184
470 1 2039808 2043904
56 1 864256 880640
240 1 1355776 1372160
836 1 598016 602112
217 1 217088 225280
476 1 1126400 1142784
836 1 598016 602112
836 1 602112 610304
822 1 196608 208896
836 1 602112 606208
822 1 208896 212992
203 1 729088 737280
836 1 602112 606208
316 1 1040384 1044480
836 1 602112 606208
203 1 798720 802816
253 1 753664 761856
491 1 654848 658944
283 1 278528 421888
188 2 1748992 1835008 1835008 1888256
707 1 740864 769536
707 2 769536 786432 786432 790016
470 1 1994752 1998848
107 1 1830912 1835008
723 1 732672 785920
442 1 565248 614400
944 1 987136 995328
71 3 426496 524288 524288 786432 786432 950784
68 1 1167360 1175552
349 1 974848 991232
966 2 1212416 1310720 1310720 1351680
966 3 688128 786432 786432 1048576 1048576 1212416
251 1 905216 913408
900 1 1138688 1142784
251 1 913408 917504
984 1 1343488 1429504
988 1 1531904 1536000
985 1 1449984 1470464
553 1 1679360 1683456
772 1 532480 536576
772 1 585728 589824
186 1 1187840 1191936
721 1 118784 122880
416 1 200704 208896
2 1 61440 65536
553 1 1687552 1691648
417 1 806912 811008
772 1 548864 552960
25 1 1388544 1392640
107 1 155648 159744
293 1 671744 675840
418 1 299008 303104
245 1 688128 692224
471 1 1568768 1572864
419 1 1777664 1781760
428 1 876544 888832
275 1 1097728 1101824
127 1 1744896 1761280
72 1 417792 421888
32 1 483328 487424
72 1 483328 487424
32 1 409600 413696
284 1 444928 445440
611 1 1908736 1912832
436 1 798720 806912
200 1 1843200 1847296
200 1 1777664 1781760
200 1 1843200 1851392
256 1 544768 573440
200 1 1781760 1785856
200 1 1847296 1855488
16 1 417792 421888
49 1 802816 819200
126 1 1523712 1531904
16 1 483328 495616
16 1 425984 430080
16 1 491520 495616
412 1 1228800 1232896
575 1 802816 806912
176 1 1527808 1552384
31 1 1859584 1867776
203 1 843776 847872
203 1 729088 749568
203 1 778240 782336
704 1 1535488 1539584
176 1 1527808 1531904
575 1 802816 806912
203 1 843776 847872
601 1 16384 86016
862 1 1769472 1806848
266 1 638976 643072
520 1 1843200 1847296
26 1 1888256 1904640
913 3 918016 1048576 1048576 1310720 1310720 1442304
219 1 1019904 1024000
673 1 434176 438272
858 1 438272 446464
274 1 2048000 2084864
456 1 348160 380928
55 1 970752 983040
564 3 1011712 1048576 1048576 1310720 1310720 1397248
447 1 843776 847872
55 1 1048576 1101824
63 1 192512 196608
476 1 901120 987136
164 1 851968 856064
469 1 851968 856064
564 3 1397248 1572864 1572864 1835008 1835008 1921536
164 1 856064 860160
877 1 1638400 1646592
235 1 1613824 1617920
359 1 376832 393216
212 1 352256 368640
355 1 1789952 1806336
50 1 1675264 1684480
790 1 196608 197120
36 1 507904 516096
807 1 1118208 1122304
200 1 1777664 1794048
993 1 1957888 1966080
47 1 757760 761856
893 1 1019904 1022464
777 1 2084864 2088960
529 1 1241088 1245184
28 1 442368 462848
533 1 2043392 2055680
470 1 2015232 2019328
227 1 782336 786432
744 1 69120 73216
744 1 32256 36352
174 1 1719808 1723904
174 1 1170944 1175040
178 1 343552 351744
178 1 237056 241152
266 1 1392128 1404416
178 1 323072 331264
279 1 2059776 2063872
946 1 462848 471040
945 1 1941504 1949696
635 1 1667072 1671168
868 1 1093632 1097728
797 1 442368 446464
797 1 757760 765952
346 1 159744 163840
797 1 1024000 1028096
797 1 1015808 1019904
797 1 1048576 1052672
797 1 1040384 1044480
797 1 1056768 1060864
797 1 1077248 1081344
37 1 643072 651264
796 1 327680 331776
797 1 1064960 1069056
761 2 1040384 1048576 1048576 1064960
119 1 438272 450560
291 1 1413120 1417216
6 2 1397248 1572864 1572864 1658880
22 1 770048 774144
143 1 1646592 1650688
255 1 2093056 2097152
256 1 0 4096
6 2 1662976 1835008 1835008 1925632
200 1 1843200 1847296
522 1 1918976 1921536
707 1 794112 810496
215 1 860160 917504
272 1 1171456 1179648
491 1 658944 663040
491 1 663040 695808
192 1 204800 208896
192 1 1781760 1785856
192 1 950272 954368
785 1 1966080 1974272
192 1 212992 262144
192 1 655360 659456
192 1 958464 1019904
192 2 1794048 1835008 1835008 1855488
383 1 872448 876544
585 1 372736 376832
315 1 839680 864256
315 1 999424 1024000
981 1 147456 153088
200 1 1789952 1798144
219 1 638976 643072
346 1 1437696 1449984
478 1 417792 434176
553 1 1249280 1253376
200 1 1859584 1863680
201 1 1843200 1863680
464 1 1441792 1445888
250 1 692224 700416
585 1 376832 380928
203 1 778240 786432
180 2 1572864 1835008 1835008 1966080
200 1 1794048 1798144
581 1 450560 454656
467 1 1179136 1183232
173 1 1842688 1846784
559 1 32768 36864
174 1 3584 7680
174 1 220672 224768
174 1 1084928 1093120
720 1 782336 786432
173 2 1834496 1835008 1835008 1838592
467 1 466432 470528
165 1 1752576 1756672
266 1 1404416 1441280
173 1 1883648 1887744
174 1 1326592 1330688
174 1 93696 97792
174 1 880128 884224
174 1 1244672 1248768
178 1 11776 15872
178 1 241152 249344
178 1 310784 323072
775 1 1458176 1466368
512 1 753664 757760
200 1 1777664 1785856
147 1 970752 974336
212 1 892928 909312
775 1 1466368 1470464
203 1 729088 733184
463 1 1871872 1875968
775 1 1470464 1478656
775 1 1478656 1482752
463 1 1871872 1875968
775 1 1482752 1490944
249 1 1654784 1675264
200 1 1847296 1855488
775 1 1490944 1495040
716 3 1069056 1310720 1310720 1572864 1572864 1593344
443 1 1994752 2007040
200 1 1843200 1847296
200 1 1773568 1777664
203 1 729088 733184
667 1 114688 126976
251 1 389120 393216
203 1 786432 790528
327 1 1666560 1667072
529 1 323584 327680
529 1 327680 331776
13 1 1564672 1568768
72 1 1921024 1941504
203 1 843776 847872
60 1 487424 491520
529 1 331776 335872
203 1 786432 790528
13 1 1564672 1568768
529 1 335872 339968
202 1 720896 733184
248 1 0 4096
184 1 1851392 1855488
28 1 421888 430080
203 1 843776 851968
890 1 1433600 1441792
202 1 1015808 1019904
25 1 73728 77824
129 1 643072 646144
248 1 0 4096
685 1 1507328 1511424
24 1 380928 385024
9 1 815104 819200
56 1 1331200 1335296
802 1 40960 43520
24 1 1634304 1638400
203 1 782336 786432
202 1 1015808 1024000
139 1 1921024 1925120
580 1 1490944 1495040
496 1 647168 679936
200 1 1818624 1822720
785 3 1163264 1310720 1310720 1572864 1572864 1675264
464 1 1445888 1449984
919 1 2002944 2015232
585 1 897024 905216
191 1 1114112 1179648
199 1 65536 69632
199 1 131072 135168
192 1 458752 524288
998 1 94208 131072
80 1 1662976 1798144
214 2 983040 1048576 1048576 1064960
192 1 524288 536576
491 1 695808 699904
878 1 1839104 2097152
879 2 0 262144 262144 266240
879 3 266240 524288 524288 786432 786432 790528
114 2 1040384 1048576 1048576 1249792
879 3 790528 1048576 1048576 1310720 1310720 1314816
200 1 1892352 1900544
879 2 1314816 1572864 1572864 1755648
114 2 668160 786432 786432 983040
880 1 1302528 1306624
166 3 897536 1048576 1048576 1310720 1310720 1421824
200 1 1830912 1835008
887 1 1662976 1667072
846 1 1716224 1720320
114 3 1249792 1310720 1310720 1572864 1572864 1774080
200 1 1896448 1900544
166 3 1421824 1572864 1572864 1835008 1835008 1946112
200 2 1830912 1835008 1835008 1843200
114 2 1774080 1835008 1835008 2097152
115 1 0 201216
263 1 1961984 1966080
253 1 761856 765952
261 1 1224704 1261568
593 1 1445888 1447424
859 1 557056 561152
195 1 1658880 1675264
54 1 823296 827392
756 1 1966080 1970176
545 1 499712 502784
235 1 1609728 1613824
359 1 458752 462848
670 1 1544192 1552384
178 1 376320 384512
173 1 1940992 1945088
175 1 757248 761344
174 1 101888 105984
178 1 97792 101888
174 1 1261056 1265152
178 1 253440 257536
178 1 335360 343552
178 1 392704 396800
174 2 1048064 1048576 1048576 1052160
177 1 2043392 2047488
178 1 208384 216576
178 1 290304 302592
178 1 429568 433664
178 1 368128 372224
178 1 404992 409088
178 1 437760 445952
174 1 1400320 1404416
178 1 482816 486912
311 1 1298432 1306624
16 1 417792 421888
252 1 794624 802816
71 3 950784 1048576 1048576 1310720 1310720 1475072
723 2 785920 786432 786432 790016
71 3 1475072 1572864 1572864 1835008 1835008 1999360
203 1 729088 733184
445 1 1130496 1134592
178 1 331264 335360
178 1 450048 458240
174 1 1408512 1412608
178 1 527872 531968
178 1 417280 421376
174 1 1424896 1428992
354 1 1511424 1515520
174 1 1367552 1371648
174 1 1302016 1310208
174 1 1248768 1252864
174 1 1166848 1170944
174 1 1023488 1039872
174 1 1392128 1396224
174 1 1338880 1351168
174 1 1379840 1388032
174 1 1289728 1297920
174 1 1318400 1326592
174 1 1236480 1240576
174 1 1134080 1138176
174 1 1265152 1269248
274 1 1511424 1519616
274 1 1519616 1523712
24 1 512000 516096
249 1 524288 528384
24 1 446464 450560
777 1 1437696 1441792
24 1 512000 516096
210 1 1179648 1228800
251 1 913408 917504
468 1 282624 286720
28 1 548864 552960
389 1 720896 770048
22 1 835584 839680
24 1 446464 450560
251 1 1114112 1130496
568 1 1335296 1343488
138 1 700416 704512
138 1 626688 638976
457 1 843776 847872
53 1 1482752 1486848
60 1 548864 552960
994 1 65536 122880
212 1 454656 458752
36 1 446464 450560
212 1 1507328 1523712
72 1 1912832 1929216
36 1 512000 516096
104 1 1519616 1520640
60 1 614400 622592
788 1 626688 630784
46 1 1380352 1388544
46 1 1396736 1400832
48 1 1568768 1572864
46 1 1363968 1376256
48 1 1581056 1585152
48 1 1552384 1560576
48 1 1593344 1597440
342 1 1077248 1089536
722 1 212992 241664
346 1 159744 163840
260 1 1417216 1425408
48 1 1605632 1613824
48 1 1630208 1642496
48 1 1675264 1679360
48 1 1646592 1662976
6 1 475136 491520
579 1 147456 163840
212 1 2023424 2031616
213 1 393216 401408
314 1 1241088 1249280
72 1 417792 425984
403 1 2068480 2072576
22 1 1212416 1220608
249 1 1245184 1261568
403 1 2084864 2093056
200 1 1777664 1781760
325 1 409600 421888
184 1 1847296 1859584
988 1 1409024 1441792
981 1 880640 925696
988 1 1490944 1511424
971 1 884736 888832
985 1 1662976 1671168
538 1 983040 987136
257 1 1572864 1581056
16 1 417792 421888
481 3 1466880 1572864 1572864 1835008 1835008 1991168
519 1 606208 610304
538 1 987136 991232
73 1 585728 589824
520 1 1445888 1449984
219 1 1077248 1081344
538 1 991232 995328
748 2 1688064 1835008 1835008 2097152
749 1 0 115200
25 1 536576 540672
628 1 1216512 1265664
269 2 782336 786432 786432 790528
269 1 790528 794624
18 1 286720 290816
18 1 274432 278528
685 1 527872 536064
433 1 1961984 1970176
470 1 1966080 1970176
842 1 61440 77824
470 1 1990656 1994752
433 1 1966080 1970176
470 1 2031616 2035712
658 1 974848 978944
234 1 1634304 1642496
226 1 335872 344064
842 1 73728 81920
934 2 1044480 1048576 1048576 1056768
174 1 1015296 1019392
174 1 970240 986624
326 1 557056 622592
174 1 912896 916992
174 1 884224 888320
174 1 949760 957952
174 1 1195520 1207808
174 1 904704 908800
174 1 1064448 1068544
174 1 994816 998912
174 1 921088 925184
174 1 798208 814592
174 1 835072 839168
174 1 724480 728576
174 1 777728 781824
174 1 704000 708096
174 1 646656 650752
174 1 892416 896512
174 1 818688 826880
272 1 1179648 1183744
0 1 1703936 1748992
707 1 740864 757248
0 1 1748992 1753088
106 2 1232896 1310720 1310720 1368064
184 1 1871872 1880064
588 1 1089536 1093632
481 1 442368 446464
257 1 536576 540672
470 1 331776 335872
371 1 1531904 1536000
174 1 761344 765440
174 1 691712 695808
174 1 601600 609792
174 1 638464 642560
174 1 626176 630272
174 1 548352 552448
174 1 507392 515584
174 1 589312 593408
174 1 531968 540160
174 1 421376 429568
174 1 306688 310784
174 1 200192 204288
174 1 564736 568832
174 1 519680 523776
174 1 384512 400896
174 1 314880 318976
174 1 364032 376320
174 1 245248 249344
174 1 212480 216576
174 1 175616 179712
337 1 1155072 1183744
337 1 1183744 1187840
297 1 282624 286720
725 1 1114112 1179648
787 1 524288 786432
134 1 1781760 1782272
311 1 1306624 1310720
718 1 1921024 1937408
72 3 426496 524288 524288 786432 786432 950784
212 1 352256 368640
71 1 1999360 2097152
72 2 0 262144 262144 426496
58 1 299008 303104
73 1 225792 262144
200 1 1843200 1855488
485 1 937984 946176
485 1 991232 995328
518 1 1724416 1748992
518 1 1748992 1753088
87 1 282624 294912
18 1 1916928 1933312
482 1 1613824 1626112
203 1 778240 786432
36 1 815104 819200
575 1 802816 806912
203 1 847872 851968
203 1 811008 815104
263 1 1712128 1728512
404 1 1622016 1626112
183 1 1527808 1531904
302 1 1200128 1204224
868 1 2002944 2007040
470 1 1679360 1683456
468 1 303104 307200
137 1 528384 532480
516 1 1531904 1536000
280 1 258048 262144
684 1 2052096 2056192
560 1 475136 479232
516 1 1544192 1548288
203 1 794624 798720
203 1 794624 798720
740 1 618496 622592
28 1 540672 544768
777 1 1437696 1441792
369 1 163840 167936
790 1 770048 774144
790 1 229376 233472
426 1 348160 352256
369 1 167936 172032
335 1 1471488 1472000
60 1 417792 425984
354 1 1245184 1245696
335 1 1472000 1472512
72 1 1851392 1871872
284 1 745472 770048
284 1 770048 774144
72 1 1871872 1884160
2 2 1024000 1048576 1048576 1089536
60 1 487424 491520
4 1 389120 430080
398 1 184320 192512
4 1 479232 499712
665 1 1736704 1744896
960 1 385024 389120
4 1 499712 503808
39 1 1379840 1380864
683 1 1814528 1826816
203 1 733184 737280
647 1 208896 221184
836 1 602112 610304
316 1 1040384 1044480
836 1 606208 610304
203 1 798720 802816
476 1 1142784 1163264
203 1 733184 737280
836 1 606208 610304
347 1 1441792 1445888
316 1 1040384 1044480
836 1 606208 610304
203 1 802816 806912
980 1 475136 479232
305 1 1970176 1974272
201 1 1650688 1654784
745 1 331776 339968
565 1 385024 417792
10 1 565248 585728
534 1 1318912 1323008
184 1 1912832 1916928
534 1 1310720 1314816
184 1 1839104 1843200
735 1 1515520 1518080
696 1 503808 507904
738 1 802816 805376
739 1 122880 126976
739 1 69632 82432
279 1 36864 45056
200 1 1773568 1777664
290 1 1376256 1384448
256 1 4096 8192
263 1 327680 344064
143 1 1650688 1662976
290 1 1384448 1388544
373 1 1986560 1987072
58 1 1904640 1916928
34 1 839680 877056
175 1 262144 315392
175 1 319488 327680
168 1 131072 196608
34 3 942592 1048576 1048576 1310720 1310720 1466880
168 1 327680 393216
561 1 540672 544768
34 2 1466880 1572864 1572864 1630208
36 2 1179648 1310720 1310720 1540608
37 1 262144 282624
36 2 1540608 1572864 1572864 1830912
36 2 1830912 1835008 1835008 2044416
37 1 294912 504320
36 1 2044416 2097152
37 1 0 262144
37 1 623104 626688
39 1 131072 217088
37 2 504320 524288 524288 623104
203 1 749568 753664
143 1 1740800 1744896
437 1 626688 659456
200 1 1843200 1847296
0 1 421888 438272
470 1 1974272 1978368
670 1 1548288 1552384
240 1 1372160 1388544
269 1 1372160 1376256
470 1 2039808 2043904
212 1 409600 421888
212 1 368640 376832
359 1 462848 471040
235 1 1613824 1617920
72 1 401408 405504
174 1 105984 110080
173 1 2006528 2010624
174 1 134656 138752
174 1 1162752 1166848
174 1 1138176 1142272
173 1 2088448 2092544
173 1 2080256 2084352
174 1 1146368 1150464
174 1 1211904 1220096
174 1 1175040 1195520
174 1 1240576 1244672
987 1 1949184 1953280
174 1 1224192 1228288
174 1 1232384 1236480
834 1 1826304 1830400
174 1 1281536 1285632
266 1 1441280 1465856
326 1 622592 626688
173 1 1859072 1863168
173 1 1904128 1908224
417 1 1748992 1761280
31 2 655360 786432 786432 847872
305 1 1970176 1974272
305 1 1961984 1966080
876 1 1417216 1429504
805 1 45056 53248
282 1 1204224 1212416
965 1 368640 438272
964 1 1941504 2097152
965 2 0 262144 262144 368640
88 1 491520 495616
282 1 1212416 1216512
712 1 1769472 1802240
251 1 1961984 1966080
3 1 602112 614400
252 1 65536 81920
3 1 675840 684032
203 1 729088 733184
72 3 950784 1048576 1048576 1310720 1310720 1475072
72 1 1999360 2097152
73 1 0 225792
282 1 1220608 1228800
243 1 1974272 1978368
73 2 287232 524288 524288 720896
470 1 2060288 2064384
108 1 1475072 1507328
203 1 724992 729088
203 1 794624 802816
72 3 1475072 1572864 1572864 1835008 1835008 1999360
203 1 794624 798720
981 1 151552 155136
462 1 802816 806912
464 1 1445888 1449984
203 1 847872 851968
250 1 696320 704512
981 1 151552 157184
171 2 1769472 1835008 1835008 1908736
271 1 167936 172032
203 2 782336 786432 786432 790528
171 3 720896 786432 786432 1048576 1048576 1245184
56 1 798720 802816
203 1 729088 737280
464 1 1441792 1445888
73 1 487424 507904
750 1 794112 798208
174 1 81408 85504
173 1 2043392 2047488
266 1 1535488 1539584
174 1 204288 208384
174 1 241152 245248
174 1 404992 409088
174 1 744960 749056
174 1 830976 835072
174 1 249344 253440
174 1 433664 437760
174 1 753152 757248
174 1 720384 724480
174 1 781824 785920
174 1 933376 941568
174 1 1052160 1056256
174 1 900608 904704
174 1 1097216 1101312
174 1 1068544 1084928
174 1 1228288 1232384
31 1 475136 491520
331 2 1830912 1835008 1835008 1863680
203 1 794624 798720
203 1 724992 729088
769 1 745472 757760
56 1 815104 819200
343 1 733184 737280
651 1 1196032 1200128
343 1 798720 806912
583 1 774144 778240
666 1 155648 159744
866 1 1740800 1744384
640 1 1429504 1433600
384 1 1748992 1753088
200 1 1847296 1859584
987 1 446464 450560
941 1 1351680 1354240
343 1 737280 741376
878 1 1835008 1839104
909 1 1261568 1294336
909 1 1294336 1298432
64 1 1668096 1733632
928 1 1609728 1622016
707 1 810496 843264
112 1 286720 417792
6 1 868352 876544
491 1 704000 724480
491 1 699904 704000
59 2 1757184 1835008 1835008 1888256
185 1 815104 946176
491 1 724480 728576
502 1 868352 869376
971 1 667648 700416
980 2 1568768 1572864 1572864 1617920
30 1 0 8192
544 1 307200 315392
171 1 1810432 1814528
711 1 581632 585728
282 1 397312 401408
247 1 1007616 1011712
247 1 999424 1003520
543 1 2088960 2093056
578 1 229376 233472
48 1 1691648 1708032
49 1 1134592 1138688
48 1 1622016 1626112
49 1 1114112 1118208
48 1 1667072 1671168
49 1 1089536 1093632
454 1 532480 536576
49 1 1097728 1105920
302 1 430080 462848
888 1 1024000 1036288
49 1 1150976 1155072
1 1 1511424 1540096
763 1 479232 491520
349 1 1138688 1142784
836 1 606208 610304
321 1 1200128 1204224
892 1 167936 172032
803 1 114688 115712
523 1 1298432 1302528
166 1 1519616 1523712
961 1 1368064 1372160
126 1 2019328 2023424
397 1 1658880 1667072
862 1 2064384 2067456
763 1 495616 503808
124 1 798720 802816
71 1 958464 962560
965 1 196608 199680
961 2 1286144 1310720 1310720 1363968
203 1 737280 741376
836 1 606208 618496
166 1 327680 331776
520 1 1839104 1843200
520 1 1445888 1449984
913 3 1442304 1572864 1572864 1835008 1835008 1901056
481 1 1991168 2097152
482 2 0 262144 262144 352768
266 1 638976 643072
520 1 1843200 1847296
749 1 115200 131072
529 1 339968 344064
529 1 344064 348160
203 1 843776 847872
510 1 1572864 1576960
203 1 786432 790528
510 1 1576960 1581056
13 1 1564672 1568768
510 1 1581056 1585152
510 1 1585152 1589248
203 1 843776 851968
510 1 1589248 1593344
510 1 1593344 1597440
905 1 1261568 1282048
552 1 1892352 1900544
510 1 1597440 1601536
203 1 790528 794624
510 1 1601536 1605632
462 1 1662976 1665536
296 1 1294336 1298432
296 1 1310720 1323008
668 1 425984 434176
721 1 1183744 1187840
648 1 1908736 1912832
529 1 1835008 1855488
670 1 1642496 1646592
174 1 1256960 1261056
174 1 1060352 1064448
178 1 204288 208384
174 1 1416704 1420800
174 1 1105408 1134080
174 1 1297920 1302016
467 1 1187328 1191424
173 1 2055680 2059776
178 1 216576 220672
174 1 658944 663040
174 1 630272 634368
174 1 740864 744960
174 1 749056 753152
174 1 794112 798208
174 1 941568 945664
174 1 855552 859648
174 1 1003008 1007104
174 1 871936 876032
174 1 1252864 1256960
174 1 1101312 1105408
607 1 1798144 1802240
777 1 2084864 2088960
816 1 1257472 1269760
53 1 1478656 1482752
44 1 815104 819200
36 1 446464 450560
36 1 512000 520192
104 1 1519616 1520640
174 2 1310208 1310720 1310720 1318400
174 1 1285632 1289728
174 1 1011200 1015296
174 1 1056256 1060352
174 1 1269248 1281536
174 1 1330688 1338880
174 1 1371648 1379840
174 1 1412608 1416704
174 1 1351168 1367552
174 1 1388032 1392128
174 1 1420800 1424896
174 1 1404416 1408512
174 1 1691136 1695232
174 1 1699328 1703424
175 1 749056 757248
175 1 736768 744960
174 1 1428992 1437184
174 1 1711616 1715712
175 1 781824 785920
175 1 761344 773632
202 1 1028096 1032192
340 1 1302528 1306624
248 1 0 4096
295 1 880640 884736
203 1 847872 851968
62 1 151552 155648
202 1 1015808 1019904
62 1 159744 163840
401 1 1503232 1507328
57 1 188416 192512
522 1 1921536 1924608
143 1 1662976 1667072
22 1 765952 770048
6 1 1925632 2097152
7 2 0 262144 262144 352768
143 1 1671168 1683456
359 1 471040 475136
50 1 1695744 1704960
235 1 1609728 1613824
82 1 1798144 1814528
