#StripeID,rangenumber,BlockOffsetStart,BlockOffsetEnd
147 2 344064 393216 393216 409600
358 8 32768 65536 65536 131072 131072 196608 196608 262144 262144 327680 327680 393216 393216 458752 458752 524288
359 1 0 32768
153 1 487424 495616
143 3 327680 393216 393216 458752 458752 475136
820 1 364544 372736
384 1 147456 155648
145 1 307200 323584
338 1 487424 491520
69 1 118784 126976
729 1 208896 212992
345 1 45056 61440
724 1 208896 212992
384 1 475136 495616
765 1 270336 274432
490 1 245760 253952
97 1 475136 479232
521 1 299008 303104
460 1 323584 327680
48 1 151552 196608
939 2 131072 196608 196608 225280
180 1 217088 221184
183 1 245760 253952
183 1 253952 258048
58 1 229376 233472
202 1 479232 484352
522 2 229376 262144 262144 294912
371 1 225280 233472
371 1 233472 237568
388 1 360448 363520
945 1 335872 336896
478 1 196608 200704
215 1 479232 512000
646 2 294912 327680 327680 360448
618 1 503808 524288
619 2 0 65536 65536 77824
318 2 389120 393216 393216 454656
570 3 245760 262144 262144 327680 327680 376832
789 3 126976 131072 131072 196608 196608 258048
233 1 462848 524288
234 1 0 36864
457 2 229376 262144 262144 311296
616 4 0 65536 65536 131072 131072 196608 196608 262144
382 2 430080 458752 458752 495616
456 1 503808 524288
457 4 0 65536 65536 131072 131072 196608 196608 225280
27 2 155648 196608 196608 221184
9 1 294912 303104
432 2 151552 196608 196608 208896
551 1 294912 303104
9 2 229376 262144 262144 286720
569 5 241664 262144 262144 327680 327680 393216 393216 458752 458752 503808
407 2 135168 196608 196608 200704
412 1 12288 20480
551 2 225280 262144 262144 282624
574 1 61440 65536
303 1 102400 106496
456 1 327680 331776
574 1 65536 77824
458 1 475136 479232
956 1 380928 385024
960 1 143360 151552
986 1 278528 303104
913 1 487424 491520
914 1 118784 122880
986 1 303104 307200
985 1 81920 90112
903 1 376832 380928
903 1 311296 315392
731 1 114688 118784
444 6 193024 196608 196608 262144 262144 327680 327680 393216 393216 458752 458752 524288
445 3 0 65536 65536 131072 131072 193024
803 1 233472 241664
183 1 24576 32768
489 1 352256 372736
537 1 86016 110592
511 1 163840 167936
554 1 327680 339968
551 1 90112 94208
511 1 155648 159744
43 1 471040 479232
330 1 196608 200704
184 1 458752 466944
31 1 24576 28672
126 1 507904 516096
745 1 258048 262144
17 1 32768 36864
146 1 274432 278528
896 1 139264 141312
20 1 73728 77824
909 1 331776 332288
898 1 409600 421888
733 1 385024 389120
929 1 8192 16384
83 1 299008 307200
83 1 307200 311296
935 1 335872 344064
264 1 299008 303104
556 1 126976 131072
405 1 32768 36864
490 2 339968 393216 393216 397312
803 1 233472 237568
627 1 487424 524288
628 1 0 24576
121 1 69632 106496
48 1 466944 471040
460 1 253952 262144
461 1 122880 126976
461 1 151552 155648
335 1 483328 487424
352 1 393216 397312
464 1 245760 249856
712 1 503808 507904
913 1 405504 409600
893 1 131072 135168
855 1 192512 196608
384 1 495616 499712
470 2 454656 458752 458752 462848
913 1 393216 397312
244 1 331776 335872
273 1 348160 352256
474 1 466944 471040
197 1 36864 40960
398 1 425472 441856
293 2 171520 196608 196608 220672
293 1 220672 224768
527 1 196608 200704
530 1 397312 397824
530 1 397824 398336
530 1 398336 402432
530 1 402432 406528
240 1 372736 376832
527 1 200704 204800
631 1 278528 294912
723 1 274432 278528
716 1 466944 499712
231 1 69632 73728
192 1 24576 28672
233 1 12288 16384
383 1 372736 376832
668 1 438272 442368
223 1 393216 397312
264 1 237568 241664
454 1 352256 356352
575 1 45056 49152
631 1 323584 327680
458 1 286720 290816
405 1 425984 430080
754 1 331776 335872
474 1 212992 217600
156 1 401408 405504
835 1 24576 27136
157 1 57344 61440
883 1 434176 438272
158 1 344064 348160
509 1 8192 12288
164 1 495616 503808
577 1 487424 491520
460 1 77824 81920
605 1 327680 331776
954 1 294912 315392
500 1 102400 106496
504 1 40960 45056
877 2 28672 65536 65536 90112
471 1 122880 126976
990 1 417792 421888
330 1 335872 339968
16 1 380928 385024
568 1 434176 438272
841 1 229376 241664
68 1 65536 131072
785 1 507904 524288
786 8 0 65536 65536 131072 131072 196608 196608 262144 262144 327680 327680 393216 393216 458752 458752 471552
477 1 479744 524288
478 8 0 65536 65536 131072 131072 196608 196608 262144 262144 327680 327680 393216 393216 458752 458752 479744
69 2 393216 458752 458752 516096
757 1 417792 425984
360 1 421888 434176
69 1 516096 524288
404 1 319488 323584
21 1 397312 401408
403 2 147456 196608 196608 212992
992 1 458752 524288
813 1 299008 311296
821 1 442368 446464
813 1 241664 245760
813 1 307200 311296
821 1 442368 446464
813 1 241664 245760
567 1 307200 311296
567 1 372736 376832
594 1 81920 86016
166 1 114688 118784
106 1 495616 499712
275 1 495616 499712
254 1 131072 135168
923 4 274432 327680 327680 393216 393216 458752 458752 524288
924 5 0 65536 65536 131072 131072 196608 196608 262144 262144 274432
592 1 73728 77824
46 1 462848 466944
924 4 274432 327680 327680 393216 393216 458752 458752 524288
925 5 0 65536 65536 131072 131072 196608 196608 262144 262144 274432
46 1 471040 475136
272 1 274432 278528
522 1 118784 122880
888 1 401408 405504
637 1 290816 294912
813 1 262144 270336
4 1 454656 458752
33 1 319488 323584
985 1 356352 360448
574 1 77824 81920
764 1 106496 112128
142 1 212992 217088
19 1 331776 335872
900 1 102400 110592
574 1 81920 94208
700 1 32768 36864
50 1 360448 364544
64 1 163840 164352
819 3 364544 393216 393216 458752 458752 524288
820 6 0 65536 65536 131072 131072 196608 196608 262144 262144 327680 327680 364544
135 4 299008 327680 327680 393216 393216 458752 458752 524288
136 3 0 65536 65536 131072 131072 135168
180 1 8192 12288
792 1 499712 503808
54 1 344064 346624
316 1 49152 53248
341 1 77824 79360
176 1 512000 516096
315 1 0 4096
904 1 32768 36864
394 2 12288 65536 65536 114688
825 1 491520 499712
414 1 24576 32768
943 1 36864 40960
883 1 425984 430080
522 1 491520 524288
523 1 0 32768
811 1 89600 93696
523 2 294912 327680 327680 360448
949 2 114688 131072 131072 180224
504 1 458752 462848
505 1 57344 61440
745 1 225280 229376
359 1 188416 192512
433 1 126976 131072
392 1 8192 12288
392 1 516096 520192
223 1 16384 20480
315 1 102400 106496
609 1 110592 114688
223 1 143360 147456
377 1 335872 339968
346 1 434176 438272
583 1 45056 49152
339 1 397312 401408
586 1 163840 167936
221 2 258048 262144 262144 266240
210 1 114688 118784
230 1 16384 24576
230 1 24576 28672
840 1 376832 380928
543 1 212992 217088
46 1 167936 172032
349 1 507904 516096
233 3 307712 327680 327680 393216 393216 425984
706 1 331776 335872
679 1 364544 368640
548 1 434176 438272
621 1 69632 73728
233 2 454656 458752 458752 524288
234 6 0 65536 65536 131072 131072 196608 196608 262144 262144 327680 327680 336384
616 1 450560 455680
175 1 450560 454656
234 3 336384 393216 393216 458752 458752 524288
235 6 0 65536 65536 131072 131072 196608 196608 262144 262144 327680 327680 336384
930 1 24576 28672
341 2 241664 262144 262144 307200
487 1 217088 217600
133 1 348160 352256
479 1 163840 167936
360 1 405504 421888
359 1 487424 503808
361 1 208896 225280
361 1 77824 94208
133 1 282624 286720
487 1 221184 225280
487 1 229376 233472
342 2 311296 327680 327680 344064
479 1 167936 172032
341 2 241664 262144 262144 290816
133 1 348160 352256
487 1 217088 217600
362 2 454656 458752 458752 471040
922 1 12288 28672
479 1 163840 167936
896 1 266240 270336
222 1 499712 503808
223 1 356352 364544
674 1 299008 303104
194 1 434176 438272
769 1 81920 86016
433 1 290816 294912
521 1 434176 438272
993 1 86016 90112
411 1 237568 241664
988 1 65536 69632
35 1 315392 319488
610 1 507904 512000
997 1 225280 229376
510 1 307200 311296
959 1 176128 180224
56 1 147456 151552
875 1 380928 385024
557 7 107008 131072 131072 196608 196608 262144 262144 327680 327680 393216 393216 458752 458752 524288
558 2 0 65536 65536 107008
558 7 107008 131072 131072 196608 196608 262144 262144 327680 327680 393216 393216 458752 458752 524288
559 2 0 65536 65536 107008
94 1 204800 212992
94 1 212992 217088
559 1 487424 524288
560 2 0 65536 65536 74240
560 1 98304 131072
559 7 107008 131072 131072 196608 196608 262144 262144 327680 327680 393216 393216 458752 458752 487424
560 1 74240 98304
560 2 131072 196608 196608 225280
560 2 356352 393216 393216 421888
574 1 81920 94208
562 1 65536 77824
561 2 258048 262144 262144 323584
72 1 188416 196608
561 4 323584 327680 327680 393216 393216 458752 458752 512000
561 1 516096 524288
562 1 0 53248
140 1 203264 204288
258 1 241664 249856
6 1 380928 385024
668 1 458752 524288
492 2 192512 196608 196608 258048
617 4 131072 196608 196608 262144 262144 327680 327680 393216
669 2 393216 458752 458752 524288
379 1 315392 327680
896 1 237568 241664
197 1 458752 524288
198 7 0 65536 65536 131072 131072 196608 196608 262144 262144 327680 327680 393216 393216 458752
198 1 458752 524288
199 7 0 65536 65536 131072 131072 196608 196608 262144 262144 327680 327680 393216 393216 458752
710 6 131072 196608 196608 262144 262144 327680 327680 393216 393216 458752 458752 524288
711 2 0 65536 65536 131072
230 1 131072 196608
200 1 458752 524288
201 7 0 65536 65536 131072 131072 196608 196608 262144 262144 327680 327680 393216 393216 458752
199 1 458752 524288
200 7 0 65536 65536 131072 131072 196608 196608 262144 262144 327680 327680 393216 393216 458752
249 8 0 65536 65536 131072 131072 196608 196608 262144 262144 327680 327680 393216 393216 458752 458752 507904
248 8 0 65536 65536 131072 131072 196608 196608 262144 262144 327680 327680 393216 393216 458752 458752 524288
592 1 479232 483328
813 1 143360 144384
213 1 262144 323584
345 1 16384 20480
908 1 110592 114688
934 1 94208 98304
333 1 139264 143360
803 1 270336 274432
592 1 479232 487424
803 1 299008 311296
660 1 308224 309248
330 1 413184 414208
170 1 188416 192512
121 7 110592 131072 131072 196608 196608 262144 262144 327680 327680 393216 393216 458752 458752 524288
122 2 0 65536 65536 73728
929 1 94720 96768
934 1 162304 163328
660 1 309248 312832
330 1 414208 415232
850 1 233472 237568
781 2 172032 196608 196608 262144
846 8 8192 65536 65536 131072 131072 196608 196608 262144 262144 327680 327680 393216 393216 458752 458752 524288
847 1 0 8192
233 1 28672 32256
356 2 299008 327680 327680 364544
722 1 466944 524288
723 2 0 65536 65536 110592
755 3 114688 131072 131072 196608 196608 245760
194 1 262144 290816
530 2 40960 65536 65536 106496
572 2 217088 262144 262144 282624
6 3 290816 327680 327680 393216 393216 421888
446 2 331776 393216 393216 397312
410 2 450560 458752 458752 524288
411 3 0 65536 65536 131072 131072 188416
757 1 512000 516096
640 1 520192 524288
641 1 0 4096
721 1 466944 524288
722 8 0 65536 65536 131072 131072 196608 196608 262144 262144 327680 327680 393216 393216 458752 458752 466944
621 1 131072 196608
380 2 299008 327680 327680 364544
843 1 94208 98304
843 1 94208 98304
81 1 417792 421888
261 1 45056 53248
157 1 397312 413696
223 1 393216 397312
223 1 385024 389120
117 1 282624 286720
631 1 114688 118784
283 1 499712 507904
117 1 307200 327680
803 1 204800 208896
132 1 393216 397312
67 1 286720 294912
67 1 294912 299008
389 1 425984 430080
392 1 241664 245760
929 1 352256 356352
801 1 212992 217088
206 2 90112 131072 131072 151552
206 1 151552 155648
996 1 307200 311296
933 1 40960 45056
574 1 356352 360448
250 1 159744 180224
250 1 180224 184320
160 1 20480 24576
226 1 311296 315392
284 1 442368 446464
605 1 159744 163840
95 1 159744 163840
903 1 143360 147456
389 1 57344 61440
763 1 344064 348160
875 1 266240 270336
772 1 356352 364544
421 1 176128 180224
333 1 53248 57344
824 1 491520 524288
825 8 0 65536 65536 131072 131072 196608 196608 262144 262144 327680 327680 393216 393216 458752 458752 491520
176 1 380928 385024
190 1 12288 24576
401 2 241664 262144 262144 294912
95 1 180224 188416
792 1 319488 323072
478 1 479744 491520
77 2 196608 262144 262144 327680
786 1 471552 524288
787 8 0 65536 65536 131072 131072 196608 196608 262144 262144 327680 327680 393216 393216 458752 458752 471552
84 1 196608 262144
478 1 503808 524288
479 8 0 65536 65536 131072 131072 196608 196608 262144 262144 327680 327680 393216 393216 458752 458752 492032
547 2 442368 458752 458752 507904
348 1 421888 434176
725 1 479232 483328
671 1 188416 192512
548 2 311296 327680 327680 376832
708 2 450560 458752 458752 475136
348 1 434176 438272
723 2 278528 327680 327680 344064
707 3 180224 196608 196608 262144 262144 311296
875 1 192512 196608
758 2 53248 65536 65536 77824
642 1 458752 524288
451 2 40960 65536 65536 106496
758 2 294912 327680 327680 360448
925 2 159744 196608 196608 225280
897 1 204800 208896
405 2 147456 196608 196608 212992
938 2 299008 327680 327680 364544
758 2 98304 131072 131072 135168
904 2 360448 393216 393216 421888
16 3 139264 196608 196608 262144 262144 270336
542 5 151552 196608 196608 262144 262144 327680 327680 393216 393216 413696
234 2 356352 393216 393216 421888
587 2 303104 327680 327680 368640
580 5 212992 262144 262144 327680 327680 393216 393216 458752 458752 512000
827 2 118784 131072 131072 184320
630 1 348160 380928
622 1 364544 368640
805 1 139264 140800
803 1 270336 274432
469 1 167936 172032
925 1 28672 32768
467 1 397312 405504
51 1 315392 319488
814 1 20480 32768
925 1 229376 237568
612 1 135168 196608
51 1 335872 339968
668 1 110592 114688
50 1 339968 344064
26 1 450560 454656
649 1 278528 279040
446 1 122880 126976
814 1 512000 516096
814 1 151552 155648
289 1 139264 143360
732 1 368640 372736
693 1 204800 208896
85 1 307200 311296
349 1 516096 520192
46 1 167936 172032
349 1 520192 524288
350 1 0 4096
350 1 4096 8192
405 1 430080 434176
405 1 425984 430080
79 1 217088 253952
217 1 200704 204800
536 2 303104 327680 327680 335872
159 1 503808 512000
883 1 462848 471040
160 1 0 8192
160 1 32768 49152
883 1 499712 503808
740 1 523776 524288
741 1 0 3584
160 1 393216 421888
607 1 217088 225280
515 1 126976 131072
160 1 430080 434176
277 1 376832 378880
439 2 61440 65536 65536 86016
155 1 376832 380928
558 1 348160 352256
992 1 262144 266240
450 1 294912 299008
269 1 425984 430080
280 1 434176 438272
280 1 417792 430080
28 1 200704 208896
35 1 434176 438272
28 2 450560 458752 458752 475136
28 1 475136 479232
348 1 40960 41472
282 1 176128 196608
803 1 270336 274432
803 1 200704 204800
726 1 393216 458752
342 1 233472 237568
722 1 16384 16896
891 1 290816 327680
883 1 397312 401408
883 1 389120 393216
397 1 135168 139264
223 1 393216 397312
223 1 397312 401408
250 1 507904 524288
251 8 0 65536 65536 131072 131072 196608 196608 262144 262144 327680 327680 393216 393216 458752 458752 507904
249 1 507904 524288
250 8 0 65536 65536 131072 131072 196608 196608 262144 262144 327680 327680 393216 393216 458752 458752 507904
252 1 507904 524288
253 8 0 65536 65536 131072 131072 196608 196608 262144 262144 327680 327680 393216 393216 458752 458752 507904
668 2 0 65536 65536 131072
833 1 61440 65536
249 2 57344 65536 65536 77824
373 2 20480 65536 65536 98304
271 2 385024 393216 393216 405504
803 1 196608 200704
831 1 376832 380928
148 1 475136 524288
149 1 0 16384
803 1 282624 290816
150 1 81920 102912
823 1 474624 478720
915 1 258048 262144
855 1 356352 364544
722 1 434176 438272
855 1 364544 368640
810 1 339968 352256
558 1 237568 245760
122 2 323584 327680 327680 331776
150 2 102912 131072 131072 147456
66 1 81920 90112
803 1 221184 225280
122 1 331776 335872
66 1 90112 94208
151 2 81920 131072 131072 147456
152 2 278528 327680 327680 344064
972 1 389120 393216
947 1 463872 470528
656 4 143872 196608 196608 262144 262144 327680 327680 360448
656 3 364544 393216 393216 458752 458752 524288
657 3 0 65536 65536 131072 131072 147968
666 1 241664 245760
658 1 491520 499712
27 1 417792 421888
874 1 77824 81920
658 3 45056 65536 65536 131072 131072 139776
657 6 147968 196608 196608 262144 262144 327680 327680 393216 393216 458752 458752 524288
658 1 0 45056
27 1 471040 479232
874 1 98304 110592
658 1 483328 491520
476 1 180224 184320
7 1 101888 102400
7 1 105984 106496
0 1 466944 471040
7 1 110080 110592
0 1 458752 462848
11 1 466944 471040
677 2 385024 393216 393216 401408
9 1 266240 270336
9 1 69632 73728
9 1 135168 139264
107 1 61440 65536
677 1 294912 307200
51 1 32768 65536
8 1 12288 16384
83 1 274432 282624
574 1 94208 98304
904 1 241664 245760
83 1 282624 286720
718 1 94208 98304
574 1 98304 110592
371 1 454656 458752
657 1 266240 274432
425 1 0 4096
657 1 274432 278528
194 1 360448 364544
680 1 446464 450560
424 1 69632 73728
235 3 336384 393216 393216 458752 458752 524288
236 6 0 65536 65536 131072 131072 196608 196608 262144 262144 327680 327680 336384
959 1 471040 475136
742 1 352256 356352
930 1 24576 28672
362 1 274432 290816
133 1 282624 286720
737 1 98304 102400
133 1 348160 352256
61 1 450560 458752
276 1 425984 430080
289 1 413696 417792
997 1 176128 184320
686 1 278528 323584
803 1 278528 286720
66 1 155648 159744
104 1 487424 489472
677 1 65536 69632
696 1 40960 45056
475 1 397312 438272
696 1 237568 241664
696 1 122880 126976
782 1 151552 155648
804 1 106496 110592
696 1 274432 278528
132 1 491520 499712
475 1 438272 442368
686 1 323584 327680
132 1 499712 503808
998 1 12288 32768
192 1 196608 212992
929 1 96768 99328
45 1 434176 437248
330 1 415232 418816
660 1 312832 313856
934 1 163328 165888
803 1 241664 245760
929 1 99328 100352
223 1 397312 401408
232 1 389120 393216
232 1 380928 385024
223 1 393216 397312
232 1 376832 377344
223 1 397312 401408
785 1 98304 102400
586 1 360448 364544
445 6 193024 196608 196608 262144 262144 327680 327680 393216 393216 458752 458752 524288
446 3 0 65536 65536 131072 131072 193024
803 1 303104 307200
803 1 237568 245760
446 6 193024 196608 196608 262144 262144 327680 327680 393216 393216 458752 458752 524288
447 3 0 65536 65536 131072 131072 193024
812 1 475136 479232
202 1 319488 327680
803 1 307200 315392
660 1 61440 65536
76 1 360448 364544
690 2 327680 393216 393216 442368
795 1 57344 57856
63 1 442368 446464
250 1 327680 331776
32 1 348160 352256
328 1 356352 360448
472 1 208896 229376
668 2 180224 196608 196608 258048
249 1 262144 266240
762 1 282624 286720
457 1 335872 339968
99 1 4096 8192
943 1 499712 503808
795 1 53248 57344
888 1 487424 491520
472 1 229376 233472
483 1 102400 106496
43 2 421888 458752 458752 487424
877 1 90112 94208
148 1 188416 192512
584 1 495616 499712
755 1 106496 107008
571 1 520192 524288
572 1 0 512
85 2 126976 131072 131072 135168
85 1 0 57344
588 2 40960 65536 65536 106496
788 3 290816 327680 327680 393216 393216 421888
632 2 81920 131072 131072 139264
938 1 294912 299008
614 4 262144 327680 327680 393216 393216 458752 458752 524288
615 4 0 65536 65536 131072 131072 196608 196608 262144
649 1 425984 450560
653 2 294912 327680 327680 335872
938 2 208896 262144 262144 270336
670 2 409600 458752 458752 475136
324 1 499712 524288
325 1 0 40960
5 2 122880 131072 131072 188416
410 2 45056 65536 65536 110592
161 2 352256 393216 393216 417792
783 1 520192 524288
784 7 0 65536 65536 131072 131072 196608 196608 262144 262144 327680 327680 393216 393216 454656
195 2 49152 65536 65536 114688
672 2 299008 327680 327680 364544
971 2 405504 458752 458752 471040
481 2 446464 458752 458752 475136
781 2 376832 393216 393216 442368
783 1 466944 471040
144 1 462848 475136
560 1 413696 417792
178 1 192512 196608
556 1 286720 294912
450 1 307200 315392
186 1 356352 360448
816 1 45056 49152
38 1 176128 184320
883 1 401408 405504
655 1 49152 53248
618 1 217088 221184
164 1 503808 507904
556 1 356352 360448
970 1 372736 373760
883 1 434176 442368
229 1 450560 454656
38 1 184320 188416
439 1 86016 90112
506 1 376832 380928
674 1 430080 438272
641 1 299008 327680
698 1 217088 221184
714 1 335872 339968
275 1 499712 503808
828 1 458752 524288
829 3 0 65536 65536 131072 131072 176128
714 1 356352 360448
714 1 376832 385024
926 2 274432 327680 327680 339968
738 1 122880 126976
674 1 438272 450560
925 4 274432 327680 327680 393216 393216 458752 458752 524288
926 5 0 65536 65536 131072 131072 196608 196608 262144 262144 274432
43 1 380928 393216
224 3 311296 327680 327680 393216 393216 397312
957 1 290816 294912
944 1 110592 114688
224 1 397312 401408
960 1 339968 348160
944 1 122880 131072
549 2 376832 393216 393216 442368
550 2 311296 327680 327680 376832
551 2 49152 65536 65536 114688
499 1 0 3072
962 1 151552 172032
64 1 164352 166912
64 1 166912 167936
64 1 184320 187392
64 1 187392 191488
64 1 191488 195584
64 2 195584 196608 196608 199680
573 1 155648 196608
64 1 199680 203776
64 1 203776 207872
96 1 262144 327680
64 1 207872 211968
514 1 131072 155648
64 1 211968 216064
140 1 323584 327680
143 1 86016 90112
639 1 163840 167936
397 1 139264 147456
919 1 94208 98304
860 1 507904 512000
156 1 159744 167936
156 1 167936 172032
27 1 454656 458752
306 1 49152 53248
677 1 401408 458752
96 1 196608 262144
720 1 393216 405504
69 1 126976 131072
390 1 282624 294912
391 5 233472 262144 262144 327680 327680 393216 393216 458752 458752 524288
392 2 0 65536 65536 86016
379 2 53248 65536 65536 77824
190 1 24576 28672
391 1 8192 32768
385 2 430080 458752 458752 524288
386 4 0 65536 65536 131072 131072 196608 196608 221184
402 2 393216 458752 458752 524288
403 1 0 49152
720 1 471040 495616
193 2 372736 393216 393216 405504
8 1 12288 16384
918 1 163840 167936
797 1 176128 180224
275 1 143360 167936
64 1 483328 487424
574 1 110592 114688
46 1 167936 180224
938 1 143360 147456
350 1 8192 16384
913 1 167936 172032
328 1 409600 413696
306 2 450560 458752 458752 466944
306 1 471040 520192
306 1 520192 524288
535 1 249856 250368
227 1 36864 40960
227 1 32768 36864
527 1 196608 200704
227 1 40960 45056
535 1 253952 258048
850 1 409600 425984
535 1 262144 266240
527 1 200704 204800
535 1 249856 250368
527 1 196608 200704
298 1 499712 524288
299 1 0 8192
544 1 372736 389120
229 1 516096 520192
229 1 442368 446464
330 1 418816 419840
660 1 313856 317440
934 1 165888 166912
929 1 100352 103424
330 1 419840 422400
910 1 274432 282624
336 1 221184 222208
910 1 278528 282624
192 1 294912 299008
587 1 114688 122880
519 1 28672 49152
519 1 49152 53248
271 1 376832 380928
85 1 135168 139264
769 1 233472 237568
769 1 241664 245760
787 1 471552 524288
788 8 0 65536 65536 131072 131072 196608 196608 262144 262144 327680 327680 393216 393216 458752 458752 471552
85 2 57344 65536 65536 131072
991 1 520192 524288
992 1 0 24576
64 1 216064 220160
782 1 303104 305152
975 1 499712 503808
64 1 220160 224256
810 1 45056 49152
992 1 24576 28672
767 1 397312 401408
64 1 224256 228352
318 1 180224 192512
188 1 376832 380928
25 1 0 8192
552 2 180224 196608 196608 245760
797 1 225280 229376
399 1 167936 172032
155 1 114688 122880
943 1 40960 45056
188 1 405504 409600
75 1 32768 40960
155 1 122880 126976
803 2 311296 327680 327680 335872
161 1 344064 345600
798 1 368640 372736
550 1 520192 522240
553 2 180224 196608 196608 245760
883 1 495616 499712
48 1 262144 315392
972 1 389120 393216
813 1 307200 311296
83 1 393216 397312
424 1 28672 32768
606 1 221184 233472
606 1 233472 237568
813 1 241664 253952
821 1 520192 524288
293 1 360448 368640
813 1 315392 319488
426 1 163840 192512
594 1 139264 196608
91 1 225280 229376
272 1 102400 103936
64 1 380928 385024
966 1 286720 303104
638 1 167936 170496
563 1 233472 246272
417 2 286720 327680 327680 372736
563 1 294912 303104
563 2 246272 262144 262144 266240
950 1 131072 139264
688 1 270336 273408
563 4 12288 65536 65536 131072 131072 196608 196608 233472
980 2 413696 458752 458752 475136
981 2 16384 65536 65536 69632
622 3 192512 196608 196608 262144 262144 323584
140 1 204288 205312
330 2 417792 458752 458752 479232
981 1 69632 73728
647 2 106496 131072 131072 184832
980 1 217088 229376
330 1 479232 483328
186 1 344064 348160
140 1 205312 206336
980 1 167936 172032
293 1 393216 401408
341 4 241664 262144 262144 327680 327680 393216 393216 405504
133 1 282624 290816
293 1 401408 405504
357 1 159744 163840
348 1 471040 487424
347 1 339968 372736
347 2 372736 393216 393216 405504
347 1 405504 438272
347 1 438272 454656
348 2 192512 196608 196608 208896
348 1 421888 438272
316 2 359936 393216 393216 396800
936 2 86016 131072 131072 167936
133 1 352256 356352
528 1 507904 512000
840 1 376832 380928
405 1 430080 434176
940 1 159744 188416
887 1 0 4096
405 1 425984 430080
886 1 454656 458752
840 1 376832 380928
803 1 307200 311296
122 7 73728 131072 131072 196608 196608 262144 262144 327680 327680 393216 393216 458752 458752 524288
123 2 0 65536 65536 73728
681 1 352256 364544
660 1 317440 318464
446 2 106496 131072 131072 172032
1 1 90112 94720
847 1 192512 196608
745 1 258048 262144
668 1 258048 262144
816 1 442368 446464
943 1 516096 524288
249 1 266240 270336
814 1 253952 258048
945 1 16384 20480
68 1 294912 299008
21 1 397312 409600
812 1 32768 40960
678 1 274432 278528
945 1 348160 352256
690 1 442368 458752
655 1 520192 524288
934 1 4096 8192
945 1 516096 520192
249 1 270336 294912
190 1 57344 61440
19 1 24576 28672
735 1 266240 315392
993 1 380928 389120
735 1 315392 319488
993 1 389120 393216
592 2 110592 131072 131072 139264
904 1 32768 36864
24 2 257536 262144 262144 265728
288 2 192000 196608 196608 212480
983 1 450560 454656
260 1 249856 253952
64 1 118784 131072
76 1 94208 98304
542 1 241664 245760
667 2 393216 458752 458752 462848
838 1 512000 516096
813 1 270336 274432
505 1 400896 413184
543 1 364544 372736
995 1 274432 278528
144 1 229376 233472
657 1 278528 286720
176 1 233472 241664
520 1 446464 450560
179 1 290816 294912
480 1 503808 507904
26 1 36864 40960
380 1 196608 199168
934 1 372736 376832
165 1 266240 307200
746 1 212992 217088
988 1 163840 167936
91 1 75264 77824
350 1 16384 20480
938 1 143360 147456
46 1 172032 176128
631 1 245760 249856
868 1 458752 466944
803 1 299008 303104
29 1 167936 180224
29 1 196608 200704
34 1 57344 61440
34 1 24576 28672
293 1 266240 270336
34 1 73728 77824
293 1 380928 385024
308 1 360448 364544
308 1 397312 401408
308 1 434176 438272
308 1 446464 450560
309 1 512000 516096
253 1 507904 524288
254 8 0 65536 65536 131072 131072 196608 196608 262144 262144 327680 327680 393216 393216 458752 458752 507904
251 1 507904 524288
252 8 0 65536 65536 131072 131072 196608 196608 262144 262144 327680 327680 393216 393216 458752 458752 507904
850 4 294912 327680 327680 393216 393216 458752 458752 524288
669 4 131072 196608 196608 262144 262144 327680 327680 393216
254 1 507904 524288
255 7 0 65536 65536 131072 131072 196608 196608 262144 262144 327680 327680 393216 393216 458752
607 7 65536 131072 131072 196608 196608 262144 262144 327680 327680 393216 393216 458752 458752 524288
608 1 0 65536
740 8 0 65536 65536 131072 131072 196608 196608 262144 262144 327680 327680 393216 393216 458752 458752 524288
741 8 0 65536 65536 131072 131072 196608 196608 262144 262144 327680 327680 393216 393216 458752 458752 524288
743 7 0 65536 65536 131072 131072 196608 196608 262144 262144 327680 327680 393216 393216 458752
825 8 0 65536 65536 131072 131072 196608 196608 262144 262144 327680 327680 393216 393216 458752 458752 524288
202 1 491520 496640
58 1 253952 258048
467 1 204800 207872
836 1 376832 378368
554 2 114688 131072 131072 180224
943 1 36864 40960
652 1 258048 262144
803 1 442368 446464
803 1 462848 466944
968 1 307200 311296
679 1 385024 389120
273 1 266240 273408
996 1 225280 229376
715 1 389120 393216
75 1 4096 8192
733 1 389120 391680
900 1 442368 446464
554 2 376832 393216 393216 427520
438 1 487424 524288
439 1 0 28672
408 2 360448 393216 393216 425984
944 2 110592 131072 131072 176128
559 1 147456 184320
579 4 278528 327680 327680 393216 393216 458752 458752 512000
80 2 425984 458752 458752 491520
629 2 315392 327680 327680 380928
213 2 454656 458752 458752 520192
729 2 413696 458752 458752 479232
775 2 143360 196608 196608 208896
962 1 286720 303104
316 2 122880 131072 131072 188416
962 2 233472 262144 262144 282624
497 2 24576 65536 65536 94208
271 1 405504 409600
373 1 98304 102400
380 1 352256 356352
383 1 4096 8192
381 1 102400 106496
381 1 512000 520192
934 1 94208 98304
222 1 450560 454656
383 1 356352 360448
508 2 372736 393216 393216 421888
345 1 16384 20480
508 1 421888 425984
44 1 303104 307200
93 1 12288 20480
345 1 16384 20480
93 1 20480 24576
149 1 98304 102400
149 1 126976 131072
720 1 495616 499712
875 1 73728 77824
499 1 393216 397312
69 1 4096 8192
377 1 344064 348160
8 1 135168 139264
288 1 212480 232960
15 1 389120 393216
0 1 0 8192
72 1 135168 139264
800 1 331776 344064
353 4 279040 327680 327680 393216 393216 458752 458752 524288
354 5 0 65536 65536 131072 131072 196608 196608 262144 262144 279040
995 1 512000 515584
225 1 290816 294912
226 1 180224 184320
113 1 229376 237568
18 1 147456 155648
216 1 196608 200704
207 1 274432 278528
164 1 516096 524288
165 1 0 20480
883 1 503808 507904
113 1 299008 303104
165 1 20480 24576
113 1 233472 237568
197 1 487424 499712
352 1 184320 188416
173 1 405504 409600
934 1 166912 168960
929 1 103424 104448
739 1 278528 282624
621 1 106496 122880
826 1 499712 503808
330 1 422400 423936
660 1 318464 319488
850 1 233472 237568
310 1 196608 200704
308 1 499712 503808
310 1 184320 188416
308 1 479232 483328
310 1 139264 143360
310 1 217088 221184
310 1 446464 454656
311 1 57344 61440
310 1 385024 389120
310 1 487424 491520
311 1 143360 147456
310 1 413696 417792
310 1 495616 503808
311 1 196608 200704
467 1 155648 159744
311 1 262144 266240
311 1 221184 229376
311 1 303104 307200
311 1 155648 159744
311 1 233472 237568
781 1 262144 311296
671 2 147456 196608 196608 212992
7 5 159744 196608 196608 262144 262144 327680 327680 393216 393216 421888
481 1 475136 479232
837 5 77824 131072 131072 196608 196608 262144 262144 327680 327680 339968
558 1 421888 425984
9 3 159744 196608 196608 262144 262144 274432
995 2 32768 65536 65536 98304
9 3 278528 327680 327680 393216 393216 425984
737 2 143360 196608 196608 208896
588 2 118784 131072 131072 184320
28 1 487424 524288
149 1 430080 438272
648 1 28672 36864
8 2 454656 458752 458752 462848
737 1 98304 102400
846 2 229376 262144 262144 294912
900 1 479232 524288
901 1 0 4096
341 2 241664 262144 262144 290816
229 3 368640 393216 393216 458752 458752 462848
293 1 405504 413696
133 1 286720 290816
229 1 462848 466944
293 1 413696 417792
502 1 483328 499712
639 1 438272 454656
349 1 421888 438272
357 1 159744 163840
3 1 155648 167936
5 1 204800 208896
230 1 28672 53248
230 1 53248 57344
707 1 335872 339968
686 1 319488 323584
850 1 475136 475648
165 1 307200 311296
587 1 57344 61440
91 1 77824 79360
442 1 241664 245760
391 1 495616 516096
520 1 458752 462848
176 1 241664 245760
247 1 356352 360448
679 1 36864 40960
657 1 286720 290816
350 1 20480 32768
350 1 32768 36864
46 1 172032 180224
223 1 397312 401408
58 5 258048 262144 262144 327680 327680 393216 393216 458752 458752 524288
59 4 0 65536 65536 131072 131072 196608 196608 258048
61 4 262144 327680 327680 393216 393216 458752 458752 524288
62 2 0 65536 65536 131072
57 5 258048 262144 262144 327680 327680 393216 393216 458752 458752 524288
58 4 0 65536 65536 131072 131072 196608 196608 258048
60 4 262144 327680 327680 393216 393216 458752 458752 524288
61 4 0 65536 65536 131072 131072 196608 196608 262144
998 1 258048 262144
803 1 245760 249856
447 4 193024 196608 196608 262144 262144 327680 327680 356352
223 1 393216 397312
447 3 360448 393216 393216 458752 458752 524288
448 3 0 65536 65536 131072 131072 131584
41 1 180224 188416
998 1 458752 487424
999 1 32768 36864
41 1 188416 192512
812 1 475136 479232
449 1 458752 516096
601 1 327680 335872
448 4 197120 262144 262144 327680 327680 393216 393216 442368
448 2 442368 458752 458752 524288
449 3 0 65536 65536 131072 131072 139776
989 1 393216 409600
345 1 16384 28672
679 1 53248 57344
486 1 393216 397312
538 1 147456 151552
538 1 126976 131072
782 1 499712 503808
341 1 327680 335872
780 1 516096 524288
781 1 0 4096
237 1 319488 323584
237 1 360448 364544
353 1 479232 483328
559 1 73728 77824
815 1 225280 229376
816 1 65536 69632
275 1 495616 499712
761 1 405504 458752
816 1 73728 77824
275 1 499712 503808
158 1 327680 393216
824 1 81920 86016
848 1 45056 49152
659 1 262144 327680
848 1 458752 462848
848 1 466944 471040
488 1 286720 290816
762 2 393216 458752 458752 524288
763 4 0 65536 65536 131072 131072 196608 196608 262144
585 1 471040 475136
670 1 143360 163840
912 1 274432 278528
57 1 208896 212992
57 1 212992 233472
57 1 233472 237568
357 2 24576 65536 65536 77824
649 1 458752 471040
60 1 512000 516096
626 1 225280 233472
426 1 192512 196608
813 1 249856 253952
330 1 520192 524288
733 1 294912 299008
763 1 20480 53248
752 1 331776 335872
821 1 520192 524288
763 1 53248 57344
813 1 315392 319488
567 1 307200 311296
567 1 372736 376832
178 1 491520 499712
447 3 61440 65536 65536 131072 131072 192512
775 2 454656 458752 458752 524288
776 1 0 53248
573 4 16384 65536 65536 131072 131072 196608 196608 212992
311 1 438272 442368
473 1 446464 450560
410 1 303104 307200
471 1 442368 446464
410 1 274432 278528
467 1 176128 180224
410 1 266240 270336
410 1 319488 323584
982 1 12288 16384
410 1 352256 356352
410 1 380928 385024
410 1 507904 512000
410 1 389120 393216
411 1 61440 65536
411 1 151552 155648
411 1 143360 147456
410 1 430080 434176
411 1 81920 86016
708 1 446464 450560
870 1 397312 401408
396 1 499712 524288
397 1 0 28672
59 1 360448 364544
870 1 409600 413696
140 1 425984 442368
561 1 315392 319488
883 1 430080 434176
397 1 28672 32768
360 1 12288 16384
870 1 417792 425984
335 1 282624 290816
561 1 335872 339968
982 2 450560 458752 458752 524288
983 7 0 65536 65536 131072 131072 196608 196608 262144 262144 327680 327680 393216 393216 450560
76 1 61440 65536
500 2 323584 327680 327680 335872
309 1 413696 417792
190 1 28672 36864
66 1 315392 319488
428 1 110592 114688
8 1 69632 73728
592 1 139264 143360
498 2 393216 458752 458752 524288
499 6 0 65536 65536 131072 131072 196608 196608 262144 262144 327680 327680 393216
106 1 135168 143360
813 1 274432 278528
929 1 104448 106496
803 1 241664 245760
330 1 423936 424960
934 1 168960 169984
326 1 196608 200704
209 1 0 4096
858 1 397312 401408
211 1 77824 94208
766 1 458752 524288
81 1 24576 28672
384 1 417792 446464
384 1 446464 450560
177 1 90112 98304
204 1 516096 519168
283 1 434176 436736
593 1 303104 307200
342 1 118784 122880
421 1 212992 229376
877 2 94208 131072 131072 139264
877 1 139264 143360
899 1 131072 133632
43 1 421888 425984
405 1 430080 434176
395 1 487424 495616
969 1 81920 102400
275 1 143360 147456
969 1 102400 106496
91 1 79360 81408
751 1 53248 57344
852 2 192512 196608 196608 249856
855 1 290816 294912
852 1 249856 253952
102 1 77824 86016
102 1 86016 90112
855 1 290816 294912
405 1 495616 499712
406 1 405504 413696
405 1 479232 491520
406 1 4096 8192
406 1 417792 421888
405 1 512000 524288
403 1 376832 385024
403 1 389120 393216
102 1 90112 98304
366 1 356352 372736
158 1 200704 204800
158 1 409600 434176
479 1 492032 524288
480 4 0 65536 65536 131072 131072 196608 196608 200704
480 5 204800 262144 262144 327680 327680 393216 393216 458752 458752 496128
85 3 262144 327680 327680 393216 393216 450560
85 1 450560 458752
994 1 311296 319488
92 1 0 65536
994 1 319488 323584
94 1 65536 131072
480 1 496128 524288
481 8 0 65536 65536 131072 131072 196608 196608 262144 262144 327680 327680 393216 393216 458752 458752 483328
95 1 0 65536
443 1 16384 29184
738 1 45056 61440
429 1 290816 307200
588 1 401408 417792
408 1 114688 131072
629 1 409600 425984
585 2 442368 458752 458752 475136
420 1 303104 319488
803 1 311296 315392
486 1 102400 118784
501 1 303104 319488
496 1 4096 20480
448 1 155648 188416
503 1 73728 90112
477 1 487424 503808
497 1 245760 262144
515 1 77824 94208
522 1 348160 364544
517 1 77824 94208
450 2 454656 458752 458752 471040
310 1 90112 106496
50 4 274432 327680 327680 393216 393216 458752 458752 524288
51 1 0 8192
679 1 356352 360448
744 1 270336 278528
591 1 94208 131072
133 1 352256 356352
737 1 98304 102400
133 1 286720 290816
293 1 417792 425984
320 1 176128 196608
818 1 135168 176128
819 1 32768 65536
820 2 172032 196608 196608 204800
819 1 499712 524288
820 1 0 8192
821 1 16384 49152
821 1 98304 131072
822 2 57344 65536 65536 94208
153 1 507904 524288
154 1 0 4096
154 1 172032 176128
154 1 135168 167936
154 2 180224 196608 196608 253952
154 1 65536 131072
155 1 77824 81920
155 1 102400 118784
154 1 258048 262144
221 2 61440 65536 65536 94208
143 2 61440 65536 65536 69632
143 1 69632 73728
728 2 114688 131072 131072 147456
157 1 466944 475136
728 1 380928 385024
0 1 49152 65536
708 1 90112 106496
475 1 114688 116224
631 1 245760 249856
350 1 36864 49152
354 4 279040 327680 327680 393216 393216 458752 458752 524288
355 5 0 65536 65536 131072 131072 196608 196608 262144 262144 279040
355 4 279040 327680 327680 393216 393216 458752 458752 524288
356 5 0 65536 65536 131072 131072 196608 196608 262144 262144 279040
356 4 279040 327680 327680 393216 393216 458752 458752 524288
357 5 0 65536 65536 131072 131072 196608 196608 262144 262144 279040
361 1 78336 131072
929 1 352256 360448
206 1 155648 176128
206 1 176128 180224
708 1 163840 167936
708 1 184320 188416
199 1 102400 106496
731 1 344064 360448
618 1 16384 28672
233 1 274432 278528
626 2 172032 196608 196608 237568
277 1 425984 430080
626 1 237568 241664
223 1 397312 401408
362 1 270336 274432
326 1 401408 405504
269 1 409600 413696
269 1 413696 417792
639 1 454656 458752
640 1 12288 16384
50 1 364544 368640
639 1 466944 491520
69 1 397312 401408
640 1 16384 20480
63 1 36864 40960
69 1 462848 463360
50 1 360448 364544
626 1 139264 143360
62 1 466944 471040
883 1 466944 471040
154 1 172032 180224
169 1 286720 307200
668 1 208896 245760
883 1 438272 442368
154 1 180224 184320
661 1 212992 241664
113 1 299008 303104
192 1 73728 77824
378 1 24576 28672
408 1 425984 430080
320 2 253952 262144 262144 282624
191 1 491520 495616
731 1 81920 86016
320 1 282624 286720
311 1 466944 483328
562 2 36864 65536 65536 69632
552 2 106496 131072 131072 139264
526 2 364544 393216 393216 397312
901 1 331776 348160
869 2 172032 196608 196608 204800
781 2 167936 196608 196608 200704
573 1 405504 421888
935 1 290816 307200
464 2 253952 262144 262144 286720
690 1 73728 90112
605 1 8192 24576
345 1 24576 40960
677 2 53248 65536 65536 69632
613 2 151552 196608 196608 217088
663 1 503808 520192
455 1 475136 507904
223 1 397312 401408
468 1 327680 344064
691 1 364544 380928
486 1 155648 159744
531 1 323584 327680
68 2 126976 131072 131072 139264
181 1 401408 405504
237 1 405504 409600
677 1 303104 307200
345 1 20480 24576
691 1 73728 77824
485 1 155648 159744
345 1 20480 24576
411 1 176128 180224
597 1 397312 401408
592 1 36864 40960
705 1 139264 143360
753 1 20480 24576
593 1 364544 368640
598 1 368640 376832
783 1 106496 110592
862 1 94208 98304
137 1 344064 348160
137 1 372736 376832
554 1 372736 376832
554 1 339968 344064
864 1 122880 126976
555 1 307200 311296
434 1 86016 90112
4 1 57344 61440
621 2 122880 131072 131072 159744
929 1 106496 107520
660 1 319488 320512
330 1 424960 425984
236 3 336384 393216 393216 458752 458752 524288
237 6 0 65536 65536 131072 131072 196608 196608 262144 262144 327680 327680 336384
391 1 516096 520192
544 1 417792 421888
679 1 45056 49152
930 1 24576 28672
677 1 221184 225280
209 1 417792 442368
962 1 172032 188416
708 1 450560 454656
55 1 122880 126976
803 1 323584 327680
806 1 49152 53248
805 1 172032 176128
345 2 335872 393216 393216 413696
345 1 413696 417792
805 1 176128 184320
166 1 397312 401408
345 1 417792 450560
288 1 228864 232960
190 1 36864 40960
106 1 143360 147456
379 1 53248 57344
5 1 323584 327680
692 1 425984 454656
592 1 143360 151552
692 1 503808 524288
693 2 0 65536 65536 90112
28 1 430080 434176
7 1 131072 143360
517 1 147456 151552
445 1 450560 454656
624 1 401408 405504
456 1 434176 438272
660 1 4096 36864
660 1 36864 40960
221 1 20480 36864
591 1 393216 409600
165 1 311296 319488
134 1 40960 45056
152 1 495616 499712
186 1 69632 73216
153 1 110592 114688
165 1 319488 323584
574 1 139264 151552
970 1 458752 524288
7 1 114176 114688
621 5 126976 131072 131072 196608 196608 262144 262144 327680 327680 389120
51 1 65536 69632
723 1 163840 167936
356 1 36864 40960
356 1 24576 28672
540 1 118784 122880
540 1 131072 135168
723 1 172032 176128
33 1 303104 307200
33 1 286720 294912
7 1 118272 118784
370 1 204800 208896
461 1 196608 204800
86 1 356352 376832
266 7 90112 131072 131072 196608 196608 262144 262144 327680 327680 393216 393216 458752 458752 524288
267 2 0 65536 65536 90112
912 1 12288 49152
937 1 258048 262144
404 2 278528 327680 327680 344064
830 4 282624 327680 327680 393216 393216 458752 458752 479232
726 1 430080 434176
294 1 385024 389120
609 1 262144 274432
594 2 225280 262144 262144 274432
594 1 278528 290816
296 1 442368 450560
20 1 356352 364544
297 1 241664 245760
695 1 69632 70144
133 1 352256 356352
293 2 450560 458752 458752 466944
293 1 425984 430080
444 1 290816 294912
426 1 278528 282624
189 1 172032 180224
323 1 65536 110592
125 1 335872 352256
125 1 303104 319488
475 1 479232 524288
476 1 0 36864
126 1 352256 368640
341 1 241664 258048
695 1 65536 69632
0 1 196608 200704
893 2 122880 131072 131072 188416
209 1 372736 389120
681 1 512000 520192
803 1 274432 290816
208 2 126976 131072 131072 135168
859 1 372736 389120
317 1 360448 380928
359 1 81920 106496
48 1 315392 319488
629 1 81920 86016
221 2 126976 131072 131072 135168
221 1 20480 40960
815 1 204800 237568
221 1 98304 102400
221 1 147456 155648
221 1 110592 122880
221 1 159744 163840
820 1 65536 110592
155 1 86016 98304
155 1 274432 278528
155 1 237568 245760
221 1 0 4096
155 1 122880 126976
155 1 196608 204800
155 1 131072 172032
155 1 176128 180224
155 1 184320 188416
296 1 389120 393216
351 1 335872 339968
441 1 4096 8192
688 1 172032 176128
689 1 53248 57344
684 1 520192 524288
689 1 45056 49152
686 1 266240 270336
688 1 204800 208896
515 1 348160 364544
689 1 454656 458752
421 1 303104 307200
402 1 278528 294912
813 1 274432 278528
616 1 327680 331776
254 1 503808 507904
427 1 81920 94208
49 1 90112 94208
461 1 249856 250368
461 1 245760 249856
279 1 393216 401408
300 1 397312 413696
413 1 290816 294912
694 1 311296 327680
803 1 204800 212992
616 1 458752 491520
704 2 102400 131072 131072 135168
728 1 356352 372736
698 1 147456 180224
727 2 45056 65536 65536 77824
720 1 12288 28672
729 1 499712 516096
735 2 385024 393216 393216 401408
762 1 290816 307200
748 2 172032 196608 196608 204800
763 2 192512 196608 196608 208896
755 1 81920 114688
766 1 229376 245760
810 1 53248 65536
764 1 172032 188416
841 1 286720 303104
816 2 450560 458752 458752 466944
760 1 458752 475136
123 7 73728 131072 131072 196608 196608 262144 262144 327680 327680 393216 393216 458752 458752 524288
124 2 0 65536 65536 73728
841 1 323584 327680
934 1 169984 171008
433 1 315392 319488
433 2 258048 262144 262144 274432
929 1 107520 109568
433 1 344064 380928
924 1 442368 446464
660 1 320512 321536
330 1 425984 427008
219 1 348160 352256
813 1 249856 258048
178 1 499712 503808
206 1 192512 196608
720 1 196608 204800
808 1 77824 110592
147 1 139264 143360
606 2 237568 262144 262144 282624
441 1 360448 364544
657 1 290816 299008
861 1 405504 409600
160 1 417792 425984
272 1 103424 104960
663 1 253952 258048
66 1 8192 12288
451 1 147456 151552
688 1 430080 433152
314 1 479232 499712
300 1 471040 475136
413 1 282624 286720
532 1 286720 290816
414 1 393216 397312
527 1 20480 24576
485 1 0 4096
485 1 12288 16384
593 1 262144 266240
564 1 327680 331776
623 1 266240 270336
507 1 503808 512000
564 1 356352 360448
564 1 458752 462848
521 1 24576 28672
513 1 303104 307200
983 1 40960 45056
44 1 57344 61440
686 1 86016 90112
413 1 196608 200704
416 1 401408 405504
997 1 327680 348160
7 1 372736 393216
67 1 458752 471040
385 1 331776 339968
389 1 0 8192
678 1 417792 421888
113 1 204800 262144
113 1 262144 266240
686 1 245760 249856
997 1 348160 360448
803 1 204800 208896
181 1 176128 180224
171 1 516096 516608
674 1 249344 253440
674 1 249344 253440
78 1 282624 327680
169 1 196608 225280
897 1 176128 180224
397 1 32768 40960
8 1 12288 16384
832 1 0 4096
0 1 12288 16384
209 1 442368 446464
0 1 0 4096
943 1 40960 45056
898 1 196608 200704
345 1 20480 24576
46 1 159744 161280
345 1 20480 24576
113 1 233472 245760
883 1 503808 507904
61 2 167936 196608 196608 208896
740 1 523776 524288
741 1 0 7680
996 1 458752 462848
883 1 401408 405504
602 1 241664 245760
813 1 204800 208896
147 1 28672 45056
616 1 241664 244736
138 1 106496 110592
405 1 425984 430080
840 1 376832 380928
803 1 204800 212992
458 1 290816 294912
0 1 421888 438272
43 2 425984 458752 458752 487424
813 1 204800 212992
233 1 339968 344064
848 1 221184 237568
954 1 311296 319488
8 1 315392 327680
95 1 458752 516096
443 2 29184 65536 65536 81920
444 2 147456 196608 196608 212992
788 1 471552 524288
789 8 0 65536 65536 131072 131072 196608 196608 262144 262144 327680 327680 393216 393216 458752 458752 471552
0 1 442368 458752
819 1 487424 520192
95 1 516096 524288
96 4 0 65536 65536 131072 131072 196608 196608 253952
360 4 279040 327680 327680 393216 393216 458752 458752 524288
361 2 0 65536 65536 78336
728 1 279040 327680
357 4 279040 327680 327680 393216 393216 458752 458752 524288
358 5 0 65536 65536 131072 131072 196608 196608 262144 262144 279040
358 4 279040 327680 327680 393216 393216 458752 458752 524288
359 5 0 65536 65536 131072 131072 196608 196608 262144 262144 279040
813 1 204800 208896
359 4 279040 327680 327680 393216 393216 458752 458752 524288
360 5 0 65536 65536 131072 131072 196608 196608 262144 262144 279040
149 1 438272 442368
361 6 139776 196608 196608 262144 262144 327680 327680 393216 393216 458752 458752 524288
362 1 0 65536
505 1 413184 417280
149 2 450560 458752 458752 466944
350 1 49152 53248
46 1 176128 180224
350 1 53248 61440
350 1 61440 65536
934 1 12288 16384
934 1 40960 45056
249 1 294912 299008
814 1 294912 299008
558 1 118784 131072
21 1 401408 405504
249 1 299008 307200
223 1 393216 397312
96 2 389120 393216 393216 405504
249 1 307200 311296
209 1 299008 303104
223 1 389120 393216
21 1 401408 405504
720 1 270336 274432
249 1 311296 323584
223 1 393216 397312
397 1 147456 159744
223 1 397312 401408
28 1 376832 385024
28 1 385024 389120
223 1 393216 397312
36 1 147456 172032
223 1 397312 401408
141 1 28672 36864
397 1 159744 167936
223 1 393216 397312
984 1 434176 438272
282 1 307200 309760
112 1 270336 274432
286 1 266240 270336
112 1 348160 352256
348 1 409600 413696
113 1 131072 135168
359 1 372736 376832
360 1 262144 266240
670 1 434176 442368
797 1 176128 180224
574 1 151552 155648
966 1 139264 143360
966 1 200704 204800
966 1 262144 266240
149 1 126976 131072
149 1 65536 69632
153 2 163840 196608 196608 200704
165 2 323584 327680 327680 331776
102 1 98304 102400
176 1 212992 241664
158 1 397312 409600
873 2 425984 458752 458752 524288
874 1 0 32768
739 1 339968 348160
900 1 135168 139264
176 1 241664 245760
739 1 278528 286720
855 1 290816 294912
176 1 262144 266240
102 1 102400 110592
176 1 245760 258048
739 1 348160 352256
876 1 434176 450560
102 1 110592 114688
876 1 450560 454656
63 1 36864 40960
626 1 204800 217088
70 1 126976 131072
70 1 471040 475136
70 1 32768 36864
74 1 196608 200704
74 1 184320 188416
82 1 372736 376832
77 1 118784 122880
81 1 446464 450560
80 1 446464 450560
80 1 499712 503808
232 1 372736 376832
229 1 458752 459264
229 1 459264 459776
229 1 459776 463872
229 1 463872 467968
223 1 393216 397312
6 1 417792 421888
43 1 102400 110592
87 1 217088 237568
87 1 237568 241664
232 1 376832 377344
223 1 397312 401408
168 1 171520 175616
232 1 389120 393216
232 1 380928 385024
326 1 307200 323584
223 1 393216 397312
232 1 376832 377344
223 1 397312 401408
707 2 446464 458752 458752 495616
155 1 217088 233472
155 1 307200 311296
155 1 208896 212992
155 1 299008 303104
155 1 282624 294912
155 1 315392 319488
150 1 208896 249856
152 2 335872 393216 393216 397312
155 1 249856 253952
155 2 258048 262144 262144 270336
154 1 57344 61440
221 2 172032 196608 196608 208896
815 2 126976 131072 131072 172032
152 2 450560 458752 458752 524288
153 1 0 61440
153 1 118784 126976
152 1 241664 245760
153 1 233472 237568
818 2 188416 196608 196608 204800
764 1 73728 106496
788 1 200704 233472
464 1 114688 131072
864 1 0 16384
845 1 282624 299008
866 1 270336 286720
855 1 466944 499712
901 1 8192 40960
851 2 315392 327680 327680 331776
551 1 90112 94208
784 1 503808 520192
864 1 147456 163840
901 1 303104 319488
917 1 135168 151552
449 1 516096 524288
450 4 0 65536 65536 131072 131072 196608 196608 197120
941 1 348160 380928
3 2 315392 327680 327680 331776
903 2 61440 65536 65536 77824
217 1 221184 237568
742 8 0 65536 65536 131072 131072 196608 196608 262144 262144 327680 327680 393216 393216 458752 458752 524288
827 8 0 65536 65536 131072 131072 196608 196608 262144 262144 327680 327680 393216 393216 458752 458752 524288
828 8 0 65536 65536 131072 131072 196608 196608 262144 262144 327680 327680 393216 393216 458752 458752 524288
826 8 0 65536 65536 131072 131072 196608 196608 262144 262144 327680 327680 393216 393216 458752 458752 524288
830 8 0 65536 65536 131072 131072 196608 196608 262144 262144 327680 327680 393216 393216 458752 458752 524288
829 8 0 65536 65536 131072 131072 196608 196608 262144 262144 327680 327680 393216 393216 458752 458752 524288
831 8 0 65536 65536 131072 131072 196608 196608 262144 262144 327680 327680 393216 393216 458752 458752 524288
832 6 0 65536 65536 131072 131072 196608 196608 262144 262144 327680 327680 393216
359 1 380928 385024
782 4 262144 327680 327680 393216 393216 458752 458752 524288
783 4 0 65536 65536 131072 131072 196608 196608 262144
783 4 262144 327680 327680 393216 393216 458752 458752 524288
784 4 0 65536 65536 131072 131072 196608 196608 262144
857 4 172032 196608 196608 262144 262144 327680 327680 393216
128 1 425984 446464
133 1 286720 290816
476 1 36864 40960
737 1 98304 106496
421 1 16384 20480
293 1 430080 438272
395 1 217088 233472
862 1 49152 61440
359 1 106496 110592
985 1 24576 32768
154 1 348160 352256
803 1 217088 233472
904 1 32768 36864
384 1 151552 159744
813 1 208896 212992
592 1 151552 155648
135 1 249856 250880
699 1 491520 524288
700 1 0 32768
338 1 487424 491520
234 1 491520 495616
190 1 40960 49152
405 1 430080 434176
397 1 40960 45056
898 1 212992 217088
883 1 495616 499712
202 1 503808 508928
58 1 290816 294912
898 1 348160 352256
76 1 516096 524288
77 1 0 8192
962 1 188416 192512
176 1 483328 487424
878 1 413696 430080
854 1 303104 319488
347 1 114688 131072
426 1 135168 151552
449 5 139776 196608 196608 262144 262144 327680 327680 393216 393216 458752
863 1 512000 524288
864 1 0 20480
941 1 413696 430080
916 1 397312 413696
384 1 4096 20480
678 2 188416 196608 196608 200704
381 1 8192 24576
418 1 475136 491520
134 2 57344 65536 65536 73728
725 1 159744 176128
94 1 24576 57344
489 1 135168 151552
467 1 167936 184320
124 1 327680 360448
464 1 241664 245760
860 1 507904 512000
580 1 253952 258048
982 1 12288 20480
50 1 212992 217088
277 1 450560 454656
848 1 221184 241664
982 1 24576 28672
296 1 389120 393216
860 1 507904 512000
556 1 446464 450560
554 1 253952 258048
230 1 315392 319488
556 1 151552 159744
295 1 49152 53248
297 1 28672 32768
140 1 206336 207360
980 1 225280 229376
647 5 250368 262144 262144 327680 327680 393216 393216 458752 458752 524288
648 4 0 65536 65536 131072 131072 196608 196608 250368
186 1 344064 348160
140 1 207360 208384
6 1 393216 425984
335 1 430080 434176
808 1 241664 242688
140 1 208384 209408
980 1 167936 176128
648 5 250368 262144 262144 327680 327680 393216 393216 458752 458752 524288
649 4 0 65536 65536 131072 131072 196608 196608 250368
140 1 209408 210432
140 1 210432 211456
650 1 225280 254464
649 5 250368 262144 262144 327680 327680 393216 393216 458752 458752 524288
650 4 0 65536 65536 131072 131072 196608 196608 221184
140 1 211456 212480
140 1 212480 213504
934 1 171008 172032
192 1 315392 319488
81 1 516096 520192
330 1 427008 428032
206 1 479232 483328
660 1 321536 322560
929 1 109568 111616
153 1 135168 155648
797 1 176128 180224
574 1 155648 167936
883 1 397312 405504
681 1 413696 421888
165 1 331776 335872
153 1 131072 132096
445 2 212992 262144 262144 278528
803 1 208896 221184
657 1 139264 143360
357 1 303104 307200
203 1 507904 512000
446 2 217088 262144 262144 282624
416 1 434176 438272
489 1 0 8192
188 1 28672 36864
27 2 454656 458752 458752 462848
188 1 77824 81920
188 2 61440 65536 65536 73728
27 1 462848 466944
85 1 151552 159744
188 1 81920 86016
606 1 92160 93696
85 1 159744 163840
399 1 323584 327680
326 1 405504 413696
78 1 352256 360448
78 1 360448 364544
269 1 409600 413696
326 1 413696 425984
966 1 303104 311296
782 1 90112 94208
341 1 217088 221184
112 1 483328 491520
211 1 94208 114688
176 1 8192 11776
851 1 471040 474112
51 2 417792 458752 458752 462848
782 1 98304 102400
898 1 360448 364544
33 1 73728 77824
834 1 94208 102400
689 1 241664 245760
689 1 180224 184320
356 1 233472 237568
943 1 36864 40960
907 1 266240 270336
81 1 397312 401408
50 1 364544 368640
62 1 466944 471040
153 1 212992 217088
153 1 159744 163840
153 1 81920 90112
153 1 106496 110592
153 1 172032 176128
149 1 8192 40960
152 1 401408 434176
813 1 270336 274432
816 1 507904 524288
817 1 0 16384
153 1 196608 204800
153 1 184320 188416
154 1 40960 45056
154 1 425984 442368
813 1 204800 208896
502 1 282624 290816
92 1 143360 147456
712 1 94208 98304
58 1 16384 20480
813 1 270336 274432
467 1 307200 311296
935 1 339968 344064
768 1 294912 315392
768 1 315392 319488
651 1 462848 471040
652 1 4096 32768
499 1 20480 32768
154 1 225280 229376
209 2 389120 393216 393216 409600
626 1 319488 323584
160 3 131072 196608 196608 262144 262144 327680
275 1 495616 499712
674 1 450560 458752
269 1 516096 524288
270 1 0 8192
655 1 458752 524288
656 4 0 65536 65536 131072 131072 196608 196608 208896
7 1 409600 430080
275 1 499712 503808
381 1 438272 454656
622 1 24576 65536
38 1 217088 221184
695 1 344064 348160
657 2 208896 262144 262144 274432
813 1 270336 274432
483 1 0 4096
656 5 208896 262144 262144 327680 327680 393216 393216 458752 458752 524288
657 4 0 65536 65536 131072 131072 196608 196608 208896
813 1 200704 204800
883 1 438272 442368
138 1 36864 40960
242 1 20480 36864
922 2 90112 131072 131072 155648
783 1 466944 471040
728 2 303104 327680 327680 335872
611 1 212992 229376
595 2 294912 327680 327680 360448
737 3 208896 262144 262144 327680 327680 339968
597 2 32768 65536 65536 98304
655 2 335872 393216 393216 401408
783 1 466944 475136
598 2 389120 393216 393216 401408
598 2 294912 327680 327680 348160
481 1 479232 495616
118 2 45056 65536 65536 110592
600 1 466944 507904
481 1 495616 499712
3 2 184320 196608 196608 249856
151 1 106496 110592
362 1 0 4096
8 1 458752 462848
847 1 196608 237568
813 1 274432 278528
478 1 167936 172032
847 1 237568 241664
624 1 266240 270336
725 1 81408 85504
364 8 20480 65536 65536 131072 131072 196608 196608 262144 262144 327680 327680 393216 393216 458752 458752 524288
365 1 0 20480
693 1 98304 114688
824 1 155648 159744
487 1 53248 57344
234 1 495616 499712
190 1 49152 53248
693 1 90112 98304
827 1 270336 274432
813 1 270336 274432
827 1 475136 479232
693 3 114688 131072 131072 196608 196608 221184
827 1 159744 163840
847 6 159744 196608 196608 262144 262144 327680 327680 393216 393216 458752 458752 524288
848 3 0 65536 65536 131072 131072 147456
315 1 487424 491520
971 1 311296 315392
586 1 139264 143360
971 1 356352 360448
971 1 409600 421888
927 1 86016 90112
24 1 241664 245760
480 1 442368 446464
204 2 249856 262144 262144 319488
996 1 233472 241664
996 1 208896 217088
48 1 434176 450560
204 1 319488 323584
950 1 77824 81920
546 1 155648 172032
971 1 421888 425984
842 1 278528 294912
803 1 270336 274432
780 1 335872 339968
0 1 438272 458752
221 1 36864 57344
339 1 327680 352256
166 1 4096 8192
345 1 450560 454656
190 1 499712 503808
534 1 196608 197120
915 1 401408 405504
339 1 352256 356352
803 1 204800 208896
230 1 450560 458752
842 1 212992 229376
230 1 458752 462848
803 1 270336 278528
658 1 499712 524288
659 2 0 65536 65536 86528
658 6 139776 196608 196608 262144 262144 327680 327680 393216 393216 458752 458752 479232
113 1 200704 221184
659 4 152064 196608 196608 262144 262144 327680 327680 376832
813 1 270336 274432
701 3 335872 393216 393216 458752 458752 466944
813 1 196608 200704
701 1 491520 524288
702 1 0 12288
701 3 143360 196608 196608 262144 262144 266752
701 1 466944 491520
701 2 266752 327680 327680 335872
703 2 32768 65536 65536 73728
702 7 32768 65536 65536 131072 131072 196608 196608 262144 262144 327680 327680 393216 393216 422400
894 1 241664 249856
703 1 73728 98304
702 2 422400 458752 458752 524288
703 1 0 32768
888 4 274432 327680 327680 393216 393216 458752 458752 524288
889 2 0 65536 65536 115200
896 2 393216 458752 458752 524288
897 4 0 65536 65536 131072 131072 196608 196608 212992
901 1 278528 294912
902 1 98304 114688
902 1 245760 262144
901 1 393216 409600
907 1 81920 98304
884 1 438272 454656
998 1 32768 45056
803 1 270336 274432
345 1 20480 28672
852 1 102400 122880
258 1 0 16384
813 1 299008 311296
345 1 24576 28672
345 1 24576 28672
345 1 24576 36864
934 1 172032 173056
747 1 393216 397312
330 1 428032 429056
841 1 327680 331776
803 1 307200 311296
574 1 167936 172032
747 1 397312 401408
275 1 167936 188416
920 1 65536 77824
574 1 172032 184320
355 1 245760 262144
385 2 315392 327680 327680 331776
601 1 335872 344064
586 1 360448 364544
432 1 335872 352256
226 1 393216 397312
510 1 479232 495616
739 1 278528 282624
803 1 245760 249856
223 1 393216 397312
41 2 192512 196608 196608 200704
317 1 311296 327680
41 1 200704 204800
678 1 196608 208896
803 1 311296 323584
601 1 344064 348160
739 1 344064 348160
237 3 336384 393216 393216 458752 458752 524288
238 6 0 65536 65536 131072 131072 196608 196608 262144 262144 327680 327680 336384
657 1 299008 303104
930 1 24576 32768
238 3 336384 393216 393216 458752 458752 524288
239 2 0 65536 65536 78336
153 2 217088 262144 262144 282624
178 2 163840 196608 196608 229376
179 2 425984 458752 458752 491520
803 1 286720 294912
180 2 360448 393216 393216 425984
181 1 294912 315904
68 1 430080 438272
68 1 438272 442368
182 2 381440 393216 393216 425984
183 1 483328 524288
184 1 0 24576
189 2 163840 196608 196608 229376
190 2 229376 262144 262144 294912
476 2 40960 65536 65536 77824
105 2 57344 65536 65536 73728
133 1 352256 356352
293 1 438272 442368
476 1 77824 81920
341 2 241664 262144 262144 323584
133 1 466944 475136
133 1 286720 290816
133 1 475136 479232
737 1 102400 106496
353 1 241664 258048
354 2 126976 131072 131072 143360
397 1 45056 53248
805 1 442368 446464
405 1 425984 430080
840 1 376832 380928
63 1 36864 40960
591 1 409600 430080
327 1 77824 81920
337 1 32768 40960
337 1 45056 49152
337 1 98304 102400
338 1 335872 339968
43 1 405504 409600
339 1 516096 520192
80 1 327680 331776
207 1 135168 139264
51 1 20480 24576
874 1 139264 143360
874 1 65536 69632
96 1 253952 262144
547 1 520192 524288
548 1 0 61440
789 1 471552 524288
790 8 0 65536 65536 131072 131072 196608 196608 262144 262144 327680 327680 393216 393216 458752 458752 471552
96 1 327680 393216
548 1 520192 524288
549 1 0 61440
362 7 65536 131072 131072 196608 196608 262144 262144 327680 327680 393216 393216 458752 458752 524288
363 1 0 65536
363 7 65536 131072 131072 196608 196608 262144 262144 327680 327680 393216 393216 458752 458752 524288
364 1 0 65536
364 7 65536 131072 131072 196608 196608 262144 262144 327680 327680 393216 393216 458752 458752 524288
365 1 0 65536
365 7 65536 131072 131072 196608 196608 262144 262144 327680 327680 393216 393216 458752 458752 524288
366 1 0 65536
333 1 274432 290816
325 1 397312 438272
729 1 131072 196608
366 7 65536 131072 131072 196608 196608 262144 262144 327680 327680 393216 393216 458752 458752 524288
367 1 0 65536
606 1 282624 286720
813 1 319488 327680
822 1 8192 12288
813 1 258048 262144
813 1 323584 327680
862 1 0 4096
144 1 147456 151552
822 1 8192 12288
48 1 417792 421888
0 1 200704 212992
317 1 380928 393216
48 1 413696 417792
890 1 69632 73728
803 1 221184 225280
770 1 45056 49152
288 1 69632 81920
179 1 151552 159744
191 1 520192 524288
127 1 188416 192512
897 1 512000 516096
135 1 438272 442368
813 1 208896 217088
974 1 320000 320512
515 1 364544 385024
871 1 512000 520192
660 1 322560 323584
934 1 173056 174080
15 1 24576 32768
124 7 73728 131072 131072 196608 196608 262144 262144 327680 327680 393216 393216 458752 458752 524288
125 2 0 65536 65536 73728
929 1 111616 112640
223 1 393216 397312
582 1 421888 430080
883 1 458752 462848
562 1 323584 327680
165 1 335872 368640
285 1 413696 417792
515 1 303104 307200
269 1 413696 417792
269 1 409600 413696
219 1 217088 245760
249 1 303104 319488
883 1 503808 507904
741 1 3584 7680
611 1 311296 327680
769 1 0 16384
782 1 94208 98304
966 1 311296 319488
782 1 102400 106496
990 1 77824 81920
246 1 208896 217088
239 2 196096 196608 196608 200192
52 1 4096 24576
30 1 344064 393216
276 1 102400 106496
772 1 471040 479232
545 1 466944 470528
353 1 352256 356352
203 1 307200 311296
127 1 77824 106496
297 1 494080 494592
896 1 81920 86016
916 1 159744 163840
127 1 106496 110592
7 1 122368 122880
273 2 188416 196608 196608 204800
297 1 494592 495104
693 1 360448 360960
47 1 299008 307200
86 1 376832 389120
297 1 494592 495104
47 1 307200 311296
907 1 0 16384
907 1 163840 180224
907 1 409600 425984
639 1 425984 442368
34 1 32768 49152
389 2 442368 458752 458752 475136
389 1 180224 196608
640 1 327680 344064
389 1 491520 524288
640 1 81920 98304
390 1 163840 180224
833 2 253952 262144 262144 270336
389 1 327680 344064
505 1 245760 249856
768 1 172032 176128
624 1 274432 278528
848 1 278528 290816
848 1 237568 245760
708 1 122880 126976
530 1 352256 360448
10 1 53248 61440
529 1 430080 438272
530 1 389120 393216
11 2 200704 262144 262144 323584
997 1 28672 57344
354 1 77824 94208
353 2 258048 262144 262144 274432
353 1 307200 323584
293 1 442368 450560
538 1 344064 348160
811 1 172032 176128
590 1 393216 401408
589 1 372736 376832
640 1 507904 512000
133 1 352256 356352
625 1 147456 151552
801 1 294912 299008
833 1 118784 126976
293 1 450560 454656
999 1 389120 393216
0 1 131072 147456
279 1 438272 442368
819 1 335872 336896
773 1 0 4096
739 1 274432 278528
739 1 266240 270336
317 1 512000 520192
478 1 409600 413696
783 1 184320 192512
318 1 28672 32768
985 1 421888 425984
366 1 319488 323584
135 1 192512 196608
585 1 176128 180224
674 1 249344 253440
674 1 249344 253440
488 1 20480 61440
318 1 28672 36864
325 1 307200 311296
27 1 315392 316416
757 1 65536 69632
848 1 352256 372736
592 1 155648 163840
904 1 32768 36864
288 1 232960 237056
903 1 143360 147456
592 1 163840 167936
28 1 434176 442368
9 1 417792 421888
190 1 53248 65536
693 2 286720 327680 327680 352256
197 1 409600 413696
683 1 102400 110592
695 1 135168 139264
198 1 147456 151552
229 1 135168 151552
27 1 233472 241664
530 1 434176 458752
30 2 319488 327680 327680 331776
30 1 499712 503808
883 1 430080 434176
397 1 53248 57344
541 1 53248 61440
229 1 110592 131072
942 1 53248 65536
28 1 65536 73728
27 1 339968 344064
535 1 229376 233472
229 1 143360 159744
153 1 32768 53760
517 1 36864 37888
803 1 270336 278528
797 1 241664 243712
2 1 147456 159744
276 1 36864 40960
369 4 65536 131072 131072 196608 196608 262144 262144 327680
782 1 20480 24576
367 7 65536 131072 131072 196608 196608 262144 262144 327680 327680 393216 393216 458752 458752 524288
368 1 0 65536
412 1 262144 327680
368 7 65536 131072 131072 196608 196608 262144 262144 327680 327680 393216 393216 458752 458752 524288
369 1 0 65536
918 1 307200 315392
730 1 131072 196608
728 1 262144 279040
59 2 290816 327680 327680 335872
361 1 131072 139776
781 1 479232 483328
731 1 65536 131072
59 1 335872 339968
732 1 0 65536
207 1 327680 356352
83 1 266240 270336
550 1 49152 65536
549 1 520192 524288
550 1 0 45056
551 1 131072 196608
843 1 131072 151552
961 1 307200 311296
769 1 344064 348160
176 1 66560 70144
330 1 429056 430080
15 1 32768 36864
81 1 512000 516096
660 1 323584 324608
710 1 180224 192512
985 2 61440 65536 65536 102400
529 1 376832 380928
574 1 184320 188416
883 1 389120 393216
678 1 225280 229376
405 1 430080 434176
69 1 462848 463360
50 1 360448 364544
62 1 466944 471040
63 1 36864 40960
982 1 12288 16384
209 1 262144 266240
675 1 416768 418304
883 1 458752 483328
813 1 262144 266240
720 2 200704 262144 262144 327680
567 1 307200 311296
441 1 360448 364544
147 1 139264 172032
567 1 372736 376832
606 2 286720 327680 327680 372736
450 5 197120 262144 262144 327680 327680 393216 393216 458752 458752 524288
451 4 0 65536 65536 131072 131072 196608 196608 197120
174 1 221184 225280
57 2 258048 262144 262144 274432
223 1 397312 401408
803 1 253952 258048
41 1 204800 212992
317 1 327680 348160
265 1 122880 131072
464 1 131072 139264
803 1 319488 323584
466 1 270336 282624
926 1 196608 212992
41 1 212992 217088
451 5 197120 262144 262144 327680 327680 393216 393216 458752 458752 524288
452 4 0 65536 65536 131072 131072 196608 196608 197120
174 1 221184 225280
223 1 393216 397312
932 1 262144 266240
813 1 204800 208896
855 1 290816 294912
739 1 282624 290816
848 1 417792 438272
102 1 114688 122880
102 1 122880 126976
739 1 352256 368640
739 1 299008 307200
855 1 290816 303104
102 2 126976 131072 131072 135168
739 1 368640 372736
813 1 204800 212992
102 1 135168 139264
448 1 114176 114688
242 2 245760 262144 262144 270336
202 1 212992 217088
179 1 159744 163840
828 1 483328 524288
829 1 0 36864
829 1 36864 40960
564 2 319488 327680 327680 335872
438 1 208896 212992
412 1 28672 40960
931 1 233472 237568
438 1 401408 405504
682 1 462848 466944
211 1 401408 405504
682 1 475136 479232
223 1 393216 397312
682 1 69632 73728
737 1 163840 167936
412 1 118784 122880
438 1 200704 204800
803 1 282624 286720
553 1 65536 78336
49 1 20480 24576
785 4 262144 327680 327680 393216 393216 458752 458752 524288
786 3 0 65536 65536 131072 131072 196608
784 4 262144 327680 327680 393216 393216 458752 458752 524288
785 4 0 65536 65536 131072 131072 196608 196608 262144
856 6 172032 196608 196608 262144 262144 327680 327680 393216 393216 458752 458752 524288
857 3 0 65536 65536 131072 131072 172032
156 4 262144 327680 327680 393216 393216 458752 458752 524288
157 4 0 65536 65536 131072 131072 196608 196608 262144
803 1 270336 282624
157 4 262144 327680 327680 393216 393216 458752 458752 524288
158 4 0 65536 65536 131072 131072 196608 196608 262144
312 6 131072 196608 196608 262144 262144 327680 327680 393216 393216 458752 458752 524288
313 2 0 65536 65536 131072
868 1 491520 524288
313 4 131072 196608 196608 262144 262144 327680 327680 393216
158 4 262144 327680 327680 393216 393216 458752 458752 524288
159 4 0 65536 65536 131072 131072 196608 196608 262144
159 4 262144 327680 327680 393216 393216 458752 458752 524288
160 3 0 65536 65536 131072 131072 196608
342 1 458752 524288
343 2 0 65536 65536 131072
260 1 65536 131072
309 2 311296 327680 327680 376832
764 1 131072 196608
736 8 0 65536 65536 131072 131072 196608 196608 262144 262144 327680 327680 393216 393216 458752 458752 524288
840 2 327680 393216 393216 458752
737 5 0 65536 65536 131072 131072 196608 196608 262144 262144 294912
803 1 204800 208896
849 1 491520 494592
737 1 102400 106496
735 1 167936 172032
634 1 53248 57344
269 1 114688 118784
379 1 77824 98304
234 1 491520 495616
269 8 20480 65536 65536 131072 131072 196608 196608 262144 262144 327680 327680 393216 393216 458752 458752 524288
270 1 0 20480
45 1 458752 471040
693 2 221184 262144 262144 286720
190 1 65536 69632
1 2 405504 458752 458752 524288
2 3 0 65536 65536 131072 131072 147456
206 1 335872 337920
402 1 520192 524288
669 1 249856 252928
782 1 114688 118784
226 1 299008 303104
782 1 106496 110592
803 1 208896 212992
229 1 61440 65536
782 1 110592 114688
209 2 249856 262144 262144 275968
766 1 458752 524288
154 1 307200 327680
651 1 393216 397312
651 1 4096 32768
673 1 36864 40960
652 1 249856 258048
140 1 102400 106496
602 2 376832 393216 393216 401408
171 1 311296 315392
883 1 176128 180224
16 1 495616 499712
43 2 421888 458752 458752 487424
877 1 352256 360448
239 5 78336 131072 131072 196608 196608 262144 262144 327680 327680 336384
411 1 274432 282624
750 1 241664 245760
857 1 290816 299008
657 1 303104 327680
750 1 270336 274432
240 2 12288 65536 65536 82432
252 1 131072 135168
970 1 73728 75264
240 4 82432 131072 131072 196608 196608 262144 262144 274944
239 3 336384 393216 393216 458752 458752 524288
240 1 0 8192
930 1 28672 32768
34 1 454656 458752
615 1 122880 126976
388 1 393216 397312
615 1 204800 208896
30 1 409600 430080
962 2 192512 196608 196608 204800
708 1 475136 507904
943 1 40960 45056
397 2 57344 65536 65536 90112
959 1 344064 345088
959 1 339968 344064
345 1 28672 32768
345 1 28672 32768
852 1 122880 131072
588 1 139264 147456
853 1 65536 69632
345 1 28672 36864
626 1 241664 249856
932 1 499712 503808
136 1 471040 499712
788 1 139264 142336
60 1 520192 524288
61 1 0 49152
61 1 49152 53248
390 2 357376 393216 393216 422912
188 1 282624 286720
371 1 237568 245760
949 1 65536 69632
149 1 466944 479232
949 1 65536 69632
342 1 65536 81920
458 1 163840 167936
165 1 368640 372736
924 1 405504 409600
991 1 311296 319488
223 1 397312 401408
330 1 430080 431104
929 1 112640 114176
934 1 174080 174592
708 1 282624 327680
249 1 323584 327680
599 1 253952 254464
21 1 401408 409600
720 1 270336 274432
612 1 196608 212992
612 1 212992 217088
599 1 253952 254464
21 1 405504 409600
720 1 270336 274432
403 1 135168 139264
806 1 4096 8192
612 1 217088 241664
449 1 492032 524288
450 8 0 65536 65536 131072 131072 196608 196608 262144 262144 327680 327680 393216 393216 458752 458752 492032
958 1 286720 299008
958 1 299008 303104
906 1 421888 425984
450 1 492032 524288
451 8 0 65536 65536 131072 131072 196608 196608 262144 262144 327680 327680 393216 393216 458752 458752 492032
41 1 491520 493568
390 1 225280 241664
32 1 417792 421888
431 2 184320 196608 196608 212992
842 1 229376 249856
448 1 77824 86016
214 1 430080 434176
189 1 233472 237568
50 1 372736 380928
50 1 380928 385024
214 1 434176 438272
448 1 86016 90112
803 1 270336 286720
842 1 294912 315392
495 1 73728 77824
803 1 217088 221184
803 1 282624 286720
495 1 73728 77824
803 1 217088 221184
108 1 217088 229376
803 1 282624 286720
145 1 225280 229376
495 1 73728 77824
202 1 516096 521216
58 1 331776 335872
925 1 16384 24576
924 1 241664 249856
574 2 188416 196608 196608 200704
991 1 323584 327680
384 1 81920 90112
790 1 471552 524288
791 8 0 65536 65536 131072 131072 196608 196608 262144 262144 327680 327680 393216 393216 458752 458752 471552
553 1 78336 131072
95 1 262656 263168
283 1 147456 151552
660 1 324608 325632
694 1 405504 409600
976 1 483328 487424
330 1 431104 432128
557 1 0 4096
813 1 282624 290816
394 1 434176 446464
862 1 0 4096
606 1 372736 376832
720 3 323584 327680 327680 393216 393216 434176
176 1 389120 393216
980 1 229376 233472
650 5 254464 262144 262144 327680 327680 393216 393216 458752 458752 524288
651 4 0 65536 65536 131072 131072 196608 196608 254464
754 1 176128 180224
980 1 172032 180224
388 1 475136 491520
651 5 254464 262144 262144 327680 327680 393216 393216 458752 458752 524288
652 1 0 45056
653 2 241664 262144 262144 307200
652 3 45056 65536 65536 131072 131072 188928
11 1 32768 45056
646 1 20480 24576
11 1 45056 49152
652 6 188928 196608 196608 262144 262144 327680 327680 393216 393216 458752 458752 524288
653 3 0 65536 65536 131072 131072 188928
80 1 417792 421888
691 1 143360 147456
97 1 294912 299008
691 1 176128 184320
212 1 167936 172032
91 1 520192 524288
92 1 0 16384
388 1 446464 450560
671 1 323584 327680
418 1 356352 360448
389 1 118784 122880
614 1 450560 454656
388 1 323584 327680
418 1 380928 385024
862 1 86016 90112
179 1 110592 118784
363 1 356352 359936
256 1 36864 45056
134 1 323584 327680
504 1 475136 479232
504 1 430080 434176
959 1 253952 258048
567 1 454656 458752
883 1 495616 499712
748 1 73728 75264
867 1 315392 327680
397 1 90112 94208
363 1 450560 454144
868 1 507904 512000
293 1 294912 299008
58 1 487424 488960
962 1 204800 208896
156 1 491520 499712
757 1 131072 196608
223 1 393216 397312
764 1 393216 458752
223 1 389120 393216
77 1 12288 20480
765 1 327680 393216
77 1 20480 24576
51 1 253952 262144
493 1 458752 512000
309 3 376832 393216 393216 458752 458752 524288
310 6 0 65536 65536 131072 131072 196608 196608 262144 262144 327680 327680 376832
310 3 376832 393216 393216 458752 458752 524288
311 6 0 65536 65536 131072 131072 196608 196608 262144 262144 327680 327680 376832
312 2 0 65536 65536 131072
312 3 376832 393216 393216 458752 458752 524288
313 2 0 65536 65536 114688
51 1 393216 405504
311 3 376832 393216 393216 458752 458752 524288
312 6 0 65536 65536 131072 131072 196608 196608 262144 262144 327680 327680 376832
847 1 327680 393216
341 3 262144 327680 327680 393216 393216 458752
474 1 344064 356352
695 3 352256 393216 393216 458752 458752 524288
696 6 0 65536 65536 131072 131072 196608 196608 262144 262144 327680 327680 352256
696 3 352256 393216 393216 458752 458752 524288
697 4 0 65536 65536 131072 131072 196608 196608 262144
80 1 417792 421888
381 2 454656 458752 458752 475136
160 2 0 65536 65536 81920
80 1 409600 413696
111 1 331776 335872
7 1 430080 442368
983 1 159744 164352
819 2 237568 262144 262144 266240
81 1 307200 315392
81 1 196608 200704
81 1 331776 335872
899 1 90112 94208
996 1 32768 36864
419 1 462848 466944
419 2 102400 131072 131072 176128
923 1 499712 503808
91 1 81408 88576
465 1 65536 69632
894 1 487424 491520
275 1 167936 172032
890 1 106496 114688
559 1 65536 69632
565 1 352256 356352
744 1 90112 94208
993 1 299008 303104
951 1 520192 524288
883 1 413696 438272
251 1 335872 356352
632 1 57344 61440
538 1 299008 303104
505 1 401408 405504
632 1 40960 45056
538 1 282624 286720
196 1 278528 286720
467 1 339968 340480
557 1 172032 176128
161 1 167936 172032
288 1 126976 131072
43 1 73728 77824
782 1 65536 77824
384 2 450560 458752 458752 487424
774 1 147456 149504
803 1 274432 278528
474 1 425984 430080
228 1 188416 192512
272 1 104448 105984
867 1 331776 339968
697 1 90112 91648
668 1 442368 443904
813 2 45056 65536 65536 110592
616 1 86016 90112
985 1 102400 106496
894 1 86016 102400
125 7 73728 131072 131072 196608 196608 262144 262144 327680 327680 393216 393216 458752 458752 524288
126 2 0 65536 65536 73728
929 1 114176 115200
700 1 491520 495616
710 1 192512 196608
977 1 20480 24576
934 1 174592 175616
868 1 282624 286720
660 1 325632 326656
841 1 331776 335872
863 1 71680 73216
330 1 432128 433152
739 1 339968 344064
191 2 229376 262144 262144 294912
396 1 425984 426496
193 2 303104 327680 327680 368640
194 2 237568 262144 262144 303104
26 1 163840 167936
196 1 327680 393216
61 1 319488 327680
360 1 40960 45056
742 1 294912 299008
701 1 249856 253952
27 1 217088 221184
197 1 393216 414208
489 2 102400 131072 131072 143360
197 1 414208 458752
618 1 106496 110592
489 1 143360 147456
32 1 417792 425984
863 1 278528 282624
863 1 262144 274432
771 1 77824 81920
511 1 167936 172032
883 1 466944 471040
249 1 319488 327680
296 1 81920 94208
883 1 438272 446464
145 1 364544 372736
883 1 401408 405504
883 1 507904 512000
145 1 372736 376832
851 1 217088 237568
321 1 237568 249856
554 1 0 65536
925 1 487424 495616
292 1 73728 77824
292 1 155648 159744
292 1 57344 61440
791 1 471552 524288
792 8 0 65536 65536 131072 131072 196608 196608 262144 262144 327680 327680 393216 393216 458752 458752 471552
291 1 372736 380928
981 1 53248 57344
592 2 167936 196608 196608 204800
693 2 352256 393216 393216 413696
981 1 90112 94208
28 1 442368 454656
904 1 32768 40960
848 1 294912 311296
227 1 385024 389120
635 1 454656 458752
296 1 192512 196608
572 1 286720 290816
411 1 65536 69632
345 1 32768 36864
788 1 135168 139264
934 1 331776 335872
360 1 192512 196608
136 1 499712 503808
927 1 360448 364544
953 1 4096 8192
345 1 32768 36864
953 1 61440 65536
37 1 303104 307200
345 1 32768 36864
469 1 65536 69632
574 1 200704 204800
444 1 61440 65536
911 1 139264 151552
165 1 372736 380928
91 1 88576 91136
48 1 421888 425984
232 1 503808 507904
226 1 118784 122880
745 2 258048 262144 262144 270336
611 1 225280 258048
311 1 483328 499712
803 1 253952 262144
41 1 217088 225280
601 1 348160 356352
551 1 90112 94208
41 1 225280 229376
223 1 397312 401408
861 1 212992 217088
803 1 323584 327680
57 4 258048 262144 262144 327680 327680 393216 393216 438272
41 1 229376 237568
646 1 8192 65536
41 1 237568 241664
803 1 204800 208896
606 1 114688 115712
600 1 466944 524288
601 6 0 65536 65536 131072 131072 196608 196608 262144 262144 327680 327680 380928
602 1 442368 458752
601 1 458752 475136
606 1 376832 385024
803 1 212992 225280
325 1 180224 184320
813 1 204800 208896
813 1 262144 270336
663 1 471040 475136
615 1 139264 143360
179 1 118784 122880
232 1 401408 405504
142 1 294912 323584
603 2 184320 196608 196608 208896
603 1 208896 225280
208 1 442368 446464
467 1 340480 340992
151 1 106496 114688
149 1 20480 24576
7 1 212992 213504
467 1 340992 345088
883 1 499712 507904
971 1 450560 458752
971 1 487424 495616
811 1 262144 266240
580 1 122880 124928
848 1 139264 143360
48 1 450560 458752
315 1 487424 491520
49 1 65536 77824
480 1 442368 446464
204 2 323584 327680 327680 335872
204 1 335872 339968
973 1 462848 466944
861 1 233472 237568
541 2 184320 196608 196608 221184
541 1 221184 225280
77 1 286720 294912
453 1 249856 252928
763 1 397312 398848
77 2 344064 393216 393216 401408
411 1 278528 282624
241 1 425984 454656
252 1 135168 147456
240 3 340480 393216 393216 458752 458752 524288
241 5 0 65536 65536 131072 131072 196608 196608 262144 262144 311808
252 1 147456 151552
930 1 28672 32768
252 1 151552 159744
241 3 311808 327680 327680 393216 393216 425984
424 2 253952 262144 262144 266240
425 1 98304 102400
433 2 294912 327680 327680 344064
619 1 458752 462848
943 1 36864 40960
245 2 319488 327680 327680 335872
78 1 319488 327680
708 1 475136 479232
27 1 294912 299008
734 1 122880 126976
397 1 94208 102400
112 1 491520 495616
623 1 221184 225280
842 1 458752 524288
254 1 131072 196608
148 1 503808 507904
779 1 466944 468480
785 1 397312 401408
843 1 458752 524288
149 1 81920 90112
868 1 65536 131072
190 1 69632 81920
592 1 204800 208896
362 3 356352 393216 393216 458752 458752 524288
363 6 0 65536 65536 131072 131072 196608 196608 262144 262144 327680 327680 356352
772 1 303104 307200
430 2 61440 65536 65536 90112
291 1 499712 503808
555 1 393216 458752
601 1 307200 327680
75 1 163840 184320
556 1 393216 400896
601 1 393216 409600
746 1 290816 294912
405 1 425984 430080
840 1 376832 380928
405 1 430080 434176
0 1 438272 458752
803 1 274432 278528
310 8 0 65536 65536 131072 131072 196608 196608 262144 262144 327680 327680 393216 393216 458752 458752 524288
713 1 327680 393216
311 8 0 65536 65536 131072 131072 196608 196608 262144 262144 327680 327680 393216 393216 458752 458752 524288
803 1 212992 217088
848 1 262144 327680
309 3 180224 196608 196608 262144 262144 311296
814 1 45056 49152
868 1 319488 322560
934 1 175616 176640
929 1 115200 116224
769 1 344064 356352
985 1 106496 114688
803 1 204800 208896
747 1 397312 405504
128 1 65536 77824
646 1 491520 503808
830 1 208896 212992
893 1 315392 327680
606 1 385024 389120
266 1 32768 34304
325 1 229376 237568
266 1 69632 73728
594 1 139264 196608
155 1 167936 172032
822 1 61440 65536
958 3 122880 131072 131072 196608 196608 229376
384 1 487424 491520
978 1 491520 495616
475 1 45056 49152
858 1 393216 397312
978 1 507904 512000
883 1 458752 462848
476 1 299008 303104
858 1 397312 401408
568 4 45056 65536 65536 131072 131072 196608 196608 241664
551 3 364544 393216 393216 458752 458752 524288
552 4 0 65536 65536 131072 131072 196608 196608 253952
613 5 155136 196608 196608 262144 262144 327680 327680 393216 393216 454144
612 6 155136 196608 196608 262144 262144 327680 327680 393216 393216 458752 458752 524288
613 3 0 65536 65536 131072 131072 155136
868 1 458752 524288
419 1 176128 180224
674 1 167936 172032
739 1 274432 278528
3 1 430080 450560
574 1 208896 221184
91 1 91136 93184
165 1 380928 385024
769 1 466944 524288
476 1 262144 327680
477 2 131072 196608 196608 262144
478 1 131072 196608
478 1 327680 393216
479 1 0 65536
480 1 262144 327680
137 1 450560 454656
544 4 0 65536 65536 131072 131072 196608 196608 262144
114 1 458752 524288
115 7 0 65536 65536 131072 131072 196608 196608 262144 262144 327680 327680 393216 393216 458752
115 1 458752 524288
116 7 0 65536 65536 131072 131072 196608 196608 262144 262144 327680 327680 393216 393216 458752
116 1 458752 524288
117 7 0 65536 65536 131072 131072 196608 196608 262144 262144 327680 327680 393216 393216 458752
601 1 516096 524288
602 1 335872 372736
602 1 20480 45056
761 1 16384 17408
371 1 245760 249856
188 1 282624 294912
766 1 307200 311296
371 1 249856 258048
924 1 286720 291840
490 1 453632 454656
763 1 184320 188416
371 1 258048 262144
149 1 65536 73728
490 1 454656 455168
188 1 286720 290816
149 1 73728 77824
371 1 262144 270336
871 1 520192 524288
467 1 345088 348160
459 1 28672 29696
459 1 29696 33792
209 1 262144 266240
409 1 139264 143360
10 2 253952 262144 262144 278528
803 1 217088 221184
803 1 282624 286720
495 1 73728 77824
803 1 217088 221184
998 1 471040 491520
803 1 282624 290816
9 1 471040 475136
495 1 73728 77824
909 1 102400 106496
624 1 155648 159744
962 1 208896 221184
397 1 102400 106496
11 1 323584 327680
943 1 40960 45056
558 1 233472 237568
660 1 327680 339968
834 1 28672 32768
721 1 385024 389120
834 1 102400 106496
351 2 434176 458752 458752 524288
352 2 0 65536 65536 106496
247 1 458752 524288
369 2 0 65536 65536 131072
848 2 393216 458752 458752 524288
349 2 434176 458752 458752 524288
350 7 0 65536 65536 131072 131072 196608 196608 262144 262144 327680 327680 393216 393216 434176
350 2 434176 458752 458752 524288
351 7 0 65536 65536 131072 131072 196608 196608 262144 262144 327680 327680 393216 393216 434176
368 8 0 65536 65536 131072 131072 196608 196608 262144 262144 327680 327680 393216 393216 458752 458752 524288
375 1 458752 524288
376 1 0 8192
903 1 143360 147456
234 1 495616 499712
379 1 77824 81920
329 1 86016 90112
974 2 409600 458752 458752 524288
975 7 0 65536 65536 131072 131072 196608 196608 262144 262144 327680 327680 393216 393216 409600
190 1 81920 86016
234 1 491520 495616
592 1 237568 241664
592 1 208896 212992
351 1 307200 311296
926 1 24576 32768
792 1 471552 524288
793 1 0 40960
794 1 65536 81920
793 2 339968 393216 393216 393728
884 1 159744 167936
459 1 176128 184320
403 1 352256 356352
369 1 458752 487424
399 1 483328 487424
217 1 516096 524288
293 2 454656 458752 458752 466944
293 1 466944 471040
150 1 229376 237568
380 1 368640 372736
218 1 0 4096
150 1 237568 241664
269 1 413696 417792
326 1 483328 491520
269 1 409600 413696
842 1 446464 458752
843 1 327680 331776
803 1 208896 221184
358 1 352256 393216
318 1 28672 32768
416 1 208896 217088
416 1 217088 221184
318 2 106496 131072 131072 139264
674 1 249344 253440
914 1 196608 200704
674 1 249344 253440
888 1 397312 401408
888 1 389120 393216
488 1 61440 65536
330 1 57344 58368
674 1 249344 253440
674 1 249344 253440
660 1 326656 327680
710 1 196608 204800
81 1 516096 520192
934 1 176640 177664
929 1 116224 117248
858 1 393216 397312
126 7 73728 131072 131072 196608 196608 262144 262144 327680 327680 393216 393216 458752 458752 524288
127 1 0 61440
223 1 393216 397312
626 1 53248 58880
241 2 454656 458752 458752 524288
242 6 0 65536 65536 131072 131072 196608 196608 262144 262144 327680 327680 340480
252 1 159744 163840
813 1 270336 274432
689 1 32768 36864
574 1 221184 225280
673 1 77824 81920
745 1 266240 270336
745 1 266240 270336
831 2 380928 393216 393216 413696
92 1 16384 28672
745 1 266240 270336
149 1 479232 491520
24 1 466944 479232
662 1 299008 319488
16 1 466944 479232
893 1 266240 270336
10 1 94208 98304
883 1 442368 446464
109 1 430080 438272
243 1 372736 380928
948 1 217088 221184
109 1 438272 442368
157 2 184320 196608 196608 200704
243 1 380928 385024
948 1 159744 167936
113 1 24576 32768
329 1 176128 179712
883 1 471040 475136
949 1 135168 151552
883 1 507904 512000
948 1 221184 225280
626 1 225280 233472
331 1 0 4096
717 1 65536 131072
813 1 270336 274432
763 2 57344 65536 65536 122880
424 1 36864 40960
402 2 348160 393216 393216 413696
406 2 339968 393216 393216 405504
37 1 352256 356352
95 1 421376 425472
37 1 520192 524288
803 1 483328 487424
37 1 114688 118784
345 1 32768 45056
345 1 36864 40960
950 1 262144 327680
978 1 520192 524288
477 1 167936 172032
272 1 105472 106496
49 1 458752 475136
803 1 286720 294912
381 1 65536 69632
973 1 393216 397312
966 1 188416 192512
91 1 93184 95232
966 1 270336 274432
149 1 65536 69632
489 1 90112 94208
883 1 438272 454656
803 1 270336 274432
803 1 200704 204800
434 1 327680 328192
0 1 20480 24576
0 1 0 4096
374 1 458752 524288
375 7 0 65536 65536 131072 131072 196608 196608 262144 262144 327680 327680 393216 393216 458752
407 1 327680 393216
853 2 0 65536 65536 131072
333 2 368640 393216 393216 434176
718 1 458752 524288
853 1 196608 262144
611 1 49152 53248
710 1 204800 208896
934 1 177664 178688
803 1 270336 274432
985 1 114688 118784
894 1 102400 114688
841 1 335872 348160
769 1 348160 352256
813 1 204800 208896
4 1 204800 221184
653 2 188928 196608 196608 241664
655 4 307200 327680 327680 393216 393216 458752 458752 524288
656 4 0 65536 65536 131072 131072 196608 196608 254464
388 1 491520 512000
228 1 462848 471040
980 1 241664 245760
656 2 254464 262144 262144 307200
4 1 221184 241664
657 2 307200 327680 327680 372736
813 1 270336 274432
658 2 45056 65536 65536 110592
123 1 262144 278528
228 1 471040 475136
167 1 159744 163840
689 1 180224 184320
58 1 372736 376832
558 1 4096 8192
203 1 4096 9216
397 1 106496 114688
997 1 135168 139264
397 1 114688 118784
962 1 221184 225280
345 1 36864 40960
951 1 196608 262144
855 1 294912 299008
739 1 303104 307200
102 1 139264 147456
739 1 368640 380928
102 1 147456 151552
452 1 221184 237568
1 1 290816 299008
855 1 294912 299008
102 1 151552 159744
102 1 159744 163840
855 1 294912 299008
102 1 163840 172032
102 1 172032 176128
855 1 294912 299008
81 2 335872 393216 393216 397312
695 1 114688 118784
297 1 28672 32768
890 2 172032 196608 196608 204800
899 1 348160 352256
207 1 393216 458752
890 1 204800 208896
999 1 53248 65536
803 1 274432 278528
86 2 258048 262144 262144 282624
229 1 24576 28672
86 1 282624 286720
144 1 114688 122880
213 1 32768 36352
144 1 122880 126976
208 1 28672 32768
208 1 151552 155648
414 1 344064 356352
116 1 274432 278528
229 1 503808 507904
848 1 311296 327680
904 1 36864 49152
654 1 475136 487424
849 1 458752 462848
125 2 233472 262144 262144 266240
592 1 241664 245760
209 1 225280 229376
612 1 241664 245760
21 1 405504 409600
806 1 8192 12288
720 1 270336 274432
813 1 299008 311296
20 2 425984 458752 458752 524288
21 1 0 32768
612 2 245760 262144 262144 286720
707 1 274432 278528
612 1 286720 290816
813 1 241664 245760
813 1 307200 311296
21 1 405504 409600
720 1 270336 274432
707 1 274432 278528
612 1 290816 319488
601 1 409600 413696
793 6 40960 65536 65536 131072 131072 196608 196608 262144 262144 327680 327680 335872
925 1 495616 499712
369 1 487424 491520
351 1 274432 278528
746 1 290816 294912
241 1 237568 245760
793 1 459264 524288
794 1 0 65536
926 1 28672 32768
241 1 245760 249856
794 7 81920 131072 131072 196608 196608 262144 262144 327680 327680 393216 393216 458752 458752 475648
774 1 110592 111104
777 1 32768 61440
88 1 118784 122880
88 1 110592 114688
943 1 364544 372736
88 1 122880 126976
26 1 61440 65536
809 1 311296 319488
642 2 49152 65536 65536 98304
962 1 364544 368640
642 1 98304 102400
880 1 45056 49152
407 1 516096 520192
408 1 0 61440
813 1 204800 208896
822 1 61440 65536
974 1 81920 114688
813 1 270336 274432
405 1 237568 241664
405 1 225280 229376
418 1 151552 155648
970 1 348160 352256
165 1 385024 393216
574 1 225280 237568
422 2 118272 131072 131072 134656
421 1 228864 245248
684 1 413696 417792
422 2 216576 262144 262144 265728
435 1 479232 483328
165 1 393216 397312
755 1 491520 507904
774 2 40960 65536 65536 90112
928 1 327680 344064
468 1 40960 57344
217 1 286720 303104
577 1 274432 290816
886 1 462848 512000
167 1 290816 294912
41 1 241664 249856
803 1 270336 278528
41 1 249856 253952
803 1 208896 212992
167 1 290816 294912
803 1 274432 278528
551 1 90112 94208
861 1 212992 217088
803 1 208896 212992
803 1 274432 286720
889 7 115200 131072 131072 196608 196608 262144 262144 327680 327680 393216 393216 458752 458752 524288
890 2 0 65536 65536 115200
890 7 115200 131072 131072 196608 196608 262144 262144 327680 327680 393216 393216 458752 458752 524288
891 2 0 65536 65536 115200
891 3 115200 131072 131072 196608 196608 258048
891 4 262144 327680 327680 393216 393216 458752 458752 524288
892 1 0 16384
893 2 278528 327680 327680 344064
892 1 16384 53760
890 2 323584 327680 327680 331776
877 1 266240 270336
877 1 253952 258048
892 8 53760 65536 65536 131072 131072 196608 196608 262144 262144 327680 327680 393216 393216 458752 458752 524288
893 1 0 53760
893 5 53760 65536 65536 131072 131072 196608 196608 262144 262144 278528
64 2 32768 65536 65536 78336
135 1 176128 184320
63 3 335872 393216 393216 458752 458752 524288
875 1 4096 8192
161 1 94208 102400
478 1 69632 73728
782 1 73728 77824
606 2 438272 458752 458752 524288
607 1 0 65536
649 5 196608 262144 262144 327680 327680 393216 393216 458752 458752 524288
650 2 0 65536 65536 122880
894 1 442368 450560
985 1 118784 122880
710 1 208896 217088
747 1 405504 417792
868 1 282624 286720
81 1 512000 516096
813 1 503808 507904
799 2 425984 458752 458752 524288
800 7 0 65536 65536 131072 131072 196608 196608 262144 262144 327680 327680 393216 393216 425984
190 1 86016 94208
414 1 266240 282624
338 1 487424 491520
234 1 495616 499712
827 1 102400 106496
63 1 475136 524288
64 8 0 65536 65536 131072 131072 196608 196608 262144 262144 327680 327680 393216 393216 458752 458752 475136
826 1 241664 245760
824 1 163840 167936
825 1 401408 405504
824 1 155648 159744
827 1 471040 475136
84 1 450560 454656
117 1 458752 524288
118 7 0 65536 65536 131072 131072 196608 196608 262144 262144 327680 327680 393216 393216 458752
118 1 458752 524288
119 7 0 65536 65536 131072 131072 196608 196608 262144 262144 327680 327680 393216 393216 458752
120 1 458752 524288
121 3 0 65536 65536 131072 131072 192512
119 1 458752 524288
120 7 0 65536 65536 131072 131072 196608 196608 262144 262144 327680 327680 393216 393216 458752
121 1 192512 196608
121 1 192512 196608
547 1 385024 389120
834 1 106496 110592
813 1 204800 212992
828 1 188416 190976
291 1 0 65536
834 1 356352 360448
75 1 167936 172032
527 1 131072 196608
57 1 266240 270336
900 1 466944 475136
430 1 90112 94208
146 1 245760 246784
348 1 4096 8192
432 1 331776 335872
287 1 172032 180224
438 1 397312 401408
701 1 520192 524288
702 1 0 36864
702 1 36864 40960
896 1 73728 77824
516 1 446464 450560
375 1 495616 499712
36 2 307200 327680 327680 339968
884 1 159744 163840
36 1 405504 438272
36 1 356352 389120
369 1 327680 393216
161 1 102400 106496
549 2 126976 131072 131072 143360
506 1 520192 524288
507 1 0 12288
858 1 393216 397312
215 1 73728 81920
0 1 339968 344064
770 1 421888 425984
345 1 36864 40960
384 1 507904 512512
370 1 413696 417792
695 1 102400 106496
567 1 196608 204800
451 1 492032 524288
452 8 0 65536 65536 131072 131072 196608 196608 262144 262144 327680 327680 393216 393216 458752 458752 492032
476 1 81920 114688
124 1 471040 475136
452 1 492032 524288
453 8 0 65536 65536 131072 131072 196608 196608 262144 262144 327680 327680 393216 393216 458752 458752 492032
31 1 40960 49152
31 1 49152 53248
453 1 492032 524288
454 8 0 65536 65536 131072 131072 196608 196608 262144 262144 327680 327680 393216 393216 458752 458752 492032
14 1 143360 147456
61 1 403456 403968
25 1 20480 28672
454 1 492032 524288
455 8 0 65536 65536 131072 131072 196608 196608 262144 262144 327680 327680 393216 393216 458752 458752 492032
61 1 403456 404480
455 1 492032 524288
456 1 0 57856
24 1 483328 487424
176 1 262656 263168
409 1 143360 147456
435 1 12288 16384
434 1 331776 335872
120 1 237568 241664
848 1 303104 323584
813 1 270336 274432
952 1 131072 196608
303 1 110592 122880
763 1 122880 126976
567 1 307200 311296
276 1 311296 315392
284 1 446464 450560
655 1 20480 24576
284 1 319488 323584
998 1 311296 315392
900 1 196608 200704
284 1 344064 348160
221 1 57344 61440
221 1 65536 69632
356 2 421888 458752 458752 524288
357 1 0 24576
891 1 126976 128000
618 1 147456 151552
560 1 249856 253952
943 1 36864 40960
708 1 507904 524288
709 1 0 16384
335 2 184320 196608 196608 204800
335 1 315392 319488
925 1 479232 483328
949 1 192512 196608
949 1 151552 163840
114 1 425984 430080
883 1 405504 409600
157 1 200704 221184
45 1 188416 191488
10 1 241664 245760
763 1 184320 192512
49 1 331776 335872
741 1 3584 7680
716 1 516096 520192
524 1 491520 499712
524 1 499712 503808
15 1 249856 253952
408 1 57344 61440
354 1 290816 294912
539 1 339968 352256
803 1 221184 225280
803 1 286720 290816
495 1 73728 77824
803 1 221184 225280
832 1 303104 304128
998 1 491520 503808
803 1 270336 274432
650 1 483328 503808
568 2 454656 458752 458752 475136
437 1 12288 14848
609 1 487424 490496
334 1 282624 284672
448 1 475136 479232
257 1 442368 445440
256 1 49152 51712
925 1 495616 499712
314 1 131072 143360
75 1 184320 196608
803 1 270336 278528
574 1 237568 241664
3 1 450560 458752
252 1 69632 73728
510 1 155648 159744
275 2 188416 196608 196608 208896
758 1 91136 92160
371 1 270336 274432
803 1 212992 221184
105 1 8192 16384
110 1 192512 196608
963 1 0 4096
962 1 479232 487424
970 1 28672 32768
715 1 106496 118784
928 3 98304 131072 131072 196608 196608 221184
976 1 192512 196608
9 1 11776 13312
928 1 221184 225280
869 1 65536 131072
255 1 196608 262144
217 2 393216 458752 458752 524288
218 6 0 65536 65536 131072 131072 196608 196608 262144 262144 327680 327680 393216
554 1 319488 323584
219 2 393216 458752 458752 524288
220 6 0 65536 65536 131072 131072 196608 196608 262144 262144 327680 327680 393216
218 2 393216 458752 458752 524288
219 6 0 65536 65536 131072 131072 196608 196608 262144 262144 327680 327680 393216
220 2 393216 458752 458752 524288
221 6 0 65536 65536 131072 131072 196608 196608 262144 262144 327680 327680 393216
38 1 307200 315392
747 1 126976 131072
525 1 356352 360448
54 1 237568 241664
456 1 135168 139264
0 1 196608 200704
424 1 290816 294912
222 1 458752 462848
704 1 180224 184320
421 1 217088 221184
665 1 348160 352256
483 1 413696 417792
875 1 12288 20480
883 1 393216 401408
388 1 147456 155648
90 1 507904 516096
49 1 270336 274432
229 1 196608 200704
397 2 118784 131072 131072 151552
914 1 512000 516096
323 1 253952 258048
21 1 294912 299008
728 1 299008 303104
127 8 61440 65536 65536 131072 131072 196608 196608 262144 262144 327680 327680 393216 393216 458752 458752 520192
710 1 217088 221184
803 1 204800 212992
223 1 397312 401408
81 1 516096 520192
769 1 348160 352256
223 1 393216 397312
179 1 229376 233472
275 1 24576 28672
176 1 380928 385024
567 1 372736 376832
274 1 417792 421888
178 1 8192 12288
778 1 106496 131072
813 1 204800 208896
932 1 0 12288
297 1 16384 32768
61 1 327680 335872
17 1 208896 212992
153 1 503808 507904
197 1 360448 364032
823 1 179712 183808
64 3 143872 196608 196608 262144 262144 303104
153 1 499712 503808
892 1 220672 224768
572 1 56832 65024
614 1 179712 183808
181 2 327168 327680 327680 331264
154 1 245248 249344
840 1 368128 372224
71 2 442368 458752 458752 524288
72 1 0 49152
488 1 56832 65024
602 1 303104 315392
752 2 266240 327680 327680 393216
342 1 8192 12288
438 1 0 12288
341 1 466944 471040
953 1 327680 393216
563 1 57344 61440
962 1 225280 237568
333 1 417792 434176
683 2 65536 131072 131072 139264
437 1 409600 413696
507 1 286720 290816
397 1 151552 155648
191 1 413696 421888
444 1 53248 57344
574 1 241664 253952
4 1 393216 397312
701 1 73728 77824
252 1 77824 81920
366 1 331776 335872
996 1 221184 229376
444 1 65536 69632
191 1 421888 425984
165 1 397312 430080
484 1 475136 479232
543 1 208896 233472
875 1 24576 32768
598 1 159744 163840
272 1 105984 107520
190 1 94208 98304
28 2 454656 458752 458752 462848
592 1 245760 253952
234 1 491520 495616
57 1 180224 192512
66 6 151552 196608 196608 262144 262144 327680 327680 393216 393216 458752 458752 524288
67 3 0 65536 65536 131072 131072 151552
638 1 475136 524288
639 1 0 53248
663 1 270336 319488
596 1 196608 200704
846 1 131072 135168
123 1 360448 368640
895 1 151552 155648
444 1 143360 147456
315 1 16384 32768
794 1 475648 524288
795 8 0 65536 65536 131072 131072 196608 196608 262144 262144 327680 327680 393216 393216 458752 458752 475648
213 1 12288 16384
926 1 28672 32768
411 1 364544 368640
209 1 306688 310784
209 1 306688 310784
200 1 184320 188416
690 1 192512 193536
359 1 380928 385024
775 1 159744 163840
569 1 221184 225280
149 1 61440 65536
258 1 385024 389120
146 1 274432 282624
480 1 376832 380928
839 1 475136 479232
40 1 376832 393216
41 1 0 4096
620 1 520192 524288
242 3 340480 393216 393216 458752 458752 524288
243 6 0 65536 65536 131072 131072 196608 196608 262144 262144 327680 327680 340480
505 1 434176 442368
391 1 16384 24576
37 1 12288 16384
429 1 102400 106496
810 1 401408 409600
36 1 131072 147456
243 3 340480 393216 393216 458752 458752 524288
244 6 0 65536 65536 131072 131072 196608 196608 262144 262144 327680 327680 340480
721 1 81920 114688
896 1 32768 57344
895 1 483328 524288
755 1 262144 303104
414 2 274432 327680 327680 339968
657 2 184320 196608 196608 249856
851 1 237568 249856
883 1 442368 446464
763 1 188416 192512
883 1 471040 475136
813 1 270336 274432
440 2 438272 458752 458752 475136
440 1 475136 479232
883 1 507904 512000
793 1 520192 524288
794 1 0 4096
51 1 520192 524288
52 1 0 32768
729 2 376832 393216 393216 405504
394 1 454656 455168
409 1 139264 143360
209 1 262144 266240
834 1 49152 65536
966 2 450560 458752 458752 524288
967 1 0 4096
434 1 327680 328192
455 1 151552 167936
883 1 458752 462848
409 1 143360 147456
813 1 270336 274432
848 1 303104 323584
500 1 163840 196608
151 1 507904 516096
507 1 65536 114688
739 1 339968 344064
812 2 253952 262144 262144 274432
739 1 266240 270336
758 1 0 4096
884 1 462848 466944
118 1 512000 520192
255 2 319488 327680 327680 335872
766 1 458752 524288
98 1 368640 385024
966 1 319488 323584
192 1 430080 442368
708 1 507904 512000
345 1 36864 40960
345 1 36864 45056
853 1 32768 53248
345 1 40960 45056
128 1 61440 65536
924 1 442368 446464
24 1 430080 458752
710 1 221184 233472
529 1 376832 380928
430 1 266240 290816
125 1 417792 425984
383 2 318976 327680 327680 335360
383 1 335360 339456
759 1 454144 458240
32 1 413696 417792
214 1 430080 434176
189 1 233472 237568
214 1 434176 438272
214 1 430080 434176
189 1 233472 237568
214 1 434176 438272
214 1 430080 434176
189 1 233472 237568
214 1 434176 438272
688 1 8192 12288
732 1 49152 53248
608 1 94208 106496
608 1 110592 114688
374 1 507904 512000
865 1 503808 507904
428 1 32768 36864
366 1 20480 24576
336 1 188416 192512
199 1 352256 356352
374 1 442368 446464
355 1 45056 57344
355 1 118784 122880
193 1 421888 425984
574 1 253952 258048
969 1 458752 462848
165 1 430080 434176
689 1 389120 393216
954 1 262144 327680
438 1 12288 16384
955 1 262144 327680
559 1 462848 465920
813 1 274432 278528
813 1 208896 212992
853 1 159744 163840
678 1 462848 471040
813 1 274432 278528
855 1 360448 368640
585 1 40960 49152
813 1 208896 212992
813 1 274432 278528
918 1 94208 98304
813 1 208896 212992
572 1 421888 430080
886 1 401408 405504
813 1 274432 282624
376 1 503808 507904
753 6 0 65536 65536 131072 131072 196608 196608 262144 262144 327680 327680 344064
600 2 454656 458752 458752 462848
753 1 471040 483328
753 1 520192 524288
754 1 0 4096
878 1 339968 376832
878 1 376832 380928
229 1 307200 311296
226 1 262144 262656
226 1 262656 263168
226 1 263168 267264
226 1 267264 271360
223 1 393216 397312
14 1 323584 327680
960 1 257536 261632
229 1 311296 311808
223 1 397312 401408
229 1 315392 319488
229 1 323584 327680
223 1 393216 397312
229 1 311296 311808
223 1 397312 401408
227 1 360448 360960
883 1 405504 409600
723 1 372736 380928
116 1 421376 425472
455 1 265728 269824
111 1 98304 106496
154 1 249344 253440
414 1 188416 192512
614 1 183808 187904
139 1 331264 335360
47 1 385024 393216
47 1 393216 397312
406 1 278528 282624
119 1 249856 258048
124 1 245760 249856
841 1 471040 491520
452 1 237568 241664
102 1 176128 184320
452 1 458752 462848
453 1 327680 339968
102 1 184320 188416
1 1 237568 241664
855 1 294912 299008
186 1 12288 16384
102 1 188416 196608
102 1 196608 200704
855 1 294912 299008
102 1 200704 208896
102 1 208896 212992
214 1 278528 282624
161 1 360448 364544
841 1 212992 229376
803 1 208896 221184
369 1 430080 438272
803 1 278528 290816
803 1 270336 274432
370 1 49152 53248
592 1 253952 258048
848 1 409600 417792
848 1 372736 376832
177 1 225280 233472
639 8 57344 65536 65536 131072 131072 196608 196608 262144 262144 327680 327680 393216 393216 458752 458752 475136
803 1 270336 278528
813 1 270336 274432
484 1 483328 487424
717 1 36864 38400
618 1 40960 49152
151 1 442368 450560
177 1 360448 368640
803 1 270336 290816
410 1 471040 473600
357 1 20480 24576
967 2 202752 262144 262144 268288
479 1 49152 53248
577 1 323584 327680
650 1 81920 86016
647 1 348160 352256
841 1 229376 237568
151 1 516096 520192
780 1 184320 192512
345 1 40960 45056
746 1 438272 442368
24 1 348160 352256
727 1 69632 77824
651 1 135168 148480
728 1 135168 143360
643 1 217088 221184
155 1 475136 479232
728 1 143360 147456
739 1 380928 385024
84 1 413696 421888
755 1 303104 307200
732 1 143360 155648
21 1 32768 49152
293 1 122880 126976
241 1 118784 126976
8 1 401408 409600
505 1 425984 430080
299 1 102400 106496
673 2 290816 327680 327680 335872
244 3 340480 393216 393216 458752 458752 524288
245 2 0 65536 65536 82432
991 2 315392 327680 327680 331776
789 1 495616 524288
84 1 421888 425984
717 1 40960 45056
943 2 237568 262144 262144 278528
353 1 520192 524288
354 1 0 20480
64 1 483328 487424
932 1 8192 20480
17 1 274432 278528
813 1 270336 274432
804 1 479232 483328
64 1 413696 417792
17 1 208896 212992
848 1 221184 241664
813 1 270336 282624
17 1 274432 278528
999 1 51200 51712
813 1 204800 217088
883 1 393216 401408
848 1 323584 327680
64 1 348160 356352
484 1 0 4096
86 1 69632 77824
850 1 196608 204800
10 1 401408 434176
64 1 356352 360448
883 1 462848 466944
813 1 204800 208896
87 1 450560 458752
804 1 339968 348160
148 1 188416 192512
674 1 249344 257536
209 1 306688 314880
358 1 458752 479232
51 1 258048 262144
358 1 479232 483328
52 1 393216 405504
813 1 270336 278528
843 1 331776 352256
978 1 221184 225280
51 1 323584 327680
52 1 405504 409600
52 1 131072 143360
842 1 405504 425984
437 1 430080 434176
560 1 24576 28672
883 1 430080 438272
397 1 155648 163840
943 1 40960 45056
683 1 139264 143360
128 7 77824 131072 131072 196608 196608 262144 262144 327680 327680 393216 393216 458752 458752 524288
129 2 0 65536 65536 73728
192 1 315392 319488
841 1 348160 356352
929 1 176128 185856
329 1 241664 245760
710 1 233472 237568
15 4 295424 327680 327680 393216 393216 458752 458752 524288
16 5 0 65536 65536 131072 131072 196608 196608 262144 262144 295424
10 1 278528 282624
526 1 221184 229376
216 1 217088 225280
574 2 258048 262144 262144 270336
957 1 0 12288
329 1 135168 139264
275 1 188416 192512
249 1 290816 299008
268 2 286720 327680 327680 335872
957 1 24576 28672
251 1 184320 188416
275 1 270336 274432
902 1 475136 479232
623 1 376832 389120
572 1 303104 307200
671 1 65536 69632
240 1 311296 315392
671 1 53248 57344
623 1 385024 389120
301 2 192512 196608 196608 229376
301 1 229376 233472
78 1 172032 180224
78 1 180224 184320
771 1 376832 380928
517 1 73728 75264
813 1 241664 245760
612 1 319488 323584
813 1 307200 311296
707 1 274432 278528
813 1 241664 245760
813 1 307200 311296
707 1 274432 278528
813 1 241664 249856
452 1 507904 512000
978 1 458752 475136
278 1 98304 131072
813 1 311296 315392
278 1 131072 135168
707 1 274432 278528
602 1 61440 65536
605 2 151552 196608 196608 217088
729 1 434176 450560
718 2 458240 458752 458752 462336
235 1 163328 167424
956 1 196608 262144
959 1 0 65536
959 1 458752 524288
320 1 471040 475136
884 1 217088 225280
858 1 397312 401408
151 1 450560 454656
177 1 368640 372736
104 2 155648 196608 196608 204800
813 1 200704 204800
829 1 258048 262144
347 1 217088 219136
347 1 135168 139264
682 1 263680 264192
25 1 24576 28672
456 1 57856 65536
781 1 307200 308224
40 1 344064 360448
658 1 356352 358912
803 1 270336 274432
456 7 69632 131072 131072 196608 196608 262144 262144 327680 327680 393216 393216 458752 458752 496128
61 1 403968 404480
456 1 496128 524288
457 7 0 65536 65536 131072 131072 196608 196608 262144 262144 327680 327680 393216 393216 430592
813 1 204800 208896
991 1 360448 364544
384 1 155648 159744
45 1 471040 491520
964 1 32768 57344
339 1 229376 233472
285 1 4096 8192
421 1 229376 241664
80 1 483328 487424
728 1 503808 524288
729 1 0 28672
729 2 32768 65536 65536 114688
730 3 245760 262144 262144 327680 327680 389632
731 2 61952 65536 65536 114688
10 2 446464 458752 458752 524288
11 2 0 65536 65536 118784
863 1 28672 32768
12 3 249856 262144 262144 327680 327680 380928
91 1 458752 479232
13 2 184320 196608 196608 249856
15 2 118784 131072 131072 184320
15 1 512000 524288
16 1 0 512
16 1 512 53248
17 2 118784 131072 131072 184320
18 2 188416 196608 196608 253952
113 1 229376 233472
791 1 204800 212992
299 1 393216 401408
234 1 483328 487424
70 1 204800 212992
571 1 503808 512000
576 1 307200 315392
120 1 151552 159744
796 1 512000 516096
387 1 45056 49152
113 1 303104 307200
799 1 389120 393216
229 2 126976 131072 131072 147456
855 1 294912 299008
799 1 389120 393216
102 1 212992 221184
201 1 53248 57344
201 2 57344 65536 65536 106496
102 1 221184 225280
44 1 303104 307200
59 1 471040 475136
125 1 425984 430080
0 1 196608 204800
826 1 278528 311296
152 1 77824 81920
163 1 0 4096
163 1 131072 139264
152 1 8192 20480
951 1 425984 430080
99 1 344064 348160
948 1 253952 258048
951 1 172032 176128
795 1 475648 524288
796 8 0 65536 65536 131072 131072 196608 196608 262144 262144 327680 327680 393216 393216 458752 458752 475648
365 1 376832 393216
160 1 483328 487424
301 1 311296 327680
245 5 82432 131072 131072 196608 196608 262144 262144 327680 327680 340480
993 2 286720 327680 327680 352256
559 2 229376 262144 262144 323584
317 1 131072 135168
574 1 24576 28672
259 2 155648 196608 196608 204800
755 2 442368 458752 458752 483328
399 1 409600 413696
492 3 335872 393216 393216 458752 458752 524288
195 1 180224 184320
733 1 155648 167936
192 1 495616 499712
551 1 65536 69632
947 2 16384 65536 65536 81920
673 1 466944 475136
777 1 61440 65536
10 1 487424 503808
952 2 299008 327680 327680 364544
534 1 155648 167936
739 1 315392 319488
330 1 356352 368640
20 1 356352 360448
376 1 512000 524288
377 1 0 28672
377 1 32768 57344
377 1 278528 290816
813 1 212992 217088
848 1 131072 135168
377 5 61440 65536 65536 131072 131072 196608 196608 262144 262144 270336
848 1 135168 147456
377 4 294912 327680 327680 393216 393216 458752 458752 499712
813 1 278528 282624
5 1 307200 311296
261 1 442368 446464
544 1 90112 106496
477 1 225280 233472
478 1 376832 393216
118 1 270336 278528
908 1 315392 319488
165 1 434176 442368
574 1 270336 274432
559 1 102400 110592
107 1 143360 147456
435 1 499712 503808
16 1 295424 327680
656 2 233472 262144 262144 299008
978 1 425984 430080
165 1 442368 446464
0 1 421888 438272
370 1 49152 57344
369 1 441344 441856
803 1 204800 217088
370 1 61440 65536
843 1 237568 238592
833 1 430080 434176
133 1 290816 294912
195 1 208896 217088
370 1 49152 53248
363 1 243200 243712
841 1 229376 249856
729 1 405504 409600
52 1 32768 36864
394 2 455168 458752 458752 471040
278 1 262144 327680
444 1 102400 105984
869 1 196608 262144
878 1 442368 446464
198 1 327680 393216
199 1 393216 458752
75 1 262144 278528
200 1 458752 524288
218 2 389120 393216 393216 397312
202 2 4096 65536 65536 69632
218 1 397312 401408
204 1 69632 79872
75 1 278528 299008
32 1 487424 491520
409 1 499712 507904
107 1 331776 335872
107 1 307200 311296
768 1 0 4096
223 1 393216 397312
846 1 135168 143360
846 1 147456 163840
20 1 159744 163840
1 1 212992 217088
846 3 294912 327680 327680 393216 393216 409600
846 1 409600 413696
15 1 406016 406528
803 1 221184 241664
272 1 107008 107520
782 1 73728 77824
858 1 393216 397312
384 1 491520 524288
385 1 0 53248
104 1 270336 274432
465 1 249856 253952
119 1 122880 126976
114 1 479232 503808
118 1 110592 114688
118 1 466944 475136
571 1 135168 139264
480 1 315392 327680
120 1 159744 176128
121 1 106496 110592
512 1 8192 12288
117 1 118784 126976
119 2 323584 327680 327680 335872
118 2 172032 196608 196608 208896
119 1 77824 86016
119 1 405504 421888
116 1 499712 524288
117 1 327680 331776
435 1 483328 487424
121 1 73728 77824
120 1 294912 303104
121 1 151552 155648
883 1 442368 450560
9 1 24576 32768
9 1 32768 36864
741 1 3584 7680
539 1 352256 356352
486 1 98304 131072
90 1 0 16384
803 1 274432 278528
955 1 4096 6144
223 1 397312 401408
767 1 208896 212992
81 1 512000 516096
329 1 282624 290816
986 1 233472 237568
728 1 458752 471040
601 1 409600 442368
602 1 65536 90112
40 6 159744 196608 196608 262144 262144 327680 327680 393216 393216 458752 458752 524288
41 3 0 65536 65536 131072 131072 155648
592 2 258048 262144 262144 274432
648 1 212992 217088
592 1 335872 356352
827 1 204800 208896
804 1 479232 483328
172 1 233472 241664
11 1 376832 380928
898 1 331776 335872
226 1 323584 327680
234 1 225280 241664
813 1 212992 217088
17 1 208896 217088
17 1 278528 282624
813 1 278528 282624
827 1 204800 208896
226 2 323584 327680 327680 348160
594 1 139264 196608
813 1 212992 217088
331 1 389120 393216
332 1 94208 110592
829 1 315392 327680
813 1 229376 233472
4 1 389120 393216
5 1 262144 274432
345 1 40960 45056
145 1 94208 102400
345 1 40960 45056
345 1 45056 53248
345 1 45056 49152
273 1 204800 225280
916 1 217088 221184
693 1 368640 369152
8 1 12288 16384
297 1 496128 496640
177 1 278528 282624
284 1 151552 155648
813 1 270336 274432
574 1 331776 344064
656 1 299008 303104
978 1 450560 454656
270 1 475136 479232
727 1 143360 147456
91 1 95232 97280
149 1 65536 69632
16 3 376832 393216 393216 458752 458752 524288
17 6 0 65536 65536 131072 131072 196608 196608 262144 262144 327680 327680 344576
844 1 94208 98304
990 1 397312 401408
602 1 253952 258048
397 1 163840 167936
129 1 73728 110592
117 1 204800 212992
117 1 503808 524288
118 1 0 12288
571 1 139264 143360
705 1 319488 323584
632 1 270336 274432
479 1 0 8192
397 1 360448 364544
446 1 12288 16384
435 1 483328 487424
705 1 323584 327680
705 1 327680 335872
478 1 356352 360448
116 1 331776 335872
119 1 376832 380928
117 1 102400 106496
118 1 327680 339968
119 1 446464 458752
118 1 393216 413696
120 1 225280 233472
115 1 81920 90112
960 1 327680 393216
683 1 450560 451584
160 1 417792 430080
796 1 475648 524288
797 8 0 65536 65536 131072 131072 196608 196608 262144 262144 327680 327680 393216 393216 458752 458752 475648
408 2 253952 262144 262144 294912
861 1 196608 200704
314 1 290816 294912
73 5 180224 196608 196608 262144 262144 327680 327680 393216 393216 414208
111 1 106496 110592
51 1 487424 516096
58 1 126976 131072
73 2 414208 458752 458752 524288
74 7 0 65536 65536 131072 131072 196608 196608 262144 262144 327680 327680 393216 393216 414208
163 1 147456 151552
562 1 516096 520192
824 1 307200 315392
825 1 495616 507904
934 1 262144 262656
266 1 77824 81920
934 1 262656 263168
269 1 266240 270336
808 2 319488 327680 327680 339968
934 1 263168 266240
934 1 368640 369664
808 1 339968 344064
934 1 369664 372736
934 1 434176 435200
883 1 462848 466944
598 1 159744 163840
42 1 491520 495616
858 1 397312 401408
385 1 53248 57344
803 1 303104 307200
792 1 503808 507904
787 1 520192 524288
788 1 0 40960
167 1 421888 425984
803 1 217088 221184
803 1 282624 286720
167 1 421888 425984
803 1 217088 221184
551 1 90112 94208
444 6 168448 196608 196608 262144 262144 327680 327680 393216 393216 458752 458752 524288
445 1 0 16384
387 1 143360 147456
803 1 282624 290816
448 1 495616 524288
449 2 0 65536 65536 123392
863 1 69632 73728
330 1 405504 407040
449 7 123392 131072 131072 196608 196608 262144 262144 327680 327680 393216 393216 458752 458752 524288
450 1 0 36864
474 1 491520 524288
475 1 0 53760
284 1 520192 524288
812 1 274432 286720
841 1 233472 237568
75 1 405504 413696
964 1 57344 61440
75 1 413696 417792
157 1 356352 372736
24 1 483328 487424
69 1 385024 393216
25 1 24576 28672
69 1 393216 397312
457 1 496128 524288
458 8 0 65536 65536 131072 131072 196608 196608 262144 262144 327680 327680 393216 393216 458752 458752 496128
61 1 403968 404992
848 1 278528 286720
848 1 241664 245760
17 1 212992 221184
626 1 225280 233472
813 1 204800 208896
941 1 516096 520192
232 1 335872 393216
331 1 0 8192
880 1 45056 49152
424 1 36864 40960
407 1 516096 520192
763 2 126976 131072 131072 159744
408 1 0 61440
567 1 307200 311296
402 2 348160 393216 393216 413696
345 1 45056 49152
4 1 520192 524288
5 1 274432 278528
774 1 278528 281600
6 1 0 12288
145 1 102400 106496
58 1 479232 483328
203 1 16384 22016
652 1 258048 262144
601 1 450560 458752
54 1 487424 491520
602 1 262144 270336
893 1 458752 475136
116 1 142848 146944
893 1 36864 45056
966 1 192512 196608
563 1 512000 516096
607 1 122880 126976
966 1 266240 270336
636 1 135168 143360
326 1 516096 520192
636 1 225280 241664
813 1 196608 200704
165 1 446464 454656
59 1 466944 471040
860 1 221184 225280
19 2 57344 65536 65536 122880
91 1 479232 491520
20 2 122880 131072 131072 188416
966 1 77312 85504
21 2 319488 327680 327680 385024
966 1 81408 85504
174 1 228864 237056
420 1 3584 7680
192 1 36352 48640
420 1 7680 24064
25 2 454656 458752 458752 520192
27 2 61440 65536 65536 126976
118 2 61440 65536 65536 69632
478 1 155648 196608
116 1 471040 479232
117 1 286720 290816
118 1 446464 454656
119 1 262144 266240
138 1 0 4096
119 1 94208 102400
119 1 471040 479232
119 1 36864 45056
119 1 425984 434176
120 1 368640 385024
477 2 192512 196608 196608 221184
477 1 245760 258048
121 1 163840 167936
120 1 417792 421888
138 1 4096 57344
116 1 376832 380928
119 1 364544 372736
236 1 24576 61440
116 1 315392 319488
314 1 458752 479232
961 1 393216 458752
77 1 69632 77824
524 1 262144 327680
77 1 77824 81920
819 1 266240 270336
237 1 102400 103424
421 1 221184 241664
288 1 471040 475136
421 1 241664 253952
408 1 294912 299008
797 1 475648 524288
798 8 0 65536 65536 131072 131072 196608 196608 262144 262144 327680 327680 393216 393216 458752 458752 475648
365 1 393216 413696
96 1 405504 421888
813 1 245760 249856
813 1 311296 315392
108 1 376832 380928
707 1 274432 278528
854 1 73728 77824
704 1 241664 245760
854 1 237568 245760
854 1 253952 258048
864 1 151552 167936
864 2 192512 196608 196608 200704
864 1 360448 364544
864 1 409600 417792
369 1 311296 315392
865 1 335872 339968
865 1 159744 172032
865 1 430080 434176
562 1 163840 167936
866 1 49152 53248
209 1 262144 266240
883 1 397312 413696
848 1 323584 327680
850 1 131072 139264
230 1 491520 499712
7 1 213504 214016
230 1 499712 503808
850 1 139264 155648
369 1 491520 524288
209 1 262144 266240
140 1 471040 479232
851 1 172032 192512
851 1 192512 196608
852 1 131072 139264
979 1 344064 348160
932 1 327680 331776
932 1 319488 323584
72 1 126976 128512
75 1 36864 38400
209 1 385024 393216
770 1 393216 417792
747 1 417792 425984
65 1 491520 495616
129 7 114688 131072 131072 196608 196608 262144 262144 327680 327680 393216 393216 458752 458752 524288
130 2 0 65536 65536 77824
803 1 208896 217088
88 1 86016 98304
223 1 393216 397312
88 1 81920 86016
697 1 495616 512000
76 1 212992 217088
120 1 204800 212992
120 1 278528 290816
115 1 425984 430080
544 1 32768 49152
120 1 28672 57344
120 1 483328 491520
117 1 12288 36864
117 1 69632 77824
138 1 57344 61440
117 1 163840 172032
117 1 274432 278528
117 1 262144 266240
117 1 303104 307200
118 1 229376 237568
118 1 364544 372736
118 1 28672 49152
187 1 315392 319488
216 1 425984 434176
995 1 147456 149504
275 1 393216 397312
810 1 57344 61440
790 1 262144 282624
539 1 206848 208384
810 1 69632 73728
91 1 335872 339968
793 1 36864 45056
782 1 73728 81920
975 1 397312 401408
386 1 397312 401408
24 1 483328 487424
689 1 229376 233472
965 1 163840 165888
61 1 404480 405504
67 1 356352 372736
458 1 496128 524288
459 8 0 65536 65536 131072 131072 196608 196608 262144 262144 327680 327680 393216 393216 458752 458752 496128
288 1 520192 524288
289 2 0 65536 65536 114688
592 1 356352 360448
53 1 131072 196608
869 2 184320 196608 196608 208896
883 1 512000 516096
858 1 393216 397312
911 2 118784 131072 131072 151552
883 1 446464 450560
563 1 495616 499712
563 1 516096 524288
564 1 0 4096
461 1 249856 253952
630 1 16384 20480
191 1 348160 356352
165 1 454656 458752
91 1 97280 104448
191 1 356352 360448
925 1 143360 151552
112 1 118784 122880
212 1 155648 188416
212 1 188416 192512
291 1 339968 356352
317 1 131072 135168
259 1 204800 208896
956 2 49152 65536 65536 114688
245 3 340480 393216 393216 458752 458752 524288
246 6 0 65536 65536 131072 131072 196608 196608 262144 262144 327680 327680 340480
961 2 315392 327680 327680 380928
52 1 110592 118784
934 2 442368 458752 458752 487424
527 2 122880 131072 131072 147456
140 1 233472 249856
37 1 348160 372736
951 1 327680 352256
958 1 77824 102400
493 2 0 65536 65536 131072
621 1 466944 524288
622 3 0 65536 65536 131072 131072 163840
246 3 340480 393216 393216 458752 458752 524288
247 6 0 65536 65536 131072 131072 196608 196608 262144 262144 327680 327680 340480
107 1 401408 421888
562 1 135168 139264
348 1 204800 208896
834 1 262144 266240
813 1 245760 249856
318 1 397312 401408
185 1 204800 208896
164 1 483328 487424
480 1 45056 49152
964 1 389120 393216
181 1 28672 36864
191 1 241664 245760
183 1 94208 98304
483 1 77824 81920
580 1 217088 221184
580 1 299008 303104
579 1 49152 53248
581 1 24576 28672
580 1 512000 516096
582 1 385024 389120
582 1 53248 57344
38 1 307200 311296
106 1 507904 524288
107 2 0 65536 65536 131072
120 3 335872 393216 393216 458752 458752 524288
121 6 0 65536 65536 131072 131072 196608 196608 262144 262144 327680 327680 335872
334 1 90112 94208
121 3 335872 393216 393216 458752 458752 524288
122 6 0 65536 65536 131072 131072 196608 196608 262144 262144 327680 327680 335872
333 1 393216 396288
444 1 105984 110080
52 1 36864 45056
123 4 311296 327680 327680 393216 393216 458752 458752 524288
124 1 0 65536
122 3 335872 393216 393216 458752 458752 524288
123 5 0 65536 65536 131072 131072 196608 196608 262144 262144 311296
160 5 196608 262144 262144 327680 327680 393216 393216 458752 458752 524288
161 2 0 65536 65536 118784
869 1 327680 393216
842 1 425984 438272
831 2 212992 262144 262144 294912
302 1 425984 430080
519 1 434176 438272
631 1 245760 249856
350 1 65536 90112
674 1 253440 257536
209 1 310784 314880
717 2 221184 262144 262144 294912
86 1 65536 73728
623 1 327680 393216
436 1 81920 114688
631 3 266240 327680 327680 393216 393216 397312
86 1 73728 77824
119 3 327680 393216 393216 458752 458752 524288
120 5 0 65536 65536 131072 131072 196608 196608 262144 262144 327680
674 1 253440 257536
674 1 253440 257536
932 1 327680 331776
406 2 339968 393216 393216 405504
239 1 131072 147456
924 1 135168 144896
567 1 520192 524288
803 1 204800 212992
763 1 159744 163840
932 1 319488 323584
722 2 425984 458752 458752 524288
723 1 0 8192
912 1 344064 385024
720 2 425984 458752 458752 524288
721 7 0 65536 65536 131072 131072 196608 196608 262144 262144 327680 327680 393216 393216 425984
813 1 278528 286720
949 1 458752 459776
973 2 413696 458752 458752 479232
232 1 335872 339968
912 1 385024 393216
501 1 356352 360448
31 1 282624 286720
754 2 45056 65536 65536 118784
758 3 339968 393216 393216 458752 458752 524288
759 1 0 45056
602 1 413696 430080
118 1 483328 491520
119 1 356352 360448
119 1 303104 307200
118 1 499712 507904
120 1 245760 258048
120 1 352256 364544
120 1 4096 8192
673 1 204800 207360
159 1 139264 143360
120 1 266240 274432
159 1 143360 155648
435 1 483328 487424
118 1 16384 24576
117 1 81920 86016
116 1 106496 114688
119 1 176128 184320
544 1 196608 225280
120 1 118784 131072
117 1 352256 356352
117 1 225280 233472
314 1 479232 483328
962 1 458752 524288
345 1 45056 49152
345 1 45056 49152
485 1 516096 520192
485 1 466944 471040
208 1 143360 147456
947 1 483328 524288
948 4 0 65536 65536 131072 131072 196608 196608 208896
962 1 237568 241664
702 1 430080 434688
141 2 126976 131072 131072 135168
141 1 135168 139264
452 1 167424 171520
215 1 512000 524288
216 1 0 20480
678 1 376832 380928
80 1 331776 335872
470 1 339968 344064
87 1 458752 462848
811 1 73728 77824
80 1 331776 335872
811 1 77824 94208
811 1 94208 98304
208 1 73728 77824
71 1 184320 196608
261 1 131072 172032
41 1 4096 16384
195 1 217088 221184
133 1 356352 360448
803 1 282624 286720
357 1 159744 163840
0 1 438272 458752
803 1 278528 286720
171 1 266240 286720
0 1 204800 212992
883 1 471040 475136
112 1 274432 323584
624 1 65536 67584
751 1 167936 172032
455 1 286720 294912
883 1 397312 409600
28 1 282624 286720
751 1 180224 188416
302 1 73728 77824
431 1 483328 487424
798 1 475648 524288
799 8 0 65536 65536 131072 131072 196608 196608 262144 262144 327680 327680 393216 393216 458752 458752 475648
614 1 28672 45056
288 1 409600 417792
841 1 356352 364544
81 1 516096 520192
803 1 204800 208896
803 1 278528 282624
130 7 77824 131072 131072 196608 196608 262144 262144 327680 327680 393216 393216 458752 458752 524288
131 2 0 65536 65536 77824
883 1 499712 503808
729 1 61440 65536
911 1 503808 507392
834 1 90112 94208
689 1 180224 184320
807 1 77824 90112
128 1 266240 270336
834 1 32768 36864
883 1 475136 491520
140 1 479232 483328
490 1 294912 299008
922 2 172032 196608 196608 237568
883 1 421888 430080
490 1 376832 380928
485 1 61440 65536
589 1 24576 32768
589 1 32768 36864
935 1 303104 303616
770 1 425984 430080
564 1 4096 8192
68 1 184320 192512
257 1 495616 496640
91 1 104448 117248
459 1 151552 155648
17 3 344576 393216 393216 458752 458752 524288
18 6 0 65536 65536 131072 131072 196608 196608 262144 262144 327680 327680 344576
68 1 192512 196608
99 1 520192 524288
275 1 208896 233472
257 1 496640 497152
564 1 8192 20480
170 1 450560 458752
963 1 393216 458752
116 1 122880 131072
544 1 126976 131072
120 1 61440 65536
119 1 188416 196608
118 1 286720 299008
120 1 237568 241664
118 1 352256 356352
117 2 438272 458752 458752 475136
120 1 327680 331776
479 1 28672 36864
479 1 20480 24576
119 1 221184 225280
117 1 335872 339968
479 1 40960 49152
115 1 69632 73728
138 1 61440 65536
138 1 65536 86016
853 1 163840 167936
119 1 397312 401408
3 1 393216 397312
338 1 122880 128000
124 1 462848 466432
226 1 49152 53248
883 1 512000 516096
766 1 425984 430080
146 1 143360 147456
206 1 241664 262144
206 1 262144 266240
855 1 294912 299008
102 1 225280 233472
102 1 233472 237568
855 1 294912 299008
102 1 237568 245760
70 1 143360 147456
102 1 245760 249856
70 1 208896 212992
855 1 294912 299008
70 1 143360 147456
102 1 249856 258048
186 1 327680 348160
803 1 204800 212992
505 2 253952 262144 262144 282624
338 1 487424 495616
45 1 471040 475136
946 1 196608 258048
291 6 114688 131072 131072 196608 196608 262144 262144 327680 327680 393216 393216 450560
985 1 335872 339968
644 1 49152 53248
944 4 237568 262144 262144 327680 327680 393216 393216 446464
350 1 90112 94208
758 1 106496 131072
742 1 65536 122880
176 1 167936 176128
350 1 94208 102400
75 2 364544 393216 393216 418304
118 1 274432 282624
74 2 414208 458752 458752 524288
75 6 0 65536 65536 131072 131072 196608 196608 262144 262144 327680 327680 360448
947 1 470528 477184
118 1 282624 286720
75 2 418304 458752 458752 524288
76 7 0 65536 65536 131072 131072 196608 196608 262144 262144 327680 327680 393216 393216 418304
58 1 53248 57344
118 1 102400 106496
119 1 208896 212992
478 1 344064 348160
118 1 77824 81920
120 1 12288 24576
480 1 278528 286720
116 1 135168 184320
544 1 184320 192512
477 1 155648 159744
119 1 520192 524288
117 1 364544 376832
476 1 303104 307200
120 1 77824 81920
116 1 299008 303104
479 1 12288 16384
138 1 86016 90112
118 1 315392 319488
116 1 434176 438272
116 1 319488 327680
117 1 49152 65536
721 2 425984 458752 458752 524288
722 7 0 65536 65536 131072 131072 196608 196608 262144 262144 327680 327680 393216 393216 425984
625 1 475136 479232
803 1 274432 278528
912 1 393216 397312
606 2 389120 393216 393216 397312
226 1 344064 352256
600 1 225280 229376
17 1 282624 286720
934 1 143360 147456
771 1 319488 323584
606 1 397312 401408
934 1 155648 159744
148 1 491520 495616
151 2 323584 327680 327680 331776
397 1 167936 172032
962 1 241664 245760
151 1 331776 335872
172 1 73728 86016
397 1 237568 241664
592 1 131072 172032
803 1 204800 208896
332 1 110592 122880
128 3 327680 393216 393216 458752 458752 524288
129 5 0 65536 65536 131072 131072 196608 196608 262144 262144 327680
444 1 110080 114176
130 3 327680 393216 393216 458752 458752 524288
131 5 0 65536 65536 131072 131072 196608 196608 262144 262144 327680
131 3 327680 393216 393216 458752 458752 524288
132 5 0 65536 65536 131072 131072 196608 196608 262144 262144 327680
127 3 327680 393216 393216 458752 458752 524288
128 5 0 65536 65536 131072 131072 196608 196608 262144 262144 327680
405 1 0 8192
104 1 200704 204800
691 1 12288 16384
964 1 327680 393216
865 1 172032 176128
154 1 159744 163840
155 1 475136 479232
157 1 204800 208896
436 1 512000 516096
211 1 352256 356352
616 1 176128 180224
616 1 188416 192512
46 1 323584 327680
616 1 319488 323584
22 1 16384 20480
222 1 495616 503808
782 1 77824 81920
309 1 364544 368640
883 1 471040 475136
222 1 503808 507904
803 1 237568 241664
272 1 107008 108544
369 1 335872 344064
582 1 417792 421888
583 1 90112 94208
583 1 266240 270336
583 1 356352 360448
583 1 368640 372736
583 1 405504 409600
583 1 425984 430080
583 1 434176 438272
584 1 270336 274432
584 1 282624 286720
584 1 393216 397312
584 1 352256 356352
585 1 32768 36864
584 1 368640 372736
585 1 40960 45056
585 1 65536 69632
585 1 458752 466944
585 1 212992 217088
586 1 86016 90112
159 2 126976 131072 131072 135168
888 1 434176 438272
751 1 81920 86016
749 1 28672 32768
518 1 16384 24576
627 1 462848 466944
916 1 32768 34304
803 1 200704 204800
120 1 0 4096
803 1 212992 221184
753 1 32768 36864
159 1 135168 139264
91 1 117248 118784
693 1 344064 348160
166 1 0 32768
257 1 497152 497664
224 1 32768 40960
564 1 20480 24576
91 1 118784 120832
885 1 233472 245760
257 1 497664 498688
224 1 40960 45056
29 2 61440 65536 65536 74240
29 1 74240 126976
30 2 389120 393216 393216 454656
32 2 61440 65536 65536 126976
329 1 442368 458752
329 2 389120 393216 393216 438272
683 2 188416 196608 196608 253952
92 1 245760 249344
803 1 217088 233472
451 1 155648 159744
997 1 40960 45056
546 1 245760 249856
999 1 155648 159744
999 1 253952 258048
545 1 417792 421888
993 1 221184 225280
991 1 135168 139264
989 1 339968 344064
997 1 57344 61440
996 1 81920 86016
987 1 294912 299008
993 1 180224 188416
998 1 4096 8192
611 1 225280 229376
998 1 311296 315392
987 1 151552 155648
999 1 188416 192512
997 1 188416 192512
150 1 397312 405504
883 1 491520 495616
209 1 262144 266240
20 2 450560 458752 458752 462848
673 1 475136 479232
52 1 118784 122880
504 2 114688 131072 131072 139264
54 1 90112 110592
82 1 188416 196608
247 3 340480 393216 393216 458752 458752 524288
248 1 0 12288
54 1 131072 155648
534 2 229376 262144 262144 294912
362 1 417792 442368
493 1 135168 147456
859 1 491520 524288
860 1 0 32768
248 5 16384 65536 65536 131072 131072 196608 196608 262144 262144 279040
623 2 454656 458752 458752 499712
318 1 77824 98304
951 1 315392 327680
958 2 36864 65536 65536 77824
211 2 20480 65536 65536 86016
586 1 24576 28672
585 1 442368 446464
586 1 4096 12288
586 1 106496 110592
586 1 122880 126976
586 1 225280 229376
586 1 380928 385024
587 1 24576 28672
586 1 372736 376832
586 1 516096 520192
586 1 290816 294912
586 1 487424 491520
587 1 81920 86016
587 1 221184 225280
587 1 237568 241664
587 1 147456 151552
587 1 245760 249856
587 1 266240 270336
587 1 331776 335872
587 1 454656 458752
893 1 65536 69632
118 1 376832 380928
118 1 421888 430080
642 1 462848 466944
119 1 270336 274432
412 1 49152 53248
119 1 487424 495616
897 1 147456 151552
897 1 45056 49152
850 1 372736 376832
412 1 491520 495616
850 1 299008 303104
606 1 495616 499712
221 1 245760 253952
722 1 90112 94208
413 1 434176 438272
660 1 286720 290816
661 1 53248 57344
661 1 167936 172032
660 1 520192 524288
404 1 434176 438272
691 1 360448 361984
0 1 479232 483328
402 1 446464 450560
8 1 311296 319488
208 1 512000 516096
69 1 282624 286720
133 3 327680 393216 393216 458752 458752 524288
134 3 0 65536 65536 131072 131072 196608
735 1 65536 69632
69 1 434176 438272
98 1 49152 57344
303 1 61440 65536
538 1 208896 212992
8 2 389120 393216 393216 397312
315 1 61440 65536
69 1 131072 135168
263 1 143360 147456
0 1 462848 466944
76 1 90112 94208
59 1 471040 475136
935 1 385024 389120
935 1 335872 339968
157 1 372736 393216
19 1 81920 90112
208 1 114688 122880
25 1 24576 28672
19 1 90112 94208
208 1 122880 126976
459 1 496128 524288
460 8 0 65536 65536 131072 131072 196608 196608 262144 262144 327680 327680 393216 393216 458752 458752 496128
61 1 404992 458752
720 1 405504 409600
24 1 487424 491520
518 1 282624 286720
813 1 204800 208896
40 1 65536 69632
460 1 496128 524288
461 8 0 65536 65536 131072 131072 196608 196608 262144 262144 327680 327680 393216 393216 458752 458752 496128
6 1 466944 483328
67 1 372736 393216
131 5 77824 131072 131072 196608 196608 262144 262144 327680 327680 344064
790 1 131072 135168
131 3 344064 393216 393216 458752 458752 524288
132 2 0 65536 65536 77824
76 1 212992 217088
236 1 61440 65536
170 1 458752 462848
965 1 393216 458752
869 1 208896 217088
228 1 397312 401408
848 1 368640 372736
147 1 45056 61440
858 1 397312 401408
223 1 393216 397312
883 1 405504 413696
943 1 368640 389120
883 1 446464 450560
719 1 438272 446464
420 1 69632 90112
799 1 475648 524288
800 8 0 65536 65536 131072 131072 196608 196608 262144 262144 327680 327680 393216 393216 458752 458752 475648
219 1 368640 376832
129 3 327680 393216 393216 458752 458752 524288
130 5 0 65536 65536 131072 131072 196608 196608 262144 262144 327680
81 1 81920 86016
444 1 114176 118272
537 1 344064 348160
236 1 303104 307200
80 1 454656 458752
537 1 311296 315392
52 1 45056 49152
537 1 360448 364544
76 1 258048 262144
81 1 233472 237568
437 1 208896 212992
537 1 327680 331776
537 1 380928 385024
132 3 327680 393216 393216 458752 458752 524288
133 5 0 65536 65536 131072 131072 196608 196608 262144 262144 327680
80 1 372736 376832
544 1 45056 49152
543 1 417792 421888
543 1 266240 270336
546 1 225280 229376
928 1 77824 86016
841 1 274432 290816
813 1 270336 278528
803 1 208896 221184
848 1 352256 372736
883 1 434176 438272
397 1 241664 245760
172 2 319488 327680 327680 339968
739 1 274432 282624
250 1 237568 241664
883 1 499712 503808
709 1 16384 40960
478 1 438272 442368
252 1 184320 192512
607 1 139264 143360
803 1 208896 212992
557 1 311296 315392
557 1 221184 233472
813 1 217088 225280
485 1 147456 151552
252 1 176128 180224
827 1 319488 323584
616 1 307200 311296
616 1 352256 356352
616 1 339968 344064
524 1 8192 12288
173 1 86016 90112
589 1 159744 163840
630 1 155648 159744
638 1 495616 499712
630 1 106496 114688
60 1 159744 163840
639 1 253952 262144
642 1 262144 266240
644 1 131072 135168
171 1 380928 385024
171 1 393216 397312
155 1 135168 139264
155 1 122880 126976
563 1 499712 503808
166 1 32768 36864
188 2 126976 131072 131072 135168
4 1 520192 524288
18 3 344576 393216 393216 458752 458752 524288
19 2 0 65536 65536 81920
257 1 498688 499200
564 1 159744 172032
648 1 208896 212992
19 5 86016 131072 131072 196608 196608 262144 262144 327680 327680 348672
188 1 135168 139264
91 2 120832 131072 131072 182272
6 1 131072 143360
969 1 425984 430080
275 1 208896 212992
475 7 53760 65536 65536 131072 131072 196608 196608 262144 262144 327680 327680 393216 393216 425984
539 1 196608 262144
668 3 245760 262144 262144 327680 327680 332288
803 1 221184 229376
167 1 450560 454656
668 3 332288 393216 393216 458752 458752 524288
669 1 0 49152
803 1 290816 294912
672 3 253952 262144 262144 327680 327680 340480
672 4 57344 65536 65536 131072 131072 196608 196608 253952
803 1 225280 229376
167 1 450560 454656
858 1 393216 397312
375 1 442368 446464
392 1 258048 262144
421 2 253952 262144 262144 270336
270 1 8192 28672
128 1 520192 524288
129 1 0 4096
576 1 45056 65536
52 1 479232 487424
814 1 225280 229376
817 1 110592 114688
814 1 200704 204800
335 1 77824 81920
627 1 135168 139264
949 1 16384 24576
275 1 442368 446464
655 1 229376 233472
592 1 462848 499712
909 1 462848 466944
661 1 376832 380928
353 1 192512 196608
360 1 86016 94208
849 1 65536 69632
346 1 225280 229376
333 1 200704 204800
354 1 487424 491520
418 1 454656 458752
332 1 57344 61440
347 1 90112 94208
355 1 0 4096
340 1 466944 471040
138 1 90112 98304
480 1 221184 225280
420 1 12288 16384
419 1 98304 102400
862 1 421888 425984
592 1 360448 368640
284 2 151552 196608 196608 229376
592 1 368640 372736
550 1 409600 421888
345 1 45056 49152
345 1 45056 53248
735 1 221184 241664
345 1 49152 53248
345 1 49152 53248
803 1 200704 204800
269 1 229376 241664
562 1 344064 348160
678 1 389120 393216
266 1 495616 499712
49 1 290816 294912
267 1 40960 45056
606 1 151552 172032
606 1 172032 176128
562 1 344064 356352
562 1 352256 356352
942 1 331776 364544
562 1 352256 364544
562 1 360448 364544
562 1 360448 368640
549 1 217088 221184
552 1 36864 40960
549 1 368640 372736
550 1 286720 290816
900 1 155648 159744
549 1 65536 69632
898 1 360448 364544
552 1 491520 495616
901 1 294912 299008
908 1 319488 323584
277 1 299008 303104
907 1 159744 163840
444 1 118272 122368
902 1 221184 225280
710 1 503808 507904
316 1 65536 81920
782 1 77824 81920
272 1 108032 109056
942 1 299008 303104
18 1 45056 53248
803 1 274432 278528
119 1 258048 262144
695 1 421888 423936
877 1 487424 495616
52 1 73728 75776
841 1 491520 503808
400 1 126976 131072
99 1 36864 40960
414 1 225280 229376
94 1 200704 212992
758 1 507904 512000
882 1 413696 421888
824 2 290816 327680 327680 380928
824 1 380928 385024
813 1 204800 208896
5 1 258048 262144
6 1 131072 147456
350 1 102400 106496
509 1 184320 188416
402 1 233472 241664
176 1 176128 180224
659 1 184320 188416
550 1 417792 421888
427 1 270336 278528
348 3 372736 393216 393216 458752 458752 471040
550 1 425984 430080
348 1 471040 475136
565 1 311296 315392
564 1 172032 176128
314 1 274432 278528
301 1 8192 12288
813 1 204800 208896
874 1 421888 425984
823 1 299008 303104
497 1 360448 364544
91 2 182272 196608 196608 217088
425 1 151552 155648
629 1 409600 417792
321 1 20480 24576
906 1 253952 258048
493 1 143360 147456
176 1 303104 307200
493 1 122880 126976
121 1 266240 270336
455 1 131072 135168
436 1 237568 241664
544 1 229376 233472
117 1 200704 204800
436 1 114688 118784
117 1 217088 221184
119 1 294912 299008
117 1 131072 135168
119 1 462848 466944
119 1 512000 516096
117 1 241664 249856
436 1 376832 380928
437 1 147456 151552
239 1 430080 434176
436 1 249856 253952
363 1 483328 487424
459 1 0 8192
774 1 397312 401408
120 1 192512 196608
587 1 417792 421888
587 1 483328 487424
588 1 110592 114688
588 1 159744 163840
588 1 282624 286720
587 1 507904 516096
588 1 196608 200704
588 1 245760 249856
588 1 348160 352256
705 2 315392 327680 327680 348160
589 1 32768 36864
589 1 126976 131072
589 1 45056 49152
588 1 360448 364544
589 1 167936 172032
589 1 73728 77824
589 2 192512 196608 196608 200704
589 1 180224 184320
589 1 286720 290816
589 1 258048 262144
59 1 479232 479744
904 1 212992 253952
190 2 368640 393216 393216 402432
966 1 262144 327680
649 1 16896 17408
597 1 8192 12288
751 1 155648 159744
289 1 49152 65536
803 1 282624 286720
366 1 12288 28672
288 1 520192 524288
289 1 0 45056
366 1 278528 311296
219 1 376832 380928
800 1 475648 524288
801 1 0 45056
851 1 491520 499712
315 1 163840 172032
420 1 90112 102400
745 1 266240 270336
745 1 266240 270336
434 1 61440 65536
433 1 417792 425984
433 1 339968 360448
76 2 418304 458752 458752 524288
77 7 0 65536 65536 131072 131072 196608 196608 262144 262144 327680 327680 393216 393216 418304
345 1 49152 61440
853 1 53248 65536
438 1 507904 512000
527 1 512000 516096
397 2 245760 262144 262144 278528
34 1 475136 479232
719 1 512000 516096
121 1 126976 131072
240 1 278528 282624
120 1 503808 507904
117 1 4096 8192
116 1 208896 212992
478 1 143360 151552
121 1 0 4096
478 1 335872 339968
349 1 270336 274432
359 1 225280 229376
359 1 376832 380928
117 1 155648 159744
350 1 176128 180224
812 1 49152 53248
119 1 65536 69632
360 1 4096 8192
274 1 114688 118784
813 1 282624 286720
117 1 401408 405504
235 1 8192 8704
123 1 303104 319488
741 1 3584 7680
235 1 8704 13824
80 1 417792 421888
235 1 13824 16384
607 1 221184 229376
883 1 512000 520192
123 1 409600 413696
515 1 126976 131072
442 1 200704 202240
883 1 475136 479232
120 1 393216 417792
589 1 278528 282624
589 1 335872 344064
589 1 356352 360448
589 1 348160 352256
589 1 405504 409600
589 1 458752 462848
590 1 249856 253952
590 1 8192 12288
590 1 495616 499712
590 1 352256 360448
591 1 8192 12288
602 1 438272 442368
590 1 229376 233472
590 1 368640 372736
603 1 348160 360448
603 1 335872 339968
603 1 421888 425984
603 1 364544 368640
603 1 413696 417792
32 1 483328 487424
165 1 196608 212992
32 1 417792 430080
431 1 212992 217088
998 1 262144 278528
214 1 430080 434176
803 1 204800 217088
189 1 233472 237568
214 1 434176 438272
22 1 352256 354816
214 1 430080 434176
189 1 233472 237568
165 1 212992 233472
32 1 491520 499712
214 1 434176 438272
287 1 53248 57344
627 1 167936 176128
627 1 462848 466944
627 1 471040 475136
574 1 36864 40960
818 1 233472 238080
240 1 417792 430080
628 1 200704 204800
803 1 282624 294912
627 1 495616 503808
524 1 282624 319488
372 1 102400 131072
372 1 196608 249856
567 1 364544 366592
672 1 376832 377856
465 1 393216 397312
578 1 458752 524288
579 6 0 65536 65536 131072 131072 196608 196608 262144 262144 327680 327680 389120
465 1 413696 417792
615 1 516096 524288
616 1 0 16384
807 2 315392 327680 327680 380928
622 2 323584 327680 327680 385024
241 1 24576 28672
248 2 344576 393216 393216 425984
934 1 487424 495616
241 1 20480 24576
623 1 303104 307200
249 1 425984 454656
596 1 520192 524288
597 1 0 12288
37 2 307200 327680 327680 348160
695 2 425984 458752 458752 479232
696 2 303104 327680 327680 352256
747 2 24576 65536 65536 90112
596 6 192512 196608 196608 262144 262144 327680 327680 393216 393216 458752 458752 516096
504 1 73728 86016
248 2 425984 458752 458752 524288
249 5 0 65536 65536 131072 131072 196608 196608 262144 262144 315904
851 1 319488 323584
831 2 212992 262144 262144 294912
860 1 274432 282624
284 1 229376 233472
865 4 270336 327680 327680 393216 393216 458752 458752 524288
866 4 0 65536 65536 131072 131072 196608 196608 262144
384 1 155648 163840
739 1 520192 524288
741 1 327680 331776
740 3 65536 131072 131072 196608 196608 217088
824 1 155648 159744
827 1 106496 110592
740 1 503808 524288
741 1 0 40960
86 2 389120 393216 393216 409600
931 1 28672 32768
341 1 241664 245760
581 1 90112 98304
803 1 274432 278528
813 1 286720 290816
941 1 270336 274432
889 1 475136 483328
246 1 270336 274432
308 1 380928 385024
110 1 286720 290816
813 1 221184 225280
575 1 225280 229376
391 1 315392 319488
577 1 479232 483328
827 1 319488 323584
102 1 258048 262144
816 1 131072 135168
818 1 512000 516096
70 1 208896 212992
460 2 434176 458752 458752 524288
461 1 0 57344
855 1 294912 299008
102 1 262144 270336
70 1 143360 155648
102 1 270336 274432
855 1 294912 299008
238 1 282624 290816
883 1 405504 409600
858 1 397312 401408
18 1 53248 57344
999 1 385024 393216
821 1 364544 366592
234 1 385024 389120
483 1 311296 319488
80 1 57344 60928
803 1 270336 286720
687 2 126976 131072 131072 192512
760 2 229376 262144 262144 294912
765 2 102400 131072 131072 167936
825 1 507904 512000
851 1 397312 417792
767 1 102400 115200
813 1 204800 212992
767 2 115200 131072 131072 167936
294 1 397312 430080
775 2 172032 196608 196608 237568
813 1 204800 208896
152 2 294912 327680 327680 360448
77 1 418304 446464
166 1 36864 45056
654 1 147456 151552
493 1 151552 155648
80 1 462848 475136
813 1 204800 208896
384 1 393216 397312
556 1 364544 372736
493 1 163840 172032
954 1 196608 200704
855 1 327680 331776
91 1 217088 221184
413 1 212992 217088
493 1 176128 180224
556 1 487424 491520
412 1 405504 409600
886 1 225280 229376
864 1 176128 180224
333 1 229376 233472
304 1 0 4096
245 1 397312 405504
120 1 69632 73728
121 1 36864 40960
120 1 393216 397312
121 1 114688 118784
120 1 425984 458752
831 1 106496 110592
813 1 299008 303104
645 1 151552 159744
829 1 458752 471040
592 1 499712 503808
138 1 98304 102400
116 1 253952 258048
117 1 311296 315392
121 1 81920 86016
121 1 98304 102400
116 1 225280 249856
116 1 262144 290816
116 1 454656 458752
83 1 270336 274432
916 2 442368 458752 458752 524288
917 5 0 65536 65536 131072 131072 196608 196608 262144 262144 283136
161 1 90112 94208
755 1 364544 368640
298 1 241664 262144
223 1 393216 397312
223 1 389120 393216
238 1 430080 438272
217 1 131072 139264
238 1 438272 442368
217 1 139264 143360
298 1 372736 385024
391 1 208896 212992
109 1 208896 212992
275 1 409088 437760
173 1 53248 57344
356 1 53248 57344
95 1 270336 274432
318 2 147456 196608 196608 253952
318 1 253952 258048
766 1 516096 524288
767 1 0 4096
193 1 290816 294912
25 1 0 4096
40 1 69632 73728
978 1 45056 61440
461 1 496128 524288
462 8 0 65536 65536 131072 131072 196608 196608 262144 262144 327680 327680 393216 393216 458752 458752 496128
397 1 278528 282624
564 1 167936 176128
548 1 106496 110592
418 1 368640 372736
451 1 491520 524288
452 1 0 32768
134 5 237568 262144 262144 327680 327680 393216 393216 458752 458752 495616
209 1 310784 314880
209 1 310784 314880
278 2 368640 393216 393216 401408
221 1 409600 413696
459 1 495616 524288
460 1 0 36864
460 1 233472 258048
221 1 405504 409600
158 1 122880 126976
674 1 86016 94208
941 1 462848 466944
632 1 69632 73728
904 3 253952 262144 262144 327680 327680 356352
200 1 286720 290816
200 1 36864 45056
377 1 479232 483328
799 1 487424 491520
223 1 393216 397312
897 1 356352 372736
918 1 114688 118784
78 1 458752 516096
827 1 466944 471040
165 1 184320 188416
740 5 217088 262144 262144 327680 327680 393216 393216 458752 458752 499712
104 1 212992 225280
999 1 102400 106496
109 1 61440 65536
410 1 73728 77824
811 1 61440 65536
268 1 499712 503808
296 1 360448 364544
772 1 487424 491520
975 1 69632 77824
579 1 172032 176128
789 1 516096 520192
93 1 413696 417792
297 1 118784 122880
497 1 122880 126976
525 1 458752 462848
790 1 8192 20480
497 1 319488 323584
564 1 176128 188416
48 1 483328 491520
883 1 425984 442368
91 1 262144 282624
41 1 73728 81920
41 1 81920 86016
91 1 282624 294912
116 1 151552 155648
669 1 274432 294912
570 1 372736 376832
13 1 282624 286720
570 1 405504 409600
13 1 307200 315392
773 1 327680 331776
813 1 315392 327680
773 1 331776 344064
603 1 438272 442368
603 1 446464 450560
603 1 503808 507904
604 1 131072 135168
813 1 126976 131072
795 1 69632 73728
789 1 421888 425984
789 1 192512 196608
604 1 253952 258048
793 1 397312 401408
814 1 208896 212992
960 1 290816 294912
988 1 0 4096
988 1 335872 339968
962 1 430080 434176
838 1 364544 368640
961 1 49152 53248
988 1 196608 200704
988 1 303104 307200
988 1 356352 360448
159 1 446464 454656
0 1 131072 143360
159 1 454656 458752
272 1 108544 109568
782 1 77824 81920
226 1 311296 315392
143 1 40960 45056
814 1 327680 329216
416 1 86016 87552
955 1 196608 197120
57 1 462848 463360
45 1 278528 282624
58 1 12288 12800
64 1 53248 54272
64 1 61440 65536
88 1 364544 368640
88 1 372736 376832
95 1 483328 484352
89 1 61440 65536
46 1 20480 24576
976 1 110592 122880
164 1 69632 70144
130 1 438272 442368
127 1 110592 114688
88 1 380928 385024
64 1 446464 450560
103 1 20480 24576
672 1 340480 385024
672 3 385024 393216 393216 458752 458752 516096
803 1 290816 299008
551 1 90112 94208
452 5 197120 262144 262144 327680 327680 393216 393216 458752 458752 524288
453 4 0 65536 65536 131072 131072 196608 196608 197120
654 5 208896 262144 262144 327680 327680 393216 393216 458752 458752 524288
655 1 0 33280
387 1 143360 147456
83 1 356352 360448
475 1 278528 294912
465 1 98304 114688
803 1 229376 233472
655 2 33280 65536 65536 77824
967 1 393216 458752
968 1 262144 327680
969 1 131072 196608
365 1 483328 524288
366 1 0 8192
366 1 466944 516096
366 1 520192 524288
367 1 0 49152
442 1 491520 524288
443 1 0 28672
924 1 442368 446464
132 7 77824 131072 131072 196608 196608 262144 262144 327680 327680 393216 393216 458752 458752 524288
133 2 0 65536 65536 77824
47 1 122880 126976
443 1 28672 32768
803 1 217088 221184
813 1 204800 217088
807 1 217088 218624
626 1 339968 344064
234 1 131072 135168
234 1 139264 143360
233 1 434176 442368
312 1 73728 90112
813 1 270336 278528
345 1 53248 57344
345 1 53248 57344
345 1 53248 57344
949 1 65536 69632
442 1 202240 206336
439 1 90112 114688
124 1 180224 184320
363 1 270336 271872
442 1 206336 208896
741 1 3584 7680
439 1 114688 118784
363 1 271872 274432
442 1 311296 312832
442 1 352256 353792
442 1 312832 315392
883 1 450560 454656
442 1 393216 394752
442 1 353792 360448
442 1 394752 398848
813 1 204800 212992
847 1 28672 45056
229 1 307200 311296
226 1 262144 262656
226 1 262656 263168
226 1 263168 267264
226 1 267264 271360
223 1 393216 397312
229 1 311296 311808
211 1 466944 471040
223 1 397312 401408
229 1 323584 327680
229 1 315392 319488
223 1 393216 397312
168 1 171520 175616
229 1 311296 311808
223 1 397312 401408
710 1 409600 412672
237 1 225280 233472
269 1 413696 417792
269 1 409600 413696
989 1 8192 12288
989 1 24576 28672
989 1 102400 106496
989 1 94208 98304
989 1 126976 131072
989 1 135168 139264
989 1 155648 159744
978 1 475136 495616
989 1 163840 167936
990 1 0 4096
989 1 491520 495616
990 1 212992 217088
990 1 192512 196608
990 1 274432 278528
989 1 458752 462848
990 1 237568 241664
990 1 290816 294912
991 1 200704 204800
88 1 106496 110592
991 1 368640 372736
709 1 16384 20480
728 1 249856 253952
956 2 286720 327680 327680 335872
299 1 12288 20480
498 1 258048 262144
841 1 503808 520192
758 1 184320 188416
454 1 229376 229888
166 1 45056 49152
54 1 192512 196608
128 1 28672 32768
803 1 290816 299008
91 2 225280 262144 262144 286720
19 3 348672 393216 393216 458752 458752 524288
20 6 0 65536 65536 131072 131072 196608 196608 262144 262144 327680 327680 348672
987 1 393216 397312
987 1 204800 208896
993 1 413696 417792
546 1 327680 331776
988 1 516096 520192
989 1 319488 323584
568 1 94208 98304
988 1 221184 225280
989 1 24576 28672
988 1 266240 270336
991 1 344064 348160
989 1 221184 225280
813 1 229376 237568
629 1 430080 432128
113 1 499712 501760
803 1 282624 294912
162 1 430080 433152
567 1 282624 286720
245 1 405504 409600
486 1 139264 143360
592 1 372736 380928
86 1 409600 413696
101 1 446464 454656
153 1 331776 335872
83 1 266240 270336
83 1 270336 274432
647 2 393728 458752 458752 524288
648 7 0 65536 65536 131072 131072 196608 196608 262144 262144 327680 327680 393216 393216 393728
803 1 208896 212992
924 1 143360 151040
803 1 274432 282624
813 1 286720 294912
226 1 348160 356352
657 1 12288 16384
912 1 397312 405504
17 1 217088 221184
803 1 212992 217088
912 1 405504 409600
567 1 307200 311296
803 1 278528 286720
295 1 503296 507392
283 1 318976 323072
311 1 69120 73216
567 1 520192 524288
813 1 225280 229376
114 1 393216 458752
954 1 20480 24576
114 1 458752 524288
115 7 0 65536 65536 131072 131072 196608 196608 262144 262144 327680 327680 393216 393216 458752
77 2 446464 458752 458752 524288
78 6 0 65536 65536 131072 131072 196608 196608 262144 262144 327680 327680 360960
78 2 360960 393216 393216 458752
446 1 253952 258048
61 1 456192 457216
462 1 496128 524288
463 8 0 65536 65536 131072 131072 196608 196608 262144 262144 327680 327680 393216 393216 458752 458752 496128
25 1 28672 32768
40 1 360448 380928
803 1 204800 212992
60 1 393216 397312
2 1 81920 86528
463 1 496128 524288
464 1 0 61952
60 1 417792 421888
61 1 456704 457728
301 1 262144 263680
294 1 520192 521216
918 1 122880 124416
803 1 270336 278528
841 1 290816 311296
876 1 319488 323584
122 1 196608 200704
644 1 143360 147456
168 1 73728 77824
334 1 479232 483328
209 1 225280 233472
209 1 233472 237568
737 1 102400 106496
293 1 471040 524288
61 1 458752 466944
61 1 466944 471040
298 1 495616 516096
130 1 372736 376832
64 1 45056 46080
986 1 479232 483328
54 1 438272 442368
54 1 131072 136192
57 1 479232 483328
896 1 86016 90112
975 1 450560 454656
29 1 212992 217088
178 1 376832 380928
896 1 327680 331776
215 1 32768 36864
202 2 450560 458752 458752 524288
203 2 0 65536 65536 118784
302 1 471040 487424
970 1 0 65536
495 1 94208 98304
378 1 233472 237568
970 1 393216 458752
456 2 315392 327680 327680 339968
803 1 204800 208896
883 1 393216 397312
397 1 282624 290816
436 1 204800 262144
803 1 303104 311296
883 1 471040 475136
966 1 323584 327680
174 1 413696 415232
227 1 188416 192512
205 1 180224 184320
564 1 188416 192512
55 1 65536 77824
138 1 446464 450560
502 1 454656 458752
451 1 94208 98304
89 1 212992 217088
990 1 512000 516096
991 1 389120 393216
89 1 270336 274432
115 1 106496 110592
120 1 86016 90112
112 1 155648 159744
117 1 401408 405504
112 1 499712 503808
120 1 32768 36864
120 1 98304 102400
145 1 282624 286720
146 1 258048 262144
146 1 237568 241664
182 1 389120 393216
182 1 20480 24576
187 1 356352 360448
201 1 450560 454656
202 1 114688 118784
59 1 466944 471040
665 2 380928 393216 393216 409600
274 1 172032 180224
665 1 409600 413696
935 1 303104 303616
59 1 471040 475136
131 1 147456 151552
950 1 397312 400896
70 1 174080 176128
70 1 176128 176640
825 1 311296 323584
849 1 266240 270336
793 1 102400 103424
798 1 519680 523776
848 1 131072 147456
853 1 360448 376832
842 1 106496 110592
842 1 110592 122880
848 1 135168 147456
848 1 131072 135168
849 1 344064 348160
849 1 348160 360448
848 1 131072 135168
848 1 135168 147456
688 1 221184 229376
374 1 4096 8192
379 1 360448 364544
374 1 393216 397312
681 1 315392 319488
741 1 327680 331776
741 1 163840 167936
743 1 110592 114688
151 1 327680 331776
139 1 425984 430080
149 1 65536 69632
966 1 253952 258048
149 1 126976 131072
966 1 282624 286720
442 1 398848 407040
442 1 407040 409600
442 1 512000 513536
933 1 413696 434176
442 1 513536 517632
389 1 393216 458752
933 1 434176 438272
883 1 516096 520192
223 1 397312 401408
741 1 3584 7680
155 1 122880 127488
604 1 311296 327680
291 1 102400 106496
592 1 380928 385024
190 2 98304 131072 131072 135168
813 1 204800 212992
291 1 32768 36864
929 1 28672 32768
803 1 270336 282624
883 1 385024 389120
419 1 131072 135168
160 1 483328 487424
397 1 290816 294912
173 1 192512 196608
175 1 131072 167936
237 2 323584 327680 327680 372736
345 1 53248 61440
556 1 262144 327680
345 1 57344 61440
985 1 69632 94208
813 1 204800 208896
224 1 483328 487424
813 1 196608 200704
345 1 57344 61440
224 1 409600 413696
153 1 335872 344064
917 3 348672 393216 393216 458752 458752 524288
918 6 0 65536 65536 131072 131072 196608 196608 262144 262144 327680 327680 348672
825 1 311296 315392
122 1 286720 311296
815 1 344064 352256
153 1 344064 348160
106 1 16384 20480
55 1 499712 503808
647 1 20480 28672
875 1 188416 192512
771 1 188416 192512
725 1 122880 126976
702 1 368640 372736
824 1 290816 294912
670 1 253952 258048
187 3 32768 65536 65536 131072 131072 167936
674 1 253440 257536
209 1 310784 314880
187 1 167936 172032
674 1 253440 257536
209 1 310784 314880
328 1 12288 20480
213 1 462848 466944
803 1 282624 290816
133 7 77824 131072 131072 196608 196608 262144 262144 327680 327680 393216 393216 458752 458752 524288
134 2 0 65536 65536 77824
813 1 217088 253952
965 1 466944 471040
205 1 184320 188416
858 1 393216 397312
803 1 241664 249856
372 1 274432 278528
539 1 207872 208896
261 1 172032 176128
848 1 290816 307200
813 1 270336 278528
536 1 389120 393216
575 1 225280 229376
848 1 307200 327680
813 1 208896 217088
301 1 90112 94208
183 1 434176 442368
949 1 65536 69632
264 1 520192 524288
86 1 143360 151552
564 2 192512 196608 196608 204800
91 1 286720 299520
966 1 225280 229376
768 1 348160 352256
797 1 176128 180224
131 1 454656 458752
761 1 376832 380928
166 1 49152 57344
201 1 520192 524288
203 1 516096 520192
202 1 434176 438272
220 1 90112 94208
202 1 499712 503808
222 1 77824 81920
552 1 180224 184320
552 1 204800 208896
552 2 258048 262144 262144 266240
552 1 446464 450560
552 1 479232 483328
552 1 294912 299008
553 1 311296 315392
553 1 364544 368640
553 1 372736 376832
553 1 335872 339968
553 1 380928 385024
553 1 434176 438272
553 1 442368 446464
783 1 471040 475136
156 1 360448 373760
813 1 196608 200704
132 1 339968 344064
851 1 417792 430080
270 1 319488 323584
607 1 458752 483328
929 2 57344 65536 65536 86016
517 1 94208 126976
870 1 65536 94208
816 2 405504 458752 458752 524288
817 7 0 65536 65536 131072 131072 196608 196608 262144 262144 327680 327680 393216 393216 397312
903 1 143360 147456
803 1 270336 274432
803 1 204800 208896
338 1 491520 495616
803 1 270336 274432
224 1 417792 421888
316 1 188416 196608
5 1 520192 524288
6 1 0 16384
1 2 126976 131072 131072 135168
813 1 270336 278528
1 1 135168 139264
803 1 196608 200704
883 1 458752 462848
943 1 36864 40960
436 1 327680 335872
203 1 28672 33792
58 1 499712 503808
82 1 135168 167936
301 1 311296 327680
689 1 241664 245760
689 1 180224 184320
24 1 487424 491520
6 1 483328 495616
61 1 457216 458752
102 1 274432 282624
102 1 282624 286720
855 1 294912 299008
39 1 233472 237568
102 1 286720 294912
65 1 364544 380928
433 1 81920 86016
238 1 290816 294912
102 1 294912 299008
65 1 380928 385024
855 1 294912 299008
412 1 331776 344064
102 1 299008 307200
739 1 311296 315392
102 1 307200 311296
855 1 294912 299008
743 1 118784 126976
509 1 466944 471040
905 1 86016 90112
905 1 245760 253952
905 1 512000 516096
116 1 458752 524288
117 7 0 65536 65536 131072 131072 196608 196608 262144 262144 327680 327680 393216 393216 458752
117 1 458752 524288
118 7 0 65536 65536 131072 131072 196608 196608 262144 262144 327680 327680 393216 393216 458752
115 1 458752 524288
116 7 0 65536 65536 131072 131072 196608 196608 262144 262144 327680 327680 393216 393216 458752
148 3 327680 393216 393216 458752 458752 524288
118 1 458752 524288
119 7 0 65536 65536 131072 131072 196608 196608 262144 262144 327680 327680 393216 393216 458752
869 1 458752 524288
870 1 0 65536
119 1 458752 524288
120 6 0 65536 65536 131072 131072 196608 196608 262144 262144 327680 327680 335872
870 1 131072 196608
9 1 299008 299520
64 1 208896 217088
125 3 131072 196608 196608 262144 262144 327680
391 1 204800 208896
64 1 217088 221184
688 1 45056 49152
618 1 368640 372736
196 1 294912 296960
906 1 53248 57344
813 1 274432 278528
813 1 208896 212992
653 1 450560 454656
116 1 151552 155648
109 1 438272 442368
551 1 196608 212992
222 1 32768 40960
222 1 40960 45056
551 1 212992 217088
346 1 495616 516096
209 1 90112 94208
860 1 507904 512000
312 1 434176 438272
872 1 184320 192512
467 1 454656 458752
782 1 77824 81920
77 1 479232 483328
398 1 290816 294912
92 1 331776 335872
312 1 262144 278528
178 1 294912 295936
165 2 52736 65536 65536 85504
165 1 85504 89600
885 1 368640 372736
214 1 266240 278528
843 1 290816 311296
937 1 166400 167424
214 1 278528 282624
937 1 167424 175104
122 1 126976 131072
1 1 225280 229376
813 1 204800 241664
803 1 204800 221184
714 2 217088 262144 262144 282624
971 1 262144 327680
456 1 339968 344064
972 1 131072 196608
973 1 0 65536
973 1 393216 458752
803 1 196608 200704
554 1 184320 188416
553 1 462848 471040
554 1 221184 225280
554 1 299008 303104
554 1 290816 294912
554 1 307200 311296
555 1 40960 45056
554 1 471040 475136
555 1 106496 110592
554 1 385024 389120
555 1 212992 217088
555 1 49152 53248
555 1 425984 430080
555 1 221184 229376
555 1 471040 479232
558 1 53248 61440
557 1 274432 278528
555 1 434176 438272
83 1 266240 270336
122 1 311296 315392
106 1 36864 49152
918 1 348672 376832
860 1 454656 458752
852 1 237568 241664
648 2 393728 458752 458752 524288
649 7 0 65536 65536 131072 131072 196608 196608 262144 262144 327680 327680 393216 393216 393728
153 1 348160 352256
803 1 294912 303104
655 7 77824 131072 131072 196608 196608 262144 262144 327680 327680 393216 393216 458752 458752 471040
174 1 487424 491520
803 1 233472 241664
656 2 36864 65536 65536 123392
803 1 303104 307200
180 1 245760 253952
174 1 487424 491520
180 1 253952 258048
839 1 94208 102400
803 1 237568 241664
236 1 487424 503808
656 7 123392 131072 131072 196608 196608 262144 262144 327680 327680 393216 393216 458752 458752 524288
657 2 0 65536 65536 102400
237 1 65536 69632
551 1 90112 94208
657 1 364544 385536
387 1 143360 147456
834 1 81920 90112
834 1 36864 40960
372 1 0 4096
419 1 135168 196608
803 1 204800 208896
328 1 507904 508928
160 1 417792 421888
397 1 294912 303104
240 1 65536 131072
443 1 401408 401920
869 1 217088 225280
223 1 393216 397312
858 1 393216 397312
883 1 450560 454656
813 1 208896 217088
445 1 73728 77824
445 1 81920 86016
443 1 405504 409600
242 1 360448 364544
379 1 143360 147456
741 1 3584 7680
379 1 151552 155648
241 1 221184 229376
875 1 335872 339968
867 7 126976 131072 131072 196608 196608 262144 262144 327680 327680 393216 393216 458752 458752 524288
868 2 0 65536 65536 86016
813 1 274432 278528
45 1 491520 516096
190 1 135168 139264
592 2 385024 393216 393216 417792
39 1 196608 212992
501 1 225280 229376
715 1 483328 487424
345 1 57344 61440
208 1 483328 487424
349 1 311296 327680
345 1 57344 61440
181 1 475136 491520
208 1 417792 430080
86 1 151552 155648
93 1 385024 389120
91 1 299520 301568
564 1 204800 208896
566 1 180224 184320
650 1 217088 221184
166 1 57344 61440
803 1 204800 221184
91 1 301568 303616
959 1 126976 131072
574 1 360448 372736
414 1 352256 364544
803 1 221184 229376
487 1 348160 350208
487 1 352256 353280
702 1 503808 505344
136 1 98304 110592
803 1 270336 274432
803 1 290816 294912
134 7 77824 131072 131072 196608 196608 262144 262144 327680 327680 393216 393216 458752 458752 524288
135 1 0 65536
960 1 204800 208896
413 1 393216 397312
305 1 233472 237568
117 1 61440 65536
349 1 221184 225280
39 1 323584 327680
233 1 69632 77824
883 1 405504 413696
114 1 458752 520192
131 1 4096 8192
826 1 266240 270336
401 1 159744 163840
9 1 303104 307200
618 1 376832 380928
157 1 360448 376832
737 1 102400 110592
25 1 0 4096
61 1 471040 491520
61 1 491520 495616
737 1 106496 110592
61 1 495616 512000
151 1 180224 188416
852 1 73728 77824
842 1 479232 483328
652 1 126976 131072
61 1 512000 516096
941 1 258048 262144
941 1 249856 253952
813 1 270336 274432
674 1 253440 257536
3 1 192512 196608
674 1 253440 257536
5 1 380928 385024
659 1 303104 304640
4 1 131072 147456
551 1 139264 140800
138 1 225280 229376
853 1 155648 159744
316 1 262144 266240
224 1 413696 417792
138 1 253952 262144
363 1 491520 495616
558 1 360448 364544
558 1 114688 118784
559 1 53248 57344
558 1 475136 479232
557 1 487424 491520
559 1 409600 413696
560 1 86016 94208
558 1 430080 434176
559 1 184320 188416
560 1 458752 462848
560 1 450560 454656
852 1 49152 53248
560 1 294912 299008
561 1 319488 323584
905 1 327680 331776
567 1 372736 376832
626 1 86016 94208
626 1 364544 368640
654 1 176128 180224
680 1 507904 512000
605 1 8192 12288
906 1 53248 57344
848 1 372736 376832
848 1 409600 417792
813 1 274432 278528
116 1 208896 221184
803 1 311296 319488
20 3 348672 393216 393216 458752 458752 524288
21 6 0 65536 65536 131072 131072 196608 196608 262144 262144 327680 327680 348672
761 1 31744 32256
757 1 282624 286720
275 1 233472 258048
844 1 36864 40960
803 1 282624 286720
898 1 389120 393216
872 1 307200 319488
872 1 303104 307200
848 1 135168 147456
848 1 131072 135168
910 1 278528 282624
853 1 376832 393216
854 1 262144 266240
24 1 458752 462848
896 1 28672 32768
825 1 135168 147456
896 1 32768 65536
813 1 204800 212992
910 4 282624 327680 327680 393216 393216 458752 458752 524288
911 5 0 65536 65536 131072 131072 196608 196608 262144 262144 282624
911 4 282624 327680 327680 393216 393216 458752 458752 524288
67 1 303104 323584
825 1 131072 135168
920 8 32768 65536 65536 131072 131072 196608 196608 262144 262144 327680 327680 393216 393216 458752 458752 507904
848 1 131072 135168
372 1 28672 32768
943 1 40960 45056
883 1 393216 397312
374 1 36864 40960
813 1 290816 299008
613 1 274432 278528
813 1 229376 237568
813 1 299008 303104
613 1 274432 278528
51 1 65536 81920
965 1 466944 471040
88 1 196608 237568
39 1 282624 315392
14 1 192512 196608
115 1 45056 53248
115 1 53248 57344
312 1 90112 110592
931 1 32768 45056
145 1 225280 229376
813 1 311296 315392
2 1 520192 524288
102 1 57344 65536
897 2 315392 327680 327680 331776
32 1 307200 311296
34 1 258048 259072
102 1 65536 69632
897 1 331776 335872
171 1 327680 348160
153 1 352256 356352
921 2 446464 458752 458752 524288
922 7 0 65536 65536 131072 131072 196608 196608 262144 262144 327680 327680 393216 393216 418304
153 1 356352 368640
803 1 196608 200704
813 1 208896 212992
51 1 466944 475136
195 1 253952 258048
983 1 487424 507904
86 1 368640 376832
108 1 225280 229376
145 1 290816 294912
95 1 303104 327680
900 1 225280 233472
95 1 327680 339968
983 1 507904 520192
910 1 20480 28672
803 1 286720 299008
105 1 327680 389120
474 1 102400 118784
149 1 0 65536
798 1 425984 430080
207 1 339968 352256
777 1 409600 425984
841 1 73728 86016
474 1 143360 151552
476 1 86016 94208
479 1 290816 299008
477 2 126976 131072 131072 135168
478 1 274432 282624
979 1 36864 61440
6 1 16384 28672
947 1 73728 77824
397 1 286720 294912
430 1 110592 114688
600 1 229376 233472
624 1 368640 376832
618 1 380928 385024
660 1 65536 73728
612 1 4096 12288
166 2 61440 65536 65536 94208
574 1 372736 376832
637 1 344064 348160
562 1 327680 328704
637 1 401408 409600
912 1 53248 56832
803 1 274432 278528
527 1 520192 524288
528 1 0 16384
316 1 266240 270336
978 2 61440 65536 65536 73728
25 1 28672 32768
464 2 61952 65536 65536 69632
464 7 73728 131072 131072 196608 196608 262144 262144 327680 327680 393216 393216 458752 458752 500224
109 1 430080 432128
61 2 458240 458752 458752 491520
62 1 163840 180224
321 1 286720 290816
76 1 237568 245760
85 4 299008 327680 327680 393216 393216 458752 458752 524288
86 4 0 65536 65536 131072 131072 196608 196608 262144
76 1 245760 249856
695 1 483328 524288
696 2 0 65536 65536 118784
236 1 245760 253952
236 1 253952 258048
433 2 430080 458752 458752 462848
249 3 315904 327680 327680 393216 393216 425984
249 2 454656 458752 458752 524288
250 6 0 65536 65536 131072 131072 196608 196608 262144 262144 327680 327680 344576
285 1 114688 118784
250 3 344576 393216 393216 458752 458752 524288
251 6 0 65536 65536 131072 131072 196608 196608 262144 262144 327680 327680 344576
345 2 57344 65536 65536 69632
736 1 110592 114688
48 1 483328 495616
747 1 516096 518144
345 1 61440 65536
345 1 61440 65536
675 1 77824 80384
223 1 393216 397312
2 1 245760 249856
877 1 299008 303104
765 1 188416 192512
769 1 454656 458752
975 1 401408 405504
910 1 139264 147456
582 1 344064 348160
787 1 184320 188416
786 1 499712 503808
794 1 417792 421888
789 1 0 4096
794 2 61440 65536 65536 90112
765 1 516096 520192
223 1 389120 393216
290 1 393216 397824
155 1 241664 249856
155 1 249856 253952
307 1 417792 434176
264 1 458752 462848
307 1 434176 454656
265 1 0 4096
995 1 143360 147456
883 1 69632 73728
883 1 61440 65536
368 1 376832 377856
267 1 434176 436736
311 1 262144 282624
694 2 454656 458752 458752 471040
592 1 417792 421888
313 1 0 45056
0 1 421888 438272
397 1 372736 376832
468 1 147456 151552
376 1 520192 524288
649 2 393728 458752 458752 524288
650 7 0 65536 65536 131072 131072 196608 196608 262144 262144 327680 327680 393216 393216 393728
153 1 368640 376832
831 1 327680 356352
803 1 225280 229376
803 1 204800 212992
15 1 65536 94208
88 1 237568 241664
135 7 65536 131072 131072 196608 196608 262144 262144 327680 327680 393216 393216 458752 458752 524288
848 1 135168 147456
882 1 4096 8192
869 1 4096 32768
446 1 16384 20480
943 1 311296 319488
838 1 360448 364544
865 1 491520 524288
866 1 0 20480
933 3 385024 393216 393216 458752 458752 524288
934 6 0 65536 65536 131072 131072 196608 196608 262144 262144 327680 327680 356352
943 1 335872 344064
213 2 344064 393216 393216 409600
293 1 106496 122880
717 1 12288 16384
571 1 139264 147456
531 1 401408 405504
848 1 131072 135168
971 1 421888 425984
883 1 516096 520192
724 1 118784 122880
724 1 90112 94208
724 1 53248 61440
223 1 397312 401408
741 1 3584 7680
443 1 401408 401920
223 1 393216 397312
883 1 450560 454656
883 1 409600 413696
813 1 208896 212992
813 1 208896 212992
906 1 53248 57344
139 1 270336 278528
464 1 500224 524288
465 7 0 65536 65536 131072 131072 196608 196608 262144 262144 327680 327680 393216 393216 434688
537 1 491520 495616
24 1 487424 491520
321 1 270336 286720
879 1 507904 512000
537 1 479232 491520
927 1 237568 241664
226 1 12288 32768
354 1 339968 344064
346 1 45056 49152
351 1 344064 348160
114 1 77824 81920
348 1 483328 487424
324 1 106496 110592
745 1 520192 524288
392 1 81920 86016
208 1 167936 176128
286 1 24576 36864
528 1 16384 20480
208 1 180224 184320
804 1 135168 139264
871 1 73728 77824
173 1 204800 205824
813 1 233472 237568
567 1 307200 311296
997 1 204800 208896
988 1 237568 241664
993 1 77824 81920
2 1 397312 413696
803 1 270336 274432
260 1 36864 40960
110 1 507904 516096
260 1 0 4096
110 1 516096 520192
96 1 237568 245760
96 1 245760 249856
229 1 147456 159744
102 1 311296 319488
297 1 172032 173056
813 1 270336 282624
102 1 319488 323584
898 1 4096 7680
339 1 356352 357376
855 1 294912 299008
102 2 323584 327680 327680 331776
102 1 331776 335872
749 1 438272 442368
436 1 262144 266240
275 1 196608 200704
0 1 401408 405504
357 1 491520 495616
904 1 98304 102400
292 1 0 4096
813 1 208896 212992
848 1 352256 368640
974 1 262144 327680
975 1 131072 196608
3 1 479232 487424
976 1 0 65536
3 1 487424 491520
976 1 393216 458752
977 1 262144 300032
838 1 512000 516096
540 1 294912 303104
77 1 184320 192512
166 1 94208 98304
16 1 466944 475136
96 1 425984 442368
51 1 475136 479232
803 1 270336 274432
151 1 335872 360448
659 1 122880 131072
356 2 454656 458752 458752 512000
848 1 307200 323584
782 1 77824 81920
803 1 249856 253952
272 1 109056 111104
910 1 147456 151552
883 1 475136 483328
858 1 397312 401408
39 1 323584 327680
119 1 143360 151552
221 1 262144 274432
119 1 151552 155648
357 2 24576 65536 65536 77824
649 1 458752 471040
483 1 290816 299008
61 1 53248 57344
61 3 118784 131072 131072 196608 196608 208896
813 1 274432 278528
11 1 94208 98304
870 1 118784 122880
223 1 397312 401408
435 1 249856 253952
940 1 36864 40960
803 1 442368 446464
745 1 266240 270336
805 1 442368 446464
223 1 389120 393216
100 8 12288 65536 65536 131072 131072 196608 196608 262144 262144 327680 327680 393216 393216 458752 458752 524288
694 1 520192 524288
695 1 0 12288
45 1 491520 495616
711 1 344064 376832
391 1 208896 212992
9 1 299008 299520
391 1 204800 208896
559 1 77824 110592
848 1 438272 454656
4 1 65536 77824
234 1 290816 294912
234 1 294912 299008
529 1 192512 196608
529 1 327680 339968
899 1 385024 389120
803 1 303104 307200
321 1 458752 520192
172 1 430080 434176
657 3 385536 393216 393216 458752 458752 524288
658 5 0 65536 65536 131072 131072 196608 196608 262144 262144 320000
803 1 237568 249856
453 5 197120 262144 262144 327680 327680 393216 393216 458752 458752 524288
454 4 0 65536 65536 131072 131072 196608 196608 197120
172 1 360448 364544
175 1 196608 200704
883 1 458752 479232
803 1 311296 315392
9 1 163328 179712
658 2 385536 393216 393216 430080
803 1 245760 249856
312 2 389120 393216 393216 430080
312 1 438272 442368
76 1 237568 253952
263 1 94208 94720
263 1 94720 110592
560 1 126976 128000
560 2 128000 131072 131072 132096
560 1 132096 136192
560 1 136192 140288
361 1 290304 310784
83 1 270336 274432
382 1 229376 233472
112 1 262144 266240
6 1 487424 491520
191 1 438272 442368
698 1 69632 122880
962 1 245760 262144
883 1 458752 466944
709 1 40960 65536
450 1 446464 450048
875 1 335872 339968
345 2 61440 65536 65536 69632
18 1 303104 307200
657 1 327680 331776
715 1 94208 114688
345 1 65536 69632
264 1 516096 520192
181 1 491520 512000
345 1 65536 69632
349 1 327680 348160
706 1 86016 90112
332 1 73728 77824
380 1 118784 122880
696 1 118784 126976
803 1 421888 425984
157 2 376832 393216 393216 397312
24 1 458752 462848
151 1 188416 192512
538 2 176128 196608 196608 200704
737 1 106496 110592
538 1 200704 204800
61 1 516096 524288
57 1 462848 466944
294 1 65536 69632
57 1 499712 503808
921 1 380928 385024
390 1 102400 106496
161 1 475136 479232
567 1 520192 524288
813 1 299008 303104
803 1 217088 221184
852 1 212480 237568
0 1 421888 442368
139 1 278528 282624
216 1 352256 356352
21 3 348672 393216 393216 458752 458752 524288
22 6 0 65536 65536 131072 131072 196608 196608 262144 262144 327680 327680 348672
77 1 192512 196608
574 1 344064 356352
761 1 31744 34304
844 1 94208 98304
707 1 204800 212992
275 1 233472 237568
803 1 217088 221184
454 1 471040 475136
166 1 98304 106496
574 1 356352 360448
924 1 442368 446464
47 1 122880 126976
803 1 290816 294912
288 1 466944 471040
813 1 270336 274432
118 1 192512 196608
947 2 307200 327680 327680 380928
312 1 495616 499712
883 1 393216 397312
99 1 446464 450560
947 1 380928 385024
813 1 204800 208896
337 1 82944 83456
921 1 122880 131072
921 1 73728 98304
100 1 208896 212480
883 1 516096 524288
139 1 233472 241664
970 1 454656 455168
139 1 241664 245760
111 1 462848 471040
539 1 208384 208896
803 1 315392 319488
272 1 110592 111104
975 1 397312 401408
966 1 327680 331776
782 1 77824 81920
883 1 413696 421888
337 1 339968 344064
592 1 421888 430080
315 8 45056 65536 65536 131072 131072 196608 196608 262144 262144 327680 327680 393216 393216 458752 458752 491520
490 1 0 16384
7 1 262144 282624
813 1 274432 286720
161 1 24576 28672
813 1 204800 208896
5 1 61440 65536
6 1 196608 212992
5 1 192512 196608
6 1 65536 73728
329 1 274432 275968
919 1 450560 458752
813 1 270336 290816
593 1 454656 458752
213 1 339968 385024
91 1 303616 310784
149 1 196608 217088
43 1 360448 364544
91 1 310784 319488
628 1 331776 335872
4 1 397312 413696
321 1 266240 270336
232 1 471040 524288
233 2 0 65536 65536 114688
62 1 177152 178176
25 1 28672 36864
233 1 114688 118784
34 1 278528 282624
932 1 331776 335872
321 1 286720 290816
465 1 500224 524288
466 8 0 65536 65536 131072 131072 196608 196608 262144 262144 327680 327680 393216 393216 458752 458752 500224
932 1 319488 323584
321 1 290816 303104
62 1 177664 178688
295 1 454656 458752
618 1 172032 176128
522 1 118784 122880
385 1 155648 159744
842 1 192512 196608
843 1 131072 147456
803 1 204800 212992
803 1 270336 274432
998 1 450560 458752
999 1 0 12288
562 1 364544 368640
803 1 204800 221184
562 1 364544 376832
562 1 372736 376832
562 1 372736 376832
843 1 147456 159744
373 1 262144 270336
562 1 372736 385024
562 1 380928 385024
464 1 335872 339968
912 1 409600 413696
235 2 49152 65536 65536 69632
858 1 393216 397312
405 1 208896 225280
745 1 266240 270336
394 1 249856 253952
248 1 102400 106496
998 1 323584 325120
365 1 487424 503808
224 1 483328 491520
95 1 339968 360448
495 1 73728 77824
813 1 204800 212992
900 1 172032 176128
803 1 229376 233472
848 1 221184 237568
803 1 294912 299008
813 1 274432 282624
495 1 73728 77824
803 1 229376 233472
803 1 294912 299008
168 1 413696 434176
495 1 73728 77824
803 1 229376 233472
224 1 417792 430080
813 1 208896 212992
563 1 356352 360448
943 1 479232 483328
96 1 286720 327680
514 1 131072 155648
895 1 450560 454656
151 1 360448 364544
397 2 376832 393216 393216 409600
698 1 122880 126976
962 1 262144 274432
288 1 393216 397312
625 1 372736 376832
922 2 418304 458752 458752 524288
923 7 0 65536 65536 131072 131072 196608 196608 262144 262144 327680 327680 393216 393216 418304
153 2 376832 393216 393216 405504
254 1 217088 218112
650 2 393728 458752 458752 524288
651 7 0 65536 65536 131072 131072 196608 196608 262144 262144 327680 327680 393216 393216 393728
153 1 405504 417792
312 1 385024 389120
486 1 458752 524288
397 1 409600 413696
824 2 323584 327680 327680 339968
824 1 413696 430080
637 1 290816 294912
136 7 110592 131072 131072 196608 196608 262144 262144 327680 327680 393216 393216 458752 458752 524288
137 2 0 65536 65536 110592
137 2 110592 131072 131072 147456
803 1 225280 237568
129 1 226304 226816
145 1 372736 376832
813 1 204800 221184
111 1 471040 475136
883 1 475136 479232
145 1 389120 393216
883 1 454656 458752
106 1 425984 428544
188 1 16384 20480
106 1 122880 125952
652 1 151552 155648
877 1 278528 282624
766 1 114688 118784
577 1 319488 323584
741 1 3584 7680
945 1 253952 258048
265 1 4096 12288
869 1 225280 237568
403 1 446464 450560
4 1 77824 81920
351 1 237568 249856
3 1 126976 131072
4 1 262144 274432
351 1 249856 253952
893 1 491520 495616
286 1 53248 59392
276 1 126976 131072
23 1 319488 327680
90 1 331776 332288
631 1 327680 331776
32 1 331776 335872
32 1 405504 413696
449 1 393216 397312
454 1 53248 57344
163 1 303104 307200
78 1 516096 524288
79 3 0 65536 65536 131072 131072 184320
79 5 245760 262144 262144 327680 327680 393216 393216 458752 458752 479744
79 1 479744 524288
80 7 0 65536 65536 131072 131072 196608 196608 262144 262144 327680 327680 393216 393216 414208
80 1 479744 524288
81 8 0 65536 65536 131072 131072 196608 196608 262144 262144 327680 327680 393216 393216 458752 458752 479744
81 1 479744 524288
82 8 0 65536 65536 131072 131072 196608 196608 262144 262144 327680 327680 393216 393216 458752 458752 479744
83 2 430080 458752 458752 483840
82 1 479744 524288
83 7 0 65536 65536 131072 131072 196608 196608 262144 262144 327680 327680 393216 393216 425984
83 1 483840 524288
84 8 0 65536 65536 131072 131072 196608 196608 262144 262144 327680 327680 393216 393216 458752 458752 483840
858 1 393216 397312
91 1 335872 339968
272 1 110592 112128
925 1 483328 516096
400 1 86016 90112
64 1 483328 487424
574 1 438272 450560
761 1 33792 34304
91 1 319488 322560
166 1 106496 110592
22 3 348672 393216 393216 458752 458752 524288
23 5 0 65536 65536 131072 131072 196608 196608 262144 262144 283136
803 1 282624 286720
548 1 323584 327680
574 1 450560 454656
610 1 167936 172032
636 1 364544 368640
984 1 360448 364544
872 3 303104 327680 327680 393216 393216 401408
353 1 327680 335872
28 1 28672 36864
431 1 57344 61440
143 1 393216 401408
125 1 65536 131072
870 2 327680 393216 393216 458752
741 1 360448 364544
736 1 475136 479232
124 7 65536 131072 131072 196608 196608 262144 262144 327680 327680 393216 393216 458752 458752 524288
125 1 0 65536
883 1 397312 401408
661 1 466944 524288
662 5 0 65536 65536 131072 131072 196608 196608 262144 262144 315392
43 1 315392 323584
592 1 430080 434176
101 1 454656 458752
670 2 385024 393216 393216 450560
824 1 155648 159744
848 1 135168 147456
138 1 102400 106496
138 1 106496 131072
213 1 409600 413696
917 1 479232 483328
138 1 131072 135168
917 1 483328 495616
138 1 135168 143360
934 1 352256 356352
138 1 143360 147456
934 3 356352 393216 393216 458752 458752 524288
935 5 0 65536 65536 131072 131072 196608 196608 262144 262144 319488
867 8 24576 65536 65536 131072 131072 196608 196608 262144 262144 327680 327680 393216 393216 458752 458752 471040
867 1 20480 24576
882 1 8192 24576
883 1 458752 462848
919 1 491520 495616
118 1 462848 471040
883 1 393216 397312
118 1 192512 196608
883 1 458752 475136
208 1 491520 499712
345 1 65536 69632
468 1 106496 126976
85 1 299008 307200
345 1 65536 77824
813 1 270336 274432
85 1 307200 311296
345 1 69632 73728
813 1 200704 204800
345 1 69632 73728
138 1 446464 454656
138 1 454656 458752
264 1 446464 450560
769 1 425984 430080
769 2 434176 458752 458752 495616
769 1 131072 135168
771 2 221184 262144 262144 282624
771 1 208896 212992
796 1 65536 69632
143 1 327680 331776
813 1 270336 274432
813 1 233472 245760
813 1 200704 204800
613 1 282624 286720
813 1 307200 311296
966 1 331776 335872
782 1 77824 81920
473 1 512000 516096
115 1 421888 430080
883 1 483328 487424
923 1 344064 348160
521 1 61440 65536
61 1 208896 212992
784 1 237568 241664
807 1 172032 188416
630 1 204800 208896
210 1 122880 131072
13 1 12288 16384
766 1 364544 367616
82 1 86016 90112
149 1 65536 69632
966 1 225280 229376
966 1 253952 258048
149 1 126976 131072
91 1 322560 324096
966 1 282624 286720
813 1 204800 208896
226 1 151552 155648
91 1 324096 326144
166 1 110592 118784
935 1 360448 364544
179 1 229376 237568
179 1 237568 241664
848 1 323584 327680
850 1 327680 344064
356 1 512000 516096
813 1 270336 274432
123 1 475136 479232
512 1 491520 495616
269 1 331776 335872
827 1 479232 487424
827 1 450560 454656
190 1 139264 176128
487 1 53248 57344
813 1 217088 233472
789 1 233472 262144
314 1 229376 237568
923 2 418304 458752 458752 524288
924 7 0 65536 65536 131072 131072 196608 196608 262144 262144 327680 327680 393216 393216 418304
153 1 417792 425984
824 1 86016 90112
358 1 385024 389120
358 1 319488 327680
102 1 425984 430080
153 1 425984 430080
300 1 401408 413696
739 1 339968 344064
288 1 479232 483328
77 1 61440 65536
699 1 172032 176128
643 1 36864 40960
805 1 442368 446464
813 1 270336 274432
209 1 310784 314880
19 1 462848 466944
209 1 310784 314880
674 1 253440 257536
674 1 253440 257536
264 1 40960 45056
209 1 310784 314880
209 1 310784 314880
32 1 421888 430080
813 1 204800 212992
813 1 270336 278528
372 1 249856 253952
364 1 204800 208896
705 2 438272 458752 458752 524288
706 7 0 65536 65536 131072 131072 196608 196608 262144 262144 327680 327680 393216 393216 438272
704 2 438272 458752 458752 524288
705 7 0 65536 65536 131072 131072 196608 196608 262144 262144 327680 327680 393216 393216 438272
15 1 438272 440320
206 1 241664 245760
206 1 282624 294912
706 2 438272 458752 458752 524288
707 3 0 65536 65536 131072 131072 196608
552 2 262144 327680 327680 393216
707 1 196608 262144
335 1 200192 224768
95 1 458752 524288
140 1 323584 327680
766 1 65536 131072
992 2 28672 65536 65536 90112
143 1 86016 90112
984 1 360448 364544
114 1 442368 450560
720 1 483328 487424
242 1 20480 24576
137 6 151552 196608 196608 262144 262144 327680 327680 393216 393216 458752 458752 524288
138 2 0 65536 65536 114688
803 1 299008 303104
548 1 8192 12288
814 1 307200 310272
754 1 8192 12288
16 1 53248 55296
770 1 323584 327680
149 1 442368 446464
810 1 45056 49152
825 1 417792 425984
439 1 258048 262144
837 1 253952 258048
886 1 4096 8192
869 1 282624 286720
771 1 348160 352256
737 1 106496 110592
294 1 69632 86016
294 1 86016 90112
737 1 106496 110592
294 1 90112 98304
794 1 273920 282112
294 1 98304 102400
675 1 418304 419840
68 1 491520 495616
560 1 140288 144384
801 1 491008 495104
76 2 253952 262144 262144 274432
560 1 144384 148480
272 1 421888 438272
260 1 106496 110592
218 1 315392 323584
560 1 458752 459264
218 1 323584 327680
260 1 102400 106496
900 1 229376 233472
900 1 241664 245760
848 1 278528 290816
848 1 237568 245760
898 1 389120 393216
890 1 385024 389120
832 1 159744 163840
900 1 176128 180224
803 1 294912 303104
900 1 241664 249856
116 1 262144 266240
898 1 389120 393216
168 1 434176 446464
803 1 233472 237568
890 1 385024 389120
116 1 266240 270336
900 1 180224 184320
116 1 270336 274432
972 2 258048 262144 262144 307200
638 1 167936 168448
266 1 53248 57856
813 1 241664 245760
912 1 413696 417792
848 1 221184 237568
59 1 16384 20480
203 1 40960 46080
709 1 40960 45056
436 1 335872 339968
175 1 196608 200704
658 1 495616 524288
659 7 0 65536 65536 131072 131072 196608 196608 262144 262144 327680 327680 393216 393216 451072
803 1 311296 315392
237 1 69632 81920
454 5 197120 262144 262144 327680 327680 393216 393216 458752 458752 524288
455 4 0 65536 65536 131072 131072 196608 196608 197120
845 1 491520 495616
659 1 451072 458752
491 7 77824 131072 131072 196608 196608 262144 262144 327680 327680 393216 393216 458752 458752 524288
492 2 0 65536 65536 77824
659 1 507904 524288
660 1 0 20480
551 1 90112 94208
387 1 143360 147456
492 7 77824 131072 131072 196608 196608 262144 262144 327680 327680 393216 393216 458752 458752 524288
493 2 0 65536 65536 77824
803 1 245760 253952
493 7 77824 131072 131072 196608 196608 262144 262144 327680 327680 393216 393216 458752 458752 524288
494 2 0 65536 65536 77824
494 7 77824 131072 131072 196608 196608 262144 262144 327680 327680 393216 393216 458752 458752 524288
495 2 0 65536 65536 77824
663 3 352256 393216 393216 458752 458752 524288
664 5 0 65536 65536 131072 131072 196608 196608 262144 262144 307712
495 7 77824 131072 131072 196608 196608 262144 262144 327680 327680 393216 393216 458752 458752 524288
496 2 0 65536 65536 77824
455 3 364544 393216 393216 458752 458752 524288
456 3 0 65536 65536 131072 131072 135680
455 3 197120 262144 262144 327680 327680 360448
875 1 139264 143360
858 1 397312 401408
307 1 294912 315392
883 1 409600 413696
264 1 466944 475136
883 1 520192 524288
108 1 73728 94208
725 1 475136 479232
680 3 61440 65536 65536 131072 131072 135168
592 1 434176 442368
788 7 122880 131072 131072 196608 196608 262144 262144 327680 327680 393216 393216 458752 458752 495616
193 1 102400 106496
725 1 491520 495616
725 1 458752 471040
725 1 499712 507904
153 1 131072 135168
208 1 380928 385024
906 1 53248 57344
813 1 274432 278528
813 1 212992 217088
906 1 53248 57344
813 1 278528 282624
284 1 299008 303104
966 1 335872 339968
507 1 139264 147456
521 1 86016 106496
284 1 360448 372736
183 1 442368 446464
307 1 299008 303104
230 1 356352 360448
143 1 376832 380928
315 1 503808 507904
59 1 106496 110592
197 2 405504 458752 458752 466944
325 1 86016 90112
398 1 143360 147456
339 1 208896 212992
357 1 159744 163840
524 1 159744 160256
894 1 167936 172032
894 1 196608 200704
894 1 430080 434176
646 1 282624 286720
156 1 409600 413696
19 1 32768 36864
893 1 446464 450560
803 1 233472 237568
247 1 262144 266240
397 1 413696 421888
943 1 36864 40960
753 2 32768 65536 65536 131072
78 1 323584 327680
813 1 212992 217088
586 1 335872 340480
28 1 36864 40960
143 1 401408 458752
670 2 143360 196608 196608 208896
791 2 196608 262144 262144 274432
44 2 446464 458752 458752 471040
60 1 57344 65536
872 1 401408 405504
672 1 131072 196608
44 1 471040 475136
670 1 208896 212992
60 1 65536 69632
895 1 450560 454656
872 1 405504 417792
630 1 397312 401408
169 1 299008 303104
789 1 196608 225280
788 1 499712 524288
789 2 0 65536 65536 114688
153 1 114688 126976
153 1 159744 163840
169 2 323584 327680 327680 331776
153 1 143360 155648
153 1 192512 196608
169 1 311296 319488
153 1 176128 184320
169 1 307200 311296
153 1 167936 172032
184 1 266240 274432
184 1 299008 307200
153 1 200704 204800
184 1 155648 163840
432 1 294912 296960
103 1 364544 389120
651 2 393728 458752 458752 524288
652 7 0 65536 65536 131072 131072 196608 196608 262144 262144 327680 327680 393216 393216 393728
153 1 430080 434176
26 1 212992 221184
815 1 69632 77824
922 1 348160 352256
23 1 327680 331776
529 1 339968 352256
447 1 335872 339968
745 1 266240 274432
288 1 413696 421888
745 1 270336 274432
288 1 483328 487424
574 2 454656 458752 458752 466944
761 1 33792 34816
999 1 12288 28672
390 1 180224 184320
803 1 217088 221184
442 1 479232 483328
574 1 466944 471040
166 1 118784 122880
91 2 326144 327680 327680 328192
133 1 147456 155648
23 4 299520 327680 327680 393216 393216 458752 458752 524288
24 5 0 65536 65536 131072 131072 196608 196608 262144 262144 299520
689 1 299008 311296
233 2 118784 131072 131072 135168
60 1 307200 311296
24 1 491520 495616
233 1 135168 139264
40 1 65536 69632
233 1 139264 159744
466 1 500224 524288
467 8 0 65536 65536 131072 131072 196608 196608 262144 262144 327680 327680 393216 393216 458752 458752 500224
45 1 466944 471040
175 1 36864 42496
233 1 159744 163840
321 1 303104 311296
233 1 163840 180224
102 1 155648 163840
467 1 500224 524288
468 8 0 65536 65536 131072 131072 196608 196608 262144 262144 327680 327680 393216 393216 458752 458752 500224
102 1 163840 167936
233 1 180224 184320
321 1 303104 307200
649 1 40960 45056
517 1 262144 270336
649 1 49152 53248
334 1 368640 370688
621 1 139264 143360
803 1 204800 208896
397 1 421888 425984
436 1 339968 348160
883 1 462848 466944
251 3 344576 393216 393216 458752 458752 524288
252 6 0 65536 65536 131072 131072 196608 196608 262144 262144 327680 327680 344576
252 3 344576 393216 393216 458752 458752 524288
253 6 0 65536 65536 131072 131072 196608 196608 262144 262144 327680 327680 344576
565 1 217088 233472
857 1 233472 237568
135 1 356352 364544
857 1 229376 233472
253 3 344576 393216 393216 458752 458752 524288
254 6 0 65536 65536 131072 131072 196608 196608 262144 262144 327680 327680 344576
518 1 405504 409600
181 1 352256 356352
128 1 516096 520192
498 1 491520 495616
464 1 81920 90112
492 1 208896 212992
198 1 307200 311296
464 1 94208 98304
232 1 458752 462848
524 1 155648 159744
442 1 413696 416768
566 1 16384 20480
333 1 516096 519680
462 1 114688 122880
353 1 65536 69632
867 1 81920 86016
586 1 450560 452608
767 2 241664 262144 262144 274432
462 1 122880 126976
8 1 12288 16384
139 1 339968 341504
245 1 344064 364544
112 1 417792 425984
932 1 135168 139264
109 1 0 65536
163 1 159744 163840
814 1 24576 32768
206 1 233472 237568
240 1 475136 479232
813 1 208896 225280
438 1 118784 126976
345 1 102400 110592
855 1 294912 303104
813 1 274432 286720
102 1 335872 344064
102 1 344064 348160
855 1 299008 303104
102 1 348160 356352
102 1 356352 360448
754 1 16384 24576
117 1 458752 520192
855 1 299008 303104
102 1 360448 368640
125 2 450560 458752 458752 520192
102 1 368640 372736
133 2 450560 458752 458752 520192
368 1 323584 324608
96 1 499712 507904
855 1 299008 303104
771 1 356352 360448
559 1 434176 438272
793 1 8192 12288
521 1 28672 32768
248 1 196608 200704
438 1 495616 499712
503 1 499712 516096
628 1 487424 491520
584 1 290816 299008
870 1 106496 109056
771 1 368640 372736
629 1 8192 12288
793 1 24576 28672
438 1 520192 524288
803 1 241664 258048
270 1 184320 188416
167 1 372736 376832
439 1 188416 192512
785 1 57344 61440
803 1 270336 274432
49 1 327680 344064
817 1 225280 229376
138 7 114688 131072 131072 196608 196608 262144 262144 327680 327680 393216 393216 458752 458752 524288
139 2 0 65536 65536 114688
965 1 315392 323584
54 1 237568 241664
260 1 204800 212992
60 1 49152 53248
657 1 159744 163840
269 1 126976 131072
21 2 258048 262144 262144 266240
523 1 303104 323584
782 1 77824 81920
847 1 86016 90112
115 1 430080 434176
20 1 290816 294912
21 1 266240 270336
883 1 417792 421888
904 1 372736 389120
184 1 278528 286720
185 1 49152 53248
184 1 143360 151552
153 1 212992 221184
184 1 315392 319488
595 1 175616 179712
184 1 176128 184320
153 1 270336 278528
184 1 192512 196608
153 1 233472 258048
184 1 446464 458752
184 1 466944 475136
184 1 483328 487424
184 1 491520 495616
169 1 331776 339968
345 1 69632 73728
269 1 348160 364544
345 1 69632 73728
294 3 303104 327680 327680 393216 393216 442368
6 1 368640 393216
294 1 507904 524288
295 1 0 4096
128 1 417792 421888
71 2 126976 131072 131072 159744
785 1 495616 512000
345 1 69632 77824
625 1 12288 16384
272 1 438272 458752
561 1 8192 12288
560 1 520192 524288
318 1 143360 147456
318 1 77824 81920
332 1 425984 446464
288 1 405504 409600
68 1 425984 430080
415 1 32768 36864
260 1 106496 110592
111 1 335872 339968
906 1 53248 57344
912 1 184320 188416
653 1 315392 319488
613 1 282624 286720
858 1 397312 401408
57 1 36864 57344
1 1 155648 163840
813 1 212992 221184
813 1 307200 311296
813 1 204800 208896
567 1 307200 311296
85 1 139264 143360
567 1 520192 524288
813 1 241664 245760
999 1 446464 458752
0 1 393216 397312
803 1 204800 208896
739 1 286720 290816
694 1 65536 110592
217 1 217088 249856
566 1 454656 458752
217 2 258048 262144 262144 294912
564 1 458752 462848
219 1 413696 434176
565 1 487424 491520
566 1 303104 307200
892 2 49152 65536 65536 131072
92 1 262144 327680
999 1 12288 24576
562 1 380928 385024
373 1 200704 204800
803 1 282624 290816
373 1 266240 270336
464 1 335872 339968
246 1 475136 483328
373 1 200704 204800
246 1 483328 487424
333 1 249856 253952
261 1 323584 327680
373 1 266240 270336
373 1 200704 212992
606 1 147456 151552
388 1 339968 344064
373 1 274432 278528
52 1 49152 57344
891 2 65536 131072 131072 196608
891 1 327680 393216
137 4 262144 327680 327680 393216 393216 458752 458752 524288
138 4 0 65536 65536 131072 131072 196608 196608 262144
52 1 57344 61440
891 1 458752 524288
125 2 393216 458752 458752 524288
126 2 0 65536 65536 131072
892 1 65536 131072
834 1 36864 40960
315 1 8192 9216
244 1 81920 86016
105 1 217088 221184
102 1 368640 372736
135 1 364544 368640
616 1 303104 307200
274 1 200704 204800
518 1 204800 208896
518 1 200704 204800
934 1 233472 237568
622 1 217088 221184
491 1 462848 475136
437 1 221184 225280
151 1 118784 126976
102 1 335872 344064
615 1 319488 323584
254 3 344576 393216 393216 458752 458752 524288
255 6 0 65536 65536 131072 131072 196608 196608 262144 262144 327680 327680 344576
369 1 65536 69632
171 1 262144 278528
528 1 352256 360448
906 1 0 4096
951 1 430080 434176
951 1 438272 442368
951 1 446464 450560
951 1 454656 458752
951 1 475136 487424
869 1 143360 147456
822 1 196608 204800
822 1 208896 212992
373 1 323584 327680
111 1 57344 61440
111 1 65536 86016
111 1 94208 98304
380 1 0 512
210 1 131072 135168
669 1 221184 224768
89 1 303104 319488
379 1 204800 221184
241 1 94208 98304
767 1 0 12288
193 1 225280 229376
519 1 323584 327680
516 1 114688 118784
204 1 487424 491520
522 1 4096 8192
519 1 319488 323584
118 1 192512 196608
883 1 405504 425984
813 1 204800 212992
813 1 274432 282624
937 1 16384 20480
126 1 40960 49152
813 1 212992 217088
126 1 49152 53248
813 1 278528 286720
937 1 16384 20480
813 1 217088 221184
522 1 118784 122880
153 1 282624 286720
169 1 401408 405504
169 1 446464 454656
169 2 364544 393216 393216 397312
169 1 434176 438272
169 1 344064 360448
169 1 413696 425984
813 1 294912 299008
39 1 212992 233472
31 1 139264 142336
5 1 172032 188416
872 1 417792 421888
992 1 90112 94208
753 2 352256 393216 393216 430080
803 1 204800 212992
898 1 389120 393216
900 1 245760 249856
803 1 299008 303104
116 1 274432 278528
890 1 385024 389120
116 1 278528 282624
900 1 180224 184320
116 1 282624 286720
900 1 245760 249856
116 1 286720 290816
890 1 385024 389120
900 1 180224 184320
689 1 241664 245760
436 1 348160 352256
689 1 180224 184320
962 1 274432 290816
834 1 81920 90112
803 1 204800 217088
803 1 196608 200704
33 1 8192 16384
397 1 491520 495616
397 1 425984 430080
400 1 81920 86016
348 1 204800 208896
209 1 32768 36864
82 1 139264 142848
341 1 0 61440
212 1 73728 77824
813 1 278528 282624
705 1 475136 479232
447 1 335872 339968
288 1 417792 421888
365 1 503808 524288
745 1 270336 278528
224 1 421888 434176
288 1 483328 487424
793 1 32768 40960
211 1 495616 524288
510 1 507904 524288
511 1 0 14848
636 1 45056 49152
793 1 49152 57344
175 1 393216 395264
859 1 98304 102400
793 1 65536 69632
448 1 516096 524288
8 1 101888 105984
0 1 32256 36352
8 1 167424 171520
72 1 167424 171520
793 1 73728 77824
524 1 4096 8192
0 1 36352 40448
986 1 401408 405504
624 2 397312 458752 458752 475136
309 1 364544 368640
847 1 143360 147456
803 1 249856 262144
64 1 409600 413696
782 1 77824 86016
883 1 483328 487424
737 1 106496 114688
294 1 102400 110592
495 1 12288 20480
294 1 110592 114688
495 1 20480 24576
737 1 110592 114688
574 1 471040 483328
64 1 249856 258048
133 1 155648 159744
761 1 34304 36352
507 1 98304 102400
803 1 282624 286720
622 1 0 4096
64 1 258048 262144
574 1 483328 487424
24 1 299520 327680
736 1 215040 216576
683 1 335872 339968
76 1 12288 20480
242 1 20480 24576
277 1 94208 98304
803 1 299008 303104
39 1 200704 249856
285 1 32768 36864
285 1 36864 53248
211 1 176128 184320
285 1 53248 57344
245 2 319488 327680 327680 339968
245 1 339968 352256
265 1 393216 458752
70 2 358400 393216 393216 423936
58 1 438272 442368
290 1 319488 327680
987 1 122880 125440
941 1 368640 385024
883 1 454656 458752
883 1 475136 479232
307 1 315392 327680
337 1 83456 83968
883 1 520192 524288
883 1 409600 417792
103 1 389120 393216
924 2 418304 458752 458752 524288
925 7 0 65536 65536 131072 131072 196608 196608 262144 262144 327680 327680 393216 393216 418304
153 1 434176 442368
443 3 373248 393216 393216 458752 458752 524288
444 6 0 65536 65536 131072 131072 196608 196608 262144 262144 327680 327680 373248
1 1 442368 454656
60 1 520192 524288
893 1 0 65536
151 1 458752 524288
152 2 0 65536 65536 131072
213 1 327680 348160
895 1 12288 16384
553 1 376832 380928
561 1 385024 393216
896 1 446464 450560
496 7 77824 131072 131072 196608 196608 262144 262144 327680 327680 393216 393216 458752 458752 524288
497 2 0 65536 65536 77824
499 2 77824 131072 131072 143360
112 1 483328 487424
497 7 77824 131072 131072 196608 196608 262144 262144 327680 327680 393216 393216 458752 458752 524288
498 2 0 65536 65536 77824
959 1 315392 327680
664 2 307712 327680 327680 352256
803 1 315392 323584
498 7 77824 131072 131072 196608 196608 262144 262144 327680 327680 393216 393216 458752 458752 524288
499 2 0 65536 65536 77824
499 6 143360 196608 196608 262144 262144 327680 327680 393216 393216 458752 458752 524288
500 3 0 65536 65536 131072 131072 143360
500 6 143360 196608 196608 262144 262144 327680 327680 393216 393216 458752 458752 524288
501 3 0 65536 65536 131072 131072 143360
501 6 143360 196608 196608 262144 262144 327680 327680 393216 393216 458752 458752 524288
502 3 0 65536 65536 131072 131072 143360
245 1 278528 294912
456 4 201216 262144 262144 327680 327680 393216 393216 446464
739 1 339968 348160
457 1 458752 516096
503 6 143360 196608 196608 262144 262144 327680 327680 393216 393216 458752 458752 524288
504 3 0 65536 65536 131072 131072 143360
502 6 143360 196608 196608 262144 262144 327680 327680 393216 393216 458752 458752 524288
503 3 0 65536 65536 131072 131072 143360
456 2 446464 458752 458752 524288
457 3 0 65536 65536 131072 131072 143872
357 2 24576 65536 65536 77824
151 1 270336 274432
614 1 20480 24576
242 1 430080 442368
649 1 458752 471040
89 1 319488 327680
128 1 49152 61440
552 1 270336 274432
639 1 413696 417792
826 1 81920 86016
826 1 90112 98304
826 1 98304 102400
75 1 8192 20480
739 1 274432 278528
585 1 462848 466944
71 1 331776 380928
482 3 385024 393216 393216 458752 458752 524288
483 6 0 65536 65536 131072 131072 196608 196608 262144 262144 327680 327680 385024
483 3 385024 393216 393216 458752 458752 524288
484 6 0 65536 65536 131072 131072 196608 196608 262144 262144 327680 327680 385024
485 3 385024 393216 393216 458752 458752 524288
486 6 0 65536 65536 131072 131072 196608 196608 262144 262144 327680 327680 335872
484 3 385024 393216 393216 458752 458752 524288
485 6 0 65536 65536 131072 131072 196608 196608 262144 262144 327680 327680 385024
519 1 348160 350208
850 1 516096 524288
979 2 126976 131072 131072 135168
478 1 299008 307200
843 1 311296 323584
476 1 512000 524288
477 1 0 12288
477 1 503808 512000
937 1 175104 175616
935 1 221184 229376
474 1 167936 176128
760 1 339968 344064
191 1 40960 49152
191 1 49152 53248
872 1 282624 286720
873 1 340480 340992
873 1 340992 341504
873 1 341504 342016
873 1 342016 342528
64 1 483328 487424
78 1 323584 327680
943 1 40960 45056
333 1 167936 172032
645 1 278528 279552
147 1 466944 471040
397 1 495616 499712
436 1 352256 360448
203 2 61440 65536 65536 70656
883 1 397312 401408
637 1 471040 479232
539 1 208384 208896
431 1 217088 225280
549 1 294912 319488
174 1 266240 274432
214 1 430080 434176
150 1 458752 524288
151 7 0 65536 65536 131072 131072 196608 196608 262144 262144 327680 327680 393216 393216 458752
893 2 262144 327680 327680 393216
271 1 81920 86016
924 1 442368 446464
139 7 114688 131072 131072 196608 196608 262144 262144 327680 327680 393216 393216 458752 458752 524288
140 2 0 65536 65536 114688
271 1 90112 94208
29 1 12288 16384
49 1 344064 364544
613 2 450048 458752 458752 524288
614 7 0 65536 65536 131072 131072 196608 196608 262144 262144 327680 327680 393216 393216 450048
614 2 450048 458752 458752 524288
615 4 0 65536 65536 131072 131072 196608 196608 249344
476 1 163840 167936
341 1 57344 61440
943 1 36864 40960
585 1 253952 258048
436 1 360448 364544
97 1 192512 196608
482 1 204800 208896
574 1 487424 499712
123 2 319488 327680 327680 335872
24 3 376832 393216 393216 458752 458752 524288
25 6 0 65536 65536 131072 131072 196608 196608 262144 262144 327680 327680 348672
761 1 35840 36864
264 1 450560 458752
736 1 266240 270336
803 1 217088 225280
574 1 499712 503808
148 1 499712 503808
851 1 307200 308224
7 1 86016 90112
647 1 176128 180224
34 1 438272 454656
645 1 450560 458752
169 1 475136 491520
170 1 4096 8192
182 1 118784 126976
169 1 507904 516096
182 1 98304 102400
182 1 131072 135168
182 1 110592 114688
169 1 520192 524288
592 1 442368 446464
598 1 228864 237056
182 1 159744 172032
790 1 503296 507392
447 3 373248 393216 393216 458752 458752 524288
448 6 0 65536 65536 131072 131072 196608 196608 262144 262144 327680 327680 373248
444 3 373248 393216 393216 458752 458752 524288
445 6 0 65536 65536 131072 131072 196608 196608 262144 262144 327680 327680 373248
445 3 373248 393216 393216 458752 458752 524288
446 6 0 65536 65536 131072 131072 196608 196608 262144 262144 327680 327680 373248
446 3 373248 393216 393216 458752 458752 524288
447 6 0 65536 65536 131072 131072 196608 196608 262144 262144 327680 327680 373248
451 1 172544 196608
450 3 373248 393216 393216 458752 458752 524288
451 3 0 65536 65536 131072 131072 172544
448 3 373248 393216 393216 458752 458752 524288
449 6 0 65536 65536 131072 131072 196608 196608 262144 262144 327680 327680 373248
443 1 471040 479232
325 1 36864 40960
90 1 49152 57344
542 1 0 8192
220 1 32768 36864
662 2 450560 458752 458752 507904
659 2 311296 327680 327680 339968
659 1 339968 344064
697 1 356352 360448
659 1 344064 372736
659 1 372736 376832
64 1 483328 487424
57 1 57344 65536
197 1 278528 294912
58 1 131072 135168
813 1 307200 319488
533 1 348160 352256
1 1 159744 167936
230 1 192512 196608
999 1 172032 192512
848 1 237568 245760
848 1 278528 290816
225 1 401408 409600
225 1 409600 413696
951 1 307200 311296
782 1 81920 86016
975 1 401408 405504
883 1 417792 421888
64 1 483328 487424
745 1 274432 278528
447 1 335872 339968
288 1 417792 421888
61 1 471040 479232
288 1 483328 487424
61 1 479232 483328
182 1 229376 237568
593 1 413184 417280
598 1 351744 355840
589 1 474624 486912
598 1 97792 101888
182 1 151552 155648
600 1 445952 450048
182 1 208896 217088
182 1 266240 274432
384 1 249344 253440
182 1 139264 147456
182 1 180224 196608
182 1 241664 249856
688 1 241664 245760
809 1 49152 53248
841 2 385024 393216 393216 394240
332 5 258048 262144 262144 327680 327680 393216 393216 458752 458752 524288
333 1 0 24576
190 1 176128 180224
333 4 28672 65536 65536 131072 131072 196608 196608 249856
606 1 471040 475136
900 1 245760 249856
890 1 385024 389120
116 1 290816 294912
116 1 303104 307200
116 1 315392 319488
116 1 294912 299008
116 1 307200 311296
116 1 319488 323584
116 1 299008 303104
900 1 180224 184320
116 1 311296 315392
813 1 266240 278528
900 1 245760 249856
75 1 262144 278528
848 1 352256 372736
813 1 274432 282624
9 2 454656 458752 458752 475136
813 1 208896 217088
555 1 389120 393216
209 1 310784 314880
209 1 310784 314880
75 1 278528 299008
848 1 409600 417792
848 1 372736 376832
32 1 491520 495616
10 2 61440 65536 65536 73728
209 1 310784 314880
209 1 310784 314880
637 1 290816 294912
199 1 274432 282624
813 1 282624 286720
199 1 282624 286720
813 1 217088 225280
539 1 122880 126464
929 1 0 4096
378 1 417792 421888
900 1 8192 12288
899 1 520192 524288
883 1 462848 466944
506 1 356352 372736
883 1 487424 495616
479 1 446464 450560
118 1 475136 487424
883 1 425984 430080
91 1 491520 507904
118 1 192512 196608
134 1 20480 28672
883 1 491520 507904
277 1 450560 458752
108 1 94208 106496
883 1 454656 458752
957 1 315392 319488
112 1 425984 442368
123 2 319488 327680 327680 339968
668 1 208896 245760
883 1 479232 483328
80 1 483328 495616
661 1 212992 241664
922 2 274432 327680 327680 339968
803 1 233472 241664
914 2 57344 65536 65536 110592
101 1 229376 237568
274 1 12288 16384
560 1 458752 459264
769 1 16384 20480
260 1 102400 106496
332 1 446464 458752
149 1 208896 217088
289 1 73728 77824
717 1 266240 270336
149 1 217088 221184
717 1 282624 286720
18 1 315392 316928
201 2 385024 393216 393216 401408
883 1 471040 475136
529 1 90112 91648
901 1 491520 504832
460 1 172032 175104
76 1 286720 307200
32 1 512000 524288
84 1 483840 524288
85 8 0 65536 65536 131072 131072 196608 196608 262144 262144 327680 327680 393216 393216 458752 458752 483840
85 1 483840 512000
87 1 0 57344
85 1 512000 524288
86 7 0 65536 65536 131072 131072 196608 196608 262144 262144 327680 327680 393216 393216 426496
76 1 307200 319488
86 2 426496 458752 458752 524288
87 7 65536 131072 131072 196608 196608 262144 262144 327680 327680 393216 393216 458752 458752 492032
87 1 492032 524288
88 6 0 65536 65536 131072 131072 196608 196608 262144 262144 327680 327680 389120
445 1 32768 45056
700 1 315392 319488
700 1 212992 217088
244 1 491520 524288
245 1 0 16384
549 1 319488 323584
174 1 274432 278528
189 1 233472 237568
214 1 434176 438272
648 1 163840 176128
611 2 49152 65536 65536 114688
96 1 393216 397312
59 1 311296 315392
575 1 28672 40960
65 1 32768 36864
610 1 491520 495616
761 1 36352 36864
271 1 409600 434176
999 1 352256 360448
269 1 364544 385024
345 1 73728 77824
271 1 434176 438272
999 1 360448 364544
6 1 458752 471040
345 1 73728 77824
345 1 73728 77824
345 1 73728 77824
877 1 290816 327680
611 2 147456 196608 196608 212992
611 1 212992 217088
255 3 344576 393216 393216 458752 458752 524288
256 1 0 16384
256 5 20480 65536 65536 131072 131072 196608 196608 262144 262144 283136
831 2 212992 262144 262144 278528
402 1 16384 20480
256 2 348672 393216 393216 430080
701 1 49152 53248
257 1 458752 487424
411 1 278528 282624
256 2 430080 458752 458752 524288
257 5 0 65536 65536 131072 131072 196608 196608 262144 262144 320000
252 1 163840 188416
458 1 282624 286720
529 1 352256 364544
0 1 397312 417792
813 1 245760 258048
301 1 278528 282624
541 1 24576 28672
474 1 192512 196608
504 1 393216 397312
475 1 503808 507904
813 1 319488 323584
744 1 49152 53248
813 1 253952 258048
321 1 290816 294912
31 1 40960 49152
321 1 311296 319488
468 1 500224 524288
469 8 0 65536 65536 131072 131072 196608 196608 262144 262144 327680 327680 393216 393216 458752 458752 482816
31 1 49152 53248
233 2 184320 196608 196608 200704
233 1 200704 204800
823 1 299008 303104
840 1 438272 442368
233 1 204800 225280
233 1 225280 229376
273 1 294912 299008
999 1 364544 389120
731 1 225280 229376
731 1 262144 266240
999 1 389120 393216
107 1 262144 278528
539 1 208384 209408
123 1 462848 471040
782 1 81920 86016
814 1 32768 36864
294 1 114688 122880
294 1 122880 126976
803 1 204800 208896
348 1 262144 282624
736 1 319488 323584
900 2 278528 327680 327680 376832
403 1 335872 337408
96 1 507904 512000
102 1 372736 380928
102 1 380928 385024
855 1 299008 303104
228 1 458752 466944
102 1 385024 393216
228 1 466944 471040
102 1 393216 397312
532 1 61440 65536
855 1 299008 303104
102 1 397312 405504
102 1 405504 409600
848 1 368640 376832
848 1 409600 421888
855 1 299008 303104
999 1 65536 81920
813 1 286720 294912
640 1 282624 286720
813 1 225280 229376
648 1 65536 69632
2 1 413696 434176
112 2 442368 458752 458752 462848
883 1 458752 462848
28 1 81920 86016
191 1 249856 258048
15 1 503808 524288
16 1 0 24576
28 2 94208 131072 131072 147456
894 1 278528 282624
770 1 49152 53248
320 1 286720 327680
269 2 184320 196608 196608 249856
28 1 212992 221184
140 7 114688 131072 131072 196608 196608 262144 262144 327680 327680 393216 393216 458752 458752 524288
141 2 0 65536 65536 114688
803 1 303104 311296
303 1 163840 167936
139 2 311296 327680 327680 331776
705 1 172032 176128
39 1 249856 253952
213 1 348160 360448
108 1 249856 262144
152 1 356352 358912
996 1 200704 204800
436 1 512000 524288
437 1 0 32768
522 1 253952 258048
504 6 143360 196608 196608 262144 262144 327680 327680 393216 393216 458752 458752 524288
505 3 0 65536 65536 131072 131072 143360
506 6 143360 196608 196608 262144 262144 327680 327680 393216 393216 458752 458752 466944
839 3 126976 131072 131072 196608 196608 236544
664 2 417792 458752 458752 524288
665 6 0 65536 65536 131072 131072 196608 196608 262144 262144 327680 327680 373248
507 1 466944 524288
508 8 0 65536 65536 131072 131072 196608 196608 262144 262144 327680 327680 393216 393216 458752 458752 466944
505 6 143360 196608 196608 262144 262144 327680 327680 393216 393216 458752 458752 524288
506 3 0 65536 65536 131072 131072 143360
508 1 466944 524288
509 8 0 65536 65536 131072 131072 196608 196608 262144 262144 327680 327680 393216 393216 458752 458752 466944
803 1 253952 258048
112 1 417792 421888
506 1 466944 524288
507 8 0 65536 65536 131072 131072 196608 196608 262144 262144 327680 327680 393216 393216 458752 458752 466944
509 1 466944 524288
510 8 0 65536 65536 131072 131072 196608 196608 262144 262144 327680 327680 393216 393216 458752 458752 466944
510 1 466944 524288
511 8 0 65536 65536 131072 131072 196608 196608 262144 262144 327680 327680 393216 393216 458752 458752 466944
512 1 466944 524288
513 8 0 65536 65536 131072 131072 196608 196608 262144 262144 327680 327680 393216 393216 458752 458752 466944
511 1 466944 524288
512 8 0 65536 65536 131072 131072 196608 196608 262144 262144 327680 327680 393216 393216 458752 458752 466944
513 1 466944 524288
514 5 0 65536 65536 131072 131072 196608 196608 262144 262144 266240
514 4 266240 327680 327680 393216 393216 458752 458752 524288
515 5 0 65536 65536 131072 131072 196608 196608 262144 262144 266240
710 1 409600 412672
269 1 413696 417792
269 1 409600 413696
124 1 40960 45056
124 1 90112 94208
960 1 257536 261632
269 1 413696 417792
240 1 483328 491520
291 1 278528 294912
240 1 421888 430080
291 1 294912 315392
451 1 245760 258048
813 1 200704 204800
435 1 77824 98304
504 1 94208 98304
504 1 16384 20480
501 1 94208 122880
159 1 32768 33280
159 1 33280 33792
159 1 45056 46080
159 1 33792 36864
159 1 46080 49152
447 1 335872 339968
288 1 417792 421888
389 1 253952 258048
975 1 397312 401408
896 1 139264 147456
883 1 483328 491520
87 1 159744 163840
983 2 405504 458752 458752 524288
984 1 0 49152
234 3 139264 196608 196608 262144 262144 307200
962 1 290816 307200
436 1 364544 372736
599 1 118784 122880
5 1 110592 131072
162 1 306688 323072
813 1 274432 278528
162 1 323072 327168
163 1 53248 57344
807 1 188416 196608
61 1 212992 237568
795 1 196608 208896
630 1 139264 151552
61 1 237568 241664
6 1 0 12288
813 1 208896 212992
436 1 385024 389120
854 1 483328 491520
407 5 196608 262144 262144 327680 327680 393216 393216 458752 458752 524288
408 3 0 65536 65536 131072 131072 184320
760 1 159232 163328
135 1 97792 101888
855 1 85504 89600
152 1 335360 339456
135 1 81408 93696
855 1 142848 146944
519 1 470528 474624
182 1 278528 282624
182 1 303104 315392
182 1 339968 348160
182 1 368640 372736
265 1 11776 15872
648 1 122880 131072
494 1 36864 40960
304 1 196608 221184
901 1 458752 524288
159 1 163840 164864
137 1 208896 217088
137 1 217088 221184
873 1 342528 343040
197 1 331776 348160
873 1 343040 343552
873 1 343552 344064
667 1 379904 380416
158 1 329216 331264
342 1 413696 417792
840 2 303104 327680 327680 385024
197 1 348160 368640
342 1 421888 422400
64 1 417792 425984
667 1 380416 380928
342 1 422400 422912
418 1 188416 192512
906 1 266240 270336
575 1 40960 45056
803 1 286720 290816
5 1 126976 131072
6 1 143360 147456
736 1 163840 167936
6 1 65536 77824
478 1 483328 487424
575 1 45056 57344
113 1 499712 524288
114 1 0 40960
182 1 409600 413696
182 1 401408 405504
182 2 319488 327680 327680 331776
803 1 270336 278528
182 1 385024 393216
350 1 245760 249856
625 1 511488 515584
384 1 159744 163840
113 1 155136 159232
233 1 155136 159232
189 1 212480 216576
184 1 364544 368640
185 1 61440 65536
149 1 302592 306688
338 1 491520 495616
184 1 356352 360448
184 1 389120 393216
813 1 229376 233472
185 1 159744 163840
27 1 52736 56832
449 3 373248 393216 393216 458752 458752 524288
450 6 0 65536 65536 131072 131072 196608 196608 262144 262144 327680 327680 373248
451 5 233984 262144 262144 327680 327680 393216 393216 458752 458752 524288
452 2 0 65536 65536 120832
153 1 442368 450560
652 2 393728 458752 458752 524288
653 7 0 65536 65536 131072 131072 196608 196608 262144 262144 327680 327680 393216 393216 393728
878 1 20480 32768
159 1 192512 193536
159 1 164864 167936
258 1 487424 512000
950 1 45056 49152
800 1 36864 40960
602 1 36864 40960
484 1 65536 73728
301 1 172032 180224
462 1 53248 61440
259 2 53248 65536 65536 77824
921 1 159744 167936
874 1 499712 503808
252 1 188416 192512
789 1 294912 319488
257 3 320000 327680 327680 393216 393216 458752
144 1 425984 446464
18 1 495616 500224
416 1 0 24576
850 1 344064 348160
214 1 430080 434176
848 1 438272 454656
851 1 167936 176128
768 1 147456 150016
891 1 307200 309760
189 1 233472 237568
813 1 270336 274432
332 1 188416 192512
331 1 389120 393216
332 1 294912 299008
675 1 208896 229376
896 1 77824 81920
96 1 286720 327680
543 3 368640 393216 393216 458752 458752 524288
544 1 0 8192
50 3 139264 196608 196608 262144 262144 299008
813 1 270336 274432
813 1 249856 253952
803 1 286720 290816
813 1 315392 319488
1 1 163840 172032
0 1 442368 454656
230 1 192512 196608
416 1 274432 282624
803 1 282624 286720
813 1 249856 258048
197 1 294912 315392
340 1 372736 376832
813 1 204800 208896
567 1 307200 311296
567 1 520192 524288
340 1 376832 380928
813 1 319488 323584
890 1 385024 389120
54 1 516096 520192
900 1 180224 188416
291 1 331776 348160
240 1 421888 425984
166 1 487424 524288
167 1 0 16384
813 1 315392 323584
22 1 516096 524288
23 1 0 20480
303 1 225280 229376
101 1 237568 241664
314 1 151552 155648
803 1 241664 245760
315 1 155648 159744
141 7 114688 131072 131072 196608 196608 262144 262144 327680 327680 393216 393216 458752 458752 524288
142 2 0 65536 65536 114688
99 1 462848 466944
126 1 131072 196608
432 1 401408 405504
973 1 122880 126976
288 1 483328 487424
124 1 425984 434176
508 1 221184 237568
124 1 434176 438272
447 1 335872 339968
63 1 380928 389120
975 1 73728 77824
898 1 196608 204800
355 1 356352 364544
345 1 368640 376832
152 1 61440 65536
459 1 512000 516096
631 1 229376 233472
152 1 126976 131072
517 1 69632 73728
923 2 188416 196608 196608 258048
923 1 258048 262144
883 1 397312 405504
943 1 40960 45056
436 1 372736 376832
581 1 65536 68608
992 1 212992 217088
203 1 81920 91136
906 1 32768 65536
723 1 225280 229376
943 1 36864 40960
813 1 270336 274432
186 1 40960 45056
773 2 20480 65536 65536 86016
35 1 77824 98304
155 2 311296 327680 327680 331776
653 1 442368 446464
290 1 98304 102400
25 3 348672 393216 393216 458752 458752 524288
26 6 0 65536 65536 131072 131072 196608 196608 262144 262144 327680 327680 348672
575 1 57344 61440
91 1 328192 331264
235 2 311296 327680 327680 331776
217 1 442368 446464
91 1 196608 262144
458 1 131072 196608
92 1 327680 368640
217 1 401408 434176
214 1 364544 368640
506 2 454656 458752 458752 479232
505 3 356352 393216 393216 458752 458752 524288
506 5 0 65536 65536 131072 131072 196608 196608 262144 262144 270336
507 1 28672 49152
979 1 344064 349184
507 2 61440 65536 65536 77824
507 1 118784 126976
506 1 401408 438272
506 1 487424 512000
28 6 143360 196608 196608 262144 262144 327680 327680 393216 393216 458752 458752 524288
29 1 0 65536
352 1 475136 491520
851 1 458752 462848
813 1 270336 278528
813 1 311296 323584
707 1 274432 278528
813 1 253952 258048
331 1 225280 245760
813 1 319488 323584
288 1 471040 479232
707 1 274432 278528
813 1 253952 258048
851 1 462848 479232
813 1 319488 323584
707 1 274432 278528
813 1 253952 258048
140 1 319488 323584
48 1 483328 487424
218 1 122880 131072
845 1 397312 398336
118 1 192512 196608
218 1 131072 135168
883 1 438272 442368
909 1 315392 319488
111 1 466944 475136
111 1 475136 479232
112 1 425984 442368
118 1 192512 196608
883 1 503808 512000
382 1 471040 487424
632 1 278528 282624
396 1 417792 421888
832 1 376832 380928
533 1 225280 233472
322 1 65536 69632
741 1 3584 7680
741 1 7680 11776
20 1 110592 131072
228 1 69632 81920
113 1 307200 311296
322 1 69632 73728
39 1 106496 122880
97 1 507904 516096
883 1 413696 417792
97 1 516096 520192
39 1 122880 126976
883 1 479232 487424
243 1 237568 241664
813 1 286720 294912
813 1 225280 229376
929 1 0 4096
813 1 290816 294912
250 1 278528 282624
522 1 118784 122880
699 1 360448 364544
700 1 163840 167936
575 1 139264 167936
321 1 180224 184320
514 1 131072 155648
976 3 335872 393216 393216 458752 458752 495616
675 1 229376 233472
951 1 303104 307200
739 1 290816 299008
123 1 471040 475136
782 1 81920 86016
896 1 143360 147456
107 1 278528 299008
917 1 475136 491520
504 1 356352 360448
922 1 212992 229376
771 1 450560 453632
902 1 36864 49152
96 1 483328 503808
924 1 65536 66560
96 1 434176 438272
110 1 389120 393216
96 1 499712 512000
28 1 24576 32768
28 1 32768 36864
96 1 442368 450560
206 1 446464 450560
5 1 372736 389120
110 1 389120 393216
996 1 516096 524288
202 1 474624 478720
182 1 417792 421888
184 1 376832 380928
185 1 151552 155648
688 1 294912 303104
188 1 434176 438272
188 1 466944 471040
188 1 421888 425984
188 1 458752 462848
189 1 278528 282624
189 1 262144 266240
453 6 131072 196608 196608 262144 262144 327680 327680 393216 393216 458752 458752 524288
454 2 0 65536 65536 131072
452 6 131072 196608 196608 262144 262144 327680 327680 393216 393216 458752 458752 524288
453 2 0 65536 65536 131072
925 2 418304 458752 458752 524288
926 7 0 65536 65536 131072 131072 196608 196608 262144 262144 327680 327680 393216 393216 418304
454 6 131072 196608 196608 262144 262144 327680 327680 393216 393216 458752 458752 524288
455 2 0 65536 65536 131072
153 1 450560 458752
455 6 131072 196608 196608 262144 262144 327680 327680 393216 393216 458752 458752 524288
456 2 0 65536 65536 131072
456 6 131072 196608 196608 262144 262144 327680 327680 393216 393216 458752 458752 524288
457 2 0 65536 65536 131072
457 6 131072 196608 196608 262144 262144 327680 327680 393216 393216 458752 458752 524288
458 2 0 65536 65536 131072
458 6 131072 196608 196608 262144 262144 327680 327680 393216 393216 458752 458752 524288
459 2 0 65536 65536 131072
459 4 131072 196608 196608 262144 262144 327680 327680 393216
83 1 266240 270336
191 1 397312 401408
920 1 475136 479232
476 1 167936 172032
742 1 294912 307200
293 2 86016 131072 131072 139264
240 1 483328 487424
73 1 425984 430080
381 1 294912 315392
240 1 417792 425984
926 1 208896 212992
887 1 0 4096
886 1 454656 458752
381 1 315392 327680
688 1 217088 233472
223 1 397312 401408
223 1 385024 389120
217 1 499712 508928
173 1 24576 65536
112 1 417792 425984
91 1 331264 333824
192 1 421888 425984
597 1 217088 218112
91 1 340480 340992
91 1 333824 340480
575 2 61440 65536 65536 73728
803 1 204800 208896
91 1 340992 344576
91 1 344576 346112
245 1 45056 53248
214 1 434176 438272
294 2 315392 327680 327680 364544
245 1 53248 57344
294 1 364544 368640
214 1 430080 434176
245 1 8192 24576
491 1 323584 327680
239 1 462848 471040
239 1 471040 475136
333 1 483328 491520
119 1 315392 323584
6 1 4096 12288
337 1 114688 122880
119 1 323584 327680
680 1 69632 72192
722 1 315392 320000
373 1 24576 45056
334 1 344064 348160
324 1 245760 249856
448 1 73728 90112
6 1 12288 16384
333 1 458752 462848
490 1 455168 456192
490 1 456192 457216
490 1 457216 457728
644 1 405504 413696
644 1 417792 421888
644 1 430080 434176
664 1 212992 221184
210 1 479232 483328
665 1 393216 397312
217 1 315392 319488
316 1 200704 204800
803 1 307200 315392
628 2 53248 65536 65536 99840
626 2 57344 65536 65536 118784
139 1 331776 344064
317 1 212992 217088
705 1 172032 176128
96 1 417792 421888
144 1 131072 143360
813 1 204800 208896
883 1 466944 471040
225 1 339968 356352
962 1 307200 323584
345 1 73728 77824
868 1 217088 225280
906 1 77824 94208
345 1 73728 77824
345 1 77824 86016
288 1 196608 208896
345 1 77824 81920
288 1 208896 212992
813 1 204800 212992
345 1 77824 81920
265 1 516096 520192
345 1 77824 81920
813 1 274432 278528
13 1 229376 237568
132 3 278528 327680 327680 393216 393216 421888
755 3 176128 196608 196608 262144 262144 315392
883 1 421888 425984
431 1 258048 262144
769 2 40960 65536 65536 90112
777 1 462848 471040
284 2 426496 458752 458752 524288
285 7 0 65536 65536 131072 131072 196608 196608 262144 262144 327680 327680 393216 393216 426496
274 1 118784 126976
397 2 450560 458752 458752 466944
866 3 163840 196608 196608 262144 262144 303104
865 6 163840 196608 196608 262144 262144 327680 327680 393216 393216 458752 458752 524288
866 3 0 65536 65536 131072 131072 163840
5 1 380928 389120
602 1 90112 94208
5 1 389120 393216
938 2 294912 327680 327680 380928
954 1 483328 487424
942 1 401408 421888
215 1 106496 110592
89 1 8192 12288
89 1 61440 65536
884 1 118784 122880
664 1 200704 208896
215 1 114688 118784
669 1 282624 286720
89 1 24576 28672
102 1 339968 344064
428 1 155648 159744
173 1 147456 151552
672 1 299008 303104
981 1 163840 167936
886 1 520192 524288
679 1 204800 208896
102 1 49152 53248
511 1 172032 188416
288 1 417792 421888
128 1 483328 487424
288 1 483328 487424
128 1 409600 413696
136 1 444928 445440
447 1 335872 339968
745 1 274432 282624
803 1 270336 274432
803 1 204800 208896
803 1 270336 278528
25 1 20480 49152
803 1 208896 212992
803 1 274432 282624
64 1 417792 421888
197 1 278528 294912
506 1 475136 483328
64 1 483328 495616
64 1 425984 430080
64 1 491520 495616
650 1 180224 184320
301 1 278528 282624
706 1 479232 503808
127 1 286720 294912
813 1 319488 323584
813 1 204800 225280
813 1 253952 258048
818 1 486912 491008
706 1 479232 483328
301 1 278528 282624
813 1 319488 323584
404 2 16384 65536 65536 86016
451 1 196608 233984
65 1 114688 118784
83 1 270336 274432
107 2 315392 327680 327680 331776
653 2 393728 458752 458752 524288
654 7 0 65536 65536 131072 131072 196608 196608 262144 262144 327680 327680 393216 393216 393728
877 1 495616 499712
432 1 438272 446464
99 1 475136 512000
824 1 348160 380928
221 1 446464 458752
257 1 487424 524288
258 6 0 65536 65536 131072 131072 196608 196608 262144 262144 327680 327680 348672
789 1 319488 323584
222 1 0 53248
252 1 192512 196608
905 3 376832 393216 393216 458752 458752 462848
657 1 327680 331776
877 1 327680 331776
258 3 348672 393216 393216 458752 458752 524288
259 6 0 65536 65536 131072 131072 196608 196608 262144 262144 327680 327680 348672
657 1 331776 335872
943 1 40960 45056
436 1 376832 393216
848 1 352256 368640
423 1 217088 233472
203 1 102400 111616
160 1 196608 197120
144 1 507904 516096
230 1 69632 73728
803 1 204800 221184
975 1 385024 393216
189 1 233472 237568
573 1 495616 498176
111 1 512000 516096
118 1 192512 196608
112 2 442368 458752 458752 462848
135 1 470528 482816
883 1 442368 446464
909 1 258048 262144
784 1 462848 471040
783 1 368640 376832
543 1 94208 98304
474 1 45056 49152
188 1 442368 446464
189 1 233472 241664
384 1 159744 163840
189 1 499712 503808
189 1 491520 495616
190 1 0 4096
189 1 516096 520192
190 1 8192 12288
190 1 28672 32768
149 1 118784 126976
184 1 327680 331776
190 1 16384 20480
45 1 516096 524288
46 1 0 16384
476 1 438272 450560
166 1 364544 368640
26 3 348672 393216 393216 458752 458752 524288
27 2 0 65536 65536 86016
89 1 245760 249856
575 1 73728 77824
23 1 520192 524288
24 1 0 4096
27 5 90112 131072 131072 196608 196608 262144 262144 327680 327680 352768
803 1 270336 274432
91 1 346112 348672
861 1 335872 393216
90 1 122880 131072
768 1 204800 208896
771 1 208896 212992
769 1 425984 430080
143 1 393216 401408
768 1 212992 262144
769 1 131072 135168
769 2 434176 458752 458752 495616
771 2 221184 262144 262144 282624
533 1 348160 352256
340 1 372736 376832
261 2 315392 327680 327680 339968
261 1 475136 499712
924 1 147456 153088
803 1 217088 225280
877 1 114688 118784
386 2 389120 393216 393216 401408
912 1 417792 434176
214 1 200704 204800
803 1 286720 290816
807 1 270336 290816
858 1 393216 397312
1 1 167936 176128
340 1 376832 380928
813 1 253952 262144
723 6 0 65536 65536 131072 131072 196608 196608 262144 262144 327680 327680 393216
803 1 221184 225280
324 1 450560 454656
236 1 32768 36864
881 1 258048 262144
102 1 409600 417792
49 1 229376 233472
803 1 204800 212992
589 1 446464 450048
849 1 368640 385024
102 1 417792 421888
813 1 204800 208896
855 1 299008 303104
102 1 421888 430080
102 1 430080 434176
855 1 299008 303104
102 1 434176 442368
999 1 81920 102400
803 1 274432 282624
102 1 442368 446464
866 8 20480 65536 65536 131072 131072 196608 196608 262144 262144 327680 327680 393216 393216 458752 458752 524288
867 1 0 20480
775 1 421888 434176
803 1 270336 274432
803 1 200704 204800
813 1 204800 208896
668 1 114688 126976
4 1 389120 393216
813 1 262144 266240
311 1 93696 94208
116 1 323584 327680
116 1 327680 331776
54 1 516096 520192
291 1 348160 368640
813 1 319488 323584
240 1 487424 491520
116 1 331776 335872
813 1 262144 266240
54 1 516096 520192
116 1 335872 339968
809 1 196608 208896
992 1 0 4096
739 1 278528 282624
112 1 421888 430080
813 1 319488 327680
562 1 385024 393216
809 1 491520 495616
100 1 73728 77824
517 1 118784 121856
992 1 0 4096
742 1 458752 462848
96 1 380928 385024
37 1 290816 294912
226 1 282624 286720
208 1 40960 43520
99 1 61440 65536
813 1 258048 262144
809 1 491520 499712
559 1 348160 352256
322 1 442368 446464
985 2 122880 131072 131072 155648
803 1 245760 249856
142 7 114688 131072 131072 196608 196608 262144 262144 327680 327680 393216 393216 458752 458752 524288
143 2 0 65536 65536 102400
858 1 397312 401408
679 1 430080 442368
341 1 372736 380928
766 1 65536 131072
796 1 65536 69632
796 1 131072 135168
768 1 458752 524288
992 1 94208 131072
323 3 90112 131072 131072 196608 196608 225280
857 1 458752 524288
858 1 0 16384
769 1 0 12288
515 4 266240 327680 327680 393216 393216 458752 458752 524288
516 5 0 65536 65536 131072 131072 196608 196608 262144 262144 266240
516 4 266240 327680 327680 393216 393216 458752 458752 524288
517 5 0 65536 65536 131072 131072 196608 196608 262144 262144 266240
457 1 516096 524288
458 4 0 65536 65536 131072 131072 196608 196608 201216
517 4 266240 327680 327680 393216 393216 458752 458752 524288
518 5 0 65536 65536 131072 131072 196608 196608 262144 262144 266240
803 1 319488 327680
518 4 266240 327680 327680 393216 393216 458752 458752 524288
519 3 0 65536 65536 131072 131072 182784
457 5 143872 196608 196608 262144 262144 327680 327680 393216 393216 458752
522 1 253952 258048
665 3 373248 393216 393216 458752 458752 524288
666 6 0 65536 65536 131072 131072 196608 196608 262144 262144 327680 327680 373248
803 1 258048 262144
551 1 90112 94208
387 1 143360 147456
458 5 201216 262144 262144 327680 327680 393216 393216 458752 458752 524288
459 4 0 65536 65536 131072 131072 196608 196608 201216
803 1 323584 327680
666 3 373248 393216 393216 458752 458752 524288
667 6 0 65536 65536 131072 131072 196608 196608 262144 262144 327680 327680 373248
803 2 258048 262144 262144 270336
459 5 201216 262144 262144 327680 327680 393216 393216 458752 458752 524288
460 4 0 65536 65536 131072 131072 196608 196608 201216
55 1 389120 393216
13 1 237568 241664
46 2 176128 196608 196608 212992
374 1 397312 398848
437 1 32768 36864
783 1 86016 102400
217 1 299008 303104
27 1 393216 397312
180 1 499712 502784
943 1 36864 40960
436 1 458752 462848
246 1 249856 258048
64 1 417792 421888
9 1 270336 278528
285 2 426496 458752 458752 524288
286 7 0 65536 65536 131072 131072 196608 196608 262144 262144 327680 327680 393216 393216 426496
286 2 426496 458752 458752 524288
287 7 0 65536 65536 131072 131072 196608 196608 262144 262144 327680 327680 393216 393216 426496
813 1 204800 208896
782 1 81920 86016
418 1 462848 466944
98 1 462848 471040
98 1 471040 475136
96 1 512000 516096
997 1 0 4096
96 1 446464 450560
110 1 389120 393216
96 1 512000 516096
842 1 131072 180224
5 1 389120 393216
872 1 282624 286720
113 1 24576 28672
557 1 196608 245760
89 1 311296 315392
96 1 446464 450560
6 1 65536 81920
274 1 286720 294912
553 1 176128 180224
553 1 102400 114688
829 1 319488 323584
214 1 434176 438272
241 1 24576 28672
976 1 65536 122880
848 1 454656 458752
144 1 446464 450560
850 1 458752 475136
291 1 339968 356352
144 1 512000 516096
418 1 471040 472064
241 1 90112 98304
153 1 102400 106496
186 1 331776 339968
186 1 348160 352256
194 1 520192 524288
186 1 315392 327680
195 1 8192 12288
194 1 503808 512000
195 1 20480 24576
370 1 28672 40960
888 1 212992 241664
384 1 159744 163840
42 1 368640 376832
195 1 32768 40960
195 2 57344 65536 65536 69632
195 1 102400 106496
195 1 73728 90112
24 1 475136 491520
316 1 147456 163840
851 1 450560 458752
852 1 393216 401408
288 1 417792 425984
615 1 495616 499712
90 1 163840 172032
998 1 196608 212992
615 1 512000 520192
803 1 204800 208896
300 1 409600 421888
739 1 274432 286720
954 1 360448 393216
925 2 356352 393216 393216 401408
954 2 442368 458752 458752 462848
885 1 360448 364544
943 1 90112 98304
153 1 458752 462848
31 1 0 8192
64 1 417792 421888
926 2 418304 458752 458752 524288
927 7 0 65536 65536 131072 131072 196608 196608 262144 262144 327680 327680 393216 393216 418304
77 1 81920 86016
153 1 462848 466944
293 1 61440 65536
82 1 397312 401408
878 1 28672 32768
153 1 466944 471040
995 7 115200 131072 131072 196608 196608 262144 262144 327680 327680 393216 393216 458752 458752 524288
996 2 0 65536 65536 115200
101 1 12288 16384
514 2 167936 196608 196608 217088
77 2 258048 262144 262144 266240
77 1 266240 270336
72 1 286720 290816
72 1 274432 278528
741 1 3584 11776
883 1 393216 397312
883 1 417792 421888
883 1 458752 462848
633 1 450560 454656
939 2 61440 65536 65536 69632
904 1 335872 344064
737 1 520192 524288
738 1 0 8192
305 2 32768 65536 65536 98304
90 1 131072 135168
3 1 131072 176128
3 1 176128 180224
426 3 184320 196608 196608 262144 262144 319488
739 1 299008 307200
354 1 40960 45056
924 1 442368 446464
29 1 12288 16384
880 1 331776 335872
486 1 483328 487424
350 2 106496 131072 131072 135168
350 1 135168 139264
188 1 282624 286720
902 1 65536 131072
149 4 0 65536 65536 131072 131072 196608 196608 262144
539 1 208896 209408
246 1 258048 262144
875 1 348160 364544
288 2 426496 458752 458752 524288
289 7 0 65536 65536 131072 131072 196608 196608 262144 262144 327680 327680 393216 393216 426496
848 1 352256 368640
287 2 426496 458752 458752 524288
288 7 0 65536 65536 131072 131072 196608 196608 262144 262144 327680 327680 393216 393216 426496
232 1 299008 303104
292 1 225792 262144
803 1 270336 282624
941 1 413696 421888
941 1 466944 471040
75 1 151552 176128
75 1 176128 180224
348 1 282624 294912
75 1 344064 360448
931 1 40960 53248
813 1 253952 262144
145 1 290816 294912
301 1 278528 282624
813 1 323584 327680
813 1 286720 290816
55 1 139264 155648
619 1 49152 53248
734 1 479232 483328
210 1 151552 155648
475 1 430080 434176
883 1 106496 110592
872 1 303104 307200
549 1 4096 8192
66 1 483328 487424
120 1 258048 262144
739 1 479232 483328
240 1 475136 479232
66 1 495616 499712
813 1 270336 274432
813 1 270336 274432
961 1 94208 98304
113 1 16384 20480
110 1 389120 393216
476 1 163840 167936
161 1 245760 249856
160 1 229376 233472
704 1 348160 352256
476 1 167936 172032
342 1 422912 423424
240 1 417792 425984
418 1 196608 197120
342 1 423424 423936
291 1 278528 299008
137 1 221184 245760
137 1 245760 249856
291 1 299008 311296
9 1 499712 524288
10 1 0 40960
240 1 487424 491520
16 2 389120 393216 393216 430080
592 1 184320 192512
16 1 479232 499712
840 1 385024 389120
16 1 499712 503808
158 1 331264 332288
735 1 241664 253952
813 1 208896 212992
588 1 208896 221184
345 1 77824 86016
265 1 516096 520192
345 1 81920 86016
813 1 274432 278528
906 1 94208 114688
813 1 208896 212992
345 1 81920 86016
390 1 393216 397312
265 1 516096 520192
345 1 81920 86016
813 1 278528 282624
920 1 475136 479232
223 1 397312 401408
807 1 77824 81920
980 1 331776 339968
260 2 385024 393216 393216 417792
41 1 40960 61440
138 1 270336 274432
739 1 339968 344064
138 1 262144 266240
739 1 266240 270336
784 1 503808 507904
116 1 36864 45056
803 1 200704 204800
162 1 327680 335872
24 1 4096 8192
52 1 327680 344064
575 1 77824 90112
162 1 335872 339968
495 1 413696 414208
235 1 331776 344064
137 2 315392 327680 327680 352768
700 1 262144 315392
700 1 319488 327680
672 1 131072 196608
137 2 418304 458752 458752 524288
138 7 0 65536 65536 131072 131072 196608 196608 262144 262144 327680 327680 393216 393216 418304
672 1 327680 393216
245 1 16384 20480
138 2 418304 458752 458752 524288
139 1 0 57344
146 6 131072 196608 196608 262144 262144 327680 327680 393216 393216 458752 458752 492032
148 1 262144 282624
146 1 492032 524288
147 4 0 65536 65536 131072 131072 196608 196608 258048
147 5 258048 262144 262144 327680 327680 393216 393216 458752 458752 471552
148 4 294912 327680 327680 393216 393216 458752 458752 504320
147 1 471552 524288
148 4 0 65536 65536 131072 131072 196608 196608 262144
149 1 98816 102400
156 2 131072 196608 196608 217088
148 1 504320 524288
149 2 0 65536 65536 98816
813 1 225280 229376
575 1 167936 172032
749 2 102400 131072 131072 135168
803 1 270336 274432
0 1 421888 438272
883 1 401408 405504
962 2 323584 327680 327680 339968
78 1 323584 327680
883 1 466944 471040
848 1 409600 421888
848 1 368640 376832
436 1 462848 471040
943 1 40960 45056
288 1 401408 405504
305 1 98304 102400
671 1 176128 188416
125 3 131072 196608 196608 262144 262144 323584
223 1 397312 401408
223 1 389120 393216
506 1 368640 380928
220 1 45056 53248
130 1 155648 163840
860 2 368640 393216 393216 438272
859 3 368640 393216 393216 458752 458752 524288
860 6 0 65536 65536 131072 131072 196608 196608 262144 262144 327680 327680 368640
352 1 491520 495616
130 1 163840 167936
851 1 196608 229376
7 1 389120 393216
13 1 77824 90112
8 1 65536 81920
13 1 151552 159744
813 1 204800 208896
289 2 426496 458752 458752 524288
290 7 0 65536 65536 131072 131072 196608 196608 262144 262144 327680 327680 393216 393216 426496
291 2 426496 458752 458752 524288
292 4 0 65536 65536 131072 131072 196608 196608 225792
130 1 172032 180224
975 1 401408 405504
292 4 287232 327680 327680 393216 393216 458752 458752 524288
293 3 0 65536 65536 131072 131072 196608
883 1 487424 491520
434 1 426496 458752
813 1 200704 204800
813 1 270336 278528
290 2 426496 458752 458752 524288
291 7 0 65536 65536 131072 131072 196608 196608 262144 262144 327680 327680 393216 393216 426496
813 1 270336 274432
924 1 151552 155136
849 1 278528 282624
858 1 397312 401408
813 1 323584 327680
1 1 172032 180224
924 1 151552 157184
687 3 196608 262144 262144 327680 327680 335872
84 1 167936 172032
813 2 258048 262144 262144 266240
685 5 196608 262144 262144 327680 327680 393216 393216 458752 458752 524288
686 3 0 65536 65536 131072 131072 196608
225 1 274432 278528
813 1 204800 212992
858 1 393216 397312
292 1 487424 507904
1 1 269824 273920
124 1 475136 491520
327 2 258048 262144 262144 290816
813 1 270336 274432
813 1 200704 204800
77 1 221184 233472
225 1 290816 294912
373 1 208896 212992
606 1 147456 151552
373 1 274432 282624
333 1 249856 253952
664 1 155648 159744
467 1 167936 171520
562 1 380928 385024
539 1 176128 180224
803 1 274432 286720
948 1 446464 450560
766 1 303104 305664
373 1 212992 217088
515 1 262144 266240
638 1 212992 245760
638 1 245760 249856
259 2 95232 131072 131072 160768
715 1 36864 49152
448 3 286720 327680 327680 393216 393216 417792
25 1 344064 352256
239 3 184320 196608 196608 262144 262144 315392
741 3 290816 327680 327680 393216 393216 421888
885 1 143360 176128
922 1 520192 524288
923 1 0 45056
120 1 0 8192
176 1 307200 315392
687 1 237568 241664
845 1 57344 61440
128 1 397312 401408
989 1 483328 487424
989 1 475136 479232
175 1 516096 520192
312 1 229376 233472
195 2 118784 131072 131072 135168
198 1 86016 90112
195 1 49152 53248
198 1 65536 69632
195 1 94208 98304
198 1 40960 45056
817 1 8192 12288
198 1 49152 57344
553 1 499712 512000
198 1 102400 106496
6 1 462848 491520
52 1 479232 491520
398 1 90112 94208
345 1 81920 86016
286 1 151552 155648
568 1 167936 172032
212 1 114688 115712
94 1 249856 253952
666 1 471040 475136
846 1 319488 323584
507 1 446464 450560
591 1 86016 94208
451 1 491520 494592
52 1 495616 503808
497 1 274432 278528
285 1 434176 438272
860 1 196608 199680
846 2 237568 262144 262144 315392
813 1 212992 217088
345 1 81920 94208
664 1 327680 331776
83 1 266240 270336
82 1 397312 401408
654 2 393728 458752 458752 524288
655 6 0 65536 65536 131072 131072 196608 196608 262144 262144 327680 327680 328192
927 2 418304 458752 458752 524288
928 6 0 65536 65536 131072 131072 196608 196608 262144 262144 327680 327680 352768
65 1 114688 118784
83 1 270336 274432
996 1 115200 131072
116 1 339968 344064
116 1 344064 348160
813 1 319488 323584
43 1 0 4096
813 1 262144 266240
43 1 4096 8192
54 1 516096 520192
43 1 8192 12288
43 1 12288 16384
813 1 319488 327680
43 1 16384 20480
43 1 20480 24576
622 1 212992 233472
211 1 319488 327680
43 1 24576 28672
813 1 266240 270336
43 1 28672 32768
851 1 90112 92672
186 1 245760 249856
186 1 262144 274432
672 1 425984 434176
886 1 135168 139264
595 1 335872 339968
119 1 262144 282624
683 1 69632 73728
431 1 225280 229376
111 1 512000 516096
266 1 208896 221184
214 1 430080 434176
177 1 290816 294912
144 1 446464 450560
144 1 512000 520192
418 1 471040 472064
809 1 503808 507904
362 1 253952 258048
992 1 0 4096
181 1 356352 360448
813 1 323584 327680
248 1 151552 155648
809 1 491520 495616
248 1 159744 163840
606 1 454656 458752
228 1 188416 192512
91 1 348672 351744
575 1 90112 94208
89 1 241664 245760
27 3 352768 393216 393216 458752 458752 524288
28 6 0 65536 65536 131072 131072 196608 196608 262144 262144 327680 327680 352768
575 1 98304 110592
436 1 471040 475136
203 2 122880 131072 131072 132096
943 1 36864 40960
331 1 225280 241664
78 2 323584 327680 327680 335872
436 1 475136 487424
972 1 368640 372736
972 1 290816 311296
972 1 331776 335872
343 1 315392 327680
686 5 196608 262144 262144 327680 327680 393216 393216 458752 458752 524288
687 3 0 65536 65536 131072 131072 196608
803 1 286720 299008
849 1 278528 282624
195 1 479232 483328
923 1 106496 122880
195 1 491520 495616
969 1 274432 278528
787 3 344064 393216 393216 458752 458752 475136
172 1 131072 135168
169 1 24576 28672
170 1 233472 237568
172 1 94208 98304
888 2 253952 262144 262144 299008
877 1 262144 266240
96 1 417792 421888
877 1 253952 258048
229 1 278528 299008
763 1 507904 516096
589 1 258048 262144
610 1 176128 184320
301 1 499712 503808
893 1 352256 356352
452 1 49152 53248
143 7 102400 131072 131072 196608 196608 262144 262144 327680 327680 393216 393216 458752 458752 524288
144 1 0 36864
371 1 98304 102400
803 1 311296 315392
358 1 53248 57344
376 1 319488 327680
372 1 491520 495616
383 1 167936 172032
144 1 102400 131072
803 1 245760 253952
167 1 114688 118784
553 1 442368 446464
167 1 425984 430080
198 1 94208 98304
817 1 16384 20480
185 1 53248 57344
167 1 217088 221184
725 1 442368 446464
592 2 446464 458752 458752 479232
167 1 208896 212992
167 1 450560 454656
42 1 376832 380928
561 1 188416 192512
902 2 196608 262144 262144 327680
902 2 393216 458752 458752 524288
126 4 262144 327680 327680 393216 393216 458752 458752 524288
127 3 0 65536 65536 131072 131072 196608
450 1 196608 262144
126 1 196608 262144
0 1 196608 204800
831 1 245760 249856
813 1 204800 208896
61 1 237568 253952
158 1 413696 417792
549 1 102400 106496
813 1 270336 282624
40 1 69632 73728
109 1 368640 376832
109 1 376832 380928
61 1 253952 262144
62 1 0 12288
813 1 212992 221184
803 1 204800 217088
895 1 163840 167936
924 1 155648 158720
476 1 245760 249856
702 1 458752 466944
0 1 208896 212992
719 1 131072 135168
636 1 479232 483328
83 1 393216 397312
424 1 28672 32768
972 3 159744 196608 196608 262144 262144 290816
813 1 270336 274432
1 1 176128 180224
862 1 0 4096
923 2 122880 131072 131072 155648
175 1 90112 94208
64 1 258048 262144
701 1 167936 176128
768 1 241664 245760
773 1 40960 43520
497 1 311296 327680
895 1 20480 24576
591 1 446464 450560
265 1 516096 520192
608 1 208896 212992
276 1 32768 36864
345 1 86016 90112
635 1 188416 196608
3 1 327680 331776
813 1 278528 282624
345 1 86016 90112
561 1 98304 110592
636 1 290816 294912
107 1 331776 352256
256 1 417792 454656
877 1 495616 499712
953 1 114688 118784
31 1 8192 12288
153 1 471040 475136
328 3 32768 65536 65536 131072 131072 184832
171 1 315392 323584
813 1 258048 262144
282 1 323584 327680
301 1 278528 282624
252 2 241152 262144 262144 270336
813 1 323584 327680
963 1 204800 212992
138 1 335872 344064
292 1 462848 475136
291 1 356352 364544
214 1 434176 438272
969 1 307200 311296
91 1 339968 344064
808 1 483328 487424
315 1 184320 188416
91 1 315392 319488
667 1 467456 471040
667 3 373248 393216 393216 458752 458752 467456
803 1 331776 335872
674 4 98304 131072 131072 196608 196608 262144 262144 266752
673 3 360448 393216 393216 458752 458752 524288
674 2 0 65536 65536 94208
508 1 458752 462848
504 1 94208 98304
630 1 143360 151552
496 1 4096 8192
160 1 344064 380928
160 1 380928 385024
803 1 266240 270336
162 1 417792 421888
460 5 201216 262144 262144 327680 327680 393216 393216 458752 458752 524288
461 4 0 65536 65536 131072 131072 196608 196608 201216
55 1 389120 393216
803 1 331776 335872
674 4 266752 327680 327680 393216 393216 458752 458752 524288
675 5 0 65536 65536 131072 131072 196608 196608 262144 262144 266752
551 1 90112 94208
909 1 12288 16384
461 5 201216 262144 262144 327680 327680 393216 393216 458752 458752 524288
462 4 0 65536 65536 131072 131072 196608 196608 201216
326 1 360448 364544
326 1 348160 352256
547 1 507904 516096
883 1 483328 487424
738 2 32768 65536 65536 98304
819 1 172032 176128
668 1 208896 245760
519 1 176128 178688
738 1 98304 102400
661 1 212992 241664
883 1 393216 397312
357 1 348160 350720
883 1 458752 462848
883 1 417792 421888
177 1 90112 98304
127 1 0 4096
761 2 114688 131072 131072 167936
129 1 4096 12288
136 1 77824 86016
769 2 352256 393216 393216 434176
136 1 86016 90112
938 1 413696 421888
259 1 77824 81920
938 1 262144 278528
216 1 20480 32768
686 2 311296 327680 327680 331776
316 1 163840 172032
316 1 368640 380928
852 1 401408 421888
896 1 77824 90112
130 1 180224 184320
862 1 143360 155648
28 1 356352 364544
745 1 278528 282624
28 1 364544 368640
998 1 212992 233472
745 1 278528 282624
803 1 270336 274432
745 1 278528 282624
256 1 323584 327680
807 1 446464 454656
336 1 454656 458752
297 1 491520 499712
467 1 192512 196608
186 1 299008 311296
561 1 200704 204800
467 1 200704 204800
561 1 172032 184320
561 1 208896 212992
467 1 208896 212992
473 3 49152 65536 65536 131072 131072 135168
473 4 139264 196608 196608 262144 262144 327680 327680 352256
813 1 200704 204800
96 1 512000 516096
110 1 389120 393216
96 1 446464 454656
803 1 282624 286720
358 1 520192 524288
110 1 389120 393216
863 1 327680 335872
96 1 516096 520192
851 1 139264 143360
110 1 389120 393216
998 1 331776 352256
851 2 24576 65536 65536 73728
803 1 217088 225280
96 1 450560 454656
851 1 143360 147456
96 1 516096 520192
100 1 262144 266240
408 1 147456 151552
100 1 233472 241664
226 1 368640 372736
144 6 143360 196608 196608 262144 262144 327680 327680 393216 393216 458752 458752 524288
145 2 0 65536 65536 114688
383 1 208896 212992
943 1 421376 425472
556 1 499712 524288
557 8 0 65536 65536 131072 131072 196608 196608 262144 262144 327680 327680 393216 393216 458752 458752 499712
557 1 499712 524288
558 8 0 65536 65536 131072 131072 196608 196608 262144 262144 327680 327680 393216 393216 458752 458752 499712
12 1 65536 69632
803 1 315392 323584
949 2 61440 65536 65536 73728
941 1 507904 524288
942 1 0 4096
0 1 438272 458752
683 1 65536 69632
951 1 319488 323584
803 1 204800 208896
975 1 479232 524288
976 2 0 65536 65536 73728
245 1 360448 368640
245 1 368640 372736
310 1 208896 212992
26 1 217088 225280
168 1 315392 323584
43 1 32768 36864
179 1 8192 10752
43 1 36864 40960
43 1 40960 45056
54 1 516096 520192
813 1 323584 327680
728 1 12288 16384
813 1 266240 270336
728 1 20480 24576
728 1 24576 28672
21 1 372736 380928
0 1 483328 487424
863 1 188416 192512
5 1 28672 32768
902 1 225280 229376
4 1 495616 499712
983 1 241664 245760
478 1 172032 180224
912 1 372736 380928
118 1 192512 196608
7 1 86016 90112
575 1 110592 114688
89 1 245760 249856
575 1 114688 126976
680 1 307200 311296
276 1 36864 40960
813 1 212992 217088
205 1 339968 360448
345 1 86016 90112
46 1 36864 45056
335 1 299008 303104
451 1 491520 494592
628 1 356352 360448
345 1 86016 94208
714 1 475136 483328
265 1 516096 520192
175 1 94208 98304
813 1 208896 221184
682 1 356352 364544
813 1 278528 282624
996 6 159744 196608 196608 262144 262144 327680 327680 393216 393216 458752 458752 524288
997 3 0 65536 65536 131072 131072 143872
327 6 152064 196608 196608 262144 262144 327680 327680 393216 393216 458752 458752 524288
929 2 106496 131072 131072 188416
724 1 352256 353792
928 2 418304 458752 458752 524288
929 2 0 65536 65536 102400
83 1 266240 270336
788 1 495616 498688
925 1 495616 503808
850 1 425984 442368
587 1 73728 77824
410 1 106496 110592
609 1 110592 115200
938 1 446464 450560
608 7 111104 131072 131072 196608 196608 262144 262144 327680 327680 393216 393216 458752 458752 524288
609 2 0 65536 65536 106496
718 1 131072 143360
223 1 393216 397312
668 1 196608 200704
609 1 115200 131072
668 1 217088 221184
223 1 389120 393216
609 6 172032 196608 196608 262144 262144 327680 327680 393216 393216 458752 458752 524288
610 3 0 65536 65536 131072 131072 156160
43 1 36864 57344
973 1 315392 327680
0 1 16384 20480
328 1 0 4096
433 1 114688 118784
389 1 98304 102400
877 1 262144 266240
171 1 278528 299008
259 3 348672 393216 393216 458752 458752 524288
260 6 0 65536 65536 131072 131072 196608 196608 262144 262144 327680 327680 348672
8 1 12288 16384
128 1 450560 454656
877 1 327680 348160
877 1 278528 282624
260 3 348672 393216 393216 458752 458752 524288
261 6 0 65536 65536 131072 131072 196608 196608 262144 262144 327680 327680 348672
930 1 28672 65536
877 1 344064 368640
740 1 335872 339968
657 1 335872 344064
427 1 86016 90112
697 1 360448 364544
659 2 376832 393216 393216 458752
659 1 458752 462848
775 1 458752 462848
753 1 110592 114688
659 1 462848 516096
659 1 516096 520192
753 1 110592 114688
659 1 520192 524288
660 1 0 40960
660 1 40960 45056
356 1 65536 81920
54 1 483328 491520
54 1 491520 495616
471 6 151552 196608 196608 262144 262144 327680 327680 393216 393216 458752 458752 524288
472 3 0 65536 65536 131072 131072 135168
888 1 241664 245760
467 1 241664 245760
153 1 339968 344064
467 1 221184 225280
209 1 310784 314880
209 1 310784 314880
96 1 421888 425984
139 1 262144 282624
139 1 282624 294912
96 1 487424 491520
814 1 323584 327680
803 1 204800 208896
5 1 131072 143360
803 1 200704 204800
5 1 143360 147456
4 1 520192 524288
5 1 196608 208896
803 1 270336 274432
49 1 487424 507904
432 1 36864 40960
654 1 348160 360448
354 1 475136 507904
381 1 167936 196608
95 1 376832 380928
432 1 45056 49152
381 1 262144 266240
972 1 368640 372736
813 1 258048 262144
963 1 212992 217088
397 2 427008 458752 458752 524288
398 2 0 65536 65536 81920
138 1 344064 348160
858 1 393216 397312
301 1 278528 282624
858 1 397312 401408
813 1 323584 327680
55 1 155648 176128
932 1 478720 486912
50 1 155136 167424
745 1 278528 286720
292 1 507904 520192
745 1 282624 286720
855 1 299008 303104
102 1 446464 454656
102 1 454656 458752
855 1 299008 303104
102 1 458752 466944
813 1 204800 208896
637 1 53248 56320
102 1 466944 471040
855 1 299008 303104
102 1 471040 479232
102 1 479232 483328
855 1 299008 303104
102 1 483328 491520
102 1 491520 495616
606 1 401408 413696
858 1 397312 401408
813 1 274432 278528
883 1 393216 397312
606 1 413696 417792
567 1 307200 311296
924 1 155648 160768
52 1 237568 258048
883 1 389120 393216
813 1 196608 200704
567 1 520192 524288
912 1 434176 438272
318 1 466944 471040
769 1 0 2048
445 1 331776 335872
813 1 262144 266240
284 1 438272 442368
562 1 167936 176128
67 2 53248 65536 65536 86016
128 1 483328 487424
64 1 425984 438272
197 1 294912 315392
337 1 28672 53248
64 1 483328 491520
64 1 421888 425984
64 1 487424 491520
64 1 421888 425984
592 1 299008 323584
673 1 61440 65536
670 1 176128 177664
64 1 487424 491520
902 1 225280 229376
478 1 176128 180224
604 1 343552 347648
80 1 32256 36352
604 1 318976 323072
118 1 372224 376320
1 1 265728 269824
947 2 385024 393216 393216 454656
111 1 512000 516096
144 1 450560 454656
418 1 471040 472064
76 1 356352 368640
144 1 516096 520192
214 1 430080 434176
849 1 90112 110592
507 1 262144 266240
632 1 192512 194048
632 1 188416 192000
506 1 270336 303104
803 1 204800 208896
843 1 282624 303104
8 1 81920 94208
13 5 200704 262144 262144 327680 327680 393216 393216 458752 458752 524288
14 1 0 4096
507 1 274432 299008
506 1 311296 327680
706 1 69632 117248
383 1 499712 503808
35 1 114688 131072
384 1 208896 212992
323 2 421888 458752 458752 524288
145 2 114688 131072 131072 151552
418 1 147456 151552
224 2 446464 458752 458752 462848
483 1 278528 282624
69 1 380928 385024
397 1 471040 475136
69 1 393216 397312
75 1 360448 380928
444 1 90112 110592
293 5 196608 262144 262144 327680 327680 393216 393216 458752 458752 524288
294 3 0 65536 65536 131072 131072 196608
782 1 81920 86016
294 5 196608 262144 262144 327680 327680 393216 393216 458752 458752 524288
295 3 0 65536 65536 131072 131072 196608
769 1 90112 94208
209 1 86016 90112
295 5 196608 262144 262144 327680 327680 393216 393216 458752 458752 524288
296 3 0 65536 65536 131072 131072 196608
149 1 151552 159744
443 1 462848 471040
848 1 434176 454656
867 1 4096 8192
962 1 339968 356352
436 1 487424 491520
943 1 40960 45056
203 1 143360 152576
883 1 401408 405504
11 1 290816 299008
943 1 36864 40960
11 1 299008 303104
331 1 241664 262144
854 1 77824 94208
679 1 323584 327680
510 1 4096 8192
186 1 126976 131072
3 1 126976 131072
188 1 286720 290816
682 1 200704 208896
4 1 65536 77824
371 1 274432 282624
682 1 208896 212992
276 1 376832 377856
698 1 315392 319488
584 2 282624 327680 327680 335872
476 1 450560 454656
28 3 352768 393216 393216 458752 458752 524288
29 6 0 65536 65536 131072 131072 196608 196608 262144 262144 327680 327680 352768
91 1 351744 355840
64 1 483328 487424
420 1 512000 516096
575 1 126976 131072
713 2 450560 458752 458752 524288
714 1 0 65536
153 1 372736 376832
153 2 323584 327680 327680 331776
153 1 356352 364544
153 1 303104 315392
931 1 114688 122880
153 1 348160 352256
822 1 400896 409088
986 1 15872 19968
25 1 28672 32768
948 1 200192 204288
842 2 311296 327680 327680 356352
883 1 458752 462848
114 1 450048 454144
21 1 380928 385024
54 1 516096 520192
813 1 323584 327680
728 1 28672 32768
728 1 86016 90112
728 1 90112 94208
842 1 356352 360448
80 1 69120 73216
296 5 196608 262144 262144 327680 327680 393216 393216 458752 458752 524288
297 3 0 65536 65536 131072 131072 196608
276 1 32768 36864
48 1 487424 491520
158 1 319488 320512
682 1 368640 372736
159 1 61440 65536
74 1 360448 361472
345 1 90112 94208
921 1 344064 352256
813 1 212992 217088
345 1 90112 94208
404 1 319488 323584
91 1 262144 278528
276 1 36864 40960
265 1 516096 520192
297 1 40960 45056
872 1 180224 188416
558 1 4096 12288
7 1 176128 180224
170 1 159744 163840
813 1 270336 274432
894 1 159744 163840
244 1 172032 176128
904 1 401408 405504
603 1 32768 49152
591 1 413696 430080
848 1 221184 241664
833 1 327680 331776
603 2 114688 131072 131072 147456
95 1 368640 376832
244 1 184320 188416
244 1 253952 262144
603 1 147456 151552
229 1 299008 311296
848 1 241664 245760
848 1 278528 286720
972 1 360448 364544
381 1 266240 270336
286 1 126976 131072
158 1 32768 36864
158 1 40960 45056
432 1 397312 401408
729 1 315392 319488
247 1 454656 458752
247 1 450560 454656
729 1 327680 331776
80 1 372736 380928
130 1 8192 16384
878 1 28672 32768
209 1 372736 389120
153 1 475136 483328
948 4 196608 262144 262144 327680 327680 393216 393216 430592
655 2 393728 458752 458752 524288
656 7 0 65536 65536 131072 131072 196608 196608 262144 262144 327680 327680 393216 393216 393728
874 1 454656 458752
130 1 16384 20480
328 3 184832 196608 196608 262144 262144 299008
997 6 143872 196608 196608 262144 262144 327680 327680 393216 393216 458752 458752 524288
998 3 0 65536 65536 131072 131072 143872
426 1 110592 114688
989 2 258048 262144 262144 266240
803 1 253952 258048
384 1 262144 266240
420 1 278528 282624
145 6 155648 196608 196608 262144 262144 327680 327680 393216 393216 458752 458752 524288
146 2 0 65536 65536 118784
386 1 36864 40960
658 1 274432 290816
883 1 393216 397312
622 1 483328 524288
196 1 73728 77824
658 1 290816 311296
813 1 270336 274432
5 1 454656 458752
883 1 483328 487424
903 2 131072 196608 196608 262144
149 4 262144 327680 327680 393216 393216 458752 458752 524288
150 4 0 65536 65536 131072 131072 196608 196608 262144
853 4 262144 327680 327680 393216 393216 458752 458752 524288
854 4 0 65536 65536 131072 131072 196608 196608 262144
278 1 442368 446464
855 4 262144 327680 327680 393216 393216 458752 458752 524288
856 3 0 65536 65536 131072 131072 172032
488 1 135168 143360
854 4 262144 327680 327680 393216 393216 458752 458752 524288
855 4 0 65536 65536 131072 131072 196608 196608 262144
48 3 118784 131072 131072 196608 196608 203776
26 1 225280 229376
503 3 118784 131072 131072 196608 196608 210944
169 1 520192 524288
170 1 0 11264
996 1 151552 159744
848 1 307200 323584
282 1 208896 212992
265 1 258048 262144
297 5 196608 262144 262144 327680 327680 393216 393216 458752 458752 524288
298 3 0 65536 65536 131072 131072 196608
848 1 368640 376832
848 1 409600 421888
298 5 196608 262144 262144 327680 327680 393216 393216 458752 458752 524288
299 3 0 65536 65536 131072 131072 196608
435 1 327680 331776
300 4 196608 262144 262144 327680 327680 393216 393216 458752
236 1 335872 344064
951 1 360448 368640
299 5 196608 262144 262144 327680 327680 393216 393216 458752 458752 524288
300 3 0 65536 65536 131072 131072 196608
334 1 143360 145920
896 1 151552 167936
829 1 278528 299008
416 1 0 65536
539 1 208896 209408
883 1 421888 425984
80 1 32256 36352
384 1 478720 482816
955 1 470528 474624
955 1 445952 450048
604 1 310784 318976
689 1 335360 339456
129 1 331264 335360
745 1 282624 286720
745 1 282624 286720
803 1 266240 270336
676 3 110592 131072 131072 196608 196608 221696
675 4 266752 327680 327680 393216 393216 458752 458752 524288
676 2 0 65536 65536 90112
188 1 94208 98304
646 2 65536 131072 131072 135168
61 1 98304 102400
46 1 516096 520192
41 2 253952 262144 262144 270336
462 5 201216 262144 262144 327680 327680 393216 393216 458752 458752 524288
463 4 0 65536 65536 131072 131072 196608 196608 201216
215 1 143360 147456
41 1 270336 274432
171 2 376832 393216 393216 397312
803 1 270336 274432
676 4 287232 327680 327680 393216 393216 458752 458752 524288
677 5 0 65536 65536 131072 131072 196608 196608 262144 262144 287232
188 1 94208 106496
463 3 201216 262144 262144 327680 327680 364544
508 1 32768 34816
813 1 204800 221184
111 1 512000 516096
813 1 208896 221184
144 1 450560 454656
675 1 221184 223744
144 1 516096 520192
153 1 389120 393216
170 1 12288 16384
153 1 434176 446464
685 1 81920 86016
384 1 163840 167936
153 1 380928 385024
837 1 385024 389120
153 1 409600 413696
153 1 466944 475136
437 1 32768 53248
813 1 294912 299008
685 1 90112 94208
153 1 417792 430080
962 1 356352 372736
883 1 466944 475136
203 1 163840 173056
943 1 40960 45056
137 1 302592 314880
115 1 81408 85504
955 1 343552 347648
604 1 294400 298496
604 1 286208 290304
604 2 327168 327680 327680 331264
604 1 335360 339456
758 1 192000 196096
118 1 192512 196608
118 1 487424 491520
883 1 393216 405504
867 1 12288 16384
804 1 454656 458752
980 1 335872 339968
391 1 94208 102400
23 1 364544 372736
531 1 126976 131072
440 1 471040 475136
23 1 372736 376832
531 1 159744 163840
575 1 286720 290816
371 1 282624 286720
463 1 376832 380928
249 1 253952 258048
249 1 225280 229376
751 1 434176 446464
224 1 380928 385024
719 1 352256 385024
91 1 376832 380928
995 1 495616 499712
369 1 106496 110592
109 1 299008 303104
128 1 446464 450560
112 1 282624 286720
778 1 290816 303104
116 1 421888 425984
873 1 421888 425984
188 1 286720 290816
226 1 368640 372736
327 7 65536 131072 131072 196608 196608 262144 262144 327680 327680 393216 393216 458752 458752 524288
328 1 0 65536
389 1 376832 380928
803 1 319488 323584
500 1 229376 258048
946 1 86016 90112
938 1 516096 520192
777 1 176128 180224
803 1 204800 208896
924 1 208896 212992
926 1 446464 450560
432 1 520192 524288
83 1 270336 274432
856 1 24576 28672
316 1 352256 354304
328 4 303104 327680 327680 393216 393216 458752 458752 524288
329 3 0 65536 65536 131072 131072 188928
256 1 454656 458752
977 1 180224 184320
80 1 380928 385024
153 1 483328 487424
67 1 339968 356352
24 1 458752 462848
110 1 389120 393216
96 1 450560 454656
96 1 516096 520192
998 1 352256 364544
243 1 311296 327680
110 1 389120 393216
654 1 106496 110592
110 1 389120 393216
96 1 450560 454656
96 1 516096 524288
110 1 389120 393216
67 1 356352 376832
364 1 69632 73728
584 1 335872 339968
474 1 151552 163840
89 1 241664 245760
575 1 131072 143360
197 1 278528 299008
575 1 143360 147456
463 1 512000 516096
139 1 65536 131072
852 1 376832 385024
614 1 98304 118784
852 1 385024 389120
721 3 0 65536 65536 131072 131072 196608
614 1 118784 122880
420 1 356352 376832
813 1 208896 217088
45 1 499712 507904
236 1 344064 348160
268 1 241664 245760
292 1 262144 287232
77 1 483328 487424
434 1 393216 426496
896 1 98304 102400
666 2 192512 196608 196608 212992
941 1 77824 94208
735 1 475136 479232
894 1 8192 12288
735 1 487424 491520
153 1 479232 491520
837 1 360448 364544
434 1 499712 524288
435 3 0 65536 65536 131072 131072 163840
170 1 53248 61440
182 1 491520 495616
170 1 20480 40960
170 1 81920 86016
893 1 520192 524288
248 1 270336 274432
460 2 377856 393216 393216 443392
7 1 65536 81920
8 1 12288 16384
993 1 159744 163840
191 1 253952 258048
741 1 7680 11776
28 1 81920 86016
28 2 94208 131072 131072 147456
770 1 49152 53248
322 2 73728 131072 131072 147456
15 1 503808 524288
16 1 0 24576
894 1 278528 282624
443 1 356352 360448
269 2 184320 196608 196608 249856
5 1 184320 188416
427 2 241664 262144 262144 307200
28 1 212992 221184
5 2 249856 262144 262144 307200
467 1 12288 16384
956 1 360448 364544
247 1 458752 462848
467 1 20480 24576
851 1 253952 258048
970 1 299008 303104
970 1 307200 311296
521 1 278528 282624
428 1 12288 16384
432 1 499712 507904
957 1 409600 413696
445 1 344064 348160
318 1 499712 507904
924 1 159744 162816
129 2 389120 393216 393216 397312
451 1 61440 65536
858 1 393216 397312
129 1 397312 401408
649 1 273920 278016
558 1 188416 190464
924 1 159744 164864
858 1 397312 401408
924 1 163840 164864
717 1 131072 196608
403 1 192512 196608
858 1 393216 397312
165 1 372736 393216
501 1 122880 126976
664 1 409600 413696
664 1 466944 471040
571 2 122880 131072 131072 147456
571 1 147456 151552
165 1 393216 405504
448 1 143360 147456
441 1 229376 231424
265 1 81920 86528
210 1 249856 258048
210 1 258048 262144
72 1 352256 360448
477 1 4096 12288
404 1 167936 188416
72 1 360448 364544
891 2 294912 327680 327680 344064
158 1 332288 333312
158 1 333312 334336
158 1 334336 335360
158 1 335360 336384
158 1 336384 337408
158 1 337408 338432
588 1 36864 49152
115 1 512000 524288
116 1 0 53248
491 1 376832 380928
3 1 188416 192512
231 1 114688 122880
111 1 512000 516096
156 5 221184 262144 262144 327680 327680 393216 393216 458752 458752 524288
157 1 0 12800
157 8 12800 65536 65536 131072 131072 196608 196608 262144 262144 327680 327680 393216 393216 458752 458752 524288
158 1 0 12800
110 1 24576 45056
158 1 12800 40960
68 1 495616 512000
183 2 249856 262144 262144 315392
183 1 512000 524288
184 2 0 65536 65536 118784
184 2 184320 196608 196608 249856
184 2 315392 327680 327680 380928
800 2 319488 327680 327680 352256
184 1 512000 524288
185 1 0 53248
185 3 118784 131072 131072 196608 196608 221696
185 1 221696 249856
110 1 45056 53248
813 1 270336 282624
