#StripeID,rangenumber,BlockOffsetStart,BlockOffsetEnd
924 1 360448 389632
355 1 106496 107520
220 1 217088 225280
513 1 425984 427520
512 1 106496 108032
833 2 184320 196608 196608 204800
625 1 454656 458752
138 1 360448 364544
747 1 487424 524288
748 1 0 8192
748 1 8192 12288
973 2 311296 327680 327680 385024
973 3 385024 393216 393216 458752 458752 516096
858 1 397312 401408
858 1 389120 393216
785 1 360448 380928
223 1 397312 401408
223 1 385024 389120
517 2 364544 393216 393216 397312
898 2 253952 262144 262144 270336
223 1 393216 397312
223 1 385024 389120
364 2 12288 65536 65536 77824
803 1 270336 274432
803 1 196608 200704
549 1 503808 504320
813 1 315392 319488
121 1 188416 192512
635 6 131072 196608 196608 262144 262144 327680 327680 393216 393216 458752 458752 524288
636 2 0 65536 65536 131072
636 6 131072 196608 196608 262144 262144 327680 327680 393216 393216 458752 458752 524288
637 2 0 65536 65536 131072
638 6 131072 196608 196608 262144 262144 327680 327680 393216 393216 458752 458752 524288
639 2 0 65536 65536 131072
10 1 131072 196608
385 1 218624 219136
276 1 188416 192512
287 1 335872 339968
431 1 339968 344064
757 1 208896 212992
637 6 131072 196608 196608 262144 262144 327680 327680 393216 393216 458752 458752 524288
638 2 0 65536 65536 131072
927 1 339968 348160
757 1 225280 229376
172 1 118784 122880
639 6 131072 196608 196608 262144 262144 327680 327680 393216 393216 458752 458752 524288
640 2 0 65536 65536 131072
235 1 397312 401408
5 1 196608 262144
813 1 520192 524288
814 1 0 20480
224 1 495616 503808
166 1 180224 184320
50 1 40960 45056
279 2 290816 327680 327680 368640
506 1 110592 111616
712 1 364544 368640
64 1 224256 228352
887 1 0 4096
50 1 360448 364544
661 1 389120 393216
90 1 139264 151552
130 1 155648 159744
63 1 475136 503808
465 1 335872 380928
465 1 385024 393216
465 1 393216 397312
179 1 458752 466944
179 1 466944 471040
219 1 77824 81920
31 1 450560 454656
129 1 258048 262144
920 1 245760 249856
813 1 229376 233472
18 3 328192 393216 393216 458752 458752 524288
19 6 0 65536 65536 131072 131072 196608 196608 262144 262144 327680 327680 328192
406 1 340480 344064
176 1 454656 458752
101 1 167424 168960
947 1 139264 147456
846 1 139264 143360
473 1 262144 266240
724 1 495616 499712
278 1 270336 274432
608 1 352256 356352
925 1 319488 323584
608 1 360448 364544
724 1 479232 487424
742 1 458752 462848
418 1 307200 311296
925 1 307200 311296
468 1 159744 163840
153 1 480256 481280
216 7 111104 131072 131072 196608 196608 262144 262144 327680 327680 393216 393216 458752 458752 524288
217 1 0 65536
159 1 368640 372736
153 1 481280 482304
883 1 425984 430080
217 7 115200 131072 131072 196608 196608 262144 262144 327680 327680 393216 393216 458752 458752 524288
218 2 0 65536 65536 115200
893 1 61440 61952
137 2 208896 262144 262144 274432
92 1 176128 184320
893 1 69632 70144
138 2 208896 262144 262144 274432
139 1 143360 164352
893 1 77824 78336
343 1 475136 479232
128 1 335872 339968
139 2 164352 196608 196608 208896
515 1 118784 122880
259 1 98304 102400
259 1 122880 126976
345 1 348160 352256
701 1 172032 176128
885 1 425984 430080
548 1 217088 221184
164 2 192512 196608 196608 200704
93 1 377856 378368
349 1 118784 122880
890 1 106496 122880
803 1 270336 282624
564 1 475648 524288
565 8 0 65536 65536 131072 131072 196608 196608 262144 262144 327680 327680 393216 393216 458752 458752 475648
418 1 188416 192512
686 2 454656 458752 458752 491520
981 1 233472 236032
2 1 19968 20992
940 1 229376 233472
459 2 194560 196608 196608 198144
855 1 307200 327680
237 1 475136 483328
300 1 151552 155648
649 1 233472 237568
237 1 483328 487424
621 1 143360 147456
846 1 0 4096
813 1 262144 266240
854 1 98304 102400
846 1 0 4096
522 1 118784 122880
664 1 503296 507392
263 1 139264 143360
813 1 200704 204800
161 1 212992 217088
161 1 204800 208896
263 1 0 12288
741 1 491520 512000
460 1 184320 196608
263 2 380928 393216 393216 401408
226 2 409600 458752 458752 524288
227 7 0 65536 65536 131072 131072 196608 196608 262144 262144 327680 327680 393216 393216 409600
218 3 208896 262144 262144 327680 327680 344576
700 1 208896 233472
355 1 438272 442368
734 1 40960 65536
120 1 135168 139264
734 1 65536 69632
994 1 118784 122880
24 1 475136 479232
25 1 16384 20480
684 1 512000 516096
24 1 475136 483328
25 1 20480 24576
658 1 278528 282624
658 1 303104 307200
738 1 45056 45568
952 1 380928 383488
112 1 487424 491520
316 1 167936 172032
729 1 212992 221184
316 1 98304 102400
37 2 389120 393216 393216 409600
51 2 315392 327680 327680 348160
738 1 45568 46080
61 1 495616 503808
112 1 421888 425984
883 1 425984 430080
93 1 77824 81920
985 1 294912 295936
120 1 94208 98304
13 1 221184 225280
733 1 331776 344064
352 1 49152 53248
337 1 237568 241664
725 1 169984 171520
838 1 507904 512000
338 1 487424 491520
986 1 167936 172032
986 1 176128 180224
180 1 155648 172032
864 1 20480 24576
516 1 167936 172032
83 1 307200 323584
523 1 491520 495616
526 1 135168 139264
0 1 196608 200704
154 1 466944 471040
537 1 90112 98304
154 1 65536 73728
155 1 12288 16384
196 1 425984 430080
537 1 413696 442368
154 1 151552 155648
377 1 368640 372736
377 1 471040 475136
843 1 241664 262144
204 1 335872 344064
546 1 282624 286720
92 1 184320 188416
140 2 77824 131072 131072 143360
142 2 208896 262144 262144 274432
386 1 28672 32768
669 1 339968 348160
402 1 372736 373760
70 1 356352 360448
146 1 4096 8192
363 1 126976 131072
640 6 131072 196608 196608 262144 262144 327680 327680 393216 393216 458752 458752 524288
641 2 0 65536 65536 131072
642 4 131072 196608 196608 262144 262144 327680 327680 393216
641 6 131072 196608 196608 262144 262144 327680 327680 393216 393216 458752 458752 524288
642 2 0 65536 65536 131072
11 1 327680 393216
8 1 458752 487936
233 1 102400 106496
927 1 348160 352256
634 1 196608 217600
438 1 4096 53248
436 1 385024 389120
750 8 28672 65536 65536 131072 131072 196608 196608 262144 262144 327680 327680 393216 393216 458752 458752 524288
751 1 0 28672
12 1 262144 312832
208 1 409600 413696
213 1 497152 498176
875 1 380928 385024
893 1 512000 516096
438 1 368640 372736
875 1 380928 389120
893 1 516096 524288
894 1 0 4096
504 1 417792 421888
872 1 454656 458752
987 1 131072 135168
877 1 266240 270336
192 1 229376 249856
615 1 262144 266240
515 1 181760 182272
551 1 231424 241664
917 1 380928 385024
928 1 199680 200192
336 1 439296 439808
858 1 393216 397312
696 1 438272 441856
999 1 135168 138240
101 1 168960 171008
258 1 81920 106496
985 1 4096 57344
469 1 454656 457728
850 1 499712 500736
101 1 171008 173056
985 1 57344 61440
850 1 500736 501760
101 1 352256 356352
432 6 135680 196608 196608 262144 262144 327680 327680 393216 393216 458752 458752 524288
433 3 0 65536 65536 131072 131072 135680
234 1 262144 327680
37 1 459264 524288
38 5 0 65536 65536 131072 131072 196608 196608 262144 262144 327680
434 6 135680 196608 196608 262144 262144 327680 327680 393216 393216 458752 458752 524288
435 3 0 65536 65536 131072 131072 135680
435 6 135680 196608 196608 262144 262144 327680 327680 393216 393216 458752 458752 524288
436 3 0 65536 65536 131072 131072 135680
700 1 499712 503808
46 1 65536 131072
235 1 131072 196608
236 1 0 65536
580 1 65536 131072
237 1 65536 95232
782 4 131072 196608 196608 262144 262144 327680 327680 393216
610 1 131072 139776
39 1 327680 393216
38 3 327680 393216 393216 458752 458752 524288
39 5 0 65536 65536 131072 131072 196608 196608 262144 262144 327680
37 2 393216 458752 458752 459264
110 1 278528 286720
74 1 32768 40960
40 1 253952 258048
10 1 208896 212992
223 1 397312 401408
180 1 308224 315392
180 4 315392 327680 327680 393216 393216 458752 458752 487424
886 1 454656 458752
69 1 397312 401408
63 1 36864 40960
993 1 184320 188416
477 1 397312 405504
186 1 327680 331776
477 1 405504 409600
284 1 479232 480768
520 1 327680 331776
186 1 278528 282624
175 1 225280 229376
75 1 233472 241664
75 1 241664 245760
697 1 176128 178176
945 1 57344 61440
574 1 81920 94208
72 1 434176 450560
153 1 482304 483328
981 1 236032 237568
459 1 198144 199168
803 1 208896 212992
853 1 393216 409600
514 1 115200 121344
853 1 409600 446464
357 1 159744 163840
764 1 102400 110592
90 1 151552 155648
875 1 339968 348160
105 1 221184 225280
995 1 393216 397312
903 1 348160 352256
858 1 393216 397312
746 2 217088 262144 262144 307200
178 1 237568 253952
37 1 495616 499712
39 1 12288 16384
319 1 401408 405504
405 2 180224 196608 196608 212992
582 1 159744 163840
210 1 483328 516096
678 1 421888 425984
164 1 335872 339968
990 1 307200 311296
952 1 315392 323584
678 1 421888 425984
250 1 368640 393216
213 1 389120 393216
370 1 217088 221184
992 1 372736 376832
195 1 360448 364544
167 1 0 4096
195 1 348160 352256
898 1 270336 274432
923 1 151552 163840
909 1 262144 266240
166 1 393216 397312
996 1 49152 57344
948 1 258048 262144
250 1 393216 397312
310 1 294912 299008
950 1 491520 524288
951 1 0 32768
443 2 278528 327680 327680 344064
83 1 266240 270336
83 1 270336 274432
444 2 344064 393216 393216 409600
19 3 328192 393216 393216 458752 458752 524288
20 6 0 65536 65536 131072 131072 196608 196608 262144 262144 327680 327680 328192
445 2 413696 458752 458752 479232
349 1 458752 462848
350 1 53248 57344
350 1 77824 81920
471 1 0 16384
274 1 371712 373760
584 1 159744 163840
471 1 16384 20480
861 1 102400 106496
511 1 167936 172032
69 1 462848 463360
517 1 466944 471040
315 1 167936 168448
998 1 241664 245760
831 1 245760 249856
876 1 159744 163840
531 1 208896 211968
833 1 204800 208896
772 1 90112 94208
779 1 290816 294912
122 1 409600 413696
651 1 73728 77824
57 1 438272 442368
911 1 8192 12288
981 1 237568 240128
459 1 199168 200192
978 1 259072 260096
514 1 121344 122368
459 1 200192 202240
776 1 331776 335872
776 1 315392 319488
464 1 278528 290816
710 1 229376 253952
687 1 393216 397312
815 1 81920 86016
137 1 360448 364544
259 1 430080 434176
375 1 253952 262144
815 1 65536 77824
767 2 233472 262144 262144 282624
60 1 262144 270336
324 1 278528 282624
857 1 303104 315392
2 1 180224 184320
878 1 368640 372736
289 1 110592 114688
377 1 204800 208896
876 1 212992 217088
289 1 139264 147456
875 1 335872 339968
904 1 61440 65536
876 1 237568 241664
138 1 217088 221184
970 1 0 3584
485 1 479232 483328
486 1 196608 200704
383 1 372736 376832
813 1 262144 266240
879 1 225280 229376
272 1 507904 512000
734 1 151552 155648
705 1 184320 188416
450 1 135168 143360
734 1 225280 229376
482 1 147456 159744
610 1 196608 200704
734 1 249856 258048
547 1 262144 327680
143 1 417792 425984
52 1 86016 94208
344 1 61440 65536
275 1 495616 499712
224 1 434176 438272
278 4 290816 327680 327680 393216 393216 458752 458752 524288
279 5 0 65536 65536 131072 131072 196608 196608 262144 262144 290816
374 1 102400 106496
459 1 135168 139264
275 1 499712 503808
712 1 364544 368640
224 1 499712 503808
202 1 53248 65536
202 1 126976 131072
863 1 454656 455168
275 1 495616 499712
712 1 364544 368640
863 1 455168 455680
224 1 434176 438272
374 1 106496 110592
712 1 364544 368640
258 1 81920 86016
102 1 307200 311296
955 1 201216 202752
101 1 352256 356352
985 2 61440 65536 65536 69632
909 2 389120 393216 393216 401408
102 1 315392 319488
143 2 339968 393216 393216 405504
893 1 86016 86528
144 2 339968 393216 393216 405504
893 1 94208 94720
146 2 147456 196608 196608 212992
505 1 143360 147456
500 1 331776 335872
75 1 335872 339968
505 1 73728 81920
309 1 405504 409600
140 1 323584 327680
961 1 495616 499712
137 1 344064 348160
64 1 126976 131072
60 1 270336 274432
868 1 90112 98304
868 1 106496 110592
996 1 57344 61440
922 1 229376 237568
797 1 86016 90112
797 1 262144 266240
797 1 217088 221184
125 1 217088 221184
303 1 200704 208896
235 1 327680 335872
797 1 454656 458752
797 1 315392 319488
90 1 290816 294912
708 1 102400 110592
798 1 61440 65536
751 1 442368 446464
800 1 69632 73728
797 1 499712 503808
800 1 344064 348160
842 1 385024 389120
800 1 266240 270336
514 1 155648 196608
50 1 364544 368640
563 1 196608 221184
62 1 466944 471040
178 1 241664 245760
121 1 188416 196608
374 1 208896 217088
927 1 352256 360448
438 1 53248 57344
927 1 360448 364544
850 2 196608 262144 262144 266240
592 1 2560 3072
121 1 192512 196608
813 1 204800 208896
969 1 430080 430592
493 1 446464 450560
751 8 28672 65536 65536 131072 131072 196608 196608 262144 262144 327680 327680 393216 393216 458752 458752 524288
752 1 0 28672
368 2 28672 65536 65536 90112
927 1 364544 372736
813 1 274432 307200
875 1 380928 385024
875 1 380928 389120
619 1 218624 219136
125 1 106496 110592
738 1 46080 46592
367 1 237568 262144
367 1 327680 356352
367 1 356352 360448
883 1 425984 430080
367 1 360448 368640
505 1 249856 253952
883 1 471040 475136
197 1 487424 499712
505 1 249856 253952
264 1 458752 462848
883 1 405504 409600
700 1 176128 180224
883 1 503808 507904
505 1 249856 253952
662 1 28672 32768
857 1 270336 299008
193 1 401408 405504
768 1 319488 323584
193 1 331776 335872
410 1 102400 131072
63 1 36864 40960
149 1 106496 114688
446 2 413696 458752 458752 479232
20 2 328192 393216 393216 425984
149 1 114688 118784
548 2 126976 131072 131072 192512
21 2 425984 458752 458752 475136
20 2 425984 458752 458752 524288
21 5 0 65536 65536 131072 131072 196608 196608 262144 262144 279040
549 2 126976 131072 131072 192512
693 1 446464 450560
830 2 438784 458752 458752 524288
831 7 0 65536 65536 131072 131072 196608 196608 262144 262144 327680 327680 393216 393216 438784
223 1 393216 397312
223 1 397312 401408
724 2 319488 327680 327680 339968
831 2 438784 458752 458752 524288
832 7 0 65536 65536 131072 131072 196608 196608 262144 262144 327680 327680 393216 393216 438784
115 1 405504 409600
472 1 237568 240128
223 1 393216 397312
875 1 397312 401408
357 1 376832 380928
319 1 86016 94208
664 1 188416 192512
693 1 450560 458752
833 3 282624 327680 327680 393216 393216 442880
653 1 73728 77824
832 2 438784 458752 458752 524288
833 5 0 65536 65536 131072 131072 196608 196608 262144 262144 278528
319 1 94208 98304
88 1 110592 118784
985 1 69632 73728
607 1 331776 352256
451 1 28672 36864
89 1 245760 249856
101 1 352256 356352
607 1 352256 356352
149 1 65536 69632
89 1 176128 180224
149 1 126976 131072
850 1 501760 502784
966 1 139264 143360
858 1 397312 401408
565 1 475648 524288
566 8 0 65536 65536 131072 131072 196608 196608 262144 262144 327680 327680 393216 393216 458752 458752 475648
767 1 65536 131072
526 1 476160 477184
302 1 421888 458752
177 1 24576 32768
274 1 373248 374272
24 1 344064 348160
156 1 294912 311296
609 1 327680 331776
708 1 28672 31744
156 1 311296 315392
994 1 118784 122880
156 1 315392 323584
156 1 323584 327680
524 1 102400 126976
524 1 98304 102400
566 1 475136 503808
83 1 208896 217088
567 1 262144 294912
803 1 274432 282624
858 1 393216 397312
719 1 331776 335872
981 1 240128 241152
904 1 462848 463360
514 1 122368 123392
800 1 147456 151552
801 1 40960 45056
801 1 86016 90112
800 1 368640 372736
801 1 237568 241664
801 1 167936 172032
801 1 450560 454656
801 1 229376 233472
802 1 139264 143360
802 1 286720 290816
678 1 421888 425984
803 1 442368 446464
803 1 356352 360448
803 1 479232 483328
803 1 294912 299008
803 1 450560 458752
829 1 421888 425984
838 1 380928 385024
846 1 204800 212992
846 1 401408 405504
24 1 479232 483328
11 1 372736 376832
831 3 212992 262144 262144 327680 327680 393216
128 1 446464 450560
808 1 311296 315392
204 1 475136 512000
693 1 430080 434176
173 1 36864 40960
204 1 512000 516096
136 1 159744 176128
136 1 192512 196608
918 1 262144 266240
803 1 270336 274432
997 1 327680 348160
997 1 348160 360448
0 1 204800 208896
733 2 49152 65536 65536 73728
446 1 462848 479232
218 7 115200 131072 131072 196608 196608 262144 262144 327680 327680 393216 393216 458752 458752 524288
219 2 0 65536 65536 115200
153 1 483328 484352
153 1 484352 485376
153 1 485376 486400
153 1 486400 488448
219 7 115200 131072 131072 196608 196608 262144 262144 327680 327680 393216 393216 458752 458752 524288
220 1 0 49664
153 1 488448 489472
153 1 489472 490496
955 1 118784 131072
104 1 491520 524288
105 1 0 57344
153 1 490496 491520
874 1 196608 200704
220 6 115200 131072 131072 196608 196608 262144 262144 327680 327680 393216 393216 450560
765 2 147456 196608 196608 225280
219 2 126976 131072 131072 184320
858 1 397312 401408
966 1 301056 301568
180 1 155648 172032
858 1 393216 397312
858 1 397312 401408
746 1 307200 311296
741 1 159744 167936
700 1 409600 413696
585 1 442368 446464
643 1 118784 122880
587 1 438272 442368
599 1 434176 442368
626 1 32768 36864
646 1 114688 122880
180 2 155648 196608 196608 204800
858 1 393216 397312
410 1 131072 135168
70 1 32768 36864
70 1 126976 131072
70 1 471040 475136
80 1 499712 503808
74 1 184320 188416
74 1 196608 200704
81 1 446464 450560
585 1 458752 462848
986 1 233472 237568
636 1 155648 159744
854 1 102400 106496
986 1 147456 196608
986 1 233472 237568
636 1 155648 159744
813 1 270336 274432
813 1 204800 208896
854 1 102400 106496
986 1 196608 200704
705 1 184320 188416
813 1 270336 274432
545 1 143360 176128
357 1 241664 249856
357 1 69632 77824
846 1 294912 299008
849 1 233472 237568
125 1 286720 290816
846 1 118784 122880
846 1 380928 385024
860 1 163840 167936
871 1 266240 270336
640 1 135168 135680
871 1 307200 311296
871 1 290816 294912
871 1 323584 327680
874 1 360448 364544
872 1 262144 266240
880 1 430080 434176
894 1 208896 212992
880 1 462848 466944
623 1 200704 204800
907 1 294912 299008
905 1 434176 438272
526 1 512000 520192
703 2 258048 262144 262144 286720
652 1 442368 443392
703 1 286720 290816
204 1 344064 348160
637 1 503808 507904
255 1 512000 524288
256 1 0 20480
803 1 204800 208896
119 1 12288 16384
72 1 368640 372736
932 1 196608 200704
71 1 172032 185344
76 1 180224 180736
121 1 81920 93184
160 1 487424 491520
947 1 466944 467968
78 1 20480 23040
861 1 315392 319488
966 1 372736 376832
966 1 200704 204800
101 1 173056 187904
850 1 502784 503808
798 1 32768 36864
985 1 73728 81920
101 1 187904 189952
985 1 81920 86016
902 1 245760 249856
900 1 176128 184320
861 1 364544 368640
900 1 446464 450560
909 1 98304 102400
144 1 16384 24576
904 1 110592 114688
907 1 364544 368640
601 1 40960 43520
882 1 36864 40960
920 1 274432 278528
921 1 327680 331776
922 1 0 4096
923 1 73728 77824
922 1 434176 442368
822 1 167936 184320
31 1 81920 131072
640 1 131072 135168
919 1 397312 401408
921 1 442368 446464
649 1 454656 458752
649 1 471040 520192
368 1 90112 94208
592 1 12288 12800
927 1 372736 376832
813 1 196608 200704
843 1 335872 339968
362 1 339968 352256
121 1 192512 196608
927 1 376832 385024
339 1 520192 524288
340 1 0 4096
58 2 45056 65536 65536 86016
752 8 28672 65536 65536 131072 131072 196608 196608 262144 262144 327680 327680 393216 393216 458752 458752 524288
753 1 0 28672
180 1 4096 12288
843 1 335872 339968
81 1 397312 401408
80 1 446464 450560
77 1 118784 122880
82 1 372736 376832
50 1 360448 364544
244 1 73728 77824
416 1 221184 225280
240 1 380928 385024
381 1 94208 98304
241 1 32768 36864
203 1 491520 493056
378 1 303104 307200
883 1 471040 475136
536 1 4096 8192
536 1 24576 28672
485 1 339968 376832
184 1 249856 253952
654 1 430080 458752
380 1 221184 225280
16 1 20480 24576
757 1 36864 40960
168 1 516096 520192
714 2 385024 393216 393216 421888
714 1 421888 425984
626 2 233472 262144 262144 290816
416 1 8192 12288
685 1 204800 217088
777 1 188416 196608
84 1 167936 172032
436 1 225280 245760
630 1 475136 495616
958 1 335872 339968
59 1 294912 299008
835 1 368640 372736
835 1 294912 299008
596 1 65536 106496
122 1 442368 446464
223 1 392704 393216
428 1 110592 114688
64 1 348160 356352
308 1 303104 307200
147 2 344064 393216 393216 409600
64 1 356352 360448
148 1 475136 524288
149 1 0 16384
893 1 102400 102912
150 1 81920 102912
223 1 392704 393216
180 1 237056 241152
203 1 171520 175616
735 1 262144 282624
735 1 282624 286720
898 1 405504 409600
630 2 249856 262144 262144 278528
764 1 106496 110592
7 3 188416 196608 196608 262144 262144 270336
735 1 286720 294912
630 1 278528 282624
412 1 516096 520192
2 1 471040 507904
77 2 221184 262144 262144 290816
262 2 258048 262144 262144 319488
735 1 294912 299008
884 1 446464 448000
262 1 319488 323584
956 1 12288 16384
922 3 381440 393216 393216 458752 458752 524288
923 6 0 65536 65536 131072 131072 196608 196608 262144 262144 327680 327680 352256
924 1 446464 450560
924 2 389632 393216 393216 401408
973 1 188416 192512
923 3 352256 393216 393216 458752 458752 524288
924 6 0 65536 65536 131072 131072 196608 196608 262144 262144 327680 327680 336384
61 1 458752 462848
328 1 81920 110592
924 1 336384 352256
932 2 413696 458752 458752 524288
933 7 0 65536 65536 131072 131072 196608 196608 262144 262144 327680 327680 393216 393216 397824
973 1 188416 192512
170 1 118784 126976
933 2 397824 458752 458752 524288
934 7 0 65536 65536 131072 131072 196608 196608 262144 262144 327680 327680 393216 393216 397824
2 1 20992 22016
459 1 202240 203264
611 1 237568 249856
789 1 139264 143360
803 1 212992 217088
981 1 241152 242176
660 1 430080 458752
161 1 49152 65536
136 1 393216 405504
372 2 262144 327680 327680 364544
644 1 376832 380928
550 1 196608 262144
21 3 279040 327680 327680 393216 393216 425984
951 1 32768 36864
552 1 131072 193024
21 1 475136 524288
22 6 0 65536 65536 131072 131072 196608 196608 262144 262144 327680 327680 328192
552 1 193024 196608
553 1 196608 262144
875 1 380928 385024
729 1 516096 520192
678 1 176128 176640
788 1 430080 434176
788 1 446464 454656
71 1 262144 266240
858 1 393216 397312
566 1 475648 524288
567 8 0 65536 65536 131072 131072 196608 196608 262144 262144 327680 327680 393216 393216 458752 458752 475648
245 1 110592 118784
245 1 118784 122880
125 1 81920 98304
33 1 131072 139264
160 1 483328 487424
994 1 118784 131072
156 1 393216 401408
553 1 147456 151552
63 1 315392 323584
291 1 253952 262144
121 2 323584 327680 327680 352256
156 1 401408 405504
497 1 475136 479232
883 1 458752 462848
121 1 352256 356352
178 1 110592 118784
178 1 118784 122880
691 1 282624 286720
97 2 454656 458752 458752 466944
763 1 405504 409600
625 1 315392 319488
249 1 425984 442368
206 1 233472 237568
95 1 204800 208896
932 1 499712 524288
835 1 24576 28672
835 1 32768 40960
596 1 106496 110592
206 1 241664 245760
97 1 466944 471040
112 1 503808 512000
324 1 245760 249856
62 1 466944 471040
209 1 102400 110592
146 1 45056 49152
807 1 4096 8192
467 1 40960 45056
137 1 344064 348160
787 1 94208 110592
875 1 380928 385024
192 1 249856 253952
438 1 368640 372736
780 1 516096 524288
781 1 0 4096
860 1 507904 516096
609 2 438272 458752 458752 503808
273 2 372736 393216 393216 417792
581 1 208896 212992
743 1 311296 315392
78 1 86016 86528
72 1 102400 105472
27 1 516096 520192
95 1 176128 179200
81 2 385024 393216 393216 403456
803 1 200704 204800
635 1 151552 155648
932 1 245760 249856
8 1 12288 16384
521 1 102400 106496
932 1 466944 471040
131 1 249856 253952
187 1 503808 507904
315 1 8192 24576
71 1 344064 352256
933 1 212992 217088
356 1 241664 245760
469 1 409600 410112
813 1 204800 208896
661 1 4096 8192
231 1 266240 270336
587 1 435200 439296
738 1 389120 393216
924 2 126976 131072 131072 147456
848 1 53248 57344
237 1 389120 393216
924 1 81920 86016
890 1 122880 126976
146 1 446464 454656
84 1 172032 176128
965 1 417792 421888
81 1 40960 45056
514 1 123392 124416
2 1 22016 23040
459 1 203264 205312
611 1 249856 253952
981 1 242176 244224
514 1 124416 125440
2 1 23040 24064
922 1 512000 516096
857 1 401408 417792
264 1 163840 167936
923 1 208896 229376
870 1 143360 147456
877 1 163840 167936
868 1 450560 454656
877 1 417792 434176
856 1 323584 327680
869 1 479232 483328
777 1 397312 401408
294 1 512000 520192
223 1 188416 192512
206 1 307200 311296
224 1 327680 331776
678 1 421888 425984
96 1 49152 53248
741 1 352256 356352
86 1 352256 356352
739 1 290816 294912
63 1 36864 40960
558 2 413696 458752 458752 487424
626 1 143360 147456
842 1 393216 413696
803 1 204800 212992
16 1 339968 344064
16 1 405504 413696
945 1 507904 516096
253 1 507904 520192
618 1 4096 8192
253 1 520192 524288
63 1 86016 118784
945 1 512000 516096
27 1 131072 139264
27 1 139264 143360
945 1 512000 516096
269 1 380928 393216
27 1 143360 151552
270 1 0 4096
27 1 151552 155648
160 1 139264 147456
101 2 189952 196608 196608 198656
258 1 106496 126976
985 1 86016 118784
798 1 32768 36864
493 1 339968 344064
493 1 372736 376832
144 1 24576 28672
278 1 81920 90112
967 1 143360 147456
730 1 163840 172032
250 1 126976 131072
66 3 364544 393216 393216 458752 458752 491520
134 1 266240 270336
516 2 126976 131072 131072 143360
295 1 286720 303104
137 1 466944 471040
124 1 385024 389120
45 1 126976 131072
295 1 262144 282624
661 1 32768 36864
177 1 425984 430080
867 1 458752 462848
867 1 483328 487424
31 1 131072 135168
927 1 385024 389120
58 1 86016 90112
180 1 12288 16384
121 1 192512 196608
927 1 389120 393216
548 1 229376 231936
385 1 219136 220160
65 1 65536 69632
753 8 28672 65536 65536 131072 131072 196608 196608 262144 262144 327680 327680 393216 393216 458752 458752 487424
65 1 69632 73728
955 1 417792 450560
164 1 200704 204800
160 1 466944 471040
36 1 32768 36864
992 1 237568 241664
751 1 417792 418816
508 1 454656 458752
8 1 69632 73728
682 2 61440 65536 65536 94208
686 1 282624 286720
574 1 221184 229376
886 1 446464 454656
835 1 45056 49152
36 1 507904 508416
95 1 204800 208896
887 1 77824 86016
584 1 176128 188416
112 1 446464 450560
816 1 380928 385024
558 1 487424 491520
223 1 397312 401408
803 1 270336 274432
861 1 299008 299520
989 1 393216 409600
833 2 442880 458752 458752 524288
834 7 0 65536 65536 131072 131072 196608 196608 262144 262144 327680 327680 393216 393216 442880
803 1 204800 212992
861 1 307200 307712
176 2 446464 458752 458752 462848
861 1 315392 315904
989 1 409600 430080
160 1 396800 397312
834 2 442880 458752 458752 524288
835 6 0 65536 65536 131072 131072 196608 196608 262144 262144 327680 327680 377344
317 1 364544 380928
836 1 471552 479232
173 1 135168 139264
689 1 409600 411648
43 1 487424 524288
44 1 0 28672
19 1 466944 499712
409 1 36864 40960
342 1 122880 126976
130 1 491520 495616
767 1 335872 360448
767 1 360448 364544
848 1 307200 323584
803 1 204800 208896
813 1 204800 208896
6 1 94208 110592
813 1 204800 208896
803 1 204800 208896
16 1 421888 425984
852 1 368640 372736
147 1 110592 114688
541 1 348160 352256
334 1 266240 270336
477 1 163840 167936
438 1 57344 61440
147 1 462848 466944
806 1 417792 421888
433 1 393216 397312
559 1 339968 344064
774 1 73728 77824
147 1 401408 405504
554 1 196608 262144
845 1 503808 520192
986 1 12288 20480
22 3 328192 393216 393216 458752 458752 524288
23 6 0 65536 65536 131072 131072 196608 196608 262144 262144 327680 327680 328192
556 1 0 65536
846 1 454656 458752
557 1 65536 131072
107 1 450560 454656
557 1 458752 524288
367 1 368640 372736
883 1 425984 434176
367 1 372736 380928
367 1 380928 385024
845 1 12288 16384
449 1 491520 524288
883 1 430080 434176
450 1 131072 155648
450 1 155648 159744
405 1 151552 153088
23 1 413696 417792
405 1 147456 151552
506 1 135168 172032
587 1 439296 443392
83 1 380928 384000
8 1 135168 139264
813 1 200704 204800
937 1 335872 368640
755 1 434176 438272
75 1 65536 69632
549 1 364544 368640
72 1 135168 139264
81 1 266240 270336
223 1 393216 397312
348 1 40960 41472
223 1 397312 401408
37 1 4096 24576
37 1 0 4096
37 1 24576 65536
480 1 262144 327680
114 1 126976 131072
607 1 12288 16384
610 1 180224 192512
80 1 0 65536
69 1 462848 463360
50 1 364544 368640
489 1 360448 364544
45 1 249856 253952
41 1 143360 147456
517 1 69632 73728
139 1 413696 417792
774 1 163840 172032
14 1 299008 303104
183 1 221184 225280
861 1 364544 368640
183 1 86016 90112
671 1 471040 475136
453 1 69632 73728
572 1 147456 151552
453 1 81920 86016
672 1 172032 176128
51 1 253952 258048
53 1 516096 520192
973 1 192512 196608
427 2 311296 327680 327680 364544
427 1 364544 368640
17 1 155648 172032
443 1 81920 86016
639 1 352256 356352
803 1 270336 274432
114 1 389120 393216
869 1 409600 413184
869 1 393216 401408
107 1 303104 315392
157 1 462848 466944
628 1 159744 163840
692 1 69632 94208
170 1 126976 131072
803 1 204800 212992
876 1 368640 372736
176 1 417792 421888
209 1 438272 458752
157 1 454656 458752
934 2 397824 458752 458752 524288
935 7 0 65536 65536 131072 131072 196608 196608 262144 262144 327680 327680 393216 393216 397824
877 1 110592 114688
0 1 0 20480
219 1 262144 282624
803 1 274432 282624
692 1 94208 98304
459 1 205312 206848
719 1 331776 335872
803 1 278528 282624
981 1 244224 246272
2 1 24064 25088
459 1 206848 207360
611 1 253952 262144
842 1 278528 294912
934 1 135168 139264
74 1 454656 458752
71 1 352256 356352
999 1 53248 61440
803 1 204800 208896
939 1 483328 487424
803 1 299008 303104
323 1 430080 438272
999 1 61440 65536
940 1 180224 184320
323 1 438272 442368
780 1 405504 413696
74 1 454656 458752
941 1 516096 520192
803 1 233472 237568
948 1 299008 303104
0 1 438272 458752
315 1 24576 45056
74 1 454656 458752
732 1 237568 241664
601 1 163840 167936
330 1 53248 57344
68 2 229376 262144 262144 266240
894 1 4096 8192
0 1 434176 438272
747 1 475136 479232
813 1 270336 278528
886 1 139264 143360
194 1 217088 221184
777 1 282624 286720
798 1 204800 208896
822 1 483328 491520
229 1 40960 45056
60 1 483328 487424
923 1 430080 434176
605 1 315392 319488
82 1 393216 397312
155 1 77824 118784
71 1 458752 462848
314 1 319488 327680
567 1 294912 299008
135 1 405504 421888
153 1 491520 492544
544 2 176128 196608 196608 208896
220 2 450560 458752 458752 524288
221 2 0 65536 65536 115200
337 1 24576 29184
544 1 208896 212992
153 1 492544 493568
223 1 4096 12288
153 1 493568 494592
388 1 491520 507904
223 1 12288 16384
221 7 115200 131072 131072 196608 196608 262144 262144 327680 327680 393216 393216 458752 458752 524288
222 2 0 65536 65536 115200
980 1 176128 180224
153 1 494592 495616
222 1 503808 524288
223 2 0 65536 65536 119296
222 7 115200 131072 131072 196608 196608 262144 262144 327680 327680 393216 393216 458752 458752 499712
81 1 94208 98304
33 1 139264 143360
807 1 32768 36864
314 1 483328 499712
567 1 475648 524288
568 8 0 65536 65536 131072 131072 196608 196608 262144 262144 327680 327680 393216 393216 458752 458752 475648
177 1 94208 98304
568 1 475648 524288
569 1 0 4096
125 1 98304 118784
560 1 49152 51200
275 1 499712 503808
224 1 499712 503808
712 1 364544 368640
583 1 148480 148992
224 1 434176 442368
863 1 455680 456192
863 1 456192 456704
863 1 456704 457216
583 1 148992 149504
291 1 401408 417792
813 1 204800 208896
171 1 471040 487424
186 1 434176 438272
863 1 457216 457728
5 1 389120 393216
6 1 458752 475136
863 1 457728 458240
863 1 458240 458752
583 1 149504 150016
983 1 4096 7168
764 1 106496 110592
956 1 36864 45056
735 1 299008 307200
735 1 307200 311296
348 2 118784 131072 131072 139264
293 2 450560 458752 458752 466944
764 1 106496 114688
735 1 311296 319488
357 1 159744 163840
735 1 319488 323584
348 1 139264 151552
159 1 208896 209408
764 1 110592 114688
0 1 131072 147456
585 1 458752 462848
545 1 176128 180224
522 1 118784 122880
275 2 167936 196608 196608 200704
97 1 512000 520192
637 1 290816 294912
97 1 520192 524288
275 1 200704 204800
813 1 204800 208896
333 1 274432 290816
781 1 487424 491520
813 1 270336 282624
854 1 106496 110592
813 1 212992 217088
813 1 278528 282624
854 1 106496 110592
84 2 61440 65536 65536 69632
0 1 0 8192
233 1 208896 212992
888 1 438272 446464
813 1 204800 208896
356 1 245760 249856
587 1 443392 447488
235 1 389120 393216
65 1 430080 450560
550 1 94208 98304
661 1 8192 28672
798 1 32768 36864
985 1 118784 122880
300 2 446464 458752 458752 462848
258 1 106496 110592
300 1 462848 466944
985 1 122880 131072
985 1 131072 135168
101 1 198656 201216
858 1 397312 401408
858 1 393216 397312
727 1 348160 368640
180 1 155648 172032
803 1 204800 208896
858 1 397312 401408
190 2 57344 65536 65536 73728
803 1 196608 200704
858 1 393216 397312
754 1 425984 430080
84 1 98304 106496
484 1 450560 454656
755 1 208896 217088
58 1 491520 495616
759 1 307200 327680
879 1 458752 491520
879 1 491520 495616
193 1 196608 200704
193 1 208896 221184
249 1 458752 462848
249 1 471040 475136
95 1 204800 208896
784 1 155648 159744
784 1 163840 172032
228 1 507904 516096
112 1 512000 516096
565 1 233472 262144
828 2 385024 393216 393216 401408
228 1 516096 520192
843 1 98304 110592
95 1 204800 208896
454 1 487424 520192
112 1 446464 450560
466 2 114688 131072 131072 135168
96 1 364544 372736
96 1 372736 376832
938 1 155648 172032
150 2 102912 131072 131072 147456
932 1 294912 299008
151 2 81920 131072 131072 147456
146 1 339968 344064
105 1 319488 327680
105 1 405504 409600
907 2 385024 393216 393216 437248
152 2 278528 327680 327680 344064
167 1 24576 28672
167 2 53248 65536 65536 69632
25 1 143360 147456
701 1 196608 200704
861 1 364544 368640
529 1 36864 40960
50 1 483328 487424
920 1 360448 364544
62 1 114688 118784
98 1 270336 274432
70 1 221184 225280
127 1 307200 311296
859 1 266240 270336
136 1 495616 499712
95 1 413696 417792
906 1 303104 307200
599 2 57344 65536 65536 73728
433 1 471040 475136
280 2 236544 262144 262144 302080
64 1 393216 394752
295 1 139264 142848
2 1 25088 26112
981 1 246272 247296
459 1 207360 208384
276 1 413696 417792
611 1 262144 266240
83 1 266240 270336
23 3 328192 393216 393216 458752 458752 524288
24 6 0 65536 65536 131072 131072 196608 196608 262144 262144 327680 327680 328192
558 1 462848 524288
559 1 0 4096
83 1 270336 274432
559 2 331776 393216 393216 397312
845 1 520192 524288
560 2 331776 393216 393216 393728
83 1 266240 270336
25 3 217088 262144 262144 327680 327680 332288
846 1 393216 409600
363 1 208896 253952
569 1 81920 98304
999 1 188416 192512
16 1 270336 274432
14 1 311296 315392
670 1 299008 303104
16 1 245760 249856
991 1 286720 290816
253 1 134656 138752
314 1 499712 520192
569 7 114688 131072 131072 196608 196608 262144 262144 327680 327680 393216 393216 458752 458752 524288
570 1 0 45568
183 1 245760 253952
670 1 307200 315392
177 1 28672 32768
997 1 327680 344064
803 1 204800 212992
983 1 274432 278528
983 1 274432 282624
109 1 397312 401408
518 1 368640 372736
189 1 40960 45056
149 1 274432 278528
446 1 16384 20480
0 1 151552 155648
294 1 487424 491520
175 1 446464 450560
813 1 270336 274432
529 1 413696 417792
958 1 192512 196608
875 1 458752 462848
110 1 122880 126976
1 1 421888 425984
61 1 159744 163840
433 1 45056 49152
704 1 495616 499712
763 1 303104 307200
27 1 172032 176128
62 1 466944 471040
63 1 36864 40960
787 1 110592 131072
803 1 204800 208896
622 1 405504 409600
146 1 438272 439296
792 1 241664 245760
346 1 397312 401408
138 1 32768 36864
361 1 233472 253952
914 2 98304 131072 131072 159744
835 2 430080 458752 458752 524288
836 7 0 65536 65536 131072 131072 196608 196608 262144 262144 327680 327680 393216 393216 422400
836 1 479232 495616
836 1 422400 458752
88 2 311296 327680 327680 339968
837 1 16384 32768
396 1 106496 126976
96 1 417792 421888
861 1 323584 324096
973 1 393216 397312
966 1 188416 192512
966 1 368640 372736
149 1 65536 69632
101 1 201216 202752
8 1 12288 16384
985 1 135168 143360
798 1 32768 36864
888 1 397312 405504
883 1 393216 397312
273 1 241664 253952
273 1 315392 319488
916 1 221184 225280
273 1 319488 327680
273 2 385024 393216 393216 397312
294 1 303104 307200
616 1 278528 282624
233 1 360448 364544
203 1 237568 262144
123 1 0 4096
123 1 4096 8192
453 1 487424 495616
453 1 462848 471040
519 2 188416 196608 196608 221184
392 1 16384 20480
17 1 417792 425984
17 1 425984 430080
519 1 221184 225280
134 1 229376 237568
134 1 237568 241664
906 1 28672 32768
906 1 36864 40960
905 1 155648 158208
155 1 212992 221184
155 1 221184 225280
207 2 192512 196608 196608 200704
5 1 172032 188416
937 1 368640 372736
723 1 241664 245760
813 1 270336 274432
207 1 200704 204800
206 1 101888 105984
848 1 221184 237568
813 1 270336 278528
661 1 28672 32768
208 1 131072 155648
524 1 102400 106496
567 1 299008 303104
76 1 516096 524288
77 1 0 8192
567 1 237568 241664
567 1 241664 245760
550 1 286720 290304
204 1 516096 524288
205 1 0 4096
11 1 372736 376832
205 1 4096 12288
150 1 32768 49152
205 1 12288 16384
16 1 466944 471040
11 1 372736 376832
205 1 16384 24576
205 1 24576 28672
385 1 220160 221184
754 5 28672 65536 65536 131072 131072 196608 196608 262144 262144 319488
755 1 327680 335872
754 4 319488 327680 327680 393216 393216 458752 458752 524288
755 1 0 20480
385 1 221184 222208
755 1 20480 32768
755 5 36864 65536 65536 131072 131072 196608 196608 262144 262144 327680
755 3 335872 393216 393216 458752 458752 524288
756 1 0 32768
511 1 483328 487424
617 1 335872 356352
512 1 221184 225280
372 1 319488 323584
447 1 471040 475136
236 1 335872 339968
2 1 454656 458752
861 1 364544 368640
201 1 274432 282624
802 1 16384 20480
750 1 98304 102400
792 1 331776 335872
792 1 348160 352256
187 1 393216 397312
886 1 122880 126976
750 1 196608 200704
751 1 274432 278528
391 1 167936 172032
392 1 65536 69632
909 1 258048 262144
909 1 245760 249856
391 1 180224 184320
392 1 77824 81920
505 1 249856 253952
61 1 102400 118784
883 1 405504 413696
97 2 389120 393216 393216 397312
97 1 397312 401408
113 1 229376 233472
730 1 429568 433664
528 1 86016 90112
113 1 294912 299008
730 1 429568 433664
113 1 229376 233472
579 2 454656 458752 458752 475136
505 1 249856 253952
113 1 294912 299008
883 1 475136 479232
137 1 327680 356352
308 1 372736 376832
303 1 471040 475136
95 1 204800 208896
250 1 94208 102400
244 1 397312 401408
112 1 512000 516096
248 1 409600 413696
250 1 319488 323584
292 1 376832 380928
294 1 225280 229376
95 1 204800 208896
24 3 328192 393216 393216 458752 458752 524288
25 4 0 65536 65536 131072 131072 196608 196608 212992
83 1 270336 274432
560 1 393728 397312
83 1 266240 270336
561 2 266240 327680 327680 331776
83 1 270336 274432
392 1 221184 225280
550 1 212992 217088
160 1 147456 151552
801 1 24576 28672
392 1 233472 237568
724 1 438272 442368
450 1 335872 339968
450 1 323584 327680
550 1 200704 204800
537 1 417792 421888
574 1 159744 163840
724 1 446464 450560
2 1 26112 26624
981 1 247296 248832
459 1 208384 210944
2 1 26624 27648
276 1 417792 425984
81 1 516096 520192
459 1 210944 214528
981 1 248832 252416
2 1 27648 28672
570 1 81920 86016
774 1 434176 438272
871 1 131072 196608
375 2 110592 131072 131072 143360
375 1 143360 147456
935 2 397824 458752 458752 524288
936 7 32768 65536 65536 131072 131072 196608 196608 262144 262144 327680 327680 393216 393216 430592
209 1 458752 471040
0 1 20480 32768
936 2 430592 458752 458752 524288
937 7 0 65536 65536 131072 131072 196608 196608 262144 262144 327680 327680 393216 393216 430592
803 1 212992 217088
937 1 430592 450560
938 4 176640 196608 196608 262144 262144 327680 327680 369152
850 1 299008 303104
832 1 176128 178176
803 1 299008 307200
74 1 454656 458752
842 1 294912 315392
803 1 237568 241664
74 1 454656 458752
803 1 303104 307200
74 1 454656 458752
617 1 196608 204800
695 2 192512 196608 196608 200704
617 1 507904 512000
609 1 503808 507904
192 1 487424 495616
934 1 118784 126976
273 1 417792 421888
550 1 450560 453120
80 1 503808 507904
934 1 122880 126976
80 1 434176 438272
169 1 172032 180224
587 1 447488 451584
356 1 241664 245760
622 1 196608 229376
236 1 352256 356352
924 1 126976 131072
201 2 130560 131072 131072 142848
368 2 241664 262144 262144 311296
146 1 450560 454656
587 1 451584 454656
506 1 167936 176128
937 1 372736 380928
891 1 139264 143360
735 2 323584 327680 327680 331776
841 1 327680 348160
735 1 331776 335872
803 1 225280 229376
18 1 405504 413696
735 1 167936 172032
381 1 520192 524288
382 1 0 4096
764 1 110592 114688
735 1 335872 352256
382 1 4096 8192
907 1 348160 352256
377 1 98304 102400
379 1 471040 475136
869 1 421888 425984
370 1 221184 258048
379 1 270336 274432
178 1 196608 200704
760 1 282624 286720
582 1 200704 202752
193 1 339968 344064
803 1 270336 282624
304 1 397312 398848
667 1 217088 218624
358 1 8192 9728
122 1 516096 521216
891 2 278528 327680 327680 356352
596 1 376832 385024
647 1 229376 230400
803 1 212992 217088
689 1 241664 245760
689 1 180224 184320
834 1 98304 102400
834 1 176128 180224
834 1 159744 163840
17 1 471040 475136
434 1 483328 487424
845 1 233472 237568
899 1 98304 102400
363 1 253952 258048
183 1 253952 258048
554 1 8192 32768
131 1 12288 20480
570 2 45568 65536 65536 81920
24 1 12288 20480
572 1 331776 335872
174 1 380928 385024
588 1 184320 188416
664 1 520192 524288
665 1 0 8192
608 1 101888 110080
608 1 142848 146944
328 1 77312 81408
328 1 187904 196096
328 1 232960 237056
328 1 56832 60928
328 1 384512 388608
328 2 130560 131072 131072 138752
328 1 212480 220672
328 1 318976 323072
328 1 507392 515584
902 1 286720 294912
813 1 270336 274432
848 1 417792 438272
271 1 393216 396288
600 1 45056 45568
455 2 90112 131072 131072 155648
739 1 274432 278528
739 1 339968 348160
739 1 278528 282624
617 1 425984 430080
618 1 299008 303104
618 1 253952 258048
617 1 348160 352256
618 1 77824 81920
619 1 139264 143360
619 1 335872 339968
618 1 507904 512000
619 1 274432 278528
803 1 237568 241664
619 1 413696 417792
620 1 172032 176128
620 1 487424 491520
619 1 475136 479232
620 1 380928 385024
621 1 266240 270336
622 1 159744 163840
621 1 147456 151552
621 1 458752 462848
153 2 217088 262144 262144 282624
167 1 81920 90112
178 2 163840 196608 196608 229376
167 1 110592 114688
398 1 208896 212480
442 1 192512 196608
932 1 327680 331776
179 2 425984 458752 458752 491520
167 1 118784 122880
288 1 393216 397312
353 1 393216 397312
181 1 212992 217088
180 2 360448 393216 393216 425984
167 1 143360 151552
181 1 294912 315904
81 1 466944 471040
262 1 274432 278528
167 1 155648 159744
390 1 57344 61440
291 1 417792 438272
998 2 142336 196608 196608 207872
863 1 458752 459264
129 1 299008 303104
863 1 459264 459776
358 1 215040 215552
863 1 459776 460288
668 1 90112 98304
188 1 4096 8192
813 1 270336 278528
188 1 20480 28672
450 1 69632 72192
583 1 150016 150528
5 1 520192 524288
7 1 196608 204800
863 1 460288 460800
813 1 208896 212992
358 1 215552 216064
562 2 200704 262144 262144 266240
25 3 332288 393216 393216 458752 458752 524288
26 5 0 65536 65536 131072 131072 196608 196608 262144 262144 266752
564 2 69632 131072 131072 135168
961 1 307200 311296
438 1 208896 212992
941 1 409600 413696
438 1 401408 405504
384 1 81920 90112
412 1 118784 122880
412 1 28672 40960
682 1 69632 73728
682 1 475136 479232
682 1 462848 466944
737 1 163840 167936
813 1 212992 221184
532 2 155648 196608 196608 200704
636 1 196608 233472
333 1 290816 311296
522 1 118784 122880
532 1 200704 204800
636 1 233472 237568
637 1 290816 294912
813 1 282624 286720
674 1 270336 274432
195 1 253952 262144
813 1 217088 225280
857 1 360448 364544
813 1 286720 290816
309 1 360448 364544
301 1 221184 233472
574 1 172032 176128
98 1 360448 364544
613 1 8192 12288
678 1 421888 425984
962 1 352256 356352
533 1 438272 442368
752 1 180224 184320
198 1 290816 299008
628 1 155648 159744
112 1 475136 479232
471 1 94208 98304
751 1 339968 344064
803 1 290816 294912
554 1 4096 8192
3 1 327680 344064
295 1 520192 524288
201 1 282624 286720
813 1 200704 204800
813 1 208896 212992
678 1 421888 425984
3 1 61440 65536
877 2 446464 458752 458752 475136
608 1 155136 163328
330 1 151040 155136
329 1 3584 7680
328 1 122368 126464
330 2 323072 327680 327680 331264
328 1 200192 208384
333 1 24064 28160
332 1 454144 458240
328 1 298496 302592
328 1 441856 445952
329 1 52736 56832
332 1 413184 417280
333 1 159232 163328
333 1 69120 73216
333 1 81408 85504
333 1 273920 278016
333 1 507392 511488
618 1 315392 319488
619 1 172032 176128
619 1 401408 405504
622 1 409600 413696
623 1 114688 118784
623 1 192512 196608
621 1 389120 393216
622 1 69632 73728
622 1 53248 57344
620 1 262144 266240
619 1 450560 454656
623 1 327680 331776
620 1 503808 507904
621 1 274432 278528
622 1 192512 196608
623 1 65536 69632
622 1 176128 180224
623 1 180224 184320
622 1 471040 475136
623 1 122880 126976
259 1 188416 192512
596 1 294912 299008
970 1 421888 425984
996 1 225280 229376
106 2 421888 458752 458752 462848
300 1 409600 417280
803 1 442368 446464
803 1 462848 466944
652 1 258048 262144
567 1 245760 253952
715 1 389120 393216
679 1 385024 389120
891 2 356352 393216 393216 413696
900 1 442368 446464
106 1 462848 466944
567 1 253952 258048
557 1 16384 20480
622 1 229376 233472
587 1 507904 508928
368 1 311296 315392
661 1 32768 53248
937 1 380928 385024
463 1 475136 476160
891 1 163840 167936
587 1 508928 512000
356 1 245760 249856
294 1 245760 249856
294 1 237568 241664
112 1 446464 450560
617 1 421888 425984
750 1 147456 163840
733 1 77824 90112
550 1 167936 172032
894 1 401408 405504
947 1 266240 270336
104 1 118784 122880
570 1 356352 364544
418 1 77824 81920
833 1 475136 491520
51 1 266240 299008
144 1 192512 196608
750 1 356352 360448
266 1 73728 102400
833 1 491520 495616
333 1 216576 232960
333 1 474624 478720
334 1 163328 167424
334 1 89600 93696
333 1 200192 204288
333 1 450048 458240
334 1 310784 314880
334 1 302592 306688
334 1 380416 384512
334 1 81408 85504
334 1 212480 237056
334 1 368128 372224
335 1 220672 224768
335 1 478720 482816
334 1 417280 421376
335 1 265728 269824
335 1 499200 503296
887 1 233472 235008
334 1 474624 482816
335 1 376320 380416
2 1 245760 249856
14 1 294912 299008
73 1 389120 393216
813 1 221184 229376
28 1 204800 208896
73 1 421888 430080
28 2 188416 196608 196608 200704
28 1 176128 184320
73 1 438272 442368
73 1 405504 413696
108 1 475136 483328
108 1 446464 458752
2 2 249856 262144 262144 270336
106 1 65536 73728
107 1 81920 94208
108 1 491520 499712
108 1 462848 471040
108 1 507904 512000
74 1 40960 45056
780 1 352256 356352
780 1 294912 299008
780 1 24576 28672
123 1 208896 249856
778 1 311296 315392
780 1 507904 512000
115 1 503808 516096
823 1 520192 524288
824 1 0 12288
868 1 299008 303104
123 1 249856 253952
116 2 49152 65536 65536 131072
116 1 131072 135168
879 1 53248 65536
269 1 413696 417792
269 1 409600 413696
593 1 143360 163840
879 1 65536 69632
269 1 413696 417792
879 1 69632 73728
81 1 512000 516096
962 1 94208 102400
973 1 483328 524288
974 1 0 8192
459 1 214528 215552
981 1 252416 253440
575 1 40960 61440
2 1 28672 29696
974 1 8192 16384
459 1 215552 216576
981 1 253440 254464
101 1 202752 204800
985 1 143360 147456
258 2 126976 131072 131072 147456
985 1 147456 180224
985 1 180224 184320
18 1 458752 466944
18 1 466944 471040
101 1 204800 207360
258 1 126976 131072
891 1 417280 421376
167 1 265728 269824
937 1 437760 441856
985 1 184320 192512
101 1 207360 208896
130 1 520192 524288
985 1 192512 196608
649 1 454656 458752
649 1 471040 520192
362 1 339968 352256
756 8 32768 65536 65536 131072 131072 196608 196608 262144 262144 327680 327680 393216 393216 458752 458752 524288
757 1 0 32768
58 1 90112 106496
58 1 106496 110592
650 1 94720 95232
757 8 32768 65536 65536 131072 131072 196608 196608 262144 262144 327680 327680 393216 393216 458752 458752 524288
758 1 0 32768
225 1 65536 69632
224 2 61440 65536 65536 115200
223 7 119296 131072 131072 196608 196608 262144 262144 327680 327680 393216 393216 458752 458752 524288
224 1 0 61440
212 1 274432 282624
225 1 69632 119296
224 7 115200 131072 131072 196608 196608 262144 262144 327680 327680 393216 393216 458752 458752 524288
225 1 0 65536
212 1 282624 286720
540 1 335872 352256
240 1 483328 487424
388 1 507904 524288
389 1 0 4096
576 1 40960 45056
980 1 241664 245760
225 7 119296 131072 131072 196608 196608 262144 262144 327680 327680 393216 393216 458752 458752 524288
226 2 0 65536 65536 119296
813 1 204800 208896
240 1 409600 413696
869 1 488960 489472
3 1 172032 188416
623 1 278528 282624
623 1 241664 249856
624 1 36864 40960
623 1 503808 512000
623 1 401408 409600
624 2 188416 196608 196608 200704
624 1 139264 143360
624 1 495616 499712
624 1 45056 49152
624 1 221184 225280
624 1 274432 286720
625 1 61440 65536
625 1 172032 176128
625 1 434176 438272
625 1 462848 466944
625 1 442368 446464
628 1 454656 458752
629 1 40960 45056
628 1 495616 503808
628 1 479232 483328
493 1 372736 385024
626 1 282624 327680
104 1 487424 491520
438 1 208896 212992
47 1 155648 163840
44 1 217088 221184
626 2 376832 393216 393216 397312
626 1 397312 401408
331 1 19968 20480
966 1 305664 306176
574 1 172032 172544
966 1 306688 307200
864 1 24576 28672
798 1 520704 524288
799 8 0 65536 65536 131072 131072 196608 196608 262144 262144 327680 327680 393216 393216 458752 458752 520704
858 1 397312 401408
65 1 352256 356352
263 1 315392 319488
603 1 16384 20480
238 1 352256 356352
167 1 176128 180224
870 1 368640 376832
893 1 110592 111104
263 1 352256 356352
219 1 12288 16384
89 1 483328 491520
167 1 200704 204800
337 2 53248 65536 65536 94208
182 2 381440 393216 393216 425984
401 1 253952 258048
223 1 393216 393728
89 1 491520 495616
174 2 258048 262144 262144 274432
183 1 483328 524288
184 1 0 24576
554 1 32768 36864
570 7 86016 131072 131072 196608 196608 262144 262144 327680 327680 393216 393216 458752 458752 508416
665 1 73728 98304
883 1 466944 471040
665 1 98304 102400
617 1 364544 368640
64 1 8192 12288
278 1 143360 147456
115 1 372736 380928
537 1 421888 425984
115 1 380928 385024
540 1 0 32768
753 1 520192 524288
754 1 0 57344
537 1 425984 430080
101 1 385024 389120
98 1 380928 385024
390 1 57344 61440
730 1 446464 447488
464 1 16384 20480
223 1 397312 401408
127 1 147456 151552
454 1 496128 524288
455 8 0 65536 65536 131072 131072 196608 196608 262144 262144 327680 327680 393216 393216 458752 458752 496128
455 1 496128 524288
456 1 0 65536
71 2 454656 458752 458752 495616
336 1 7680 11776
800 1 36352 40448
800 1 118272 122368
800 1 503296 507392
801 2 192000 196608 196608 200192
833 1 519680 523776
801 2 261632 262144 262144 269824
800 1 355840 359936
801 1 253440 257536
841 1 294912 315392
801 1 347648 351744
801 1 380416 384512
802 1 212480 216576
802 1 388608 392704
803 1 269824 273920
803 1 474624 478720
801 1 273920 282112
803 1 515584 519680
804 1 101888 105984
211 1 401408 405504
687 1 466944 524288
565 2 4096 65536 65536 69632
438 1 200704 204800
599 2 294912 327680 327680 360448
843 1 258048 262144
600 1 491520 524288
601 1 0 32768
83 1 266240 270336
844 1 131072 147456
691 1 196608 253952
602 2 98304 131072 131072 163840
803 1 270336 274432
629 1 143360 147456
629 1 90112 94208
629 1 294912 299008
629 1 192512 196608
629 1 348160 352256
630 1 4096 8192
630 1 151552 155648
630 1 270336 274432
631 1 204800 208896
631 1 356352 360448
632 1 417792 421888
630 1 245760 249856
643 1 221184 225280
629 1 241664 249856
630 1 200704 204800
643 1 270336 299008
631 1 86016 90112
631 1 307200 311296
632 1 393216 397312
630 1 503808 512000
112 1 495616 503808
112 1 503808 507904
697 1 90112 91648
155 1 356352 372736
557 1 81920 86016
870 1 417792 425984
995 1 73728 81920
112 1 483328 491520
969 1 458752 462848
524 2 126976 131072 131072 147456
59 1 360448 364544
969 1 479232 483328
222 1 290816 299008
715 1 16384 24576
289 1 405504 410112
771 1 376832 385024
735 1 352256 356352
582 2 167936 196608 196608 225280
18 1 413696 417792
822 2 118784 131072 131072 155648
222 1 299008 303104
864 1 131072 196608
201 1 4096 8192
582 1 225280 229376
764 1 110592 114688
286 1 262144 327680
822 1 155648 159744
735 1 356352 364544
370 1 258048 262144
735 1 364544 368640
198 1 249856 253952
661 1 53248 57344
828 1 0 4096
487 1 53248 57344
828 1 98304 102400
824 1 155648 159744
827 1 270336 274432
84 1 172032 176128
937 1 385024 393216
84 1 241664 245760
86 1 512000 520192
48 1 327680 335872
983 1 286720 290816
48 1 335872 339968
983 1 274432 278528
997 1 344064 364544
631 1 253952 258048
642 1 458752 462848
631 1 409600 413696
770 1 143360 155648
629 1 380928 385024
177 1 344064 356352
698 2 122880 131072 131072 135168
154 1 65536 73728
152 1 8192 16384
152 1 77824 81920
162 1 393216 397312
166 1 233472 237568
162 1 401408 405504
154 1 339968 344064
154 1 151552 155648
168 1 196608 200704
775 1 188416 192512
775 1 16384 20480
129 1 90112 94208
795 1 409600 413696
107 1 73728 77824
109 1 16384 24576
109 1 40960 49152
109 2 61440 65536 65536 73728
109 1 77824 118784
127 2 167936 196608 196608 262144
108 1 520192 524288
109 1 0 12288
109 1 57344 61440
67 2 438272 458752 458752 483328
126 1 479232 524288
127 3 0 65536 65536 131072 131072 159744
168 1 167936 172032
156 1 118784 122880
156 1 126976 131072
156 1 139264 147456
168 1 405504 409600
156 2 188416 196608 196608 245760
156 2 258048 262144 262144 315392
156 2 323584 327680 327680 393216
168 1 413696 417792
169 2 122880 131072 131072 176128
772 1 475136 479232
813 1 499712 507904
2 1 29696 30720
81 1 516096 520192
804 1 36352 40448
802 1 93696 97792
802 1 441856 445952
804 1 114176 122368
804 1 204288 208384
804 1 212480 216576
804 1 52736 60928
803 1 503296 511488
804 1 138752 151040
705 2 389120 393216 393216 405504
705 1 405504 409600
916 1 98304 102400
118 1 77824 86016
118 1 86016 90112
179 1 40960 45056
806 1 442368 446464
72 1 65536 73728
72 1 73728 77824
598 1 360448 364544
215 1 86016 94208
837 8 53248 65536 65536 131072 131072 196608 196608 262144 262144 327680 327680 393216 393216 458752 458752 508416
317 2 380928 393216 393216 401408
96 1 413696 417792
176 1 483328 499712
861 1 331776 332288
576 1 68608 70144
861 1 339968 340480
837 1 508416 524288
838 8 0 65536 65536 131072 131072 196608 196608 262144 262144 327680 327680 393216 393216 458752 458752 508416
838 1 508416 524288
839 8 0 65536 65536 131072 131072 196608 196608 262144 262144 327680 327680 393216 393216 458752 458752 508416
861 1 348160 348672
824 1 249856 262144
121 1 262144 311296
824 1 327680 348160
375 1 147456 159744
375 1 159744 163840
233 1 65536 81920
871 1 131072 196608
375 1 163840 172032
842 1 413696 425984
375 1 172032 176128
901 1 352256 356352
848 1 323584 327680
849 1 262144 278528
813 1 270336 274432
181 1 483328 503808
48 1 483328 487424
449 1 233472 258048
266 1 106496 131072
317 1 479232 483328
990 1 114688 126976
838 1 135168 147456
827 1 147456 151552
321 1 73728 77824
17 1 208896 212992
176 2 114688 131072 131072 135168
892 1 401408 405504
553 1 327680 344064
738 1 520192 524288
739 1 0 20480
631 1 98304 102400
631 1 106496 118784
395 1 159744 163840
804 1 479232 483328
567 1 258048 262144
256 1 466944 471040
567 1 327680 356352
813 1 491008 495104
293 1 16384 20480
779 1 110592 114688
561 1 315392 319488
506 1 172032 176128
831 3 212992 262144 262144 327680 327680 393216
542 1 471040 503808
937 1 393216 397312
803 1 204800 208896
3 1 172032 188416
589 1 0 512
98 1 24576 28672
722 1 61440 65536
367 2 385024 393216 393216 405504
367 1 405504 409600
555 1 495616 496128
883 1 430080 434176
98 1 266240 270336
722 1 61440 65536
367 1 409600 434176
367 1 434176 438272
883 1 430080 434176
98 1 266240 270336
722 1 61440 65536
367 2 438272 458752 458752 471040
555 1 496128 496640
367 1 471040 475136
868 1 184320 188416
26 3 332288 393216 393216 458752 458752 524288
27 6 0 65536 65536 131072 131072 196608 196608 262144 262144 327680 327680 332288
603 1 229376 230400
567 1 479232 483328
691 2 253952 262144 262144 327680
567 1 487424 503808
952 1 421888 425984
376 1 520192 524288
169 2 12288 65536 65536 118784
169 1 204800 212992
168 2 421888 458752 458752 524288
169 1 0 8192
169 1 221184 225280
169 1 184320 188416
169 2 241664 262144 262144 307200
106 1 73728 77824
154 1 0 40960
173 2 253952 262144 262144 274432
789 1 69632 71168
173 1 200704 204800
168 1 393216 401408
857 1 360448 364544
171 1 65536 118784
173 1 212992 217088
790 1 352256 357376
67 1 483328 487424
48 1 483328 487424
813 1 290816 294912
170 5 196608 262144 262144 327680 327680 393216 393216 458752 458752 524288
171 1 0 45056
340 1 303104 311296
535 1 36864 40960
543 1 430080 434176
3 1 196608 204800
198 1 299008 303104
877 1 475136 512000
340 1 311296 315392
829 2 331776 393216 393216 397312
349 1 360448 380928
20 2 126976 131072 131072 135168
208 1 417792 421888
385 1 222208 223232
121 1 192512 196608
592 1 20480 20992
65 1 73728 81920
385 1 223232 224256
65 1 81920 86016
385 1 224256 225280
758 8 32768 65536 65536 131072 131072 196608 196608 262144 262144 327680 327680 393216 393216 458752 458752 524288
759 1 0 32768
514 1 458752 483328
969 1 438272 438784
121 2 192512 196608 196608 204800
974 1 16384 24576
459 1 216576 217600
223 1 397312 401408
981 1 254464 255488
772 1 110592 113664
972 1 151552 176128
436 1 491520 507904
974 1 24576 28672
570 1 86016 94208
201 1 286720 311296
361 1 253952 258048
37 1 208896 210944
767 1 180224 183296
910 1 176128 180224
912 1 466944 483328
949 1 94208 98304
949 1 94208 98304
110 1 139264 147456
938 1 172032 176128
110 1 147456 151552
978 1 442368 458752
567 1 356352 360448
497 1 475136 479232
561 1 335872 339968
677 1 221184 225280
883 1 393216 397312
709 1 118784 120832
524 1 126976 131072
898 1 208896 212992
937 2 454656 458752 458752 524288
938 3 0 65536 65536 131072 131072 176640
172 1 122880 131072
784 1 507904 512000
172 1 131072 135168
785 1 8192 12288
940 1 405504 434688
938 2 434688 458752 458752 524288
939 7 0 65536 65536 131072 131072 196608 196608 262144 262144 327680 327680 393216 393216 405504
940 1 434688 450560
684 2 376832 393216 393216 397312
939 2 405504 458752 458752 524288
940 6 0 65536 65536 131072 131072 196608 196608 262144 262144 327680 327680 389632
212 1 114688 126976
700 1 405504 406528
822 1 149504 150016
809 1 208896 229376
684 1 397312 401408
809 1 294912 327680
817 1 81920 90112
940 2 389632 393216 393216 405504
822 1 150016 150528
948 2 438272 458752 458752 524288
949 7 0 65536 65536 131072 131072 196608 196608 262144 262144 327680 327680 393216 393216 422400
571 8 37376 65536 65536 131072 131072 196608 196608 262144 262144 327680 327680 393216 393216 458752 458752 524288
572 1 0 37376
669 1 81920 86016
198 1 245760 249856
287 1 65536 69632
891 1 196608 200704
318 1 499712 503808
295 1 462848 475136
297 1 323584 327680
329 1 65536 69632
413 1 454656 458752
329 1 299008 303104
299 1 262144 266240
299 1 327680 331776
661 1 262144 266240
368 1 454656 458752
764 1 110592 114688
287 1 69632 73728
288 1 405504 409600
288 1 331776 344064
735 1 368640 376832
735 1 376832 380928
409 1 106496 114688
154 1 208896 212992
27 3 332288 393216 393216 458752 458752 524288
28 6 0 65536 65536 131072 131072 196608 196608 262144 262144 327680 327680 332288
831 1 327680 356352
498 1 331776 335872
697 2 65536 131072 131072 196608
242 2 253952 262144 262144 270336
362 1 188416 196608
739 1 344064 348160
105 2 49152 65536 65536 73728
342 1 65536 102400
452 1 221184 237568
350 2 32768 65536 65536 102400
739 1 278528 290816
358 2 32768 65536 65536 102400
429 1 45056 49152
25 2 118784 131072 131072 135168
17 1 274432 278528
883 1 188416 192512
318 1 401408 405504
517 1 237568 241664
535 1 282624 286720
820 1 20480 24576
11 1 376832 380928
234 1 225280 233472
804 1 479232 483328
172 1 233472 241664
314 1 69632 77824
17 1 208896 212992
338 2 454656 458752 458752 466944
298 1 417792 421888
362 2 126976 131072 131072 135168
841 1 315392 327680
337 1 94208 98304
475 1 471040 475136
318 1 397312 397824
252 1 430080 434176
189 2 163840 196608 196608 229376
146 1 4096 8192
190 2 229376 262144 262144 294912
851 1 16384 28672
146 1 36864 40960
191 2 229376 262144 262144 294912
223 1 393216 397312
193 2 303104 327680 327680 368640
223 1 385024 389120
194 2 237568 262144 262144 303104
390 1 204800 208896
893 1 118784 119296
189 1 77824 86016
196 1 327680 393216
610 1 192512 196608
223 1 393216 397312
81 1 270336 278528
223 1 397312 401408
179 1 421888 430080
180 1 308224 308736
223 1 393216 397312
176 1 430080 438272
107 1 139264 139776
106 2 121856 131072 131072 187392
180 1 308736 309248
107 1 139776 140288
180 1 309248 309760
131 1 65536 98304
131 1 98304 102400
990 1 397312 401408
149 1 65536 69632
966 1 352256 356352
966 1 192512 196608
4 1 409600 430080
985 1 196608 204800
985 1 204800 208896
258 1 147456 172032
985 1 208896 241664
187 1 105984 110080
127 1 437760 441856
421 1 401408 409600
421 1 409600 413696
0 1 147456 167936
48 1 413696 417792
973 1 307200 311296
334 1 323584 327680
72 1 495616 499712
99 1 212992 221184
973 1 262144 266240
99 1 245760 249856
379 1 12288 16384
914 1 446464 454656
973 1 258048 262144
28 1 167936 176128
346 1 94208 98304
99 1 188416 192512
990 1 155648 159744
54 1 425984 434176
22 1 331776 335872
73 1 69632 73728
522 1 118784 122880
637 1 290816 294912
80 1 421888 430080
159 1 368640 372736
883 1 491520 495616
226 7 119296 131072 131072 196608 196608 262144 262144 327680 327680 393216 393216 458752 458752 524288
227 2 0 65536 65536 119296
123 1 262144 278528
80 1 491520 495616
227 5 119296 131072 131072 196608 196608 262144 262144 327680 327680 385536
227 3 385536 393216 393216 458752 458752 524288
228 1 0 53760
3 1 188416 196608
4 1 196608 208896
195 1 282624 286720
376 1 196608 200704
195 1 294912 299008
165 1 393216 397312
235 1 69632 73728
195 1 151552 155648
396 1 466944 471040
123 1 278528 299008
803 1 270336 274432
956 1 417792 421888
605 1 262144 266240
256 1 151552 155648
169 1 180224 184320
722 1 491520 524288
723 1 0 45056
256 2 155648 196608 196608 217088
993 1 274432 294912
1 1 131072 176128
269 1 364544 380928
169 2 184320 196608 196608 208896
169 1 208896 212992
23 1 147456 151552
85 1 409600 413696
269 2 380928 393216 393216 401408
354 1 475136 524288
355 1 0 16384
723 1 45056 49152
573 1 167936 172032
784 2 323584 327680 327680 331776
713 1 176128 180224
492 2 311296 327680 327680 344064
492 1 344064 348160
784 1 327680 331776
784 1 327680 331776
22 1 495616 503808
22 1 503808 507904
784 1 327680 331776
0 1 376832 380928
0 1 507904 512000
1 1 331776 335872
40 1 65536 69632
65 1 376832 377344
65 1 377344 393216
180 1 458752 463872
180 1 463872 467968
180 1 467968 472064
503 1 16384 20480
697 1 458752 516096
511 1 327680 331776
107 1 454656 458752
28 2 332288 393216 393216 430080
29 1 458752 507904
516 1 507904 512000
567 1 360448 368640
898 1 352256 356352
898 1 360448 364544
497 1 475136 487424
109 1 114688 122880
883 1 458752 462848
907 1 122880 126976
109 1 122880 126976
907 1 262144 266240
497 1 483328 491520
814 1 45056 49152
869 1 159744 172032
982 1 233472 245760
223 1 393216 397312
858 1 397312 401408
81 1 512000 516096
96 1 417792 421888
883 1 466944 487424
120 1 347648 351744
611 1 28160 32256
611 1 56832 60928
611 1 36352 48640
611 1 138752 146944
611 1 89600 105984
611 1 216576 220672
611 2 196096 196608 196608 204288
611 1 294400 298496
200 1 331776 335872
740 1 69632 77824
740 1 86016 90112
711 1 462848 495616
938 1 172032 176128
893 1 258048 262144
374 2 364544 393216 393216 397312
150 2 49152 65536 65536 69632
16 1 401408 409600
96 1 131072 135168
211 1 266240 270336
730 1 299008 307712
848 1 114688 118784
681 1 335872 352256
767 1 217088 229376
838 1 143360 155648
361 1 258048 262144
62 1 139264 147456
17 1 274432 278528
883 1 221184 225280
751 1 299008 303104
364 1 237568 241664
754 1 401408 405504
362 1 4096 12288
372 1 0 4096
391 1 356352 368640
427 1 368640 372736
391 1 450560 454656
915 1 376832 380928
335 1 364544 368640
915 1 184320 188416
572 1 37376 65536
954 1 258048 262144
91 1 425984 438272
572 7 77824 131072 131072 196608 196608 262144 262144 327680 327680 393216 393216 458752 458752 524288
573 1 0 49664
884 1 217088 225280
611 1 151040 192000
611 1 273920 290304
611 2 228864 262144 262144 269824
611 2 323072 327680 327680 351744
611 1 359936 364032
612 1 7680 11776
611 2 392704 393216 393216 396800
611 1 384512 388608
611 1 499200 503296
611 1 368128 372224
611 1 425472 437760
612 1 19968 24064
612 1 32256 36352
612 2 65024 65536 65536 69120
612 1 159232 167424
612 1 138752 155136
612 1 97792 105984
612 1 183808 187904
612 1 249344 253440
612 1 310784 314880
407 3 155648 196608 196608 262144 262144 270336
181 1 503808 516096
91 1 61440 65536
733 1 499712 503808
734 2 126976 131072 131072 135168
91 1 131072 167936
734 1 135168 196608
864 1 65536 131072
110 1 131072 196608
91 1 167936 172032
248 1 192512 196096
803 1 274432 278528
230 1 16384 20480
933 1 184320 188416
550 1 376832 385024
330 1 475136 491520
330 1 512000 524288
331 1 0 8192
797 1 102400 106496
339 1 12288 28672
230 1 16384 20480
375 1 176128 196608
113 1 229376 241664
3 1 126976 131072
243 1 77824 98304
4 1 131072 147456
113 1 90112 94208
505 1 249856 253952
883 1 409600 413696
675 1 118784 126976
131 1 344064 352256
212 1 28672 32768
515 1 233472 237568
918 1 458752 487424
114 2 446464 458752 458752 462848
457 2 307200 327680 327680 339968
918 1 487424 491520
243 1 98304 110592
985 1 245760 249856
57 1 176128 184320
51 1 462848 471040
215 1 94208 98304
135 1 155648 159744
12 1 61440 64000
270 1 512000 512512
102 1 45056 49152
847 1 303104 306176
834 1 118784 122880
834 1 397312 401408
233 1 196608 208896
356 1 393216 397312
233 1 221184 225280
233 1 245760 249856
240 1 90112 94208
233 1 229376 241664
239 1 278528 282624
240 1 389120 393216
240 1 122880 126976
241 1 192512 196608
28 2 430080 458752 458752 524288
29 5 0 65536 65536 131072 131072 196608 196608 262144 262144 283136
223 1 401408 458752
83 1 270336 274432
844 1 147456 159744
673 1 81920 94208
554 1 40960 45056
803 1 204800 208896
716 3 0 65536 65536 131072 131072 180224
554 1 503808 507904
83 1 266240 270336
29 3 283136 327680 327680 393216 393216 458752
888 1 212992 233472
813 1 208896 212992
803 1 196608 200704
506 1 172032 180224
669 1 94208 98304
661 1 57344 61440
937 1 397312 430080
754 1 57344 61440
137 1 507904 512000
65 1 221184 225280
632 1 442368 446464
163 1 360448 364544
98 1 253952 258048
591 1 274432 278528
115 1 405504 409600
319 1 98304 106496
861 1 356352 356864
839 1 508416 524288
840 8 0 65536 65536 131072 131072 196608 196608 262144 262144 327680 327680 393216 393216 458752 458752 508416
319 1 106496 110592
188 1 94208 94720
861 1 364544 365056
841 4 286720 327680 327680 393216 393216 458752 458752 512512
840 1 508416 524288
841 5 0 65536 65536 131072 131072 196608 196608 262144 262144 282624
185 1 249856 253952
648 1 417792 442368
20 1 135168 139264
10 2 434176 458752 458752 466944
201 1 311296 315392
349 1 380928 393216
208 1 483328 487424
27 2 385024 393216 393216 450560
68 1 266240 270336
146 2 192512 196608 196608 200704
146 1 200704 204800
451 1 114688 122880
908 1 344064 348160
376 1 266240 270336
13 1 204800 212992
479 1 106496 110592
625 1 413696 417792
372 1 32768 36864
428 1 344064 352256
274 1 475136 483328
681 1 360448 364544
12 1 352256 356352
13 1 212992 217088
994 1 442368 450560
996 1 294912 303104
226 2 323584 327680 327680 348160
234 1 229376 241664
17 1 208896 212992
612 1 216576 224768
612 1 318976 323072
612 1 347648 351744
612 1 404992 409088
612 1 437760 441856
612 1 503296 507392
612 1 466432 486912
612 1 450048 458240
612 1 511488 515584
613 1 52736 56832
613 2 130560 131072 131072 138752
613 1 171520 175616
613 1 69120 81408
613 1 142848 146944
813 1 204800 208896
65 1 86016 94208
65 1 94208 98304
813 1 196608 200704
759 8 32768 65536 65536 131072 131072 196608 196608 262144 262144 327680 327680 393216 393216 458752 458752 524288
760 1 0 32768
934 2 290816 327680 327680 376832
880 1 65536 69632
879 1 516096 520192
760 8 32768 65536 65536 131072 131072 196608 196608 262144 262144 327680 327680 393216 393216 458752 458752 524288
761 1 0 32768
907 1 282624 286720
883 1 393216 401408
805 1 442368 446464
15 1 417792 425984
333 1 425984 442368
192 1 417792 421888
511 1 167936 172032
828 1 495104 511488
947 1 167936 169472
55 1 335872 340480
985 1 241664 245760
187 1 364032 368128
258 1 147456 151552
985 1 245760 253952
985 1 253952 258048
4 1 430080 442368
444 1 94208 98304
744 1 512000 524288
745 1 0 8192
149 1 65536 69632
966 1 315392 319488
149 1 126976 131072
966 1 253952 258048
966 1 356352 360448
612 1 519680 524288
613 1 0 19968
613 1 265728 278016
613 2 196096 196608 196608 212480
613 1 85504 122368
613 1 159232 167424
613 1 237056 249344
840 1 446464 450560
742 1 241664 245760
544 1 81920 86016
843 1 204800 214016
582 1 393216 397312
844 1 446464 449536
969 1 385024 389120
840 1 36864 38912
842 1 110592 115200
370 1 335872 336384
739 1 339968 348160
532 1 204800 208896
764 1 110592 118784
735 2 380928 393216 393216 397312
735 1 397312 401408
688 1 270336 274432
764 1 114688 118784
735 1 401408 409600
813 1 270336 274432
735 1 409600 413696
357 1 159744 163840
877 1 401408 405504
880 1 151552 155648
356 1 8192 12288
878 1 258048 262144
205 1 421888 454656
202 1 156160 156672
858 1 393216 397312
799 1 520704 524288
800 8 0 65536 65536 131072 131072 196608 196608 262144 262144 327680 327680 393216 393216 458752 458752 520704
258 1 69632 73728
186 1 491520 495616
173 1 4096 5632
294 1 290816 294912
536 1 65536 69632
508 1 196608 200704
811 1 516096 524288
812 1 0 32768
800 1 520704 524288
801 8 0 65536 65536 131072 131072 196608 196608 262144 262144 327680 327680 393216 393216 458752 458752 520704
812 1 32768 36864
193 1 225280 233472
193 1 233472 237568
864 1 28672 40960
187 2 53248 65536 65536 118784
801 1 520704 524288
802 8 0 65536 65536 131072 131072 196608 196608 262144 262144 327680 327680 393216 393216 458752 458752 520704
858 1 397312 401408
29 1 507904 524288
30 6 0 65536 65536 131072 131072 196608 196608 262144 262144 327680 327680 332288
803 1 200704 204800
83 1 270336 274432
28 1 49152 53248
779 1 315392 319488
816 1 253952 258048
77 1 94208 98304
316 2 36864 65536 65536 77824
557 1 376832 380928
203 1 507904 512000
269 1 409600 413696
813 1 204800 212992
842 1 446464 458752
51 1 258048 262144
843 1 327680 331776
52 1 393216 405504
803 1 274432 282624
813 1 274432 278528
51 1 323584 327680
52 1 405504 409600
52 1 131072 143360
780 1 167936 171520
981 1 192512 196608
886 1 462848 466944
841 1 520192 524288
842 1 393216 409600
142 3 16384 65536 65536 131072 131072 143360
813 1 225280 229376
109 1 102400 110592
142 1 143360 147456
144 1 471040 475136
174 1 233472 237568
826 1 204800 208896
559 1 237568 241664
165 1 495616 499712
639 1 122880 126976
639 1 114688 118784
109 1 110592 114688
501 1 208896 212992
346 1 94208 102400
142 1 147456 196608
142 1 196608 200704
259 1 487424 495616
495 1 90112 98304
355 1 81920 86016
240 1 311296 315392
241 1 258048 262144
239 1 286720 290816
241 1 405504 409600
239 1 315392 319488
322 1 266240 282624
446 1 290816 299008
446 1 217088 221184
446 1 303104 307200
322 1 315392 323584
446 1 237568 241664
322 1 294912 299008
446 1 339968 344064
241 1 466944 475136
241 1 507904 512000
446 1 315392 323584
447 1 204800 212992
107 1 140288 140800
219 2 442368 458752 458752 524288
220 1 0 8192
461 1 12288 16384
136 1 200704 204800
17 1 274432 282624
473 1 208896 212992
350 1 32768 36864
535 1 319488 327680
220 1 8192 12288
219 1 503808 512000
17 1 212992 217088
851 1 475136 479232
723 1 241664 245760
622 1 233472 258048
9 1 430080 446464
589 1 65536 69632
223 1 393728 394240
64 1 425984 434176
197 1 393216 414208
189 1 221184 225280
189 1 221184 229376
189 1 233472 237568
197 1 414208 458752
198 1 327680 393216
189 1 221184 225280
199 1 393216 458752
893 1 126976 127488
200 1 458752 524288
223 1 394240 394752
202 2 4096 65536 65536 69632
165 1 356352 372736
204 2 69632 131072 131072 135168
315 1 475136 479232
202 1 278528 282624
845 1 147456 149504
844 1 512000 517120
845 1 282624 285184
588 1 86016 87552
74 1 192512 196608
587 1 360448 363008
587 1 425984 430592
98 2 385024 393216 393216 405504
494 1 24576 28672
315 1 491520 495616
370 1 331776 335872
532 1 221184 229376
578 1 307200 311296
232 1 466944 471040
444 1 106496 110592
447 1 167936 172032
985 2 258048 262144 262144 266240
312 1 69632 73728
985 1 266240 270336
937 1 8192 12288
530 1 425984 430080
75 1 311296 327680
22 1 24576 30720
511 1 155648 159744
586 1 438272 442368
497 1 487424 491520
834 1 28672 32768
660 1 327680 331776
834 1 172032 176128
689 1 180224 184320
883 1 462848 466944
452 1 237568 241664
452 1 458752 462848
453 1 327680 339968
1 1 290816 294912
400 1 110592 111616
400 1 106496 110592
935 1 69632 102400
803 1 204800 208896
803 1 200704 204800
153 2 176128 196608 196608 233472
697 1 454656 458752
948 2 337920 393216 393216 403456
134 1 65536 126976
331 1 385024 393216
803 1 270336 274432
332 1 94208 106496
940 2 430080 458752 458752 466944
739 1 274432 282624
813 1 204800 208896
908 1 98304 102400
884 1 184320 187904
850 1 155648 176128
471 1 139264 143360
410 1 77824 81920
200 1 8192 10752
742 1 143360 147456
741 1 487424 491520
813 1 208896 212992
558 1 180224 184320
316 1 77824 81920
223 1 397312 401408
301 1 94208 98304
83 1 266240 270336
559 1 475136 479232
301 1 102400 106496
160 1 417792 421888
30 3 332288 393216 393216 458752 458752 524288
31 6 0 65536 65536 131072 131072 196608 196608 262144 262144 327680 327680 332288
131 1 352256 356352
10 1 253952 258048
57 1 180224 184320
752 1 495616 524288
753 1 0 16384
753 1 16384 20480
493 1 430080 434176
395 1 282624 286720
413 1 438272 442880
999 1 471040 500736
114 1 462848 483328
650 1 401408 404480
682 1 385024 389120
92 1 319488 327680
948 1 159744 163840
3 1 258048 262144
859 1 376832 380928
79 1 360448 364544
798 1 135168 143360
187 1 258048 262144
286 1 36864 40960
187 1 491520 495616
775 1 499712 524288
776 1 0 49152
776 1 49152 53248
873 1 315392 319488
358 1 216064 217088
239 1 32768 34304
112 1 446464 454656
530 1 506880 507392
813 1 204800 212992
868 1 184320 188416
813 1 274432 278528
868 1 184320 188416
281 1 479232 483328
231 1 339968 344064
94 1 151552 155648
140 1 360448 364544
813 1 208896 212992
868 1 184320 188416
94 1 188416 196608
813 1 274432 278528
868 1 184320 188416
885 1 413696 416768
813 1 208896 217088
868 1 184320 188416
324 1 327680 331776
813 1 278528 282624
979 1 299008 315392
572 1 32768 49152
664 1 503296 507392
890 1 294912 311296
91 1 172032 184320
409 1 212992 229376
415 1 458752 475136
422 1 507904 524288
423 1 0 16384
243 1 425984 442368
91 1 184320 188416
627 1 499712 507904
134 1 163840 176128
627 1 507904 512000
180 1 472064 476160
40 1 69632 73728
181 1 385024 385536
926 1 380928 385024
687 1 393216 397312
40 1 65536 69632
553 1 327680 352256
845 1 491520 495616
554 1 8192 24576
846 1 20480 32768
553 2 434176 458752 458752 479232
745 1 90112 102400
747 1 90112 106496
869 1 36864 49152
48 1 290816 323584
191 1 434176 442368
171 1 102400 106496
389 2 417792 458752 458752 524288
390 3 0 65536 65536 131072 131072 192512
181 1 389120 393216
937 1 430080 434176
589 1 176128 180224
306 1 122880 126976
21 1 258048 262144
317 1 360448 364544
431 1 466944 471040
590 1 397312 401408
9 1 446464 450560
622 1 258048 262144
829 1 258048 262144
803 1 200704 204800
721 1 110592 111104
460 1 180224 192512
375 1 208896 212992
538 1 217088 225280
159 1 368640 376832
228 7 119296 131072 131072 196608 196608 262144 262144 327680 327680 393216 393216 458752 458752 524288
229 2 0 65536 65536 119296
883 1 425984 430080
229 3 385536 393216 393216 458752 458752 524288
230 2 0 65536 65536 119296
229 5 119296 131072 131072 196608 196608 262144 262144 327680 327680 385536
230 1 507904 524288
231 2 0 65536 65536 123392
230 7 119296 131072 131072 196608 196608 262144 262144 327680 327680 393216 393216 458752 458752 503808
709 1 32768 36864
708 1 499712 500736
181 1 458752 479232
48 1 421888 442368
672 1 102400 103424
233 1 98304 102400
232 1 65536 119296
231 7 123392 131072 131072 196608 196608 262144 262144 327680 327680 393216 393216 458752 458752 524288
232 1 0 65536
456 7 69632 131072 131072 196608 196608 262144 262144 327680 327680 393216 393216 458752 458752 500224
998 1 253952 262144
998 1 262144 266240
456 1 500224 524288
457 8 0 65536 65536 131072 131072 196608 196608 262144 262144 327680 327680 393216 393216 458752 458752 500224
457 1 500224 524288
458 8 0 65536 65536 131072 131072 196608 196608 262144 262144 327680 327680 393216 393216 458752 458752 500224
352 1 290816 295936
458 1 500224 524288
459 8 0 65536 65536 131072 131072 196608 196608 262144 262144 327680 327680 393216 393216 458752 458752 500224
40 1 344064 360448
803 1 270336 278528
459 1 500224 524288
460 8 0 65536 65536 131072 131072 196608 196608 262144 262144 327680 327680 393216 393216 458752 458752 500224
24 1 458752 462848
873 1 372736 374272
884 1 245760 249344
210 1 229376 233472
861 1 69632 72704
241 1 28672 40960
764 1 114688 118784
27 1 323584 327680
875 1 335872 339968
881 1 204800 208896
735 1 413696 421888
868 1 393216 401408
609 1 94208 98304
40 1 376832 393216
803 1 294912 307200
735 1 421888 425984
803 1 278528 290816
41 1 0 4096
803 1 204800 208896
981 1 405504 409600
999 1 327680 348160
981 1 405504 413696
764 1 114688 118784
981 1 417792 421888
885 1 385536 386048
810 2 393728 458752 458752 524288
811 7 0 65536 65536 131072 131072 196608 196608 262144 262144 327680 327680 393216 393216 393728
223 1 397312 401408
811 2 393728 458752 458752 524288
812 7 0 65536 65536 131072 131072 196608 196608 262144 262144 327680 327680 393216 393216 393728
812 2 393728 458752 458752 524288
813 7 0 65536 65536 131072 131072 196608 196608 262144 262144 327680 327680 393216 393216 393728
814 2 393728 458752 458752 524288
815 7 0 65536 65536 131072 131072 196608 196608 262144 262144 327680 327680 393216 393216 393728
813 2 393728 458752 458752 524288
814 7 0 65536 65536 131072 131072 196608 196608 262144 262144 327680 327680 393216 393216 393728
817 2 393728 458752 458752 524288
818 3 0 65536 65536 131072 131072 193024
298 1 77824 81920
258 1 172032 196608
985 1 270336 303104
985 1 303104 307200
586 1 442368 450560
586 1 450560 454656
524 1 147456 167936
257 1 126976 131072
4 1 196608 204800
405 2 40960 65536 65536 90112
649 1 360448 364544
634 1 294912 295936
257 1 159744 163840
894 1 499712 503808
159 1 425984 430080
14 1 290816 299008
14 1 299008 303104
141 1 28672 32768
140 1 491520 495616
485 1 495616 499712
841 1 438272 454656
996 1 217088 221184
0 1 442368 458752
842 1 131072 151552
81 1 40960 45056
41 1 462848 466944
42 1 86016 90112
950 1 196608 200704
66 1 159744 163840
322 1 233472 237568
73 1 286720 290816
222 1 344064 347136
198 1 135168 139264
194 1 491520 503808
803 1 286720 290816
868 1 299008 301056
633 1 290816 293888
199 1 114688 116224
212 1 163840 172032
481 1 417792 425984
229 1 40960 49152
500 1 163840 180224
676 1 401408 409600
129 2 195584 196608 196608 199168
560 1 229376 233472
83 1 270336 274432
563 1 471040 475136
567 1 118784 119296
275 2 319488 327680 327680 339968
301 1 311296 327680
89 2 389120 393216 393216 397312
89 1 397312 401408
48 1 36864 40960
202 1 344064 352256
192 1 282624 294912
414 1 69632 81920
770 1 65536 98304
813 1 208896 212992
631 1 49152 61440
428 1 90112 110592
484 1 282624 307200
514 1 393216 417792
848 1 221184 241664
451 1 131072 139264
233 1 290816 303104
451 1 159744 167936
451 1 143360 155648
398 1 499712 503808
532 1 245760 249856
573 8 49664 65536 65536 131072 131072 196608 196608 262144 262144 327680 327680 393216 393216 458752 458752 524288
574 1 0 49664
61 1 20480 21504
853 1 368640 372736
588 1 184320 188416
955 1 32768 36864
53 1 290816 294912
398 1 520192 524288
184 1 446464 450560
720 2 438272 458752 458752 520192
641 2 393216 458752 458752 524288
642 2 0 65536 65536 131072
473 2 212992 262144 262144 278528
225 3 376832 393216 393216 458752 458752 524288
186 1 225280 229376
202 1 516096 524288
203 4 0 65536 65536 131072 131072 196608 196608 253952
25 3 376832 393216 393216 458752 458752 524288
26 6 0 65536 65536 131072 131072 196608 196608 262144 262144 327680 327680 339968
719 5 94208 131072 131072 196608 196608 262144 262144 327680 327680 393216
191 1 442368 446464
301 1 200704 204800
168 1 20480 32768
169 1 266240 278528
168 1 307200 327680
40 1 69632 73728
984 5 151552 196608 196608 262144 262144 327680 327680 393216 393216 413696
985 2 413696 458752 458752 479232
168 1 77824 98304
899 1 200704 208896
884 1 413696 417792
884 1 421888 425984
868 1 393216 401408
885 1 225280 229376
885 1 233472 237568
888 1 212992 217088
431 1 479232 483328
134 1 385024 389120
506 1 176128 184320
506 1 61440 65536
937 1 434176 442368
884 1 262144 270336
829 2 196608 262144 262144 327680
938 1 139264 151552
134 1 393216 397312
813 1 270336 278528
744 1 163840 167936
995 1 487424 495616
351 1 102400 106496
995 1 495616 499712
848 1 221184 241664
257 1 167936 172032
405 1 90112 94208
659 1 401408 405504
231 1 0 4096
343 1 94208 98304
505 1 90112 92160
293 1 12288 32768
285 1 8192 12288
515 1 182272 182784
231 1 40960 45056
829 1 49152 53248
816 2 393728 458752 458752 524288
817 7 0 65536 65536 131072 131072 196608 196608 262144 262144 327680 327680 393216 393216 393728
815 2 393728 458752 458752 524288
816 7 0 65536 65536 131072 131072 196608 196608 262144 262144 327680 327680 393216 393216 393728
820 6 193024 196608 196608 262144 262144 327680 327680 393216 393216 458752 458752 524288
821 3 0 65536 65536 131072 131072 193024
818 6 193024 196608 196608 262144 262144 327680 327680 393216 393216 458752 458752 524288
819 3 0 65536 65536 131072 131072 193024
924 2 451072 458752 458752 524288
825 1 193024 196608
819 6 193024 196608 196608 262144 262144 327680 327680 393216 393216 458752 458752 524288
820 3 0 65536 65536 131072 131072 193024
823 6 193024 196608 196608 262144 262144 327680 327680 393216 393216 458752 458752 524288
824 3 0 65536 65536 131072 131072 193024
96 1 413696 417792
297 1 319488 323584
514 1 125440 126464
822 6 193024 196608 196608 262144 262144 327680 327680 393216 393216 458752 458752 524288
823 3 0 65536 65536 131072 131072 193024
261 1 516096 520192
160 1 398848 399360
261 1 442368 446464
160 1 404992 405504
160 1 409088 409600
75 7 90624 131072 131072 196608 196608 262144 262144 327680 327680 393216 393216 458752 458752 524288
76 2 0 65536 65536 90624
160 1 413184 413696
160 1 417280 417792
841 1 512512 524288
842 8 0 65536 65536 131072 131072 196608 196608 262144 262144 327680 327680 393216 393216 458752 458752 512512
258 1 172032 176128
0 1 200704 204800
90 1 262144 266240
985 1 307200 315392
481 1 516096 520192
255 1 0 4096
730 1 462848 466944
261 1 0 4096
872 1 28672 32768
260 1 393216 397312
985 1 315392 319488
843 1 217088 237568
803 1 270336 278528
843 1 237568 249856
178 1 405504 409600
363 1 57344 59904
803 1 303104 311296
836 1 438272 439296
412 1 499712 501248
387 1 385024 389120
269 1 352256 356352
288 1 57344 65536
287 1 503808 507904
239 1 294912 323584
239 1 323584 327680
570 1 372736 376832
570 1 409600 413696
821 1 299008 307200
817 1 81920 90112
949 2 422400 458752 458752 524288
950 7 0 65536 65536 131072 131072 196608 196608 262144 262144 327680 327680 393216 393216 422400
493 1 335872 339968
503 1 143360 151552
821 1 299008 307200
662 2 438272 458752 458752 466944
817 1 81920 90112
662 1 466944 471040
219 1 282624 294912
428 1 122880 123392
950 2 422400 458752 458752 524288
951 7 0 65536 65536 131072 131072 196608 196608 262144 262144 327680 327680 393216 393216 422400
176 1 483328 491520
951 2 422400 458752 458752 524288
952 7 0 65536 65536 131072 131072 196608 196608 262144 262144 327680 327680 393216 393216 422400
176 1 421888 425984
176 1 487424 491520
952 2 422400 458752 458752 524288
953 7 0 65536 65536 131072 131072 196608 196608 262144 262144 327680 327680 393216 393216 422400
583 1 471040 503808
176 1 421888 425984
953 1 422400 442368
566 1 348160 352256
641 2 188416 196608 196608 221184
292 1 352256 380928
160 1 487424 491520
608 1 110592 114688
608 1 94208 102400
567 1 119296 119808
224 1 487424 495616
566 1 356352 360448
31 3 332288 393216 393216 458752 458752 524288
32 6 0 65536 65536 131072 131072 196608 196608 262144 262144 327680 327680 332288
205 2 135168 196608 196608 200704
206 2 200704 262144 262144 266240
577 1 118784 131072
207 1 200704 221696
604 1 131072 184320
803 1 270336 274432
207 2 221696 262144 262144 266240
208 1 462848 524288
209 1 0 4096
165 1 372736 389120
853 1 294912 299008
870 1 352256 356352
439 1 266240 270336
662 1 512000 516096
329 1 503808 505856
876 1 323584 327680
168 1 188416 192512
595 1 16384 20480
726 1 86016 90112
853 1 512000 516096
52 1 98816 99328
363 1 245760 249856
761 8 32768 65536 65536 131072 131072 196608 196608 262144 262144 327680 327680 393216 393216 458752 458752 491520
363 1 262144 266240
763 1 327680 335872
762 4 323584 327680 327680 393216 393216 458752 458752 524288
763 1 0 24576
762 5 32768 65536 65536 131072 131072 196608 196608 262144 262144 323584
763 1 24576 36864
575 1 204800 206848
67 1 303104 319488
716 1 327680 330752
460 1 500224 524288
461 8 0 65536 65536 131072 131072 196608 196608 262144 262144 327680 327680 393216 393216 458752 458752 500224
67 1 356352 372736
499 1 286208 287232
53 2 167936 196608 196608 200704
251 1 180224 184320
81 1 4096 8192
81 1 4096 8192
976 1 282624 294912
976 1 294912 299008
826 1 458752 466944
826 1 471040 479232
490 1 401408 405504
883 1 172032 176128
883 1 155648 167936
961 1 487424 491520
706 1 299008 301568
492 1 315392 319488
961 1 507904 512000
271 1 16384 20480
769 1 126976 131072
891 1 24576 36864
859 1 188416 192512
778 1 323584 327680
777 1 36864 45056
644 2 61440 65536 65536 81920
644 1 81920 86016
803 1 270336 274432
998 1 0 20480
993 1 282624 290816
367 1 274432 311296
851 1 172032 192512
813 1 270336 278528
367 1 311296 315392
851 1 192512 196608
852 1 131072 139264
554 1 401408 434176
813 1 221184 225280
160 1 114688 118784
233 1 12288 16384
373 1 57344 61440
510 2 389120 393216 393216 421888
357 2 454656 458752 458752 462848
151 2 442368 458752 458752 524288
152 1 0 49152
373 1 45056 57344
159 1 270336 286720
782 1 20480 24576
911 1 192512 196608
903 1 507904 512000
272 2 229376 262144 262144 286720
272 1 286720 290816
220 2 454656 458752 458752 466944
813 1 270336 274432
66 1 458752 459264
851 1 8192 10240
813 1 200704 204800
221 1 315392 319488
795 1 258048 262144
938 1 253952 262144
511 1 163840 167936
511 1 155648 159744
517 1 77824 81920
849 1 462848 487424
432 1 475136 479232
683 1 446464 450560
24 1 245760 253952
146 2 385024 393216 393216 397312
24 1 253952 258048
834 1 503808 507904
15 1 389120 393216
218 1 233472 237568
430 2 294912 327680 327680 344064
149 1 65536 69632
966 1 315392 319488
966 1 253952 258048
97 1 409600 413696
149 1 126976 131072
966 1 356352 360448
495 1 442368 446464
494 1 36864 40960
222 1 110592 131072
493 1 520192 524288
138 1 393216 430080
138 1 430080 434176
856 1 245760 249856
810 1 176128 180224
412 1 184320 188416
946 2 401408 458752 458752 524288
947 5 0 65536 65536 131072 131072 196608 196608 262144 262144 327680
912 1 290816 294912
161 1 90112 94208
387 2 131072 196608 196608 262144
144 1 380928 385024
148 1 8192 12288
813 1 204800 208896
231 1 61440 65536
612 1 106496 110592
236 1 53248 57344
606 1 360448 364544
146 1 417792 430080
732 2 225280 262144 262144 270336
509 1 118784 126976
206 1 499712 503808
189 1 8192 16384
382 1 401408 405504
9 2 450560 458752 458752 471040
982 1 77824 81920
243 1 487424 491520
937 1 442368 446464
198 1 86016 118784
154 1 442368 450560
9 1 471040 475136
658 1 131072 147456
991 1 368640 372736
828 1 139264 143360
198 1 249856 253952
827 1 495616 499712
860 2 229376 262144 262144 270336
84 1 450560 454656
824 1 155648 159744
564 1 40960 45056
821 6 193024 196608 196608 262144 262144 327680 327680 393216 393216 458752 458752 524288
822 3 0 65536 65536 131072 131072 193024
740 2 409600 458752 458752 524288
741 2 0 65536 65536 122880
772 1 479232 487424
599 1 495616 499712
524 1 303104 323584
575 1 221184 225280
824 6 193024 196608 196608 262144 262144 327680 327680 393216 393216 458752 458752 524288
825 3 0 65536 65536 131072 131072 193024
304 1 454656 458752
877 5 196608 262144 262144 327680 327680 393216 393216 458752 458752 524288
878 1 0 39424
741 1 155648 172032
925 1 0 65536
223 1 393216 397312
741 1 172032 188416
833 1 311296 315392
883 1 401408 409600
53 1 315392 319488
842 1 331776 335872
970 1 450560 454656
500 1 167936 172032
458 1 372736 376832
842 1 352256 364544
574 8 49664 65536 65536 131072 131072 196608 196608 262144 262144 327680 327680 393216 393216 458752 458752 524288
575 1 0 36864
209 1 466944 524288
210 1 0 8192
759 1 331776 335872
652 1 413696 417792
883 1 102400 106496
876 1 16384 20480
803 1 442368 446464
329 1 499712 503808
52 1 118784 122880
51 1 184320 188416
348 1 290816 294912
854 1 40960 45056
210 2 401408 458752 458752 466944
876 1 32768 36864
872 1 323584 327680
174 1 401408 405504
876 1 57344 65536
211 2 401408 458752 458752 466944
899 1 475136 479232
305 1 397312 401408
140 1 131072 196608
375 1 458752 483328
355 2 32768 65536 65536 110592
839 1 335872 348160
375 1 483328 487424
839 1 413696 446464
871 1 131072 196608
638 1 24576 28672
839 1 446464 450560
375 1 487424 503808
375 1 503808 507904
905 1 229376 262144
586 2 454656 458752 458752 487424
586 1 487424 491520
697 1 389120 393216
809 1 167936 172032
348 1 430080 438272
524 1 147456 151552
458 1 475136 479232
458 1 483328 512000
586 1 491520 499712
458 1 512000 516096
586 1 499712 503808
9 1 323584 327680
834 1 32768 36864
834 1 200704 204800
807 1 77824 81920
689 1 180224 184320
271 1 385024 389120
983 5 151552 196608 196608 262144 262144 327680 327680 393216 393216 413696
732 4 290816 327680 327680 393216 393216 458752 458752 524288
733 1 0 28672
733 4 290816 327680 327680 393216 393216 458752 458752 524288
734 1 0 28672
949 2 339968 393216 393216 405504
199 1 516096 524288
200 5 0 65536 65536 131072 131072 196608 196608 262144 262144 290816
381 1 397312 425984
795 4 282624 327680 327680 393216 393216 458752 458752 524288
796 2 0 65536 65536 86016
167 2 430080 458752 458752 524288
168 3 0 65536 65536 131072 131072 167936
640 2 393216 458752 458752 524288
641 2 0 65536 65536 131072
899 1 208896 212992
553 1 352256 380928
963 2 331776 393216 393216 397312
642 2 393216 458752 458752 524288
643 2 0 65536 65536 131072
169 2 212992 262144 262144 270336
459 4 319488 327680 327680 393216 393216 458752 458752 524288
460 1 0 57344
203 1 516096 524288
204 3 0 65536 65536 131072 131072 188416
848 1 278528 286720
848 1 241664 245760
737 1 323584 327680
267 1 491520 495616
318 1 249856 253952
858 1 397312 401408
813 1 274432 278528
935 1 237568 245760
562 2 385024 393216 393216 450560
129 1 278528 282624
129 1 335872 339968
361 1 163840 167936
17 1 278528 286720
107 1 282624 294912
489 1 188416 192512
803 1 315392 323584
0 1 65536 69632
291 1 348160 349696
256 1 471040 475136
256 1 172032 176128
257 1 327680 331776
261 1 200704 204800
802 1 520704 524288
803 8 0 65536 65536 131072 131072 196608 196608 262144 262144 327680 327680 393216 393216 458752 458752 520704
421 1 8192 12288
57 1 167936 172032
26 1 368640 389120
702 1 352256 356352
727 8 20480 65536 65536 131072 131072 196608 196608 262144 262144 327680 327680 393216 393216 458752 458752 524288
728 1 0 20480
728 6 20480 65536 65536 131072 131072 196608 196608 262144 262144 327680 327680 344064
702 1 380928 389120
803 1 520704 524288
804 8 0 65536 65536 131072 131072 196608 196608 262144 262144 327680 327680 393216 393216 458752 458752 520704
174 1 49152 57344
567 1 139264 140288
567 1 119808 122880
567 1 204800 208896
83 1 266240 270336
567 1 140288 143360
292 1 380928 385024
495 1 520192 524288
496 1 0 36864
567 1 221184 222208
567 1 262144 266240
567 1 222208 226304
420 1 77824 98304
33 3 221184 262144 262144 327680 327680 336384
224 1 483328 491520
496 1 36864 40960
83 1 270336 274432
189 1 16384 20480
732 1 270336 274432
813 1 200704 204800
515 1 182784 183296
815 1 380928 385024
674 1 286720 290816
513 1 307200 315392
674 1 315392 319488
879 1 28672 32768
163 1 364544 368640
998 1 147456 148480
820 1 516096 520192
877 1 385024 393216
537 1 430080 434176
820 1 516096 520192
877 1 323584 327680
537 1 434176 438272
537 1 438272 442368
59 1 262144 282624
8 1 12288 16384
233 1 102400 123392
181 1 479232 491520
232 5 119296 131072 131072 196608 196608 262144 262144 327680 327680 385536
232 3 385536 393216 393216 458752 458752 524288
233 2 0 65536 65536 98304
159 1 372736 376832
883 1 491520 499712
233 7 123392 131072 131072 196608 196608 262144 262144 327680 327680 393216 393216 458752 458752 524288
234 2 0 65536 65536 123392
59 1 282624 294912
224 1 253952 258048
624 1 176128 180224
224 1 94208 102400
66 1 339968 344064
813 1 270336 274432
524 1 323584 327680
968 1 282624 290816
924 4 196608 262144 262144 327680 327680 393216 393216 451072
110 1 253952 262144
461 1 500224 524288
462 7 0 65536 65536 131072 131072 196608 196608 262144 262144 327680 327680 393216 393216 434688
25 1 0 4096
190 1 118784 126976
190 1 126976 131072
813 1 208896 212992
67 2 319488 327680 327680 339968
499 1 286720 287744
462 1 500224 524288
463 8 0 65536 65536 131072 131072 196608 196608 262144 262144 327680 327680 393216 393216 458752 458752 500224
417 1 434176 438272
985 1 319488 327680
430 1 344064 348160
985 1 327680 331776
505 1 491520 524288
506 1 0 20480
16 1 40960 49152
432 1 507904 512000
442 1 286720 288768
888 1 393216 397312
888 1 389120 393216
65 1 516096 524288
66 1 0 4096
735 1 425984 442368
981 1 405504 409600
735 1 442368 446464
41 1 4096 16384
764 1 114688 118784
735 1 446464 454656
32 1 487424 512000
735 1 454656 458752
841 1 344064 360448
770 1 270336 272384
803 1 270336 278528
764 1 114688 122880
735 1 458752 466944
753 1 425984 438272
753 1 360448 364544
918 1 139264 143360
54 1 192512 196608
753 1 360448 368640
253 1 454656 458752
20 1 507904 512000
429 1 102400 107008
138 1 430080 434176
622 1 262144 274432
982 1 77824 86016
861 1 204800 229376
937 1 446464 454656
982 1 90112 94208
622 1 274432 278528
589 1 0 512
506 1 180224 184320
937 1 454656 458752
703 1 417792 434176
154 1 450560 454656
198 1 245760 249856
982 1 77824 81920
84 1 241664 245760
265 1 122880 126976
888 1 208896 212992
763 1 294912 327680
763 5 40960 65536 65536 131072 131072 196608 196608 262144 262144 294912
763 3 335872 393216 393216 458752 458752 524288
764 1 0 36864
43 1 483328 524288
44 1 0 24576
52 1 99840 100352
510 1 169984 171520
375 1 32768 45056
813 1 270336 286720
33 1 471040 477184
813 1 270336 274432
848 1 438272 454656
894 1 4096 28672
877 1 262144 266240
877 1 253952 258048
848 1 454656 458752
851 1 196608 212992
516 2 269824 327680 327680 339456
380 2 397312 458752 458752 524288
381 7 0 65536 65536 131072 131072 196608 196608 262144 262144 327680 327680 393216 393216 397312
474 2 147456 196608 196608 212992
644 2 397312 458752 458752 524288
645 2 0 65536 65536 69632
437 2 73728 131072 131072 139264
64 2 163840 196608 196608 229376
222 1 65536 69632
181 1 385024 385536
151 2 315392 327680 327680 380928
152 1 352256 389120
332 2 339968 393216 393216 405504
687 1 380928 393216
221 1 516096 524288
222 1 0 53248
214 8 32768 65536 65536 131072 131072 196608 196608 262144 262144 327680 327680 393216 393216 458752 458752 520192
142 7 69632 131072 131072 196608 196608 262144 262144 327680 327680 393216 393216 458752 458752 524288
143 1 0 32768
475 2 241664 262144 262144 307200
204 2 28672 65536 65536 94208
33 1 487424 491520
836 1 516096 524288
875 1 274432 282624
59 1 286720 290816
837 1 4096 8192
907 1 151552 164352
875 1 315392 319488
907 2 164352 196608 196608 217088
918 1 335872 339968
74 1 454656 458752
803 1 241664 249856
198 1 425984 434176
805 1 311296 315392
270 1 98304 102400
155 1 180224 184320
999 1 335872 339968
911 1 303104 307200
199 1 69632 73728
196 1 458752 462848
320 1 114688 118784
977 1 98304 102400
176 1 495616 499712
757 1 61440 65536
210 1 372736 380928
74 1 454656 458752
803 1 311296 315392
741 2 258048 262144 262144 327680
514 1 126464 127488
110 1 262144 266240
2 1 30720 34304
737 2 131072 196608 196608 262144
52 1 12288 16384
509 1 118784 126976
316 1 290816 294912
961 1 28672 32768
346 1 57344 65536
705 2 368640 393216 393216 417792
513 1 307200 315392
55 1 258048 262144
517 1 339968 344064
730 1 429568 433664
33 1 20480 24576
883 1 425984 430080
473 1 208896 212992
260 1 282624 286720
16 1 106496 114688
127 1 405504 409600
17 1 217088 221184
631 1 65536 73728
631 1 77824 90112
562 1 385024 389120
667 1 4096 16384
718 1 503808 507904
849 1 487424 491520
136 1 294912 299008
136 2 212992 262144 262144 274432
65 2 36864 65536 65536 102400
205 1 520192 524288
206 1 0 61440
40 1 65536 69632
34 2 32768 65536 65536 118784
170 1 360448 393216
226 1 0 65536
168 1 495616 524288
169 2 0 65536 65536 106496
148 2 385024 393216 393216 450560
231 1 57344 65536
731 3 155648 196608 196608 262144 262144 286720
100 2 294912 327680 327680 360448
117 2 405504 458752 458752 471040
248 1 323584 327680
476 2 241664 262144 262144 307200
77 1 471040 475136
579 1 311296 315392
24 1 307200 307712
75 1 327680 348160
32 1 466944 479232
851 1 393216 409600
567 1 397312 401408
223 1 393216 397312
32 3 332288 393216 393216 458752 458752 524288
33 4 0 65536 65536 131072 131072 196608 196608 217088
83 1 266240 270336
224 1 491520 495616
567 1 421888 450560
952 1 413696 417792
420 1 98304 106496
622 1 274432 282624
297 1 4096 12288
982 1 233472 237568
255 1 389120 393216
492 1 53248 61440
70 1 204800 208896
229 1 176128 196608
995 1 356352 364544
995 1 364544 368640
153 1 233472 237568
186 2 380928 393216 393216 397312
691 1 28672 45056
479 1 167936 172032
875 1 315392 323584
908 2 151552 196608 196608 217088
841 1 278528 294912
848 1 241664 245760
848 1 278528 294912
850 1 176128 188416
122 1 442368 446464
993 1 368640 370176
122 1 491520 503808
62 1 188416 196608
62 1 196608 200704
112 1 454656 458752
129 1 294912 303104
129 1 303104 307200
625 1 479232 524288
863 1 460800 461312
863 1 461312 461824
626 6 65536 131072 131072 196608 196608 262144 262144 327680 327680 393216 393216 458752
648 1 393216 421888
814 1 86016 106496
381 1 499712 503808
901 1 245760 249856
546 1 233472 237568
260 1 32768 65536
534 1 143360 147456
171 1 487424 507904
40 1 360448 380928
24 1 458752 462848
463 1 500224 524288
464 2 0 65536 65536 69632
464 7 73728 131072 131072 196608 196608 262144 262144 327680 327680 393216 393216 458752 458752 504320
499 1 287232 287744
6 1 462848 483328
25 1 0 8192
56 1 307200 311296
209 1 356352 360448
705 1 417792 421888
307 1 258048 262144
209 1 380928 385024
730 1 429568 433664
509 1 118784 126976
229 1 12288 16384
307 1 315392 319488
413 1 372736 389120
213 1 393216 409600
505 1 249856 258048
730 1 4096 8192
267 1 413696 417792
637 1 208896 212992
650 1 434176 438272
507 1 106496 114688
619 2 217088 262144 262144 266240
16 1 401408 409600
901 1 28672 32768
753 1 372736 376832
261 1 393216 397312
345 1 385024 389120
753 1 360448 364544
323 1 425984 430080
681 1 180224 184320
176 1 204800 208896
176 1 397312 401408
39 1 413696 417792
215 1 479232 512000
763 1 73728 114688
339 1 229376 241664
650 1 94208 98304
2 1 364544 365568
956 1 434176 438272
52 1 100864 101376
764 8 36864 65536 65536 131072 131072 196608 196608 262144 262144 327680 327680 393216 393216 458752 458752 524288
765 1 0 36864
374 1 376832 380928
39 1 446464 450560
813 1 217088 221184
375 1 24576 32768
878 1 241664 245760
884 1 466944 471040
573 1 249856 253952
569 1 282624 286720
563 1 512000 516096
564 1 450560 454656
572 1 266240 270336
571 1 307200 311296
128 2 61440 65536 65536 122880
564 1 0 4096
887 1 114688 118784
573 1 286720 290816
150 1 344064 352256
3 1 73728 81920
888 1 126976 131072
919 1 499712 507904
138 1 364544 368640
748 2 12288 65536 65536 94208
849 1 462848 479232
748 1 94208 98304
604 1 122880 124416
978 1 462848 466944
212 2 401408 458752 458752 466944
795 1 507904 512000
871 1 94208 98304
374 1 249856 253952
213 1 466944 524288
214 1 0 8192
871 1 126976 131072
374 1 258048 262144
978 1 266240 274432
215 2 335872 393216 393216 401408
374 1 282624 286720
804 1 94208 98304
216 1 270336 291328
374 1 421888 425984
870 1 327680 331776
380 1 405504 413696
380 1 458752 462848
216 2 291328 327680 327680 335872
380 1 466944 479232
83 1 270336 274432
421 1 237568 241664
42 1 512000 516096
467 1 434176 442368
33 3 336384 393216 393216 458752 458752 524288
34 5 0 65536 65536 131072 131072 196608 196608 262144 262144 270848
567 1 487424 487936
107 1 458752 462848
223 1 397312 401408
938 1 262144 266240
888 1 233472 249856
146 1 450560 454656
937 1 458752 491520
506 1 180224 188416
49 1 405504 413696
937 1 491520 495616
265 1 53248 57344
9 1 475136 512000
888 1 208896 212992
937 1 495616 503808
9 1 512000 516096
302 1 495616 512000
844 5 196608 262144 262144 327680 327680 393216 393216 458752 458752 524288
845 2 0 65536 65536 131072
388 1 28672 32768
219 1 237568 241664
845 1 270336 294912
455 1 196608 204800
845 1 294912 299008
231 1 65536 66560
685 1 270336 272384
229 1 389120 393216
731 1 360448 361472
15 1 290816 294912
830 1 339968 344064
802 1 499712 500224
978 1 311296 315392
901 1 372736 375296
332 1 106496 118784
102 2 53248 65536 65536 69632
803 1 270336 274432
945 1 86016 90112
101 1 413696 425984
813 1 204800 208896
234 7 123392 131072 131072 196608 196608 262144 262144 327680 327680 393216 393216 458752 458752 524288
235 2 0 65536 65536 123392
159 1 372736 376832
869 2 0 65536 65536 86016
883 1 430080 434176
813 1 196608 200704
869 1 86016 90112
235 7 123392 131072 131072 196608 196608 262144 262144 327680 327680 393216 393216 458752 458752 524288
236 1 0 57856
479 1 466944 471040
16 1 413696 417792
17 1 28672 32768
17 1 200704 204800
17 1 159744 163840
17 1 77824 81920
514 1 127488 128512
798 1 196608 212992
61 1 184320 188416
514 1 128512 129536
709 2 385024 393216 393216 417792
813 1 204800 212992
514 1 129536 130560
61 1 184320 188416
77 1 487424 524288
78 1 0 24576
248 2 368640 393216 393216 430080
150 2 380928 393216 393216 446464
133 1 229376 233472
133 1 360448 376832
133 2 237568 262144 262144 282624
205 2 49152 65536 65536 114688
92 1 471040 524288
93 1 0 12288
226 1 65536 131072
134 2 405504 458752 458752 471040
208 1 196608 225280
206 3 167936 196608 196608 262144 262144 270336
132 2 155648 196608 196608 221184
93 2 339968 393216 393216 405504
94 1 155648 167936
118 2 77824 131072 131072 143360
890 1 479232 483328
150 2 118784 131072 131072 184320
9 1 458752 487424
586 1 503808 512000
586 1 512000 516096
524 1 167936 192512
586 1 516096 524288
587 1 0 24576
587 1 90112 94208
524 1 167936 172032
587 1 94208 98304
587 1 143360 147456
834 1 110592 114688
803 1 253952 258048
608 1 393216 397312
254 1 167936 172032
232 1 438272 442368
422 1 421888 425984
422 1 434176 438272
422 1 442368 446464
55 1 266240 270336
934 1 143360 147456
656 1 221184 225280
318 1 172032 176128
934 1 155648 159744
312 1 303104 307200
478 1 438272 442368
318 1 69632 73728
607 1 139264 143360
713 2 323584 327680 327680 360448
713 1 360448 364544
432 1 483328 491520
655 1 118784 122880
164 1 315392 319488
2 1 421888 425984
164 1 430080 434176
769 1 172032 176128
6 1 20480 24576
506 1 86016 90112
227 1 176128 188416
0 2 167936 196608 196608 221184
961 2 417792 458752 458752 483328
963 3 352256 393216 393216 458752 458752 483328
967 1 487424 524288
968 2 0 65536 65536 94208
998 1 12288 32768
16 2 118784 131072 131072 135168
969 4 135168 196608 196608 262144 262144 327680 327680 376832
934 3 274432 327680 327680 393216 393216 405504
308 1 229376 233472
883 1 475136 483328
413 1 393216 397312
928 1 200192 200704
413 1 401408 405504
767 1 77824 81920
138 1 102400 106496
93 2 57344 65536 65536 81920
987 1 327680 331776
909 2 151552 196608 196608 212480
875 1 315392 319488
942 1 335872 339968
724 1 233472 237568
5 1 188416 196608
937 1 503808 507904
7 1 262144 274432
516 1 339456 343552
735 1 221184 241664
588 1 221184 229376
848 1 352256 372736
572 1 450560 458752
813 1 270336 274432
554 1 291840 292352
875 1 139264 143360
623 1 405504 406528
34 1 270336 272384
400 1 364544 368640
56 1 229376 249856
585 1 221184 233472
585 1 237568 241664
931 1 147456 167936
931 1 167936 180224
229 1 176128 180224
161 1 94208 98304
203 2 323584 327680 327680 344064
450 1 421888 425984
450 1 274432 278528
613 1 376832 380928
448 1 319488 323584
451 1 135168 139264
803 1 204800 212992
728 1 389120 393216
345 1 307200 310272
920 1 417792 418816
813 1 204800 212992
967 1 446464 450560
834 1 143360 147456
832 1 253952 258048
832 1 57344 61440
816 1 172032 176128
816 1 204800 208896
818 1 151552 155648
818 1 139264 143360
816 1 221184 225280
816 1 106496 110592
818 1 0 4096
817 1 212992 217088
816 1 28672 32768
817 1 122880 126976
817 1 77824 81920
817 1 36864 40960
99 1 499712 507904
587 1 147456 151552
74 1 454656 458752
527 2 57344 65536 65536 73728
803 1 245760 249856
278 2 184320 196608 196608 200704
614 1 417792 421888
910 1 20480 24576
900 1 163840 167936
635 1 376832 380928
637 1 118784 122368
909 1 483328 487424
74 1 454656 458752
803 1 311296 315392
74 1 454656 458752
927 1 356352 360448
803 1 245760 253952
927 1 421888 442368
74 1 454656 458752
996 1 147456 151552
389 1 466944 471040
83 1 266240 270336
83 1 270336 274432
996 1 159744 163840
41 1 28672 36864
689 1 299008 323584
48 1 417792 421888
803 1 200704 204800
149 1 196608 217088
16 1 471040 475136
813 1 241664 245760
798 1 32768 40960
953 2 446464 458752 458752 524288
954 4 0 65536 65536 131072 131072 196608 196608 236032
94 2 221184 262144 262144 274432
80 1 483328 495616
61 1 167936 176128
208 1 159744 163840
208 2 225280 262144 262144 282624
208 1 192512 196608
47 1 507904 524288
48 1 0 20480
48 1 32768 57344
94 2 339968 393216 393216 405504
61 1 176128 180224
890 1 499712 503808
89 1 8192 11776
95 2 163840 196608 196608 229376
685 1 503808 520192
439 1 454656 458752
784 1 327680 331776
876 2 61440 65536 65536 69632
998 1 188416 192512
436 1 475136 483328
313 1 65536 69632
725 2 258048 262144 262144 286720
557 1 311296 315392
885 1 118784 126976
557 1 221184 233472
682 1 499712 524288
503 1 65536 69632
803 1 319488 323584
485 1 147456 151552
722 1 339968 348160
682 1 491520 495616
685 1 430080 438272
404 1 483328 487424
341 1 241664 245760
581 1 90112 98304
514 2 130560 131072 131072 133632
813 1 274432 278528
741 1 229376 237568
514 1 133632 134656
2 1 34304 35328
61 1 184320 188416
855 2 147456 196608 196608 221184
813 1 208896 212992
514 1 134656 135680
245 2 405504 458752 458752 462848
952 1 479232 512000
181 1 167936 172032
93 1 86016 90112
954 1 53248 57344
538 1 430080 438272
138 1 106496 110592
93 1 94208 114688
683 1 512000 516096
758 1 487424 491520
131 1 241664 245760
461 1 114688 118784
99 1 507904 512000
465 3 61440 65536 65536 131072 131072 172032
160 1 417792 421888
705 1 520192 524288
706 1 0 4096
689 1 180224 184320
834 1 167936 172032
689 1 241664 245760
474 1 0 512
828 1 421888 458752
30 1 45056 65536
286 1 253952 262144
286 1 262144 266240
738 1 46592 47104
738 1 47104 47616
729 1 212992 221184
738 1 47616 48128
605 1 323584 327680
737 1 212992 217088
729 1 212992 221184
508 1 184320 189440
605 1 323584 327680
411 1 28672 31232
737 1 212992 217088
979 1 315392 327680
729 1 212992 221184
979 1 393216 401408
619 1 219136 219648
174 1 57344 61440
804 1 520704 524288
805 8 0 65536 65536 131072 131072 196608 196608 262144 262144 327680 327680 393216 393216 458752 458752 520704
805 1 520704 524288
806 7 0 65536 65536 131072 131072 196608 196608 262144 262144 327680 327680 393216 393216 455168
410 1 368640 393216
117 1 131072 184320
813 1 270336 274432
639 1 20480 20992
813 1 196608 200704
806 1 520704 524288
807 8 0 65536 65536 131072 131072 196608 196608 262144 262144 327680 327680 393216 393216 458752 458752 520704
966 1 307712 308224
366 1 131072 134144
420 1 192512 196608
377 1 503808 507904
479 1 159744 163840
318 1 114688 118784
781 1 294912 299008
297 1 327680 331776
800 1 167936 172032
349 1 438272 442368
295 1 131072 135168
336 1 188416 192512
346 1 307200 311296
299 1 393216 397312
297 1 323584 327680
328 1 487424 491520
968 1 348160 352256
783 1 245760 249856
900 1 290816 311296
163 1 368640 372736
987 1 241664 253952
900 1 311296 315392
978 1 258048 262144
875 1 249856 253952
163 1 372736 376832
84 1 376832 380928
109 1 479232 512000
74 1 126976 131072
875 1 249856 258048
987 1 262144 266240
875 1 249856 253952
14 1 491520 499712
537 1 442368 446464
14 1 499712 503808
537 1 446464 450560
966 1 73728 77824
567 1 491520 495616
820 1 32768 40960
34 3 336384 393216 393216 458752 458752 524288
35 6 0 65536 65536 131072 131072 196608 196608 262144 262144 327680 327680 336384
223 1 393216 397312
83 1 266240 270336
689 1 323584 327680
83 1 270336 274432
160 1 421376 421888
76 7 90624 131072 131072 196608 196608 262144 262144 327680 327680 393216 393216 458752 458752 524288
77 2 0 65536 65536 90624
861 1 372736 373248
77 7 90624 131072 131072 196608 196608 262144 262144 327680 327680 393216 393216 458752 458752 524288
78 2 0 65536 65536 90624
78 7 90624 131072 131072 196608 196608 262144 262144 327680 327680 393216 393216 458752 458752 524288
79 2 0 65536 65536 90624
861 1 380928 381440
79 7 90624 131072 131072 196608 196608 262144 262144 327680 327680 393216 393216 458752 458752 524288
80 2 0 65536 65536 90624
100 1 370176 370688
80 7 90624 131072 131072 196608 196608 262144 262144 327680 327680 393216 393216 458752 458752 524288
81 2 0 65536 65536 90624
188 1 94720 95232
5 1 323584 327680
713 1 24576 28160
6 1 196608 212992
61 1 184320 188416
514 1 135680 136704
181 1 159744 163840
813 1 274432 282624
798 3 212992 262144 262144 327680 327680 393216
464 1 504320 524288
465 8 0 65536 65536 131072 131072 196608 196608 262144 262144 327680 327680 393216 393216 458752 458752 504320
499 1 287232 299008
24 1 462848 466944
499 2 291840 327680 327680 339968
465 1 504320 524288
466 8 0 65536 65536 131072 131072 196608 196608 262144 262144 327680 327680 393216 393216 458752 458752 504320
25 1 4096 8192
861 1 364544 368640
181 1 278528 299008
834 1 49152 65536
455 1 151552 167936
841 1 294912 315392
506 1 184320 188416
813 1 208896 217088
828 1 126976 131072
827 1 499712 503808
824 1 155648 159744
165 1 184320 188416
937 1 507904 516096
405 1 454656 458752
671 1 163840 167936
205 1 249856 253952
234 1 196608 204800
506 1 184320 192512
364 1 339968 344064
937 1 516096 520192
126 1 159744 163840
405 1 454656 458752
671 1 163840 167936
9 1 516096 524288
10 1 0 16384
104 1 282624 286720
538 1 434176 442368
937 1 32768 36864
138 1 102400 106496
274 1 12288 16384
149 1 217088 229376
848 1 221184 237568
0 1 417792 434176
511 1 73728 90112
577 1 200704 204800
511 1 90112 94208
405 1 245760 262144
841 1 495616 512000
83 3 389120 393216 393216 458752 458752 499712
26 7 114688 131072 131072 196608 196608 262144 262144 327680 327680 393216 393216 458752 458752 507904
875 1 188416 192512
158 1 122880 126976
55 1 499712 503808
893 1 180224 188416
29 1 143360 155648
674 2 258048 262144 262144 266240
171 2 208896 262144 262144 319488
171 1 319488 323584
194 1 135168 147456
883 1 24576 32768
875 1 139264 143360
121 1 196608 200704
197 1 421888 425984
65 1 98304 106496
765 8 36864 65536 65536 131072 131072 196608 196608 262144 262144 327680 327680 393216 393216 458752 458752 524288
766 1 0 36864
19 1 86016 90112
65 1 106496 110592
302 1 503808 507904
635 1 4096 12288
766 8 36864 65536 65536 131072 131072 196608 196608 262144 262144 327680 327680 393216 393216 458752 458752 524288
767 1 0 36864
714 1 4096 28672
64 1 483328 487424
735 1 466944 471040
35 1 249856 253952
846 1 200704 204800
846 1 266240 270336
845 1 163840 167936
742 2 303104 327680 327680 360448
672 1 65536 131072
710 1 327680 393216
764 1 118784 122880
735 1 471040 479232
742 1 360448 364544
841 1 360448 380928
735 1 479232 483328
803 1 208896 217088
563 1 221184 225280
854 1 262144 278528
813 1 208896 212992
813 1 204800 212992
128 1 385024 389120
851 1 409600 430080
805 1 442368 446464
979 1 245760 249856
283 1 495616 499200
989 1 487424 495616
270 1 0 4096
232 1 73728 77824
631 1 331776 335872
135 1 73728 77824
256 1 274432 278528
261 1 380928 385024
171 1 155648 159744
364 1 61440 62464
508 1 159744 163840
939 1 126976 131072
212 1 360448 364544
885 1 110592 114688
905 1 237568 241664
723 1 405504 421888
941 1 270336 274432
889 1 475136 483328
710 1 167936 172032
803 1 253952 258048
710 1 192512 196608
246 1 270336 274432
110 1 286720 290816
709 1 458752 462848
733 1 270336 282624
391 1 315392 319488
965 1 151552 155648
308 1 380928 385024
565 1 421888 425984
803 1 319488 327680
565 1 430080 434176
698 1 167936 172032
919 1 274432 290816
29 1 327680 340992
829 2 196608 262144 262144 303104
218 1 229376 232448
481 1 73728 86016
856 1 4096 4608
50 1 360448 364544
807 1 438272 438784
474 1 8192 8704
841 1 425984 442368
803 1 274432 278528
200 1 36864 45056
897 1 356352 372736
799 1 487424 491520
377 1 479232 483328
807 1 454656 455168
896 1 327680 331776
46 1 20480 24576
57 1 479232 483328
976 1 110592 122880
29 1 212992 217088
64 1 53248 54272
88 1 364544 368640
64 1 61440 65536
88 1 372736 376832
89 1 61440 65536
200 1 286720 290816
975 1 450560 454656
130 1 372736 376832
178 1 376832 380928
45 1 278528 282624
476 1 159744 196608
61 1 184320 188416
738 2 393216 458752 458752 524288
739 2 0 65536 65536 131072
813 1 212992 217088
588 1 184320 188416
883 1 471040 475136
229 1 143360 159744
365 1 217088 221184
764 1 413696 417792
847 1 364544 368640
486 1 188416 192512
1 2 405504 458752 458752 524288
2 1 0 12288
670 1 16384 40960
56 1 286720 290816
56 1 274432 278528
162 1 110592 118784
456 1 237568 241664
748 1 229376 233472
748 1 303104 307200
320 1 417792 454656
320 1 454656 458752
162 1 110592 114688
320 1 458752 462848
321 1 4096 8192
321 1 8192 12288
109 1 208896 212992
954 1 20480 24576
567 1 487424 487936
171 1 327680 348160
759 1 315392 319488
931 1 335872 339968
834 1 151552 155648
834 1 212992 217088
706 1 4096 8192
301 1 311296 327680
193 1 307200 311296
463 1 40960 45056
465 1 172032 176128
587 1 151552 155648
587 1 155648 172032
722 1 454656 458752
526 1 184320 188416
886 1 401408 405504
900 1 0 4096
653 2 290816 327680 327680 344064
306 1 348160 356352
41 1 24576 32768
154 1 176128 196608
916 1 143360 147456
672 1 0 4096
969 1 102400 106496
671 1 155648 159744
713 1 364544 385024
154 1 327680 360448
713 1 385024 389120
154 1 360448 364544
619 1 266240 270336
416 1 393216 458752
581 1 151552 196608
902 2 176128 196608 196608 208896
417 1 131072 180224
0 1 434176 442368
848 1 278528 290816
121 1 458752 479232
794 1 192512 196608
19 1 356352 360448
583 1 150528 151040
814 1 155648 159744
167 1 520192 524288
97 2 4096 65536 65536 81920
128 1 417792 425984
384 1 16384 20480
97 1 81920 86016
863 1 461824 462336
384 1 24576 25600
863 1 462336 462848
384 1 25600 26624
863 1 462848 463360
583 1 151040 151552
863 1 463360 463872
863 1 463872 464384
863 1 464384 464896
583 1 151552 152064
58 1 507904 512000
182 1 135168 143360
138 1 106496 110592
415 1 446464 450560
165 1 53248 57344
110 1 86016 90112
165 1 69632 77824
505 1 253952 258048
17 1 159744 163840
16 1 413696 417792
308 1 466944 471040
677 1 282624 315392
159 1 372736 376832
986 1 434176 458752
883 1 495616 499712
236 7 123392 131072 131072 196608 196608 262144 262144 327680 327680 393216 393216 458752 458752 524288
237 2 0 65536 65536 123392
986 1 458752 462848
223 1 397312 401408
223 1 385024 389120
237 7 123392 131072 131072 196608 196608 262144 262144 327680 327680 393216 393216 458752 458752 524288
238 2 0 65536 65536 123392
2 1 0 8192
10 1 135168 139264
238 1 512000 524288
239 2 0 65536 65536 127488
10 1 20480 28672
238 7 123392 131072 131072 196608 196608 262144 262144 327680 327680 393216 393216 458752 458752 507904
51 1 221184 225280
255 1 417280 441856
695 1 225280 241664
692 1 446464 450560
575 1 225280 229376
568 1 290816 294912
868 1 147456 151552
107 1 458752 462848
568 1 303104 307200
373 1 180224 184320
374 1 499712 503808
374 1 454656 458752
566 1 98304 102400
973 1 507904 520192
304 1 81920 86016
666 1 0 4096
710 1 454656 458752
695 1 241664 245760
577 1 479232 483328
973 1 372736 373248
364 1 57344 61440
990 1 294912 299008
261 1 270336 274432
937 1 73728 77824
412 1 20480 23552
970 1 139264 147456
990 1 462848 466944
640 1 225280 229376
979 1 385024 389120
990 1 471040 475136
136 1 196608 200704
96 1 212992 217088
644 1 143360 147456
387 1 155648 159744
954 1 462848 466944
955 1 8192 12288
0 1 200704 204800
152 1 77824 81920
152 1 8192 16384
69 1 110592 114688
235 1 122880 126976
154 1 225280 229376
731 1 405504 409600
152 1 274432 278528
731 1 495616 503808
321 1 507904 512000
233 1 380928 385024
581 1 270336 274432
732 1 0 4096
329 1 352256 360448
217 1 471040 494080
380 1 487424 491520
397 1 413696 430080
380 1 499712 503808
264 1 516096 524288
265 1 0 4096
380 1 512000 516096
402 1 409600 413696
804 1 135168 139264
877 1 16384 20480
12 1 401408 405504
12 1 446464 450560
444 1 434176 438272
594 1 53248 57344
397 1 430080 450560
805 1 442368 446464
264 1 458752 462848
344 1 204800 233472
246 1 131072 139264
514 1 136704 138240
798 2 393216 458752 458752 524288
799 1 0 24576
452 1 274432 278528
61 1 184320 188416
514 1 138240 140288
855 1 274432 299008
813 1 278528 282624
466 1 504320 524288
467 8 0 65536 65536 131072 131072 196608 196608 262144 262144 327680 327680 393216 393216 458752 458752 504320
732 1 385024 385536
193 1 90112 94208
499 1 337920 339456
685 1 217088 221184
684 1 380928 385024
467 1 504320 524288
468 8 0 65536 65536 131072 131072 196608 196608 262144 262144 327680 327680 393216 393216 458752 458752 504320
413 1 266240 270336
530 1 450560 458752
803 1 278528 286720
0 1 421888 438272
803 1 225280 229376
71 1 36864 45056
71 1 45056 49152
335 1 286720 290816
63 1 225280 229376
63 1 225280 229376
202 1 434176 442368
202 1 442368 446464
799 1 85504 89600
182 2 310784 327680 327680 343552
182 1 343552 347648
603 1 221184 225280
365 1 237568 241664
858 1 397312 401408
588 1 184320 188416
605 1 176128 184320
883 1 405504 413696
227 1 225280 241664
549 1 356352 372736
607 1 225280 229376
38 1 94208 110592
38 1 77824 94208
336 1 393216 409600
94 1 225280 233472
803 1 315392 319488
94 1 233472 237568
813 1 270336 274432
848 1 221184 237568
133 1 176128 180224
113 1 262144 266240
113 1 253952 258048
864 1 16384 20480
78 1 405504 409600
864 1 176128 180224
710 1 94208 110592
991 1 438272 442368
888 2 249856 262144 262144 274432
991 2 442368 458752 458752 475136
803 1 204800 208896
10 1 16384 20480
991 1 475136 479232
937 1 520192 524288
938 1 0 28672
710 1 110592 114688
938 1 28672 32768
39 1 196608 212992
506 1 188416 192512
813 1 270336 278528
888 1 249856 253952
938 1 32768 40960
891 1 417280 421376
167 1 265728 269824
937 1 437760 441856
803 1 270336 274432
803 1 204800 208896
848 1 237568 245760
848 1 278528 290816
761 1 168960 169472
483 2 393216 458752 458752 479232
204 2 167936 196608 196608 200704
246 1 139264 143360
344 1 233472 237568
240 1 110592 114688
222 2 241664 262144 262144 270336
165 1 86016 90112
86 1 167936 172032
883 1 413696 417792
551 1 180224 184320
148 1 81920 86016
505 1 253952 258048
50 1 69632 73728
148 1 102400 110592
883 1 479232 483328
675 1 122880 131072
50 1 90112 94208
208 1 16384 20480
853 1 471040 495616
444 1 249856 258048
514 1 140288 141312
303 1 110592 114688
999 1 12288 16384
133 1 356352 360448
96 1 139264 155648
133 2 376832 393216 393216 425984
382 1 442368 446464
96 2 86016 131072 131072 135168
685 1 520192 524288
876 2 229376 262144 262144 274432
104 1 507904 524288
105 1 0 12288
876 1 274432 278528
796 1 86016 90112
745 1 98304 126976
125 1 98304 122880
541 1 348160 360448
137 1 294912 311296
796 2 90112 131072 131072 147456
796 1 147456 151552
687 1 393216 397312
687 1 397312 409600
35 3 336384 393216 393216 458752 458752 524288
36 6 0 65536 65536 131072 131072 196608 196608 262144 262144 327680 327680 336384
223 1 397312 401408
692 1 475648 524288
693 8 0 65536 65536 131072 131072 196608 196608 262144 262144 327680 327680 393216 393216 458752 458752 475648
128 1 487424 491520
83 1 266240 270336
36 2 336384 393216 393216 434176
37 1 458752 507904
896 1 86016 90112
54 1 438272 442368
95 1 483328 484352
127 1 110592 114688
215 1 32768 36864
64 1 446464 450560
88 1 380928 385024
103 1 20480 24576
130 1 438272 442368
50 1 352256 356352
64 1 45056 46080
178 1 294912 295936
114 1 466944 475136
114 1 475136 479232
968 1 311296 327680
223 1 491520 499712
223 1 499712 503808
952 1 458752 479232
967 1 319488 323584
813 1 278528 286720
803 1 258048 262144
712 1 245760 249856
707 1 258048 262144
803 1 323584 327680
487 1 167936 172032
424 1 36864 40960
345 1 380928 385024
419 1 495616 524288
420 1 0 32768
436 1 520192 524288
437 1 0 4096
965 2 454656 458752 458752 462848
491 1 520192 524288
437 1 4096 8192
803 2 258048 262144 262144 266240
358 1 278528 282624
729 1 331776 348160
403 1 188416 192512
18 1 262144 266240
10 1 131072 135168
14 1 196608 200704
326 1 483328 487424
22 1 393216 397312
731 1 516096 520192
477 1 126976 131072
481 1 106496 122880
483 1 196608 204800
989 2 258048 262144 262144 278528
483 1 204800 262144
11 1 401408 409600
11 1 409600 413696
209 1 86016 94208
209 1 94208 98304
226 1 245760 249856
956 2 303104 327680 327680 348160
56 1 290816 307200
462 2 147456 196608 196608 241664
923 1 126976 131072
956 1 348160 356352
64 1 409600 413696
52 1 101888 102400
767 8 36864 65536 65536 131072 131072 196608 196608 262144 262144 327680 327680 393216 393216 458752 458752 524288
768 1 0 36864
165 1 413696 417792
121 1 196608 200704
147 1 98304 102400
147 1 499712 503808
646 1 327680 331776
166 1 167936 176128
373 1 184320 188416
158 1 405504 409600
5 1 106496 122880
803 1 270336 278528
315 1 262144 266240
813 1 270336 278528
58 1 286720 290816
748 1 98304 126976
748 1 126976 131072
527 1 249856 253952
748 2 131072 196608 196608 208896
849 1 479232 499712
748 1 208896 212992
703 1 77824 81920
703 1 61440 65536
748 2 241664 262144 262144 270336
748 1 212992 237568
748 1 270336 274432
703 1 77824 81920
748 1 274432 319488
748 1 319488 323584
148 1 114688 122880
515 1 233472 237568
212 1 28672 32768
17 1 167936 172032
700 1 176128 180224
505 1 253952 258048
308 1 483328 487424
883 1 438272 442368
883 1 413696 417792
918 1 491520 520192
587 1 172032 176128
515 1 53248 57344
109 1 221184 253952
653 1 344064 348160
711 1 421888 425984
301 1 327680 348160
524 2 192512 196608 196608 208896
955 2 434176 458752 458752 462848
524 1 274432 282624
955 1 462848 466944
587 2 176128 196608 196608 208896
41 1 32768 36864
587 1 208896 212992
663 3 69632 131072 131072 196608 196608 217088
917 1 393216 396800
935 1 487424 488960
893 1 208896 212992
749 1 495616 499712
893 1 217088 222720
81 7 90624 131072 131072 196608 196608 262144 262144 327680 327680 393216 393216 458752 458752 524288
82 2 0 65536 65536 90624
576 1 70144 72704
842 1 512512 524288
843 7 0 65536 65536 131072 131072 196608 196608 262144 262144 327680 327680 393216 393216 446976
845 1 12800 20480
82 3 376832 393216 393216 458752 458752 524288
83 1 0 29184
82 5 90624 131072 131072 196608 196608 262144 262144 327680 327680 372736
576 1 72704 73728
199 1 208896 217088
843 1 499712 524288
844 8 0 65536 65536 131072 131072 196608 196608 262144 262144 327680 327680 393216 393216 458752 458752 492032
199 1 217088 221184
816 2 184320 196608 196608 200704
854 1 278528 299008
66 1 467456 467968
774 1 327680 331776
607 1 339968 344064
858 1 393216 397312
608 2 61440 65536 65536 77824
15 1 407040 407552
114 1 12288 16384
721 1 102400 106496
608 1 106496 110592
641 1 65536 69632
78 1 45056 53248
803 1 270336 274432
240 1 208896 212992
222 1 335872 339968
78 1 53248 57344
240 1 335872 339968
496 1 20480 24576
845 1 344064 368640
245 1 45056 49152
803 1 204800 212992
855 1 159744 163840
161 1 139264 143360
162 1 4096 8192
33 1 294912 299008
144 1 53248 57344
165 1 196608 200704
140 1 372736 376832
136 1 192512 196608
136 1 442368 446464
156 1 479232 483328
640 1 20480 24576
65 1 110592 118784
151 1 487424 491520
510 2 245760 262144 262144 327680
164 1 262144 266240
143 1 520192 524288
379 1 0 8192
33 1 24576 28672
768 8 36864 65536 65536 131072 131072 196608 196608 262144 262144 327680 327680 393216 393216 458752 458752 524288
769 1 0 36864
162 1 331776 335872
966 1 308736 309248
390 1 24576 40960
258 1 4096 8192
807 1 520704 524288
808 8 0 65536 65536 131072 131072 196608 196608 262144 262144 327680 327680 393216 393216 458752 458752 520704
213 1 36864 45056
808 1 520704 524288
809 8 0 65536 65536 131072 131072 196608 196608 262144 262144 327680 327680 393216 393216 458752 458752 520704
542 1 462848 466944
146 1 503808 507904
247 1 8192 20480
725 1 421888 430080
724 1 409600 417792
246 1 495616 507904
390 1 40960 61440
247 1 24576 49152
129 1 278528 286720
305 2 122880 131072 131072 135168
287 1 69632 73728
977 1 192512 196608
219 1 196608 208896
70 1 139264 147456
813 1 282624 286720
611 1 364544 368640
20 1 507904 512000
649 1 241664 242176
298 1 520192 524288
299 1 0 16384
178 1 192512 196608
162 1 172032 176128
272 1 262144 278528
67 2 323584 327680 327680 339968
24 1 458752 462848
918 1 520192 524288
650 1 348160 352256
730 1 429568 433664
650 1 372736 376832
32 1 417792 421888
32 1 409600 413696
450 1 380928 393216
450 1 393216 397312
853 1 200704 204800
764 1 434176 438272
764 1 348160 352256
205 1 143360 151552
239 1 512000 524288
240 1 0 16384
819 1 364544 376832
492 1 208896 212992
236 1 237056 241152
562 1 385024 389120
706 1 512000 520192
825 1 400896 404992
217 1 245248 249344
53 1 364032 368128
48 1 364032 372224
89 1 372736 380928
588 1 146944 151040
254 1 228864 249344
589 1 359936 364032
109 1 360448 364544
109 1 372736 380928
349 1 286720 290816
349 1 434176 442368
138 1 163840 184320
500 1 49152 53248
930 1 475136 479232
138 1 184320 188416
55 1 475136 479232
418 1 294912 299008
992 1 471040 475136
438 1 294912 299008
831 1 348160 356352
462 1 241664 245760
424 1 196608 200704
372 1 397312 401408
722 1 516096 520192
881 1 188416 196608
192 1 106496 110080
946 1 262144 266240
533 1 303104 307200
996 1 36864 40960
556 1 188416 192512
945 1 94208 98304
998 1 266240 282624
99 1 163840 167936
813 1 204800 208896
919 1 143360 147456
803 1 204800 212992
877 1 352256 356352
10 1 434176 438272
31 1 16384 24576
41 1 425984 434176
894 1 471040 524288
895 1 0 32768
24 1 462848 466944
903 1 237568 262144
883 1 458752 462848
895 1 32768 36864
883 1 389120 393216
499 1 338944 364544
468 1 504320 524288
469 8 0 65536 65536 131072 131072 196608 196608 262144 262144 327680 327680 393216 393216 458752 458752 504320
25 1 4096 8192
469 1 504320 524288
470 7 0 65536 65536 131072 131072 196608 196608 262144 262144 327680 327680 393216 393216 438784
36 2 434176 458752 458752 524288
37 5 0 65536 65536 131072 131072 196608 196608 262144 262144 287232
693 1 475648 524288
694 8 0 65536 65536 131072 131072 196608 196608 262144 262144 327680 327680 393216 393216 458752 458752 475648
37 3 287232 327680 327680 393216 393216 458752
37 1 507904 524288
38 6 0 65536 65536 131072 131072 196608 196608 262144 262144 327680 327680 336384
165 1 331776 348160
190 1 45056 49152
803 1 270336 274432
761 1 168960 171520
384 1 81920 90112
803 1 204800 212992
412 1 28672 40960
437 1 303104 307200
792 1 229376 233472
948 1 139264 143360
412 1 110592 114688
94 1 299008 303104
235 1 139264 143360
437 1 475136 483328
585 1 159744 163840
437 1 499712 503808
761 1 171008 172032
853 2 446464 458752 458752 471040
885 1 386560 387072
718 1 106496 110592
800 3 372736 393216 393216 458752 458752 524288
801 2 0 65536 65536 69632
51 1 65536 81920
2 1 35328 36352
766 2 28672 65536 65536 81920
858 1 397312 401408
643 1 282624 286720
766 1 81920 86016
159 1 372736 376832
883 1 430080 434176
240 1 131072 135168
240 1 69632 123392
843 1 4096 8192
29 1 385024 389120
239 7 127488 131072 131072 196608 196608 262144 262144 327680 327680 393216 393216 458752 458752 524288
240 2 0 65536 65536 69632
798 1 327680 372736
176 2 245760 262144 262144 294912
796 2 225280 262144 262144 274432
772 1 520192 524288
773 1 0 57344
240 1 123392 131072
240 2 397312 458752 458752 462848
176 1 294912 299008
449 5 115200 131072 131072 196608 196608 262144 262144 327680 327680 373248
159 1 372736 380928
240 3 266240 327680 327680 393216 393216 397312
967 1 319488 323584
813 1 217088 221184
813 1 208896 212992
938 1 40960 45056
813 1 274432 278528
506 1 188416 192512
152 1 499712 507904
828 1 159744 163840
824 1 155648 159744
828 1 143360 151552
487 1 53248 57344
146 1 450560 458752
84 1 241664 245760
152 1 507904 512000
938 1 45056 53248
426 1 475136 495616
938 1 53248 57344
813 1 208896 212992
636 2 61440 65536 65536 86016
813 1 274432 286720
506 1 188416 192512
747 1 483328 495616
747 1 499712 503808
848 1 372736 376832
848 1 409600 417792
327 1 200704 203264
867 2 180224 196608 196608 245760
523 1 327168 327680
675 1 204800 206848
847 1 385024 386560
208 1 483328 487424
181 1 475136 491520
251 1 262144 278528
48 1 417792 421888
208 1 417792 425984
441 1 401408 405504
650 1 380928 385024
441 1 425984 430080
650 2 389120 393216 393216 405504
60 1 184320 188416
52 1 98304 118784
346 1 495616 516096
371 1 135168 139264
187 1 12288 16384
364 1 274432 307200
849 2 319488 327680 327680 352256
395 1 352256 389120
301 4 147456 196608 196608 262144 262144 327680 327680 339968
316 3 217088 262144 262144 327680 327680 348160
129 1 286720 290816
416 3 94208 131072 131072 196608 196608 208896
416 2 290816 327680 327680 339968
416 2 344064 393216 393216 458752
419 2 372736 393216 393216 401408
215 2 282624 327680 327680 360448
349 1 270336 274432
216 1 20480 45056
215 1 516096 524288
216 1 0 12288
916 1 364544 368640
186 1 196608 225280
216 1 393216 446464
849 1 352256 356352
204 1 73728 77824
307 2 434176 458752 458752 483328
967 1 319488 323584
417 1 266240 267264
112 1 487424 491520
530 1 446464 450560
417 1 262144 266240
112 1 421888 425984
868 1 184320 188416
813 1 212992 221184
112 1 487424 495616
868 1 184320 188416
112 1 425984 430080
813 1 282624 286720
868 1 184320 188416
813 1 221184 225280
868 1 184320 188416
813 1 286720 290816
868 1 184320 188416
813 1 221184 225280
868 1 184320 188416
813 1 286720 290816
255 1 441856 445952
190 1 40448 44544
597 1 359936 364032
240 1 16384 20480
512 1 302592 306688
623 1 335360 339456
783 1 302592 306688
616 1 89600 93696
881 1 507904 516096
784 1 114688 118784
89 1 380928 385024
784 1 106496 110592
657 1 262144 266240
887 1 307200 311296
339 1 446464 450560
704 1 499712 503808
888 1 61440 65024
803 1 327680 331776
573 1 311296 327680
927 1 442368 454656
813 1 319488 327680
336 1 409600 425984
626 1 458752 462848
337 1 180224 184320
448 1 380928 385024
470 1 204800 208896
909 1 487424 495616
985 1 196608 225280
684 1 331776 335872
640 1 364544 372736
665 1 274432 275968
900 1 221184 225280
684 1 331776 335872
900 1 163840 167936
684 1 331776 335872
900 1 221184 225280
6 1 360448 368640
684 1 331776 335872
542 1 282624 286720
186 1 159744 163840
216 2 450560 458752 458752 491520
924 2 323584 327680 327680 331776
649 1 122880 126976
215 2 229376 262144 262144 278528
725 1 171520 173056
958 1 184320 188416
213 1 45056 49152
863 1 221184 249856
919 2 315392 327680 327680 348160
397 2 323584 327680 327680 389120
958 2 192512 196608 196608 249856
916 1 131072 135168
421 1 315392 323584
307 1 487424 524288
308 2 0 65536 65536 90112
297 2 40960 65536 65536 73728
921 1 380928 393216
424 2 139264 196608 196608 204800
524 1 192512 196608
587 1 212992 221184
646 1 520192 524288
994 2 122880 131072 131072 163840
57 1 61440 65536
647 1 4096 8192
57 1 131072 143360
647 1 16384 20480
838 1 122880 126976
813 1 217088 221184
647 1 24576 32768
369 1 401408 405504
647 1 86016 90112
156 1 405504 430080
724 1 520192 524288
725 1 0 4096
156 1 430080 434176
683 1 315392 319488
393 1 344064 348160
132 1 307200 311296
281 1 483328 487424
61 1 503808 507904
368 1 393216 397312
706 1 86016 90112
636 1 16384 20480
441 1 483328 487424
618 1 262144 266240
803 1 278528 290816
628 1 282624 286720
605 1 483328 487424
115 1 405504 409600
844 1 492032 524288
236 1 217088 225280
304 1 28672 32768
83 7 94720 131072 131072 196608 196608 262144 262144 327680 327680 393216 393216 458752 458752 524288
84 2 0 65536 65536 94720
465 1 28672 36864
319 1 110592 126976
236 1 487424 503808
236 1 225280 229376
296 1 417792 421888
237 1 65536 69632
845 8 32768 65536 65536 131072 131072 196608 196608 262144 262144 327680 327680 393216 393216 458752 458752 524288
846 1 0 512
319 1 126976 131072
637 1 167936 172032
365 1 479232 507904
576 1 73728 74752
803 1 270336 278528
842 1 409600 421888
267 1 98304 106496
267 1 282624 286720
442 1 413696 434176
442 1 434176 438272
842 1 380928 393216
945 1 90112 94208
37 1 98304 102400
181 2 192512 196608 196608 200704
181 1 200704 204800
3 1 258048 262144
192 1 4096 12288
4 1 131072 147456
192 1 20480 24576
974 1 28672 32768
741 2 122880 131072 131072 155648
880 1 327680 331776
952 1 512000 516096
659 1 432128 432640
801 1 69632 73728
762 1 221184 262144
172 1 389120 393216
581 1 368640 372736
277 1 450560 454656
223 1 487424 499712
505 1 253952 258048
883 1 479232 483328
989 1 253952 258048
318 1 139264 172032
83 1 270336 274432
14 1 380928 389120
814 1 61440 65536
14 1 389120 393216
195 1 204800 208896
83 1 266240 270336
335 1 262144 327680
205 1 180224 184320
803 1 270336 274432
205 1 184320 188416
372 1 274432 278528
841 1 356352 376832
5 1 454656 458752
813 1 282624 286720
863 1 464896 465408
863 1 465408 465920
863 1 465920 466432
384 1 26624 27648
583 1 152064 152576
863 1 466432 466944
814 1 143360 151552
814 1 159744 176128
863 1 466944 467456
814 1 212992 221184
384 1 27648 28672
863 1 467456 467968
813 2 53248 65536 65536 77824
384 1 28672 29696
601 1 458752 487424
583 1 152576 153088
499 1 362496 389120
470 1 504320 524288
471 8 0 65536 65536 131072 131072 196608 196608 262144 262144 327680 327680 393216 393216 458752 458752 504320
24 1 462848 466944
326 1 307200 323584
813 1 204800 208896
326 1 323584 327680
327 1 0 12288
45 1 466944 471040
4 1 327680 331776
129 1 339968 348160
129 1 348160 352256
188 1 393216 401408
227 1 360448 360960
188 1 401408 405504
423 1 339968 348160
664 1 266240 270336
662 1 94208 98304
561 2 421888 458752 458752 471040
592 1 57344 65536
138 1 212992 221184
138 1 221184 225280
309 1 503808 507904
310 1 73728 81920
870 1 65536 69632
7 1 131072 135168
769 1 81920 90112
353 1 208896 212992
13 1 360448 364544
709 2 348160 393216 393216 425984
709 1 425984 430080
803 1 274432 278528
612 1 200704 217088
844 1 36864 40960
761 1 171520 173568
109 1 516096 524288
803 1 208896 212992
110 1 0 4096
344 1 405504 409600
627 1 454656 458752
628 1 270336 278528
808 1 176128 180224
201 1 356352 385024
761 1 173056 174080
176 1 487424 491520
822 1 150528 151552
822 4 151552 196608 196608 262144 262144 327680 327680 364544
531 1 389120 393216
842 1 212992 214016
223 1 397312 401408
208 1 106496 110592
361 1 118272 119808
451 1 274432 278528
34 1 425984 430080
48 1 417792 421888
35 1 438272 442368
223 1 397312 401408
284 1 507904 512000
14 2 180224 196608 196608 200704
285 1 32768 36864
439 1 462848 467456
940 1 94208 98304
311 1 114688 118784
528 1 73728 77824
391 3 57344 65536 65536 131072 131072 188416
316 3 348160 393216 393216 458752 458752 479232
215 1 425984 430080
303 2 409600 458752 458752 524288
304 1 0 16384
809 1 520704 524288
810 8 0 65536 65536 131072 131072 196608 196608 262144 262144 327680 327680 393216 393216 458752 458752 520704
215 1 491520 507904
187 2 290816 327680 327680 356352
394 2 389120 393216 393216 454656
297 1 466944 503808
813 1 204800 208896
390 2 319488 327680 327680 385024
186 1 487424 524288
187 1 0 28672
649 1 12288 61440
649 1 65536 122880
301 2 339968 393216 393216 409600
187 2 421888 458752 458752 487424
400 2 389120 393216 393216 454656
186 1 163840 167936
392 1 516096 524288
393 1 0 57344
813 1 200704 204800
803 1 274432 278528
86 1 303104 307200
377 1 442368 446464
750 1 94208 98304
193 1 94208 98304
595 1 397312 401408
803 1 208896 212992
228 1 499712 503808
379 1 274432 278528
191 1 16384 20480
191 1 491520 495616
165 1 348160 368640
374 1 462848 466944
58 2 126976 131072 131072 135168
821 1 4096 7680
564 1 360448 368640
592 1 139264 143360
593 1 20480 24576
509 1 487424 491520
22 1 401408 405504
347 1 385024 389120
593 1 49152 53248
594 1 458752 462848
22 1 204800 208896
595 1 167936 172032
941 1 196608 200704
999 1 118784 122880
984 1 69632 73728
44 1 12288 16384
982 1 98304 106496
964 1 479232 483328
490 1 106496 110592
597 1 487424 491520
616 1 364544 368640
435 1 352256 356352
6 1 262144 270336
112 1 425984 442368
700 1 176128 180224
917 1 385024 393216
993 1 57344 61440
763 1 385024 389120
883 1 503808 512000
505 1 253952 258048
993 1 69632 73728
31 1 512000 516096
537 1 450560 454656
109 1 512000 516096
107 1 36864 49152
809 1 49152 57344
27 1 462848 466944
27 1 397312 401408
713 1 401408 450560
895 1 36864 40960
163 1 376832 380928
713 1 450560 454656
163 1 380928 385024
820 1 516096 520192
877 1 389120 393216
489 1 36864 38912
880 1 237568 238592
65 1 225280 241664
220 1 339968 342016
265 1 450560 454656
514 1 430080 434176
941 1 344064 348160
685 1 483328 491520
48 1 458752 475136
763 1 352256 372736
855 2 249856 262144 262144 282624
340 1 65536 69632
366 1 458752 462848
311 2 192512 196608 196608 200704
470 1 282624 284672
560 1 73728 77824
905 1 245760 253952
311 1 200704 204800
938 2 57344 65536 65536 90112
938 1 90112 94208
506 1 188416 196608
636 1 61440 65536
10 1 20480 40960
938 1 94208 102400
65 1 450560 458752
10 1 40960 45056
66 1 393216 397312
235 1 393216 397312
938 1 102400 106496
972 1 225280 237568
813 1 217088 221184
883 1 495616 499712
449 2 53248 65536 65536 115200
176 1 299008 327680
176 1 327680 331776
690 1 352256 352768
542 1 49152 53248
786 1 151552 155648
791 1 155648 159744
367 1 24576 28672
670 1 229376 232448
449 3 373248 393216 393216 458752 458752 524288
450 6 0 65536 65536 131072 131072 196608 196608 262144 262144 327680 327680 373248
950 1 294912 299008
804 4 131072 196608 196608 262144 262144 327680 327680 393216
713 2 131072 196608 196608 262144
858 1 397312 401408
883 1 413696 417792
993 1 98304 102400
27 1 462848 466944
505 1 253952 262144
715 1 376832 380928
700 1 176128 188416
694 1 475648 524288
695 8 0 65536 65536 131072 131072 196608 196608 262144 262144 327680 327680 393216 393216 458752 458752 475648
870 1 319488 323584
819 1 458752 487424
83 1 270336 274432
38 3 336384 393216 393216 458752 458752 524288
39 6 0 65536 65536 131072 131072 196608 196608 262144 262144 327680 327680 336384
872 1 299008 303104
771 1 401408 405504
874 1 512000 520192
366 1 57344 61440
364 1 188416 192512
366 1 143360 147456
357 1 401408 421888
627 1 241664 245760
736 1 475136 479232
270 1 372736 376832
660 1 503808 512000
635 1 163840 172032
447 2 61440 65536 65536 118784
447 1 118784 122880
631 1 122880 126976
747 1 258048 262144
321 1 12288 32768
321 1 32768 36864
813 1 274432 278528
967 1 319488 323584
188 1 95232 95744
115 1 405504 417792
84 7 94720 131072 131072 196608 196608 262144 262144 327680 327680 393216 393216 458752 458752 524288
85 2 0 65536 65536 94720
365 1 507904 512000
319 1 131072 139264
319 1 139264 143360
861 1 389120 389632
576 1 74752 75776
188 1 95232 95744
85 7 94720 131072 131072 196608 196608 262144 262144 327680 327680 393216 393216 458752 458752 524288
86 2 0 65536 65536 94720
576 1 75776 77312
861 1 397312 397824
5 1 122880 131072
5 1 393216 405504
192 1 61440 65536
64 1 475136 479232
215 1 126976 131072
824 1 372736 373760
25 1 0 4096
900 1 212992 217088
67 1 303104 323584
725 1 12288 16384
725 1 20480 24576
725 1 69632 73728
206 1 98304 102400
725 1 114688 118784
725 1 131072 139264
587 1 430080 434176
22 1 196608 237568
853 1 409600 425984
834 1 151552 155648
689 1 241664 245760
834 1 212992 217088
21 5 196608 262144 262144 327680 327680 393216 393216 458752 458752 524288
22 3 0 65536 65536 131072 131072 196608
813 1 217088 225280
188 2 28672 65536 65536 94208
843 1 143360 143872
532 2 360448 393216 393216 413696
383 1 512000 524288
384 1 0 53248
395 1 110592 114688
391 2 450560 458752 458752 524288
392 1 0 57344
188 2 290816 327680 327680 356352
532 1 413696 417792
901 1 430080 434176
409 1 0 65536
64 1 438272 458752
189 1 159744 163840
810 1 520704 524288
811 8 0 65536 65536 131072 131072 196608 196608 262144 262144 327680 327680 393216 393216 458752 458752 520704
395 3 258048 262144 262144 327680 327680 352256
65 1 131072 143360
318 1 217088 249856
177 1 516096 524288
178 1 0 4096
303 1 409600 413696
425 2 212992 262144 262144 294912
178 1 4096 8192
196 1 16384 20480
180 1 356352 364544
154 1 172032 176128
194 1 475136 479232
356 1 434176 438272
970 1 307200 309248
528 1 217088 221184
890 1 425984 454656
780 1 401408 405504
780 1 331776 335872
260 2 192512 196608 196608 208896
759 1 323584 327680
414 1 471040 475136
628 1 106496 126976
414 1 454656 458752
759 1 311296 323584
476 2 184320 196608 196608 241664
188 1 352256 356864
923 1 253952 258048
571 1 507904 510464
813 1 274432 282624
967 1 294912 298496
66 1 344064 348160
52 1 101888 102400
65 1 118784 122880
389 1 262144 327680
121 1 196608 200704
149 1 262144 327680
65 1 122880 131072
769 8 36864 65536 65536 131072 131072 196608 196608 262144 262144 327680 327680 393216 393216 458752 458752 495616
510 1 327680 331776
927 1 393216 397312
771 1 360448 368640
770 5 36864 65536 65536 131072 131072 196608 196608 262144 262144 327680
770 3 327680 393216 393216 458752 458752 524288
771 1 0 28672
121 1 196608 200704
807 1 172032 188416
771 6 45056 65536 65536 131072 131072 196608 196608 262144 262144 327680 327680 360448
927 1 397312 405504
883 1 479232 487424
259 1 311296 315392
424 1 167936 172032
883 1 442368 446464
112 2 442368 458752 458752 462848
13 1 266240 274432
417 1 61440 65536
134 1 331776 335872
13 1 274432 278528
417 1 69632 73728
675 1 192512 196608
890 1 180224 184320
83 1 266240 270336
875 1 65536 73728
366 1 192512 196608
39 3 336384 393216 393216 458752 458752 524288
40 6 0 65536 65536 131072 131072 196608 196608 262144 262144 327680 327680 336384
80 1 106496 107520
358 1 225280 233472
107 1 462848 466944
366 1 196608 258048
83 1 270336 274432
434 1 147456 151552
503 1 266240 270336
503 1 290816 294912
125 1 442368 446464
125 1 446464 450560
125 1 450560 454656
599 1 372736 376832
566 1 57344 61440
195 1 258048 260608
601 1 20480 28672
358 1 270336 274432
51 1 225280 229376
748 1 376832 385024
157 1 380928 385024
135 1 446464 454656
724 1 151552 155648
404 1 471040 475136
310 1 356352 360448
400 1 512000 516096
398 1 290816 294912
803 1 204800 208896
401 1 159744 163840
904 1 409600 425984
91 1 225280 229376
847 1 143360 147456
51 1 81920 102400
804 2 393216 458752 458752 524288
805 1 0 65536
803 1 208896 212992
749 3 327680 393216 393216 458752 458752 524288
750 1 0 65536
719 1 331776 335872
416 1 221184 225280
873 1 417792 421888
736 1 155648 159744
749 1 262144 265728
603 1 417792 430080
603 1 434176 438272
181 1 491520 512000
48 1 483328 487424
251 1 278528 299008
601 1 36864 53248
208 1 487424 499712
305 1 200704 204800
403 1 245760 249856
238 1 458752 462848
813 1 204800 217088
502 1 286720 290816
430 1 483328 484352
813 1 270336 274432
848 1 352256 368640
813 1 204800 212992
813 1 270336 274432
299 1 430080 458752
300 1 0 8192
300 1 8192 12288
203 1 344064 348160
204 1 446464 454656
407 2 446464 458752 458752 479232
161 1 24576 28672
161 1 16384 20480
69 1 487424 495616
87 1 180224 184320
69 1 495616 499712
813 1 204800 208896
5 1 61440 65536
6 1 196608 212992
5 1 192512 196608
6 1 65536 73728
843 1 413696 434176
104 2 442368 458752 458752 491520
796 2 151552 196608 196608 212992
796 1 212992 217088
147 1 225280 233472
147 1 233472 237568
796 1 217088 241664
796 1 241664 245760
926 2 385024 393216 393216 401408
687 1 409600 417792
40 1 69632 73728
40 1 61440 65536
796 2 245760 262144 262144 270336
796 1 270336 274432
796 1 274432 282624
796 1 282624 286720
687 1 409600 413696
687 1 397312 401408
687 1 417792 425984
796 2 286720 327680 327680 344064
180 1 0 24576
824 1 155648 159744
828 1 159744 163840
828 1 143360 151552
487 1 53248 57344
506 1 192512 196608
841 1 487424 507904
938 1 106496 114688
972 1 225280 229376
938 1 114688 118784
813 1 282624 286720
506 2 192512 196608 196608 200704
10 1 45056 65536
83 1 180224 184320
496 1 61440 65536
484 1 389120 391168
724 1 491520 495616
67 1 339968 360448
637 1 208896 212480
25 1 0 4096
57 1 503808 507904
394 1 131072 135168
58 1 16384 20480
921 1 421888 425984
129 1 233472 237568
600 1 458752 524288
601 7 0 65536 65536 131072 131072 196608 196608 262144 262144 327680 327680 393216 393216 458752
863 1 467968 468480
802 1 434176 442368
390 1 294912 307200
814 1 65536 77824
129 1 299008 303104
601 1 487424 499712
602 1 12288 32768
602 1 69632 90112
602 2 126976 131072 131072 135168
602 1 143360 147456
602 1 155648 159744
635 1 323584 327680
602 1 172032 176128
813 1 352256 360448
220 1 172032 176128
417 2 188416 196608 196608 200704
215 1 454656 458752
471 1 504320 524288
472 2 0 65536 65536 73728
970 1 217088 221184
472 7 77824 131072 131072 196608 196608 262144 262144 327680 327680 393216 393216 458752 458752 508416
472 1 508416 524288
473 8 0 65536 65536 131072 131072 196608 196608 262144 262144 327680 327680 393216 393216 458752 458752 508416
473 1 508416 524288
474 8 0 65536 65536 131072 131072 196608 196608 262144 262144 327680 327680 393216 393216 458752 458752 508416
98 1 483328 487424
325 1 122880 126976
98 1 507904 512000
213 1 409600 430080
727 1 299008 303104
405 1 196608 208896
505 1 258048 262144
80 1 417792 425984
405 1 225280 229376
883 1 417792 421888
813 1 270336 274432
3 1 192512 196608
4 1 131072 147456
813 1 204800 212992
813 1 204800 208896
9 2 454656 458752 458752 475136
3 1 323584 327680
3 1 458752 466944
654 1 167936 172032
111 1 503808 512000
695 1 475648 524288
696 8 0 65536 65536 131072 131072 196608 196608 262144 262144 327680 327680 393216 393216 458752 458752 475648
526 2 4096 65536 65536 69632
931 1 249856 253952
41 3 225280 262144 262144 327680 327680 340480
377 1 135168 139264
40 3 336384 393216 393216 458752 458752 524288
41 4 0 65536 65536 131072 131072 196608 196608 221184
46 1 98304 106496
215 1 491520 495616
967 1 319488 323584
813 1 286720 290816
967 1 319488 323584
397 2 323584 327680 327680 393216
536 1 458752 487424
536 1 487424 491520
821 1 299008 307200
822 1 150528 151040
176 1 421888 425984
817 1 81920 90112
428 1 123392 123904
510 1 393216 458752
167 1 487424 495616
167 1 495616 499712
457 1 28672 32768
13 1 413696 421888
13 1 421888 425984
803 1 204800 208896
843 1 151552 172032
998 1 450560 458752
803 1 204800 212992
999 1 0 12288
803 1 270336 278528
180 1 309760 310272
176 1 430080 438272
180 1 310272 310784
179 1 421888 430080
843 1 172032 184320
254 1 249344 253440
315 1 417792 430080
668 1 155648 159744
776 1 192512 196608
162 1 241664 245760
685 1 442368 446464
584 1 122880 126976
345 1 393216 401408
729 1 372736 376832
726 1 208896 212992
848 1 221184 237568
789 1 139264 143360
611 1 266240 278528
715 3 327680 393216 393216 458752 458752 483328
611 1 278528 282624
716 1 483328 524288
717 1 0 24576
576 1 77312 78336
160 1 425472 425984
71 1 376832 385024
188 1 95744 96256
86 7 94720 131072 131072 196608 196608 262144 262144 327680 327680 393216 393216 458752 458752 524288
87 2 0 65536 65536 94720
451 1 188416 192512
71 1 385024 393216
861 1 405504 406016
223 1 397312 401408
218 2 348160 393216 393216 401408
237 1 69632 81920
500 1 94208 98304
652 1 393216 401408
966 1 45056 49152
302 1 192512 196608
747 1 421888 425984
636 1 86016 110592
39 1 212992 233472
83 1 253952 258048
803 1 270336 278528
938 2 118784 131072 131072 151552
10 1 65536 69632
813 1 217088 225280
938 1 151552 155648
139 1 397312 401408
506 1 196608 200704
52 1 65536 73728
551 1 4096 8192
607 1 94208 102400
870 1 20480 32768
821 1 77824 82944
215 1 503808 507904
29 1 405504 409600
46 1 106496 110592
52 1 73728 77824
451 1 393216 397312
451 1 307200 311296
107 1 290816 294912
711 1 4096 8192
12 1 102400 106496
711 1 12288 16384
540 1 323584 327680
729 1 393216 397312
127 1 0 4096
450 1 438272 442368
230 1 458752 462848
451 1 339968 344064
266 1 491520 495616
268 1 159744 163840
809 1 253952 258048
811 1 475136 479232
813 2 61440 65536 65536 73728
810 1 180224 184320
813 1 462848 466944
813 1 221184 225280
246 1 389120 393216
588 1 184320 196608
904 1 425984 446464
883 1 475136 479232
201 1 385024 389120
803 1 274432 278528
749 1 417792 421888
208 1 143360 151552
128 1 81920 84992
208 1 151552 155648
761 1 173568 174080
803 1 208896 212992
262 1 266240 270336
979 1 0 20480
228 1 159744 163840
10 1 278528 282624
842 1 413696 434176
461 1 172032 176128
461 1 229376 233472
813 1 159744 163840
45 1 458752 464384
460 1 512000 516096
124 1 147456 151552
6 1 483328 495616
926 2 49152 65536 65536 102400
423 1 319488 323584
474 1 508416 524288
475 8 0 65536 65536 131072 131072 196608 196608 262144 262144 327680 327680 393216 393216 458752 458752 508416
169 1 135168 139264
461 2 233472 262144 262144 278528
813 1 274432 278528
303 1 12288 16384
404 1 495616 507904
48 1 475136 495616
57 1 61440 65536
534 2 389120 393216 393216 397312
107 1 262144 278528
699 1 425984 430080
752 1 217088 225280
64 1 491520 495616
814 1 270336 274432
58 1 131072 147456
814 1 495616 499712
813 1 77824 81920
98 1 233472 237568
765 1 192512 196608
744 1 65536 69632
63 1 266240 270336
869 1 499712 503808
67 1 143360 147456
269 1 335872 339968
806 1 114688 118784
270 1 266240 270336
273 1 53248 57344
268 1 405504 409600
271 1 196608 204800
63 1 364544 368640
275 1 188416 192512
273 1 417792 421888
328 1 221184 225280
278 1 315392 319488
330 1 393216 397312
176 1 356352 364544
840 1 139264 143872
167 1 131072 139264
83 1 266240 270336
696 1 475648 524288
697 8 0 65536 65536 131072 131072 196608 196608 262144 262144 327680 327680 393216 393216 458752 458752 475648
167 1 139264 143360
222 1 225280 249856
41 3 340480 393216 393216 458752 458752 524288
42 5 0 65536 65536 131072 131072 196608 196608 262144 262144 274944
222 1 249856 253952
607 1 102400 106496
216 1 135168 139264
425 1 294912 299008
774 1 368640 372736
451 1 385024 389120
113 1 167936 176128
811 1 520704 524288
812 8 0 65536 65536 131072 131072 196608 196608 262144 262144 327680 327680 393216 393216 458752 458752 520704
161 1 69632 77824
113 1 176128 180224
161 1 77824 81920
3 1 40960 57344
842 1 147456 163840
813 1 204800 208896
639 1 28672 29184
132 1 323584 327680
812 1 520704 524288
813 8 0 65536 65536 131072 131072 196608 196608 262144 262144 327680 327680 393216 393216 458752 458752 520704
450 2 373248 393216 393216 446464
852 1 409600 413696
450 2 446464 458752 458752 524288
451 4 0 65536 65536 131072 131072 196608 196608 249856
461 2 192512 196608 196608 258048
472 1 135168 193024
472 4 193024 196608 196608 262144 262144 327680 327680 331776
473 1 462848 524288
474 1 0 4096
492 1 65536 106496
491 1 499712 524288
159 1 376832 380928
883 1 430080 438272
709 2 368640 393216 393216 434176
709 2 434176 458752 458752 524288
710 1 0 4608
710 1 327680 356352
710 1 356352 368640
710 4 70144 131072 131072 196608 196608 262144 262144 327680
339 1 57344 61440
176 1 270336 274432
617 1 360448 368640
205 1 49152 57344
912 1 274432 299008
339 1 69632 73728
912 1 299008 303104
944 1 434176 446464
588 1 307200 323584
625 1 12288 28672
104 1 487424 520192
172 2 102400 131072 131072 135168
225 3 376832 393216 393216 458752 458752 524288
739 1 339968 348160
171 7 102400 131072 131072 196608 196608 262144 262144 327680 327680 393216 393216 458752 458752 524288
172 2 0 65536 65536 102400
720 5 204800 262144 262144 327680 327680 393216 393216 458752 458752 520192
803 1 217088 221184
685 1 521216 524288
686 1 0 58368
204 2 188416 196608 196608 237568
204 5 241664 262144 262144 327680 327680 393216 393216 458752 458752 466944
152 1 352256 389120
226 1 0 65536
248 1 323584 327680
49 1 327680 344064
248 2 368640 393216 393216 430080
182 2 122880 131072 131072 139264
142 7 69632 131072 131072 196608 196608 262144 262144 327680 327680 393216 393216 458752 458752 524288
143 1 0 32768
803 1 282624 290816
226 1 65536 131072
332 1 434176 454656
175 1 241664 249856
396 1 57344 59392
896 1 73728 77824
966 1 114688 131072
813 1 212992 221184
624 1 135168 137728
618 1 139264 143360
617 1 393216 397312
69 1 229376 262144
495 1 413696 425984
39 1 36864 45056
177 1 344064 348160
177 1 339968 344064
221 1 69632 73728
40 1 294912 299008
678 1 65536 69632
138 1 221184 225280
240 1 417792 421888
664 1 266240 270336
221 1 77824 81920
561 1 471040 475136
39 1 45056 49152
381 1 294912 311296
240 1 483328 487424
381 2 311296 327680 327680 331776
563 1 49152 53248
565 1 458752 462848
827 1 462848 471040
978 1 307200 311296
225 1 331776 332800
619 1 90112 94208
800 1 73728 77824
535 1 442368 446464
170 1 364544 368640
698 1 114688 118784
611 1 421888 425984
364 1 299008 303104
843 1 110592 114688
874 1 106496 114688
9 1 507904 524288
127 1 14848 18432
129 1 199168 200192
444 1 507904 524288
330 1 81920 86016
339 1 94208 98304
127 1 18432 19456
930 1 430080 433664
930 1 433664 434688
166 2 192512 196608 196608 212992
32 1 417792 421888
166 1 212992 225280
689 1 180224 184320
834 1 167936 172032
803 1 204800 208896
587 1 434176 442368
587 1 442368 446464
23 1 262144 303104
161 1 262144 303104
22 4 262144 327680 327680 393216 393216 458752 458752 524288
23 4 0 65536 65536 131072 131072 196608 196608 262144
160 4 262144 327680 327680 393216 393216 458752 458752 524288
161 4 0 65536 65536 131072 131072 196608 196608 262144
853 1 425984 446464
162 1 327680 368640
803 1 270336 274432
161 3 327680 393216 393216 458752 458752 524288
162 5 0 65536 65536 131072 131072 196608 196608 262144 262144 327680
762 2 16384 65536 65536 73728
762 1 73728 77824
771 1 28672 40960
630 1 204800 208896
771 3 368640 393216 393216 458752 458752 524288
772 1 0 40960
337 1 413184 414208
927 1 405504 409600
337 1 414208 414720
292 1 516096 524288
293 1 0 8192
121 1 196608 204800
772 8 40960 65536 65536 131072 131072 196608 196608 262144 262144 327680 327680 393216 393216 458752 458752 524288
773 1 0 40960
927 1 409600 417792
927 1 417792 421888
154 1 32768 36352
32 1 483328 487424
813 1 204800 212992
434 1 151552 155648
273 1 212992 221184
355 1 118784 122880
96 1 417792 425984
871 1 212992 221184
909 2 118784 131072 131072 139264
563 1 57344 61440
560 1 98304 102400
563 1 262144 263680
273 1 212992 217088
877 1 262144 299008
763 1 471040 475136
5 1 192512 196608
458 1 339968 344064
610 1 188416 192512
558 1 49152 53248
719 1 331776 335872
715 1 483328 524288
716 8 0 65536 65536 131072 131072 196608 196608 262144 262144 327680 327680 393216 393216 458752 458752 483328
168 1 102400 110592
885 1 387584 388096
168 1 110592 114688
721 3 286720 327680 327680 393216 393216 458752
34 1 491520 495616
957 1 315392 319488
449 1 507904 512000
10 1 303104 307200
10 1 311296 315392
925 1 368640 372736
10 1 319488 327680
518 1 98304 102400
443 1 335872 336384
214 1 32768 36864
843 1 327680 331776
39 1 282624 286720
940 1 294912 319488
813 1 286720 290816
636 1 86016 90112
462 1 270336 271872
938 1 155648 163840
942 1 389120 393216
938 1 163840 167936
506 1 196608 200704
828 1 159744 163840
824 1 155648 159744
487 1 53248 57344
828 1 143360 151552
938 1 167936 176128
941 1 262144 266240
116 1 446464 454656
116 1 454656 458752
245 1 344064 364544
112 1 491520 495616
424 1 36864 40960
975 1 507904 524288
976 1 0 19968
727 1 393216 405504
380 1 438272 439296
389 1 446464 447488
781 1 487424 495616
730 1 495616 498176
150 1 73728 77824
625 1 360448 368640
150 1 106496 114688
630 2 40960 65536 65536 77824
150 2 126976 131072 131072 139264
809 1 0 8192
120 1 376832 380928
189 1 229376 233472
803 1 274432 278528
803 1 208896 212992
803 1 274432 278528
239 1 442368 458752
803 1 208896 212992
182 1 77824 81920
813 1 204800 212992
492 1 8192 12288
565 1 90112 114688
134 1 151552 153600
541 1 385024 389120
705 1 61440 65536
909 1 147456 172032
713 1 172032 176128
525 1 126976 131072
40 1 409600 413696
307 1 77824 81920
848 1 237568 245760
10 1 196608 233472
10 1 233472 237568
158 1 110592 118784
175 1 249856 253952
30 2 241152 262144 262144 290304
223 1 393216 397312
851 1 32768 53248
223 1 389120 393216
584 1 495616 520192
264 1 516096 520192
264 1 442368 446464
621 1 184320 196608
621 1 327680 348160
851 1 53248 65536
519 1 20480 36864
868 1 241664 245760
868 1 225280 233472
0 1 516096 520192
906 1 77824 94208
0 1 454656 458752
845 1 360448 364544
759 1 512000 520192
803 2 270336 327680 327680 335872
748 1 180224 184320
195 2 253952 262144 262144 319488
6 1 16384 20480
421 1 491520 494080
476 2 438272 458752 458752 491520
476 1 491520 495616
476 1 495616 503808
477 2 110592 131072 131072 135168
477 1 135168 139264
720 4 286720 327680 327680 393216 393216 458752 458752 524288
721 5 0 65536 65536 131072 131072 196608 196608 262144 262144 286720
243 1 172032 176128
806 1 262144 327680
243 1 479232 483328
202 1 344064 352256
822 1 151040 151552
428 1 123904 124416
822 1 151552 152064
428 1 124416 124928
96 1 487424 491520
16 1 299008 303104
509 1 348160 350208
421 1 86016 88064
250 1 180224 181248
507 1 237568 241664
73 1 466944 471040
382 1 503808 524288
167 1 327680 335872
507 1 282624 286720
433 1 20480 28672
716 1 94208 98304
640 1 278528 282624
399 1 434176 438272
771 1 118784 122880
401 1 32768 45056
383 1 0 4096
433 1 28672 32768
148 1 167936 172032
111 1 512000 516096
25 1 520192 524288
26 1 458752 475136
75 1 262144 282624
813 1 274432 278528
232 1 249856 258048
32 1 417792 421888
232 1 258048 262144
871 1 118784 122880
807 1 188416 196608
803 1 442368 446464
873 1 204800 208896
480 1 167936 172032
359 1 45056 46592
867 1 57344 59904
773 8 40960 65536 65536 131072 131072 196608 196608 262144 262144 327680 327680 393216 393216 458752 458752 524288
774 1 0 40960
795 1 196608 208896
116 1 176128 180224
630 1 139264 147456
82 1 20480 28672
806 1 114688 118784
158 1 118784 122880
940 2 450560 458752 458752 479232
238 1 516096 520192
963 1 466944 471040
429 1 286720 290816
388 1 278528 282624
964 1 258048 262144
262 1 24576 26624
300 1 208896 210432
963 1 520192 524288
160 1 344064 348160
64 1 421888 425984
396 1 487424 495616
107 1 262144 278528
292 1 163840 167936
232 1 294912 303104
83 1 270336 274432
83 1 266240 270336
697 1 475648 524288
698 8 0 65536 65536 131072 131072 196608 196608 262144 262144 327680 327680 393216 393216 458752 458752 475648
83 1 270336 274432
484 2 45056 65536 65536 110592
358 1 233472 237568
111 1 4096 12288
139 1 311296 315392
141 1 266240 270336
3 1 57344 65536
963 1 57344 61440
4 1 131072 143360
813 1 520704 524288
814 7 0 65536 65536 131072 131072 196608 196608 262144 262144 327680 327680 393216 393216 455168
639 1 36864 37376
822 1 425984 430080
346 1 110592 114688
538 1 475136 479232
851 1 454656 458752
111 1 12288 16384
842 1 163840 184320
900 1 167936 172032
684 1 331776 335872
900 1 225280 229376
684 1 331776 335872
900 1 167936 172032
985 1 225280 229376
926 1 98304 131072
6 1 368640 372736
980 1 479232 483328
803 1 270336 274432
980 1 483328 487424
818 1 512000 516096
683 1 32768 36864
202 2 389120 393216 393216 397312
202 1 397312 401408
229 1 401408 405504
571 1 430080 431104
63 1 331776 335872
971 1 40960 45056
743 1 413696 417792
366 1 442368 446464
871 1 40960 45056
571 1 425984 430080
858 1 94208 98304
978 1 0 4096
957 1 446464 454656
397 1 262144 266240
805 1 442368 446464
791 2 323584 327680 327680 368640
291 2 147456 196608 196608 217088
707 1 204800 207360
974 1 32768 36864
736 2 327680 393216 393216 458752
505 1 258048 262144
883 1 483328 487424
979 1 20480 32768
505 1 258048 262144
957 2 258048 262144 262144 266240
333 1 331776 335872
230 1 409600 413696
777 1 397312 401408
88 1 344064 348160
87 1 258048 262144
861 1 413696 414208
615 1 176128 180224
87 7 94720 131072 131072 196608 196608 262144 262144 327680 327680 393216 393216 458752 458752 524288
88 2 0 65536 65536 94720
861 1 421888 422400
803 1 278528 286720
249 1 212992 217088
803 1 217088 225280
88 7 94720 131072 131072 196608 196608 262144 262144 327680 327680 393216 393216 458752 458752 524288
89 2 0 65536 65536 94720
846 8 512 65536 65536 131072 131072 196608 196608 262144 262144 327680 327680 393216 393216 458752 458752 524288
847 1 0 512
200 1 286720 294912
455 2 180224 196608 196608 204800
803 1 286720 290816
732 1 135168 167936
200 1 294912 299008
351 1 516096 524288
249 1 212992 217088
188 1 97280 97792
89 7 94720 131072 131072 196608 196608 262144 262144 327680 327680 393216 393216 458752 458752 524288
90 2 0 65536 65536 94720
848 1 278528 290816
314 1 482816 486912
623 1 462336 466432
803 1 262144 266240
40 1 385024 389120
632 1 482816 491008
313 1 430080 434176
813 1 270336 274432
107 1 278528 299008
650 1 110592 118784
35 1 331776 335872
724 1 303104 307200
268 1 344064 348160
685 1 475136 479232
267 1 0 4096
58 1 147456 159744
388 1 131072 135168
507 1 393216 397312
223 1 397312 401408
507 1 356352 360448
223 1 389120 393216
524 1 311296 313344
820 1 516096 524288
877 1 323584 327680
539 1 421888 425984
820 1 520192 524288
877 1 389120 393216
816 1 188416 192512
820 1 520192 524288
976 2 253952 262144 262144 319488
145 1 155648 159744
134 1 151552 155648
506 1 196608 200704
636 1 110592 126976
24 1 81920 86016
104 2 176128 196608 196608 200704
87 1 286720 294912
146 1 454656 458752
84 1 241664 245760
965 1 417792 450560
941 1 266240 299008
104 1 200704 204800
957 1 299008 311296
325 1 487424 491520
941 1 299008 303104
203 1 462848 466944
978 1 200704 204800
614 1 32768 36864
798 2 392704 393216 393216 409088
243 1 36864 40960
774 8 40960 65536 65536 131072 131072 196608 196608 262144 262144 327680 327680 393216 393216 458752 458752 524288
775 1 0 40960
204 1 401408 413696
63 1 163840 167936
63 1 188416 189440
30 1 290304 294400
288 1 401408 405504
772 1 499712 524288
773 1 0 4096
332 2 454656 458752 458752 466944
803 1 204800 208896
288 1 393216 397312
413 1 98304 102400
506 1 475136 479232
8 1 516096 520192
111 1 397312 438272
435 1 221184 225280
435 1 147456 159744
220 1 368640 372736
832 1 49152 53248
886 1 167936 172032
403 1 24576 28672
41 1 286720 290816
445 1 475136 479232
13 1 241664 245760
446 1 16384 20480
978 1 110592 114688
54 1 499712 503808
40 1 368640 372736
111 1 438272 442368
933 1 228864 232960
574 1 249344 252416
803 1 204800 208896
165 2 319488 327680 327680 335872
0 1 421888 442368
32 1 442368 446464
803 1 270336 274432
445 1 430080 446464
28 1 331776 335872
244 1 385024 389120
144 1 421888 434176
144 1 495616 499712
934 1 262144 262656
231 1 57344 65536
934 1 262656 263168
934 1 368640 369664
934 1 263168 266240
49 1 344064 364544
250 2 53248 65536 65536 118784
934 1 369664 372736
934 1 434176 435200
59 1 471040 475136
531 1 151552 172032
796 1 344064 348160
935 1 303104 303616
796 2 348160 393216 393216 417792
59 1 466944 471040
104 1 516096 524288
105 1 0 8192
208 5 61440 65536 65536 131072 131072 196608 196608 262144 262144 323584
935 1 385024 389120
935 1 335872 339968
383 1 16384 25600
138 1 401408 402944
258 1 512000 524288
259 1 0 28672
270 1 458752 524288
941 1 487424 495616
258 1 81920 90112
266 1 491520 499712
369 3 372736 393216 393216 458752 458752 507904
801 1 110592 122880
803 1 270336 274432
803 1 196608 200704
377 4 303104 327680 327680 393216 393216 458752 458752 524288
378 5 0 65536 65536 131072 131072 196608 196608 262144 262144 303104
378 4 303104 327680 327680 393216 393216 458752 458752 524288
379 3 0 65536 65536 131072 131072 167936
237 1 36864 45056
42 1 200704 204800
658 1 321024 321536
202 1 352256 356352
974 1 36864 40960
244 1 16384 20480
42 3 340480 393216 393216 458752 458752 524288
43 6 0 65536 65536 131072 131072 196608 196608 262144 262144 327680 327680 340480
83 1 266240 270336
83 1 270336 274432
698 1 475648 524288
699 8 0 65536 65536 131072 131072 196608 196608 262144 262144 327680 327680 393216 393216 458752 458752 475648
83 1 266240 270336
43 3 340480 393216 393216 458752 458752 524288
44 6 0 65536 65536 131072 131072 196608 196608 262144 262144 327680 327680 340480
159 1 32768 33280
461 1 294912 311296
452 2 118784 131072 131072 184320
6 1 495616 512000
475 1 508416 524288
476 5 0 65536 65536 131072 131072 196608 196608 262144 262144 314368
842 1 434176 446464
52 1 319488 327680
52 1 327680 331776
51 1 286720 311296
51 1 311296 315392
962 1 212992 216576
646 1 458752 464384
388 1 57344 61440
229 1 516096 524288
230 1 0 16384
710 1 499712 524288
711 1 0 40960
711 2 237568 262144 262144 303104
406 2 118272 131072 131072 192000
834 2 98304 131072 131072 163840
159 1 376832 380928
406 1 192000 196096
638 1 314880 318976
835 2 360448 393216 393216 418304
883 1 499712 503808
835 1 418304 425984
55 2 397312 458752 458752 462848
59 1 466944 524288
60 1 0 8192
199 2 372736 393216 393216 438272
202 2 442368 458752 458752 507904
255 1 8192 10752
479 1 454656 458752
376 1 483328 524288
377 1 0 24576
841 1 315392 319488
841 1 167936 172032
843 1 77824 81920
725 1 73728 77824
776 1 425984 434176
819 2 86016 131072 131072 155648
819 1 155648 159744
333 1 454656 458752
326 1 196608 200704
761 1 507904 512000
915 1 102400 106496
675 1 99840 103424
294 1 53248 56832
806 3 327680 393216 393216 458752 458752 483328
974 1 40960 45056
26 1 126976 131072
27 1 0 8192
883 1 417792 421888
265 1 0 4096
505 1 258048 262144
883 1 483328 487424
307 1 294912 315392
580 1 212992 217088
580 1 225280 229376
185 1 323584 327680
868 1 393216 401408
896 1 139264 147456
107 1 278528 299008
803 1 270336 274432
64 1 487424 491520
803 1 327680 331776
704 1 430080 434176
704 1 438272 446464
773 1 282624 283136
687 1 184320 188416
722 1 237568 245760
534 1 393216 401408
803 1 262144 270336
813 1 274432 278528
704 1 405504 417792
677 1 229376 233472
683 1 49152 53248
186 1 290816 311296
408 1 331776 335872
534 1 397312 405504
396 1 106496 122880
803 1 331776 335872
552 1 516096 524288
813 1 208896 212992
540 1 7680 11776
634 2 249344 262144 262144 273920
540 1 11776 36352
94 1 355840 380416
94 1 376320 380416
159 1 33280 33792
159 1 33792 36864
159 1 45056 46080
159 1 163840 164864
159 1 46080 49152
72 1 143360 151552
159 1 164864 167936
705 1 245760 262144
704 1 155648 163840
704 1 221184 229376
451 1 425984 430080
930 1 372736 376832
39 1 434176 442368
236 1 20480 24576
645 1 184320 188416
637 1 184320 192512
637 1 405504 409600
622 2 167936 196608 196608 212992
622 1 212992 217088
163 1 393216 434176
1 1 45056 65536
803 1 270336 274432
590 1 453120 454656
199 1 126976 130560
1 1 327680 339968
944 1 352256 356352
831 1 163840 167936
703 1 176128 178176
58 1 348160 352256
117 1 249856 253952
944 1 335872 339968
938 1 348160 352256
696 1 172032 184320
223 1 393216 397312
223 1 385024 389120
377 1 106496 110080
803 1 200704 204800
813 1 204800 208896
4 1 389120 393216
490 1 4096 5120
489 1 503808 506368
489 1 479232 480256
263 1 401408 403968
700 1 262144 265216
832 1 86016 89088
830 1 208896 212992
5 1 196608 208896
876 1 515584 524288
877 1 0 32256
832 2 282624 327680 327680 344064
803 1 270336 274432
244 1 114688 118784
277 1 20480 53248
245 1 135168 139264
806 1 483328 524288
807 5 0 65536 65536 131072 131072 196608 196608 262144 262144 327680
245 1 331776 348160
675 1 103424 104448
112 1 487424 495616
28 1 331776 335872
745 1 503808 507904
71 1 139264 143360
173 1 225280 241664
144 1 430080 434176
244 1 385024 389120
173 1 241664 245760
252 1 155648 159744
144 1 495616 503808
28 1 331776 335872
144 1 434176 438272
24 1 462848 487424
622 1 278528 290816
622 1 290816 294912
636 1 110592 114688
14 1 512000 520192
506 1 196608 204800
941 1 303104 311296
14 1 520192 524288
10 1 69632 90112
941 1 311296 315392
824 1 155648 159744
828 1 159744 163840
828 1 143360 151552
10 1 90112 94208
487 1 53248 57344
941 1 315392 323584
129 1 200192 201216
129 1 201216 202240
129 1 202240 203776
129 1 203776 204800
971 1 278528 311296
877 1 262144 266240
514 1 126976 131072
264 1 458752 466944
580 1 241664 245760
580 1 274432 278528
825 1 204800 208896
195 1 163840 167936
505 1 258048 262144
825 1 225280 229376
398 1 12288 16384
574 1 252416 253440
982 3 98304 131072 131072 196608 196608 212992
165 1 335872 356352
0 1 442368 454656
949 1 106496 114688
949 1 135168 143360
265 1 294912 323584
357 1 159744 163840
492 1 401408 434176
813 1 270336 274432
896 1 77824 81920
982 1 208896 212992
102 1 274432 282624
896 1 143360 147456
102 1 282624 286720
424 1 0 20480
982 1 208896 217088
107 1 466944 471040
83 1 270336 274432
107 2 315392 327680 327680 331776
44 2 340480 393216 393216 438272
64 1 495616 499712
45 1 458752 507904
699 1 475648 524288
700 7 0 65536 65536 131072 131072 196608 196608 262144 262144 327680 327680 393216 393216 410112
44 2 438272 458752 458752 524288
45 5 0 65536 65536 131072 131072 196608 196608 262144 262144 291328
814 1 229376 233472
423 1 311296 323584
888 1 270336 278528
930 1 241664 253952
888 1 286720 294912
889 1 466944 471040
930 1 442368 454656
888 1 155648 159744
847 1 204800 229376
558 1 81920 86016
847 1 159744 163840
981 1 225280 227840
560 1 503808 520192
888 1 163840 172032
803 1 274432 286720
983 1 73728 77824
798 1 409088 413184
243 1 45056 53248
121 1 200704 204800
470 1 368640 372736
927 1 421888 430080
83 1 466944 471040
384 1 110592 126976
927 1 430080 434176
775 8 40960 65536 65536 131072 131072 196608 196608 262144 262144 327680 327680 393216 393216 458752 458752 462848
941 1 86016 89088
990 1 61440 63488
780 2 270336 327680 327680 372736
58 2 188416 196608 196608 221184
384 2 126976 131072 131072 139264
245 1 471040 475136
143 1 503808 504320
871 1 69632 73728
803 1 462848 466944
996 1 225280 229376
803 1 442368 446464
788 1 462848 495616
804 1 241664 245760
143 1 499712 503808
245 1 483328 487424
942 1 24576 28672
813 1 204800 208896
258 1 327680 331776
237 1 45056 49152
267 1 40960 57344
836 4 307200 327680 327680 393216 393216 458752 458752 491520
343 6 167936 196608 196608 262144 262144 327680 327680 393216 393216 458752 458752 524288
344 3 0 65536 65536 131072 131072 167936
344 6 167936 196608 196608 262144 262144 327680 327680 393216 393216 458752 458752 524288
345 3 0 65536 65536 131072 131072 167936
42 1 200704 204800
346 3 167936 196608 196608 262144 262144 319488
900 1 212992 225280
345 6 167936 196608 196608 262144 262144 327680 327680 393216 393216 458752 458752 524288
346 3 0 65536 65536 131072 131072 167936
379 6 167936 196608 196608 262144 262144 327680 327680 393216 393216 458752 458752 524288
380 1 0 16384
957 1 229376 233472
813 1 270336 274432
957 1 299008 303104
72 1 225280 233472
70 2 61440 65536 65536 69632
72 1 233472 237568
70 1 69632 73728
906 1 94208 114688
56 1 249856 262144
868 1 176128 180224
813 1 270336 278528
852 1 450560 454656
813 1 217088 225280
181 1 331776 348160
852 1 450560 454656
48 1 487424 491520
813 1 286720 290816
365 1 487424 503808
224 1 417792 425984
26 1 237568 245760
26 1 245760 249856
365 1 503808 524288
224 1 487424 495616
94 1 376320 380416
718 1 474624 478720
719 1 323072 327168
20 1 409600 413696
405 1 200704 208896
404 1 4096 16384
404 1 77824 81920
631 1 36864 49152
883 1 417792 425984
631 1 49152 53248
307 1 315392 327680
124 1 425984 430080
316 1 299008 311296
378 2 225280 262144 262144 290816
379 2 421888 458752 458752 487424
97 1 53248 61440
357 1 462848 466944
380 1 487424 524288
381 1 0 20992
365 1 65536 67072
226 1 208896 225280
909 1 319488 323584
381 1 20992 28672
112 1 425984 442368
383 2 421888 458752 458752 487424
385 2 425984 458752 458752 491520
820 1 512000 516096
387 2 360448 393216 393216 425984
281 1 163840 172032
829 1 114688 118784
828 1 278528 282624
735 1 8192 24576
331 1 21504 22016
383 1 196608 217088
332 1 167936 172032
383 1 217088 221184
332 1 98304 102400
984 1 355840 359936
700 1 52736 56832
725 1 278016 282112
738 1 32768 36864
814 1 520704 524288
815 8 0 65536 65536 131072 131072 196608 196608 262144 262144 327680 327680 393216 393216 458752 458752 520704
672 1 155648 180224
43 1 331776 339968
815 1 520704 524288
816 8 0 65536 65536 131072 131072 196608 196608 262144 262144 327680 327680 393216 393216 458752 458752 520704
43 1 339968 344064
672 1 180224 188416
157 1 172032 176128
157 1 102400 106496
803 1 204800 208896
380 1 385024 389120
567 1 131072 135168
932 1 131072 139264
383 2 188416 196608 196608 212992
163 2 61440 65536 65536 69632
163 1 69632 73728
383 1 212992 217088
7 1 196608 217088
813 1 204800 208896
197 1 212992 221184
197 1 221184 225280
333 1 483328 487424
245 1 335872 356352
448 1 73728 90112
448 1 90112 110592
245 1 356352 368640
646 1 135168 136192
628 5 254464 262144 262144 327680 327680 393216 393216 458752 458752 524288
629 4 0 65536 65536 131072 131072 196608 196608 254464
4 1 454656 458752
5 1 208896 212992
5 1 262144 274432
813 1 270336 274432
816 1 114688 122880
677 1 204800 208896
725 2 385024 393216 393216 401408
39 2 40960 65536 65536 106496
677 1 212992 217088
182 1 24576 28672
744 1 327680 344064
803 1 204800 208896
445 1 372736 376832
263 1 516096 524288
712 1 196608 200704
726 1 135168 139264
366 1 290816 299008
366 1 241664 253952
687 1 49152 53248
723 1 495616 499712
370 1 176128 184320
334 1 167936 172032
982 1 221184 225280
896 1 77824 81920
982 1 208896 212992
237 1 86016 90112
237 1 81920 86016
497 1 487424 491520
162 2 393216 458752 458752 524288
163 6 0 65536 65536 131072 131072 196608 196608 262144 262144 327680 327680 393216
651 1 479232 483328
883 1 397312 401408
291 1 339968 356352
244 1 385024 389120
144 1 499712 503808
28 1 331776 335872
55 1 303104 319488
144 1 434176 438272
244 1 385024 389120
748 1 126976 129536
41 1 417792 421888
906 1 155648 180224
155 1 503808 512000
906 1 180224 184320
155 1 512000 516096
843 1 331776 352256
304 1 16384 20480
939 1 499712 500224
939 1 495616 499712
383 1 151552 155648
127 1 19456 20480
383 1 155648 159744
383 1 159744 163840
766 1 237568 241664
610 1 212992 221184
583 1 311296 319488
232 1 421888 454656
187 1 331264 335360
739 1 339968 344064
805 1 372736 376832
729 3 327680 393216 393216 458752 458752 524288
730 1 0 24576
246 1 249856 258048
215 1 139264 147456
246 1 466944 471040
739 1 266240 270336
246 1 487424 491520
502 1 131072 135168
260 1 327680 331776
502 1 155648 159744
645 5 221184 262144 262144 327680 327680 393216 393216 458752 458752 524288
646 2 0 65536 65536 131072
552 1 270336 271872
834 1 376832 380928
51 1 151552 159744
51 1 159744 163840
766 1 57344 61440
179 1 368640 372736
511 1 442368 446464
410 1 450560 458752
427 1 65536 69632
410 1 401408 405504
410 1 393216 397312
411 1 65536 69632
177 1 155648 159744
215 1 397312 401408
412 1 331776 335872
483 1 434176 438272
196 1 135168 139264
957 2 233472 262144 262144 294912
957 1 294912 299008
956 5 229376 262144 262144 327680 327680 393216 393216 458752 458752 524288
957 4 0 65536 65536 131072 131072 196608 196608 229376
267 1 98304 106496
957 4 303104 327680 327680 393216 393216 458752 458752 524288
958 1 0 45056
875 1 401408 405504
253 1 184320 188416
207 1 430080 434176
539 1 147456 155648
522 1 45056 53248
988 1 12288 16384
918 2 258048 262144 262144 327680
722 1 372736 376832
803 1 204800 208896
93 1 315392 319488
103 1 446464 454656
267 2 114688 131072 131072 139264
346 3 319488 327680 327680 393216 393216 395264
553 1 282624 290816
233 1 339968 344064
95 1 69632 73728
852 1 450560 454656
357 1 90112 102400
264 1 434176 438272
296 1 282624 286720
296 1 163840 167936
813 1 221184 225280
95 1 45056 49152
80 1 364032 372224
173 1 380416 384512
544 1 151040 155136
621 1 81408 85504
544 2 130560 131072 131072 134656
544 1 331264 339456
85 1 364032 368128
124 1 475136 491520
813 1 204800 212992
94 2 368640 393216 393216 401408
813 1 274432 282624
241 1 90112 98304
497 1 487424 495616
880 1 409600 412672
218 1 401408 405504
803 1 221184 225280
847 8 512 65536 65536 131072 131072 196608 196608 262144 262144 327680 327680 393216 393216 458752 458752 524288
848 1 0 512
551 1 90112 94208
90 3 380928 393216 393216 458752 458752 524288
91 1 0 33280
387 1 143360 147456
90 5 94720 131072 131072 196608 196608 262144 262144 327680 327680 376832
803 1 286720 290816
112 1 421888 425984
848 8 512 65536 65536 131072 131072 196608 196608 262144 262144 327680 327680 393216 393216 458752 458752 524288
849 1 0 512
155 1 262144 278528
91 7 98816 131072 131072 196608 196608 262144 262144 327680 327680 393216 393216 458752 458752 524288
92 2 0 65536 65536 98816
803 1 221184 233472
451 1 192512 196608
470 1 0 4096
302 1 364544 368640
803 1 294912 299008
155 1 278528 299008
926 1 237568 241664
124 1 462848 483328
316 1 344064 348160
260 1 274432 286720
486 1 278528 282624
243 1 282624 286720
260 1 290816 299008
486 1 319488 323584
541 2 180224 196608 196608 212992
409 2 192512 196608 196608 200704
166 1 491520 507904
505 1 258048 262144
180 2 261632 262144 262144 265728
232 1 454656 458752
572 1 56832 60928
187 1 273920 278016
837 1 278016 282112
892 1 220672 224768
864 1 228864 232960
838 1 478720 482816
127 1 20480 21504
383 1 163840 167936
877 1 262144 266240
634 2 184320 196608 196608 229376
0 1 0 4096
67 1 413696 417792
40 1 0 4096
8 1 12288 16384
0 1 4096 8192
128 1 483328 487424
241 1 90112 98304
269 1 311296 327680
291 1 339968 360448
398 1 8192 12288
130 1 77824 86016
402 1 110592 118784
192 1 421888 425984
235 1 262144 282624
245 1 348160 368640
675 1 104448 105472
171 1 512000 520192
171 1 520192 524288
291 1 331776 348160
240 1 417792 425984
150 1 491520 499712
150 1 499712 503808
848 1 237568 245760
848 1 278528 290816
813 1 204800 212992
291 1 348160 368640
569 1 155648 159744
569 2 192512 196608 196608 200704
330 1 143360 147456
331 1 499712 503808
331 1 245760 249856
333 1 462848 466944
447 1 114688 118784
332 1 507904 512000
332 1 417792 421888
334 1 393216 397312
410 1 434176 438272
367 1 364544 368640
798 1 94208 98304
352 1 32768 38400
167 1 270336 278528
167 1 278528 282624
204 1 4096 8192
121 1 200704 204800
204 1 413696 417792
780 3 372736 393216 393216 458752 458752 524288
781 3 0 65536 65536 131072 131072 139264
386 1 270336 278528
205 1 8192 20480
927 1 434176 442368
927 1 442368 446464
785 4 8192 65536 65536 131072 131072 196608 196608 241664
121 1 200704 204800
927 1 446464 454656
3 1 126976 131072
4 1 65536 77824
434 2 430080 458752 458752 495616
403 1 356352 358912
406 1 483328 487424
443 1 339968 340480
779 1 65536 69632
387 1 155648 159744
926 1 102400 106496
606 7 126976 131072 131072 196608 196608 262144 262144 327680 327680 393216 393216 458752 458752 524288
607 2 0 65536 65536 126976
607 7 126976 131072 131072 196608 196608 262144 262144 327680 327680 393216 393216 458752 458752 524288
608 2 0 65536 65536 126976
608 7 126976 131072 131072 196608 196608 262144 262144 327680 327680 393216 393216 458752 458752 524288
609 2 0 65536 65536 126976
813 1 204800 208896
803 1 294912 295936
610 7 126976 131072 131072 196608 196608 262144 262144 327680 327680 393216 393216 458752 458752 524288
611 2 0 65536 65536 126976
614 2 126976 131072 131072 192512
609 7 126976 131072 131072 196608 196608 262144 262144 327680 327680 393216 393216 458752 458752 524288
610 2 0 65536 65536 126976
83 1 511488 523776
228 1 376832 385024
16 1 425984 446464
228 1 385024 389120
758 1 8192 16384
893 1 487424 524288
894 1 0 4096
332 1 167936 172032
223 1 389120 393216
332 1 159744 163840
135 1 143360 147456
0 1 32256 36352
8 1 101888 105984
72 1 167424 171520
8 1 167424 171520
0 1 36352 40448
208 1 417792 442368
497 1 192512 195072
61 1 61440 65536
148 1 122880 131072
45 3 291328 327680 327680 393216 393216 458752
45 1 507904 524288
46 6 0 65536 65536 131072 131072 196608 196608 262144 262144 327680 327680 340480
700 1 475648 524288
701 8 0 65536 65536 131072 131072 196608 196608 262144 262144 327680 327680 393216 393216 458752 458752 475648
712 1 364544 368640
107 1 331776 352256
366 1 102400 102912
560 1 176128 180224
366 1 98304 102400
201 1 376832 380928
240 1 487424 495616
293 1 237568 239616
173 1 204800 212992
173 1 212992 217088
144 1 499712 503808
28 1 331776 335872
144 1 434176 442368
244 1 385024 389120
144 1 503808 507904
28 1 331776 335872
334 1 258048 262144
710 1 258048 262144
717 1 143360 147456
0 1 434176 454656
731 1 94208 98304
705 1 36864 53248
370 1 184320 188416
534 1 401408 409600
648 1 106496 110592
803 1 212992 229376
725 2 319488 327680 327680 339968
813 1 274432 278528
710 1 204800 212992
444 1 405504 413696
786 1 413696 421888
725 1 45056 49152
56 1 151552 155648
724 1 442368 454656
409 1 204800 217088
883 1 487424 491520
409 1 221184 225280
914 1 184320 188416
914 2 192512 196608 196608 225280
829 1 315392 319488
237 1 90112 94208
896 1 143360 155648
939 1 225280 241664
560 1 24576 28672
455 1 278528 282624
758 1 487424 491520
96 1 421888 425984
73 1 368640 376832
909 1 139264 143360
73 1 376832 380928
240 1 487424 491520
96 1 487424 495616
381 1 294912 315392
240 1 421888 430080
434 1 155648 159744
434 1 159744 163840
434 1 163840 167936
381 1 315392 327680
935 1 188416 196608
888 1 262144 266240
28 1 315392 316416
888 1 278528 282624
889 1 462848 466944
152 1 57344 65536
888 1 114688 118784
946 1 217088 225280
199 1 475136 479232
55 1 151552 155648
429 1 249856 253952
530 1 503808 512000
175 1 499712 524288
176 1 0 4096
560 1 520192 524288
152 1 65536 69632
961 1 118784 131072
294 1 430080 434176
506 1 248832 249344
974 1 45056 49152
805 1 442368 446464
306 1 417792 421888
310 1 344064 348160
311 1 65536 69632
943 1 77824 81920
87 1 294912 319488
943 1 225280 229376
943 1 151552 163840
943 1 81920 98304
943 1 294912 299008
87 1 294912 299008
943 1 299008 307200
506 1 200704 204800
943 1 307200 311296
506 1 200704 204800
824 1 155648 159744
828 1 143360 151552
828 1 159744 163840
487 1 53248 57344
506 1 200704 204800
990 1 376832 380928
544 1 380928 385024
215 1 401408 409600
215 1 409600 413696
849 2 385024 393216 393216 401408
813 1 204800 208896
848 1 368640 376832
848 1 409600 421888
398 1 188416 192512
159 1 192512 193536
72 1 151552 155648
301 1 466944 471040
476 1 167936 172032
160 1 196608 197120
476 1 163840 167936
160 1 229376 233472
161 1 245760 249856
704 1 348160 352256
476 1 167936 172032
967 1 319488 323584
813 1 286720 294912
160 1 196608 197120
476 1 163840 167936
967 1 319488 323584
813 1 225280 233472
240 1 487424 495616
651 1 516096 520192
944 1 512000 516096
889 1 86016 90112
813 1 266240 278528
608 1 45056 48640
889 1 110592 131072
733 1 28672 32768
813 1 204800 212992
845 1 184320 196608
958 4 45056 65536 65536 131072 131072 196608 196608 229376
946 1 458752 462848
139 1 458752 466944
918 1 393216 397312
569 1 221184 225280
953 2 225280 262144 262144 290816
813 1 274432 278528
900 1 221184 225280
569 1 262144 270336
732 1 487424 524288
733 1 0 28672
869 1 212992 216576
733 4 32768 65536 65536 131072 131072 196608 196608 233472
610 2 352256 393216 393216 430080
389 2 294912 327680 327680 360448
610 1 430080 434176
159 1 376832 380928
516 2 163840 196608 196608 229376
128 1 229376 262144
226 1 225280 229376
226 1 339968 356352
883 1 434176 438272
518 2 229376 262144 262144 294912
528 3 364544 393216 393216 458752 458752 487936
112 2 442368 458752 458752 462848
528 1 487936 495616
909 1 262144 266240
530 1 499712 524288
531 1 0 40960
541 2 45056 65536 65536 110592
545 2 110592 131072 131072 176128
157 1 167936 184320
501 1 487424 491520
244 1 286720 294912
137 1 335872 360448
119 1 258048 262144
803 1 204800 208896
30 2 184320 196608 196608 212992
30 1 212992 217088
803 1 196608 200704
70 1 512000 516096
338 1 516096 516608
157 2 184320 196608 196608 204800
445 2 446464 458752 458752 466944
265 1 323584 327680
999 1 348160 360448
357 1 159744 163840
197 1 81920 82432
895 2 176128 196608 196608 225280
914 1 229376 241664
730 1 429568 433664
94 1 241664 245760
723 1 442368 446464
505 2 258048 262144 262144 274432
914 1 245760 249856
723 1 450560 454656
883 1 421888 425984
413 1 352256 356352
145 1 57344 65536
21 2 192512 196608 196608 200704
187 1 122880 131072
145 1 65536 69632
21 1 200704 204800
719 1 61440 65536
719 1 28672 32768
719 1 188416 192512
719 1 110592 131072
746 8 0 65536 65536 131072 131072 196608 196608 262144 262144 327680 327680 393216 393216 458752 458752 524288
312 1 147456 151552
314 1 512000 516096
848 1 458752 524288
816 1 520704 524288
817 8 0 65536 65536 131072 131072 196608 196608 262144 262144 327680 327680 393216 393216 458752 458752 520704
639 1 45056 45568
523 1 159744 163840
813 1 270336 278528
331 1 23552 24064
159 1 278528 282624
59 1 495616 499712
355 1 462848 487424
114 1 77824 81920
844 1 106496 110592
523 1 159744 163840
639 1 53248 53760
147 1 229376 233472
817 1 520704 524288
818 7 0 65536 65536 131072 131072 196608 196608 262144 262144 327680 327680 393216 393216 458752
813 1 208896 212992
355 1 487424 491520
294 1 393216 455168
813 1 270336 274432
927 1 454656 458752
785 5 241664 262144 262144 327680 327680 393216 393216 458752 458752 524288
786 3 0 65536 65536 131072 131072 176128
219 1 212992 221184
219 1 221184 225280
5 1 61440 65536
421 1 479232 483328
6 1 131072 147456
787 4 61440 65536 65536 131072 131072 196608 196608 245760
813 1 204800 208896
786 5 241664 262144 262144 327680 327680 393216 393216 458752 458752 524288
787 1 0 57344
264 1 454656 458752
813 1 204800 208896
883 1 462848 466944
167 1 53248 57344
971 1 49152 53248
490 1 225280 229376
56 1 126976 131072
713 1 73728 76800
167 1 53248 57344
350 1 516096 524288
351 1 0 16384
56 1 458752 475136
351 1 16384 20480
56 1 258048 262144
497 1 491520 495616
843 1 266240 270336
23 1 331776 339968
23 1 339968 344064
214 5 233472 262144 262144 327680 327680 393216 393216 458752 458752 524288
215 4 0 65536 65536 131072 131072 196608 196608 233472
215 5 233472 262144 262144 327680 327680 393216 393216 458752 458752 524288
216 4 0 65536 65536 131072 131072 196608 196608 229376
64 1 417792 458752
216 1 258048 262144
197 1 327680 344064
930 1 262144 327680
291 1 327680 348160
64 1 520192 524288
786 1 278528 286720
216 4 294912 327680 327680 393216 393216 458752 458752 524288
217 5 0 65536 65536 131072 131072 196608 196608 262144 262144 294912
217 4 294912 327680 327680 393216 393216 458752 458752 524288
218 5 0 65536 65536 131072 131072 196608 196608 262144 262144 266240
52 1 77824 81920
748 1 98304 102400
748 1 122880 126976
55 1 319488 327680
144 1 438272 442368
244 1 385024 389120
56 1 196608 208896
813 1 270336 274432
144 1 503808 507904
189 1 466944 499712
612 7 126976 131072 131072 196608 196608 262144 262144 327680 327680 393216 393216 458752 458752 524288
613 2 0 65536 65536 126976
819 1 233472 237568
25 1 4096 12288
615 6 192512 196608 196608 262144 262144 327680 327680 393216 393216 458752 458752 524288
616 3 0 65536 65536 131072 131072 192512
611 7 126976 131072 131072 196608 196608 262144 262144 327680 327680 393216 393216 458752 458752 524288
612 2 0 65536 65536 126976
616 6 192512 196608 196608 262144 262144 327680 327680 393216 393216 458752 458752 524288
617 3 0 65536 65536 131072 131072 192512
803 1 270336 274432
981 1 348160 364544
618 6 192512 196608 196608 262144 262144 327680 327680 393216 393216 458752 458752 524288
619 3 0 65536 65536 131072 131072 192512
613 7 126976 131072 131072 196608 196608 262144 262144 327680 327680 393216 393216 458752 458752 524288
614 2 0 65536 65536 126976
701 1 368640 372736
61 1 237568 253952
619 3 192512 196608 196608 262144 262144 273408
614 6 192512 196608 196608 262144 262144 327680 327680 393216 393216 458752 458752 524288
615 3 0 65536 65536 131072 131072 192512
943 1 184320 188416
617 6 192512 196608 196608 262144 262144 327680 327680 393216 393216 458752 458752 524288
618 3 0 65536 65536 131072 131072 192512
418 1 413696 430080
819 1 233472 237568
893 3 380928 393216 393216 458752 458752 524288
894 6 0 65536 65536 131072 131072 196608 196608 262144 262144 327680 327680 372736
894 3 372736 393216 393216 458752 458752 524288
895 6 0 65536 65536 131072 131072 196608 196608 262144 262144 327680 327680 372736
895 3 372736 393216 393216 458752 458752 524288
896 6 0 65536 65536 131072 131072 196608 196608 262144 262144 327680 327680 372736
897 3 372736 393216 393216 458752 458752 524288
898 6 0 65536 65536 131072 131072 196608 196608 262144 262144 327680 327680 372736
896 3 372736 393216 393216 458752 458752 524288
897 6 0 65536 65536 131072 131072 196608 196608 262144 262144 327680 327680 372736
898 3 372736 393216 393216 458752 458752 524288
899 6 0 65536 65536 131072 131072 196608 196608 262144 262144 327680 327680 372736
899 3 372736 393216 393216 458752 458752 524288
900 6 0 65536 65536 131072 131072 196608 196608 262144 262144 327680 327680 372736
900 3 372736 393216 393216 458752 458752 524288
901 6 0 65536 65536 131072 131072 196608 196608 262144 262144 327680 327680 372736
127 1 21504 23552
383 1 167936 172032
127 1 23552 24064
383 1 172032 176128
383 1 176128 180224
383 1 180224 184320
112 1 425984 430080
94 1 425984 434176
891 1 417280 421376
167 1 265728 269824
94 1 434176 438272
937 1 437760 441856
803 1 270336 274432
52 1 327680 344064
675 1 105472 107520
675 1 107520 109056
288 1 262144 270336
275 1 397312 401408
275 1 389120 393216
420 1 364544 385024
878 1 61440 65536
46 3 340480 393216 393216 458752 458752 524288
47 6 0 65536 65536 131072 131072 196608 196608 262144 262144 327680 327680 340480
83 1 266240 270336
995 7 115200 131072 131072 196608 196608 262144 262144 327680 327680 393216 393216 458752 458752 524288
996 2 0 65536 65536 115200
83 1 270336 274432
327 6 152064 196608 196608 262144 262144 327680 327680 393216 393216 458752 458752 524288
328 3 32768 65536 65536 131072 131072 184832
712 1 364544 368640
701 1 475648 524288
702 8 0 65536 65536 131072 131072 196608 196608 262144 262144 327680 327680 393216 393216 458752 458752 475648
544 1 183808 187904
545 1 73216 77312
598 1 40448 44544
2 1 89600 93696
343 1 249856 253952
605 1 176128 196608
357 1 102400 106496
852 1 450560 454656
223 1 393216 397312
813 1 286720 290816
957 1 389120 393216
852 1 450560 454656
605 5 233472 262144 262144 327680 327680 393216 393216 458752 458752 524288
606 4 0 65536 65536 131072 131072 196608 196608 229888
613 1 70144 73728
813 1 221184 225280
606 5 229888 262144 262144 327680 327680 393216 393216 458752 458752 524288
607 4 0 65536 65536 131072 131072 196608 196608 229888
610 5 229888 262144 262144 327680 327680 393216 393216 458752 458752 524288
611 4 0 65536 65536 131072 131072 196608 196608 229888
145 1 520192 524288
784 1 503808 507904
136 1 212992 217088
92 7 98816 131072 131072 196608 196608 262144 262144 327680 327680 393216 393216 458752 458752 524288
93 2 0 65536 65536 98816
803 1 229376 233472
813 1 270336 274432
302 1 364544 368640
803 1 294912 299008
905 1 335872 339968
32 1 434176 437248
522 1 274432 278528
93 7 98816 131072 131072 196608 196608 262144 262144 327680 327680 393216 393216 458752 458752 524288
94 2 0 65536 65536 98816
115 1 409600 413696
551 1 90112 94208
522 1 307200 315392
304 1 28672 32768
296 1 417792 421888
909 1 12288 16384
121 1 425984 430080
319 1 143360 159744
803 1 229376 233472
705 1 126976 131072
708 1 81920 90112
534 1 405504 413696
47 1 294912 299008
526 1 266240 270336
803 1 270336 274432
731 1 159744 167936
725 1 442368 450560
949 1 225280 233472
813 1 208896 212992
865 1 278528 282624
52 1 196608 217088
14 1 176128 184320
705 1 81920 86016
710 1 245760 253952
113 1 24576 28672
268 1 241664 245760
240 1 290816 303104
315 1 151552 159744
30 1 139264 143360
927 1 131072 155648
967 1 8192 16384
371 1 139264 184320
315 1 172032 176128
558 2 291840 327680 327680 357376
221 1 409600 417792
26 1 98304 106496
221 1 417792 421888
26 1 106496 110592
188 1 184320 188416
789 2 36864 65536 65536 81920
278 1 57344 61440
298 1 126976 131072
297 1 479232 483328
188 1 327680 331776
187 1 94208 98304
188 1 229376 237568
188 1 4096 8192
495 1 131072 184320
186 1 36864 40960
849 1 90112 110592
84 1 241664 245760
146 1 454656 458752
943 1 311296 319488
571 1 344064 376832
506 1 200704 208896
943 1 319488 323584
10 1 94208 114688
87 1 282624 286720
87 2 319488 327680 327680 335872
87 1 335872 339968
16 1 241664 258048
10 1 114688 118784
144 1 421888 430080
16 1 212992 229376
68 1 430080 434176
67 1 356352 372736
413 1 376832 385024
93 1 69632 73728
675 2 126976 131072 131072 139264
515 1 233472 237568
212 1 28672 36864
177 1 24576 28672
919 1 0 36864
993 1 425984 434176
514 1 454656 458752
895 2 356352 393216 393216 421888
895 1 487424 520192
294 1 405504 411136
958 1 208896 217088
244 1 319488 323584
389 1 446464 450560
829 1 487424 491520
28 1 229376 230400
166 1 65536 69632
755 1 32768 45056
696 1 139264 142336
818 1 425984 440320
541 1 208896 223232
85 1 65536 69632
780 1 364544 368640
992 1 167936 172032
930 1 393216 401408
238 1 139264 143360
803 1 270336 278528
709 1 24576 57344
946 1 401408 405504
13 1 163840 184320
814 1 233472 258048
802 1 495616 524288
803 1 0 8192
684 2 180224 196608 196608 262144
602 2 180224 196608 196608 249856
576 1 458752 524288
432 1 458752 524288
247 1 512000 520192
646 1 8192 40960
615 4 102400 131072 131072 196608 196608 262144 262144 303104
684 1 262144 327680
705 1 98304 110592
705 1 114688 122880
534 1 409600 417792
683 1 12288 16384
683 1 61440 65536
657 1 266240 278528
813 1 274432 282624
652 1 475136 479232
648 2 192512 196608 196608 200704
350 1 475136 499712
537 1 503808 524288
927 1 155648 196608
315 1 188416 192512
229 1 327680 348160
538 1 0 4096
350 1 499712 503808
315 1 352256 356352
877 1 520192 524288
83 1 266240 270336
47 3 340480 393216 393216 458752 458752 524288
48 6 0 65536 65536 131072 131072 196608 196608 262144 262144 327680 327680 340480
996 1 115200 131072
107 1 471040 475136
328 3 184832 196608 196608 262144 262144 299008
154 1 278528 282624
658 1 274432 290816
919 1 36864 40960
967 1 143360 147456
939 1 159744 160256
6 1 462848 483328
813 1 237568 245760
787 5 245760 262144 262144 327680 327680 393216 393216 458752 458752 524288
788 4 0 65536 65536 131072 131072 196608 196608 245760
396 1 451072 451584
5 1 192512 196608
5 1 90112 94208
6 1 196608 208896
121 1 200704 204800
233 1 503808 516096
878 1 53248 57344
65 1 131072 139264
554 1 131072 135168
195 1 413696 417792
859 1 438272 446464
977 1 122880 126976
195 1 413696 417792
448 2 385024 393216 393216 417792
448 1 417792 421888
138 1 352256 356352
813 1 278528 282624
957 1 454656 458752
504 1 294912 303104
302 1 462848 466944
847 1 471040 483328
496 1 372736 376832
852 1 450560 454656
609 5 229888 262144 262144 327680 327680 393216 393216 458752 458752 524288
610 4 0 65536 65536 131072 131072 196608 196608 229888
153 1 167936 176128
97 1 258048 262144
436 1 163840 165888
97 1 180224 184320
813 1 286720 294912
608 5 229888 262144 262144 327680 327680 393216 393216 458752 458752 524288
609 4 0 65536 65536 131072 131072 196608 196608 229888
153 1 176128 180224
607 5 229888 262144 262144 327680 327680 393216 393216 458752 458752 524288
608 4 0 65536 65536 131072 131072 196608 196608 229888
629 1 4096 28672
621 1 455168 458752
613 1 8704 16384
637 1 16384 36864
611 5 229888 262144 262144 327680 327680 393216 393216 458752 458752 524288
612 4 0 65536 65536 131072 131072 196608 196608 229888
309 2 311808 327680 327680 339968
902 4 307200 327680 327680 393216 393216 458752 458752 524288
903 5 0 65536 65536 131072 131072 196608 196608 262144 262144 307200
901 3 372736 393216 393216 458752 458752 524288
902 5 0 65536 65536 131072 131072 196608 196608 262144 262144 307200
903 4 307200 327680 327680 393216 393216 458752 458752 524288
904 5 0 65536 65536 131072 131072 196608 196608 262144 262144 290816
905 4 290816 327680 327680 393216 393216 458752 458752 524288
906 5 0 65536 65536 131072 131072 196608 196608 262144 262144 290816
908 2 290816 327680 327680 352256
904 4 290816 327680 327680 393216 393216 458752 458752 524288
905 5 0 65536 65536 131072 131072 196608 196608 262144 262144 290816
906 4 290816 327680 327680 393216 393216 458752 458752 524288
907 5 0 65536 65536 131072 131072 196608 196608 262144 262144 290816
907 4 290816 327680 327680 393216 393216 458752 458752 524288
908 5 0 65536 65536 131072 131072 196608 196608 262144 262144 290816
454 1 258048 262144
160 1 417792 425984
203 1 274432 278528
475 1 520192 524288
272 1 421888 438272
142 1 114688 118784
892 1 204800 208896
393 1 270336 278528
395 1 16384 24576
794 1 98304 102400
227 1 315392 319488
334 1 364544 368640
580 1 376832 380928
320 1 143360 147456
114 1 241664 245760
773 1 385024 389120
882 1 36864 40960
813 1 204800 217088
495 1 184320 188416
10 1 442368 450560
292 1 507904 524288
998 1 442368 450560
10 1 450560 454656
241 1 24576 28672
998 1 450560 454656
773 1 503808 507904
647 1 417792 454656
869 1 479232 483328
58 1 200704 204800
775 1 389120 393216
899 1 69632 73728
790 1 249856 253952
986 1 40960 45056
847 1 241664 245760
695 1 163840 167936
899 1 237568 241664
877 1 434176 446464
779 1 81920 86016
794 1 208896 212992
790 1 188416 192512
791 1 94208 98304
790 1 196608 200704
628 1 368640 376832
234 1 266240 270336
985 1 446464 450560
760 5 131072 196608 196608 262144 262144 327680 327680 393216 393216 458752
316 1 200704 204800
351 2 110592 131072 131072 139264
316 1 290816 294912
506 1 253952 254464
159 1 376832 380928
883 1 499712 503808
549 2 376832 393216 393216 442368
991 1 360448 361984
506 1 229376 232448
550 2 180224 196608 196608 245760
553 2 114688 131072 131072 180224
559 3 184320 196608 196608 262144 262144 307712
813 1 270336 294912
700 1 356352 356864
701 1 61440 65536
559 1 307712 315392
560 2 315392 327680 327680 380928
561 1 516096 524288
562 1 0 57344
562 1 516096 524288
563 1 0 57344
331 1 278528 294912
57 1 65536 73728
883 1 397312 401408
291 1 356352 364544
292 1 462848 475136
241 1 28672 32768
122 1 458752 475136
803 1 204800 208896
331 1 294912 315392
813 1 270336 278528
587 2 372736 393216 393216 397312
24 1 466944 471040
803 1 204800 208896
587 1 397312 401408
25 1 8192 12288
819 1 233472 237568
803 1 270336 274432
819 1 233472 237568
499 1 386048 388096
803 1 204800 212992
24 1 466944 471040
397 1 466944 475136
269 1 315392 319488
672 2 114688 131072 131072 176128
65 1 290816 294912
65 1 217088 221184
269 1 327680 348160
458 1 368640 372736
661 1 315392 319488
706 1 372736 376832
58 1 471040 475136
959 1 442368 454656
959 1 475136 484352
897 1 483328 487424
388 1 8192 12288
694 1 454656 458752
890 1 0 16384
651 1 516096 520192
813 1 339968 344064
652 1 503808 520192
651 1 516096 520192
813 1 274432 278528
651 1 516096 520192
813 1 339968 344064
684 1 331776 335872
900 1 225280 233472
651 1 516096 520192
813 1 274432 282624
684 1 331776 335872
900 1 172032 176128
651 1 516096 520192
523 1 159744 163840
294 1 455168 458752
813 1 274432 278528
331 1 25600 26112
423 1 131072 196608
523 1 159744 163840
568 1 327680 393216
813 1 208896 212992
331 1 32256 32768
569 1 65536 131072
523 1 159744 163840
569 1 262144 327680
813 1 274432 278528
569 1 458752 524288
331 1 36352 36864
229 1 77824 94208
85 1 81920 90112
85 1 102400 106496
86 1 126976 131072
86 1 241664 245760
574 1 253440 254464
86 1 307200 311296
86 1 405504 409600
86 1 446464 450560
86 1 499712 503808
974 2 122880 131072 131072 151552
33 1 409600 413696
990 1 425984 430080
40 1 389120 393216
990 1 319488 327680
238 1 520192 524288
239 1 0 4096
900 1 405504 409600
987 1 409600 413696
239 1 331776 339968
127 1 57344 61440
127 1 90112 94208
126 1 434176 438272
127 1 143360 147456
393 1 237568 241664
369 1 450560 454656
794 1 401408 405504
394 1 204800 208896
127 1 167936 172032
794 1 331776 335872
923 1 376832 380928
753 1 61440 65536
996 6 159744 196608 196608 262144 262144 327680 327680 393216 393216 458752 458752 524288
997 3 0 65536 65536 131072 131072 143872
328 4 303104 327680 327680 393216 393216 458752 458752 524288
329 3 0 65536 65536 131072 131072 188928
803 1 270336 274432
712 1 364544 368640
959 1 331776 333824
878 2 61440 65536 65536 69632
55 1 8192 16384
83 1 270336 274432
49 3 229376 262144 262144 327680 327680 344576
658 1 290816 311296
767 1 135168 151552
614 1 225280 229376
685 1 495616 499712
52 1 217088 229376
97 1 471040 479232
395 1 495616 499712
705 1 20480 28672
803 1 204800 208896
97 1 479232 483328
714 1 143360 151552
677 1 221184 225280
659 1 126976 131072
710 1 520192 524288
711 1 0 4096
873 1 507904 512000
725 1 299008 307200
71 2 389120 393216 393216 397312
968 1 290816 291328
979 1 98304 102400
16 1 258048 262144
506 1 204800 208896
387 1 122880 126976
87 1 319488 323584
506 1 204800 208896
16 1 262144 270336
506 1 204800 208896
16 1 270336 274432
828 1 143360 151552
487 1 53248 57344
506 1 204800 208896
828 1 159744 163840
824 1 155648 159744
170 1 335872 352256
170 1 352256 356352
803 1 204800 208896
999 1 421888 438272
420 2 385024 393216 393216 397312
241 1 221184 229376
241 1 229376 233472
124 1 520192 524288
125 1 0 4096
125 1 4096 8192
993 1 434176 438272
96 1 483328 487424
229 1 278528 299008
14 1 45056 65536
40 1 327680 339968
813 1 212992 217088
228 1 335872 339968
549 7 94720 131072 131072 196608 196608 262144 262144 327680 327680 393216 393216 458752 458752 524288
550 2 0 65536 65536 94720
548 7 94720 131072 131072 196608 196608 262144 262144 327680 327680 393216 393216 458752 458752 524288
549 2 0 65536 65536 94720
550 7 94720 131072 131072 196608 196608 262144 262144 327680 327680 393216 393216 458752 458752 524288
551 2 0 65536 65536 94720
841 1 98816 100352
803 1 270336 274432
551 7 94720 131072 131072 196608 196608 262144 262144 327680 327680 393216 393216 458752 458752 524288
552 2 0 65536 65536 94720
552 7 94720 131072 131072 196608 196608 262144 262144 327680 327680 393216 393216 458752 458752 524288
553 2 0 65536 65536 94720
773 1 290816 294912
586 1 126976 131072
17 1 65536 69632
207 1 458752 462848
295 1 348160 352256
161 1 425984 430080
199 1 262144 266240
582 1 319488 323584
228 1 360448 368640
967 1 319488 323584
813 1 294912 299008
813 1 204800 212992
967 1 319488 323584
813 1 229376 233472
848 1 221184 237568
813 1 274432 278528
967 1 319488 323584
813 1 294912 299008
770 1 483328 491520
967 1 319488 323584
813 1 229376 233472
223 1 393216 397312
223 1 389120 393216
848 1 237568 245760
797 1 364544 368640
235 1 516096 520192
67 1 372736 393216
310 1 516096 520192
256 1 421888 425984
40 1 159744 163840
94 1 253952 258048
302 1 315392 319488
119 1 233472 237568
190 1 98304 102400
735 1 430080 434176
877 1 512000 516096
619 1 61440 65536
458 1 204800 208896
377 1 348160 352256
362 1 507904 512000
239 1 339968 344064
974 1 151552 155648
803 1 270336 274432
213 1 327680 348160
11 2 372736 393216 393216 409600
173 1 36864 40960
511 1 12288 16384
6 1 147456 151552
205 1 28672 53248
205 1 53248 57344
848 1 434176 454656
813 1 270336 274432
213 1 348160 360448
848 1 454656 458752
849 1 393216 401408
813 1 204800 208896
849 1 147456 155648
849 1 110592 114688
131 1 143360 151552
131 1 151552 155648
435 1 4096 16384
244 1 385024 389120
700 1 184320 188416
697 1 516096 520192
883 1 507904 512000
103 1 397312 405504
235 1 282624 294912
103 1 405504 409600
16 1 405504 413696
52 1 344064 364544
849 4 131072 196608 196608 262144 262144 327680 327680 352256
772 1 110592 116224
351 1 139264 143360
316 1 393216 401408
849 3 356352 393216 393216 458752 458752 524288
869 1 172032 180224
320 1 483328 487424
83 1 53248 61440
858 1 393216 397312
95 1 397312 401408
320 1 495616 499712
249 1 491520 495616
2 1 180224 184320
263 1 503808 507904
312 1 266240 270336
391 1 348160 389120
391 1 389120 393216
822 2 188416 196608 196608 262144
813 1 204800 208896
282 1 184320 188416
868 1 147456 159744
287 1 57344 61952
120 1 172032 172544
120 1 233472 237568
281 1 81920 86016
100 1 184320 192512
100 1 192512 196608
78 1 86016 94208
159 1 20480 28672
58 1 106496 110592
990 1 65536 69632
162 1 442368 446464
78 1 94208 98304
58 1 36864 40960
877 1 516096 524288
878 1 0 53248
819 1 233472 237568
499 1 387584 388608
803 1 274432 278528
25 1 8192 12288
819 1 233472 237568
499 1 388096 389120
803 1 208896 212992
24 1 466944 471040
261 1 180224 184320
16 1 446464 458752
187 1 131072 135168
753 2 446464 458752 458752 487424
805 1 32768 36864
241 1 90112 94208
378 1 225280 245760
429 1 471040 503808
378 1 356352 368640
523 1 159744 163840
570 1 327680 393216
935 1 294912 303104
331 1 40448 40960
747 1 94208 102400
905 1 303104 327680
906 1 0 20480
91 1 290816 299008
813 1 208896 217088
898 1 69120 73216
571 1 0 65536
331 1 44544 45056
631 1 262144 271872
906 1 20480 24576
331 1 48640 49152
813 1 159744 192512
427 1 409600 430080
427 1 241664 258048
624 1 8192 16384
247 1 520192 524288
709 1 57344 61440
590 7 65536 131072 131072 196608 196608 262144 262144 327680 327680 393216 393216 458752 458752 524288
591 1 0 65536
238 1 139264 143360
813 1 270336 274432
850 1 401408 421888
685 2 0 65536 65536 131072
813 1 196608 200704
433 2 327680 393216 393216 442368
814 1 262144 274432
814 1 311296 319488
40 1 339968 344064
229 1 299008 311296
96 1 417792 421888
6 1 483328 495616
788 5 245760 262144 262144 327680 327680 393216 393216 458752 458752 471040
65 1 139264 143360
233 1 516096 520192
194 1 135168 143360
803 2 36864 65536 65536 86016
194 1 143360 147456
803 5 90112 131072 131072 196608 196608 262144 262144 327680 327680 339968
803 3 339968 393216 393216 458752 458752 524288
804 6 0 65536 65536 131072 131072 196608 196608 262144 262144 327680 327680 339968
702 1 475648 524288
703 8 0 65536 65536 131072 131072 196608 196608 262144 262144 327680 327680 393216 393216 458752 458752 475648
48 3 340480 393216 393216 458752 458752 524288
49 4 0 65536 65536 131072 131072 196608 196608 225280
48 1 196608 212992
55 1 16384 20480
83 1 266240 270336
803 1 204800 212992
712 1 364544 368640
997 6 143872 196608 196608 262144 262144 327680 327680 393216 393216 458752 458752 524288
998 3 0 65536 65536 131072 131072 143872
83 1 270336 274432
329 6 188928 196608 196608 262144 262144 327680 327680 393216 393216 458752 458752 524288
330 3 0 65536 65536 131072 131072 188928
326 1 348160 352256
326 1 360448 364544
339 1 69632 73728
604 1 421888 425984
115 1 208896 209920
715 1 208896 217088
704 1 507904 524288
705 1 0 16384
186 1 12288 16384
708 1 0 4096
269 1 512000 516096
152 1 135168 139264
38 1 520192 524288
69 1 45056 53248
754 1 167936 180224
397 1 65536 67072
714 1 200704 204800
723 1 233472 237568
806 1 425984 438272
319 1 159744 163840
94 7 98816 131072 131072 196608 196608 262144 262144 327680 327680 393216 393216 458752 458752 524288
95 2 0 65536 65536 98816
188 1 97792 98304
803 1 294912 307200
849 5 512 65536 65536 131072 131072 196608 196608 262144 262144 299008
849 4 303104 327680 327680 393216 393216 458752 458752 524288
850 1 0 4608
343 1 32768 36864
803 1 237568 241664
95 7 98816 131072 131072 196608 196608 262144 262144 327680 327680 393216 393216 458752 458752 524288
96 2 0 65536 65536 98816
283 1 385024 389120
291 1 331776 337408
803 1 303104 307200
850 8 4608 65536 65536 131072 131072 196608 196608 262144 262144 327680 327680 393216 393216 458752 458752 524288
851 1 0 4608
400 1 110592 126976
343 1 32768 36864
803 1 237568 245760
96 7 98816 131072 131072 196608 196608 262144 262144 327680 327680 393216 393216 458752 458752 524288
97 2 0 65536 65536 98816
551 1 90112 94208
851 8 4608 65536 65536 131072 131072 196608 196608 262144 262144 327680 327680 393216 393216 458752 458752 463360
138 2 258048 262144 262144 266240
272 1 438272 458752
998 1 380928 393216
86 1 516096 520192
574 1 254464 255488
490 1 270336 274432
574 1 255488 256512
529 1 303104 307200
574 1 256512 257536
531 1 57344 61440
531 1 143360 147456
531 1 188416 196608
171 1 294912 303104
234 1 61440 63488
885 1 192512 196608
914 1 483328 484864
914 1 516096 520192
171 1 303104 307200
38 1 180224 184832
574 1 257536 258560
612 5 229888 262144 262144 327680 327680 393216 393216 458752 458752 524288
613 1 0 8704
934 1 350208 350720
620 1 520192 524288
621 7 0 65536 65536 131072 131072 196608 196608 262144 262144 327680 327680 393216 393216 401408
638 5 36864 65536 65536 131072 131072 196608 196608 262144 262144 270336
637 8 36864 65536 65536 131072 131072 196608 196608 262144 262144 327680 327680 393216 393216 458752 458752 524288
638 1 0 36864
641 1 270336 274432
639 4 270336 327680 327680 393216 393216 458752 458752 524288
640 5 0 65536 65536 131072 131072 196608 196608 262144 262144 270336
638 4 270336 327680 327680 393216 393216 458752 458752 524288
639 5 0 65536 65536 131072 131072 196608 196608 262144 262144 270336
901 1 423424 423936
735 1 241664 253952
705 1 32768 40960
849 2 0 65536 65536 131072
803 1 290816 307200
506 1 262144 262656
320 1 520192 524288
850 1 0 65536
450 1 466944 467968
61 1 184320 188416
341 1 372736 380928
506 1 270336 270848
68 1 495616 499712
138 1 266240 270336
999 1 196608 204800
791 2 401408 458752 458752 462848
291 1 217088 221184
195 1 499712 524288
472 1 409600 417792
842 1 90112 106496
803 1 270336 274432
0 1 421888 438272
0 1 438272 458752
762 1 372736 376832
474 1 233472 249856
847 1 139264 163840
754 1 393216 397312
847 1 225280 233472
789 1 81920 86016
144 1 438272 450560
435 1 16384 20480
184 1 270336 278528
184 1 278528 282624
244 1 385024 389120
293 1 0 20480
144 1 512000 516096
887 1 0 4096
886 1 454656 458752
813 1 270336 274432
434 1 167936 172032
139 1 462848 483328
848 1 221184 241664
434 1 172032 176128
434 1 176128 180224
848 1 241664 245760
848 1 278528 286720
63 1 327680 331776
1 1 53248 65536
139 1 483328 495616
1 1 262144 266240
803 1 270336 274432
933 1 507904 512000
8 1 12288 16384
432 1 73728 81920
120 1 143360 147456
611 1 81920 86016
611 1 122880 126976
626 1 507904 512000
685 1 290816 294912
685 1 315392 319488
338 1 8192 12288
124 1 491520 512000
81 1 106496 110592
998 1 105984 110080
273 1 139264 147456
497 1 491520 495616
978 1 425984 430080
883 1 462848 466944
813 1 204800 212992
3 1 126976 131072
4 1 196608 212992
273 1 147456 151552
367 2 318976 327680 327680 335360
367 1 335360 339456
272 1 376832 380928
846 1 323584 327680
264 1 45056 49152
164 1 356352 359424
404 1 114688 118784
3 1 258048 262144
16 1 274432 282624
16 1 282624 286720
87 1 339968 348160
636 2 192512 196608 196608 208896
506 1 204800 208896
16 1 286720 319488
506 1 204800 208896
16 1 319488 323584
87 1 339968 344064
16 2 323584 327680 327680 331776
684 1 331776 335872
813 1 344064 348160
900 1 229376 233472
900 1 241664 245760
684 1 331776 335872
900 1 176128 180224
684 1 331776 335872
900 1 241664 245760
684 1 331776 335872
900 1 176128 180224
67 1 405504 430080
908 1 348160 352256
944 2 49152 65536 65536 94208
871 1 135168 139264
57 1 438272 446464
871 1 126976 131072
57 1 446464 450560
930 1 434688 435712
106 1 12288 20480
877 1 266240 270336
930 1 435712 436736
106 1 20480 24576
930 1 436736 438272
930 1 438272 439296
174 2 253952 262144 262144 286720
505 1 270336 274432
358 1 53248 57344
813 1 212992 221184
531 1 57344 61440
647 3 131072 196608 196608 262144 262144 290816
149 1 241664 249856
718 2 159744 196608 196608 209408
83 1 61440 65536
35 1 114688 131072
646 6 131072 196608 196608 262144 262144 327680 327680 393216 393216 458752 458752 524288
647 2 0 65536 65536 131072
372 1 491520 495616
989 2 258048 262144 262144 266240
479 1 163840 167936
61 1 184320 188416
15 1 0 12288
813 1 278528 282624
704 2 450560 458752 458752 507904
640 4 270336 327680 327680 393216 393216 458752 458752 524288
641 5 0 65536 65536 131072 131072 196608 196608 262144 262144 270336
644 4 90112 131072 131072 196608 196608 262144 262144 303104
641 4 274432 327680 327680 393216 393216 458752 458752 524288
642 3 0 65536 65536 131072 131072 188416
314 2 245760 262144 262144 311296
852 1 450560 454656
643 6 188416 196608 196608 262144 262144 327680 327680 393216 393216 458752 458752 524288
644 2 0 65536 65536 86016
642 6 188416 196608 196608 262144 262144 327680 327680 393216 393216 458752 458752 524288
643 3 0 65536 65536 131072 131072 188416
588 1 159744 163840
309 1 274432 311808
813 1 225280 233472
315 2 180224 196608 196608 245760
934 1 357888 358400
621 1 425984 455168
316 2 114688 131072 131072 151040
852 1 450560 454656
555 1 418304 458752
555 6 94720 131072 131072 196608 196608 262144 262144 327680 327680 393216 393216 418304
728 1 225792 262144
220 1 8192 12288
553 7 94720 131072 131072 196608 196608 262144 262144 327680 327680 393216 393216 458752 458752 524288
554 2 0 65536 65536 94720
486 1 409600 413696
554 7 94720 131072 131072 196608 196608 262144 262144 327680 327680 393216 393216 458752 458752 524288
555 2 0 65536 65536 94720
555 1 479744 524288
556 6 0 65536 65536 131072 131072 196608 196608 262144 262144 327680 327680 393216
178 2 61440 65536 65536 69632
57 1 393216 409600
486 1 344064 348160
486 2 413696 458752 458752 466944
121 1 475136 487424
803 1 204800 208896
178 1 69632 73728
556 2 393216 458752 458752 524288
557 6 0 65536 65536 131072 131072 196608 196608 262144 262144 327680 327680 393216
536 1 507904 524288
0 1 450560 458752
1 1 327680 335872
481 1 155648 159744
531 1 167936 172032
905 1 163840 172032
531 1 204800 208896
910 1 270336 303104
385 1 225280 229376
297 1 294912 298496
486 1 438272 440832
796 1 417792 421888
152 1 450560 454656
59 1 471040 475136
211 1 299008 327680
935 1 303104 303616
132 1 458752 495616
59 1 466944 471040
431 1 417792 425984
847 1 208896 241664
915 1 491520 495616
188 1 430080 442368
379 1 487424 495616
188 1 442368 446464
379 1 495616 499712
733 1 114688 131072
75 1 442368 450560
452 1 507904 516096
938 1 249856 250880
380 1 307200 311296
114 1 499712 503808
64 1 143360 147456
730 1 266240 270336
916 1 462848 466944
385 1 471040 475136
352 1 180224 188416
300 1 479232 483328
381 1 45056 49152
905 1 434176 438272
546 1 4096 8192
525 1 335872 339968
70 1 483328 487424
70 1 487424 491520
545 1 143360 147456
352 1 192512 196608
847 1 110592 114688
371 1 24576 28672
491 1 69632 73728
63 1 229376 233472
452 2 28672 65536 65536 94208
813 1 270336 274432
813 1 196608 200704
161 1 290816 303104
63 1 225280 229376
813 1 204800 212992
990 1 65536 69632
843 1 147456 151552
848 1 352256 372736
878 1 0 4096
83 1 266240 270336
49 3 344576 393216 393216 458752 458752 524288
50 5 0 65536 65536 131072 131072 196608 196608 262144 262144 279040
703 1 475648 524288
704 8 0 65536 65536 131072 131072 196608 196608 262144 262144 327680 327680 393216 393216 458752 458752 475648
83 1 270336 274432
712 1 364544 368640
998 6 143872 196608 196608 262144 262144 327680 327680 393216 393216 458752 458752 524288
999 3 0 65536 65536 131072 131072 143872
235 1 98304 106496
330 6 188928 196608 196608 262144 262144 327680 327680 393216 393216 458752 458752 524288
331 3 0 65536 65536 131072 131072 188928
806 1 401408 405504
905 1 200704 204800
722 1 352256 356352
727 1 24576 28672
415 1 311296 315392
751 1 61440 65536
710 1 290816 299008
709 1 110592 114688
795 1 421888 425984
725 1 24576 32768
710 1 180224 184320
716 1 32768 36864
31 1 520192 524288
679 1 274432 278528
679 1 303104 307200
159 1 307200 315392
137 1 139264 147456
34 1 237568 245760
137 1 147456 151552
34 1 245760 249856
336 1 200704 204800
484 1 278528 279040
813 1 204800 217088
89 1 94208 102400
28 1 36864 40960
89 1 102400 106496
916 1 315392 319488
398 1 315392 316416
602 1 262144 265728
64 1 417792 421888
815 1 0 4096
431 1 65536 73728
850 1 421888 434176
776 1 507904 516096
776 1 516096 520192
67 1 8192 12288
813 1 274432 294912
67 1 69632 73728
8 1 241664 249856
422 1 241664 245760
395 1 405504 409600
958 1 483328 499712
267 1 106496 110592
898 1 323584 327680
555 1 348160 356352
821 2 385024 393216 393216 409600
803 1 204800 212992
5 1 393216 401408
821 1 409600 413696
647 1 454656 458752
823 1 413696 417792
113 1 90112 94208
629 1 254464 262144
629 3 327680 393216 393216 458752 458752 524288
630 5 0 65536 65536 131072 131072 196608 196608 262144 262144 320000
803 1 212992 221184
527 1 8192 16384
152 1 348160 352256
668 1 237568 241664
223 1 393216 397312
215 1 368640 370688
152 1 368640 376832
668 1 262144 266240
223 1 385024 389120
630 4 320000 327680 327680 393216 393216 458752 458752 524288
631 5 0 65536 65536 131072 131072 196608 196608 262144 262144 320000
631 4 320000 327680 327680 393216 393216 458752 458752 524288
632 1 0 61952
632 5 61952 65536 65536 131072 131072 196608 196608 262144 262144 320000
633 3 184320 196608 196608 262144 262144 324096
632 4 320000 327680 327680 393216 393216 458752 458752 524288
633 3 0 65536 65536 131072 131072 180224
464 1 192512 194560
633 4 324096 327680 327680 393216 393216 458752 458752 524288
634 5 0 65536 65536 131072 131072 196608 196608 262144 262144 324096
634 4 324096 327680 327680 393216 393216 458752 458752 524288
635 5 0 65536 65536 131072 131072 196608 196608 262144 262144 324096
419 1 466944 471040
362 1 462848 471040
567 1 61440 65536
545 1 454656 458752
433 1 348160 352256
9 1 385024 389120
764 1 229376 233472
546 1 12288 16384
735 1 376832 380928
490 1 462848 466944
847 1 122880 126976
457 1 180224 188416
416 1 266240 270336
765 1 344064 352256
491 1 233472 241664
780 1 462848 466944
468 1 430080 434176
11 1 233472 237568
7 1 180224 184320
383 1 319488 323584
981 1 255488 258560
813 1 282624 286720
383 1 327680 331776
479 1 155648 159744
981 1 258560 259584
383 1 491520 495616
694 1 520192 524288
680 1 421888 425984
695 3 32768 65536 65536 131072 131072 151552
291 1 360448 364544
534 2 385024 393216 393216 420864
292 1 462848 471040
105 1 286720 290816
458 1 389120 393216
409 1 421888 425984
642 1 487424 491520
816 1 159744 163840
841 1 274432 294912
803 1 270336 278528
142 1 86016 90112
121 1 364544 372736
121 1 372736 376832
665 1 155648 172032
803 1 204800 212992
679 1 376832 378880
16 1 331776 335872
506 1 204800 208896
345 1 253952 256000
828 1 159744 163840
824 1 155648 159744
828 1 143360 151552
487 1 53248 57344
873 1 0 4096
888 1 512000 516096
436 1 28672 30208
871 1 184320 188416
16 1 344064 348160
557 2 393216 458752 458752 524288
558 6 0 65536 65536 131072 131072 196608 196608 262144 262144 327680 327680 393216
486 1 466944 475136
558 2 393216 458752 458752 524288
559 6 0 65536 65536 131072 131072 196608 196608 262144 262144 327680 327680 393216
559 2 393216 458752 458752 524288
560 6 0 65536 65536 131072 131072 196608 196608 262144 262144 327680 327680 393216
609 1 450560 458752
729 1 196608 262144
560 2 393216 458752 458752 524288
561 6 0 65536 65536 131072 131072 196608 196608 262144 262144 327680 327680 393216
363 1 266240 274432
873 1 65536 69632
629 2 311296 327680 327680 339968
606 1 131072 196608
154 1 405504 409600
66 1 503808 507904
561 2 393216 458752 458752 524288
562 6 0 65536 65536 131072 131072 196608 196608 262144 262144 327680 327680 393216
265 1 258048 262144
562 2 393216 458752 458752 524288
563 6 0 65536 65536 131072 131072 196608 196608 262144 262144 327680 327680 393216
563 2 393216 458752 458752 524288
564 2 0 65536 65536 131072
994 1 495616 499712
823 1 413696 417792
664 1 503296 507392
219 1 94208 102400
219 1 102400 106496
733 1 407552 408064
803 1 274432 286720
390 1 36864 53248
734 1 364544 380928
673 1 102400 106496
671 1 454656 457728
64 1 483328 491520
64 1 421888 425984
64 1 487424 491520
121 1 360448 364544
433 1 491520 507904
64 1 421888 425984
64 1 487424 499712
494 1 32768 49152
813 1 204800 208896
813 1 196608 200704
678 1 520192 524288
679 1 0 4096
678 1 503808 512000
828 1 200704 204800
842 1 491520 524288
843 1 0 32768
23 1 487424 491520
403 1 303104 311296
726 1 475136 524288
727 1 0 12288
424 1 430080 434176
68 2 36864 65536 65536 77824
538 2 327680 393216 393216 413696
730 2 405504 458752 458752 471040
410 2 327680 393216 393216 458752
559 2 32768 65536 65536 86016
600 1 462848 524288
601 7 0 65536 65536 131072 131072 196608 196608 262144 262144 327680 327680 393216 393216 458752
735 2 278528 327680 327680 344064
597 1 40960 45056
738 1 86016 90112
738 2 151552 196608 196608 212992
743 1 86016 90112
244 1 385024 389120
144 1 446464 450560
244 1 385024 389120
144 1 512000 516096
244 1 385024 389120
901 1 423936 424448
813 1 294912 299008
501 1 270336 273920
630 1 53248 57344
353 1 290816 294912
852 1 450560 454656
813 1 229376 233472
865 1 245760 249856
852 1 450560 454656
813 1 294912 303104
559 1 278528 282624
776 1 57344 61440
291 1 331776 332288
114 1 20480 32768
704 2 421888 458752 458752 524288
705 1 0 28672
709 2 294912 327680 327680 360448
712 3 294912 327680 327680 393216 393216 418304
712 1 418304 425984
715 1 495616 524288
716 2 0 65536 65536 102400
717 2 36864 65536 65536 102400
738 2 376832 393216 393216 442368
8 1 12288 16384
739 2 180224 196608 196608 245760
774 4 28672 65536 65536 131072 131072 196608 196608 217600
774 2 217600 262144 262144 290816
777 2 159744 196608 196608 225280
159 1 376832 380928
778 2 425984 458752 458752 491520
862 1 499712 524288
863 1 0 8192
197 1 278528 299008
56 1 303104 327680
966 1 310784 311296
229 1 94208 114688
639 1 61440 61952
420 1 86016 106496
639 1 69632 70144
298 1 53248 61440
639 1 78336 78848
966 1 310784 311296
584 2 85504 131072 131072 146944
877 1 380928 385024
266 1 450560 454656
58 1 24576 28672
877 1 479232 483328
304 2 24576 65536 65536 106496
61 1 184320 188416
383 1 499712 503808
29 1 204800 212992
813 1 217088 221184
29 1 212992 217088
61 1 184320 188416
422 1 282624 286720
224 1 32768 40960
848 1 221184 241664
234 1 49152 53248
948 1 40960 45056
157 1 327680 331776
958 1 499712 503808
2 1 208896 212992
2 1 155648 159744
285 1 192512 196608
282 1 163840 167936
768 1 417792 421888
231 1 503808 507904
232 1 172032 176128
685 1 290816 294912
240 1 520192 524288
232 1 167936 172032
785 1 520192 524288
786 1 0 65536
223 1 397312 401408
223 1 389120 393216
44 1 307200 315392
44 1 315392 319488
317 1 12288 16384
556 1 491520 524288
557 1 0 61440
236 1 192512 196608
240 1 491520 503808
116 1 397312 401408
125 1 86016 110592
557 1 61440 65536
574 1 167936 169984
291 1 348160 360448
240 1 434176 438272
603 1 106496 110592
602 1 507904 512000
450 2 319488 327680 327680 356352
450 1 356352 360448
590 1 454656 457216
681 1 77824 131072
244 1 32768 36864
549 1 86016 90112
673 1 331776 335872
639 1 86528 87040
875 1 86016 90112
675 1 487424 491520
876 1 331776 335872
875 1 405504 409600
680 2 385024 393216 393216 397312
871 1 192512 196608
217 1 102400 122880
875 1 147456 151552
877 1 69632 73728
877 1 393216 397312
676 1 45056 49152
877 1 266240 270336
813 1 270336 274432
872 1 184320 188416
871 1 241664 245760
876 1 73728 77824
850 1 188416 192512
429 1 368640 376832
603 1 380928 389120
603 1 393216 397312
274 1 180224 188416
276 1 151552 159744
222 2 323584 327680 327680 331776
275 1 393216 401408
400 1 237568 249856
222 1 331776 335872
747 1 303104 307200
958 1 28672 32768
24 1 307200 311296
747 1 311296 327680
176 1 430080 438272
179 1 421888 430080
999 1 12288 24576
176 1 430080 438272
107 1 140800 141312
223 1 397312 401408
223 1 393216 397312
81 1 278528 282624
223 1 397312 401408
223 1 393216 397312
617 1 45056 49152
581 1 188416 196608
64 1 282624 286720
64 1 262144 278528
64 1 286720 290816
243 1 466944 483328
243 1 487424 491520
780 1 36864 49152
883 1 487424 491520
813 1 204800 208896
848 1 221184 241664
848 1 241664 245760
848 1 278528 286720
813 1 282624 303104
804 3 339968 393216 393216 458752 458752 524288
805 6 0 65536 65536 131072 131072 196608 196608 262144 262144 327680 327680 339968
217 1 499712 524288
218 1 0 65536
221 2 262144 327680 327680 339968
805 3 339968 393216 393216 458752 458752 524288
806 6 0 65536 65536 131072 131072 196608 196608 262144 262144 327680 327680 339968
33 1 180224 196608
506 1 512000 524288
396 1 452096 452608
743 1 188416 192512
451 1 372736 376832
113 1 24576 28672
16 1 335872 339968
805 1 442368 446464
506 1 204800 212992
10 2 118784 131072 131072 139264
16 1 348160 352256
10 1 139264 143360
636 1 208896 233472
16 1 352256 385024
1 1 335872 356352
380 1 471040 475136
149 1 57344 61440
48 1 466944 471040
837 1 94208 98304
315 1 20480 24576
653 1 126976 131072
23 1 98304 102400
800 1 286720 290816
309 1 475136 479232
680 1 266240 270336
852 1 372736 385024
694 1 327680 335872
909 1 12288 16384
803 1 307200 311296
861 1 431616 432128
853 1 12800 20480
97 7 98816 131072 131072 196608 196608 262144 262144 327680 327680 393216 393216 458752 458752 517632
852 5 250368 262144 262144 327680 327680 393216 393216 458752 458752 508416
851 1 516096 524288
852 4 0 65536 65536 131072 131072 196608 196608 250368
803 1 241664 249856
467 1 143360 147456
852 1 508416 524288
803 1 311296 315392
803 1 245760 253952
853 8 32768 65536 65536 131072 131072 196608 196608 262144 262144 327680 327680 393216 393216 458752 458752 524288
854 1 0 16896
467 1 143360 147456
803 1 315392 319488
551 1 90112 94208
570 1 49152 65536
813 1 270336 274432
102 1 258048 262144
513 1 172032 188416
878 1 65536 69632
50 3 344576 393216 393216 458752 458752 524288
51 6 0 65536 65536 131072 131072 196608 196608 262144 262144 327680 327680 344576
235 1 106496 110592
83 1 266240 270336
83 1 270336 274432
704 1 475648 524288
705 8 0 65536 65536 131072 131072 196608 196608 262144 262144 327680 327680 393216 393216 458752 458752 475648
976 1 98304 114688
712 1 364544 368640
47 2 126976 131072 131072 135168
51 3 344576 393216 393216 458752 458752 524288
52 6 0 65536 65536 131072 131072 196608 196608 262144 262144 327680 327680 344576
331 5 188928 196608 196608 262144 262144 327680 327680 393216 393216 455168
197 1 299008 311296
57 1 458752 466944
919 1 28672 32768
429 1 413696 417792
213 2 258048 262144 262144 270336
813 1 200704 204800
126 1 409600 413696
416 1 135168 143360
223 1 397312 401408
223 1 385024 389120
0 1 421888 442368
803 1 270336 278528
119 1 131072 172032
119 1 172032 176128
813 1 204800 208896
848 1 221184 237568
813 1 204800 208896
170 1 131072 139264
999 1 389120 393216
801 1 303104 305152
939 1 241664 262144
829 2 258048 262144 262144 266240
780 1 335872 339968
207 1 290816 327680
351 1 229376 233472
456 1 8192 16384
0 1 421888 442368
435 1 454656 457216
280 1 4096 61440
280 1 61440 65536
201 1 462848 471040
405 1 155648 157696
230 1 458752 462848
433 1 335872 339968
75 1 282624 303104
790 1 90112 102400
123 1 430080 434176
346 1 319488 327680
37 1 28672 32768
346 1 327680 331776
482 1 282624 315392
495 1 339968 344064
642 1 442368 446464
440 1 233472 237568
444 1 335872 339968
443 1 49152 53248
210 1 126976 131072
567 1 454656 458752
567 1 491520 495616
443 1 36864 45056
652 1 114688 118784
585 1 339968 344064
526 1 405504 409600
585 1 323584 327680
663 1 167936 172032
210 1 180224 184320
567 1 471040 475136
527 1 495616 499712
222 1 409600 413696
324 1 323584 327680
505 1 331776 335872
537 1 196608 204800
848 1 290816 307200
728 1 196608 225792
729 1 458752 524288
922 1 503808 524288
629 1 339968 344064
555 1 458752 479744
537 1 204800 208896
730 1 458752 524288
813 1 270336 278528
566 2 176128 196608 196608 245760
731 1 393216 458752
566 1 245760 249856
755 1 196608 262144
146 1 364544 368640
121 1 483328 491520
848 1 307200 327680
277 1 466944 470016
260 1 176128 184320
499 2 388608 393216 393216 397312
25 1 8192 16384
555 1 487424 491520
885 1 20480 49152
885 1 49152 53248
687 1 86016 90112
416 1 344064 348160
554 1 212992 217088
933 1 393216 397312
717 2 454656 458752 458752 479232
123 2 311296 327680 327680 331776
424 1 315392 319488
241 1 28672 36864
465 1 409600 413696
977 1 131072 135168
405 1 471040 475136
455 1 258048 262144
456 1 278528 294912
517 1 450560 454656
241 1 90112 94208
841 1 294912 307200
214 1 131072 135168
517 1 466944 471040
517 1 458752 462848
241 1 16384 20480
254 1 274432 278528
424 1 417792 434176
971 1 311296 315392
877 1 262144 266240
334 1 282624 307200
68 1 491520 495616
388 2 61440 65536 65536 81920
32 1 483328 495616
697 1 516096 520192
883 1 442368 446464
505 1 270336 274432
878 1 0 4096
999 6 143872 196608 196608 262144 262144 327680 327680 393216 393216 458752 458752 524288
0 3 0 65536 65536 131072 131072 143872
205 1 303104 307200
122 1 180224 184320
578 1 135168 139264
207 1 430080 438272
331 2 455168 458752 458752 524288
332 3 0 65536 65536 131072 131072 188928
224 1 425984 430080
208 1 311296 315392
647 1 122880 131072
324 1 249856 253952
242 1 225280 233472
852 1 57344 61440
848 1 278528 290816
422 1 499712 507904
828 1 266240 270336
801 1 364544 368640
422 1 507904 512000
828 1 208896 212992
869 1 303104 307200
886 1 90112 93696
899 1 450560 454656
831 1 32768 36864
900 1 167936 172032
516 1 446464 448512
59 1 278528 294912
484 1 487424 524288
485 8 0 65536 65536 131072 131072 196608 196608 262144 262144 327680 327680 393216 393216 458752 458752 487424
483 1 495616 524288
484 8 0 65536 65536 131072 131072 196608 196608 262144 262144 327680 327680 393216 393216 458752 458752 487424
16 1 401408 405504
486 1 487424 524288
487 8 0 65536 65536 131072 131072 196608 196608 262144 262144 327680 327680 393216 393216 458752 458752 487424
485 1 487424 524288
486 8 0 65536 65536 131072 131072 196608 196608 262144 262144 327680 327680 393216 393216 458752 458752 487424
488 1 487424 524288
489 8 0 65536 65536 131072 131072 196608 196608 262144 262144 327680 327680 393216 393216 458752 458752 487424
487 1 487424 524288
488 8 0 65536 65536 131072 131072 196608 196608 262144 262144 327680 327680 393216 393216 458752 458752 487424
667 2 122880 131072 131072 172032
667 1 176128 196608
667 5 229376 262144 262144 327680 327680 393216 393216 458752 458752 524288
668 4 0 65536 65536 131072 131072 196608 196608 229376
670 1 208896 262144
813 1 204800 208896
668 5 229376 262144 262144 327680 327680 393216 393216 458752 458752 524288
669 4 0 65536 65536 131072 131072 196608 196608 229376
19 1 507904 512000
669 5 229376 262144 262144 327680 327680 393216 393216 458752 458752 524288
670 4 0 65536 65536 131072 131072 196608 196608 208896
670 4 294912 327680 327680 393216 393216 458752 458752 524288
671 5 0 65536 65536 131072 131072 196608 196608 262144 262144 294912
672 4 294912 327680 327680 393216 393216 458752 458752 524288
673 5 0 65536 65536 131072 131072 196608 196608 262144 262144 294912
677 1 360448 368640
759 1 278528 282624
274 1 225280 229376
280 1 278528 282624
278 1 356352 360448
462 2 364544 393216 393216 417792
105 1 430080 434176
516 1 393216 397312
991 1 106496 110592
140 1 512000 516096
462 1 417792 421888
991 1 139264 143360
458 1 225280 229376
276 1 69632 73728
715 1 286720 290816
4 1 262144 270336
870 1 20480 24576
207 1 147456 151552
914 1 81408 85504
144 1 446464 454656
244 1 385024 389120
280 1 241664 243712
144 1 516096 520192
231 1 114688 118784
635 1 516096 520192
128 1 491520 499712
852 1 450560 454656
848 1 163840 165376
485 1 491520 495616
813 1 233472 237568
852 1 450560 454656
813 1 299008 303104
554 1 299520 300032
554 1 307712 308224
211 2 0 65536 65536 131072
433 2 319488 327680 327680 368640
780 1 401408 409600
433 1 368640 372736
210 1 458752 524288
211 2 0 65536 65536 94208
403 1 372736 376832
205 1 40960 45056
993 1 471040 475136
592 2 159744 196608 196608 200704
660 1 339968 344064
24 1 393216 405504
240 1 421888 425984
381 1 294912 315392
240 1 487424 491520
381 1 315392 327680
766 1 188416 192512
491 1 172032 176128
954 1 516096 524288
955 1 0 12288
766 1 229376 237568
436 1 466944 475136
436 1 475136 479232
813 1 208896 212992
848 1 221184 241664
235 2 315392 327680 327680 331776
803 1 208896 212992
527 1 442368 446464
528 1 299008 303104
528 1 221184 225280
192 1 483328 487424
50 1 393216 413696
883 1 434176 438272
781 2 98304 131072 131072 163840
813 1 303104 307200
783 3 229376 262144 262144 327680 327680 360448
2 1 520192 524288
67 2 442368 458752 458752 462848
788 2 430080 458752 458752 495616
3 1 262144 278528
25 1 4096 8192
790 2 364544 393216 393216 422400
790 1 422400 430080
795 2 303104 327680 327680 368640
12 1 417792 450560
796 2 303104 327680 327680 368640
213 1 270336 274432
16 1 385024 389120
636 1 208896 212992
506 1 208896 212992
16 2 389120 393216 393216 397312
16 1 397312 401408
506 1 208896 217088
531 3 376832 393216 393216 458752 458752 524288
532 2 0 65536 65536 131072
10 1 143360 163840
748 1 196608 200704
551 1 483328 487424
837 1 118784 122880
806 3 339968 393216 393216 458752 458752 524288
807 6 0 65536 65536 131072 131072 196608 196608 262144 262144 327680 327680 339968
813 1 307200 311296
837 1 118784 122880
803 1 204800 208896
85 1 94208 102400
813 1 241664 245760
61 1 184320 188416
813 1 204800 208896
35 1 131072 151552
61 1 184320 188416
813 1 270336 274432
47 1 135168 139264
474 2 45056 65536 65536 126976
968 1 252928 253440
53 1 458752 507904
705 1 475648 524288
706 8 0 65536 65536 131072 131072 196608 196608 262144 262144 327680 327680 393216 393216 458752 458752 475648
52 2 344576 393216 393216 442368
421 1 237568 249856
876 1 200704 204800
877 1 4096 8192
872 1 376832 380928
876 1 397312 401408
877 1 200704 204800
870 1 253952 258048
966 1 311296 311808
298 1 122880 126976
349 1 163840 172032
848 1 221184 237568
304 1 106496 110592
349 1 237568 245760
848 1 237568 245760
966 1 311808 312320
848 1 278528 290816
93 1 438272 442368
332 1 32768 36864
803 1 290816 307200
273 1 270336 282624
891 1 24576 28672
280 1 245760 249856
320 1 16384 20480
516 1 393216 397312
273 1 393216 397312
218 1 40960 57344
280 1 229376 233472
803 1 237568 241664
12 1 159744 163840
75 1 303104 323584
224 2 442368 458752 458752 462848
32 1 483328 487424
974 1 32768 49152
75 2 323584 327680 327680 335872
192 1 98304 99840
859 1 475136 483328
428 2 81920 131072 131072 172032
428 1 172032 176128
537 1 147456 155648
538 1 32768 57344
240 1 417792 421888
240 1 409600 413696
730 1 360448 364544
995 1 303104 307200
849 1 122880 126976
813 1 200704 204800
743 1 458752 460288
782 1 360448 362496
862 1 208896 212992
114 1 397312 409600
68 1 69632 77824
68 1 77824 81920
8 1 475136 479232
742 1 69632 71680
233 1 208896 212992
347 1 65536 69632
684 1 102400 106496
179 1 487424 491520
848 1 450560 458752
828 1 159744 163840
487 1 53248 57344
828 1 143360 151552
824 1 155648 159744
869 1 458752 524288
223 2 126976 131072 131072 135168
10 1 163840 167936
850 1 131072 143360
16 1 401408 409600
841 1 507904 520192
223 1 135168 139264
863 2 65536 131072 131072 196608
813 1 208896 212992
146 1 454656 458752
403 1 28672 32768
403 1 12288 16384
403 1 20480 28672
403 1 147456 151552
138 1 311296 327680
0 1 442368 454656
403 1 299008 311296
65 1 327680 331776
848 1 241664 245760
848 1 278528 286720
230 1 200704 208896
230 1 208896 212992
815 1 405504 413696
431 1 94208 98304
8 1 12288 16384
924 1 167936 172032
924 1 479232 483328
925 1 32768 40960
676 1 167936 172032
1 1 20480 24576
786 1 65536 69632
994 1 0 4096
883 1 421888 425984
505 1 270336 274432
3 1 167936 188416
883 1 487424 495616
208 1 233472 241664
208 1 241664 245760
52 2 442368 458752 458752 524288
53 5 0 65536 65536 131072 131072 196608 196608 262144 262144 295424
126 2 151552 196608 196608 217088
474 1 192512 196608
722 2 167936 196608 196608 233472
332 6 188928 196608 196608 262144 262144 327680 327680 393216 393216 458752 458752 524288
333 3 0 65536 65536 131072 131072 188928
324 1 241664 245760
674 1 372736 376832
0 4 143872 196608 196608 262144 262144 327680 327680 356352
0 3 360448 393216 393216 458752 458752 524288
1 3 0 65536 65536 131072 131072 147968
83 1 266240 270336
20 1 143360 151552
20 1 151552 155648
56 1 94208 98304
56 1 102400 106496
56 1 106496 110592
807 3 339968 393216 393216 458752 458752 524288
808 5 0 65536 65536 131072 131072 196608 196608 262144 262144 274432
684 1 250880 251392
0 1 421888 442368
837 1 118784 122880
803 1 270336 278528
813 1 307200 315392
27 1 196608 217088
275 2 323584 327680 327680 335872
766 1 344064 348160
85 1 102400 106496
894 1 204800 212992
231 1 131072 139264
780 1 253952 258048
22 1 438272 442368
803 1 204800 212992
128 1 430080 434176
211 1 16384 19968
128 1 495616 503808
780 1 253952 258048
671 4 294912 327680 327680 393216 393216 458752 458752 524288
672 5 0 65536 65536 131072 131072 196608 196608 262144 262144 294912
848 1 221184 241664
674 4 294912 327680 327680 393216 393216 458752 458752 524288
675 5 0 65536 65536 131072 131072 196608 196608 262144 262144 294912
675 4 294912 327680 327680 393216 393216 458752 458752 524288
676 4 0 65536 65536 131072 131072 196608 196608 258048
678 1 299008 327680
673 4 294912 327680 327680 393216 393216 458752 458752 524288
674 5 0 65536 65536 131072 131072 196608 196608 262144 262144 294912
678 2 258048 262144 262144 294912
677 5 258048 262144 262144 327680 327680 393216 393216 458752 458752 524288
678 4 0 65536 65536 131072 131072 196608 196608 258048
676 5 258048 262144 262144 327680 327680 393216 393216 458752 458752 524288
677 4 0 65536 65536 131072 131072 196608 196608 258048
992 1 212992 221184
678 2 430080 458752 458752 524288
679 7 0 65536 65536 131072 131072 196608 196608 262144 262144 327680 327680 393216 393216 430080
681 2 430080 458752 458752 524288
682 6 0 65536 65536 131072 131072 196608 196608 262144 262144 327680 327680 393216
679 2 430080 458752 458752 524288
680 7 0 65536 65536 131072 131072 196608 196608 262144 262144 327680 327680 393216 393216 430080
685 4 262144 327680 327680 393216 393216 458752 458752 524288
686 4 0 65536 65536 131072 131072 196608 196608 262144
680 2 430080 458752 458752 524288
681 7 0 65536 65536 131072 131072 196608 196608 262144 262144 327680 327680 393216 393216 430080
686 4 262144 327680 327680 393216 393216 458752 458752 524288
687 3 0 65536 65536 131072 131072 196608
683 2 393216 458752 458752 524288
684 6 0 65536 65536 131072 131072 196608 196608 262144 262144 327680 327680 393216
992 1 221184 225280
229 1 208896 221184
686 1 319488 323584
966 1 217088 229376
966 1 229376 233472
229 1 221184 225280
28 1 331776 335872
144 2 450560 458752 458752 466944
28 1 331776 335872
145 1 4096 8192
813 1 204800 208896
3 1 126976 131072
28 1 331776 335872
854 8 16896 65536 65536 131072 131072 196608 196608 262144 262144 327680 327680 393216 393216 458752 458752 524288
855 1 0 16896
188 1 99328 99840
909 1 12288 16384
803 1 249856 253952
803 1 315392 323584
855 8 16896 65536 65536 131072 131072 196608 196608 262144 262144 327680 327680 393216 393216 458752 458752 524288
856 1 0 16896
467 1 151552 155648
803 1 253952 262144
803 1 323584 327680
115 1 409600 413696
856 8 16896 65536 65536 131072 131072 196608 196608 262144 262144 327680 327680 393216 393216 458752 458752 524288
857 1 0 16896
467 1 151552 155648
319 1 163840 172032
863 1 110592 114688
803 1 258048 262144
898 1 233472 253952
223 1 393216 397312
966 1 98304 99840
123 1 360448 364544
32 1 483328 487424
223 1 389120 393216
32 1 409600 413696
63 1 229376 233472
990 1 65536 69632
63 1 225280 229376
848 1 372736 376832
848 1 409600 417792
906 1 32768 36864
63 1 229376 233472
990 1 65536 69632
63 1 225280 229376
443 1 495616 507904
24 1 458752 462848
666 2 12288 65536 65536 81920
666 1 81920 86016
277 1 483328 524288
278 1 0 28672
739 1 274432 278528
739 1 270336 274432
356 1 380928 385024
813 1 204800 208896
445 1 94208 96768
848 1 221184 241664
715 1 212992 221184
715 1 221184 225280
848 1 278528 286720
848 1 241664 245760
851 1 40960 61440
63 2 446464 458752 458752 479232
169 1 266240 270336
934 1 335872 368640
901 1 417792 425984
469 1 53248 57344
169 1 278528 282624
13 1 421888 434176
523 1 328704 329216
823 1 413696 417792
497 1 491520 495616
883 1 397312 405504
813 1 204800 221184
813 1 196608 200704
39 1 94208 102400
671 1 106496 118784
453 2 159744 196608 196608 225280
732 2 45056 65536 65536 110592
12 1 139264 147456
276 1 294912 303104
835 2 438272 458752 458752 479232
732 3 372736 393216 393216 458752 458752 503808
275 2 114688 131072 131072 135168
733 2 413696 458752 458752 524288
734 3 0 65536 65536 131072 131072 151552
55 2 294912 327680 327680 360448
711 1 499712 524288
712 2 0 65536 65536 106496
452 3 356352 393216 393216 458752 458752 524288
453 3 0 65536 65536 131072 131072 159744
12 1 155648 159744
922 2 4096 65536 65536 69632
42 2 360448 393216 393216 425984
813 1 233472 241664
507 1 0 4096
837 1 118784 122880
808 3 339968 393216 393216 458752 458752 524288
809 6 0 65536 65536 131072 131072 196608 196608 262144 262144 327680 327680 339968
834 2 319488 327680 327680 348160
456 1 380928 384512
978 1 270336 274944
813 1 245760 249856
0 1 442368 454656
763 1 225280 229376
845 2 319488 327680 327680 331776
845 1 339968 344064
811 1 262144 278528
84 1 241664 245760
803 1 204800 208896
16 1 409600 413696
506 1 212992 217088
841 1 520192 524288
836 7 65536 131072 131072 196608 196608 262144 262144 327680 327680 393216 393216 458752 458752 524288
837 1 0 65536
506 1 212992 217088
378 1 286720 290816
534 1 393216 442368
799 2 40960 65536 65536 106496
3 1 126976 131072
4 1 0 8192
73 1 401408 405504
813 1 204800 212992
811 3 311296 327680 327680 393216 393216 442368
814 2 49152 65536 65536 114688
73 1 401408 405504
815 2 245760 262144 262144 303616
813 1 274432 278528
818 1 176640 184320
73 1 401408 405504
821 1 512000 524288
822 1 0 53248
813 1 208896 212992
854 2 49152 65536 65536 114688
897 1 372736 376832
485 1 483328 486912
93 1 81920 83968
1 1 266240 286720
849 1 405504 421888
592 1 200704 204800
836 7 111104 131072 131072 196608 196608 262144 262144 327680 327680 393216 393216 458752 458752 524288
837 2 0 65536 65536 111104
50 1 172032 180224
838 7 111104 131072 131072 196608 196608 262144 262144 327680 327680 393216 393216 458752 458752 524288
839 2 0 65536 65536 111104
840 7 111104 131072 131072 196608 196608 262144 262144 327680 327680 393216 393216 458752 458752 524288
841 2 0 65536 65536 111104
837 7 111104 131072 131072 196608 196608 262144 262144 327680 327680 393216 393216 458752 458752 524288
838 2 0 65536 65536 111104
839 7 111104 131072 131072 196608 196608 262144 262144 327680 327680 393216 393216 458752 458752 524288
840 2 0 65536 65536 111104
843 2 111104 131072 131072 196608
842 7 111104 131072 131072 196608 196608 262144 262144 327680 327680 393216 393216 458752 458752 524288
843 2 0 65536 65536 111104
844 3 369152 393216 393216 458752 458752 524288
845 6 0 65536 65536 131072 131072 196608 196608 262144 262144 327680 327680 369152
229 1 225280 237568
229 1 237568 241664
803 1 204800 208896
229 1 303104 311296
229 1 241664 245760
128 1 434176 438272
128 1 499712 503808
637 1 126976 131072
896 1 73728 77824
848 1 352256 368640
813 1 204800 208896
896 1 69632 73728
588 1 192512 196608
53 3 295424 327680 327680 393216 393216 458752
107 1 475136 479232
53 1 507904 524288
54 6 0 65536 65536 131072 131072 196608 196608 262144 262144 327680 327680 344576
712 1 364544 368640
815 1 413696 425984
427 1 278528 323584
670 1 385024 389120
544 1 495616 516096
959 1 360448 362496
597 1 155648 159744
224 1 462848 466944
544 1 327680 344064
815 1 438272 450560
959 1 356352 360448
815 1 487424 495616
513 1 319488 323584
966 1 344064 348160
815 1 503808 507904
712 1 364544 368640
813 1 270336 274432
591 1 393216 397312
342 1 454656 458752
120 1 348160 352256
851 1 61440 65536
669 1 475136 487424
695 1 245760 249856
852 1 65536 73728
695 1 278528 282624
552 1 131072 135168
696 1 163840 167936
552 1 151552 155648
697 1 274432 282624
552 1 163840 176128
265 2 323584 327680 327680 331776
764 1 327680 393216
765 1 196608 262144
843 1 0 65536
843 1 327680 393216
845 1 393216 458752
869 1 0 65536
950 1 327680 393216
951 1 262144 327680
952 1 65536 131072
953 1 262144 327680
954 1 196608 262144
146 1 364544 376832
955 1 196608 262144
265 1 262144 266240
956 1 131072 196608
684 2 393216 458752 458752 524288
685 4 0 65536 65536 131072 131072 196608 196608 262144
687 5 196608 262144 262144 327680 327680 393216 393216 458752 458752 524288
688 3 0 65536 65536 131072 131072 196608
682 2 393216 458752 458752 524288
683 6 0 65536 65536 131072 131072 196608 196608 262144 262144 327680 327680 393216
667 1 196608 229376
689 5 196608 262144 262144 327680 327680 393216 393216 458752 458752 524288
690 3 0 65536 65536 131072 131072 196608
670 1 262144 286720
688 5 196608 262144 262144 327680 327680 393216 393216 458752 458752 524288
689 3 0 65536 65536 131072 131072 196608
691 5 196608 262144 262144 327680 327680 393216 393216 458752 458752 524288
692 3 0 65536 65536 131072 131072 196608
850 4 0 65536 65536 131072 131072 196608 196608 258048
690 5 196608 262144 262144 327680 327680 393216 393216 458752 458752 524288
691 3 0 65536 65536 131072 131072 196608
422 1 360448 393216
678 2 327680 393216 393216 405504
3 1 327680 339968
144 1 462848 466944
28 1 331776 335872
108 1 475136 491520
145 1 4096 8192
65 1 90112 94208
229 1 331776 348160
170 1 139264 143360
0 1 65536 81920
848 1 237568 245760
848 1 278528 290816
822 1 152064 152576
817 1 81920 90112
822 1 152576 153088
999 1 520192 524288
821 1 299008 307200
0 1 196608 204800
0 1 442368 454656
817 1 81920 90112
803 1 208896 212992
821 1 299008 307200
817 1 81920 90112
428 1 124928 125440
176 1 487424 495616
814 1 352256 356352
803 1 278528 290816
337 1 57344 59392
516 1 393216 397312
39 2 8192 65536 65536 73728
922 2 200704 262144 262144 266240
114 2 135168 196608 196608 200704
712 5 258048 262144 262144 327680 327680 393216 393216 458752 458752 520192
46 1 143360 163840
731 2 94208 131072 131072 163840
722 3 102400 131072 131072 196608 196608 233472
280 1 303104 307200
286 1 462848 466944
730 2 421888 458752 458752 524288
731 2 0 65536 65536 90112
731 2 438272 458752 458752 503808
733 2 241664 262144 262144 282624
731 2 241664 262144 262144 282624
807 3 290816 327680 327680 393216 393216 421888
834 2 438272 458752 458752 479232
831 2 434176 458752 458752 475136
732 5 110592 131072 131072 196608 196608 262144 262144 327680 327680 372736
875 1 65536 69632
875 1 77824 81920
3 1 172032 188416
2 1 458752 459776
769 1 364544 372736
789 1 106496 118784
438 1 516096 520192
137 1 253952 258048
3 1 188416 196608
769 1 77824 81920
4 1 196608 208896
179 1 413696 417792
995 1 274432 278528
37 1 12288 16384
429 1 102400 106496
810 1 401408 409600
505 1 405504 425984
860 1 368640 376832
813 1 217088 225280
851 2 385024 393216 393216 417792
851 1 417792 421888
366 1 221184 225280
851 1 421888 450560
851 1 450560 454656
244 1 184320 192512
244 1 192512 196608
930 2 24576 65536 65536 90112
229 1 172032 176640
886 1 458752 462848
113 1 90112 98304
440 2 114688 131072 131072 159744
309 1 180224 184320
739 1 274432 282624
841 7 111104 131072 131072 196608 196608 262144 262144 327680 327680 393216 393216 458752 458752 524288
842 2 0 65536 65536 111104
50 1 180224 184320
845 3 369152 393216 393216 458752 458752 524288
846 6 0 65536 65536 131072 131072 196608 196608 262144 262144 327680 327680 369152
847 3 369152 393216 393216 458752 458752 524288
848 6 0 65536 65536 131072 131072 196608 196608 262144 262144 327680 327680 369152
843 1 496128 524288
844 2 0 65536 65536 131072
851 1 369152 393216
848 3 369152 393216 393216 458752 458752 524288
849 6 0 65536 65536 131072 131072 196608 196608 262144 262144 327680 327680 369152
846 3 369152 393216 393216 458752 458752 524288
847 6 0 65536 65536 131072 131072 196608 196608 262144 262144 327680 327680 369152
844 4 131072 196608 196608 262144 262144 327680 327680 369152
0 1 249856 262144
499 2 389120 393216 393216 413696
24 1 471040 475136
813 1 204800 208896
199 1 270336 278528
848 1 221184 241664
199 1 278528 282624
123 1 331776 344064
717 1 479232 483328
536 1 299008 303104
848 1 241664 245760
848 1 278528 286720
223 1 397312 401408
813 1 270336 274432
223 1 385024 389120
256 1 380928 389120
256 1 389120 393216
927 4 307712 327680 327680 393216 393216 458752 458752 524288
928 3 0 65536 65536 131072 131072 184320
819 1 233472 237568
810 2 237568 262144 262144 323584
803 1 278528 286720
834 1 319488 323584
809 3 339968 393216 393216 458752 458752 524288
810 4 0 65536 65536 131072 131072 196608 196608 237568
837 1 118784 122880
845 1 274432 278528
969 1 448000 448512
0 1 421888 442368
813 1 311296 315392
803 1 217088 221184
35 1 81920 86016
811 2 294912 327680 327680 360448
873 1 196608 204800
811 3 77824 131072 131072 196608 196608 262144
873 1 208896 212992
810 4 323584 327680 327680 393216 393216 458752 458752 524288
811 2 0 65536 65536 73728
837 1 118784 122880
292 1 196608 217088
240 1 425984 430080
292 1 217088 229376
804 1 241664 245760
19 1 512000 516096
873 1 290816 294912
512 1 299008 303104
168 1 405504 408064
996 1 225280 229376
512 1 294912 299008
692 1 126976 131072
39 1 102400 106496
751 1 86016 90112
374 1 200704 204800
658 2 253952 262144 262144 319488
8 1 385024 389120
139 1 409600 413696
413 1 8192 16384
475 1 53248 57344
964 1 430080 434176
900 1 471040 475136
751 1 94208 98304
574 1 454656 458752
562 1 327680 331776
655 1 225280 229376
12 2 212992 262144 262144 319488
45 1 32768 45056
38 2 249856 262144 262144 274432
44 1 520192 524288
45 1 0 20480
803 1 303104 307200
923 2 135168 196608 196608 200704
38 2 294912 327680 327680 335872
670 1 372736 376832
279 1 503808 507904
43 2 364544 393216 393216 430080
36 2 430080 458752 458752 495616
47 1 294912 307200
557 1 372736 376832
516 1 393216 397312
557 1 364544 368640
47 2 229376 262144 262144 282624
41 2 200704 262144 262144 266240
0 1 421888 442368
229 1 311296 315392
229 1 315392 327680
229 1 327680 331776
981 1 196608 208896
193 1 479232 483328
193 1 516096 520192
194 1 253952 262144
886 1 458752 462848
146 1 40960 45056
718 1 65536 69632
162 1 409600 413696
162 1 462848 466944
166 1 0 4096
168 1 253952 258048
183 1 397312 401408
183 1 405504 409600
191 1 409600 413696
192 1 335872 339968
843 1 331776 352256
193 1 8192 12288
803 1 212992 221184
637 1 180224 184320
128 1 434176 438272
98 2 454656 458752 458752 462848
98 1 462848 466944
137 1 65536 73728
96 1 417792 421888
482 1 495616 499712
207 1 253952 258048
664 1 24576 28672
3 1 114688 118784
583 1 331776 335872
660 1 237568 241664
876 1 327680 331776
83 1 270336 274432
333 6 188928 196608 196608 262144 262144 327680 327680 393216 393216 458752 458752 524288
334 3 0 65536 65536 131072 131072 188928
706 1 475648 524288
707 8 0 65536 65536 131072 131072 196608 196608 262144 262144 327680 327680 393216 393216 458752 458752 475648
878 1 65536 77824
1 6 147968 196608 196608 262144 262144 327680 327680 393216 393216 458752 458752 524288
2 3 0 65536 65536 131072 131072 147968
968 1 253440 253952
497 1 360448 365056
349 1 516096 524288
350 1 0 8192
157 1 516608 524288
158 8 0 65536 65536 131072 131072 196608 196608 262144 262144 327680 327680 393216 393216 458752 458752 516608
158 1 516608 524288
159 8 0 65536 65536 131072 131072 196608 196608 262144 262144 327680 327680 393216 393216 458752 458752 516608
159 1 516608 524288
160 8 0 65536 65536 131072 131072 196608 196608 262144 262144 327680 327680 393216 393216 458752 458752 516608
161 1 516608 524288
162 8 0 65536 65536 131072 131072 196608 196608 262144 262144 327680 327680 393216 393216 458752 458752 516608
160 1 516608 524288
161 8 0 65536 65536 131072 131072 196608 196608 262144 262144 327680 327680 393216 393216 458752 458752 516608
277 1 451072 458752
164 1 516608 524288
165 5 0 65536 65536 131072 131072 196608 196608 262144 262144 315904
165 1 315904 327680
162 1 516608 524288
163 8 0 65536 65536 131072 131072 196608 196608 262144 262144 327680 327680 393216 393216 458752 458752 516608
163 1 516608 524288
164 8 0 65536 65536 131072 131072 196608 196608 262144 262144 327680 327680 393216 393216 458752 458752 516608
165 3 377344 393216 393216 458752 458752 524288
166 4 0 65536 65536 131072 131072 196608 196608 262144
278 1 131072 196608
167 4 262144 327680 327680 393216 393216 458752 458752 524288
168 4 0 65536 65536 131072 131072 196608 196608 262144
166 4 262144 327680 327680 393216 393216 458752 458752 524288
167 4 0 65536 65536 131072 131072 196608 196608 262144
173 4 262144 327680 327680 393216 393216 458752 458752 524288
455 1 0 65536
168 4 262144 327680 327680 393216 393216 458752 458752 524288
169 4 0 65536 65536 131072 131072 196608 196608 262144
827 1 233472 236544
506 1 212992 217088
506 1 212992 217088
552 1 212992 217088
208 1 184320 188416
3 1 188416 196608
697 1 516096 520192
4 1 196608 200704
883 1 507904 512000
185 1 380928 389120
505 1 270336 274432
883 1 425984 430080
78 1 57344 65536
78 1 65536 69632
505 1 270336 274432
412 1 53248 61440
224 1 503808 516096
974 1 57344 61440
37 1 421888 424448
224 1 446464 450560
966 1 344064 348160
513 1 319488 323584
813 1 208896 212992
430 1 49152 65536
773 1 122880 126976
224 1 512000 520192
712 1 364544 368640
44 1 65536 81920
224 1 450560 454656
966 1 344064 348160
513 1 319488 323584
813 1 274432 278528
224 1 516096 520192
712 1 364544 368640
224 1 450560 454656
486 1 57344 61440
814 1 417792 422400
604 1 217088 237568
769 1 176128 196608
246 1 24576 45056
0 1 442368 454656
594 1 352256 356352
486 1 90112 94208
862 1 61440 65536
476 1 53248 57344
215 1 151552 159744
384 1 208896 212992
159 1 118784 122880
292 1 65536 69632
350 1 323584 327680
410 1 495616 499712
768 1 499712 503808
625 1 110592 118784
919 1 323584 327680
624 2 114688 131072 131072 147456
592 1 208896 212992
410 1 503808 524288
411 1 0 8192
896 1 81920 86016
692 1 200704 262144
904 1 237568 241664
717 1 86016 87552
863 1 327680 330752
106 1 286720 290816
105 1 36864 41472
803 1 270336 274432
883 1 409600 413696
64 1 483328 487424
197 1 278528 299008
588 1 192512 196608
883 1 475136 479232
250 1 176128 180224
206 1 192512 196608
658 1 319488 323584
229 1 499712 520192
925 1 147456 151552
813 1 475136 479232
96 1 425984 430080
339 1 65536 98304
958 1 360448 372736
497 1 491520 499712
958 1 372736 376832
36 1 131072 147456
425 1 0 8192
721 1 81920 114688
895 1 483328 524288
896 1 32768 57344
414 2 274432 327680 327680 339968
425 1 12288 16384
657 2 184320 196608 196608 249856
860 1 421888 425984
21 1 32768 49152
910 1 499712 503808
559 2 229376 262144 262144 323584
717 1 40960 45056
492 3 335872 393216 393216 458752 458752 524288
755 2 442368 458752 458752 483328
789 1 495616 524288
943 2 237568 262144 262144 278528
993 2 286720 327680 327680 352256
166 1 118784 122880
416 1 61440 65536
159 1 376832 385024
883 1 499712 503808
48 1 425984 442368
34 2 4096 65536 65536 69632
73 1 401408 405504
813 1 274432 278528
36 2 204800 262144 262144 270336
38 1 466944 524288
39 2 0 65536 65536 73728
73 1 401408 405504
42 2 73728 131072 131072 139264
813 1 208896 212992
44 2 274432 327680 327680 332288
73 1 401408 405504
159 1 380928 385024
813 1 274432 282624
883 1 438272 442368
44 1 332288 339968
48 2 442368 458752 458752 462848
94 1 61440 65536
562 1 315392 319488
351 1 405504 409600
794 1 225280 241664
94 1 102400 106496
196 2 40960 65536 65536 86016
834 1 135168 139264
681 1 307200 311296
796 1 438272 442368
51 1 57344 65536
196 1 86016 90112
349 2 245760 262144 262144 266240
393 1 65536 86016
584 1 146944 151040
393 1 86016 90112
503 1 290304 294400
225 1 131072 135168
523 1 159744 163840
968 1 523264 523776
849 3 369152 393216 393216 458752 458752 524288
850 6 0 65536 65536 131072 131072 196608 196608 262144 262144 327680 327680 369152
850 3 369152 393216 393216 458752 458752 524288
851 6 0 65536 65536 131072 131072 196608 196608 262144 262144 327680 327680 369152
801 3 327680 393216 393216 458752 458752 524288
802 1 0 65536
1 1 0 4096
841 1 462848 483328
962 1 196608 215552
843 5 196608 262144 262144 327680 327680 393216 393216 458752 458752 496128
968 1 523776 524288
827 1 106496 110592
137 1 73728 77824
813 1 204800 212992
235 1 331776 352256
50 1 413696 425984
803 1 270336 274432
803 1 237568 241664
40 2 294912 327680 327680 331776
40 2 237568 262144 262144 266240
309 1 81920 90112
309 1 65536 69632
922 2 397312 458752 458752 462848
275 2 450560 458752 458752 462848
480 2 315392 327680 327680 344064
0 1 208896 253952
34 1 462848 524288
35 1 0 4096
516 1 393216 397312
237 1 507904 524288
893 1 270336 286720
3 1 409600 450560
3 2 450560 458752 458752 471040
3 1 405504 409600
803 1 303104 307200
279 1 438272 442368
982 1 331776 339968
599 1 491520 494592
635 4 324096 327680 327680 393216 393216 458752 458752 524288
636 4 0 65536 65536 131072 131072 196608 196608 258560
636 4 307712 327680 327680 393216 393216 458752 458752 524288
637 5 0 65536 65536 131072 131072 196608 196608 262144 262144 307712
637 1 307712 327680
449 1 364544 385024
637 3 372736 393216 393216 458752 458752 524288
638 6 0 65536 65536 131072 131072 196608 196608 262144 262144 327680 327680 352768
538 1 266240 270336
666 1 290816 294912
973 1 258048 262144
666 1 339968 348160
638 3 352768 393216 393216 458752 458752 524288
639 6 0 65536 65536 131072 131072 196608 196608 262144 262144 327680 327680 352768
450 2 57344 65536 65536 69632
639 3 352768 393216 393216 458752 458752 524288
640 6 0 65536 65536 131072 131072 196608 196608 262144 262144 327680 327680 352768
244 1 32768 45056
780 1 102400 106496
209 1 430080 434176
912 1 434176 438272
914 1 450560 458752
373 1 28672 32768
200 1 163840 172032
328 1 315392 319488
643 1 208896 212992
479 1 430080 438272
328 2 323584 327680 327680 344064
200 1 176128 180224
328 1 344064 348160
240 1 462848 475136
712 1 520192 524288
652 1 356352 360448
891 1 417280 421376
937 1 437760 441856
229 1 331776 344064
192 1 122880 131072
882 2 40960 65536 65536 86016
167 1 265728 269824
198 1 131072 158720
229 1 344064 348160
857 1 283136 315392
857 5 16896 65536 65536 131072 131072 196608 196608 262144 262144 283136
857 4 319488 327680 327680 393216 393216 458752 458752 524288
858 1 0 20992
319 1 172032 176128
551 1 90112 94208
477 2 184320 196608 196608 204800
909 1 12288 16384
925 1 503808 512000
803 1 323584 327680
269 1 397312 417792
803 2 258048 262144 262144 270336
858 8 20992 65536 65536 131072 131072 196608 196608 262144 262144 327680 327680 393216 393216 458752 458752 524288
859 1 0 20992
477 1 204800 217088
89 1 393216 395264
58 1 159744 163840
803 1 331776 335872
859 8 20992 65536 65536 131072 131072 196608 196608 262144 262144 327680 327680 393216 393216 458752 458752 479744
803 1 266240 270336
209 1 409600 417792
209 1 417792 421888
229 1 118784 121856
505 1 425984 438272
366 1 225280 233472
851 2 454656 458752 458752 503808
803 1 442368 446464
190 1 192512 196608
692 1 262144 290816
139 1 20480 24576
655 1 204800 208896
419 1 94208 97792
806 1 180224 184320
804 1 4096 8192
652 1 466944 471040
103 1 102400 106496
559 1 86016 90112
944 1 163840 166912
651 1 516096 520192
813 1 278528 286720
176 1 483328 487424
831 1 245760 249856
440 1 159744 163840
907 1 372736 376832
823 1 413696 417792
124 1 77824 86016
0 1 204800 225280
813 1 270336 278528
5 1 192512 196608
6 1 131072 147456
0 1 225280 237568
5 1 122880 131072
6 1 393216 401408
5 1 323584 327680
8 1 0 8192
883 1 430080 434176
803 1 204800 208896
98 1 270336 274432
83 1 266240 270336
712 1 364544 368640
54 3 344576 393216 393216 458752 458752 524288
55 6 0 65536 65536 131072 131072 196608 196608 262144 262144 327680 327680 344576
334 6 188928 196608 196608 262144 262144 327680 327680 393216 393216 458752 458752 524288
335 2 0 65536 65536 123392
83 1 270336 274432
878 1 8192 12288
707 1 475648 524288
708 7 0 65536 65536 131072 131072 196608 196608 262144 262144 327680 327680 393216 393216 410112
83 1 266240 270336
2 6 147968 196608 196608 262144 262144 327680 327680 393216 393216 458752 458752 524288
3 2 0 65536 65536 82432
83 1 270336 274432
681 1 348160 352256
907 1 475136 479232
261 1 94208 98304
466 1 266240 270336
