#StripeID,rangenumber,BlockOffsetStart,BlockOffsetEnd
610 1 311296 315392
596 1 192512 196608
25 1 12288 20480
875 1 532480 548864
470 2 548864 589824 589824 630784
462 1 589824 598016
470 1 630784 634880
462 1 598016 602112
456 1 368640 372736
883 1 737280 741376
14 1 643072 647168
903 1 86016 90112
349 1 425984 430080
493 1 4096 8192
395 1 724992 729088
247 2 53248 65536 65536 77824
802 1 290816 323584
952 1 163840 167936
83 1 655360 720896
236 1 4096 8192
872 1 749568 753664
22 2 0 65536 65536 69632
851 1 671744 720896
578 1 692224 696320
993 1 720896 786432
994 1 0 12288
844 1 290816 323584
578 2 696320 720896 720896 786432
579 3 0 65536 65536 131072 131072 176128
257 1 73728 74752
579 1 176128 180224
960 1 90112 94208
59 1 368640 369664
646 1 471040 483328
547 1 487424 495616
575 1 745472 753664
192 1 245760 258048
192 1 262144 266240
233 1 684032 692224
5 1 274432 278528
963 1 765952 782336
329 1 335872 344064
795 1 700416 708608
111 2 638976 655360 655360 671744
84 1 671744 688128
222 1 69632 73728
35 1 53248 55296
21 1 69632 73728
122 1 360448 364544
85 2 425984 458752 458752 475136
189 1 483328 487424
256 1 20480 24576
233 1 380928 385024
288 1 753664 757760
533 1 192512 196608
106 1 274432 278528
856 1 376832 380928
130 1 442368 446464
133 1 290816 294912
5 1 512000 517120
173 2 12288 65536 65536 77824
173 2 667648 720896 720896 733184
196 2 688128 720896 720896 753664
537 1 716288 716800
537 1 720384 720896
757 1 233472 237568
345 1 237568 241664
757 1 249856 253952
537 1 724480 724992
921 1 299008 304128
104 1 270336 274432
342 1 389120 389632
288 1 32768 65536
747 1 151552 153600
87 1 589824 592384
490 1 741376 745472
260 2 540672 589824 589824 598016
313 1 569344 572416
19 1 57344 60416
443 1 364544 366592
645 1 24576 28672
884 1 28672 36864
884 1 167936 176128
884 2 126976 131072 131072 135168
630 1 696320 700416
260 1 598016 602112
499 1 376832 380928
550 6 430592 458752 458752 524288 524288 589824 589824 655360 655360 720896 720896 786432
551 3 0 65536 65536 131072 131072 168448
535 1 516096 520192
607 1 286720 290816
331 1 634880 638976
331 1 229376 233472
331 1 700416 704512
331 1 692224 696320
331 1 221184 225280
331 1 643072 647168
983 1 733184 749568
747 1 741376 745472
747 1 745472 749568
856 1 442368 446464
152 1 274432 278528
814 1 540672 541184
1 2 446464 458752 458752 483328
922 1 397312 401408
922 1 385024 389120
135 1 167424 171520
15 1 294912 307200
488 1 753664 757760
90 1 229376 249856
140 1 32768 36864
878 1 233472 237568
988 5 496128 524288 524288 589824 589824 655360 655360 720896 720896 786432
989 4 0 65536 65536 131072 131072 196608 196608 233984
126 1 389120 393216
134 1 12288 16384
472 1 118784 122880
637 1 188416 192512
272 1 167936 172032
535 1 540672 544768
377 1 638976 643072
411 1 557056 561152
535 1 475136 479232
535 1 540672 552960
620 1 577536 581632
535 1 483328 487424
535 1 548864 552960
620 1 577536 581632
535 1 483328 487424
377 1 638976 643072
411 1 557056 561152
535 1 548864 552960
217 1 458752 524288
218 1 131072 196608
231 1 0 65536
231 1 458752 524288
232 1 65536 128000
443 3 196096 196608 196608 262144 262144 273920
791 1 532480 536576
191 3 540160 589824 589824 655360 655360 683520
791 1 417792 425984
102 1 593920 598016
101 1 339968 344064
442 1 53248 57344
101 1 270336 278528
103 1 274432 278528
534 1 237568 241664
102 1 675840 679936
553 1 729088 733184
449 1 12288 16384
112 1 393216 397312
449 1 20480 24576
813 1 253952 258048
112 1 327680 331776
109 1 782336 786432
747 1 573440 585728
708 1 597504 601600
405 1 344064 352256
313 1 516096 520192
674 1 409600 413696
193 1 118784 126976
349 1 253952 258048
916 1 323584 327680
551 1 282624 315392
551 1 315392 319488
207 1 409600 442368
36 1 401408 434176
667 1 577536 581632
667 1 577536 585728
667 1 589824 593920
572 7 328192 393216 393216 458752 458752 524288 524288 589824 589824 655360 655360 720896 720896 786432
573 2 0 65536 65536 66048
667 1 577536 581632
333 2 585728 589824 589824 598016
289 1 356352 372736
79 1 462848 466944
291 1 438272 442368
205 1 372736 376832
205 1 385024 389120
887 1 688128 692224
108 1 491520 495616
188 1 16384 20480
445 1 397312 401408
791 1 700416 704512
731 1 692224 700416
762 1 720896 745472
381 1 376832 380928
951 1 364544 393216
266 1 753664 757760
517 1 630784 634880
751 1 204800 208896
373 1 155648 159744
376 1 110080 114176
632 1 569344 573440
634 1 184320 188416
259 1 339968 344064
63 1 417792 425984
63 1 425984 430080
45 2 229376 262144 262144 282624
259 1 339968 352256
63 1 430080 438272
45 1 282624 286720
703 1 335872 339968
544 6 393216 458752 458752 524288 524288 589824 589824 655360 655360 720896 720896 786432
545 2 0 65536 65536 131072
73 1 348160 356352
10 1 532480 585728
10 1 585728 589824
336 1 667648 671744
579 1 573440 577536
296 1 589824 593920
864 1 655360 659456
666 1 708608 712704
573 9 66048 131072 131072 196608 196608 262144 262144 327680 327680 393216 393216 458752 458752 524288 524288 589824 589824 590336
336 1 598016 606208
361 1 499712 503808
19 1 49152 53248
291 1 258048 262144
285 1 372736 376832
77 1 716800 720896
685 1 118784 122880
864 1 634880 638976
864 1 331776 335872
825 1 372736 376832
297 1 421888 425984
709 1 450560 454656
289 1 507904 512000
465 1 450560 454656
587 1 532480 536576
152 2 671744 720896 720896 786432
153 7 0 65536 65536 131072 131072 196608 196608 262144 262144 327680 327680 393216 393216 409600
145 2 405504 458752 458752 471040
991 5 483328 524288 524288 589824 589824 655360 655360 720896 720896 786432
992 4 0 65536 65536 131072 131072 196608 196608 221184
988 2 692224 720896 720896 757760
992 9 221184 262144 262144 327680 327680 393216 393216 458752 458752 524288 524288 589824 589824 655360 655360 720896 720896 745472
137 1 479232 483328
993 1 483328 487424
144 6 339968 393216 393216 458752 458752 524288 524288 589824 589824 655360 655360 667648
144 2 667648 720896 720896 786432
145 7 0 65536 65536 131072 131072 196608 196608 262144 262144 327680 327680 393216 393216 405504
992 1 745472 786432
993 8 0 65536 65536 131072 131072 196608 196608 262144 262144 327680 327680 393216 393216 458752 458752 483328
658 2 671744 720896 720896 737280
993 5 487424 524288 524288 589824 589824 655360 655360 720896 720896 786432
994 4 0 65536 65536 131072 131072 196608 196608 225280
994 9 225280 262144 262144 327680 327680 393216 393216 458752 458752 524288 524288 589824 589824 655360 655360 720896 720896 749568
994 1 753664 786432
995 8 0 65536 65536 131072 131072 196608 196608 262144 262144 327680 327680 393216 393216 458752 458752 491520
97 1 147456 151552
167 1 348160 368640
167 1 368640 372736
186 1 286720 300032
186 1 327680 340992
981 1 421888 425984
186 1 368640 381952
185 2 245760 262144 262144 270336
185 1 352256 376832
993 1 663552 667648
138 1 278528 282624
138 1 303104 311296
541 2 450560 458752 458752 462848
165 1 241664 249856
916 1 753664 774144
916 1 774144 778240
432 1 487424 492544
75 1 552960 565248
903 1 118784 119296
870 1 290816 294912
388 1 118784 131072
388 1 131072 135168
67 1 327680 372736
62 1 16896 57344
58 1 131072 167936
58 1 102400 131072
971 1 98304 131072
970 7 352256 393216 393216 458752 458752 524288 524288 589824 589824 655360 655360 720896 720896 737792
970 1 737792 786432
971 2 0 65536 65536 98304
971 6 131072 196608 196608 262144 262144 327680 327680 393216 393216 458752 458752 508416
971 5 508416 524288 524288 589824 589824 655360 655360 720896 720896 786432
972 4 0 65536 65536 131072 131072 196608 196608 246272
691 1 729088 733184
542 1 196608 200704
478 1 225280 233472
478 1 249856 253952
478 1 262144 266240
478 1 278528 282624
707 1 16384 24576
707 1 40960 53248
707 1 61440 65536
707 1 69632 73728
897 1 409600 413696
897 1 417792 434176
774 1 181760 182784
49 1 344064 356352
86 2 122880 131072 131072 139264
718 1 163840 192512
319 1 552960 557056
35 2 253440 262144 262144 306688
35 1 306688 310784
121 1 8192 12288
957 1 647168 651264
363 1 389120 393216
561 2 25088 65536 65536 122880
212 1 749568 753664
177 1 131072 143360
747 1 581632 589824
598 1 114688 118784
111 1 671744 675840
542 1 253952 258048
535 1 581632 585728
551 8 168448 196608 196608 262144 262144 327680 327680 393216 393216 458752 458752 524288 524288 589824 589824 627200
183 1 477696 479232
465 2 389120 393216 393216 397312
736 1 532480 536576
465 1 397312 401408
535 1 471040 483328
537 1 180224 184320
912 1 351744 359936
846 1 446464 450560
408 1 339968 352256
408 1 352256 356352
235 1 114688 122880
235 1 122880 126976
162 1 679936 684032
960 1 90112 94208
453 1 667648 675840
133 1 528384 532480
971 1 81920 86016
131 1 684032 688128
124 1 311296 324608
499 1 778240 786432
995 1 430080 438272
402 3 507904 524288 524288 589824 589824 630784
308 1 49152 57344
766 1 245760 249856
308 1 61440 65536
327 1 484352 484864
256 1 606208 610304
219 1 593920 602112
256 1 688128 692224
642 1 65536 69632
214 1 173568 174080
256 1 712704 716800
85 1 274432 278528
256 1 729088 733184
337 1 380928 385024
778 1 778240 782336
361 6 442880 458752 458752 524288 524288 589824 589824 655360 655360 720896 720896 786432
362 2 0 65536 65536 114688
276 1 507904 516096
708 1 245760 249856
989 4 233984 262144 262144 327680 327680 393216 393216 442368
697 1 417792 421888
208 1 753664 770048
663 2 307200 327680 327680 372736
989 6 446464 458752 458752 524288 524288 589824 589824 655360 655360 720896 720896 762368
276 1 516096 520192
492 1 69632 73728
962 1 147456 147968
768 1 483328 491520
945 1 8192 12288
42 1 36864 40960
45 1 352256 360448
298 1 507904 520192
945 1 167936 172032
617 1 454656 458752
945 1 110592 122880
945 1 131072 135168
46 1 462848 463360
983 1 679936 684032
33 1 622592 626688
944 1 765952 770048
945 1 77824 86016
945 1 409600 413696
940 1 630784 634880
41 1 729088 733184
617 1 462848 466944
42 1 36864 40960
170 1 0 65536
362 2 618496 655360 655360 684032
640 1 446464 450560
427 1 475136 479232
498 1 315392 319488
215 1 761856 765952
98 1 712704 716800
623 1 520192 524288
463 1 729088 731136
123 2 622592 655360 655360 659456
351 1 90112 94208
351 1 102400 106496
535 1 466944 471040
563 1 548864 551424
47 1 626688 630784
951 1 393216 397312
186 1 507904 512000
948 1 294912 327680
764 1 221184 258048
77 1 495616 507904
247 1 53248 57344
764 1 258048 262144
951 1 397312 405504
16 1 499712 503808
445 1 557056 561152
492 1 421888 425984
639 1 139264 155648
549 1 65536 69632
549 1 73728 77824
639 1 155648 159744
526 1 430080 430592
549 1 86016 90112
549 1 98304 102400
549 1 118784 122880
549 1 106496 110592
549 1 126976 131072
133 1 557056 581632
193 2 430080 458752 458752 471040
953 1 172032 176128
193 1 471040 475136
133 1 557056 561152
193 1 475136 483328
591 1 461824 468992
591 1 468992 471040
45 1 253952 258048
981 1 196608 200704
250 1 225280 229376
916 1 446464 450560
692 1 122880 126976
891 1 245760 249856
71 1 667648 684032
123 1 208384 216576
232 1 188416 192512
922 1 503808 507904
164 2 716800 720896 720896 729088
329 1 225280 233472
922 1 520192 524288
798 1 487424 499712
570 1 143360 151552
677 1 77824 81920
795 1 393216 397312
63 1 12288 20480
628 1 737280 770048
833 1 315392 319488
671 1 413696 415744
628 1 770048 774144
315 1 335872 360448
315 1 417792 458752
424 1 712704 716800
552 2 688128 720896 720896 753664
535 1 462848 466944
150 1 90112 94208
16 1 536576 540672
39 1 290816 307200
16 1 471040 475136
295 1 757760 758272
843 1 253952 257024
258 1 626688 630784
262 1 12288 16384
270 1 122880 124928
258 1 196608 200704
295 1 765952 766464
920 1 536576 540160
990 1 520192 524288
562 1 106496 108032
766 1 266752 278528
803 1 237568 245760
318 1 36864 40960
479 1 368640 372736
767 2 81920 131072 131072 147456
699 1 176128 180224
479 1 376832 385024
802 1 729088 765952
768 2 81920 131072 131072 147456
803 1 266240 290816
768 2 544768 589824 589824 610304
785 2 229376 262144 262144 294912
785 2 688128 720896 720896 753664
346 1 122880 126976
786 2 688128 720896 720896 753664
130 1 401408 405504
320 1 483328 487424
282 1 24576 32768
282 1 32768 36864
320 1 483328 491520
282 1 36864 45056
282 1 45056 49152
290 1 516096 520192
40 1 188416 196608
817 1 405504 409600
596 1 90112 94208
218 1 176128 180224
320 1 487424 491520
227 1 53248 61440
468 1 372736 380928
531 2 376832 393216 393216 417792
282 1 49152 57344
468 1 380928 385024
533 1 262144 266240
533 1 266240 270336
567 1 208896 229376
288 1 753664 761856
542 1 204800 208896
533 1 270336 278528
491 1 114688 118784
559 1 393216 397312
381 1 405504 409600
493 1 376832 380928
388 1 385024 389120
998 1 741376 745472
231 1 36864 40960
139 1 294912 299008
593 1 77824 78336
533 1 278528 282624
493 1 405504 409600
121 1 217088 221184
406 1 516096 520192
139 1 155648 159744
618 1 4096 12288
375 1 483328 524288
618 1 65536 69632
46 1 651264 655360
618 1 290816 299008
46 1 557056 561152
995 5 491520 524288 524288 589824 589824 655360 655360 720896 720896 786432
996 4 0 65536 65536 131072 131072 196608 196608 229376
805 1 757760 774144
124 2 36864 65536 65536 102400
148 2 77824 131072 131072 188416
150 6 409600 458752 458752 524288 524288 589824 589824 655360 655360 720896 720896 786432
151 3 0 65536 65536 131072 131072 147456
147 7 339968 393216 393216 458752 458752 524288 524288 589824 589824 655360 655360 720896 720896 786432
148 2 0 65536 65536 77824
996 6 229376 262144 262144 327680 327680 393216 393216 458752 458752 524288 524288 548864
998 1 548864 552960
151 9 147456 196608 196608 262144 262144 327680 327680 393216 393216 458752 458752 524288 524288 589824 589824 655360 655360 671744
151 2 671744 720896 720896 786432
152 3 0 65536 65536 131072 131072 147456
996 4 548864 589824 589824 655360 655360 720896 720896 786432
997 5 0 65536 65536 131072 131072 196608 196608 262144 262144 286720
997 8 286720 327680 327680 393216 393216 458752 458752 524288 524288 589824 589824 655360 655360 720896 720896 786432
998 1 0 24576
442 1 65536 66560
998 9 24576 65536 65536 131072 131072 196608 196608 262144 262144 327680 327680 393216 393216 458752 458752 524288 524288 548864
466 1 749568 757760
998 4 552960 589824 589824 655360 655360 720896 720896 786432
999 5 0 65536 65536 131072 131072 196608 196608 262144 262144 290816
49 1 446464 450560
47 1 208896 212992
49 1 458752 462848
51 1 380928 385024
54 1 446464 450560
804 1 393216 417792
53 1 708608 712704
53 1 761856 765952
54 1 397312 401408
123 1 659456 663552
572 1 544768 548864
839 1 520192 524288
462 1 606208 610304
504 1 540672 544768
493 1 196608 200704
244 1 430080 434176
839 1 589824 618496
344 1 286720 288768
839 1 618496 622592
851 1 458752 516096
83 1 335872 339968
929 1 757760 765952
854 1 122880 126976
104 1 434176 438272
895 1 376832 380928
782 1 434176 438272
902 1 524288 528384
712 1 331776 348160
725 1 151552 155648
938 1 282624 286720
614 1 299008 303104
820 1 729088 778240
924 1 782336 786432
894 1 761856 765952
208 1 770048 774144
148 1 143360 147456
294 1 135168 139264
925 1 425984 430080
764 1 233472 241664
962 2 147968 196608 196608 212992
925 1 196608 200704
498 1 110592 122880
963 2 16384 65536 65536 81920
989 1 762368 786432
990 8 0 65536 65536 131072 131072 196608 196608 262144 262144 327680 327680 393216 393216 458752 458752 500224
978 1 110592 114688
918 1 741376 749568
193 1 483328 487424
408 1 532480 565248
457 2 392704 393216 393216 400896
589 1 544256 548352
589 1 73216 77312
590 1 237056 241152
591 1 471040 474624
963 1 339968 344064
99 1 327680 331776
963 1 380928 385024
99 1 389120 393216
965 1 626688 630784
461 1 495616 503808
193 1 487424 495616
591 1 474624 476672
55 1 110592 114688
618 1 28672 32768
618 1 53248 61440
813 1 462848 466944
33 1 626688 630784
815 1 491520 495616
815 1 286720 294912
815 1 20480 24576
535 1 532480 536576
665 1 65536 86016
108 1 421888 430080
528 1 741376 745472
354 1 258048 262144
182 1 675840 684032
351 1 303104 307200
990 1 262144 303104
376 1 131072 133120
990 1 303104 307200
71 1 684032 688128
887 1 483328 483840
979 1 217088 221184
250 1 225280 229376
71 1 688128 696320
542 1 200704 204800
951 1 405504 409600
369 1 684032 688128
769 1 655360 663552
192 1 405504 413696
264 2 364544 393216 393216 417792
139 1 151552 155648
857 2 647168 655360 655360 679936
393 1 131072 135168
659 2 540672 589824 589824 606208
822 2 57344 65536 65536 81920
139 4 204800 262144 262144 327680 327680 393216 393216 422400
0 4 28672 65536 65536 131072 131072 196608 196608 229376
1 3 495616 524288 524288 589824 589824 614400
583 2 692224 720896 720896 741376
124 2 561152 589824 589824 626688
68 1 634880 638976
231 1 40960 42496
236 1 159744 160768
2 1 352256 360448
357 1 368640 370176
464 1 614400 615936
0 9 233472 262144 262144 327680 327680 393216 393216 458752 458752 524288 524288 589824 589824 655360 655360 720896 720896 757760
999 8 290816 327680 327680 393216 393216 458752 458752 524288 524288 589824 589824 655360 655360 720896 720896 786432
0 1 0 28672
249 1 282624 284160
0 1 757760 786432
1 8 0 65536 65536 131072 131072 196608 196608 262144 262144 327680 327680 393216 393216 458752 458752 495616
905 1 655360 659456
499 1 376832 380928
607 1 286720 290816
465 1 86016 94208
535 1 516096 524288
542 1 319488 323584
552 1 421888 430592
183 1 478720 480256
695 1 303104 307200
607 1 286720 290816
551 2 664064 720896 720896 786432
552 6 0 65536 65536 131072 131072 196608 196608 262144 262144 327680 327680 393216
974 1 520192 524288
922 1 196608 200704
484 1 425984 430080
169 1 0 8192
484 1 671744 675840
491 1 139264 143360
491 1 282624 286720
531 1 417792 421888
282 1 57344 61440
439 1 4096 8192
430 1 561152 565248
131 1 589824 593920
132 1 135168 139264
798 1 184320 188416
320 1 487424 491520
726 1 413696 417792
869 1 376832 380928
135 1 528384 532480
973 1 180224 184320
542 1 237568 241664
108 1 12288 20480
330 1 389120 393216
542 1 303104 311296
801 1 552960 557056
325 1 217088 221184
542 1 241664 245760
504 1 65536 69632
38 1 729088 737280
542 1 307200 315392
39 1 28672 32768
325 1 217088 221184
39 1 49152 53248
542 1 245760 249856
508 1 454656 458752
841 1 90112 94208
14 1 643072 647168
251 1 659456 663552
270 1 57344 61440
840 1 405504 450560
617 1 778240 786432
552 1 311296 315392
324 1 577536 581632
552 1 233472 237568
552 1 0 4096
668 2 311296 327680 327680 356352
669 1 65536 106496
29 1 466944 471040
667 2 659456 720896 720896 786432
668 5 0 65536 65536 131072 131072 196608 196608 262144 262144 311296
744 1 364544 366080
488 9 233984 262144 262144 327680 327680 393216 393216 458752 458752 524288 524288 589824 589824 655360 655360 720896 720896 758272
843 1 114176 118272
668 7 356352 393216 393216 458752 458752 524288 524288 589824 589824 655360 655360 720896 720896 786432
669 1 0 28672
488 1 758272 786432
489 4 0 65536 65536 131072 131072 196608 196608 238080
489 5 238080 262144 262144 327680 327680 393216 393216 458752 458752 496128
806 1 569344 573440
4 1 466944 471040
79 1 761856 770048
522 1 647168 647680
669 9 135168 196608 196608 262144 262144 327680 327680 393216 393216 458752 458752 524288 524288 589824 589824 655360 655360 659456
977 1 303104 307200
522 1 643072 647168
489 5 496128 524288 524288 589824 589824 655360 655360 720896 720896 786432
490 4 0 65536 65536 131072 131072 196608 196608 233984
491 1 196608 204800
893 1 212992 217088
8 1 323584 327680
820 1 778240 782336
942 1 12288 20480
93 1 479232 483328
660 1 655360 667648
511 1 643072 655360
627 1 331776 335872
231 1 24576 28672
854 1 544768 548864
288 1 757760 761856
199 1 114688 118784
533 1 282624 290816
245 1 565248 577536
873 1 16384 24576
633 2 372736 393216 393216 405504
883 1 409600 417792
218 1 544768 548864
245 1 573440 577536
533 1 290816 294912
463 2 299008 327680 327680 356352
258 1 73728 77824
633 1 405504 409600
264 1 417792 421888
838 1 409600 413696
838 1 303104 307200
282 1 8192 49152
292 1 208896 212992
120 1 393216 397312
223 1 188416 192512
120 1 479232 483328
150 1 307200 311296
424 1 733184 778240
163 1 339968 344064
163 2 360448 393216 393216 405504
434 2 684032 720896 720896 733184
329 1 233472 237568
169 2 688128 720896 720896 753664
415 1 458752 495616
566 1 53248 57344
566 2 118784 131072 131072 151552
542 1 614400 618496
542 1 663552 696320
232 1 188416 192512
436 1 425984 430080
922 1 454656 458752
436 1 458752 491520
324 2 49152 65536 65536 77824
232 1 188416 192512
922 1 520192 524288
703 1 4096 8192
665 1 86016 98304
535 1 466944 471040
265 1 290816 307200
542 1 204800 208896
542 1 200704 204800
882 1 679936 684032
769 1 663552 667648
951 1 409600 417792
535 1 483328 495616
620 1 589824 593920
655 1 483328 512000
535 1 557056 561152
160 1 548864 552960
160 1 544768 548864
535 1 491520 495616
909 1 397312 417792
64 1 417792 421888
620 1 589824 593920
535 1 557056 565248
64 1 413696 417792
377 1 638976 643072
613 1 159744 164864
542 1 208896 245760
746 1 495616 499712
535 1 495616 499712
963 1 659456 675840
963 1 606208 655360
50 1 36864 40960
421 1 90112 94208
964 2 479232 524288 524288 544768
649 1 421888 434176
669 1 139264 147456
991 1 724992 741376
991 1 200704 221696
567 1 729088 733184
266 1 167936 172032
32 2 61440 65536 65536 126976
16 1 430080 434176
1 3 614400 655360 655360 720896 720896 786432
2 6 0 65536 65536 131072 131072 196608 196608 262144 262144 327680 327680 352256
2 7 360448 393216 393216 458752 458752 524288 524288 589824 589824 655360 655360 720896 720896 786432
3 2 0 65536 65536 98304
68 1 65536 69632
3 9 98304 131072 131072 196608 196608 262144 262144 327680 327680 393216 393216 458752 458752 524288 524288 589824 589824 622592
3 3 622592 655360 655360 720896 720896 786432
4 5 0 65536 65536 131072 131072 196608 196608 262144 262144 286720
145 3 471040 524288 524288 589824 589824 619008
5 2 499712 524288 524288 587264
4 8 286720 327680 327680 393216 393216 458752 458752 524288 524288 589824 589824 655360 655360 720896 720896 786432
5 1 0 24576
811 1 266240 290816
844 1 606208 610304
48 1 212992 217088
5 8 24576 65536 65536 131072 131072 196608 196608 262144 262144 327680 327680 393216 393216 458752 458752 495616
830 1 327680 331776
660 2 147456 196608 196608 212992
193 1 679936 696320
466 1 757760 761856
846 1 446464 454656
408 1 356352 368640
408 1 368640 372736
846 1 450560 454656
408 1 372736 380928
920 2 348160 393216 393216 430080
408 1 380928 385024
653 1 348160 356352
752 1 577536 581632
752 1 561152 577536
752 2 581632 589824 589824 622592
885 1 335872 344064
697 2 155648 196608 196608 208896
885 2 409600 458752 458752 499712
369 1 8192 12288
846 1 450560 458752
750 1 249856 253952
761 1 8192 16384
453 1 675840 679936
766 1 774144 786432
767 1 0 16384
235 2 126976 131072 131072 139264
767 1 32768 57344
235 1 139264 143360
767 1 282624 286720
887 1 684032 685568
761 1 466944 483328
760 1 196608 204800
368 1 516096 524288
760 1 438272 450560
960 1 90112 94208
368 1 524288 528384
767 1 225280 249856
767 1 737280 745472
767 2 258048 262144 262144 266240
960 1 90112 94208
766 1 643072 647168
71 1 696320 700416
337 1 311296 315392
964 1 528384 532480
298 1 323584 327680
864 1 626688 630784
573 3 590336 655360 655360 720896 720896 786432
574 6 0 65536 65536 131072 131072 196608 196608 262144 262144 327680 327680 328192
574 7 328192 393216 393216 458752 458752 524288 524288 589824 589824 655360 655360 720896 720896 786432
575 2 0 65536 65536 66048
879 1 651264 655360
880 1 212992 249856
974 2 229376 262144 262144 286720
979 1 53248 57344
328 1 520192 524288
575 1 589824 602112
321 1 200704 204800
216 1 208896 217088
922 1 393216 397312
575 2 397312 458752 458752 512512
339 1 0 4096
575 6 66048 131072 131072 196608 196608 262144 262144 327680 327680 393216 393216 397312
979 1 315392 319488
9 1 327680 331776
135 1 397312 401408
383 2 520192 524288 524288 552960
134 1 462848 466944
135 1 331776 335872
135 1 135168 139264
632 1 692224 696320
467 1 671744 675840
86 1 98304 102400
467 1 684032 688128
470 1 90112 94208
282 2 61440 65536 65536 86016
605 1 528384 532480
164 1 524288 528384
519 1 536576 540672
542 1 253952 258048
535 1 585728 589824
605 1 446464 454656
905 1 659456 663552
999 1 598016 610304
465 1 94208 98304
326 1 602112 606208
703 1 147456 151552
140 1 561152 577536
553 1 167936 172544
607 1 286720 290816
703 1 167936 172032
63 1 438272 442368
259 1 344064 348160
63 1 442368 450560
63 1 450560 454656
259 1 344064 348160
491 1 24576 28672
888 1 102400 106496
888 1 188416 192512
211 1 405504 409600
63 2 454656 458752 458752 479232
63 1 479232 483328
259 1 344064 348160
214 1 299008 303104
63 1 483328 491520
236 1 327680 331776
63 1 491520 495616
16 1 524288 528384
815 1 659456 663552
104 1 208896 212992
461 1 503808 507904
193 1 495616 499712
133 2 581632 589824 589824 602112
193 2 499712 524288 524288 532480
618 1 200704 204800
41 1 729088 733184
840 1 450560 454656
543 1 552960 557056
199 1 196608 221184
957 1 294912 299008
42 1 36864 40960
500 1 36864 40960
957 1 417792 421888
579 1 335872 339968
199 1 278528 282624
464 1 245760 249856
473 1 761856 765952
155 1 573440 577536
319 1 552960 557056
979 1 114688 118784
216 3 45056 65536 65536 131072 131072 139264
177 1 208896 212992
170 1 634880 638976
216 1 139264 143360
334 1 487424 495616
574 3 602112 655360 655360 720896 720896 786432
575 4 0 65536 65536 131072 131072 196608 196608 242176
334 1 495616 499712
203 1 647168 651264
185 1 241664 249856
575 9 242176 262144 262144 327680 327680 393216 393216 458752 458752 524288 524288 589824 589824 655360 655360 720896 720896 766464
662 1 131072 135168
241 2 614400 655360 655360 667648
552 1 86016 98304
337 1 753664 786432
498 1 344064 356352
130 1 327680 331776
515 1 327680 344064
399 1 626688 634880
781 1 143360 146944
412 1 655360 659456
848 1 495616 507904
315 1 245760 249856
492 1 458752 462848
955 1 393216 401408
408 1 245760 262144
113 1 487424 495616
228 1 172032 176128
540 1 458752 471040
71 1 737280 786432
72 1 0 28672
72 1 28672 32768
165 1 253952 262144
408 1 4096 12288
408 1 12288 16384
277 1 65536 69632
911 1 12288 16384
16 1 36864 38400
204 1 0 4096
201 1 430080 434176
217 1 536576 540672
416 1 671744 675840
852 1 36864 40960
340 1 692224 696320
427 1 761856 765952
201 1 589824 593920
340 1 684032 688128
623 1 53248 57344
199 1 684032 688128
200 1 49152 53248
147 1 241664 258048
46 1 462848 463360
776 1 696320 700416
417 1 471040 475136
160 1 12288 20480
312 1 745472 765952
312 1 765952 770048
303 2 647168 655360 655360 679936
369 1 684032 688128
951 1 417792 421888
982 1 507904 512000
117 1 745472 753664
982 1 507904 512000
152 1 577536 578048
464 1 749568 757760
464 1 757760 761856
200 1 147456 151552
444 1 12288 36864
474 1 733184 741376
146 1 286720 307200
388 1 200704 204800
382 1 40960 45056
182 1 163840 167936
382 1 8192 32768
125 2 233472 262144 262144 299008
442 1 66560 67072
8 2 585728 589824 589824 610304
493 1 77824 81920
811 1 290816 294912
739 1 638976 647168
660 2 610304 655360 655360 675840
125 1 757760 786432
126 1 0 36864
583 1 741376 786432
584 1 0 16384
8 1 581632 585728
705 1 630784 634880
415 2 249856 262144 262144 311296
63 1 593920 602112
661 2 151552 196608 196608 217088
258 1 401408 405504
288 1 757760 761856
463 1 356352 360448
19 1 126976 131072
263 1 212992 217088
220 1 737280 753664
264 1 167936 172032
52 1 69632 73728
232 1 204800 208896
29 1 421888 425984
357 1 536576 544768
357 1 544768 548864
367 1 65536 66048
479 1 344064 348160
990 5 500224 524288 524288 589824 589824 655360 655360 720896 720896 786432
991 4 0 65536 65536 131072 131072 196608 196608 200704
266 1 159744 163840
32 2 585728 589824 589824 651264
486 1 647168 651264
33 1 327680 393216
462 1 147456 151552
991 1 741376 762368
34 1 589824 655360
486 1 659456 663552
35 1 393216 393728
549 1 233472 237568
919 1 135168 143360
463 1 53248 57344
464 1 221184 233472
675 1 667648 671744
327 1 486400 486912
282 1 32768 36864
677 1 552960 557056
214 1 181760 182272
472 1 12288 20480
472 1 20480 24576
327 1 488448 488960
214 1 189952 190464
117 1 688128 704512
664 1 241664 245760
282 1 61440 65536
677 1 622592 626688
490 4 233984 262144 262144 327680 327680 393216 393216 454656
490 5 454656 458752 458752 524288 524288 589824 589824 655360 655360 684544
669 2 659456 720896 720896 786432
670 7 0 65536 65536 131072 131072 196608 196608 262144 262144 327680 327680 393216 393216 397312
670 1 397312 421888
695 2 196096 196608 196608 200192
808 1 306688 310784
352 1 409088 413184
25 1 638464 642560
623 1 200192 204288
25 1 626176 634368
499 1 499200 503296
498 1 658944 663040
25 2 654848 655360 655360 658944
815 1 655360 659456
535 1 532480 536576
490 1 750080 786432
491 3 0 65536 65536 131072 131072 196608
670 5 462848 524288 524288 589824 589824 655360 655360 720896 720896 786432
671 3 0 65536 65536 131072 131072 176128
491 5 204800 262144 262144 327680 327680 393216 393216 458752 458752 496128
211 1 626688 643072
484 1 32768 36864
257 1 716800 720896
542 1 270336 278528
882 1 589824 606208
258 1 0 53248
5 1 524288 526336
912 1 155136 155648
912 1 155648 156160
5 1 526336 589824
724 1 583168 583680
912 1 156160 156672
912 1 156672 157184
912 1 157184 157696
724 1 583680 584192
912 1 157696 158208
680 1 512000 516096
114 1 729088 745472
183 1 761856 765952
85 1 782336 786432
86 1 0 4096
423 1 548864 557056
567 1 675840 696320
769 1 667648 675840
542 1 282624 290816
247 1 77824 98304
475 1 700416 704512
42 1 36864 40960
483 1 217088 225280
394 1 393216 409600
282 1 49152 53248
27 1 561152 577536
292 1 208896 212992
384 1 282624 290816
496 1 421888 446464
496 1 446464 450560
384 1 290816 294912
565 1 483328 503808
542 1 274432 282624
74 1 335872 339968
776 1 688128 690176
854 1 352256 389120
905 1 659456 663552
907 2 585728 589824 589824 598016
509 1 663552 684032
698 1 520192 524288
792 1 696320 704512
404 1 761856 770048
436 1 778240 786432
437 1 0 16384
230 2 520192 524288 524288 544768
404 1 770048 774144
500 1 729088 745472
193 1 532480 536576
500 1 745472 749568
133 1 581632 585728
193 1 536576 544768
131 1 65536 69632
913 1 306688 310784
591 1 476672 484864
386 1 16384 36864
535 2 520192 524288 524288 528384
178 1 262144 327680
54 1 90112 94208
118 1 28672 36864
542 1 319488 323584
552 6 430592 458752 458752 524288 524288 589824 589824 655360 655360 720896 720896 786432
553 3 0 65536 65536 131072 131072 163840
386 1 36864 40960
178 1 524288 589824
787 2 360448 393216 393216 414208
788 1 86528 98304
788 2 622592 655360 655360 688128
792 2 425984 458752 458752 491520
804 2 28672 65536 65536 106496
793 2 163840 196608 196608 229376
803 8 290816 327680 327680 393216 393216 458752 458752 524288 524288 589824 589824 655360 655360 720896 720896 786432
804 1 0 28672
793 1 753664 786432
794 1 0 32768
794 2 425984 458752 458752 491520
804 1 172032 192512
804 1 229376 237568
795 1 761856 786432
796 1 0 40960
797 1 327680 393216
804 1 245760 262144
804 1 299008 307200
798 1 65536 119296
394 1 524288 528384
542 1 311296 315392
957 1 659456 663552
75 1 606208 610304
542 1 245760 258048
75 1 618496 622592
900 1 65536 69632
542 1 319488 323584
284 1 512000 516096
21 1 688128 704512
521 1 282624 290816
41 1 73728 81920
542 1 253952 258048
614 1 217088 225280
502 2 569344 589824 589824 626688
900 1 65536 69632
711 1 376832 380928
711 1 520192 524288
236 1 655360 696320
502 1 626688 630784
542 1 319488 323584
449 1 634880 643072
987 1 720896 737280
716 1 745472 749568
967 1 634880 635904
706 2 57344 65536 65536 69632
695 1 372736 380928
801 1 253952 258048
880 1 110592 114688
740 1 270336 278528
916 1 49152 53248
311 1 36864 45056
380 1 561152 565248
433 1 626688 630784
449 1 643072 647168
655 1 364544 368640
695 2 53248 65536 65536 69632
433 1 622592 626688
198 1 421888 425984
763 2 192512 196608 196608 197120
16 1 458752 462848
214 1 299008 303104
824 1 270336 274432
259 1 344064 352256
888 1 188416 192512
16 1 524288 528384
236 1 327680 331776
20 2 503808 524288 524288 528384
211 1 405504 409600
16 1 458752 462848
63 1 495616 512000
11 1 204800 225280
214 1 299008 303104
63 1 512000 516096
16 1 524288 532480
236 1 327680 331776
40 2 57344 65536 65536 77824
16 1 462848 466944
259 1 348160 352256
126 2 565248 589824 589824 630784
707 1 507904 512000
493 1 4096 8192
51 1 245760 262144
998 1 573440 577536
661 2 610304 655360 655360 675840
415 1 311296 315392
458 1 778240 782336
22 1 77824 81920
127 2 368640 393216 393216 434176
93 1 77824 81920
662 2 544768 589824 589824 610304
649 1 663552 720896
389 1 479232 483328
8 1 585728 589824
128 2 172032 196608 196608 237568
972 1 667648 709120
972 8 246272 262144 262144 327680 327680 393216 393216 458752 458752 524288 524288 589824 589824 655360 655360 663552
972 1 774656 786432
973 8 0 65536 65536 131072 131072 196608 196608 262144 262144 327680 327680 393216 393216 458752 458752 512512
540 1 708096 712192
757 1 462336 466432
83 1 171520 179712
973 5 512512 524288 524288 589824 589824 655360 655360 720896 720896 786432
974 4 0 65536 65536 131072 131072 196608 196608 250368
974 9 250368 262144 262144 327680 327680 393216 393216 458752 458752 524288 524288 589824 589824 655360 655360 720896 720896 774656
846 1 528384 532480
634 1 622592 626688
18 1 8192 32768
929 1 630784 634880
692 1 65536 69632
893 1 315392 319488
856 1 675840 684032
765 1 712704 720896
689 2 430080 458752 458752 479232
110 1 319488 327680
565 1 569344 585728
670 1 606208 622592
583 1 299008 307200
265 1 307200 311296
237 1 53248 54784
309 1 643072 645120
771 1 8192 16384
832 1 614400 622592
809 1 614400 618496
265 1 323584 327680
265 1 331776 339968
284 1 212992 217088
668 1 32768 36864
546 1 598016 606208
668 1 28672 32768
668 1 53248 57344
592 1 40960 45056
546 1 606208 610304
264 1 647168 651264
668 1 24576 28672
284 1 212992 217088
668 1 40960 45056
546 1 598016 606208
668 1 28672 32768
264 1 647168 651264
668 1 36864 40960
546 1 606208 610304
769 1 675840 679936
951 1 552960 585728
565 1 483328 499712
537 1 180224 184320
670 1 172032 188416
535 1 532480 536576
0 1 421888 438272
991 9 221696 262144 262144 327680 327680 393216 393216 458752 458752 524288 524288 589824 589824 655360 655360 720896 720896 724992
669 1 155648 159744
97 1 344064 348160
664 1 729088 745472
479 1 761856 765952
35 1 393728 458752
921 1 106496 114688
786 1 606208 610304
36 1 262144 327680
794 1 159744 163840
37 1 327680 393216
798 1 307200 311296
991 1 762368 786432
992 8 0 65536 65536 131072 131072 196608 196608 262144 262144 327680 327680 393216 393216 458752 458752 500224
774 1 182784 183808
709 1 479232 483328
922 1 401408 405504
774 1 183808 184832
774 1 184832 185856
774 1 185856 186880
774 1 186880 187904
774 1 187904 188928
774 1 188928 189952
757 2 159744 196608 196608 200704
774 1 189952 190976
774 1 190976 192000
548 1 16384 40960
709 1 479232 487424
757 1 200704 208896
757 1 212992 225280
698 1 548864 552960
698 1 651264 655360
618 1 139264 143360
416 1 475136 483328
931 1 131072 135168
437 1 405504 409600
795 1 393216 397312
785 1 372736 376832
820 1 217088 221184
140 1 466944 512000
478 1 684032 688128
60 1 188416 192512
154 1 413696 417792
478 1 630784 634880
689 1 479232 483328
491 1 258048 262144
646 1 491520 499712
417 1 405504 413696
496 1 393216 397312
682 1 671744 684032
234 1 716800 720896
949 1 290816 294912
184 1 286720 294912
914 1 118784 122880
535 1 466944 475136
700 1 737280 757760
700 1 757760 770048
395 1 307200 315392
395 1 315392 319488
83 1 688128 691200
946 1 589824 593920
13 1 610304 618496
553 1 86016 90112
550 1 176128 184320
727 1 417792 421888
726 1 90112 118784
727 1 393216 413696
201 1 491520 495616
733 1 770048 778240
734 1 327680 335872
201 1 401408 409600
354 2 180224 196608 196608 249856
354 1 249856 253952
515 1 704512 708608
523 1 368640 372736
1 1 540672 569344
1 1 569344 573440
194 1 245760 253952
193 1 544768 548864
131 1 73728 77824
591 1 484864 486912
532 1 339968 344064
649 1 131072 135168
965 1 610304 614400
963 1 327680 331776
873 1 208896 212992
99 1 327680 331776
327 1 315392 319488
591 1 486912 488960
193 1 548864 557056
992 1 540672 544768
587 1 57344 65536
409 1 462848 466944
846 1 253952 258048
377 1 745472 753664
65 1 81920 86016
37 1 651264 655360
761 1 557056 565248
144 1 233472 245760
22 1 335872 339968
789 1 598016 602112
533 1 294912 319488
51 1 614400 618496
361 1 466944 475136
533 1 319488 323584
361 1 475136 479232
815 1 655360 659456
288 1 757760 761856
229 1 557056 573440
287 1 487424 491520
607 1 155648 156160
278 1 114688 118784
29 1 421888 425984
533 1 323584 327680
533 1 393216 405504
501 1 270336 274432
146 2 323584 327680 327680 344064
78 1 32768 36864
840 1 12288 49152
140 2 577536 589824 589824 598016
607 1 286720 290816
535 1 589824 598016
73 1 454656 458752
128 1 204800 207872
54 1 24576 28672
951 1 585728 589824
369 1 684032 688128
542 1 204800 212992
396 1 421888 425984
565 1 499712 507904
247 1 77824 81920
565 1 540672 552960
400 1 610304 618496
246 1 430080 434176
421 1 397312 405504
951 1 589824 598016
663 2 151552 196608 196608 217088
174 1 139264 147456
415 1 315392 323584
129 2 368640 393216 393216 434176
663 2 544768 589824 589824 610304
650 1 0 36864
426 1 409600 417792
130 2 172032 196608 196608 237568
415 1 323584 327680
664 2 151552 196608 196608 217088
650 1 36864 40960
130 2 696320 720896 720896 761856
667 2 241664 262144 262144 307200
889 1 565248 569344
889 1 581632 585728
889 1 421888 425984
535 1 561152 569344
514 1 237568 239616
379 1 90112 94208
335 1 368640 372736
616 1 331776 335872
585 1 569344 572416
760 1 348160 352256
535 1 499712 503808
585 1 688128 690688
0 1 421888 438272
535 1 565248 573440
535 1 466944 475136
616 1 331776 335872
535 1 503808 507904
377 1 638976 643072
746 1 495616 499712
27 2 577536 589824 589824 598016
368 2 389120 393216 393216 397312
574 1 667648 675840
313 1 479232 482304
565 1 503808 507904
922 1 389120 393216
575 1 578048 589824
575 2 602112 655360 655360 659456
542 1 274432 278528
602 1 434176 438272
565 1 679936 696320
590 2 65536 131072 131072 196608
771 1 204800 208384
590 2 262144 327680 327680 393216
270 1 311296 327680
272 1 655360 667648
614 1 741376 786432
615 3 0 65536 65536 131072 131072 147968
272 1 667648 671744
615 2 147968 196608 196608 217088
951 1 647168 651264
664 3 614400 655360 655360 720896 720896 745472
565 1 696320 704512
565 1 737280 749568
542 1 221184 233472
665 3 24576 65536 65536 131072 131072 155648
665 1 577536 589824
666 1 131072 135168
580 2 655360 720896 720896 786432
581 2 0 65536 65536 131072
147 2 258048 262144 262144 278528
520 1 401408 405504
13 1 552960 553472
176 1 290816 291328
709 1 278528 279040
520 2 401408 458752 458752 466944
797 1 593920 594432
0 1 438272 458752
666 1 135168 155648
374 1 139264 139776
374 1 147456 147968
48 1 368640 369152
123 1 266240 266752
997 1 471040 471552
374 1 163840 164352
46 1 49152 49664
806 1 126976 127488
299 1 245760 249856
229 1 520192 524288
58 1 163840 172032
844 1 90112 126976
844 1 126976 131072
659 1 655360 675840
557 1 225280 229376
535 1 466944 471040
38 2 258048 262144 262144 323584
117 1 679936 684032
815 1 659456 663552
718 1 217088 229376
29 1 471040 479232
491 5 496128 524288 524288 589824 589824 655360 655360 720896 720896 786432
492 4 0 65536 65536 131072 131072 196608 196608 233984
718 1 360448 364544
671 9 176128 196608 196608 262144 262144 327680 327680 393216 393216 458752 458752 524288 524288 589824 589824 655360 655360 700416
29 1 479232 483328
483 2 57344 65536 65536 77824
824 1 155648 188416
862 1 147456 180224
620 1 684032 688128
944 1 294912 299008
914 1 45056 57344
921 1 110592 114688
683 1 598016 602112
234 1 704512 708608
14 1 741376 745472
944 1 475136 479232
310 1 73728 77824
702 1 204800 208896
249 1 106496 110592
394 1 409600 430080
831 1 331776 335872
771 1 4096 8192
571 1 712704 716800
885 1 499712 503808
369 1 16384 20480
465 1 421888 424960
408 1 385024 393216
27 1 172032 176128
56 2 667648 720896 720896 786432
57 6 0 65536 65536 131072 131072 196608 196608 262144 262144 327680 327680 376832
408 1 393216 397312
565 2 380928 393216 393216 401408
964 1 212992 245760
384 3 589824 655360 655360 720896 720896 786432
846 1 454656 458752
408 1 397312 405504
432 2 131072 196608 196608 262144
565 1 401408 413696
408 1 405504 409600
467 2 524288 589824 589824 598016
39 5 176128 196608 196608 262144 262144 327680 327680 393216 393216 458752
846 1 454656 458752
408 1 409600 425984
36 1 720896 786432
37 3 0 65536 65536 131072 131072 176128
505 1 159744 163840
573 1 364544 368640
38 1 0 65536
38 2 577536 589824 589824 593920
124 1 163840 167936
38 1 524288 573440
569 1 548864 552960
740 1 327680 331776
55 1 532480 536576
214 1 577536 581632
39 2 135168 196608 196608 200704
238 1 106496 118784
215 1 24576 28672
394 2 53248 65536 65536 69632
176 2 651264 655360 655360 667648
650 1 749568 786432
651 8 0 65536 65536 131072 131072 196608 196608 262144 262144 327680 327680 393216 393216 458752 458752 487424
651 5 487424 524288 524288 589824 589824 655360 655360 720896 720896 786432
652 4 0 65536 65536 131072 131072 196608 196608 225280
652 6 225280 262144 262144 327680 327680 393216 393216 458752 458752 524288 524288 561152
655 2 696320 720896 720896 786432
656 1 0 32768
48 1 180224 184320
48 1 163840 176128
656 9 98304 131072 131072 196608 196608 262144 262144 327680 327680 393216 393216 458752 458752 524288 524288 589824 589824 622592
250 1 359936 372224
656 3 622592 655360 655360 720896 720896 786432
657 6 0 65536 65536 131072 131072 196608 196608 262144 262144 327680 327680 360448
368 1 638976 647168
368 1 647168 651264
657 7 360448 393216 393216 458752 458752 524288 524288 589824 589824 655360 655360 720896 720896 786432
658 2 0 65536 65536 98304
109 1 499712 503808
995 1 401408 405504
586 1 663552 667648
357 1 53248 57344
831 1 757760 761856
482 1 397312 401408
359 1 339968 344064
485 1 372736 376832
847 1 188416 192512
137 1 753664 757760
77 1 24576 32768
324 1 581632 585728
197 2 425984 458752 458752 475648
197 1 475648 491520
197 2 622592 655360 655360 688128
200 2 622592 655360 655360 688128
201 2 692224 720896 720896 757760
211 2 499712 524288 524288 565248
213 2 503808 524288 524288 569344
214 2 241664 262144 262144 307200
214 2 569344 589824 589824 634880
215 2 110592 131072 131072 160256
215 1 160256 176128
215 2 503808 524288 524288 569344
216 2 503808 524288 524288 569344
217 2 176128 196608 196608 241664
217 1 729088 786432
218 1 0 8192
297 1 172032 176128
900 1 122880 126976
231 2 212992 262144 262144 278528
232 2 16384 65536 65536 81920
232 2 606208 655360 655360 671744
972 1 0 65536
696 1 327680 393216
883 1 368640 372736
104 2 507904 524288 524288 573440
883 2 380928 393216 393216 434176
533 3 466944 524288 524288 589824 589824 618496
690 2 16384 65536 65536 81920
8 1 655360 720896
978 2 622592 655360 655360 679936
534 3 225280 262144 262144 327680 327680 335872
978 2 520192 524288 524288 528384
282 1 86016 90112
599 1 679936 684032
939 1 708608 712704
969 1 602112 606208
320 1 487424 491520
282 1 90112 98304
282 1 98304 102400
320 1 487424 491520
632 1 692224 696320
282 1 102400 118784
86 1 98304 102400
42 1 147456 151552
282 1 118784 122880
142 1 217088 221184
320 1 487424 491520
562 1 290816 294912
597 1 348160 352256
278 1 568832 585216
620 1 614400 634880
278 1 585216 589312
479 1 135168 139264
25 1 598016 602112
760 1 24576 32768
266 1 512000 520192
620 1 634880 638976
620 1 671744 679936
346 2 503808 524288 524288 548864
346 1 548864 552960
610 1 741376 745472
890 1 225280 227328
848 2 712704 720896 720896 733184
562 1 57344 61440
468 1 249856 253952
468 1 274432 278528
848 1 733184 745472
565 1 585728 589824
859 1 466944 475136
144 1 249856 258048
455 1 11776 15872
566 1 262144 278528
859 1 491520 499712
829 1 282112 286208
984 1 97792 101888
984 1 101888 105984
860 1 93696 105984
542 1 204800 208896
782 1 503808 512000
579 1 544768 548864
463 1 0 4096
789 1 237568 241664
778 1 462848 475136
194 1 253952 258048
446 1 360448 364544
532 1 339968 344064
263 1 311296 319488
708 1 565248 573440
837 1 69632 126976
67 1 749568 753664
193 1 557056 561152
778 1 475136 479232
532 1 339968 344064
837 1 126976 131072
117 1 684032 688128
444 1 36864 40960
561 1 12288 32768
105 1 200704 212992
535 1 536576 548864
139 1 634880 655360
931 1 495616 496640
767 1 4096 7168
146 1 307200 319488
139 1 655360 667648
462 1 323584 327680
489 1 524288 532480
815 1 655360 659456
815 1 647168 651264
988 1 540672 544768
236 1 696320 700416
14 1 643072 647168
229 1 782336 786432
230 1 0 4096
244 1 491520 499712
555 1 53248 57344
231 1 704512 712704
783 1 376832 380928
620 1 225280 229376
153 1 446464 450560
27 1 237568 241664
27 1 241664 245760
523 1 360448 364544
620 1 241664 245760
270 1 57344 61440
782 1 630784 634880
542 1 253952 258048
21 2 704512 720896 720896 724992
935 1 380928 385024
542 1 319488 327680
564 1 0 4096
565 1 540672 548864
17 2 315392 327680 327680 331776
110 1 323584 327680
17 1 331776 335872
574 1 671744 675840
952 1 303104 311296
486 1 643072 647168
702 1 479232 491520
435 1 393216 409600
137 1 614400 618496
213 3 520192 524288 524288 589824 589824 602112
744 1 765952 786432
436 1 475136 479232
319 1 32768 36864
213 1 667648 671744
836 1 81920 86016
960 1 90112 94208
960 1 90112 94208
745 1 233472 237568
70 1 81920 86016
740 1 729088 745472
960 1 90112 94208
739 1 458752 471040
70 1 114688 118784
214 1 299008 303104
211 1 405504 409600
16 1 528384 532480
236 1 327680 331776
63 2 516096 524288 524288 544768
16 1 462848 466944
63 1 544768 548864
214 1 299008 303104
16 1 528384 532480
236 1 327680 331776
16 1 462848 466944
259 1 348160 352256
214 1 299008 303104
888 1 192512 196608
211 1 405504 409600
16 1 528384 536576
236 1 327680 331776
63 1 548864 573440
16 1 466944 471040
63 1 573440 577536
400 1 618496 622592
266 1 753664 757760
421 1 405504 409600
769 1 679936 704512
951 1 598016 602112
7 1 172032 176128
56 1 450560 454656
551 1 757760 761856
273 1 348160 352256
876 1 708608 712704
47 1 327680 331776
51 1 720896 724992
324 1 753664 757760
563 1 176128 192512
535 1 466944 471040
282 1 69632 73728
677 1 630784 634880
327 1 490496 491008
802 1 536576 540672
971 1 61440 65536
971 1 77824 81920
352 1 421888 430080
352 1 430080 434176
545 1 263680 264192
327 1 492544 493056
563 1 192512 196608
563 1 393216 409600
695 1 547328 547840
542 1 253952 262144
926 1 524288 589824
881 1 593920 610304
284 1 536064 540160
553 9 172544 196608 196608 262144 262144 327680 327680 393216 393216 458752 458752 524288 524288 589824 589824 655360 655360 696832
535 1 528384 532480
99 1 720896 786432
244 1 184320 192512
32 1 8192 16384
73 1 126976 131072
55 1 528384 532480
664 1 745472 765952
39 2 659456 720896 720896 724992
763 1 589824 590336
992 5 500224 524288 524288 589824 589824 655360 655360 720896 720896 786432
993 4 0 65536 65536 131072 131072 196608 196608 238080
96 1 143360 146944
601 1 294912 296960
845 1 81920 86016
535 1 471040 475136
40 2 266240 327680 327680 331776
238 1 237568 241664
55 1 532480 536576
740 1 315392 319488
40 1 724992 725504
126 1 241664 245760
126 1 180224 184320
877 2 716800 720896 720896 733184
393 1 131072 135168
29 1 512000 524288
667 2 700416 720896 720896 765952
415 1 327680 335872
133 2 503808 524288 524288 537088
650 1 40960 49152
815 1 659456 663552
426 1 417792 421888
310 1 458752 479232
668 2 307200 327680 327680 372736
415 1 335872 339968
650 1 49152 53248
815 1 647168 651264
70 1 385024 389120
729 1 761856 765952
315 1 208896 217088
372 1 217088 221184
481 1 184320 192512
456 1 487424 499712
535 1 483328 491520
410 2 57344 65536 65536 69632
519 1 344064 348160
852 1 36864 40960
222 1 192512 196608
130 1 233472 237568
683 1 421888 425984
485 1 720896 729088
47 1 315392 319488
295 1 77824 81920
500 1 565248 569344
566 1 77824 86016
890 1 8192 12288
544 1 659456 700416
734 1 548864 552960
544 1 700416 704512
232 2 188416 196608 196608 200704
922 1 454656 458752
98 1 40960 57344
11 1 335872 339968
565 1 483328 503808
542 1 204800 208896
734 1 548864 557056
565 1 540672 548864
565 1 503808 507904
188 1 40960 44032
929 1 77824 81920
281 1 315392 323584
929 1 86016 90112
81 1 503808 507904
544 1 86016 90112
509 1 491520 495616
517 1 655360 659456
428 1 741376 745472
22 1 585728 589824
511 1 155648 163840
104 3 638976 655360 655360 720896 720896 770048
938 2 544768 589824 589824 610304
229 1 266240 270336
420 2 339968 393216 393216 405504
992 1 438272 441856
105 2 114688 131072 131072 180224
397 1 782336 786432
398 1 0 28672
400 1 196608 229376
78 1 114688 118784
106 1 782336 786432
107 1 0 45056
107 1 49152 65536
830 1 651264 655360
54 1 548864 552960
108 2 663552 720896 720896 729088
159 1 278528 279552
118 1 770048 774144
959 2 602112 655360 655360 667648
57 1 598016 602112
542 1 208896 217088
670 1 192512 196608
670 1 720896 737280
932 2 28672 65536 65536 114688
53 1 745472 749568
711 2 315392 327680 327680 348160
670 1 323584 327680
671 1 65536 73728
142 1 131072 135168
772 1 413696 417792
772 1 593920 598016
991 1 614400 618496
934 1 208896 212992
521 1 225280 249856
86 1 98304 102400
282 1 122880 131072
961 1 532480 537600
96 1 229376 241664
70 1 524288 528384
240 1 303104 307200
979 1 733184 734720
278 1 729088 733696
166 1 606208 610304
78 1 405504 409600
364 1 94208 98304
286 1 393216 421888
136 1 495616 502272
95 1 57344 59392
3 1 176128 178176
527 1 258048 262144
179 1 540672 544768
372 1 61440 65536
683 1 323584 324608
96 1 97792 101888
544 1 24064 28160
668 1 765952 786432
669 1 0 45056
8 1 610304 630784
669 2 307200 327680 327680 372736
415 1 339968 372736
393 1 131072 135168
669 2 700416 720896 720896 737792
575 1 766464 786432
576 8 0 65536 65536 131072 131072 196608 196608 262144 262144 327680 327680 393216 393216 458752 458752 504320
338 1 0 4096
576 4 504320 524288 524288 589824 589824 655360 655360 667648
579 3 606208 655360 655360 720896 720896 786432
580 3 0 65536 65536 131072 131072 180736
580 9 180736 196608 196608 262144 262144 327680 327680 393216 393216 458752 458752 524288 524288 589824 589824 655360 655360 705024
993 1 32768 36864
583 1 401408 405504
656 1 774144 778240
472 1 24576 25088
187 1 372736 376832
584 1 651264 655360
157 1 303104 307200
584 1 327680 335872
580 2 705024 720896 720896 786432
581 7 0 65536 65536 131072 131072 196608 196608 262144 262144 327680 327680 393216 393216 442880
420 1 737280 741376
655 1 688128 692224
56 1 61440 65536
802 1 696320 720896
802 1 270336 278528
804 1 151552 163840
804 1 307200 319488
804 1 356352 376832
804 1 413696 434176
416 1 147456 155648
416 1 155648 159744
804 1 471040 479232
804 1 487424 491520
804 1 499712 503808
804 2 516096 524288 524288 528384
798 1 119296 131072
798 1 589824 655360
805 2 274432 327680 327680 389120
34 1 278528 282624
799 1 327680 393216
408 1 425984 430080
964 1 270336 274432
490 1 167936 172032
447 1 679936 684032
557 1 192512 196608
954 1 475136 479232
846 1 454656 458752
517 2 339968 393216 393216 438272
855 2 389120 393216 393216 409600
408 1 430080 438272
113 1 618496 634880
114 1 692224 700416
855 1 409600 413696
408 1 438272 442368
115 1 131072 135168
160 1 712704 720896
169 1 8192 12288
133 1 602112 622592
193 2 561152 589824 589824 593920
193 1 593920 598016
133 1 602112 606208
58 1 167936 172032
250 1 225280 229376
925 1 348160 352256
634 1 61440 64000
55 1 528384 532480
55 1 532480 536576
659 1 765952 770048
969 1 696320 704512
40 1 725504 786432
41 1 0 4096
238 1 237568 245760
124 1 167936 172032
993 8 238080 262144 262144 327680 327680 393216 393216 458752 458752 524288 524288 589824 589824 655360 655360 696832
238 1 249856 253952
302 1 196608 208896
969 1 655360 659456
41 2 397312 458752 458752 462848
929 1 110592 114688
542 1 217088 241664
800 1 364544 376832
81 1 499712 503808
924 1 458752 462848
855 1 487424 507904
993 1 217088 225280
450 1 24576 28672
83 1 499712 503808
808 1 192512 196608
544 1 155648 188416
274 1 249856 258048
156 2 385024 393216 393216 397312
358 1 53248 57344
971 1 73728 77824
156 1 397312 401408
113 1 310784 314880
66 1 663040 667136
113 1 552448 556544
974 1 774656 786432
975 8 0 65536 65536 131072 131072 196608 196608 262144 262144 327680 327680 393216 393216 458752 458752 512512
975 3 512512 524288 524288 589824 589824 618496
976 1 360448 393216
975 3 618496 655360 655360 720896 720896 786432
976 4 0 65536 65536 131072 131072 196608 196608 217600
865 1 77824 90112
32 1 614400 618496
962 1 778240 786432
100 1 278528 282624
726 1 618496 626688
709 1 4096 8192
159 1 724992 741376
830 1 163840 172032
600 1 229376 245760
991 1 638976 643072
830 1 139264 143360
284 1 745472 749568
598 1 561152 569344
8 1 659456 663552
100 1 315392 319488
302 1 61440 65536
700 1 544768 573440
738 1 602112 610304
259 2 454656 458752 458752 466944
208 1 413696 417792
285 1 20480 24576
6 1 425984 430080
600 1 172032 180224
552 1 315392 319488
769 1 704512 708608
542 1 270336 274432
882 1 679936 684032
951 1 602112 610304
75 1 434176 438272
565 1 614400 634880
951 1 610304 614400
558 1 671744 679936
369 1 684032 696320
558 1 679936 684032
769 1 708608 716800
247 1 98304 118784
127 3 647168 655360 655360 720896 720896 741376
613 1 286720 288768
213 1 335872 344064
127 1 741376 745472
237 1 716800 720896
213 1 368640 385024
642 1 245760 249856
188 1 126976 131072
188 1 229376 237568
747 1 81920 86016
241 1 110592 118784
571 1 614400 618496
279 1 622592 626688
646 1 270336 278528
641 1 782336 786432
826 1 344064 348160
366 1 528384 532480
883 1 696320 700416
621 1 184320 188416
896 1 315392 319488
692 1 544768 548864
598 1 118784 122880
663 1 401408 405504
390 1 147456 151552
630 1 233472 241664
455 1 208896 245760
781 1 274432 278528
168 1 139776 140288
799 1 241664 245760
840 1 49152 53248
501 1 270336 274432
884 1 65536 126976
922 1 503808 507904
455 1 245760 249856
535 1 593920 598016
50 1 565248 569344
542 1 630784 634880
542 1 602112 610304
553 2 696832 720896 720896 786432
554 6 0 65536 65536 131072 131072 196608 196608 262144 262144 327680 327680 380928
393 1 598016 602112
963 1 0 4096
76 1 118784 122880
815 1 655360 659456
672 2 339968 393216 393216 442368
718 1 364544 385024
211 2 643072 655360 655360 663552
557 1 225280 229376
29 1 483328 491520
492 9 233984 262144 262144 327680 327680 393216 393216 458752 458752 524288 524288 589824 589824 655360 655360 720896 720896 758272
671 2 700416 720896 720896 786432
672 6 0 65536 65536 131072 131072 196608 196608 262144 262144 327680 327680 335872
484 1 36864 40960
29 1 491520 495616
815 1 659456 663552
493 4 311296 327680 327680 393216 393216 458752 458752 500224
157 1 491520 495616
492 1 758272 786432
493 5 0 65536 65536 131072 131072 196608 196608 262144 262144 307200
672 6 442368 458752 458752 524288 524288 589824 589824 655360 655360 720896 720896 786432
673 3 0 65536 65536 131072 131072 180224
29 1 495616 503808
38 9 258048 262144 262144 327680 327680 393216 393216 458752 458752 524288 524288 589824 589824 655360 655360 720896 720896 782336
542 1 274432 278528
527 1 614400 618496
527 1 638976 647168
584 1 724992 729088
893 1 94208 94720
554 1 245760 249856
16 1 532480 540672
893 1 90112 94208
583 1 401408 405504
259 1 348160 352256
669 1 634880 638976
59 1 241664 242176
211 1 503808 507904
243 1 172032 176128
211 1 405504 413696
792 1 282624 286720
496 1 589824 598016
63 2 577536 589824 589824 614400
119 2 32768 65536 65536 94208
127 2 663552 720896 720896 729088
105 1 385024 389120
583 1 450560 458752
971 1 774144 786432
370 1 503808 507904
643 1 618496 626688
771 3 40960 65536 65536 131072 131072 159744
364 1 106496 110592
960 1 8192 12288
950 1 57344 63488
791 1 233472 239616
848 1 335872 339968
991 1 53248 57344
281 1 0 4096
286 1 421888 425984
918 1 385024 393216
289 1 49152 53248
853 1 253952 258048
281 1 28672 40960
85 1 679936 696320
883 1 536576 540672
281 1 45056 49152
894 1 348160 352256
320 1 487424 491520
256 1 139264 143360
591 1 488960 492544
193 1 598016 606208
591 1 492544 494080
193 1 606208 610304
591 1 494080 496128
305 1 69632 94208
728 1 196608 199168
742 2 323584 327680 327680 339968
960 1 90112 94208
771 2 684032 720896 720896 786432
772 1 0 40960
960 1 90112 98304
745 1 491520 507904
744 1 286720 299008
960 1 94208 98304
949 1 598016 613888
808 1 339968 348160
498 1 229376 230912
623 1 45056 49152
656 1 655360 671744
924 1 462848 466944
621 1 364544 372736
1 1 208896 217088
626 1 73728 86016
200 1 741376 745472
775 1 618496 622592
775 1 626688 630784
606 1 290816 294912
340 1 692224 696320
916 1 446464 450560
71 1 700416 712704
71 1 712704 716800
250 1 225280 229376
542 1 557056 561152
71 2 716800 720896 720896 724992
101 1 659456 663552
172 1 262144 266240
738 1 614400 622592
684 3 184320 196608 196608 262144 262144 262656
520 1 151552 155648
100 1 643072 647168
738 1 684032 688128
259 1 557056 577536
259 1 499712 522752
510 1 610304 614400
739 1 40960 45056
44 1 299008 303104
27 1 225280 229376
739 1 81920 86016
57 1 536576 540672
121 1 778240 781312
441 1 630784 634880
862 1 131072 135168
749 1 163840 184320
769 1 520192 524288
484 1 32768 40960
650 1 53248 61440
415 1 372736 376832
484 1 40960 45056
650 1 61440 65536
8 1 610304 614400
75 1 225280 233472
393 1 131072 139264
415 1 376832 385024
415 1 385024 389120
261 1 417792 421888
55 1 528384 532480
905 1 118784 122880
86 1 110592 118784
42 2 528384 589824 589824 593920
238 1 237568 241664
853 1 692224 696320
43 2 200704 262144 262144 266240
853 1 679936 684032
55 1 532480 536576
338 1 749568 757760
66 2 229376 262144 262144 294912
592 1 40960 45056
668 1 24576 28672
668 1 45056 49152
284 1 212992 217088
546 1 598016 606208
668 1 28672 32768
925 1 565248 565760
989 1 552960 557056
546 1 606208 610304
668 1 53248 57344
264 1 647168 651264
592 1 40960 45056
668 1 24576 28672
769 1 716800 720896
951 1 614400 647168
951 1 647168 651264
369 1 688128 692224
542 1 270336 274432
247 1 98304 102400
396 1 421888 425984
334 1 102400 110592
979 1 102400 106496
922 1 466944 471040
281 1 122880 126976
234 1 610304 618496
252 2 643072 655360 655360 688128
253 1 294912 307200
253 2 311296 327680 327680 348160
253 1 348160 352256
709 1 483328 487424
922 1 401408 405504
548 1 40960 65536
653 2 446464 458752 458752 466944
347 1 0 8192
107 1 163840 180224
709 1 483328 487424
347 1 8192 12288
668 1 712704 720896
922 1 466944 471040
747 1 602112 605184
139 1 663552 665600
931 1 188416 189952
665 3 221184 262144 262144 327680 327680 352256
364 1 524288 561152
841 1 327680 331776
698 1 294912 299008
661 1 471040 479232
676 1 73728 77824
751 1 397312 401408
667 2 290816 327680 327680 352768
834 1 552960 557056
364 1 561152 565248
214 1 139264 143360
534 1 352256 393216
489 1 262144 286720
667 6 352768 393216 393216 458752 458752 524288 524288 589824 589824 655360 655360 684032
494 2 479232 524288 524288 548864
667 1 495616 499712
499 1 741376 786432
500 1 0 24576
925 1 176128 177152
921 1 712704 717312
33 1 675840 676864
967 1 610304 613376
993 1 618496 622592
285 1 552960 557056
658 3 487424 524288 524288 589824 589824 626688
658 7 98304 131072 131072 196608 196608 262144 262144 327680 327680 393216 393216 458752 458752 483328
918 1 266240 270336
285 1 606208 610304
285 1 634880 638976
285 1 647168 651264
658 3 626688 655360 655360 720896 720896 786432
659 2 0 65536 65536 110592
286 1 159744 163840
286 1 188416 192512
92 5 323584 327680 327680 393216 393216 458752 458752 524288 524288 577536
286 1 282624 286720
286 1 675840 679936
287 1 110592 114688
291 1 442368 446464
561 1 40960 61440
561 1 61440 65536
561 1 196608 204800
535 1 532480 536576
142 1 589824 622592
535 1 466944 471040
535 1 462848 466944
461 1 479232 487424
461 1 487424 491520
588 1 442368 450560
386 1 647168 655360
604 2 479232 524288 524288 532992
695 1 303104 307200
386 1 655360 659456
224 1 675840 679936
974 1 520192 524288
542 1 561152 565248
535 1 528384 532480
604 1 532992 544768
114 1 737280 753664
160 2 651264 655360 655360 663552
571 1 421888 425984
114 1 761856 770048
846 1 454656 458752
113 1 528384 536576
408 1 442368 450560
113 1 512000 524288
176 1 782336 786432
408 1 450560 454656
177 1 4096 8192
446 1 106496 114688
438 1 770048 778240
412 1 753664 761856
115 2 192512 196608 196608 200704
405 1 770048 786432
450 1 745472 753664
450 1 753664 757760
232 1 196608 200704
75 1 491520 499712
393 1 8192 16384
162 1 77824 94208
987 1 778240 786432
988 1 0 57344
75 1 561152 565248
406 1 0 20480
393 1 16384 20480
922 1 458752 462848
75 1 286720 294912
565 1 483328 503808
543 1 619520 620032
632 1 217088 221184
75 1 495616 499712
542 1 278528 282624
0 1 417792 434176
542 1 212992 217088
966 1 167936 172032
342 1 397824 398336
342 1 405504 406016
680 1 762368 762880
537 1 728576 729088
413 1 692224 696320
993 1 762368 786432
994 8 0 65536 65536 131072 131072 196608 196608 262144 262144 327680 327680 393216 393216 458752 458752 500224
434 1 634880 638976
716 1 688128 708608
67 2 98304 131072 131072 163840
954 1 172032 176128
935 1 270336 274432
535 1 466944 471040
55 1 528384 532480
68 2 32768 65536 65536 98304
800 1 143360 147456
994 1 500224 520704
994 1 520704 524288
961 1 163840 167936
774 1 376832 380928
792 1 118784 131072
775 1 471040 479232
998 1 720896 724992
977 1 221184 225280
660 1 397312 401408
99 1 327680 331776
963 1 331776 335872
965 1 622592 626688
657 1 131072 139264
193 1 610304 618496
562 1 217088 221184
565 1 483328 503808
193 1 618496 622592
542 1 204800 208896
325 1 262144 274432
189 1 516096 520192
343 1 708608 720896
321 1 749568 761856
944 3 643072 655360 655360 720896 720896 778240
944 1 778240 786432
945 1 0 16384
13 1 282624 290816
925 1 4096 8192
124 1 45056 53248
358 1 77824 81920
501 1 487424 491520
804 4 536576 589824 589824 655360 655360 720896 720896 786432
805 5 0 65536 65536 131072 131072 196608 196608 262144 262144 274432
800 1 196608 262144
801 2 4096 65536 65536 69632
805 2 389120 393216 393216 413696
801 2 528384 589824 589824 593920
802 1 331776 368640
21 1 679936 684032
803 2 69632 131072 131072 135168
803 2 593920 655360 655360 659456
110 1 311296 327680
790 7 274432 327680 327680 393216 393216 458752 458752 524288 524288 589824 589824 655360 655360 712704
804 1 397312 451072
792 1 139264 176128
75 1 294912 299008
161 1 679936 684032
46 1 692224 696320
498 1 696320 699904
994 1 782336 785408
163 1 323584 327680
162 1 712704 716800
162 1 32768 36864
202 1 757760 761856
76 1 634880 638976
44 1 729088 733184
833 1 733184 734720
665 1 692224 712704
951 2 651264 655360 655360 659456
875 1 249856 253952
266 1 753664 761856
668 1 651264 655360
770 1 327680 356352
669 1 65536 77824
951 1 659456 663552
542 1 204800 212992
53 1 552960 569344
331 1 364544 372736
139 1 221184 225280
305 1 94208 98304
233 2 49152 65536 65536 69632
139 1 155648 159744
289 1 86016 106496
470 1 102912 103424
600 1 667648 684032
267 1 618496 655360
71 1 724992 729088
997 2 299008 327680 327680 335872
269 1 524288 540672
137 1 745472 749568
269 1 540672 544768
470 1 103936 104448
163 1 540672 557056
126 1 180224 184320
889 1 499712 503808
889 1 557056 561152
773 1 589824 593920
821 1 491520 495616
976 1 726528 727040
181 1 634880 643072
415 2 389120 393216 393216 397312
650 1 131072 155648
549 1 737280 741376
976 3 217600 262144 262144 327680 327680 360448
32 1 544768 548864
976 6 393216 458752 458752 524288 524288 589824 589824 655360 655360 720896 720896 774656
888 1 405504 417792
888 1 507904 520192
614 1 176128 184320
976 1 774656 786432
977 8 0 65536 65536 131072 131072 196608 196608 262144 262144 327680 327680 393216 393216 458752 458752 512512
224 1 90112 98304
424 1 471040 475136
181 2 651264 655360 655360 659456
264 1 192512 196608
477 1 98304 102400
83 1 0 4096
0 1 212992 217088
565 1 552960 557056
384 1 270336 278528
533 1 405504 409600
518 1 471040 483328
288 1 757760 770048
518 1 483328 487424
278 1 114688 118784
478 1 430080 434176
29 1 421888 425984
533 1 409600 446464
533 1 446464 450560
412 1 344064 348160
542 1 270336 274432
412 1 344064 348160
542 1 204800 208896
412 1 344064 348160
542 1 270336 278528
281 1 57344 65536
346 1 520192 524288
632 1 696320 700416
894 1 364544 368640
86 1 98304 102400
936 1 151552 155648
936 1 159744 163840
286 1 425984 450560
961 1 503808 507904
286 1 450560 454656
961 1 524288 532480
100 1 53248 57344
435 1 32768 36864
785 1 356352 360448
369 1 417792 421888
697 1 57344 61440
363 1 610304 614400
79 1 208896 212992
496 1 598016 602112
888 2 192512 196608 196608 204800
200 1 729088 741376
50 1 630784 634880
63 1 614400 618496
595 1 577536 589824
966 1 122880 126976
259 1 348160 352256
966 1 122880 126976
63 1 618496 626688
63 1 626688 630784
259 1 348160 352256
200 1 741376 761856
211 1 409600 413696
61 2 184320 196608 196608 204800
61 1 204800 217088
38 1 782336 786432
39 7 0 65536 65536 131072 131072 196608 196608 262144 262144 327680 327680 393216 393216 421888
674 2 360448 393216 393216 401408
673 2 618496 655360 655360 663552
29 1 503808 507904
673 8 180224 196608 196608 262144 262144 327680 327680 393216 393216 458752 458752 524288 524288 589824 589824 618496
157 1 491520 499712
493 5 500224 524288 524288 589824 589824 655360 655360 720896 720896 786432
494 4 0 65536 65536 131072 131072 196608 196608 238080
827 1 729088 745472
794 1 196608 262144
984 3 258048 262144 262144 327680 327680 372736
827 1 778240 786432
828 1 0 8192
822 2 614400 655360 655360 679936
0 1 540672 573440
897 1 737280 770048
857 1 655360 671744
29 1 507904 520192
858 2 16384 65536 65536 81920
824 1 729088 786432
988 2 4096 65536 65536 69632
856 1 458752 507904
55 1 532480 536576
68 2 688128 720896 720896 753664
994 4 557056 589824 589824 655360 655360 720896 720896 741376
950 1 503808 507904
40 1 741376 749568
854 1 81920 86016
994 1 745472 786432
995 5 0 65536 65536 131072 131072 196608 196608 262144 262144 274944
313 1 700416 701952
299 1 139264 141312
926 1 512000 516096
69 1 491520 492032
984 1 167936 172032
975 1 69632 73728
605 2 217088 262144 262144 282624
542 1 630784 634880
605 1 741376 786432
606 1 0 20480
474 2 589824 655360 655360 659456
711 1 724992 757760
606 1 532480 548864
606 2 479232 524288 524288 528384
224 1 675840 679936
757 9 61440 65536 65536 131072 131072 196608 196608 262144 262144 327680 327680 393216 393216 458752 458752 524288 524288 585728
757 4 585728 589824 589824 655360 655360 720896 720896 786432
758 5 0 65536 65536 131072 131072 196608 196608 262144 262144 315392
179 1 626688 643072
758 1 557056 577536
85 1 679936 684032
758 2 401408 458752 458752 462848
956 1 147456 155648
758 2 577536 589824 589824 598016
960 1 94208 98304
983 1 176128 184320
758 1 462848 524288
179 2 643072 655360 655360 663552
956 1 151552 155648
42 1 761856 770048
535 1 569344 573440
535 1 503808 516096
638 1 581632 585728
0 1 438272 458752
535 1 577536 581632
535 1 512000 516096
638 1 581632 585728
535 1 577536 581632
377 1 638976 643072
455 1 647168 651264
535 1 512000 516096
535 1 577536 589824
740 1 90112 94208
535 1 520192 524288
535 1 585728 589824
740 1 90112 94208
239 1 77824 127488
239 2 127488 131072 131072 143360
239 2 471040 524288 524288 536576
69 1 0 4096
229 1 4096 8192
239 1 733184 786432
240 1 0 12288
240 1 733184 786432
241 1 0 12288
241 2 536576 589824 589824 602112
69 1 8192 16384
432 5 503808 524288 524288 589824 589824 655360 655360 720896 720896 786432
433 4 0 65536 65536 131072 131072 196608 196608 241664
433 9 241664 262144 262144 327680 327680 393216 393216 458752 458752 524288 524288 589824 589824 655360 655360 720896 720896 761856
254 2 282624 327680 327680 348160
255 2 155648 196608 196608 221184
433 1 761856 786432
434 2 585728 589824 589824 602112
255 2 614400 655360 655360 679936
434 8 65536 131072 131072 196608 196608 262144 262144 327680 327680 393216 393216 458752 458752 524288 524288 544768
434 3 606208 655360 655360 720896 720896 786432
435 5 0 65536 65536 131072 131072 196608 196608 262144 262144 294912
256 2 221184 262144 262144 270848
421 2 716800 720896 720896 724992
770 1 356352 360448
552 1 335872 339968
443 1 446464 450560
551 1 761856 765952
882 1 679936 684032
951 1 663552 671744
369 1 688128 692224
435 1 540672 548864
951 1 671744 675840
266 1 757760 761856
668 1 782336 786432
669 1 77824 81920
435 1 548864 552960
770 1 360448 393216
669 1 131072 143360
779 1 458752 462848
212 5 471552 524288 524288 589824 589824 655360 655360 720896 720896 786432
213 4 0 65536 65536 131072 131072 196608 196608 209408
978 1 147456 188928
420 1 606208 614400
868 1 520192 523264
484 1 335872 339968
591 1 65536 69632
809 1 708608 712704
730 1 331776 335872
126 2 466944 524288 524288 532480
439 1 307200 311296
788 1 397312 401408
451 1 294912 299008
977 5 512512 524288 524288 589824 589824 655360 655360 720896 720896 786432
978 3 0 65536 65536 131072 131072 143360
501 1 344064 352256
352 1 372736 376832
254 1 360448 364544
473 1 425984 430080
12 1 503808 505344
32 1 390656 392704
12 1 505344 506880
32 2 392704 393216 393216 393728
751 1 645632 647680
32 1 393728 395776
360 1 540672 541696
12 1 506880 507904
751 1 647680 650240
470 1 104960 105472
360 1 541696 544256
32 1 395776 396800
582 1 692224 696320
330 1 90112 94208
157 1 323584 327680
330 1 94208 102400
503 1 520192 524288
590 1 258048 262144
582 1 688128 692224
698 1 655360 659456
177 3 245760 262144 262144 327680 327680 344064
177 1 344064 348160
137 1 282624 299008
73 1 712704 716800
989 1 557056 561152
138 1 479232 479744
983 1 233472 241664
889 1 417792 421888
288 1 692224 696320
864 1 471040 475136
979 1 356352 360448
730 1 278528 290816
730 1 274432 278528
775 1 561152 565248
970 1 774144 778240
200 1 397312 401408
318 1 331776 335872
229 1 466944 471040
450 1 385024 389120
522 1 561152 565248
468 1 487424 491520
125 1 741376 745472
532 1 49152 53248
589 1 626688 630784
138 1 557056 559104
331 1 372736 376832
109 1 659456 692224
370 1 471040 475136
884 1 94208 96256
776 1 147456 151552
726 1 577536 581632
726 1 581632 585728
574 1 671744 675840
128 1 770048 774144
128 1 778240 782336
337 1 282624 286720
332 1 40960 45056
594 1 753664 757760
20 1 606208 610304
501 1 577536 581632
317 1 679936 688128
279 1 770048 778240
279 1 778240 786432
189 1 225280 229376
133 1 622592 647168
193 1 622592 655360
393 2 630784 655360 655360 663552
193 1 655360 659456
591 1 496128 498688
133 1 622592 626688
591 1 498688 500736
193 1 659456 667648
532 1 339968 344064
650 1 155648 159744
415 1 397312 401408
549 1 729088 733184
457 1 339968 393216
8 1 630784 651264
293 1 93696 97792
393 1 135168 139264
532 1 0 12288
415 1 401408 434176
937 1 376832 385024
657 1 434176 437248
942 1 204800 208896
111 1 483328 487424
134 1 688128 692224
609 1 700416 704512
942 1 208896 212992
924 1 458752 471040
111 1 487424 491520
609 1 700416 704512
657 1 434176 437248
665 2 712704 720896 720896 724992
669 1 516096 524288
335 1 110592 114688
69 2 492032 524288 524288 557056
932 2 16384 65536 65536 73728
855 1 266240 270336
336 1 188416 196608
55 1 528384 532480
257 1 180224 184320
267 1 544768 548864
70 2 425984 458752 458752 491520
989 1 344064 348160
55 1 532480 536576
290 1 98304 106496
995 8 274944 327680 327680 393216 393216 458752 458752 524288 524288 589824 589824 655360 655360 720896 720896 786432
996 1 0 12800
907 1 438272 442368
429 1 270336 319488
450 1 200704 201728
326 1 688128 692224
790 1 548864 552960
817 1 692224 696320
50 1 720896 724992
73 1 692224 696320
75 1 208896 212992
803 1 512000 516096
24 1 614400 618496
804 1 487424 491520
771 1 36864 40960
805 1 217088 221184
199 1 512000 516096
206 1 643072 647168
200 1 610304 614400
231 1 520192 524288
215 1 405504 409600
230 1 598016 602112
232 1 245760 249856
526 1 663552 667648
542 1 561152 565248
607 2 483328 524288 524288 548864
535 1 532480 536576
613 2 581632 589824 589824 647168
589 1 479232 483328
261 1 32768 36864
614 2 319488 327680 327680 385024
43 1 163840 184320
329 1 552960 557056
571 1 421888 425984
846 2 454656 458752 458752 462848
115 1 135168 139264
408 2 454656 458752 458752 471040
115 1 131072 135168
408 1 471040 475136
21 1 679936 684032
438 1 778240 782336
846 1 458752 462848
408 1 475136 483328
282 1 458752 462848
408 1 483328 487424
846 1 458752 462848
408 1 487424 495616
468 1 450560 454656
518 1 716800 720896
467 1 262144 266240
12 1 507904 508928
470 1 105984 106496
360 1 544256 545280
751 1 650240 651264
32 1 396800 397824
12 1 508928 509440
470 1 107008 107520
360 1 545280 546304
751 1 651264 653312
466 1 339968 344064
134 1 667648 675840
221 1 626688 630784
381 1 139264 143360
32 1 397824 398848
12 1 509440 510464
183 1 757760 761856
542 1 270336 274432
801 1 389120 393216
801 1 315392 327680
183 1 761856 765952
680 1 516096 524288
423 1 557056 561152
254 1 397312 413696
183 1 757760 761856
160 1 483328 487424
567 1 696320 708608
763 1 761856 786432
764 1 0 8192
464 1 385024 393216
464 1 393216 397312
567 1 708608 720896
568 1 393216 397312
180 1 479232 520192
192 1 466944 471040
192 1 393216 397312
182 1 163840 167936
114 1 507904 512000
415 1 434176 438272
261 1 417792 421888
900 1 155648 159744
542 1 262144 266240
564 1 0 4096
900 1 155648 159744
542 1 262144 266240
14 1 643072 647168
270 1 57344 61440
966 1 135168 196608
542 1 270336 274432
542 1 204800 212992
223 1 724992 729088
542 1 274432 278528
542 1 208896 212992
223 1 724992 729088
542 1 274432 282624
14 1 643072 647168
270 1 57344 61440
614 4 581632 589824 589824 655360 655360 720896 720896 786432
615 1 0 65536
542 1 212992 217088
238 1 286720 290816
238 1 188416 192512
237 1 172032 176128
238 1 294912 299008
238 1 557056 561152
239 1 380928 385024
240 1 139264 143360
239 1 61440 65536
239 1 32768 36864
239 1 401408 405504
239 1 692224 696320
240 1 151552 155648
241 1 450560 454656
241 1 507904 512000
243 1 122880 131072
242 1 389120 393216
243 1 135168 139264
243 1 98304 102400
247 1 167936 172032
701 1 524288 528384
792 1 208896 225280
804 2 451072 458752 458752 462848
792 1 225280 241664
805 2 135168 196608 196608 200704
806 2 188416 196608 196608 204800
806 1 135168 184320
805 4 413696 458752 458752 524288 524288 589824 589824 598016
806 2 663552 720896 720896 729088
803 1 16384 49152
807 2 335872 393216 393216 401408
786 2 380928 393216 393216 413696
808 2 139264 196608 196608 204800
792 1 282624 290816
790 1 745472 782336
808 2 598016 655360 655360 663552
122 1 241664 245760
774 1 667648 671744
796 1 577536 585728
792 2 311296 327680 327680 335872
32 1 417792 421888
328 1 233472 245760
519 1 557056 558592
815 1 659456 663552
193 1 667648 671744
393 1 663552 667648
99 1 327680 331776
99 1 389120 393216
963 1 352256 356352
963 1 335872 339968
965 1 602112 606208
142 1 278528 294912
296 1 135168 139264
193 1 671744 679936
296 1 151552 155648
702 1 155648 172032
668 3 28672 65536 65536 131072 131072 159744
629 1 348160 375808
668 2 225280 262144 262144 287232
46 1 663552 667648
152 2 651264 655360 655360 667648
668 2 287232 327680 327680 356352
668 5 487424 524288 524288 589824 589824 655360 655360 720896 720896 786432
669 1 0 28672
493 1 12288 16384
669 2 94208 131072 131072 159744
493 1 77824 81920
677 2 98304 131072 131072 160256
493 1 12288 20480
774 1 700416 712704
702 1 172032 180224
112 1 331776 335872
667 1 552960 557056
84 1 589824 610304
643 1 110592 114688
523 1 413696 417792
467 1 364544 368640
465 1 716800 720896
523 1 462848 466944
439 2 94208 131072 131072 155648
388 1 466944 471040
256 1 630784 638976
441 1 180224 184320
162 1 569344 573440
10 1 225280 229376
795 1 503808 507904
856 1 622592 626688
389 1 196608 204800
258 1 577536 581632
439 1 155648 159744
213 9 209408 262144 262144 327680 327680 393216 393216 458752 458752 524288 524288 589824 589824 655360 655360 720896 720896 733696
589 1 495616 496640
703 1 634880 638976
928 2 192512 196608 196608 208896
390 1 180224 181248
928 1 212992 216064
978 9 254464 262144 262144 327680 327680 393216 393216 458752 458752 524288 524288 589824 589824 655360 655360 720896 720896 778752
654 1 512000 516096
702 1 638976 643072
727 1 491520 495616
727 1 499712 503808
663 1 139264 143360
609 1 258048 262144
750 1 364544 368640
742 1 737280 741376
983 1 172032 180224
736 1 675840 679936
944 1 221184 229376
102 1 753664 757760
101 1 339968 344064
101 1 270336 278528
102 1 675840 679936
20 1 77824 90112
102 1 593920 598016
103 1 274432 278528
108 1 528384 532480
111 1 720896 724992
610 1 311296 315392
901 1 770048 786432
902 1 0 4096
922 1 438272 442368
75 1 561152 565248
543 1 628224 628736
75 1 495616 507904
455 1 380928 389120
455 1 389120 393216
162 1 94208 114688
435 1 421888 430080
610 1 311296 315392
922 1 507904 512000
232 1 196608 200704
91 1 270336 286720
565 1 503808 507904
189 1 253952 262144
932 1 659456 679936
746 1 282624 323584
613 1 778240 786432
687 1 65536 114688
758 1 606208 626688
9 1 135168 167936
821 1 491520 495616
524 1 212992 229376
8 1 630784 634880
650 1 159744 184320
109 1 196608 200704
797 1 520192 524288
399 1 212992 217088
399 1 241664 245760
767 1 466944 471040
675 1 659456 663552
113 1 655360 659456
44 1 638976 643072
45 1 307200 311296
48 1 233472 237568
47 1 258048 262144
48 1 475136 479232
487 1 73728 77824
48 1 405504 409600
45 1 770048 774144
82 1 557056 561152
82 1 577536 581632
717 1 348160 352256
83 1 376832 380928
83 1 53248 57344
932 1 73728 77824
71 2 102400 131072 131072 167936
124 1 172032 176128
990 1 638976 643072
327 1 196608 200704
880 1 303104 307200
55 1 528384 532480
71 2 561152 589824 589824 626688
996 1 499712 520704
959 1 77824 90112
997 1 237568 253952
964 1 737280 745472
72 2 364544 393216 393216 430080
241 2 614400 655360 655360 667648
472 1 20480 24576
864 1 180224 184320
581 2 442880 458752 458752 475136
552 1 86016 98304
2 1 442368 446464
338 1 4096 20480
170 1 503808 512000
338 1 20480 24576
590 2 679936 720896 720896 786432
591 6 0 65536 65536 131072 131072 196608 196608 262144 262144 327680 327680 385536
929 2 40960 65536 65536 77824
260 1 667648 669696
927 1 36864 37888
575 1 135168 139264
591 7 385536 393216 393216 458752 458752 524288 524288 589824 589824 655360 655360 720896 720896 786432
592 1 0 57856
592 9 123392 131072 131072 196608 196608 262144 262144 327680 327680 393216 393216 458752 458752 524288 524288 589824 589824 647680
170 1 634880 638976
334 1 499712 507904
649 1 724992 729088
343 1 335872 348160
381 2 188416 196608 196608 204800
182 1 77824 94208
363 1 704512 708608
957 1 593920 633344
751 1 653312 654848
360 1 546304 549376
542 1 499712 503808
9 1 274432 276480
888 1 499712 503808
32 1 398848 399872
12 1 510464 511488
751 2 654848 655360 655360 655872
247 2 118784 131072 131072 143360
779 1 462848 466944
951 1 675840 708608
831 1 516096 520192
848 1 212992 217088
867 1 425984 426496
951 1 708608 712704
369 1 688128 692224
247 1 118784 122880
779 1 466944 491520
951 1 712704 720896
781 1 757760 761856
266 1 757760 761856
951 1 720896 724992
464 1 90112 94208
615 2 57344 65536 65536 122880
535 1 466944 471040
822 1 393216 395264
613 1 450560 454656
589 1 421888 430080
615 2 516096 524288 524288 569856
526 1 663552 667648
535 1 532480 536576
615 1 569856 581632
12 1 589824 638976
12 1 638976 643072
758 1 548864 552960
12 1 643072 655360
5 1 274432 278528
769 1 233472 262144
13 1 65536 69632
535 1 360448 364544
775 1 524288 565248
493 1 77824 81920
493 1 8192 12288
416 1 417792 421888
233 1 770048 774144
136 1 544768 548864
320 1 487424 491520
889 1 491520 495616
86 1 98304 102400
753 1 147456 151552
286 2 454656 458752 458752 479232
611 1 544768 548864
632 1 696320 708608
943 1 294912 299008
820 1 32768 36864
286 1 479232 483328
793 1 311296 315392
745 1 442368 446464
320 1 487424 491520
728 1 401408 405504
286 1 483328 491520
537 1 389120 393216
286 1 491520 495616
595 1 528384 532480
40 1 77824 90112
63 1 630784 643072
11 1 155648 163840
63 1 643072 647168
259 1 348160 352256
63 1 647168 655360
63 1 655360 659456
958 1 720896 724992
259 1 348160 352256
211 1 409600 413696
63 1 659456 671744
958 1 720896 724992
63 1 671744 675840
259 1 348160 352256
919 1 692224 720896
920 1 0 8192
542 1 270336 274432
542 1 196608 200704
731 1 122880 126976
330 1 147456 155648
275 1 606208 610304
771 1 159744 163840
259 1 634880 640512
71 1 352256 356352
771 1 421888 425984
820 1 573440 577536
920 1 409600 413696
821 1 733184 737280
73 1 487424 499712
894 1 663552 667648
535 1 466944 471040
535 1 462848 466944
405 1 98304 102400
314 1 765952 770048
327 1 737280 741376
568 1 729088 733184
568 1 651264 655360
821 1 737280 741376
296 1 610304 614400
493 1 229376 233472
526 1 741376 745472
493 1 122880 126976
193 1 679936 684032
565 1 503808 507904
565 1 540672 548864
133 2 647168 655360 655360 684032
425 1 331776 339968
360 1 549376 550400
848 1 630784 634880
382 1 401408 424448
34 1 151552 152576
815 1 659456 663552
32 1 399872 400896
751 1 655872 656896
12 1 511488 512512
524 1 0 4096
470 1 700416 704512
542 1 675840 679936
765 1 151552 155648
541 1 475136 479232
792 1 45056 49152
360 1 550400 551424
767 1 696320 700416
495 1 40960 45056
569 1 327680 344064
511 1 548864 552960
541 1 606208 610304
494 1 475136 479232
492 1 471040 475136
541 1 151552 155648
542 1 274432 278528
462 1 253952 262144
625 2 114688 131072 131072 184320
543 1 397312 401408
576 1 430080 434176
622 1 655360 659456
542 1 729088 733184
547 1 475136 479232
545 1 516096 520192
623 1 323584 327680
548 1 573440 577536
547 1 20480 24576
622 1 196608 200704
128 1 417792 421888
415 1 438272 446464
650 1 184320 188416
223 1 397312 430080
393 1 135168 139264
415 1 446464 450560
821 1 491520 495616
542 1 212992 217088
668 1 774144 786432
5 1 307200 311296
325 1 770048 786432
583 1 262144 266240
109 1 294912 307200
993 1 778240 786432
994 1 147456 159744
3 1 606208 610304
562 1 172032 184320
683 2 626688 655360 655360 659456
153 1 118784 122880
887 1 630784 651264
661 1 737280 745472
553 1 53248 61440
964 1 290816 294912
195 1 495616 499712
960 1 0 4096
979 1 49152 53248
54 1 147456 167936
310 2 45056 65536 65536 73728
89 1 299008 311296
154 1 774144 786432
155 1 0 28672
46 1 589824 598016
561 1 204800 212992
142 1 471040 475136
143 1 217088 221184
119 1 602112 614400
851 1 73728 77824
917 1 524288 528384
542 1 204800 212992
640 1 565248 569344
408 1 495616 499712
516 1 57344 61440
424 1 16384 20480
137 1 348160 352256
458 1 118784 122880
446 2 57344 65536 65536 69632
455 1 176128 188416
846 1 458752 462848
693 1 638976 655360
482 2 405504 458752 458752 507904
408 1 499712 516096
694 1 0 4096
517 2 311296 327680 327680 339968
535 1 544768 548864
535 1 532480 540672
408 1 516096 520192
517 2 94208 131072 131072 172032
922 1 393216 397312
565 1 540672 548864
36 1 4096 12288
45 1 249856 253952
69 1 479232 487424
7 1 4096 8192
435 1 430080 434176
471 1 745472 753664
542 1 204800 208896
69 1 483328 487424
471 1 753664 757760
570 1 147456 155648
775 2 172032 196608 196608 217088
677 1 77824 81920
775 1 217088 221184
628 1 774144 786432
629 1 0 12288
629 1 12288 16384
985 1 733184 737280
809 2 401408 458752 458752 466944
810 1 532480 586240
857 2 147456 196608 196608 225280
892 1 712704 716800
810 2 586240 589824 589824 598016
882 1 290816 299008
32 1 303104 307200
856 6 409600 458752 458752 524288 524288 589824 589824 655360 655360 720896 720896 786432
857 3 0 65536 65536 131072 131072 147456
811 1 401408 450560
811 2 454656 458752 458752 471040
882 1 299008 303104
857 1 290816 311296
705 1 180224 184320
812 2 208896 262144 262144 274432
14 1 348160 356352
812 1 733184 786432
813 1 0 12288
14 1 364544 380928
965 1 724992 733184
872 1 8192 12288
996 8 12800 65536 65536 131072 131072 196608 196608 262144 262144 327680 327680 393216 393216 458752 458752 499712
73 2 626688 655360 655360 692224
725 1 720896 724992
668 1 430080 434176
74 2 626688 655360 655360 692224
75 1 561152 561664
997 2 253952 262144 262144 274944
852 1 77824 81920
692 1 434176 438272
918 1 581632 585728
566 1 491520 493056
677 6 160256 196608 196608 262144 262144 327680 327680 393216 393216 458752 458752 491520
493 1 81920 86016
683 4 434176 458752 458752 524288 524288 589824 589824 627200
493 1 16384 24576
683 1 627200 630784
603 1 376832 385024
328 1 253952 262144
328 1 323584 327680
136 1 380928 385024
468 1 303104 307200
680 1 692224 696320
334 1 446464 450560
335 1 77824 81920
213 1 8192 12288
335 1 57344 65536
367 1 765952 770048
683 2 696320 720896 720896 786432
684 2 0 65536 65536 106496
328 1 73728 77824
464 1 4096 8192
695 1 548352 548864
695 1 548352 548864
327 1 494592 495104
545 1 271872 272384
695 1 551424 551936
695 1 552448 552960
695 1 553472 553984
109 1 753664 770048
545 1 280064 280576
815 1 655360 659456
426 1 69632 73728
402 1 53248 61440
426 1 61440 65536
402 1 61440 65536
632 1 774144 774656
56 1 73728 77824
38 1 385024 389120
388 1 487424 491520
53 1 643072 647168
388 1 499712 503808
104 1 458752 462848
295 1 49152 53248
650 1 462848 471040
441 1 466944 487424
646 1 413696 417792
441 1 487424 491520
141 1 450560 454656
420 1 237056 241152
527 1 89600 93696
616 2 188416 196608 196608 253952
175 1 52736 56832
43 1 184320 196608
695 1 303104 307200
617 2 57344 65536 65536 122880
631 1 81920 86016
804 1 516096 520192
145 1 499712 506368
32 1 400896 401920
545 1 335872 339968
470 1 108032 108544
751 1 656896 657920
600 1 684032 704512
123 1 77824 81920
12 1 512512 513536
543 1 331776 344064
360 1 551424 552448
542 1 774144 778240
32 1 401920 402944
751 1 657920 658944
993 1 770048 774144
994 1 270336 274432
412 1 344064 348160
542 1 208896 212992
436 1 397312 405504
412 1 344064 348160
436 1 405504 409600
542 1 274432 278528
412 1 344064 348160
542 1 208896 212992
447 1 368640 371712
363 1 389120 393216
367 1 65536 98304
815 1 655360 659456
0 1 421888 442368
193 1 684032 716800
425 1 339968 344064
518 1 774144 786432
519 1 0 4096
193 1 716800 720896
363 1 643072 651264
133 1 647168 651264
519 1 4096 20480
0 1 434176 442368
566 1 212992 225280
192 2 647168 655360 655360 663552
846 1 409600 413696
561 1 708608 720896
562 1 327680 331776
846 1 413696 417792
535 1 536576 544768
961 1 700416 720896
846 1 409600 413696
192 1 663552 667648
489 1 614400 618496
846 1 413696 417792
562 1 331776 352256
813 1 12288 16384
259 1 532480 534528
547 6 425984 458752 458752 524288 524288 589824 589824 655360 655360 720896 720896 786432
548 3 0 65536 65536 131072 131072 163840
989 1 548864 552960
572 1 176128 178688
541 1 262144 262656
386 1 172032 180224
386 1 180224 184320
693 1 589824 606208
842 1 114688 117248
559 1 724992 729088
4 1 122880 123904
72 1 147456 148992
948 1 106496 114688
45 1 90112 106496
922 1 458752 462848
918 1 593920 598016
798 1 24576 32768
692 1 446464 450560
873 1 262144 266240
749 1 409600 421888
511 1 659456 675840
55 1 532480 536576
67 1 118784 122880
852 1 90112 94208
873 1 249856 253952
64 1 753664 765952
107 1 221184 229376
243 2 577536 589824 589824 598016
534 1 139264 143360
511 1 589824 602112
92 4 577536 589824 589824 655360 655360 720896 720896 786432
93 5 0 65536 65536 131072 131072 196608 196608 262144 262144 315392
292 1 57344 61440
296 1 532480 536576
313 1 315392 319488
313 1 471040 475136
93 8 315392 327680 327680 393216 393216 458752 458752 524288 524288 589824 589824 655360 655360 720896 720896 786432
94 1 0 53248
313 1 512000 516096
313 1 520192 524288
316 1 679936 684032
97 1 417792 425984
94 8 53248 65536 65536 131072 131072 196608 196608 262144 262144 327680 327680 393216 393216 458752 458752 512000
621 1 692224 695808
458 1 97792 101888
297 1 564736 572928
382 1 482816 486912
464 1 208384 212480
309 1 511488 515584
470 1 609792 613888
94 4 577536 589824 589824 655360 655360 720896 720896 786432
95 5 0 65536 65536 131072 131072 196608 196608 262144 262144 315392
95 8 315392 327680 327680 393216 393216 458752 458752 524288 524288 589824 589824 655360 655360 720896 720896 786432
96 1 0 53248
123 1 180736 181248
650 2 188416 196608 196608 217088
889 1 503808 507904
889 1 577536 581632
126 1 180224 184320
871 1 339968 344064
650 1 217088 221184
415 1 450560 458752
437 1 151552 155648
364 1 528384 536576
980 1 724992 729088
703 1 172032 188416
427 1 598016 602112
338 1 16384 20480
231 1 159744 163840
196 1 290816 294912
170 1 663552 667648
722 1 172032 176128
171 1 311296 315392
951 2 716800 720896 720896 782336
172 1 28672 32768
173 2 319488 327680 327680 331776
173 1 610304 618496
173 1 593920 606208
173 1 585728 589824
173 1 626688 630784
173 1 634880 643072
173 1 651264 655360
338 1 81920 86016
173 1 684032 688128
173 1 724992 729088
111 1 483328 487424
924 1 532480 536576
535 1 471040 475136
111 1 487424 491520
343 1 167936 172032
789 1 753664 757760
111 1 483328 487424
71 1 389120 393216
513 1 102400 106496
429 1 262144 299008
579 1 131072 139264
730 1 45056 61440
429 1 299008 303104
600 1 249856 253952
853 1 778240 782336
655 1 143360 147456
655 1 143360 151552
655 1 155648 159744
655 1 143360 147456
592 3 647680 655360 655360 720896 720896 786432
593 6 0 65536 65536 131072 131072 196608 196608 262144 262144 327680 327680 385536
334 1 507904 512000
593 3 385536 393216 393216 458752 458752 483328
593 3 483328 524288 524288 589824 589824 651264
594 1 229376 241664
593 2 655360 720896 720896 786432
594 2 0 65536 65536 115200
594 3 115200 131072 131072 196608 196608 229376
669 1 458752 471040
53 1 745472 749568
82 1 262144 278528
53 1 679936 684032
709 1 483328 487424
922 1 401408 409600
82 1 278528 299008
669 1 471040 483328
706 1 262144 282624
542 1 212992 221184
61 1 172032 192512
709 1 483328 487424
922 1 471040 475136
358 2 651264 655360 655360 659456
358 1 659456 663552
706 1 282624 294912
709 1 483328 487424
922 1 405504 409600
61 2 192512 196608 196608 204800
607 1 286720 290816
196 1 655360 659456
617 2 520192 524288 524288 585728
153 1 532480 532992
542 1 323584 327680
341 1 65536 73728
535 1 466944 475136
542 1 630784 638976
542 1 569344 573440
542 1 557056 561152
12 1 513536 514560
659 1 749568 770048
94 1 507904 512000
360 1 552448 553472
319 1 270336 274432
17 1 126976 131072
470 1 109056 109568
751 1 658944 659968
32 1 402944 403968
769 1 393216 397312
110 1 614400 618496
299 1 651264 655360
871 1 614400 618496
0 1 614400 622592
669 1 311296 323584
542 1 270336 274432
593 1 274432 278528
945 1 344064 352256
565 1 483328 503808
716 1 409600 417792
142 1 471040 479232
863 2 245760 262144 262144 282624
863 1 303104 307200
685 1 749568 753664
535 1 532480 536576
639 1 143360 147456
0 1 421888 442368
468 1 249856 258048
846 1 458752 462848
639 1 131072 135168
750 1 24576 28672
0 1 421888 438272
259 1 565248 569344
259 1 552960 557056
259 1 663552 667648
750 1 176128 180224
468 1 176128 192512
259 1 647168 651264
259 1 614400 618496
259 1 684032 688128
316 1 270336 274432
316 1 323584 327680
316 1 475136 479232
316 1 425984 430080
130 1 716800 720896
537 1 425984 430080
779 1 491520 495616
552 2 323584 327680 327680 331776
882 1 679936 684032
324 1 577536 581632
552 1 339968 344064
132 1 765952 774144
951 1 724992 733184
815 1 655360 659456
951 1 733184 737280
578 1 438272 439808
247 1 143360 167936
951 1 737280 770048
369 1 688128 692224
266 1 757760 761856
112 2 720384 720896 720896 724480
363 1 651264 655360
122 2 523776 524288 524288 527872
193 1 720896 729088
493 1 94208 98304
47 1 626688 630784
186 1 225280 229376
462 1 606208 610304
504 1 487424 491520
839 1 622592 651264
996 5 520704 524288 524288 589824 589824 655360 655360 720896 720896 786432
997 4 0 65536 65536 131072 131072 196608 196608 237568
571 1 151552 159744
76 2 434688 458752 458752 499712
201 1 49152 65536
88 1 622592 626688
88 1 630784 643072
77 2 172032 196608 196608 237568
55 1 528384 532480
107 1 159744 167936
316 1 372736 376832
698 1 69632 73728
474 1 610304 614400
934 1 757760 761856
836 1 634880 638976
857 1 393216 397312
408 2 520192 524288 524288 528384
255 1 450560 454656
60 1 327680 331776
839 1 655360 659456
677 1 466944 471040
535 1 466944 475136
980 1 225280 229376
259 1 36864 61440
156 1 172032 180224
193 1 98304 102400
156 1 159744 167936
839 1 565248 569344
201 1 147456 151552
851 1 212992 258048
542 1 204800 208896
542 1 278528 286720
658 4 262144 327680 327680 393216 393216 458752 458752 516096
542 1 196608 200704
657 4 524288 589824 589824 655360 655360 720896 720896 786432
658 4 0 65536 65536 131072 131072 196608 196608 262144
900 1 503808 507904
542 1 217088 225280
732 3 401408 458752 458752 524288 524288 589824
731 1 180224 182272
836 1 339968 341504
667 1 262144 327680
542 1 286720 290816
900 1 503808 507904
542 1 221184 225280
732 3 589824 655360 655360 720896 720896 786432
733 2 0 65536 65536 131072
14 1 643072 647168
82 2 598016 655360 655360 663552
881 1 286720 303104
270 1 57344 61440
669 1 720896 729088
40 1 184320 188416
45 1 438272 442368
542 1 278528 286720
785 1 765952 770048
785 1 741376 745472
785 1 778240 786432
786 1 0 4096
535 1 520192 524288
377 1 638976 643072
455 1 647168 651264
535 2 585728 589824 589824 593920
535 1 524288 532480
305 1 348160 352256
535 1 593920 598016
21 1 692224 696320
535 1 528384 532480
110 1 196608 212992
305 1 348160 352256
21 1 757760 765952
211 1 131072 196608
535 1 532480 536576
285 2 441856 458752 458752 466432
377 1 638976 643072
455 1 647168 651264
758 2 655360 720896 720896 786432
759 3 0 65536 65536 131072 131072 151552
758 1 368640 393216
759 1 409600 421888
759 1 458752 466944
960 1 94208 98304
960 1 94208 98304
542 1 270336 274432
565 1 614400 634880
565 1 634880 638976
565 1 671744 679936
542 1 204800 208896
415 1 458752 462848
225 1 643072 647168
672 1 61440 65536
743 1 221184 225280
226 1 778240 779264
668 1 638976 643072
437 1 188416 196608
356 1 524288 528384
992 1 98304 102400
220 1 225280 229376
419 1 53248 58368
653 1 491520 495616
748 1 598016 602112
360 1 553472 554496
440 1 475136 483328
783 2 258048 262144 262144 270336
634 1 380928 385024
320 2 495616 524288 524288 552960
815 1 655360 659456
12 1 514560 515072
20 1 53248 54272
470 1 110080 110592
660 1 45056 49152
725 1 364544 368640
32 1 403968 404992
20 1 54272 54784
751 1 659968 660992
320 1 552960 557056
914 1 204800 225280
142 1 647168 651264
159 1 512000 516096
159 1 774144 778240
203 1 192512 196608
203 1 344064 348160
344 1 507904 512000
92 1 278528 282624
92 1 266240 270336
800 1 643072 651264
241 1 12288 16384
731 1 655360 663552
97 1 536576 569344
186 1 618496 622592
186 1 593920 598016
186 1 737280 741376
188 1 753664 757760
187 1 217088 221184
295 1 724992 733184
92 1 8192 12288
211 1 409600 413696
63 1 675840 688128
63 1 688128 692224
236 1 327680 331776
16 1 471040 479232
259 1 348160 352256
211 1 409600 413696
88 1 737280 741376
102 1 540672 544768
236 1 327680 331776
63 1 692224 704512
98 1 319488 327680
16 1 540672 544768
63 1 704512 708608
236 1 327680 331776
16 1 475136 479232
236 1 327680 331776
16 1 540672 544768
259 1 348160 352256
236 1 327680 331776
193 1 729088 733184
848 1 741376 741888
519 1 503808 507904
106 1 290816 294912
99 1 389120 393216
99 1 327680 331776
310 1 749568 753664
311 1 53248 57344
963 1 335872 339968
963 1 352256 356352
685 1 757760 761856
271 1 364544 368640
863 1 286720 290816
103 1 40960 45056
542 1 274432 278528
750 1 503808 507904
863 1 294912 299008
618 1 458752 462848
128 1 299008 311296
103 1 49152 53248
618 2 192512 196608 196608 258048
0 1 393216 397312
341 1 73728 77824
618 2 651264 655360 655360 716800
535 1 536576 544768
607 1 286720 290816
619 2 585728 589824 589824 651264
542 1 262144 266240
151 1 507904 516096
863 1 139264 143360
620 2 323584 327680 327680 371200
45 1 94208 110592
922 1 389120 393216
307 1 198144 198656
16 1 536576 540672
16 1 163840 166912
195 1 180224 184320
994 1 110592 114688
542 1 270336 274432
994 1 323584 327680
583 1 307200 311296
960 1 45056 49152
994 1 602112 606208
802 1 442368 446464
775 1 516096 520192
447 1 57344 61440
413 1 614400 618496
666 1 655360 659456
641 1 229376 233472
662 1 561152 565248
616 1 40960 49152
150 1 286720 294912
78 2 40960 65536 65536 106496
716 1 380928 389120
997 5 274944 327680 327680 393216 393216 458752 458752 524288 524288 565248
533 1 331776 344064
78 1 630784 645632
355 1 4096 8192
911 1 700416 704512
916 1 442368 446464
845 1 229376 233472
916 1 507904 512000
224 1 188416 192512
49 1 512000 516096
955 1 286720 290816
51 1 16384 24576
187 1 237568 249856
694 1 4096 16384
178 1 507904 512000
181 1 438272 442368
183 1 73728 77824
181 1 487424 491520
178 1 516096 520192
178 1 16384 20480
181 1 16384 20480
181 1 761856 765952
419 1 299008 303104
183 1 241664 245760
282 1 704512 708608
183 1 122880 126976
418 1 229376 233472
282 1 696320 700416
279 1 430080 434176
297 1 389120 393216
752 1 102400 106496
114 1 208896 212992
839 1 651264 655360
186 1 229376 233472
504 1 327680 331776
146 1 262144 294912
630 1 217088 221184
116 1 749568 753664
896 1 606208 614400
668 1 647168 655360
438 1 393216 413696
8 2 651264 655360 655360 675840
903 1 307200 319488
285 1 294912 299008
918 1 585728 589824
55 1 532480 536576
568 1 196608 200704
907 1 520192 524288
125 1 270336 274432
557 1 327680 331776
907 1 528384 536576
941 1 102400 106496
713 1 217088 221184
908 1 180224 184320
903 1 380928 385024
910 1 544768 548864
23 2 430080 458752 458752 495616
270 1 770048 774144
204 1 266240 274432
32 1 404992 406016
542 1 503808 512000
360 1 554496 555520
465 1 360448 364544
12 1 515072 516096
659 1 765952 774144
32 1 406016 407040
751 1 660992 662016
93 1 520192 524288
360 1 555520 556544
12 1 516096 517120
508 1 700416 704512
320 1 487424 499712
960 1 8192 12288
86 1 98304 102400
918 1 323584 327680
286 1 495616 507904
286 1 507904 512000
195 1 200704 221184
160 1 622592 626688
320 1 491520 495616
286 1 512000 520192
286 1 520192 524288
267 1 675840 692224
320 1 491520 495616
86 1 98304 102400
286 1 524288 536576
286 1 536576 540672
364 1 757760 765952
364 1 765952 770048
813 2 405504 458752 458752 471040
14 1 417792 425984
790 2 712704 720896 720896 737280
814 2 208896 262144 262144 274432
786 1 360448 368640
815 2 143360 196608 196608 208896
857 1 270336 282624
815 2 667648 720896 720896 733184
857 1 778240 786432
858 1 0 4096
858 1 40960 61440
816 2 339968 393216 393216 393728
858 1 98304 118784
858 1 155648 163840
816 1 393728 405504
858 1 172032 176128
504 1 262144 265728
817 2 344064 393216 393216 409600
856 1 393216 442368
849 2 258048 262144 262144 323584
853 3 585728 589824 589824 655360 655360 667648
855 3 303104 327680 327680 393216 393216 450560
673 2 663552 720896 720896 786432
674 6 0 65536 65536 131072 131072 196608 196608 262144 262144 327680 327680 335872
825 1 262144 270336
29 1 520192 524288
494 9 238080 262144 262144 327680 327680 393216 393216 458752 458752 524288 524288 589824 589824 655360 655360 720896 720896 762368
674 6 442368 458752 458752 524288 524288 589824 589824 655360 655360 720896 720896 786432
675 3 0 65536 65536 131072 131072 180224
494 1 762368 786432
495 8 0 65536 65536 131072 131072 196608 196608 262144 262144 327680 327680 393216 393216 458752 458752 500224
675 9 180224 196608 196608 262144 262144 327680 327680 393216 393216 458752 458752 524288 524288 589824 589824 655360 655360 704512
675 2 704512 720896 720896 786432
676 7 0 65536 65536 131072 131072 196608 196608 262144 262144 327680 327680 393216 393216 442368
993 1 94208 114688
24 2 573440 589824 589824 610304
856 1 626688 630784
676 6 442368 458752 458752 524288 524288 589824 589824 655360 655360 720896 720896 749568
215 3 589824 655360 655360 720896 720896 786432
216 1 0 20480
496 1 458752 466944
689 5 463360 524288 524288 589824 589824 655360 655360 720896 720896 786432
690 4 0 65536 65536 131072 131072 196608 196608 201216
618 1 466944 471040
971 2 126976 131072 131072 184320
367 1 204800 206848
119 1 491520 495616
103 1 57344 61440
691 1 413696 421888
565 1 503808 507904
535 1 471040 495616
565 1 540672 548864
691 1 430080 438272
844 1 233472 245760
542 1 204800 208896
534 1 675840 676864
335 1 704512 708608
480 1 348160 351744
14 1 630784 634880
378 1 778240 782336
855 1 249856 253952
938 1 290816 294912
834 1 475136 479232
162 1 163840 167936
415 1 462848 495616
335 1 770048 774144
307 1 198144 199168
937 1 471040 475136
16 1 475136 479232
388 1 319488 323584
161 1 651264 655360
53 1 655360 663552
933 1 356352 357376
45 1 110592 131072
668 1 401408 404480
95 1 507904 512000
94 1 679936 684032
654 1 229376 233472
79 1 90112 94208
476 1 102400 106496
718 2 618496 655360 655360 684032
719 4 290816 327680 327680 393216 393216 458752 458752 487424
719 2 684032 720896 720896 745984
719 1 745984 786432
720 2 0 65536 65536 94208
147 1 110592 122880
720 2 552960 589824 589824 602112
720 2 606208 655360 655360 688128
542 1 294912 303104
962 1 503808 507904
720 1 753664 786432
721 1 0 32768
583 1 512000 516096
721 2 98304 131072 131072 163840
152 1 667648 688128
714 1 16384 32768
535 1 475136 479232
151 1 516096 520192
607 1 286720 290816
0 1 393216 397312
146 1 294912 299008
47 1 626688 630784
965 1 602112 606208
193 1 733184 741376
519 1 507904 512000
193 1 741376 745472
493 1 28672 36864
951 1 770048 774144
779 1 495616 520192
541 1 151552 155648
564 1 69632 73728
781 1 757760 770048
247 1 143360 147456
951 1 774144 782336
779 1 520192 524288
951 1 782336 786432
369 1 688128 692224
957 9 118784 131072 131072 196608 196608 262144 262144 327680 327680 393216 393216 458752 458752 524288 524288 589824 589824 643072
984 1 331776 339968
616 1 32768 36864
616 1 151552 155648
534 1 524288 532480
924 2 237568 262144 262144 266240
534 1 536576 544768
984 1 577536 581632
890 1 602112 606208
556 1 45056 57344
161 1 131072 139264
556 1 57344 61440
161 1 98304 102400
160 1 770048 774144
159 1 90112 94208
219 1 741376 745472
221 1 593920 602112
221 1 667648 679936
221 1 372736 376832
207 3 376832 393216 393216 458752 458752 462848
572 1 163840 167936
207 1 462848 466944
161 1 131072 135168
207 1 466944 475136
207 1 475136 479232
739 1 471040 475136
989 1 61440 65536
561 1 32768 45056
535 1 479232 483328
754 1 274432 278528
754 1 299008 303104
150 7 389120 393216 393216 458752 458752 524288 524288 589824 589824 655360 655360 720896 720896 786432
151 2 0 65536 65536 126976
151 7 126976 131072 131072 196608 196608 262144 262144 327680 327680 393216 393216 458752 458752 524288
155 2 655360 720896 720896 782336
205 8 274432 327680 327680 393216 393216 458752 458752 524288 524288 589824 589824 655360 655360 720896 720896 786432
206 1 0 12288
206 9 12288 65536 65536 131072 131072 196608 196608 262144 262144 327680 327680 393216 393216 458752 458752 524288 524288 536576
614 1 262144 266240
79 2 81920 131072 131072 151552
535 1 466944 471040
206 4 536576 589824 589824 655360 655360 720896 720896 786432
207 5 0 65536 65536 131072 131072 196608 196608 262144 262144 274432
207 8 274432 327680 327680 393216 393216 458752 458752 524288 524288 589824 589824 655360 655360 720896 720896 786432
208 1 0 12288
535 1 462848 466944
608 3 479232 524288 524288 589824 589824 655360
946 1 610304 630784
243 1 598016 610304
715 1 765952 782336
49 2 344064 393216 393216 409600
50 1 163840 188416
49 2 409600 458752 458752 487936
716 1 708608 716800
149 1 745472 749568
526 1 385024 389120
88 1 667648 671744
88 1 675840 684032
458 1 94208 95744
627 1 749568 753664
542 1 286720 290816
746 2 655360 720896 720896 786432
747 6 0 65536 65536 131072 131072 196608 196608 262144 262144 327680 327680 335872
407 1 524288 527872
139 1 118784 122880
357 1 438272 442368
309 1 524288 528384
267 1 675840 677376
627 1 741376 745472
239 1 475136 479232
357 1 413696 421888
232 1 204800 208896
542 1 221184 233472
141 1 335872 339968
692 4 270336 327680 327680 393216 393216 458752 458752 524288
296 1 73728 77824
448 1 12288 16384
542 1 294912 299008
53 1 90112 94208
408 1 528384 532480
114 2 585728 589824 589824 606208
571 1 421888 425984
114 1 499712 503808
169 1 90112 98304
535 1 589824 598016
556 1 323584 327680
846 1 458752 462848
477 1 94208 98816
299 1 438272 442368
689 1 81920 86016
169 1 106496 110592
567 1 102400 118784
408 1 532480 540672
533 1 258048 262144
169 1 12288 24576
671 1 724992 753152
336 1 122880 131072
32 1 407040 408064
815 1 659456 663552
751 1 662016 663040
360 1 556544 557568
299 1 651264 655360
12 1 517120 518144
542 1 573440 577536
32 1 408064 409088
660 1 49152 53248
213 1 733696 786432
214 8 0 65536 65536 131072 131072 196608 196608 262144 262144 327680 327680 393216 393216 458752 458752 471552
978 1 778752 786432
979 8 0 65536 65536 131072 131072 196608 196608 262144 262144 327680 327680 393216 393216 458752 458752 516608
90 1 73728 77824
993 1 475136 495616
32 1 253952 262144
294 1 544768 552960
294 1 552960 557056
993 1 495616 499712
214 5 471552 524288 524288 589824 589824 655360 655360 720896 720896 786432
215 4 0 65536 65536 131072 131072 196608 196608 209408
979 5 516608 524288 524288 589824 589824 655360 655360 720896 720896 786432
980 4 0 65536 65536 131072 131072 196608 196608 254464
215 9 209408 262144 262144 327680 327680 393216 393216 458752 458752 524288 524288 589824 589824 655360 655360 720896 720896 733696
980 9 254464 262144 262144 327680 327680 393216 393216 458752 458752 524288 524288 589824 589824 655360 655360 720896 720896 778752
980 1 778752 786432
981 2 0 65536 65536 98304
655 1 307200 323584
63 1 684032 700416
971 1 126976 131072
535 1 557056 561152
497 2 122880 131072 131072 151552
839 2 577536 589824 589824 602112
142 1 475136 483328
847 1 348160 352256
817 1 184320 196608
622 1 667648 671744
542 1 208896 212992
652 1 438272 442368
622 1 667648 675840
307 1 198656 199680
54 1 139264 196608
16 1 524288 528384
16 1 540672 544768
45 1 106496 126976
845 1 737280 741376
104 1 507904 512000
107 1 278528 282624
693 1 606208 626688
885 1 258048 262144
535 1 532480 536576
901 1 299008 303104
905 1 360448 364544
48 1 495616 512000
941 1 274432 278528
915 1 90112 94208
939 1 102400 106496
909 1 684032 688128
924 1 348160 352256
60 1 536576 540672
920 1 282624 290816
946 1 548864 552960
832 1 692224 700416
256 1 270848 286720
256 1 352256 375296
964 1 45056 46080
669 1 729088 741376
923 1 782848 783360
773 1 606208 610304
516 1 348160 349696
343 1 782336 786432
344 1 0 4096
344 1 4096 8192
463 1 397312 421888
535 1 466944 471040
378 1 372736 385024
967 1 761856 786432
968 1 0 36864
378 1 393216 401408
378 1 471040 507904
922 1 458752 462848
535 1 462848 466944
935 1 741376 745472
504 1 487424 495616
504 1 327680 331776
493 1 196608 200704
146 1 299008 327680
857 1 221184 225280
207 1 364544 368640
857 1 233472 245760
214 1 733184 741376
415 1 495616 499712
901 1 741376 745472
0 1 438272 458752
535 1 466944 471040
392 1 516096 520192
146 1 761856 765952
68 1 139264 151552
815 1 659456 663552
447 1 368640 371712
815 1 655360 659456
367 1 98304 102400
815 1 659456 663552
880 1 36864 40960
880 1 61440 65536
815 1 655360 659456
117 1 729088 733184
392 1 286720 294912
117 1 737280 745472
392 1 356352 360448
408 1 200704 204800
862 1 16384 20480
888 1 200704 212992
16 1 475136 479232
211 1 409600 413696
63 1 708608 720896
169 1 262144 282624
236 1 327680 331776
16 1 540672 544768
169 1 282624 286720
214 1 299008 303104
259 1 348160 360448
123 1 651264 655360
16 1 475136 491520
211 1 409600 413696
169 1 286720 327680
394 1 557056 561152
214 1 299008 303104
124 1 131072 135168
16 1 552960 557056
412 1 233472 237568
963 1 479232 483328
535 1 540672 548864
963 1 483328 487424
607 1 286720 290816
520 1 335872 339968
957 1 192512 196608
863 1 139264 143360
542 1 262144 266240
17 1 196608 204800
751 1 663040 664064
360 1 557568 558592
280 1 491520 520192
305 1 203264 203776
623 1 36864 40960
613 1 487424 491520
12 1 518144 519168
623 1 45056 49152
815 1 655360 659456
93 1 524288 528384
751 1 664064 665088
360 1 558592 559616
552 1 339968 344064
957 3 643072 655360 655360 720896 720896 786432
958 6 0 65536 65536 131072 131072 196608 196608 262144 262144 327680 327680 380928
443 1 782336 783872
882 1 679936 684032
958 7 380928 393216 393216 458752 458752 524288 524288 589824 589824 655360 655360 720896 720896 786432
959 2 0 65536 65536 118784
324 1 577536 581632
541 1 180224 188416
552 2 323584 327680 327680 331776
817 1 368640 372736
959 9 118784 131072 131072 196608 196608 262144 262144 327680 327680 393216 393216 458752 458752 524288 524288 589824 589824 643072
779 1 524288 532480
952 1 0 8192
970 1 733184 736256
779 1 532480 536576
546 2 688128 720896 720896 786432
547 7 0 65536 65536 131072 131072 196608 196608 262144 262144 327680 327680 393216 393216 425984
548 9 163840 196608 196608 262144 262144 327680 327680 393216 393216 458752 458752 524288 524288 589824 589824 655360 655360 688128
548 2 688128 720896 720896 786432
549 6 0 65536 65536 131072 131072 196608 196608 262144 262144 327680 327680 393216
536 1 65536 94208
93 1 344064 364544
536 1 94208 98304
232 1 126976 128000
93 1 364544 376832
535 1 471040 479232
53 1 724992 737280
328 1 352256 356352
328 1 643072 651264
328 1 688128 692224
328 1 675840 679936
328 1 667648 671744
256 1 393216 397312
328 1 696320 704512
992 1 602112 606208
705 1 425984 430080
132 1 167936 172032
393 1 40960 45056
29 1 331776 335872
79 1 225280 229376
75 1 307200 323584
79 1 233472 237568
76 2 581632 589824 589824 598016
951 1 516096 520192
173 1 700416 704512
173 1 733184 737280
173 1 708608 720896
174 1 77824 81920
173 1 770048 774144
373 1 491520 495616
533 1 229376 233472
286 1 368640 369152
533 1 331776 335872
922 1 589824 655360
338 1 282624 286720
286 1 364544 368640
99 1 327680 393216
373 1 294912 299008
951 1 782336 786432
96 1 49152 57344
542 1 270336 282624
640 1 450560 454656
142 1 299008 319488
882 2 425984 458752 458752 491520
709 1 483328 487424
887 2 692224 720896 720896 757760
922 1 471040 475136
893 2 204800 262144 262144 270336
898 2 471040 524288 524288 536576
842 1 499712 503808
903 1 737280 786432
904 1 0 16384
864 1 737280 765952
909 2 217088 262144 262144 282624
914 2 483328 524288 524288 548864
919 1 749568 786432
920 1 0 28672
709 1 483328 487424
922 1 405504 409600
925 2 200704 262144 262144 266240
930 2 495616 524288 524288 561152
50 2 188416 196608 196608 250368
230 1 495616 507904
716 1 675840 679936
716 1 192512 196608
716 1 229376 233472
49 5 487936 524288 524288 589824 589824 655360 655360 720896 720896 786432
50 3 0 65536 65536 131072 131072 163840
947 1 499712 512000
55 1 528384 532480
652 1 425984 430080
716 1 684032 688128
230 1 643072 647168
88 1 598016 606208
302 1 393216 413696
95 1 385024 389120
922 1 389120 393216
542 1 270336 274432
815 1 659456 663552
840 1 0 53248
840 1 53248 57344
325 1 221184 245760
561 1 675840 692224
68 1 282624 327680
535 1 532480 536576
307 1 199168 203776
887 1 598016 614400
16 1 475136 479232
887 1 614400 618496
867 1 233472 241664
937 1 188416 192512
962 1 143360 147456
307 1 203264 204288
925 1 393216 397312
43 1 274432 307200
870 1 577536 581632
829 1 221184 233472
704 1 745472 753664
864 1 675840 696320
705 1 49152 53248
223 1 327680 348160
990 1 147456 151552
439 1 73728 77824
142 1 479232 487424
847 1 94208 98304
720 1 614400 622592
560 1 765952 770048
542 1 274432 278528
388 1 589824 593920
408 1 540672 544768
114 1 626688 638976
0 1 438272 458752
336 1 131072 135168
399 1 184320 188416
535 1 536576 544768
114 1 225280 258048
957 1 643072 651264
106 1 208896 209408
191 1 90112 94208
810 1 147456 151552
175 1 610304 614400
114 1 479232 491520
846 1 458752 466944
151 1 359936 384512
175 1 454656 458752
408 1 544768 552960
571 1 143360 146944
363 1 709632 710144
64 1 417792 421888
659 1 770048 774144
815 1 651264 655360
305 1 203776 204288
710 1 208896 212992
182 1 98304 98816
542 1 270336 274432
141 1 450560 454656
133 1 634880 638976
330 1 770048 774144
695 1 471040 475136
330 1 573440 577536
855 1 647168 651264
699 1 196608 200704
552 1 573440 577536
855 1 659456 663552
40 1 131072 135168
546 1 512000 516096
858 1 16384 20480
186 1 507904 512000
528 1 376832 380928
865 1 487424 491520
447 1 380928 389120
872 1 319488 323584
872 1 110592 114688
872 1 626688 630784
872 1 491520 495616
848 8 303104 327680 327680 393216 393216 458752 458752 524288 524288 589824 589824 655360 655360 720896 720896 786432
849 1 0 40960
924 1 434176 438272
223 1 507904 512000
633 1 253952 258048
849 9 40960 65536 65536 131072 131072 196608 196608 262144 262144 327680 327680 393216 393216 458752 458752 524288 524288 565248
285 1 634880 638976
594 1 643072 647168
453 1 651264 655360
266 1 176128 184320
225 1 634880 638976
243 1 479232 483328
8 1 651264 655360
350 1 487424 516096
218 1 712704 720896
415 1 499712 507904
561 1 262144 266240
28 1 208896 212992
561 1 270336 274432
323 1 491520 495616
28 1 45056 49152
631 1 724992 729088
634 1 782336 786432
634 1 630784 634880
631 1 712704 716800
636 1 49152 53248
633 1 135168 139264
633 1 69632 73728
621 1 581632 585728
635 1 147456 151552
682 1 401408 405504
132 1 135168 139264
132 1 159744 163840
661 1 307200 311296
131 1 565248 569344
132 1 536576 540672
302 1 413696 421888
478 1 49152 53248
648 1 589824 593920
21 1 323584 327680
720 1 581632 585728
965 1 655360 659456
703 1 24576 28672
616 1 655360 659456
816 1 548864 552960
86 1 307200 315392
618 1 495616 499712
730 1 28672 32768
618 1 446464 450560
751 1 196608 200704
547 1 700416 704512
725 1 536576 540672
547 1 647168 651264
547 1 610304 614400
550 1 602112 606208
550 1 552960 557056
332 1 106496 109568
913 1 306688 310784
561 1 245760 262144
535 1 532480 536576
658 1 73728 94208
794 1 4096 8192
895 1 782336 784896
50 7 250368 262144 262144 327680 327680 393216 393216 458752 458752 524288 524288 589824 589824 606208
709 1 303104 307200
907 1 344064 348160
114 1 327680 348160
855 1 270336 278528
55 1 532480 536576
85 1 684032 688128
908 1 159744 163840
708 1 557056 561152
855 1 278528 282624
658 3 114688 131072 131072 196608 196608 217600
547 1 749568 753664
398 1 151552 155648
548 1 65536 69632
548 1 114688 118784
550 1 651264 655360
548 1 12288 16384
550 1 499712 503808
447 1 663552 667648
908 1 217088 221184
551 1 446464 450560
551 1 28672 32768
551 1 225280 229376
873 1 172032 180224
873 1 159744 167936
872 1 770048 774144
749 1 45056 53248
447 1 389120 393216
399 1 356352 360448
399 1 225280 229376
873 1 516096 520192
132 1 450560 454656
132 1 106496 110592
133 1 53248 57344
656 2 122880 131072 131072 143360
132 1 221184 225280
132 1 368640 372736
133 1 503808 507904
132 1 598016 602112
547 1 380928 385024
548 1 643072 647168
238 1 655360 659456
308 1 155648 159744
538 1 372736 376832
308 1 495616 499712
436 1 659456 663552
317 1 122880 126976
345 1 32768 36864
348 1 20480 24576
391 1 32768 36864
535 1 479232 483328
520 1 573440 577536
521 1 135168 139264
121 1 618496 622592
354 1 479232 483328
773 1 552960 553984
520 1 724992 729088
135 1 20480 24576
607 1 286720 290816
704 1 86016 90112
774 1 380928 393216
695 1 303104 307200
773 1 548864 552960
755 1 65536 69632
0 1 393216 397312
17 1 188416 188928
535 1 466944 471040
406 1 536576 540672
406 1 585728 589824
535 1 532480 540672
183 1 135168 139264
110 1 212992 233472
535 1 471040 479232
21 1 696320 704512
535 1 540672 544768
469 1 557056 565248
183 1 135168 139264
535 1 475136 479232
766 1 561152 565248
204 1 200704 204800
469 1 565248 569344
167 1 434176 442368
259 1 544768 548864
711 2 651264 655360 655360 679936
711 1 679936 684032
542 1 208896 217088
702 1 520192 524288
488 1 442368 446464
488 1 446464 450560
488 1 450560 454656
107 1 450560 458752
848 1 573440 585728
961 1 8192 12288
5 1 569344 577536
926 1 475136 483328
923 1 380928 389120
791 1 176128 180224
535 1 491520 495616
594 1 315392 319488
817 2 57344 65536 65536 73728
864 1 778240 786432
865 1 0 4096
225 1 425472 429568
412 1 495104 499200
459 1 73216 77312
442 1 67072 68096
218 1 724992 733184
350 1 516096 520192
857 6 81920 131072 131072 196608 196608 262144 262144 327680 327680 393216 393216 409600
856 7 344064 393216 393216 458752 458752 524288 524288 589824 589824 655360 655360 720896 720896 786432
857 2 0 65536 65536 81920
218 1 741376 745472
347 1 270336 274432
388 1 364544 368640
318 1 180224 184320
390 1 356352 360448
347 1 618496 622592
404 1 90112 94208
391 1 299008 303104
403 1 364544 368640
461 1 491520 495616
404 1 544768 548864
473 1 32768 36864
909 1 233472 237568
405 2 585728 589824 589824 593920
562 1 176128 184320
562 1 204800 208896
305 1 671744 675840
305 1 724992 729088
302 1 770048 774144
360 1 745472 749568
656 1 704512 708608
561 1 16384 32768
68 1 327680 331776
542 1 270336 274432
535 1 466944 475136
670 1 323584 327680
311 1 749568 753664
987 1 151552 163840
905 1 655360 659456
53 1 679936 684032
19 1 171520 175616
14 1 364032 368128
91 1 617984 622080
370 1 683520 687616
370 1 691712 695808
11 1 101888 110080
371 1 622080 626176
371 1 515584 519680
772 1 40448 44544
374 1 527872 531968
986 1 638464 642560
144 1 380416 384512
38 1 491008 495104
987 1 28160 32256
61 1 52736 56832
232 1 196608 204800
32 1 483328 487424
308 1 352256 360448
455 1 348160 352256
565 1 483328 499712
389 1 77824 86016
142 1 61440 65536
140 1 294912 299008
305 1 204288 221184
587 1 712704 716288
495 1 667648 671744
470 1 111104 111616
55 1 434176 438272
268 1 417792 421888
710 1 208896 212992
542 1 507904 512000
542 1 229376 233472
251 1 225280 229376
542 1 204800 208896
182 1 106496 107008
175 1 565248 569344
229 1 159744 167936
151 1 384512 388608
75 1 200704 204800
75 1 208896 212992
350 1 176128 180224
936 1 221184 225280
398 1 12288 16384
776 1 61440 65536
981 1 376832 380928
350 1 495616 499712
959 1 65536 73728
408 1 352256 360448
114 1 610304 614400
408 1 552960 557056
69 2 630784 655360 655360 696320
252 1 217088 245760
69 1 696320 700416
952 1 8192 12288
817 1 524288 524800
369 1 688128 692224
817 1 524800 525312
565 1 696320 716800
266 1 757760 761856
817 1 525312 529408
247 1 167936 192512
373 1 720896 737280
779 1 536576 548864
705 1 12288 16384
306 1 184320 188416
705 1 40960 45056
643 1 364544 368640
309 1 528384 532480
705 1 53248 57344
557 1 634880 638976
85 1 53248 57344
899 1 581632 585728
555 1 176128 180224
557 1 651264 655360
565 1 466944 471040
578 1 696320 700416
587 1 618496 622592
580 1 106496 110592
581 1 282624 286720
688 1 573440 577536
588 2 716800 720896 720896 724992
24 1 679936 684032
588 1 708608 712704
118 1 24576 32768
118 1 36864 40960
130 1 761856 770048
55 1 643072 647168
147 1 208896 221184
282 1 135168 139264
131 1 45056 49152
782 1 57344 61440
938 1 692224 696320
704 1 200704 204800
161 1 602112 606208
299 1 364544 368640
648 1 585728 589824
938 1 700416 708608
672 1 491520 495616
703 1 188416 196608
39 1 135168 139264
39 2 454656 458752 458752 462848
704 1 65536 77824
887 1 651264 655360
542 1 204800 208896
888 1 94208 102400
553 1 0 4096
692 3 589824 655360 655360 720896 720896 786432
693 2 0 65536 65536 131072
105 1 528896 529408
406 1 696320 704512
542 1 229376 233472
406 1 704512 708608
296 1 73728 77824
542 1 294912 299008
698 4 524288 589824 589824 655360 655360 720896 720896 786432
699 4 0 65536 65536 131072 131072 196608 196608 204800
868 2 520192 524288 524288 536576
14 1 352256 356352
109 1 499712 503808
699 3 204800 262144 262144 327680 327680 393216
356 2 389120 393216 393216 413696
14 1 643072 647168
270 1 57344 61440
770 1 458752 524288
356 1 413696 417792
542 1 229376 233472
721 3 557056 589824 589824 655360 655360 684544
583 1 512000 520192
535 1 532480 536576
613 1 589824 593920
721 1 684544 688128
722 2 688640 720896 720896 753664
583 1 512000 516096
735 2 212992 262144 262144 278528
721 1 753664 786432
722 3 0 65536 65536 131072 131072 163840
735 2 409600 458752 458752 471552
722 2 622592 655360 655360 688640
735 2 668160 720896 720896 737280
50 1 49152 50176
915 1 462848 466944
737 1 741376 786432
738 4 0 65536 65536 131072 131072 196608 196608 217088
341 1 364544 368640
738 2 348160 393216 393216 413696
738 3 610304 655360 655360 720896 720896 737792
738 1 737792 741376
16 1 540672 544768
542 1 204800 208896
925 1 319488 323584
7 1 217088 225280
43 1 307200 311296
565 1 483328 503808
451 1 282624 287232
121 2 716800 720896 720896 733184
680 1 425984 429568
670 1 126976 131072
394 1 114688 122880
576 1 364544 367616
456 1 630784 634880
542 1 270336 282624
365 1 458752 466944
670 1 589824 606208
823 1 483328 503808
542 1 270336 274432
581 1 712704 716800
789 2 290816 327680 327680 339968
725 1 483328 495616
789 1 339968 344064
121 1 733184 753664
670 1 258048 262144
415 1 507904 512000
521 1 221184 225280
218 1 749568 757760
442 1 68096 69120
107 1 221184 225280
858 1 184320 188416
858 1 200704 204800
818 2 147456 196608 196608 212992
792 1 335872 344064
818 1 737280 786432
819 1 0 16384
792 1 352256 356352
819 2 540672 589824 589824 606208
14 1 425984 458752
825 2 671744 720896 720896 737280
826 1 344064 347648
857 6 327680 393216 393216 458752 458752 524288 524288 589824 589824 655360 655360 720896
205 1 114688 131072
176 1 520192 524288
16 1 0 65536
857 1 720896 778240
467 1 90112 98304
152 1 65536 69632
118 1 98304 102400
196 1 655360 659456
180 1 684032 688128
152 1 389120 393216
607 1 286720 290816
535 1 544768 548864
448 1 622592 626688
542 1 262144 270336
619 1 765952 770048
55 1 528384 532480
854 1 663552 667648
976 1 471040 483328
654 1 770048 778240
55 1 532480 536576
340 1 688128 692224
55 1 528384 532480
94 1 409600 417792
658 8 283136 327680 327680 393216 393216 458752 458752 524288 524288 589824 589824 655360 655360 720896 720896 786432
659 1 0 20992
709 1 32768 36864
709 1 32768 36864
561 1 40960 57344
257 1 122880 126976
419 1 237568 241664
987 1 548864 552960
987 1 188416 192512
87 1 331776 356352
87 1 356352 360448
562 2 716800 720896 720896 724992
535 1 557056 561152
446 1 159744 196608
923 1 372736 376832
482 1 262144 266240
535 1 491520 495616
162 1 290816 294912
271 2 376832 393216 393216 401408
225 1 425472 433664
535 1 557056 565248
412 1 495104 503296
459 1 73216 81408
162 1 299008 307200
358 1 393216 405504
730 2 61440 65536 65536 81920
513 1 692224 696320
44 1 552960 557056
83 1 651264 652288
91 1 774144 778240
655 2 454656 458752 458752 471040
112 2 712704 720896 720896 733184
542 1 212992 217088
913 1 503808 507392
913 1 499712 503808
565 1 483328 499712
666 1 311296 327680
815 2 606208 655360 655360 675840
881 1 225280 229376
535 1 466944 471040
539 1 344064 348160
250 1 253952 262144
57 1 73728 81920
539 1 360448 364544
710 1 208896 212992
660 1 49152 53248
542 1 270336 274432
257 1 77824 86016
612 1 761856 778240
335 1 204800 217088
250 1 225280 229376
916 1 446464 450560
71 1 729088 741376
22 1 389120 389632
112 2 368640 393216 393216 402432
227 1 720896 786432
228 2 0 65536 65536 69632
320 1 491520 495616
86 1 98304 102400
286 1 540672 552960
195 1 221184 233472
286 1 552960 557056
91 1 770048 774144
91 1 700416 704512
320 1 491520 495616
86 1 98304 102400
286 1 557056 569344
286 1 569344 573440
320 1 491520 495616
286 1 573440 589824
632 1 704512 716800
86 1 98304 106496
286 1 655360 675840
817 1 529408 533504
952 1 12288 28672
30 1 262144 266240
79 1 454656 457216
197 1 126976 131072
542 1 212992 221184
850 1 737280 741376
542 1 270336 274432
702 1 716800 720896
703 1 327680 339968
61 1 110592 118784
61 1 118784 122880
922 1 53248 57344
659 1 344064 389120
308 5 368640 393216 393216 458752 458752 524288 524288 589824 589824 614400
121 1 16384 36864
542 1 204800 208896
389 1 86016 90112
542 1 270336 274432
455 2 352256 393216 393216 458752
866 1 471040 475136
394 1 557056 565248
309 1 458752 466944
394 1 565248 569344
535 1 487424 499712
310 1 430080 458752
542 1 196608 200704
311 2 98304 131072 131072 135168
121 1 36864 57344
334 2 634880 655360 655360 700416
827 1 131072 132096
27 1 196608 197120
22 1 397312 397824
36 1 438272 442368
466 1 561152 569344
59 1 102400 106496
810 1 32768 36864
43 1 184320 188416
38 1 479232 483328
467 1 24576 28672
892 1 208896 212992
922 1 430080 434176
857 1 737280 786432
858 3 0 65536 65536 131072 131072 147456
889 1 540672 544768
126 1 241664 245760
889 1 573440 577536
218 1 761856 770048
126 1 180224 184320
889 1 552960 557056
415 1 512000 520192
135 1 524288 544768
642 1 610304 614400
415 1 520192 524288
442 1 69120 69632
815 1 651264 655360
695 1 554496 555008
695 1 555008 555520
695 1 555008 555520
695 1 555520 556032
695 1 555520 556032
695 1 556032 556544
695 1 556032 556544
251 1 221184 229376
710 1 208896 212992
659 1 770048 778240
257 1 94208 110592
363 1 711680 712192
71 1 741376 745472
542 1 204800 208896
526 1 221184 229376
526 1 204800 212992
59 1 323584 327680
59 1 110592 114688
931 1 618496 634880
930 1 610304 614400
983 1 712704 716800
39 1 270336 270848
585 1 217088 221184
931 1 65536 69632
39 1 278528 279040
42 1 577536 578560
30 1 278528 282624
42 1 585728 589824
19 1 475136 479232
63 1 745472 746496
59 1 118784 122880
533 1 225280 229376
30 1 544768 548864
84 1 634880 638976
984 1 110592 122880
87 1 110592 114688
307 1 203776 229376
16 1 475136 479232
307 1 227328 237568
92 2 454656 458752 458752 471040
16 1 540672 552960
140 1 245760 249344
670 1 720896 737280
674 1 720896 724992
177 1 442368 450560
177 1 450560 454656
884 1 307200 323584
785 1 389120 393216
622 1 139264 147456
520 1 671744 675840
670 2 36864 65536 65536 110592
669 1 172032 184320
669 1 184320 188416
818 1 360448 360960
41 1 294400 298496
952 1 225280 241664
815 1 659456 663552
344 2 651264 655360 655360 684032
150 1 532480 540672
55 1 532480 536576
149 1 262144 266240
799 1 782336 786432
158 1 237568 241664
949 1 688128 704512
303 1 233472 241664
20 1 49152 53248
16 1 131072 135168
124 1 176128 180224
303 1 241664 245760
158 1 20480 28672
941 2 233472 262144 262144 299008
951 1 782336 786432
952 1 0 61440
962 2 544768 589824 589824 610304
973 2 307200 327680 327680 372736
978 2 573440 589824 589824 638976
984 2 53248 65536 65536 118784
994 2 618496 655360 655360 684032
5 2 380928 393216 393216 430080
12 1 303104 319488
1 1 262144 270336
6 1 659456 663552
6 1 544768 552960
47 2 151552 196608 196608 217088
52 2 417792 458752 458752 483328
88 2 73728 131072 131072 139264
569 1 98304 114688
542 1 270336 278528
426 1 610304 614400
730 1 606208 609280
903 1 344064 348160
904 1 393216 397312
16 1 458752 462848
569 1 114688 131072
105 1 73728 94208
569 1 524288 528384
539 1 118784 122880
438 1 401408 421888
213 1 438272 454656
716 1 749568 753664
561 1 32768 53248
751 1 610304 614400
63 1 720896 729088
751 1 630784 655360
214 1 299008 303104
63 1 729088 733184
884 1 131072 147456
670 1 106496 122880
16 1 487424 491520
214 1 299008 303104
16 1 552960 561152
214 1 299008 303104
16 1 491520 495616
214 1 299008 303104
16 1 557056 561152
670 1 122880 131072
670 1 393216 405504
388 1 106496 110592
888 1 212992 237568
211 1 409600 413696
63 1 733184 757760
981 1 655360 688128
981 7 98304 131072 131072 196608 196608 262144 262144 327680 327680 393216 393216 458752 458752 483840
542 1 270336 278528
215 1 733696 786432
216 8 0 65536 65536 131072 131072 196608 196608 262144 262144 327680 327680 393216 393216 458752 458752 471552
583 1 598016 602112
884 1 552960 589824
981 3 483840 524288 524288 589824 589824 655360
884 1 655360 684032
981 2 688128 720896 720896 786432
982 4 0 65536 65536 131072 131072 196608 196608 254464
542 1 270336 274432
216 5 471552 524288 524288 589824 589824 655360 655360 720896 720896 786432
217 4 0 65536 65536 131072 131072 196608 196608 209408
66 1 663040 667136
113 1 310784 314880
113 1 552448 556544
542 1 200704 204800
982 9 254464 262144 262144 327680 327680 393216 393216 458752 458752 524288 524288 589824 589824 655360 655360 720896 720896 778752
217 8 209408 262144 262144 327680 327680 393216 393216 458752 458752 524288 524288 589824 589824 655360 655360 668160
495 5 500224 524288 524288 589824 589824 655360 655360 720896 720896 786432
496 3 0 65536 65536 131072 131072 164352
216 9 20480 65536 65536 131072 131072 196608 196608 262144 262144 327680 327680 393216 393216 458752 458752 524288 524288 544768
690 9 201216 262144 262144 327680 327680 393216 393216 458752 458752 524288 524288 589824 589824 655360 655360 720896 720896 725504
496 4 229888 262144 262144 327680 327680 393216 393216 458752
216 4 544768 589824 589824 655360 655360 720896 720896 786432
217 5 0 65536 65536 131072 131072 196608 196608 262144 262144 282624
496 5 466944 524288 524288 589824 589824 655360 655360 720896 720896 762368
690 1 725504 765952
217 2 282624 327680 327680 376832
217 4 380928 393216 393216 458752 458752 524288 524288 528384
218 1 294912 319488
496 1 762368 786432
497 8 0 65536 65536 131072 131072 196608 196608 262144 262144 327680 327680 393216 393216 458752 458752 500224
690 1 770048 786432
691 8 0 65536 65536 131072 131072 196608 196608 262144 262144 327680 327680 393216 393216 458752 458752 467456
217 4 557056 589824 589824 655360 655360 720896 720896 786432
218 1 0 28672
218 4 319488 327680 327680 393216 393216 458752 458752 512000
218 5 28672 65536 65536 131072 131072 196608 196608 262144 262144 294912
497 5 500224 524288 524288 589824 589824 655360 655360 720896 720896 786432
498 4 0 65536 65536 131072 131072 196608 196608 238080
691 5 467456 524288 524288 589824 589824 655360 655360 720896 720896 786432
692 4 0 65536 65536 131072 131072 196608 196608 205312
157 1 495616 499712
110 1 274432 278528
909 1 167936 196608
377 1 638976 643072
205 1 692224 696320
455 1 647168 651264
909 1 196608 200704
535 1 540672 544768
535 1 475136 487424
634 1 204800 208896
116 1 528384 536576
626 1 32768 36864
743 1 770048 774144
752 1 651264 655360
734 1 237568 241664
494 1 106496 110592
542 1 204800 212992
243 1 667648 704512
535 1 548864 552960
565 1 483328 503808
821 1 4096 8192
299 2 520192 524288 524288 536576
779 1 548864 552960
895 1 258048 262144
815 1 659456 663552
873 1 614400 618496
561 1 626688 630784
873 1 638976 643072
590 1 409600 446464
16 1 163840 167936
352 1 155648 159744
873 1 598016 602112
764 1 40960 57344
770 1 245760 249856
118 1 32768 36864
781 1 409600 413696
535 1 479232 491520
522 1 442368 446464
866 1 102400 106496
535 1 552960 557056
799 1 241664 245760
922 1 438272 446464
535 1 487424 491520
467 1 98304 102400
808 8 270336 327680 327680 393216 393216 458752 458752 524288 524288 589824 589824 655360 655360 720896 720896 786432
809 1 0 8192
205 1 131072 151552
111 1 376832 380928
807 4 532480 589824 589824 655360 655360 720896 720896 786432
808 5 0 65536 65536 131072 131072 196608 196608 262144 262144 270336
176 1 454656 458752
319 1 192512 196608
532 1 618496 619520
278 1 679936 684032
325 1 241664 245760
505 1 679936 684032
140 1 278528 286720
809 2 532480 589824 589824 598016
153 1 405504 409600
501 1 393216 396800
361 1 581632 585728
809 9 8192 65536 65536 131072 131072 196608 196608 262144 262144 327680 327680 393216 393216 458752 458752 524288 524288 532480
507 1 73728 77824
535 1 466944 471040
658 1 94208 106496
841 1 44032 45056
535 1 532480 540672
565 1 483328 499712
703 1 61440 65536
703 1 339968 344064
703 1 393216 405504
542 1 225280 245760
841 1 44544 46592
250 1 225280 229376
71 1 745472 753664
710 1 208896 217088
825 1 454656 458752
664 1 503808 505856
526 1 98304 106496
526 1 114688 122880
542 1 274432 278528
718 1 479232 483328
424 1 479232 499712
194 1 765952 782336
74 1 61440 65536
545 1 303104 307200
690 1 434176 438272
535 1 495616 499712
254 1 303104 311296
195 1 331776 339968
192 1 733184 737280
730 2 307200 327680 327680 331776
10 1 708608 712704
153 1 520192 524288
229 1 167936 172032
136 1 196608 233472
69 2 700416 720896 720896 729088
539 1 61440 65536
69 1 729088 733184
983 1 311296 315392
199 1 233472 253952
107 1 307200 311296
898 3 339968 393216 393216 458752 458752 466944
405 1 262144 270336
540 3 196608 262144 262144 327680 327680 368640
118 1 720896 724992
113 1 499712 503808
538 2 630784 655360 655360 679936
229 1 176128 184320
229 1 172032 176128
69 1 733184 786432
92 1 467456 468480
991 1 397312 401408
734 1 266240 270336
16 1 483328 487424
559 1 102400 106496
927 1 516096 524288
639 1 503808 520192
663 1 184320 192512
639 2 585728 589824 589824 630784
639 1 630784 634880
126 1 295424 295936
542 1 294912 307200
699 4 524288 589824 589824 655360 655360 720896 720896 786432
700 3 0 65536 65536 131072 131072 196608
296 1 90112 94208
699 2 393216 458752 458752 524288
542 1 237568 241664
700 2 196608 262144 262144 327680
186 1 483328 487424
542 1 303104 307200
700 2 458752 524288 524288 532480
296 1 90112 94208
573 1 184320 192512
172 3 516096 524288 524288 589824 589824 655360
573 1 77824 81920
799 1 606208 626688
542 1 237568 245760
799 1 626688 630784
22 1 389120 393216
811 1 0 8192
948 1 270336 271360
68 1 544768 548864
87 1 176128 180224
119 1 114688 118784
42 1 569344 570368
363 1 516096 524288
119 1 32768 33792
363 1 524288 528384
371 1 36352 40448
255 1 691712 699904
922 1 458752 462848
391 1 221184 225280
542 1 204800 212992
228 1 724992 729088
957 1 372736 373248
232 1 200704 204800
922 1 393216 397312
406 1 155648 159744
406 1 167936 172032
719 1 258048 262144
712 1 614400 634880
719 1 270336 278528
719 1 262144 266240
232 1 200704 204800
626 1 569344 585728
913 1 331264 351744
136 1 704512 708608
667 1 712704 720896
668 1 65536 73728
535 1 466944 471040
93 1 376832 393216
933 1 589824 614400
105 1 139264 147456
581 1 294912 299008
328 1 643072 651264
370 1 274432 282624
8 1 675840 700416
834 1 663552 667648
370 1 282624 286720
521 1 221184 225280
442 1 69632 70144
32 1 675840 679936
922 1 495616 499712
415 1 524288 557056
415 1 557056 561152
442 1 70144 71168
442 1 71168 71680
8 1 675840 679936
608 2 65536 131072 131072 196608
607 7 327680 393216 393216 458752 458752 524288 524288 589824 589824 655360 655360 720896 720896 786432
608 1 0 65536
608 2 655360 720896 720896 786432
609 1 0 65536
722 1 65536 86016
598 6 212992 262144 262144 327680 327680 393216 393216 458752 458752 524288 524288 589824
597 5 475136 524288 524288 589824 589824 655360 655360 720896 720896 786432
598 4 0 65536 65536 131072 131072 196608 196608 212992
609 1 65536 131072
299 2 262144 327680 327680 344064
535 1 532480 536576
570 1 307200 311296
299 7 344064 393216 393216 458752 458752 524288 524288 589824 589824 655360 655360 720896 720896 786432
300 2 0 65536 65536 81920
300 9 81920 131072 131072 196608 196608 262144 262144 327680 327680 393216 393216 458752 458752 524288 524288 589824 589824 606208
493 1 24576 28672
527 1 294912 299008
500 1 720896 724992
301 1 729088 786432
302 8 0 65536 65536 131072 131072 196608 196608 262144 262144 327680 327680 393216 393216 458752 458752 466944
302 5 466944 524288 524288 589824 589824 655360 655360 720896 720896 786432
303 4 0 65536 65536 131072 131072 196608 196608 204800
535 1 532480 536576
871 1 626688 638976
535 1 462848 466944
168 1 692224 692736
508 1 396800 400896
41 5 298496 327680 327680 393216 393216 458752 458752 524288 524288 572928
240 1 12288 20480
542 1 204800 208896
542 1 200704 204800
939 1 409600 413696
13 1 626688 630784
110 1 155648 159744
958 1 561152 565248
542 1 204800 208896
55 1 528384 532480
833 1 405504 409600
172 1 761856 765952
659 9 20992 65536 65536 131072 131072 196608 196608 262144 262144 327680 327680 393216 393216 458752 458752 524288 524288 545280
835 1 278528 282624
55 1 532480 536576
447 6 426496 458752 458752 524288 524288 589824 589824 655360 655360 720896 720896 786432
448 3 0 65536 65536 131072 131072 164352
852 1 770048 778240
865 1 200704 204800
55 1 528384 532480
659 4 545280 589824 589824 655360 655360 720896 720896 786432
660 5 0 65536 65536 131072 131072 196608 196608 262144 262144 283136
13 1 73728 122880
13 2 319488 327680 327680 335872
773 1 49152 50176
709 1 483328 491520
922 1 471040 475136
802 2 372736 393216 393216 438272
53 1 294400 298496
39 1 450048 454144
38 1 736768 740864
593 1 417280 437760
39 1 462336 474624
39 1 527872 540160
39 1 556544 560640
39 1 478720 515584
39 1 577024 581120
39 1 609792 613888
39 2 589312 589824 589824 597504
53 1 331264 335360
39 1 601600 605696
4 1 356352 372736
916 2 380416 393216 393216 413184
866 1 102400 106496
913 1 351744 364032
182 1 114688 115200
71 1 753664 757760
954 1 679936 692224
710 1 212992 217088
250 1 225280 229376
905 1 655360 659456
525 1 753664 778240
542 1 208896 212992
71 1 757760 765952
751 3 159744 196608 196608 262144 262144 290816
751 3 487424 524288 524288 589824 589824 618496
752 3 28672 65536 65536 131072 131072 159744
752 3 225280 262144 262144 327680 327680 352768
752 1 352768 356352
752 2 421888 458752 458752 487424
753 2 229376 262144 262144 294912
753 3 360448 393216 393216 458752 458752 491520
938 1 602112 606208
935 1 638976 647168
935 1 651264 655360
937 1 679936 684032
937 1 217088 229376
937 1 663552 675840
937 1 266240 270336
937 1 249856 262144
929 1 487424 495616
937 1 233472 237568
753 4 557056 589824 589824 655360 655360 720896 720896 753664
535 1 471040 475136
720 1 196608 200704
11 1 204800 212992
675 1 565248 581632
841 1 46080 47104
140 1 303104 307200
874 1 475136 503808
535 1 561152 565248
968 1 278528 299008
419 1 622592 638976
950 1 192512 196608
949 1 634880 638976
950 1 196608 200704
397 2 319488 327680 327680 348160
594 7 241664 262144 262144 327680 327680 393216 393216 458752 458752 524288 524288 589824 589824 651776
170 1 634880 647168
334 1 512000 520192
334 1 520192 524288
594 3 651776 655360 655360 720896 720896 786432
595 6 0 65536 65536 131072 131072 196608 196608 262144 262144 327680 327680 389632
595 7 389632 393216 393216 458752 458752 524288 524288 589824 589824 655360 655360 720896 720896 786432
596 2 0 65536 65536 127488
596 9 127488 131072 131072 196608 196608 262144 262144 327680 327680 393216 393216 458752 458752 524288 524288 589824 589824 651776
596 3 651776 655360 655360 720896 720896 786432
597 5 0 65536 65536 131072 131072 196608 196608 262144 262144 324096
811 1 335872 368640
448 1 684032 688128
597 7 389632 393216 393216 458752 458752 524288 524288 589824 589824 655360 655360 720896 720896 786432
598 2 0 65536 65536 127488
877 2 159744 196608 196608 225280
38 1 486912 491008
38 1 646656 650752
794 1 474624 482816
38 1 663040 667136
38 2 716288 720896 720896 728576
38 1 638464 642560
38 1 732672 736768
38 1 675328 679424
885 1 232960 237056
7 1 605696 609792
249 1 138752 142848
249 1 114176 126464
249 2 130560 131072 131072 134656
249 1 167424 187904
885 2 257536 262144 262144 265728
176 1 81920 83456
500 2 45056 65536 65536 77824
542 1 270336 274432
505 1 442368 442880
131 1 479232 483328
505 1 438272 442368
131 1 512000 524288
542 1 200704 204800
132 1 589824 602112
222 1 217088 237568
114 1 745472 765952
85 1 720896 724992
222 1 237568 249856
34 1 208896 212992
950 1 4096 49152
950 1 49152 53248
453 1 405504 413696
189 1 770048 774144
857 1 487424 512000
190 1 32768 36864
871 1 638976 643072
857 1 712704 720896
352 1 73728 77824
583 1 765952 770048
584 1 602112 606208
623 1 778240 782336
279 1 241664 245760
625 1 184320 188416
569 1 344064 356352
136 1 745472 765952
576 1 671744 679936
576 1 679936 684032
136 1 765952 778240
5 1 274432 278528
107 1 286720 294912
247 1 258048 262144
877 1 245760 246272
839 1 704512 708608
877 1 241664 245760
902 2 643072 655360 655360 659456
542 1 204800 208896
542 1 200704 204800
943 1 491008 495104
483 1 531968 536064
952 1 241664 245760
205 1 601600 605696
415 1 561152 569344
302 1 544768 548864
252 1 90112 94208
157 1 737280 741376
219 1 671744 675840
207 1 479232 487424
207 1 487424 491520
420 1 16384 24576
420 1 24576 28672
269 1 393216 397312
703 1 65536 77824
542 1 278528 282624
703 1 77824 81920
702 1 585728 589824
703 1 262144 274432
898 1 8192 12288
862 1 475136 479232
887 1 69632 77824
862 1 405504 409600
887 1 77824 86016
208 2 557056 589824 589824 598016
350 1 512000 513024
383 1 462848 466944
884 1 389120 393216
884 1 372736 376832
397 1 348160 352256
542 1 204800 249856
874 1 425984 438272
965 1 548864 557056
121 1 208896 217088
337 3 249856 262144 262144 327680 327680 372736
542 1 270336 274432
455 1 458752 466944
337 2 372736 393216 393216 401408
878 1 258048 262144
313 1 548864 552960
542 1 196608 200704
880 1 425984 450560
250 1 593920 602112
110 1 315392 327680
600 1 184320 192512
881 1 225280 229376
600 1 253952 258048
565 1 499712 507904
565 1 540672 552960
881 1 225280 229376
542 1 278528 286720
112 1 733184 745472
600 1 188416 192512
542 1 258048 262144
881 1 225280 229376
600 1 253952 258048
881 1 225280 229376
600 1 188416 192512
881 1 225280 229376
655 1 471040 475136
564 1 421888 425984
600 1 253952 262144
655 1 737280 753664
692 1 663552 688128
958 1 561152 565248
547 1 733184 736768
542 1 270336 274432
958 1 561152 565248
670 1 454656 458752
542 1 204800 212992
202 1 434176 442368
754 2 32768 65536 65536 94720
136 1 708608 712704
586 1 561152 565248
535 1 552960 557056
248 1 274432 278528
265 1 552960 557056
695 1 303104 307200
267 1 421888 425984
709 1 487424 495616
922 1 405504 413696
518 1 740864 744960
815 1 651264 655360
369 1 688128 692224
590 1 446464 450560
278 1 585216 589312
174 1 253440 257536
345 1 450560 453632
898 1 565248 565760
511 1 765952 770048
815 1 659456 663552
815 1 655360 659456
25 1 4096 24576
25 1 0 4096
25 1 24576 65536
653 1 524288 589824
720 1 0 65536
815 1 659456 663552
511 1 770048 778240
815 1 655360 659456
535 1 532480 544768
445 1 770048 774144
562 1 143360 163840
535 1 532480 540672
375 1 311296 315392
922 1 454656 458752
377 1 196608 200704
526 1 16384 24576
527 1 245760 253952
71 1 765952 770048
182 1 124416 124928
526 1 311296 319488
583 1 708608 716800
561 1 147456 163840
182 1 131072 131584
250 1 225280 237568
535 1 466944 471040
916 1 446464 450560
71 1 770048 782336
528 1 425984 442368
71 1 782336 786432
70 1 0 4096
454 8 90112 131072 131072 196608 196608 262144 262144 327680 327680 393216 393216 458752 458752 524288 524288 565248
229 1 184320 188416
538 1 610304 614400
70 1 4096 32768
836 1 253952 258048
22 1 274432 278528
836 1 372736 376832
683 1 135168 139264
446 1 49152 57344
556 2 573440 589824 589824 618496
809 2 585728 589824 589824 598016
70 1 32768 36864
556 1 618496 622592
353 7 53248 65536 65536 131072 131072 196608 196608 262144 262144 327680 327680 393216 393216 430080
457 1 163840 172032
671 1 0 8192
496 1 442368 446464
442 1 71680 73216
521 1 221184 225280
415 1 569344 573440
55 1 532480 536576
869 1 180224 184320
734 1 364544 380928
55 1 528384 532480
448 9 164352 196608 196608 262144 262144 327680 327680 393216 393216 458752 458752 524288 524288 589824 589824 655360 655360 688640
124 1 180224 184320
735 1 180224 184320
734 1 782336 786432
735 1 0 4096
55 1 532480 536576
585 1 704512 708608
734 1 356352 360448
55 1 528384 532480
660 8 283136 327680 327680 393216 393216 458752 458752 524288 524288 589824 589824 655360 655360 720896 720896 786432
661 1 0 20992
965 1 598016 602112
874 1 450560 454656
865 1 49152 53248
592 1 602112 606208
668 1 102400 102912
911 1 204800 221184
912 1 225280 233472
758 1 77824 98304
167 1 299008 307200
118 1 601600 605696
562 1 606208 638976
542 1 204800 208896
542 1 270336 278528
275 1 298496 302592
600 1 642560 646656
815 1 655360 659456
290 1 143360 146944
5 1 302592 310784
341 1 294400 298496
243 1 704512 708608
535 1 483328 487424
494 1 106496 110592
535 1 548864 552960
565 1 503808 507904
565 1 540672 548864
377 1 638976 643072
455 1 634880 638976
542 1 270336 274432
535 1 483328 487424
670 1 61440 65536
670 1 262144 278528
542 1 204800 212992
60 1 749568 753664
449 1 450560 453632
181 1 737280 741376
181 1 720896 729088
450 1 602112 606208
451 1 155648 159744
450 1 532480 540672
69 1 352256 356352
451 1 143360 151552
164 1 389120 393216
452 1 462848 466944
891 1 339968 344064
890 1 753664 761856
895 1 397312 401408
896 1 610304 614400
99 1 458752 479232
505 1 192512 194048
184 1 692224 708608
535 1 536576 540672
841 1 46592 47104
535 1 471040 475136
99 1 479232 491520
532 1 339968 344064
983 1 413696 455168
565 1 569344 585728
982 1 778752 786432
983 7 0 65536 65536 131072 131072 196608 196608 262144 262144 327680 327680 393216 393216 409600
542 1 286720 290816
217 1 733696 786432
218 8 0 65536 65536 131072 131072 196608 196608 262144 262144 327680 327680 393216 393216 458752 458752 471552
983 5 520704 524288 524288 589824 589824 655360 655360 720896 720896 786432
984 4 0 65536 65536 131072 131072 196608 196608 258560
565 1 585728 589824
823 1 45056 49152
218 5 471552 524288 524288 589824 589824 655360 655360 720896 720896 786432
219 4 0 65536 65536 131072 131072 196608 196608 209408
823 1 28672 40960
822 1 536576 540672
822 2 520192 524288 524288 532480
566 1 262144 278528
393 1 700416 704512
264 1 655360 659456
502 1 520192 524288
631 1 524288 528384
392 1 356352 360448
394 1 737280 741376
502 1 548864 552960
92 1 467968 469504
16 1 548864 557056
284 1 212992 217088
546 1 598016 606208
668 1 32768 36864
668 1 28672 32768
565 1 503808 507904
565 1 540672 548864
92 1 468992 495616
542 1 270336 274432
16 1 487424 491520
92 1 492544 520192
16 1 552960 557056
290 1 360448 360960
93 1 761856 765952
329 1 544768 552960
286 1 675840 679936
320 1 491520 495616
86 1 102400 106496
338 1 409600 413696
286 1 679936 692224
350 1 581632 584704
286 1 692224 696320
960 1 8192 16384
918 1 389120 393216
960 1 12288 16384
931 2 516096 524288 524288 581632
370 1 740864 744960
976 1 306688 310784
571 1 421376 425472
186 1 507904 512000
614 1 302592 306688
247 1 167936 172032
32 1 483328 487424
327 1 45056 61440
671 1 0 8192
327 1 61440 65536
358 2 61440 65536 65536 69632
358 1 69632 73728
823 1 503808 516096
704 1 0 20480
151 2 389120 393216 393216 397312
139 1 221184 225280
815 1 655360 659456
759 1 516096 520192
818 2 491520 524288 524288 552960
111 1 536576 540672
824 1 196608 200704
167 1 524288 540672
815 1 651264 655360
170 1 741376 749568
542 1 204800 208896
0 1 273920 278016
250 1 660480 705536
574 1 671744 675840
8 1 44544 48640
542 1 204800 208896
958 1 561152 569344
96 2 507904 524288 524288 581632
96 8 53248 65536 65536 131072 131072 196608 196608 262144 262144 327680 327680 393216 393216 458752 458752 503808
96 4 581632 589824 589824 655360 655360 720896 720896 786432
97 5 0 65536 65536 131072 131072 196608 196608 262144 262144 319488
97 8 319488 327680 327680 393216 393216 458752 458752 524288 524288 589824 589824 655360 655360 720896 720896 786432
98 1 0 57344
251 1 200704 204800
98 9 57344 65536 65536 131072 131072 196608 196608 262144 262144 327680 327680 393216 393216 458752 458752 524288 524288 581632
98 3 581632 589824 589824 655360 655360 720896
104 1 729088 765952
98 1 720896 786432
99 5 0 65536 65536 131072 131072 196608 196608 262144 262144 282624
99 8 282624 327680 327680 393216 393216 458752 458752 524288 524288 589824 589824 655360 655360 720896 720896 741376
100 9 20480 65536 65536 131072 131072 196608 196608 262144 262144 327680 327680 393216 393216 458752 458752 524288 524288 544768
325 1 417792 438272
100 4 544768 589824 589824 655360 655360 720896 720896 786432
101 5 0 65536 65536 131072 131072 196608 196608 262144 262144 282624
535 1 532480 536576
535 1 458752 462848
101 3 282624 327680 327680 393216 393216 434688
576 1 540672 544768
417 1 196608 253952
658 1 438272 450560
401 1 634880 638976
404 1 401408 405504
542 1 204800 208896
412 1 708608 712704
485 1 102400 106496
396 1 675840 679936
487 1 81920 94208
583 1 643072 647168
583 1 643072 651264
658 1 524288 528384
0 1 442368 454656
583 1 643072 647168
542 1 270336 282624
209 1 675840 679936
922 1 430080 438272
684 1 516096 524288
739 1 458752 483328
126 1 180224 184320
126 1 241664 245760
889 1 540672 544768
889 1 552960 557056
889 1 573440 577536
378 1 454656 458752
618 1 614400 618496
618 1 106496 114688
870 1 352256 356352
528 2 339968 393216 393216 409600
55 1 532480 536576
394 1 270336 274432
132 1 0 4096
913 1 581632 585728
780 1 286720 294912
360 1 380928 385024
130 1 204800 208896
124 1 184320 188416
448 2 688640 720896 720896 786432
449 7 0 65536 65536 131072 131072 196608 196608 262144 262144 327680 327680 393216 393216 426496
528 1 409600 413696
529 1 745472 753664
702 1 327680 335872
340 1 172032 176128
433 1 98304 102400
329 1 552960 557056
306 1 536576 544768
834 2 454656 458752 458752 460800
719 1 200704 204800
677 1 200704 221184
562 1 638976 643072
779 1 552960 565248
543 1 581632 585728
380 1 487424 495616
535 1 495616 503808
345 1 274432 282624
586 1 589824 622592
874 1 589824 602112
640 1 647168 651264
10 1 32768 36864
168 2 446464 458752 458752 466944
110 1 323584 327680
527 1 745472 753664
580 1 770048 778240
334 1 278528 286720
581 1 0 8192
549 2 520192 524288 524288 536576
334 1 286720 290816
58 1 167936 172032
549 1 544768 552960
922 1 458752 462848
232 1 200704 204800
922 1 393216 397312
232 1 200704 204800
922 1 462848 466944
556 1 696320 716800
570 1 151552 159744
798 1 569344 573440
542 1 270336 286720
677 1 77824 81920
776 1 262144 266240
243 1 475136 477184
28 1 487424 491520
629 1 16384 40960
629 1 40960 45056
942 1 532480 536576
134 1 167936 188416
395 1 86016 90112
70 1 495616 499712
395 1 16384 20480
395 1 126976 131072
392 1 282624 294912
946 1 430080 434176
946 1 544768 548864
834 1 540672 548864
134 1 208896 212992
837 1 765952 786432
838 1 0 20480
690 1 192512 196608
984 9 258560 262144 262144 327680 327680 393216 393216 458752 458752 524288 524288 589824 589824 655360 655360 720896 720896 782848
847 2 688128 720896 720896 741376
870 2 45056 65536 65536 77824
862 1 655360 663552
143 2 491520 524288 524288 540672
143 2 544768 589824 589824 622592
979 1 565248 577536
979 1 614400 622592
229 2 192512 196608 196608 200704
229 1 188416 192512
45 2 319488 327680 327680 335872
216 1 774144 786432
70 2 36864 65536 65536 86016
506 1 557056 589824
160 1 483328 487424
70 1 86016 90112
517 1 0 20480
229 1 200704 204800
6 1 106496 110592
160 1 413696 417792
70 1 90112 118784
65 1 733184 737280
70 1 118784 122880
713 1 319488 323584
940 1 626688 630784
713 1 331776 335872
754 1 94720 98304
940 1 610304 618496
754 2 163840 196608 196608 229376
675 1 196608 200704
755 2 294912 327680 327680 360448
755 2 425984 458752 458752 491520
719 1 229376 241664
306 1 544768 548864
626 1 667648 671744
270 1 688128 692224
542 1 270336 278528
952 1 245760 253952
562 1 122880 124928
819 1 438272 442368
494 1 780288 780800
164 1 364544 368640
779 1 565248 569344
819 1 376832 377344
532 1 614400 618496
471 1 385024 389120
792 1 356352 380928
266 1 28672 32768
858 2 204800 262144 262144 278528
315 1 737280 741376
279 1 712704 716800
786 1 421888 458752
279 1 745472 749568
820 1 671744 675840
141 1 450560 454656
828 9 94208 131072 131072 196608 196608 262144 262144 327680 327680 393216 393216 458752 458752 524288 524288 589824 589824 618496
828 3 618496 655360 655360 720896 720896 786432
829 6 0 65536 65536 131072 131072 196608 196608 262144 262144 327680 327680 356352
394 1 581632 589824
394 1 589824 593920
829 3 356352 393216 393216 458752 458752 524288
196 1 655360 659456
562 1 12288 32768
535 1 487424 491520
118 1 139264 143360
603 1 581632 589824
562 1 32768 45056
603 1 651264 655360
598 9 127488 131072 131072 196608 196608 262144 262144 327680 327680 393216 393216 458752 458752 524288 524288 589824 589824 651776
598 3 651776 655360 655360 720896 720896 749568
599 1 491520 503808
598 1 749568 786432
599 2 0 65536 65536 131072
146 1 462848 466944
21 1 638976 643072
170 1 638976 643072
558 1 409600 417792
599 4 135168 196608 196608 262144 262144 327680 327680 381440
14 1 266240 274432
334 1 589824 598016
626 2 61440 65536 65536 90112
599 3 381440 393216 393216 458752 458752 491520
334 1 598016 602112
626 1 90112 94208
599 5 503808 524288 524288 589824 589824 655360 655360 720896 720896 786432
600 3 0 65536 65536 131072 131072 131584
626 1 94208 102400
583 1 360448 363520
537 1 732672 733184
87 1 704512 708608
87 1 749568 757760
305 1 704512 708608
414 1 471040 524288
342 1 416256 416768
674 2 389120 393216 393216 421888
415 1 573440 581632
415 1 581632 585728
422 1 421888 430080
110 1 294912 303104
760 1 524288 569344
40 1 114176 130560
47 2 196096 196608 196608 200192
46 1 769536 786432
47 1 0 15872
47 1 200192 212480
106 1 106496 110592
48 1 114176 130560
51 2 720384 720896 720896 736768
49 1 343552 359936
49 1 294400 310784
44 2 212480 262144 262144 327168
20 1 32256 36352
375 1 311296 319488
151 1 667648 675840
375 1 319488 323584
760 1 569344 573440
815 1 655360 659456
810 1 692224 698368
535 1 466944 471040
780 1 61440 65536
288 1 196608 198144
14 1 643072 647168
585 1 430080 432640
880 1 704512 708608
542 1 307200 311296
542 1 241664 249856
900 1 737280 741376
542 1 311296 319488
542 1 249856 253952
900 1 737280 741376
542 1 315392 319488
14 1 643072 647168
613 1 770048 774144
880 1 704512 708608
126 1 309248 309760
29 1 524288 532480
498 4 577536 589824 589824 655360 655360 720896 720896 766464
498 6 238080 262144 262144 327680 327680 393216 393216 458752 458752 524288 524288 573440
218 4 577536 589824 589824 655360 655360 720896 720896 786432
219 5 0 65536 65536 131072 131072 196608 196608 262144 262144 315392
29 1 532480 536576
5 1 274432 278528
692 8 205312 262144 262144 327680 327680 393216 393216 458752 458752 524288 524288 589824 589824 655360 655360 720896
834 1 0 8704
219 8 315392 327680 327680 393216 393216 458752 458752 524288 524288 589824 589824 655360 655360 720896 720896 786432
220 1 0 53248
824 1 487424 503808
834 1 557056 557568
824 1 589824 593920
834 9 8704 65536 65536 131072 131072 196608 196608 262144 262144 327680 327680 393216 393216 458752 458752 524288 524288 532480
557 1 225280 229376
220 9 53248 65536 65536 131072 131072 196608 196608 262144 262144 327680 327680 393216 393216 458752 458752 524288 524288 577536
824 1 593920 606208
336 1 675840 679936
542 1 204800 241664
149 2 40960 65536 65536 102400
0 1 32256 40448
110 1 327680 344064
43 1 532480 536576
542 1 212992 225280
251 2 35840 65536 65536 91136
149 1 40960 45056
542 1 286720 290816
0 1 421888 442368
758 1 143360 151552
874 1 217088 233472
382 1 339968 348160
382 2 323584 327680 327680 335872
874 1 462848 466944
970 1 167936 196608
863 1 675840 679936
786 1 307200 311296
646 1 167936 172032
478 1 229376 233472
557 1 225280 229376
536 1 12288 16384
30 1 266240 270336
258 1 602112 606208
952 1 253952 258048
677 1 12288 16384
159 1 147456 151552
168 1 700416 700928
817 1 524288 524800
583 1 536576 544768
745 1 548864 552960
552 1 339968 344064
892 1 708608 720896
882 1 679936 684032
369 1 688128 696320
542 1 208896 212992
915 1 36864 40960
55 1 528384 532480
661 9 20992 65536 65536 131072 131072 196608 196608 262144 262144 327680 327680 393216 393216 458752 458752 524288 524288 545280
321 1 348160 356352
563 1 258048 262144
130 1 258048 262144
55 1 532480 536576
124 1 188416 192512
151 1 274432 286720
55 1 528384 532480
565 1 106496 110592
662 3 167936 196608 196608 262144 262144 287232
940 1 491520 503808
944 2 290816 327680 327680 339968
610 1 139264 155648
397 1 667648 671744
143 1 622592 638976
397 1 610304 614400
944 3 344064 393216 393216 458752 458752 495616
974 1 225280 229376
610 2 397312 458752 458752 491520
862 1 270336 286720
181 1 221184 237568
905 1 655360 659456
594 1 90112 98304
219 9 209408 262144 262144 327680 327680 393216 393216 458752 458752 524288 524288 589824 589824 655360 655360 720896 720896 733696
610 1 360448 393216
977 1 8192 12288
571 1 319488 323584
838 1 528384 536576
613 1 655360 708608
841 2 368640 393216 393216 397312
665 1 315392 327680
665 1 589824 593920
665 1 593920 614400
535 1 466944 471040
670 1 315392 327680
671 1 65536 73728
697 1 372736 376832
205 8 266240 327680 327680 393216 393216 458752 458752 524288 524288 589824 589824 655360 655360 720896 720896 786432
206 1 0 4096
206 8 4096 65536 65536 131072 131072 196608 196608 262144 262144 327680 327680 393216 393216 458752 458752 524288
206 4 524288 589824 589824 655360 655360 720896 720896 786432
207 4 0 65536 65536 131072 131072 196608 196608 262144
207 7 262144 327680 327680 393216 393216 458752 458752 524288 524288 589824 589824 655360 655360 720896
194 2 393216 458752 458752 462848
373 1 684032 687104
163 2 581632 589824 589824 602112
163 1 602112 614400
611 1 172032 180224
697 1 299008 323584
603 1 716800 720896
603 1 778240 782336
107 1 499712 503808
535 1 552960 561152
841 1 46592 49152
535 1 536576 540672
841 1 48640 49152
535 1 471040 475136
422 1 430080 434176
617 1 16384 20480
569 1 598016 602112
490 2 61440 65536 65536 77824
549 1 561152 577536
182 1 139264 139776
561 1 163840 184320
612 1 589824 598016
528 1 98304 106496
182 1 147456 147968
305 1 221184 221696
542 1 274432 278528
958 1 565248 569344
542 1 208896 212992
958 1 565248 569344
542 1 274432 278528
970 1 167936 168960
525 1 749568 753664
526 1 401408 405504
457 1 704512 708608
623 1 360448 364544
526 1 12288 16384
786 1 335872 339968
755 3 557056 589824 589824 655360 655360 688128
147 3 593920 655360 655360 720896 720896 786432
148 6 0 65536 65536 131072 131072 196608 196608 262144 262144 327680 327680 331776
148 7 331776 393216 393216 458752 458752 524288 524288 589824 589824 655360 655360 720896 720896 786432
149 2 0 65536 65536 69632
149 9 69632 131072 131072 196608 196608 262144 262144 327680 327680 393216 393216 458752 458752 524288 524288 589824 589824 593920
149 3 593920 655360 655360 720896 720896 786432
150 4 0 65536 65536 131072 131072 196608 196608 262144
755 1 753664 786432
756 3 0 65536 65536 131072 131072 160256
137 1 0 65536
137 1 65536 69632
606 1 544768 548864
861 1 311296 319488
861 1 319488 323584
63 1 757760 761856
259 1 352256 393216
388 1 106496 110592
63 1 761856 774144
63 1 774144 778240
535 1 475136 479232
803 1 651264 655360
672 1 577536 579584
669 1 8192 40960
259 2 389120 393216 393216 425984
888 2 237568 262144 262144 270336
388 1 106496 110592
114 1 196608 229376
211 1 409600 413696
63 1 778240 786432
64 1 0 32768
64 1 32768 36864
572 1 520192 524288
646 1 73728 77824
572 1 532480 540672
835 1 540672 544768
811 4 122880 131072 131072 196608 196608 262144 262144 303104
733 4 106496 131072 131072 196608 196608 262144 262144 282624
543 1 565248 573440
370 1 724992 729088
150 1 466944 475136
853 1 122880 126976
212 1 569344 573440
148 1 692224 694272
212 1 577536 585728
383 1 450560 454656
160 1 491520 499712
6 1 622592 626688
750 1 184320 188416
351 1 372736 376832
351 1 471040 475136
351 1 491520 495616
351 1 626688 630784
324 1 577536 581632
552 2 323584 327680 327680 331776
817 1 524800 525312
815 1 659456 663552
465 2 696320 720896 720896 757760
952 2 258048 262144 262144 266240
266 1 757760 761856
817 1 525312 529408
168 1 708608 709120
779 1 569344 581632
284 1 475136 495616
817 1 529408 533504
535 1 548864 561152
80 1 458752 466944
58 2 569344 589824 589824 598016
810 1 233472 237568
58 1 598016 602112
657 1 774144 774656
535 1 491520 495616
433 1 53248 55296
670 1 192512 196608
163 1 606208 626688
535 1 557056 561152
670 1 393216 401408
356 1 524288 532480
810 1 233472 237568
356 1 532480 536576
535 1 491520 499712
377 1 638976 643072
455 1 634880 638976
895 1 491520 495616
896 1 20480 28672
452 1 655360 659456
188 1 688128 692224
370 1 561152 565248
7 1 724992 729088
225 1 106496 114688
815 1 741376 745472
814 1 749568 753664
364 1 520192 524288
848 1 339968 344064
763 1 131072 135168
741 1 0 4096
335 1 761856 765952
777 1 0 4096
465 1 475136 483328
886 1 380928 389120
874 1 258048 262144
465 1 483328 487424
872 1 278528 280064
879 1 49152 53248
709 1 491520 495616
922 1 475136 479232
879 1 69632 73728
49 1 315392 319488
61 1 643072 647168
29 1 12288 16384
125 1 155648 158720
542 1 282624 286720
763 1 638976 643072
497 1 90112 94208
142 1 126976 131072
139 1 155648 163840
834 1 12288 12800
815 1 655360 659456
831 6 413696 458752 458752 524288 524288 589824 589824 655360 655360 720896 720896 786432
832 3 0 65536 65536 131072 131072 151552
542 1 200704 204800
832 7 151552 196608 196608 262144 262144 327680 327680 393216 393216 458752 458752 524288 524288 540672
815 1 651264 655360
379 1 630784 638976
832 1 581632 589824
379 1 638976 643072
425 1 249856 258048
425 1 258048 262144
167 1 540672 561152
615 1 401408 458752
670 1 270336 294912
139 1 225280 233472
128 1 417792 421888
449 6 426496 458752 458752 524288 524288 589824 589824 655360 655360 720896 720896 786432
450 3 0 65536 65536 131072 131072 164352
539 1 503808 507904
924 1 229376 233472
661 4 545280 589824 589824 655360 655360 720896 720896 786432
662 3 0 65536 65536 131072 131072 163840
571 1 237568 245760
701 1 667648 671744
55 1 532480 536576
586 1 282624 286720
454 1 208896 212992
663 1 196608 229376
662 3 287232 327680 327680 393216 393216 446464
662 6 446464 458752 458752 524288 524288 589824 589824 655360 655360 720896 720896 778752
350 1 208896 212992
932 1 172032 176128
820 1 307200 311296
344 1 319488 327680
344 1 327680 331776
933 1 614400 618496
185 1 724992 729088
186 1 12288 16384
88 1 610304 618496
88 1 618496 622592
282 1 532480 561152
36 1 110592 114688
539 1 28672 32768
538 1 749568 774144
464 1 196608 204800
545 1 507904 510464
986 2 434176 458752 458752 499712
38 1 540672 544768
464 1 204800 208896
153 2 335872 393216 393216 458752
38 1 581632 585728
614 1 462848 466944
153 3 524288 589824 589824 655360 655360 720896
154 1 0 45056
45 1 335872 356352
229 1 208896 217088
16 1 458752 462848
229 1 204800 208896
70 2 122880 131072 131072 172032
535 1 491520 499712
923 1 282624 286720
535 1 561152 565248
43 1 155648 159744
145 1 417792 450560
569 1 147456 163840
137 1 401408 405504
492 1 401408 409600
547 1 20480 28672
980 1 638976 643072
492 1 417792 425984
547 1 32768 36864
94 1 561152 577536
492 1 491520 507904
912 1 675840 679936
96 1 24576 28672
96 1 32768 36864
912 1 696320 700416
492 1 532480 548864
763 1 61440 65536
380 2 446464 458752 458752 462848
630 2 688128 720896 720896 786432
631 1 0 57344
362 1 544768 548864
362 1 552960 557056
0 1 442368 454656
382 2 348160 393216 393216 454656
233 1 421888 438272
363 1 163840 167936
502 3 385024 393216 393216 458752 458752 524288
210 1 585728 589824
834 4 557568 589824 589824 655360 655360 720896 720896 786432
835 5 0 65536 65536 131072 131072 196608 196608 262144 262144 295424
402 1 61440 65536
176 1 221184 225280
564 1 20480 24576
220 4 577536 589824 589824 655360 655360 720896 720896 786432
221 5 0 65536 65536 131072 131072 196608 196608 262144 262144 315392
31 1 634880 655360
403 1 286720 319488
176 1 266240 270336
498 1 766464 786432
499 8 0 65536 65536 131072 131072 196608 196608 262144 262144 327680 327680 393216 393216 458752 458752 504320
700 1 684032 686592
223 1 323584 327680
835 2 295424 327680 327680 352256
836 1 131072 172032
835 3 626688 655360 655360 720896 720896 737792
33 1 589824 602112
835 5 352256 393216 393216 458752 458752 524288 524288 589824 589824 602112
493 1 77824 81920
221 8 315392 327680 327680 393216 393216 458752 458752 524288 524288 589824 589824 655360 655360 720896 720896 786432
222 1 0 53248
499 5 504320 524288 524288 589824 589824 655360 655360 720896 720896 786432
500 4 0 65536 65536 131072 131072 196608 196608 242176
85 1 757760 761856
693 1 262144 294912
320 2 491520 524288 524288 532480
86 1 102400 106496
179 1 573440 589824
286 1 696320 708608
960 1 12288 16384
286 1 708608 712704
804 1 417792 421888
112 1 458752 491520
790 1 221184 225280
667 1 536576 544768
695 1 556544 557056
667 1 577536 581632
667 1 577536 585728
667 1 720896 724992
695 1 557568 558080
695 1 558592 559104
695 1 559104 559616
139 1 487424 491520
952 1 266240 270336
542 1 274432 278528
583 1 577536 581632
819 1 380928 385024
168 1 716800 717312
819 1 389120 393216
779 1 581632 585728
815 1 655360 659456
542 1 208896 212992
670 1 188416 196608
815 1 655360 659456
247 2 192512 196608 196608 217088
139 1 479232 483328
404 1 204800 225280
8 1 241664 245760
107 1 598016 602112
233 1 372736 376832
505 1 61440 65536
511 1 159744 163840
511 1 311296 315392
75 1 151552 155648
800 1 544768 548864
949 1 217088 221184
585 1 294912 299008
924 1 4608 5120
585 1 307200 327680
279 1 249856 253952
135 1 86016 98304
127 1 667648 671744
347 1 69632 77824
127 1 679936 684032
135 1 61440 65536
347 1 77824 81920
397 1 679936 684032
349 1 393216 401408
349 1 401408 405504
52 1 323584 327680
53 1 618496 655360
52 1 524288 536576
5 1 0 20480
493 1 77824 81920
412 1 344064 348160
542 1 274432 286720
493 1 8192 12288
412 1 344064 348160
849 1 581632 589824
849 1 655360 667648
815 1 655360 659456
815 1 647168 651264
542 1 270336 274432
668 1 716800 720896
669 1 393216 409600
542 1 204800 208896
669 1 61440 65536
669 1 196608 204800
542 1 270336 274432
673 2 192512 196608 196608 212992
542 1 204800 212992
491 1 8192 12288
479 1 618496 626688
984 1 548864 561152
479 1 626688 630784
134 1 364544 368640
157 2 61440 65536 65536 81920
134 1 356352 360448
542 1 249856 253952
105 1 529920 530432
126 1 321024 321536
542 1 315392 327680
901 1 626688 630784
542 1 258048 262144
105 1 530944 531456
542 1 323584 327680
901 1 626688 630784
862 1 691200 691712
542 1 258048 262144
14 1 643072 647168
264 2 192512 196608 196608 200704
96 1 40960 45056
492 1 557056 565248
615 2 126976 131072 131072 135168
457 1 733184 741376
314 1 294912 299008
569 1 163840 184320
358 2 688128 720896 720896 737280
565 1 499712 507904
565 1 540672 552960
49 1 397312 401408
6 1 593920 598016
193 1 294912 307200
1 1 262144 270336
540 1 32768 36864
55 1 528384 532480
99 1 495616 503808
450 9 164352 196608 196608 262144 262144 327680 327680 393216 393216 458752 458752 524288 524288 589824 589824 655360 655360 688640
641 1 335872 339968
230 1 610304 618496
124 1 192512 196608
743 1 32768 40960
174 1 491520 499712
662 1 778752 786432
663 3 0 65536 65536 131072 131072 196608
645 1 204800 208896
654 1 61440 65536
659 1 233472 237568
515 1 294912 299008
107 1 589824 593920
604 1 32768 40960
603 1 782336 786432
71 1 524288 540672
535 1 495616 499712
923 1 282624 286720
241 1 16384 20480
43 1 221184 225280
182 1 155648 156160
473 1 348160 349696
800 1 602112 610304
363 1 714240 714752
526 1 40960 49152
626 1 102400 106496
338 1 65536 69632
917 1 466944 471040
53 1 598016 598528
843 1 40960 45056
813 1 192512 196608
626 1 106496 114688
600 9 131584 196608 196608 262144 262144 327680 327680 393216 393216 458752 458752 524288 524288 589824 589824 655360 655360 655872
626 1 114688 118784
820 1 544768 548864
815 1 659456 663552
233 2 335872 393216 393216 401408
822 1 208896 212992
506 1 475136 479232
542 1 270336 274432
600 2 655872 720896 720896 786432
601 7 0 65536 65536 131072 131072 196608 196608 262144 262144 327680 327680 393216 393216 393728
959 1 110592 114688
924 1 192512 196608
542 1 196608 200704
420 1 720896 729088
6 1 659456 663552
382 1 528384 532480
1 1 282624 286720
243 9 220672 262144 262144 327680 327680 393216 393216 458752 458752 524288 524288 589824 589824 655360 655360 720896 720896 744960
244 4 482816 524288 524288 589824 589824 655360 655360 663040
112 2 720384 720896 720896 724480
234 1 73728 81920
562 1 618496 622592
892 1 708608 712704
22 1 589824 591360
671 1 524288 536576
369 1 692224 696320
96 1 528384 536576
722 1 151552 184320
65 1 131072 143360
622 2 167936 196608 196608 233472
552 1 258048 262144
552 1 196608 200704
984 1 163840 167936
474 1 729088 733184
805 1 430080 434176
410 1 167936 180224
410 1 180224 184320
428 1 540672 541696
30 1 462848 468480
82 1 671744 675840
922 5 467456 524288 524288 589824 589824 655360 655360 720896 720896 786432
923 4 0 65536 65536 131072 131072 196608 196608 205312
535 1 532480 540672
292 1 712704 716800
497 1 167936 172032
354 1 577536 589824
110 1 323584 327680
0 1 85504 89600
858 2 655360 720896 720896 786432
859 2 0 65536 65536 131072
520 1 573440 573952
863 1 417792 419328
824 1 155648 159744
710 1 626688 630784
737 1 188416 191488
985 1 0 65536
859 2 131072 196608 196608 225280
480 1 684032 696320
90 1 442368 454656
616 1 376832 380928
365 2 520192 524288 524288 528384
805 3 618496 655360 655360 720896 720896 786432
806 1 0 49152
365 1 528384 532480
792 2 176128 196608 196608 208896
40 1 290816 315392
559 1 421888 425984
210 1 638976 647168
669 1 782336 786432
695 1 114688 122880
912 1 245760 253952
670 1 524288 536576
996 1 679936 688128
496 3 454656 458752 458752 524288 524288 585728
377 1 73728 77824
565 1 696320 716800
734 3 561152 589824 589824 655360 655360 688128
481 1 204800 217088
142 1 483328 491520
542 1 208896 217088
874 1 581632 585728
75 1 69632 73728
75 1 86016 98304
351 1 462848 466944
351 1 565248 569344
351 1 733184 737280
351 1 507904 512000
351 1 643072 647168
352 1 65536 69632
352 1 458752 462848
353 1 122880 126976
392 1 249856 253952
356 1 0 4096
352 1 339968 344064
866 1 442368 458752
355 1 696320 700416
866 2 389120 393216 393216 438272
516 1 53248 57344
42 2 348160 393216 393216 430080
392 1 544768 548864
115 1 143360 151552
281 1 593408 597504
254 2 176128 196608 196608 233472
841 1 397312 401408
503 1 659456 663552
254 1 233472 237568
984 1 782848 786432
985 8 0 65536 65536 131072 131072 196608 196608 262144 262144 327680 327680 393216 393216 458752 458752 520704
17 1 643072 651264
219 1 733696 786432
220 8 0 65536 65536 131072 131072 196608 196608 262144 262144 327680 327680 393216 393216 458752 458752 471552
17 1 651264 655360
542 1 270336 278528
181 1 237568 258048
686 1 131072 147456
985 5 520704 524288 524288 589824 589824 655360 655360 720896 720896 786432
986 4 0 65536 65536 131072 131072 196608 196608 258560
0 1 417792 438272
529 1 188416 192512
770 1 303104 307200
535 1 466944 471040
220 5 471552 524288 524288 589824 589824 655360 655360 720896 720896 786432
221 4 0 65536 65536 131072 131072 196608 196608 209408
542 1 221184 225280
106 1 266240 274432
505 2 327680 393216 393216 401408
457 1 741376 745472
535 1 536576 540672
568 1 393216 397312
314 1 372736 380928
490 2 81920 131072 131072 163840
568 1 405504 409600
16 1 675840 692224
568 1 413696 417792
549 1 32768 36864
136 1 0 4096
37 2 192512 196608 196608 204800
987 1 671744 692224
559 1 360448 364544
750 1 569344 577536
559 1 376832 380928
365 1 720896 745472
512 1 712704 720896
365 1 745472 749568
481 2 389120 393216 393216 397312
481 1 397312 401408
342 1 422400 422912
351 1 245760 249856
535 1 561152 565248
28 1 679936 686592
351 1 425984 430080
435 1 700416 708608
96 1 499712 516096
665 1 528384 544768
435 1 708608 712704
535 1 495616 503808
535 1 471040 479232
96 1 446464 450560
351 1 245760 249856
172 1 122880 126976
351 1 425984 430080
96 1 512000 516096
535 1 565248 573440
96 1 446464 450560
351 1 245760 249856
918 1 262144 266240
952 1 270336 303104
542 1 274432 286720
583 1 577536 585728
266 1 757760 761856
467 1 606208 614400
819 1 376832 377344
819 1 442368 442880
16 1 475136 516096
779 1 585728 589824
275 2 446464 458752 458752 473088
815 1 659456 663552
658 1 327680 331776
875 1 565248 589824
535 1 532480 536576
659 1 307200 311296
663 5 229376 262144 262144 327680 327680 393216 393216 458752 458752 483840
55 1 532480 536576
742 1 765952 774144
774 1 557056 561152
55 1 528384 532480
599 1 57344 61440
599 1 163840 167936
450 2 688640 720896 720896 786432
451 7 0 65536 65536 131072 131072 196608 196608 262144 262144 327680 327680 393216 393216 426496
44 1 774144 778240
592 1 679936 684032
715 1 647168 651264
69 1 524288 540672
248 1 446464 450560
862 1 339968 348160
40 1 761856 770048
542 1 221184 225280
574 1 671744 675840
438 1 507904 516096
520 1 77824 86016
924 1 14848 15360
535 1 561152 569344
241 1 20480 28672
512 1 380928 385024
394 1 516096 524288
799 1 241664 253952
380 1 651264 655360
983 1 602112 606208
688 2 385024 393216 393216 450560
501 1 737280 745472
542 1 270336 274432
139 1 557056 569344
128 1 413696 417792
139 1 479232 483328
222 1 630784 647168
369 1 753664 770048
448 1 753664 761856
670 1 294912 307200
448 1 761856 765952
704 1 20480 32768
184 1 69632 73728
542 1 270336 282624
184 1 90112 94208
186 1 651264 655360
578 1 684032 692224
426 1 311296 327680
338 1 765952 774144
756 3 160256 196608 196608 262144 262144 294912
19 1 286720 291328
338 1 774144 778240
757 2 491520 524288 524288 557056
757 2 622592 655360 655360 688128
758 3 233472 262144 262144 327680 327680 364544
758 2 430080 458752 458752 495616
419 2 585728 589824 589824 630784
758 1 757760 786432
759 1 0 33280
912 2 176128 196608 196608 200704
257 2 45056 65536 65536 94208
759 1 33280 36864
759 5 102400 131072 131072 196608 196608 262144 262144 327680 327680 364544
760 4 364544 393216 393216 458752 458752 524288 524288 561152
443 1 458752 466944
419 1 630784 634880
760 1 757760 786432
761 1 0 33280
122 2 523776 524288 524288 527872
243 1 744960 786432
244 8 0 65536 65536 131072 131072 196608 196608 262144 262144 327680 327680 393216 393216 458752 458752 482816
282 1 253952 256512
64 1 425984 442368
532 1 339968 344064
562 1 561152 569344
25 2 392704 393216 393216 400896
542 1 278528 282624
93 1 16384 22016
741 2 659456 720896 720896 786432
347 1 348160 352256
93 1 471040 475136
750 1 765952 786432
751 1 0 57344
94 1 94208 114688
950 1 61440 65536
75 1 77824 81920
746 2 225280 262144 262144 274432
271 1 61440 65536
487 3 237568 262144 262144 327680 327680 360448
865 1 253952 258048
726 1 741376 745472
133 1 249344 253440
715 1 376320 380416
122 1 729088 733184
355 1 397312 401408
343 1 327680 331776
500 1 331776 335872
378 1 110592 114688
609 1 0 12288
535 1 462848 466944
476 1 712704 720896
81 1 765952 770048
986 3 258560 262144 262144 327680 327680 364544
987 1 131072 163840
542 1 208896 212992
986 7 364544 393216 393216 458752 458752 524288 524288 589824 589824 655360 655360 720896 720896 750080
666 1 393216 409600
58 1 167936 172032
525 1 503808 507904
518 2 450560 458752 458752 466944
447 1 253952 258048
792 1 512000 516096
542 1 217088 221184
467 1 614400 618496
952 1 303104 307200
916 1 741376 745472
795 1 589824 598016
542 1 53248 65536
247 1 192512 196608
815 1 659456 663552
795 1 598016 602112
55 1 442368 446464
304 1 106496 110592
922 1 507904 512000
689 1 253952 258048
99 2 258048 262144 262144 290816
695 1 303104 307200
344 1 200704 204800
702 1 782336 786432
0 1 77824 80384
380 1 675840 679936
501 1 573440 589824
553 1 225280 229376
972 1 65536 91648
70 1 172032 176128
229 1 217088 221184
539 8 131072 196608 196608 262144 262144 327680 327680 393216 393216 458752 458752 524288 524288 589824 589824 618496
70 2 176128 196608 196608 204800
70 1 204800 208896
990 3 258048 262144 262144 327680 327680 393216
976 1 131072 196608
990 1 393216 454656
279 1 208896 212992
485 2 176128 196608 196608 204800
299 3 454656 458752 458752 524288 524288 581632
410 1 679936 684032
865 1 352256 360448
229 1 225280 233472
229 1 221184 225280
354 2 581632 589824 589824 606208
70 1 208896 258048
70 1 258048 262144
389 1 724992 786432
672 1 602112 606208
489 1 708608 716800
22 1 12288 16384
632 1 700416 704512
550 1 430080 434176
437 1 196608 197120
237 1 761856 765952
493 1 4096 8192
557 1 225280 233472
836 2 16896 65536 65536 131072
562 1 131072 151552
836 7 172032 196608 196608 262144 262144 327680 327680 393216 393216 458752 458752 524288 524288 582144
222 9 53248 65536 65536 131072 131072 196608 196608 262144 262144 327680 327680 393216 393216 458752 458752 524288 524288 577536
562 1 151552 155648
914 1 671744 692224
920 2 53248 65536 65536 73728
920 1 77824 94208
500 9 242176 262144 262144 327680 327680 393216 393216 458752 458752 524288 524288 589824 589824 655360 655360 720896 720896 766464
856 1 622592 626688
223 1 589824 614400
501 1 753664 761856
222 3 577536 589824 589824 655360 655360 671744
222 2 675840 720896 720896 786432
223 1 0 36864
836 4 582144 589824 589824 655360 655360 720896 720896 786432
837 5 0 65536 65536 131072 131072 196608 196608 262144 262144 320000
842 1 774144 778240
282 1 561152 565248
232 1 200704 204800
922 1 397312 401408
232 1 200704 204800
922 1 462848 466944
610 1 311296 315392
142 2 319488 327680 327680 331776
922 1 442368 446464
53 1 745472 753664
738 1 557056 577536
638 1 258048 262144
610 1 311296 315392
922 1 507904 512000
738 1 577536 589824
834 1 339968 348160
442 1 12288 16384
872 1 696320 700416
678 1 536576 540672
545 1 753664 757760
546 1 0 4096
48 1 770048 774144
586 1 327680 331776
586 1 335872 339968
579 1 671744 675840
579 1 610304 614400
269 1 278528 282624
450 1 106496 110592
450 1 122880 126976
335 1 782336 786432
336 1 0 4096
336 1 4096 8192
85 1 679936 688128
600 6 163840 196608 196608 262144 262144 327680 327680 393216 393216 458752 458752 524288
604 3 458752 524288 524288 589824 589824 622592
603 1 720896 786432
604 7 0 65536 65536 131072 131072 196608 196608 262144 262144 327680 327680 393216 393216 458752
605 2 122880 131072 131072 196608
609 7 327680 393216 393216 458752 458752 524288 524288 589824 589824 655360 655360 720896 720896 786432
610 1 0 65536
610 7 65536 131072 131072 196608 196608 262144 262144 327680 327680 393216 393216 458752 458752 516096
611 4 253952 262144 262144 327680 327680 393216 393216 458752
610 5 516096 524288 524288 589824 589824 655360 655360 720896 720896 786432
611 4 0 65536 65536 131072 131072 196608 196608 253952
603 2 589824 655360 655360 720896
304 3 589824 655360 655360 720896 720896 778240
461 1 606208 614400
461 1 614400 618496
304 1 778240 786432
305 8 0 65536 65536 131072 131072 196608 196608 262144 262144 327680 327680 393216 393216 458752 458752 516096
305 5 516096 524288 524288 589824 589824 655360 655360 720896 720896 786432
306 4 0 65536 65536 131072 131072 196608 196608 253952
883 1 741376 742912
426 1 405504 413696
667 1 647168 651264
544 1 761856 786432
545 2 0 65536 65536 98304
646 1 155648 163840
377 1 114688 118784
670 1 536576 540672
670 1 126976 131072
697 1 487424 491520
211 1 405504 409600
610 3 110592 131072 131072 196608 196608 233472
481 1 159744 176128
874 1 618496 626688
810 1 286720 290816
542 1 65536 77824
66 1 593920 620544
390 1 552960 573440
626 1 774144 782336
582 1 176128 196608
354 1 655360 677888
602 1 151552 155648
295 5 475136 524288 524288 589824 589824 655360 655360 720896 720896 778240
213 1 675840 679936
923 9 205312 262144 262144 327680 327680 393216 393216 458752 458752 524288 524288 589824 589824 655360 655360 720896 720896 729600
192 1 471040 475136
216 1 344064 352256
206 1 245760 262144
330 1 106496 110592
665 1 610304 634880
535 1 561152 565248
582 1 696320 700416
157 1 323584 327680
503 1 520192 524288
82 1 348160 372736
553 1 98304 102400
168 1 122880 126976
359 1 405504 431104
196 1 655360 659456
101 1 180224 196608
819 1 40960 45056
553 1 282624 286720
501 1 602112 610304
168 1 131072 143360
535 1 499712 503808
21 1 704512 720896
226 1 471040 475136
501 1 614400 618496
0 1 741376 745472
505 2 258048 262144 262144 266240
201 2 323584 327680 327680 339968
542 1 196608 237568
952 1 307200 315392
583 1 577536 581632
55 1 516096 520192
906 1 49152 53248
906 1 12288 36352
952 1 315392 319488
955 1 307200 311296
819 1 454656 458752
69 1 540672 544768
55 1 532480 536576
663 4 549376 589824 589824 655360 655360 720896 720896 786432
664 5 0 65536 65536 131072 131072 196608 196608 262144 262144 287232
798 1 163840 167936
235 1 118784 122880
451 6 426496 458752 458752 524288 524288 589824 589824 655360 655360 720896 720896 786432
452 3 0 65536 65536 131072 131072 164352
55 1 528384 532480
862 1 20480 24576
394 1 745472 753664
89 1 598016 602112
173 2 540672 589824 589824 614400
520 1 155648 167936
542 1 286720 290816
173 1 614400 618496
520 1 151552 155648
541 1 643072 647168
520 5 167936 196608 196608 262144 262144 327680 327680 393216 393216 413696
523 1 368640 372736
523 1 368640 372736
523 1 368640 372736
197 1 73728 77824
278 2 57344 65536 65536 77824
518 1 344064 352256
278 1 77824 81920
210 1 495616 512000
210 1 512000 516096
523 1 368640 372736
651 1 589824 610304
651 1 610304 614400
523 1 368640 372736
959 1 278528 282624
591 1 368640 371200
121 1 368640 385024
372 1 147456 155648
372 1 155648 159744
93 1 753664 757760
650 1 462848 466432
692 1 0 10240
650 1 126976 129536
650 1 397312 400896
462 1 212992 215552
426 1 413696 417792
587 1 761856 765952
898 1 466944 475136
456 1 700416 704512
499 1 471040 495616
805 1 614400 618496
450 1 733184 737280
41 1 294912 303104
499 1 495616 499712
41 1 245760 258048
40 1 360448 376832
544 1 0 4096
212 1 397312 397824
543 1 774144 778240
160 1 417792 421888
88 1 581632 585728
194 1 278528 299008
498 1 684032 696320
160 1 483328 491520
40 1 462848 471040
624 1 704512 712704
417 1 647168 655360
50 1 663552 684032
21 1 761856 770048
298 1 225280 241664
298 1 241664 245760
58 2 323584 327680 327680 339968
669 1 692224 708608
446 2 454656 458752 458752 471040
458 1 765952 782336
947 1 421888 442368
933 1 327680 331776
535 1 503808 507904
351 1 425984 430080
96 1 512000 516096
172 1 122880 126976
96 1 446464 454656
535 1 569344 573440
351 1 245760 249856
96 1 516096 520192
351 1 425984 430080
377 1 638976 643072
96 1 450560 454656
261 1 520192 524288
351 1 245760 249856
535 1 503808 507904
96 1 516096 520192
670 1 393216 405504
105 3 512000 524288 524288 589824 589824 634880
363 1 184320 196608
367 2 442368 458752 458752 475136
542 1 204800 208896
815 1 655360 659456
565 1 716800 720896
654 1 192512 196608
123 3 225280 262144 262144 327680 327680 348160
629 1 491520 495616
567 1 0 8192
815 1 647168 651264
142 1 487424 495616
131 1 475136 479232
131 1 483328 487424
542 1 217088 221184
412 1 344064 348160
542 1 282624 286720
682 1 249856 253952
619 1 278528 282624
138 1 16384 20480
862 1 360448 364544
276 1 143360 147456
528 1 745472 748032
412 1 344064 348160
542 1 217088 221184
412 1 344064 348160
542 1 282624 290816
472 1 598016 602112
412 1 344064 348160
963 1 311296 315392
542 1 221184 225280
990 1 634880 638976
369 1 692224 696320
819 1 446464 450560
234 1 643072 655360
542 1 282624 286720
266 1 757760 761856
882 1 679936 684032
552 1 339968 344064
324 1 577536 581632
552 2 323584 327680 327680 331776
815 1 659456 663552
561 1 401408 421888
815 1 655360 659456
653 1 589824 610304
11 1 163840 184320
476 1 720896 724992
243 1 749568 765952
898 1 487424 489984
216 1 143360 147456
957 1 741376 745472
181 1 745472 749568
501 1 622592 626688
958 1 12288 16384
962 1 688128 700416
181 1 765952 774144
501 1 630784 634880
535 1 565248 573440
958 1 724992 729088
330 1 471040 487424
420 1 729088 733184
869 1 458752 462848
420 1 204800 212992
601 6 393728 458752 458752 524288 524288 589824 589824 655360 655360 720896 720896 786432
602 3 0 65536 65536 131072 131072 131584
429 1 290816 294912
589 2 389120 393216 393216 401408
803 2 512000 524288 524288 528384
591 1 8192 12288
459 1 131072 135168
721 1 348160 352256
507 1 712704 716800
189 1 167936 172032
528 1 618496 622592
602 8 131584 196608 196608 262144 262144 327680 327680 393216 393216 458752 458752 524288 524288 589824 589824 590336
699 1 192512 196608
330 1 487424 507904
821 1 4096 8192
106 1 32768 33280
231 1 462848 479232
106 1 33280 33792
231 1 479232 483328
106 1 45056 46080
106 1 33792 36864
106 1 46080 49152
106 1 163840 164864
106 1 164864 167936
106 1 192512 193536
396 1 229376 237568
984 1 167936 172032
396 1 237568 241664
107 1 397312 401408
826 1 528384 589824
770 1 303104 307200
686 1 147456 167936
826 1 655360 671744
542 1 286720 290816
109 1 147456 155648
221 9 209408 262144 262144 327680 327680 393216 393216 458752 458752 524288 524288 589824 589824 655360 655360 720896 720896 733696
940 1 503808 507904
986 1 750080 786432
987 2 0 65536 65536 131072
395 1 720896 724992
826 1 671744 675840
666 1 409600 430080
905 1 659456 663552
987 6 163840 196608 196608 262144 262144 327680 327680 393216 393216 458752 458752 520704
770 1 303104 307200
169 1 614400 618496
542 1 221184 229376
229 1 233472 237568
535 1 532480 536576
295 2 589824 655360 655360 720896
70 1 262144 290816
50 1 282624 299008
0 1 421888 442368
70 1 290816 294912
535 1 466944 471040
390 4 0 65536 65536 131072 131072 196608 196608 262144
750 1 368640 385024
598 1 466944 475136
22 1 344064 393216
17 1 393216 458752
17 1 421888 430080
17 1 430080 434176
758 1 442368 446464
419 1 319488 323584
287 2 610304 655360 655360 675840
419 1 331776 344064
32 1 425984 442368
182 5 458752 524288 524288 589824 589824 655360 655360 720896 720896 786432
578 1 745472 749568
517 1 196608 249856
707 1 147456 180224
758 2 323584 327680 327680 339968
760 1 606208 647168
757 1 561152 565248
936 1 622592 626688
795 1 397312 401408
151 1 204800 208896
809 1 139264 143360
769 1 94208 98304
799 1 114688 118784
479 1 356352 364544
315 1 466944 471040
763 1 40960 45056
159 1 372736 376832
323 1 282624 286720
159 1 172032 180224
525 1 311296 315392
169 1 503808 507904
169 1 622592 626688
638 1 315392 319488
169 1 630784 634880
854 1 270336 275968
176 1 458752 462848
232 1 200704 204800
265 2 49152 65536 65536 69632
922 1 397312 401408
176 1 524288 528384
583 1 401408 405504
872 1 241664 245760
513 1 4096 8192
660 1 176128 180224
660 1 348160 352256
660 1 389120 393216
971 1 249856 253952
971 1 282624 286720
878 1 634880 638976
709 1 491520 495616
922 1 409600 413696
608 1 618496 626688
832 1 700416 702464
986 1 458752 462848
301 1 241664 243200
436 1 57344 65536
48 2 261632 262144 262144 302592
521 1 413696 434176
438 1 516096 520192
501 1 520192 522752
394 1 753664 757760
715 1 729088 733184
895 1 421888 430080
664 8 287232 327680 327680 393216 393216 458752 458752 524288 524288 589824 589824 655360 655360 720896 720896 786432
665 1 0 25088
164 1 360448 364544
55 1 532480 536576
798 1 286720 290816
163 1 106496 110592
716 1 659456 663552
55 1 528384 532480
452 8 164352 196608 196608 262144 262144 327680 327680 393216 393216 458752 458752 524288 524288 589824 589824 623104
843 1 372736 376832
585 1 229376 233472
542 1 204800 208896
565 1 614400 634880
565 1 634880 638976
565 1 671744 679936
295 1 393216 395776
971 1 667648 675840
943 1 458752 462848
100 1 524288 528384
971 1 675840 679936
542 1 270336 294912
925 1 446464 446976
387 1 684032 688128
497 1 184320 192512
0 1 32256 36352
5 1 364032 368128
5 1 429568 433664
48 1 167424 171520
497 1 192512 196608
0 1 36352 40448
769 1 548864 552960
647 1 397312 401408
765 1 712704 716800
733 1 278528 282624
768 1 331776 335872
183 1 311296 315392
736 1 573440 577536
770 1 217088 221184
740 1 761856 765952
777 1 593920 598016
741 1 319488 327680
129 1 286720 290816
157 1 671744 675840
181 1 520192 524288
833 3 45056 65536 65536 131072 131072 176128
185 1 4096 8192
285 1 28672 32768
236 1 491520 495616
154 1 303104 307200
589 1 262144 327680
330 1 102400 106496
295 5 196608 262144 262144 327680 327680 393216 393216 458752 458752 475136
177 2 348160 393216 393216 413696
923 1 729600 786432
924 8 0 65536 65536 131072 131072 196608 196608 262144 262144 327680 327680 393216 393216 458752 458752 467456
582 1 516096 520192
210 1 421888 425984
285 1 471040 474112
877 1 413696 417792
197 1 671744 673792
535 1 704512 708608
391 1 385024 389120
581 1 643072 647168
143 1 335872 339968
177 1 413696 417792
949 1 708608 716800
410 1 49152 53248
578 1 217088 221184
924 5 467456 524288 524288 589824 589824 655360 655360 720896 720896 786432
925 4 0 65536 65536 131072 131072 196608 196608 205312
460 1 544768 548864
149 1 757760 765952
787 1 720896 721920
82 1 204800 208384
659 1 126976 131072
603 1 479232 483328
633 1 122880 126976
603 1 471040 475136
603 1 430080 438272
603 1 516096 524288
603 1 499712 507904
305 1 16384 24576
77 1 122880 126976
53 2 102400 131072 131072 143360
138 1 249856 250368
189 1 483328 487424
871 1 352256 355328
993 1 663552 684032
22 1 425984 430080
678 1 778240 786432
650 1 65536 71680
650 1 167936 171520
250 1 229376 233472
791 1 192512 196608
180 3 483328 524288 524288 589824 589824 606208
150 1 385024 389120
150 1 413696 417792
542 1 212992 217088
195 3 507904 524288 524288 589824 589824 630784
646 1 106496 110592
474 1 438272 446464
646 1 135168 139264
93 1 208896 225280
474 1 446464 450560
730 2 327680 393216 393216 450560
142 1 491520 499712
115 1 679936 684032
115 1 720896 724992
535 1 552960 557056
542 1 278528 282624
115 1 151552 155648
396 1 106496 114688
416 1 77824 90112
297 2 454656 458752 458752 475136
297 1 430080 454656
104 3 303104 327680 327680 393216 393216 442368
104 1 442368 446464
42 1 430080 434176
396 1 114688 118784
297 1 475136 479232
372 1 438272 442368
104 2 446464 458752 458752 503808
42 2 434176 458752 458752 462848
104 1 503808 507904
42 1 462848 466944
392 1 307200 311296
542 1 204800 208896
504 1 147456 151552
958 1 741376 745472
925 1 139264 143360
418 1 569344 573440
958 1 770048 774144
542 1 200704 204800
535 1 503808 512000
6 2 503808 524288 524288 573440
857 1 212992 221184
39 1 409600 413696
11 1 139264 143360
99 1 458752 475136
106 1 720896 721408
728 1 761856 770048
795 1 602112 614400
952 1 319488 327680
542 1 217088 225280
321 1 147456 156160
262 1 167936 172032
795 1 614400 618496
952 1 327680 331776
819 1 442368 442880
0 1 421888 442368
321 1 143360 147456
815 1 659456 663552
247 1 217088 241664
947 2 438272 458752 458752 475136
933 1 331776 335872
913 1 306688 310784
192 1 544768 549376
797 1 675840 679936
996 1 241664 249856
315 1 741376 786432
316 1 0 20480
453 1 413696 417792
798 1 286720 290816
316 1 20480 24576
781 1 282624 315392
418 1 708608 712704
535 1 536576 548864
418 1 765952 770048
534 1 364544 366592
35 1 688128 692224
685 1 577536 578560
340 1 65536 68608
78 1 299008 303104
173 1 524288 528384
79 1 8192 20480
683 1 524288 589824
449 1 53248 61440
47 1 626688 630784
11 2 184320 196608 196608 200704
541 1 503808 507904
504 1 327680 331776
504 1 491520 495616
840 1 57344 65536
377 1 528384 585728
214 1 524288 528384
542 1 270336 274432
48 1 302592 306688
376 1 536576 544768
467 1 24576 28672
935 1 737280 741376
221 1 688128 708608
72 1 32768 45056
916 1 446464 450560
793 1 204800 209920
799 1 147456 151552
795 1 335872 337408
798 1 688128 692224
35 1 610304 614400
798 1 335872 338944
798 1 446464 449024
798 1 618496 621568
796 1 753664 754176
27 1 86016 90112
39 1 438272 446464
623 1 458752 462848
90 1 139264 143360
753 1 262144 266240
211 1 413696 418304
797 1 98304 107520
624 1 368640 389632
124 1 196608 200704
89 1 483328 491520
230 1 622592 626688
55 1 532480 536576
534 1 131072 135168
163 1 106496 110592
379 1 352256 360448
665 9 25088 65536 65536 131072 131072 196608 196608 262144 262144 327680 327680 393216 393216 458752 458752 524288 524288 549376
88 1 659456 663552
55 1 528384 532480
585 1 286720 290816
92 1 659456 667648
221 1 733696 786432
222 8 0 65536 65536 131072 131072 196608 196608 262144 262144 327680 327680 393216 393216 458752 458752 471552
268 1 49152 53248
993 1 684032 688128
138 1 245760 249856
91 1 684032 692224
815 1 655360 659456
815 1 651264 655360
535 1 552960 569344
147 1 372736 373248
346 1 139264 147456
320 1 524288 557056
609 1 12288 16384
86 1 102400 106496
286 2 712704 720896 720896 724992
179 1 589824 610304
286 1 724992 729088
85 1 692224 696320
519 1 311296 315392
70 1 376832 380928
668 1 73728 94208
832 1 540672 548864
664 1 16384 17408
351 1 425984 430080
96 1 450560 454656
351 1 245760 249856
797 1 131072 135168
535 1 569344 581632
96 1 516096 524288
351 1 425984 430080
539 1 561152 565248
535 1 512000 516096
96 1 454656 458752
566 1 90112 110592
535 1 577536 581632
874 1 299008 303104
874 1 286720 290816
535 1 565248 569344
917 3 90112 131072 131072 196608 196608 212992
43 1 249856 253952
181 1 704512 708608
911 2 258048 262144 262144 274432
415 3 512000 524288 524288 589824 589824 634880
535 1 499712 503808
71 1 524288 540672
646 1 118784 126976
183 1 516096 524288
812 1 405504 413696
429 3 282624 327680 327680 393216 393216 405504
346 1 147456 151552
819 1 466944 471040
652 1 151552 155648
259 1 126976 131072
740 1 200704 204800
816 1 262144 266240
304 1 241664 245760
824 1 774144 778240
156 1 94208 98304
194 1 323584 327680
758 1 528384 544768
277 1 757760 761856
589 1 524288 581632
252 1 57344 61440
542 1 204800 212992
589 1 581632 585728
252 1 57344 61440
542 1 274432 278528
759 2 524288 589824 589824 626688
759 1 520192 524288
252 1 57344 61440
213 1 741376 745472
500 1 766464 786432
501 4 0 65536 65536 131072 131072 196608 196608 200704
223 5 36864 65536 65536 131072 131072 196608 196608 262144 262144 294912
501 4 200704 262144 262144 327680 327680 393216 393216 430592
223 5 294912 327680 327680 393216 393216 458752 458752 524288 524288 589824
501 5 496128 524288 524288 589824 589824 655360 655360 720896 720896 753664
501 1 761856 786432
502 4 0 65536 65536 131072 131072 196608 196608 242176
223 3 614400 655360 655360 720896 720896 778240
837 8 320000 327680 327680 393216 393216 458752 458752 524288 524288 589824 589824 655360 655360 720896 720896 786432
838 1 0 57856
84 1 491520 495616
713 2 446464 458752 458752 462848
298 1 167936 172032
224 9 57344 65536 65536 131072 131072 196608 196608 262144 262144 327680 327680 393216 393216 458752 458752 524288 524288 581632
75 1 155648 159744
502 9 242176 262144 262144 327680 327680 393216 393216 458752 458752 524288 524288 589824 589824 655360 655360 720896 720896 766464
298 1 155648 159744
791 1 327680 331776
838 9 57856 65536 65536 131072 131072 196608 196608 262144 262144 327680 327680 393216 393216 458752 458752 524288 524288 582144
163 1 540672 557056
840 1 131072 147456
43 1 774144 778240
43 1 163840 176128
44 1 98304 102400
44 1 81920 86016
294 1 233472 237568
216 1 487424 491520
44 1 286720 290816
277 1 294912 299008
83 1 217088 221184
542 1 323584 327680
542 2 258048 262144 262144 270336
902 1 135168 139264
564 1 4096 8192
850 1 630784 634880
649 1 200704 204800
542 1 266240 270336
902 1 135168 139264
564 1 4096 8192
223 7 389120 393216 393216 458752 458752 524288 524288 589824 589824 655360 655360 720896 720896 786432
224 2 0 65536 65536 126976
224 9 126976 131072 131072 196608 196608 262144 262144 327680 327680 393216 393216 458752 458752 524288 524288 589824 589824 651264
14 1 643072 647168
224 2 651264 655360 655360 720896
83 1 217088 221184
966 1 262144 327680
542 1 204800 208896
225 8 65536 131072 131072 196608 196608 262144 262144 327680 327680 393216 393216 458752 458752 524288 524288 589824
542 1 270336 278528
224 1 720896 786432
225 1 0 65536
193 1 221184 225280
987 5 520704 524288 524288 589824 589824 655360 655360 720896 720896 786432
988 4 0 65536 65536 131072 131072 196608 196608 258560
770 1 303104 307200
64 1 544768 546304
161 1 294912 303104
833 1 569344 573440
850 1 20480 24576
318 1 139264 143360
751 1 348160 352256
3 1 638976 643072
583 1 0 32768
581 1 380928 385024
132 1 380928 390144
881 1 225280 229376
600 2 192512 196608 196608 200704
881 1 225280 229376
600 1 262144 266240
194 1 331776 348160
881 1 225280 229376
600 1 196608 200704
881 1 225280 229376
496 1 446464 450560
916 1 651264 655360
56 1 32768 57344
229 1 241664 249856
229 1 237568 241664
70 2 294912 327680 327680 344064
962 3 589824 655360 655360 720896 720896 786432
963 1 0 45056
0 1 442368 454656
41 1 290816 294912
70 1 344064 348160
50 1 299008 319488
951 1 618496 622592
962 8 65536 131072 131072 196608 196608 262144 262144 327680 327680 393216 393216 458752 458752 524288 524288 589824
229 1 249856 253952
750 2 385024 393216 393216 405504
332 1 520192 524288
508 1 98304 110592
70 1 348160 376832
70 1 376832 380928
909 2 204800 262144 262144 327680
910 1 131072 196608
75 1 167936 172032
427 1 458752 466944
44 1 114688 118784
103 1 172032 176128
724 1 176128 184320
287 1 253952 258048
807 1 155648 159744
476 1 512000 520192
80 1 684032 688128
218 1 20480 24576
807 1 778240 782336
325 1 303104 307200
80 1 614400 618496
99 1 606208 610304
72 1 45056 49152
259 1 417792 450560
211 1 409600 413696
64 1 36864 65536
114 1 229376 253952
64 1 65536 69632
459 1 0 12288
918 1 102400 106496
556 1 417792 421888
815 1 659456 663552
815 1 647168 651264
142 1 344064 364544
135 1 446464 450560
862 1 65536 67072
763 1 638976 643072
135 1 421888 425984
379 1 360448 364544
774 1 520192 524288
55 1 532480 536576
230 1 520192 524288
452 2 688640 720896 720896 786432
453 7 0 65536 65536 131072 131072 196608 196608 262144 262144 327680 327680 393216 393216 426496
798 1 258048 262144
163 1 106496 110592
798 1 204800 208896
55 1 528384 532480
161 1 20480 24576
585 1 229376 237568
665 4 549376 589824 589824 655360 655360 720896 720896 786432
666 5 0 65536 65536 131072 131072 196608 196608 262144 262144 287232
42 2 466944 524288 524288 540672
42 1 540672 544768
701 1 315392 319488
345 1 520192 524288
764 1 708608 712704
159 1 159744 163840
159 1 286720 290816
950 2 671744 720896 720896 745472
946 1 413696 417792
159 1 352256 356352
950 1 745472 749568
183 1 434176 442368
222 1 90112 94208
39 1 479232 483328
535 1 532480 536576
367 1 102400 106496
782 1 233472 237568
536 1 557056 565248
585 1 258048 262144
376 1 544768 548864
669 1 651264 655360
214 1 520192 524288
670 1 196608 208896
64 1 487424 499712
670 1 208896 212992
669 1 716800 720896
491 1 249856 258048
927 1 147456 151552
491 1 258048 262144
537 1 736768 737280
342 1 430592 431104
561 1 73728 94208
535 1 466944 479232
799 1 20480 24576
152 1 577536 581632
535 1 573440 577536
362 1 380928 389120
152 1 589824 593920
333 1 421888 425984
925 1 139264 143360
972 1 327680 331776
834 1 237568 241664
535 1 507904 512000
695 1 303104 307200
545 1 385024 389120
253 1 438272 446464
447 2 245760 262144 262144 299008
984 1 163840 167936
447 1 299008 303104
106 1 753664 757760
107 1 507904 512000
803 1 86016 90112
984 1 167936 172032
106 1 720896 721408
99 1 475136 495616
984 1 163840 167936
11 1 204800 208896
65 1 36864 40960
706 1 466944 503808
542 1 208896 212992
86 1 729088 753664
710 2 360448 393216 393216 421888
176 1 516096 520192
412 1 61440 65536
252 1 57344 61440
299 1 208896 212992
299 1 282624 290816
692 1 589824 614400
542 1 262144 286720
542 1 274432 278528
736 1 700928 720896
646 1 176128 180224
128 1 581632 585728
454 3 409600 458752 458752 524288 524288 532480
912 1 569344 573440
741 1 749568 753664
535 1 565248 569344
718 1 40960 45056
439 1 450560 454656
722 1 90112 94208
495 3 389120 393216 393216 458752 458752 512000
780 1 73728 77824
48 1 520192 524288
964 1 233472 241664
155 1 761856 765952
733 1 40960 45056
423 1 139264 151552
518 2 696320 720896 720896 786432
519 1 0 32768
670 1 262144 274432
246 1 290816 292352
536 1 282624 286720
352 1 344064 348160
751 1 364544 368640
398 1 339968 344064
161 1 303104 307200
850 1 8192 12288
192 1 684032 686592
564 1 454656 458752
132 1 376832 380928
583 1 606208 610304
952 1 331776 364544
952 1 364544 368640
369 1 692224 696320
781 1 765952 778240
266 1 757760 761856
795 1 618496 651264
386 1 303104 311296
504 1 573440 573952
795 1 651264 655360
55 1 532480 536576
322 1 315392 319488
713 1 577536 581632
453 1 426496 458752
159 1 606208 610304
159 1 536576 540672
989 1 299008 303104
141 1 335872 339968
9 1 634880 635904
139 1 294912 299008
231 1 36864 40960
317 1 749568 753664
637 1 512000 516096
379 1 61440 65536
329 1 663552 667648
840 1 147456 151552
379 1 327680 364544
542 1 270336 274432
820 1 679424 699904
250 1 229376 233472
21 1 745472 753664
542 1 204800 208896
673 2 323584 327680 327680 335872
50 1 262144 282624
565 1 614400 634880
542 1 270336 278528
50 1 282624 294912
565 1 634880 638976
565 1 671744 679936
157 1 81920 86016
157 1 708608 716800
792 1 380928 385024
804 1 106496 118784
41 1 315392 327680
41 1 491520 499712
544 1 544768 565248
545 2 188416 196608 196608 204800
480 1 581632 585728
194 1 299008 311296
480 1 540672 544768
89 1 421888 425984
857 1 225280 237568
91 1 12288 16384
547 1 450560 458752
90 1 458752 466944
41 1 561152 569344
194 1 225280 229376
542 1 290816 294912
629 1 32768 65536
803 1 528384 532480
924 1 380928 385024
803 1 663552 679936
602 2 655872 720896 720896 786432
603 7 0 65536 65536 131072 131072 196608 196608 262144 262144 327680 327680 393216 393216 393728
603 6 393728 458752 458752 524288 524288 589824 589824 655360 655360 720896 720896 786432
604 3 0 65536 65536 131072 131072 131584
22 1 196608 200704
22 1 679936 684032
704 1 438272 442368
814 1 294912 303104
767 1 413696 417792
767 1 430080 434176
537 1 266240 327680
668 1 643072 655360
537 1 327680 331776
604 4 229376 262144 262144 327680 327680 393216 393216 397312
604 4 401408 458752 458752 524288 524288 589824 589824 614400
604 2 131584 196608 196608 229376
604 1 622592 634880
701 1 311296 315392
42 2 544768 589824 589824 598016
189 1 708608 712704
183 1 217088 221184
183 1 155648 163840
191 1 274432 278528
146 1 458752 462848
183 1 675840 679936
443 1 466944 471040
761 2 33280 65536 65536 102400
992 2 36864 65536 65536 69632
297 1 16384 20480
761 4 167936 196608 196608 262144 262144 327680 327680 364544
257 1 94208 98304
775 4 311296 327680 327680 393216 393216 458752 458752 507904
341 1 569344 577536
775 1 770048 786432
776 1 0 45568
341 1 577536 581632
776 2 45568 65536 65536 114688
542 1 270336 274432
776 2 376832 393216 393216 442368
565 1 614400 630784
777 3 106496 131072 131072 196608 196608 237568
605 1 24576 28672
758 1 638976 643072
977 1 155648 159744
339 1 114688 118784
514 2 0 65536 65536 86016
923 2 253952 262144 262144 274432
856 1 442368 446464
365 2 581632 589824 589824 598016
823 2 557056 589824 589824 602112
667 1 770048 774144
81 1 53248 57344
394 1 458752 466944
165 1 544768 552960
712 1 491520 495616
60 1 765952 770048
320 1 552960 589824
233 1 524288 528384
371 1 65536 69632
635 1 450560 454656
369 1 352256 356352
562 1 401408 405504
320 1 208896 212992
354 1 557056 561152
378 1 782336 786432
718 1 0 16384
791 1 28672 49152
117 1 741376 786432
118 1 0 49152
627 1 229376 233472
606 2 458752 524288 524288 581632
884 1 765952 782336
118 1 49152 53248
142 1 495616 503808
225 1 425472 433664
71 1 540672 561152
459 1 73216 81408
412 1 495104 503296
535 1 499712 503808
542 1 212992 217088
782 1 593920 598016
362 1 389120 393216
196 1 655360 659456
535 1 573440 577536
163 1 106496 110592
612 1 262144 266240
727 1 647168 651264
71 2 577536 589824 589824 598016
826 1 761856 765952
55 1 528384 532480
9 1 630784 634880
745 1 266240 270336
585 1 290816 294912
666 8 287232 327680 327680 393216 393216 458752 458752 524288 524288 589824 589824 655360 655360 720896 720896 786432
667 1 0 25088
43 1 159744 163840
789 1 712704 716800
55 1 532480 536576
468 1 491520 499712
665 1 634880 647168
269 1 180224 184320
535 1 495616 499712
548 1 4096 8192
925 9 205312 262144 262144 327680 327680 393216 393216 458752 458752 524288 524288 589824 589824 655360 655360 720896 720896 729600
42 1 16384 20480
583 1 274432 278528
417 1 61440 65536
925 1 729600 786432
926 8 0 65536 65536 131072 131072 196608 196608 262144 262144 327680 327680 393216 393216 458752 458752 467456
660 1 73728 77824
660 1 126976 131072
927 2 180224 196608 196608 209408
926 5 467456 524288 524288 589824 589824 655360 655360 720896 720896 786432
927 3 0 65536 65536 131072 131072 176128
724 1 487424 507904
724 1 507904 520192
905 1 655360 659456
194 2 258048 262144 262144 266240
988 8 258560 262144 262144 327680 327680 393216 393216 458752 458752 524288 524288 589824 589824 655360 655360 675840
988 2 679936 720896 720896 721408
102 1 16384 20480
427 1 466944 471040
542 1 200704 204800
397 2 45056 65536 65536 73728
394 1 466944 471040
221 1 708608 720896
397 1 73728 77824
181 1 684032 700416
582 1 442368 450560
3 1 634880 638976
685 1 442368 446464
652 1 172032 176128
758 1 483328 487424
582 1 495616 499712
876 1 397312 401408
582 1 647168 651264
424 1 401408 409600
652 1 294912 299008
876 1 442368 446464
424 1 409600 413696
882 1 335872 339968
232 1 200704 208896
434 1 262144 270336
922 1 462848 466944
92 1 106496 110592
92 1 98304 102400
477 1 225280 229376
409 1 270336 282624
265 1 69632 81920
409 1 282624 286720
232 1 204800 208896
922 1 397312 405504
815 1 163840 167936
429 1 614400 626688
824 1 389120 392704
815 1 655360 659456
815 1 647168 651264
543 1 641536 642048
831 1 516096 520192
848 1 212992 217088
369 1 692224 696320
561 1 421888 434176
266 1 757760 761856
535 1 466944 475136
247 1 217088 221184
801 1 262144 274432
542 1 278528 286720
539 1 561152 565248
535 1 512000 516096
703 1 565248 581632
377 1 638976 643072
261 1 520192 524288
566 1 110592 114688
566 1 147456 155648
535 1 577536 581632
535 1 512000 524288
351 1 425984 430080
820 9 155136 196608 196608 262144 262144 327680 327680 393216 393216 458752 458752 524288 524288 589824 589824 655360 655360 679424
72 1 49152 57344
153 2 57344 65536 65536 77824
72 1 57344 61440
542 1 282624 319488
250 1 229376 233472
422 1 331776 339968
422 1 339968 344064
479 1 364544 372736
306 9 253952 262144 262144 327680 327680 393216 393216 458752 458752 524288 524288 589824 589824 655360 655360 720896 720896 778240
306 1 778240 786432
307 8 0 65536 65536 131072 131072 196608 196608 262144 262144 327680 327680 393216 393216 458752 458752 516096
524 1 172032 184320
528 8 4096 65536 65536 131072 131072 196608 196608 262144 262144 327680 327680 393216 393216 458752 458752 520192
527 8 266240 327680 327680 393216 393216 458752 458752 524288 524288 589824 589824 655360 655360 720896 720896 786432
528 1 0 4096
528 2 716800 720896 720896 774144
529 1 20480 40960
528 2 651264 655360 655360 712704
529 1 40960 61440
528 1 643072 651264
529 5 126976 131072 131072 196608 196608 262144 262144 327680 327680 393216
657 1 196608 212992
528 1 618496 638976
545 2 385024 393216 393216 397312
545 1 434176 442368
546 1 118784 122880
460 1 61440 65536
882 1 356352 360448
667 1 577536 581632
468 1 155648 163840
545 1 288256 288768
468 1 163840 167936
140 2 450560 458752 458752 466944
361 1 696320 704512
54 1 90112 98304
140 1 466944 487424
54 1 28672 32768
565 1 614400 634880
542 1 237568 241664
902 1 204800 208896
542 1 208896 212992
225 3 589824 655360 655360 720896 720896 770048
519 2 651264 655360 655360 659456
542 1 274432 282624
233 1 724992 729088
218 2 712704 720896 720896 745472
902 1 204800 208896
542 1 212992 217088
521 5 147456 196608 196608 262144 262144 327680 327680 393216 393216 421888
0 1 720896 724992
6 1 634880 647168
6 1 651264 655360
14 1 643072 647168
0 1 724992 757760
316 1 245760 249856
234 1 589824 614400
316 1 262144 266240
308 2 405504 458752 458752 512000
183 1 282624 290816
184 1 307200 311296
42 1 598016 602112
701 1 315392 319488
770 1 303104 307200
654 1 724992 786432
655 1 0 61440
811 3 323584 327680 327680 393216 393216 409600
512 2 581632 589824 589824 614400
141 1 16384 20480
810 3 557056 589824 589824 655360 655360 679936
348 1 204800 241664
118 1 53248 61440
535 1 565248 577536
492 1 663552 667648
142 1 499712 507904
822 1 380928 385024
393 1 720896 765952
118 1 61440 65536
945 1 249856 253952
331 3 372736 393216 393216 458752 458752 495616
576 1 266240 286720
542 1 278528 282624
176 1 446464 450560
740 1 81920 122880
542 1 286720 290816
252 1 57344 61440
310 2 634880 655360 655360 675840
69 1 495616 524288
542 1 208896 212992
736 1 757760 786432
737 8 0 65536 65536 131072 131072 196608 196608 262144 262144 327680 327680 393216 393216 458752 458752 492032
744 1 655360 720896
252 1 57344 61440
542 1 274432 282624
737 5 492032 524288 524288 589824 589824 655360 655360 720896 720896 786432
738 4 0 65536 65536 131072 131072 196608 196608 229888
738 9 229888 262144 262144 327680 327680 393216 393216 458752 458752 524288 524288 589824 589824 655360 655360 720896 720896 754176
542 1 204800 208896
436 1 65536 69632
709 1 491520 495616
922 1 475136 479232
606 1 262144 266240
914 1 770048 774144
64 1 602112 606208
914 1 761856 765952
75 1 163840 180224
93 2 61440 65536 65536 81920
93 1 81920 86016
93 1 708608 716800
75 2 180224 196608 196608 200704
606 1 319488 323584
709 1 491520 495616
922 1 409600 413696
252 1 462848 483328
231 1 32768 36864
139 1 118784 122880
989 1 303104 307200
453 4 524288 589824 589824 655360 655360 720896 720896 786432
454 4 0 65536 65536 131072 131072 196608 196608 229888
715 1 675840 684032
382 1 155648 159744
55 1 528384 532480
662 1 225280 229376
478 1 278528 282624
535 1 507904 520192
535 1 466944 471040
926 1 557056 561152
597 1 335872 339968
666 1 454656 458752
535 1 581632 585728
666 1 524288 536576
597 1 401408 405504
430 2 192512 196608 196608 200704
882 1 380928 385024
194 1 290816 299008
222 5 471552 524288 524288 589824 589824 655360 655360 720896 720896 786432
223 3 0 65536 65536 131072 131072 143872
493 1 106496 110592
535 1 466944 471040
542 1 282624 290816
958 1 217088 219136
628 1 544768 547328
1 1 442368 446464
642 1 602112 603136
91 1 258048 262144
645 1 348160 357888
90 1 737280 741376
644 1 540672 543232
72 2 61440 65536 65536 69632
72 1 69632 73728
710 1 212992 217088
250 1 229376 233472
916 1 446464 450560
668 1 651264 655360
542 1 274432 278528
669 1 458752 475136
480 1 503296 507392
296 2 130560 131072 131072 163328
296 1 163328 167424
667 1 290816 311296
535 1 479232 487424
667 1 311296 323584
390 1 262144 270336
194 1 327680 348160
390 1 270336 274432
160 1 421888 434176
728 1 339968 344064
726 1 512000 516096
194 1 348160 360448
5 1 274432 278528
43 1 221184 262144
131 1 593920 610304
131 1 610304 630784
0 5 393216 458752 458752 524288 524288 589824 589824 655360 655360 696320
186 1 737280 786432
98 1 0 45056
0 1 442368 454656
186 2 610304 655360 655360 704512
346 1 536576 565248
979 2 319488 327680 327680 331776
307 1 585728 589824
307 1 593920 602112
273 1 729088 757760
979 1 368640 376832
307 1 655360 659456
965 1 741376 786432
307 1 659456 720896
971 1 65536 131072
389 1 589824 655360
971 1 0 65536
473 1 524288 589824
496 1 397312 405504
386 1 311296 315392
952 1 368640 376832
801 1 274432 278528
952 1 376832 380928
882 1 679936 684032
324 1 577536 581632
552 2 323584 327680 327680 331776
552 1 339968 344064
952 1 380928 389120
712 1 425984 430080
64 1 430080 438272
214 1 524288 528384
162 1 45056 61440
75 1 352256 356352
64 1 499712 503808
503 2 401408 458752 458752 479232
914 1 344064 348160
919 1 315392 319488
511 1 352256 360448
511 1 434176 450560
511 1 368640 376832
912 1 458752 466944
914 1 200704 204800
757 1 675840 692224
118 1 65536 73728
450 1 761856 770048
757 2 708608 720896 720896 741376
409 2 679936 720896 720896 786432
410 1 0 16384
308 2 651264 655360 655360 659456
154 1 487424 491520
316 2 266240 327680 327680 331776
316 3 348160 393216 393216 458752 458752 503808
231 2 520192 524288 524288 557056
542 1 278528 282624
323 3 98304 131072 131072 196608 196608 249856
343 1 32768 36864
382 1 577536 581632
382 1 716800 720896
404 1 622592 626688
352 1 176128 184320
382 1 671744 688128
404 1 598016 602112
405 2 258048 262144 262144 266240
218 1 753664 786432
219 1 0 4096
405 1 274432 278528
405 1 466944 475136
405 2 516096 524288 524288 528384
405 1 327680 352256
206 1 73728 77824
712 1 380928 385024
147 1 172032 174592
55 1 532480 536576
163 1 106496 110592
692 1 450560 454656
279 6 397824 458752 458752 524288 524288 589824 589824 655360 655360 720896 720896 786432
280 3 0 65536 65536 131072 131072 135680
0 1 618496 651264
71 1 598016 610304
585 1 233472 237568
667 7 25088 65536 65536 131072 131072 196608 196608 262144 262144 327680 327680 393216 393216 430080
124 1 200704 204800
958 1 565248 569344
474 1 745472 753664
542 1 208896 221184
474 1 753664 757760
958 1 565248 569344
542 1 282624 286720
479 1 372736 376832
163 1 540672 561152
222 1 352256 372736
128 1 417792 421888
75 1 233472 237568
43 1 155648 159744
398 1 212992 217088
96 2 520192 524288 524288 528384
703 1 581632 589824
535 1 585728 589824
704 1 196608 208896
422 1 151552 159744
351 1 425984 430080
542 1 270336 274432
535 1 520192 524288
96 1 462848 466944
422 1 159744 163840
398 1 212992 217088
351 1 425984 430080
535 1 585728 589824
96 1 528384 532480
75 1 221184 225280
224 4 581632 589824 589824 655360 655360 720896 720896 786432
225 5 0 65536 65536 131072 131072 196608 196608 262144 262144 319488
502 1 766464 786432
503 8 0 65536 65536 131072 131072 196608 196608 262144 262144 327680 327680 393216 393216 458752 458752 504320
838 4 582144 589824 589824 655360 655360 720896 720896 786432
839 2 0 65536 65536 98304
839 4 102400 131072 131072 196608 196608 262144 262144 324096
603 1 172032 196608
163 1 557056 577536
85 1 196608 262144
503 5 504320 524288 524288 589824 589824 655360 655360 720896 720896 786432
504 1 0 53248
504 4 57344 65536 65536 131072 131072 196608 196608 246272
225 8 319488 327680 327680 393216 393216 458752 458752 524288 524288 589824 589824 655360 655360 720896 720896 786432
226 1 0 57344
105 1 589824 655360
839 8 324096 327680 327680 393216 393216 458752 458752 524288 524288 589824 589824 655360 655360 720896 720896 786432
840 1 0 61952
603 4 196608 262144 262144 327680 327680 393216 393216 458752
763 1 487424 495616
85 1 262144 327680
504 9 246272 262144 262144 327680 327680 393216 393216 458752 458752 524288 524288 589824 589824 655360 655360 720896 720896 770560
226 9 57344 65536 65536 131072 131072 196608 196608 262144 262144 327680 327680 393216 393216 458752 458752 524288 524288 581632
68 1 593920 622592
815 1 98304 102400
764 1 630784 634880
338 1 745472 753664
565 2 331776 393216 393216 409600
565 1 409600 413696
163 1 344064 348160
320 1 606208 638976
180 1 561152 565248
320 1 638976 643072
449 1 61440 65536
223 1 94208 110592
75 1 692224 700416
223 1 110592 114688
815 1 659456 663552
815 1 647168 651264
535 1 479232 491520
485 1 577536 585728
485 1 585728 589824
43 1 57344 60416
199 1 294912 299008
21 1 720896 724992
430 1 200704 204800
597 1 335872 339968
535 1 516096 520192
626 1 208896 225280
43 1 155648 159744
926 1 557056 561152
553 1 32768 40960
282 1 524288 544768
142 1 503808 512000
48 1 446464 450048
657 1 196608 199168
710 1 32768 53248
710 1 53248 57344
675 1 61440 62976
958 1 94208 97792
709 1 770048 786432
710 1 0 28672
933 1 692224 694272
958 1 176128 179712
710 1 90112 118784
83 1 73728 122880
469 2 4096 65536 65536 126976
914 1 385024 389120
958 1 466944 471040
951 1 565248 566784
607 2 626688 655360 655360 692224
542 1 225280 241664
542 1 212992 221184
608 2 696320 720896 720896 761856
405 1 569344 577536
405 1 495616 499712
405 1 532480 548864
404 2 630784 655360 655360 663552
405 1 663552 667648
405 1 626688 634880
405 1 684032 688128
406 1 348160 356352
406 2 364544 393216 393216 397312
382 1 692224 696320
404 1 606208 618496
405 1 249856 253952
352 1 204800 208896
405 1 294912 311296
405 1 376832 380928
405 1 503808 512000
405 1 552960 565248
405 1 638976 643072
406 1 413696 417792
72 1 73728 86016
542 1 274432 282624
288 2 704512 720896 720896 724992
288 1 765952 786432
289 1 0 16384
72 1 86016 90112
137 1 741376 745472
710 1 212992 217088
250 1 229376 233472
852 1 376832 385024
105 1 352256 360448
152 2 585728 589824 589824 602112
535 1 532480 536576
461 1 356352 389120
64 1 483328 491520
153 1 16384 36864
42 1 602112 647168
42 1 647168 651264
333 1 196608 204800
333 1 204800 208896
767 2 61440 65536 65536 69632
738 1 754176 786432
739 8 0 65536 65536 131072 131072 196608 196608 262144 262144 327680 327680 393216 393216 458752 458752 492032
742 1 12800 16384
740 9 229888 262144 262144 327680 327680 393216 393216 458752 458752 524288 524288 589824 589824 655360 655360 720896 720896 754176
758 1 16384 36864
767 1 602112 610304
739 5 492032 524288 524288 589824 589824 655360 655360 720896 720896 786432
740 4 0 65536 65536 131072 131072 196608 196608 229888
741 5 492032 524288 524288 589824 589824 655360 655360 720896 720896 786432
742 1 0 12800
752 1 528384 552960
873 2 53760 65536 65536 77824
767 1 466944 471040
740 1 754176 786432
741 8 0 65536 65536 131072 131072 196608 196608 262144 262144 327680 327680 393216 393216 458752 458752 492032
761 1 24576 28672
747 8 258560 262144 262144 327680 327680 393216 393216 458752 458752 524288 524288 589824 589824 655360 655360 663552
761 1 204800 212992
759 1 32768 40960
86 1 102400 106496
476 1 319488 323584
286 1 729088 741376
286 1 741376 745472
216 1 143360 144384
532 1 49152 61440
120 1 49152 50176
28 1 306176 307712
467 1 24576 28672
214 1 520192 524288
695 1 249856 253952
163 1 630784 634880
876 1 778240 782336
454 9 229888 262144 262144 327680 327680 393216 393216 458752 458752 524288 524288 589824 589824 655360 655360 720896 720896 754176
55 1 528384 532480
667 3 434176 458752 458752 524288 524288 553472
232 1 204800 208896
876 1 745472 749568
881 1 24576 28672
280 1 135680 160256
280 1 160256 163840
163 1 106496 110592
901 1 438272 446464
258 1 237568 238592
381 1 4096 5120
220 1 581632 585728
162 1 712704 716800
383 1 745472 749568
535 1 532480 540672
535 1 471040 475136
535 1 536576 540672
736 2 385024 393216 393216 405504
535 1 471040 475136
535 1 536576 548864
43 1 155648 159744
41 1 610304 626688
85 1 749568 753664
489 2 577536 589824 589824 593920
535 1 536576 548864
242 1 323584 327680
322 7 360448 393216 393216 458752 458752 524288 524288 589824 589824 655360 655360 720896 720896 786432
323 2 0 65536 65536 98304
323 1 270336 327680
406 2 434176 458752 458752 471040
405 1 692224 708608
926 1 720896 786432
406 1 405504 409600
406 1 475136 479232
535 1 466944 471040
126 1 340992 341504
233 1 770048 782336
315 1 266240 270336
334 1 544768 548864
315 2 520192 524288 524288 528384
317 1 368640 372736
348 1 327680 331776
334 1 581632 585728
352 1 167936 176128
448 1 49152 53248
952 1 389120 393216
701 1 65536 73728
247 2 241664 262144 262144 266240
56 1 327680 331776
952 1 393216 425984
0 1 421888 438272
815 1 659456 663552
40 1 352256 356352
35 1 679936 684032
222 1 90112 94208
594 1 86016 90112
815 1 655360 659456
594 1 94208 98304
0 1 438272 458752
0 1 307200 311296
222 1 90112 94208
594 1 258048 262144
815 1 659456 663552
222 1 90112 94208
367 1 106496 110592
815 1 655360 659456
222 1 90112 94208
561 1 741376 757760
959 1 618496 622592
498 3 184320 196608 196608 262144 262144 307200
55 1 73728 77824
160 4 458752 524288 524288 589824 589824 655360 655360 688128
189 1 581632 585728
189 1 606208 610304
189 1 708608 712704
103 1 282624 286720
184 1 307200 315392
184 1 331776 335872
779 1 733184 737280
372 1 430080 434176
55 1 81920 94208
559 3 102400 131072 131072 196608 196608 225280
210 1 651264 655360
183 1 155648 159744
321 1 123904 124928
183 1 286720 290816
430 1 69632 77824
430 1 274432 290816
194 1 622592 626688
791 1 135168 139264
194 1 614400 618496
73 1 180224 182272
188 1 110592 114688
513 1 94208 98304
890 1 221184 229376
890 1 229376 233472
859 1 548864 565248
85 1 290816 323584
535 1 532480 536576
535 1 466944 471040
535 1 581632 585728
456 1 688128 696320
148 1 622592 630784
597 1 401408 405504
642 1 147456 148480
34 1 598016 602112
456 1 696320 700416
566 1 323584 327680
32 1 380928 385024
695 1 303104 307200
75 1 614400 618496
75 2 622592 655360 655360 679936
21 2 462848 524288 524288 528384
535 1 466944 471040
648 1 782336 786432
649 1 0 4096
534 2 688128 720896 720896 753664
649 2 32768 65536 65536 90112
393 2 307200 327680 327680 372736
554 1 331776 356352
392 1 528384 569344
390 2 352256 393216 393216 417792
131 1 540672 561152
391 2 667648 720896 720896 786432
392 1 0 12288
521 1 212992 253952
259 2 446464 458752 458752 483328
211 1 409600 413696
64 1 69632 81920
142 1 364544 376832
64 1 81920 86016
565 1 696320 716800
702 1 671744 675840
812 1 425984 430080
144 1 409600 413696
827 1 204800 207872
702 1 696320 720896
231 1 393216 405504
565 1 716800 720896
43 1 221184 229376
189 1 499712 503296
566 1 393216 401408
542 1 208896 212992
829 1 679936 686080
34 1 598016 602112
542 1 225280 229376
104 1 401408 405504
214 2 520192 524288 524288 528384
898 1 692224 696320
162 2 61440 65536 65536 81920
669 1 327680 331776
620 2 704512 720896 720896 737792
452 1 24576 32768
621 2 688128 720896 720896 733184
452 1 32768 36864
621 4 245760 262144 262144 327680 327680 393216 393216 430592
620 1 737792 786432
621 4 0 65536 65536 131072 131072 196608 196608 245760
668 1 745472 753664
669 1 720896 733184
542 1 208896 212992
542 1 204800 208896
621 5 430592 458752 458752 524288 524288 589824 589824 655360 655360 688128
621 1 733184 786432
622 4 0 65536 65536 131072 131072 196608 196608 213504
670 1 61440 65536
670 1 655360 671744
668 1 753664 765952
622 9 213504 262144 262144 327680 327680 393216 393216 458752 458752 524288 524288 589824 589824 655360 655360 720896 720896 737792
472 1 110592 118784
803 1 331776 339968
542 1 270336 278528
252 1 483328 495616
542 1 212992 217088
916 1 446464 450560
72 1 90112 102400
72 1 102400 106496
710 1 212992 217088
542 1 278528 286720
367 1 163840 172032
177 1 81920 86016
198 1 204800 208896
198 1 221184 225280
198 1 249856 253952
604 1 188416 192512
723 1 540672 544768
203 1 765952 786432
204 8 0 65536 65536 131072 131072 196608 196608 262144 262144 327680 327680 393216 393216 458752 458752 495616
204 5 495616 524288 524288 589824 589824 655360 655360 720896 720896 786432
205 4 0 65536 65536 131072 131072 196608 196608 233472
747 1 380928 385024
205 9 233472 262144 262144 327680 327680 393216 393216 458752 458752 524288 524288 589824 589824 655360 655360 720896 720896 757760
41 1 577536 581632
41 1 512000 524288
64 1 483328 487424
542 1 204800 208896
93 1 0 20480
565 1 483328 503808
50 1 655360 659456
193 1 245760 249856
992 1 139264 143360
195 1 143360 147456
414 1 528384 532480
272 1 745472 749568
443 1 184320 188416
377 1 126976 131072
332 1 311296 315392
939 1 262144 266240
118 1 73728 77824
535 1 532480 536576
140 2 700416 720896 720896 741376
141 1 389120 393216
560 3 548864 589824 589824 655360 655360 671744
161 1 540672 544768
542 1 303104 307200
156 1 28672 32768
168 1 163840 167936
168 1 614400 622592
952 1 274432 290816
126 2 417792 458752 458752 471040
321 1 124928 125440
43 1 757760 786432
44 1 0 65536
992 2 389120 393216 393216 409600
925 1 159744 167936
225 1 352256 356352
123 1 405504 409600
952 1 425984 430080
499 1 212992 221184
499 1 344064 348160
463 1 614400 622592
165 1 250880 251392
499 1 376832 380928
247 1 241664 245760
565 1 712704 720896
369 2 692224 720896 720896 729088
483 1 303104 311296
61 1 32768 36864
956 1 745472 749568
989 9 512 65536 65536 131072 131072 196608 196608 262144 262144 327680 327680 393216 393216 458752 458752 524288 524288 524800
252 2 688128 720896 720896 753664
984 2 692224 720896 720896 729088
353 1 643072 647168
0 1 421888 438272
394 2 503808 524288 524288 569344
219 1 167936 172032
2 1 278528 311296
393 3 643072 655360 655360 720896 720896 774144
985 1 163840 188416
698 1 471040 475136
517 1 761856 786432
518 1 0 40960
518 3 303104 327680 327680 393216 393216 434176
394 1 737280 782336
395 1 225280 245760
927 8 209408 262144 262144 327680 327680 393216 393216 458752 458752 524288 524288 589824 589824 655360 655360 668160
57 1 708608 712704
927 1 733696 786432
928 8 0 65536 65536 131072 131072 196608 196608 262144 262144 327680 327680 393216 393216 458752 458752 471552
535 1 561152 565248
686 1 684032 686592
57 1 708608 712704
928 5 471552 524288 524288 589824 589824 655360 655360 720896 720896 786432
929 4 0 65536 65536 131072 131072 196608 196608 209408
542 1 270336 274432
535 1 495616 503808
707 1 495616 516096
57 1 708608 712704
697 1 294912 307200
542 1 212992 225280
382 1 69632 73728
439 1 688128 692224
424 1 630784 634880
424 1 671744 675840
762 1 380928 385024
862 1 684032 696320
37 1 704512 708608
756 1 434176 446464
105 1 524288 532480
521 1 282624 299008
126 2 274432 327680 327680 356352
521 1 307200 315392
705 1 131072 147456
902 1 212992 217088
473 3 90112 131072 131072 196608 196608 221184
272 6 221184 262144 262144 327680 327680 393216 393216 458752 458752 524288 524288 577536
155 1 139264 143360
542 1 286720 290816
205 1 757760 786432
206 8 0 65536 65536 131072 131072 196608 196608 262144 262144 327680 327680 393216 393216 458752 458752 495616
760 1 659456 684032
758 4 561152 589824 589824 655360 655360 720896 720896 786432
759 1 0 32768
761 1 40960 45056
758 9 36864 65536 65536 131072 131072 196608 196608 262144 262144 327680 327680 393216 393216 458752 458752 524288 524288 561152
987 1 606208 610304
759 9 40960 65536 65536 131072 131072 196608 196608 262144 262144 327680 327680 393216 393216 458752 458752 524288 524288 565248
803 1 294912 303104
759 4 565248 589824 589824 655360 655360 720896 720896 786432
760 5 0 65536 65536 131072 131072 196608 196608 262144 262144 303104
803 2 188416 196608 196608 245760
761 9 45056 65536 65536 131072 131072 196608 196608 262144 262144 327680 327680 393216 393216 458752 458752 524288 524288 569344
762 3 614400 655360 655360 720896 720896 786432
763 1 0 40960
762 6 307200 327680 327680 393216 393216 458752 458752 524288 524288 589824 589824 610304
876 2 245760 262144 262144 311296
30 1 405504 409600
907 1 335872 339968
280 5 180224 196608 196608 262144 262144 327680 327680 393216 393216 442368
55 1 532480 536576
585 1 290816 294912
280 5 446464 458752 458752 524288 524288 589824 589824 655360 655360 680448
461 1 745472 753664
837 1 659456 692224
535 1 479232 483328
55 1 528384 532480
880 1 290816 294912
667 4 553472 589824 589824 655360 655360 720896 720896 778240
657 1 122880 126976
461 1 753664 757760
699 1 614400 630784
535 1 532480 540672
845 1 630784 643072
455 1 139264 143360
455 1 135168 139264
699 1 630784 651264
863 1 274432 278528
877 1 278528 290816
731 1 413696 417792
731 1 630784 634880
307 1 385024 393216
737 1 495616 499712
798 1 237568 241664
308 1 708608 712704
731 1 638976 643072
32 1 471040 475136
732 1 221184 225280
423 1 438272 442368
736 1 409600 417792
423 1 389120 393216
154 1 593920 598016
259 1 479232 516096
386 1 20480 28672
490 1 401408 446976
211 1 409600 413696
542 1 270336 278528
386 1 28672 32768
32 1 557056 561152
867 1 126976 131072
64 1 86016 98304
802 1 86016 87552
221 1 446464 450560
64 1 98304 102400
475 1 24576 32768
490 1 397312 401408
610 1 282624 286720
154 1 737280 741376
571 1 663552 679936
548 1 167936 184320
64 1 434176 438272
75 1 286720 290816
64 1 499712 507904
16 1 524288 528384
535 1 532480 536576
917 2 294912 327680 327680 360448
389 3 364544 393216 393216 458752 458752 495616
17 1 131072 135168
985 1 143360 163840
389 2 688128 720896 720896 729088
254 2 430080 458752 458752 495616
534 1 430080 434176
17 1 139264 176128
487 1 139264 163840
18 1 172032 196608
251 1 327680 368640
254 2 98304 131072 131072 147456
555 2 94208 131072 131072 159744
168 2 536576 589824 589824 602112
985 2 253952 262144 262144 299008
254 1 151552 167936
463 1 622592 626688
342 1 16384 20480
342 1 376832 380928
127 1 225280 229376
566 1 655360 667648
266 1 757760 761856
952 1 430080 438272
483 1 311296 315392
896 1 454656 458752
123 1 434176 438272
993 1 65536 69632
225 1 385024 389120
542 1 208896 212992
239 1 765952 770048
801 1 278528 290816
905 1 131072 139264
932 1 147456 155648
566 1 368640 385024
542 1 204800 212992
247 1 421888 430080
815 1 655360 659456
777 2 40960 65536 65536 106496
968 1 749568 782336
815 1 647168 651264
777 3 434176 458752 458752 524288 524288 561664
968 1 782336 786432
247 1 430080 434176
778 2 37376 65536 65536 106496
969 1 0 24576
969 1 24576 28672
778 2 303104 327680 327680 368640
778 3 565248 589824 589824 655360 655360 696320
223 9 209408 262144 262144 327680 327680 393216 393216 458752 458752 524288 524288 589824 589824 655360 655360 720896 720896 733696
579 1 708608 712704
142 1 331776 333312
580 1 397312 401408
377 1 638976 643072
351 1 425984 430080
741 1 217088 221184
96 1 462848 466944
535 2 520192 524288 524288 528384
351 1 425984 430080
535 1 589824 598016
96 1 528384 532480
520 1 401408 409600
226 1 421888 424960
172 1 663552 667648
216 1 241664 243200
535 1 528384 532480
351 1 425984 430080
809 1 57344 58880
346 1 565248 569344
496 1 405504 409600
273 1 757760 761856
982 6 262144 327680 327680 393216 393216 458752 458752 524288 524288 589824 589824 655360
14 1 393216 458752
2 1 458752 524288
95 1 679936 684032
887 1 69632 73728
22 2 262144 327680 327680 339968
413 1 421888 425984
319 1 430080 434176
319 1 417792 421888
91 1 638976 643072
413 1 376832 380928
500 1 339968 348160
505 1 294912 315392
206 5 495616 524288 524288 589824 589824 655360 655360 720896 720896 786432
207 4 0 65536 65536 131072 131072 196608 196608 233472
103 1 499712 503808
373 1 643072 647168
148 1 630784 634880
566 1 655360 667648
373 1 655360 659456
597 1 335872 348160
196 1 655360 659456
542 1 208896 217088
536 1 745472 749568
535 1 516096 524288
313 1 618496 622592
208 1 471040 474112
535 2 585728 589824 589824 593920
542 1 270336 274432
565 1 614400 634880
32 1 687616 695808
544 1 24064 28160
96 1 97792 101888
123 1 181760 182272
565 1 634880 638976
565 1 671744 679936
368 2 110592 131072 131072 167936
126 1 471040 475136
701 1 458752 479232
45 1 532480 561152
219 2 716800 720896 720896 786432
220 1 0 53248
988 2 716800 720896 720896 737280
923 2 643072 655360 655360 663552
542 1 237568 241664
319 1 364544 380928
535 1 466944 471040
897 1 516096 520192
939 1 262144 266240
922 1 348160 364544
133 1 634880 638976
321 1 125440 125952
321 1 125952 126464
214 1 520192 524288
64 1 438272 442368
958 1 565248 569344
542 1 217088 221184
958 1 565248 569344
542 1 282624 286720
899 9 159744 196608 196608 262144 262144 327680 327680 393216 393216 458752 458752 524288 524288 589824 589824 655360 655360 684032
958 1 565248 569344
207 9 233472 262144 262144 327680 327680 393216 393216 458752 458752 524288 524288 589824 589824 655360 655360 720896 720896 757760
388 1 311296 319488
227 1 417792 421888
542 1 204800 208896
535 1 565248 569344
707 1 548864 552960
583 1 471040 479232
92 1 516096 517120
929 9 209408 262144 262144 327680 327680 393216 393216 458752 458752 524288 524288 589824 589824 655360 655360 720896 720896 733696
16 1 487424 491520
57 1 708608 712704
367 1 172032 176128
799 1 647168 651264
681 1 253952 258048
710 1 212992 217088
830 2 20480 65536 65536 70144
250 1 229376 233472
610 1 311296 319488
542 1 204800 208896
922 1 442368 446464
232 1 204800 208896
565 1 483328 503808
432 1 339968 348160
922 1 466944 471040
432 1 348160 352256
565 1 503808 507904
565 1 540672 548864
118 1 90112 94208
772 1 274432 290816
570 1 155648 167936
543 1 651776 652288
677 1 77824 81920
391 1 368640 376832
629 2 45056 65536 65536 69632
807 1 573440 589824
168 1 471040 507904
4 2 184320 196608 196608 249856
393 2 372736 393216 393216 438272
222 1 372736 385024
985 1 393216 458752
807 2 606208 655360 655360 720896
195 2 118784 131072 131072 184320
390 3 57344 65536 65536 131072 131072 188416
985 1 139264 143360
254 2 233472 262144 262144 299008
985 1 458752 475136
985 1 208896 253952
985 2 188416 196608 196608 208896
985 1 327680 372736
807 3 442368 458752 458752 524288 524288 573440
293 2 585728 589824 589824 651264
600 1 262144 266240
881 1 225280 229376
600 1 196608 204800
194 1 348160 368640
881 1 225280 229376
600 1 266240 270336
390 1 458752 471040
87 1 163840 167936
543 1 634368 634880
840 9 61952 65536 65536 131072 131072 196608 196608 262144 262144 327680 327680 393216 393216 458752 458752 524288 524288 586240
68 1 622592 626688
603 5 458752 524288 524288 589824 589824 655360 655360 720896 720896 786432
840 2 586240 589824 589824 643072
841 1 393216 434176
520 1 401408 405504
504 1 770560 786432
505 8 0 65536 65536 131072 131072 196608 196608 262144 262144 327680 327680 393216 393216 458752 458752 508416
226 4 581632 589824 589824 655360 655360 720896 720896 786432
227 5 0 65536 65536 131072 131072 196608 196608 262144 262144 319488
840 3 643072 655360 655360 720896 720896 786432
841 4 0 65536 65536 131072 131072 196608 196608 217600
520 1 335872 339968
421 2 425984 458752 458752 466944
689 1 368640 372736
686 1 139264 143360
236 1 434176 438272
520 1 659456 663552
521 1 274432 299008
841 2 283136 327680 327680 393216
37 1 573440 577536
873 1 12288 53760
760 8 303104 327680 327680 393216 393216 458752 458752 524288 524288 589824 589824 655360 655360 720896 720896 786432
761 1 0 40960
252 1 57344 61440
761 4 569344 589824 589824 655360 655360 720896 720896 786432
762 5 0 65536 65536 131072 131072 196608 196608 262144 262144 307200
551 1 393216 397312
876 2 704512 720896 720896 770048
542 1 212992 221184
551 1 401408 405504
551 1 425984 430080
877 2 376832 393216 393216 442368
747 1 258048 258560
747 1 688128 720896
252 1 57344 61440
671 1 16384 20480
877 1 770048 786432
878 1 0 49152
697 1 323584 327680
538 1 770048 774144
538 1 720896 724992
555 1 745472 753664
107 1 163840 180224
107 2 180224 196608 196608 200704
432 1 65536 68608
747 1 475136 479232
353 1 483328 485376
535 1 466944 471040
111 1 360448 364544
537 1 180224 184320
779 1 16384 20480
779 1 40960 45056
85 5 516608 524288 524288 589824 589824 655360 655360 720896 720896 786432
86 4 0 65536 65536 131072 131072 196608 196608 254464
86 1 254464 262144
86 7 327680 393216 393216 458752 458752 524288 524288 589824 589824 655360 655360 720896 720896 786432
87 1 0 57856
87 9 57856 65536 65536 131072 131072 196608 196608 262144 262144 327680 327680 393216 393216 458752 458752 524288 524288 582144
657 1 147456 155648
508 1 253952 258048
454 1 754176 786432
455 8 0 65536 65536 131072 131072 196608 196608 262144 262144 327680 327680 393216 393216 458752 458752 492032
848 1 36864 65536
756 3 651264 655360 655360 720896 720896 786432
757 3 0 65536 65536 131072 131072 164352
0 1 421888 442368
55 1 532480 536576
508 1 532480 536576
383 1 0 4096
535 1 544768 552960
472 1 778240 782336
55 1 528384 532480
280 2 680448 720896 720896 786432
281 7 0 65536 65536 131072 131072 196608 196608 262144 262144 327680 327680 393216 393216 418304
190 1 475136 479232
757 1 164352 192512
105 2 57344 65536 65536 77824
345 2 389120 393216 393216 397312
467 1 24576 28672
345 1 397312 401408
898 6 430080 458752 458752 524288 524288 589824 589824 655360 655360 720896 720896 786432
899 3 0 65536 65536 131072 131072 159744
535 1 532480 536576
212 2 512000 524288 524288 548864
473 1 221184 225280
48 1 344064 360448
757 2 61440 65536 65536 92160
331 2 520192 524288 524288 544256
780 1 8192 64000
842 1 545792 548864
304 1 331776 343040
304 2 253952 262144 262144 327680
315 1 569344 573440
668 1 499712 516096
55 1 589824 655360
542 1 221184 225280
155 1 135168 139264
697 1 303104 307200
542 1 270336 274432
211 3 634880 655360 655360 720896 720896 786432
212 5 0 65536 65536 131072 131072 196608 196608 262144 262144 286720
61 1 745472 786432
62 1 0 24064
952 1 438272 442368
493 1 12288 16384
801 1 290816 294912
552 1 339968 344064
552 2 323584 327680 327680 331776
882 1 679936 684032
493 1 8192 12288
542 1 274432 282624
324 1 577536 581632
952 1 442368 450560
843 2 634880 655360 655360 663552
843 1 663552 667648
622 1 737792 786432
623 3 0 65536 65536 131072 131072 180224
670 1 90112 94208
670 1 192512 196608
653 1 430080 434176
670 1 720896 733184
145 2 704512 720896 720896 770048
869 1 655360 659456
499 1 737280 741376
127 5 360448 393216 393216 458752 458752 524288 524288 589824 589824 590336
499 1 720896 724992
499 1 659456 663552
499 1 753664 757760
500 1 61440 65536
500 1 212992 217088
500 1 323584 327680
500 1 262144 266240
526 1 475136 479232
528 1 352256 356352
505 2 315392 327680 327680 331776
18 1 720896 786432
505 1 335872 385024
75 1 618496 622592
503 2 229376 262144 262144 294912
974 1 507904 512000
778 1 77824 118784
390 1 458752 524288
533 2 376832 393216 393216 442368
19 1 131072 196608
293 1 557056 585728
293 2 491520 524288 524288 528384
254 2 167936 196608 196608 208896
806 2 454656 458752 458752 473600
870 1 131072 139264
907 1 212992 217088
455 1 663552 671744
813 1 61440 65536
580 1 405504 409600
770 1 303104 307200
455 1 671744 675840
483 1 131072 196608
481 3 589824 655360 655360 720896 720896 786432
482 3 0 65536 65536 131072 131072 196608
460 1 65536 131072
482 1 720896 786432
483 1 0 65536
419 1 589824 655360
483 1 65536 131072
483 2 196608 262144 262144 327680
419 1 655360 720896
460 1 131072 167936
483 1 339968 348160
528 2 565248 589824 589824 598016
528 1 528384 557056
499 4 380928 393216 393216 458752 458752 524288 524288 589824
528 1 774144 786432
529 1 0 20480
483 1 368640 385024
530 1 274432 278528
491 1 16384 40960
357 1 663552 671744
45 1 516096 520192
319 1 425984 430080
542 1 217088 221184
916 1 446464 450560
72 1 106496 118784
659 1 577536 581632
549 1 323584 327680
72 1 118784 122880
232 3 475136 524288 524288 589824 589824 598016
922 1 376832 380928
542 1 303104 307200
344 3 126976 131072 131072 196608 196608 249856
133 1 643072 651264
701 1 479232 499712
542 1 237568 245760
426 2 671744 720896 720896 786432
427 1 0 8192
922 1 573440 585728
923 1 471040 479232
479 3 172032 196608 196608 262144 262144 294912
242 1 659456 663552
634 1 237568 241664
710 1 720896 722432
45 1 45056 49152
900 6 421888 458752 458752 524288 524288 589824 589824 655360 655360 720896 720896 786432
901 3 0 65536 65536 131072 131072 159744
542 1 217088 225280
899 2 684032 720896 720896 786432
900 7 0 65536 65536 131072 131072 196608 196608 262144 262144 327680 327680 393216 393216 421888
901 9 159744 196608 196608 262144 262144 327680 327680 393216 393216 458752 458752 524288 524288 589824 589824 655360 655360 684032
561 1 524288 589824
542 1 270336 282624
565 1 483328 503808
153 1 36864 49152
15 1 729088 733184
64 1 421888 425984
16 1 110592 126976
2 1 577536 581632
343 1 102400 110592
565 1 503808 507904
565 1 540672 548864
925 1 655360 659456
542 1 212992 221184
242 1 610304 626688
925 1 651264 655360
96 1 385024 389120
72 1 32768 36864
72 1 28672 32768
365 1 270336 274432
415 1 229376 237568
319 1 0 1536
319 1 516096 520192
658 1 630784 633344
641 1 143360 145920
96 1 462848 466944
348 1 659456 667648
602 1 495616 507904
211 1 196608 262144
348 1 667648 671744
602 1 507904 512000
535 1 532480 536576
172 1 663552 667648
537 1 180224 184320
470 1 393216 421888
542 1 290816 294912
208 5 495616 524288 524288 589824 589824 655360 655360 720896 720896 786432
209 4 0 65536 65536 131072 131072 196608 196608 233472
209 2 692224 720896 720896 786432
210 7 0 65536 65536 131072 131072 196608 196608 262144 262144 327680 327680 393216 393216 430080
207 1 757760 786432
208 8 0 65536 65536 131072 131072 196608 196608 262144 262144 327680 327680 393216 393216 458752 458752 495616
388 1 319488 323584
227 1 425984 430080
209 8 233472 262144 262144 327680 327680 393216 393216 458752 458752 524288 524288 589824 589824 655360 655360 692224
210 6 430080 458752 458752 524288 524288 589824 589824 655360 655360 720896 720896 786432
211 3 0 65536 65536 131072 131072 159744
227 1 446464 450560
559 1 311296 315392
214 1 524288 528384
514 1 86016 90112
861 1 770048 786432
862 1 0 8192
778 1 663552 667648
778 1 655360 659456
522 1 241664 245760
588 1 221184 225280
505 5 508416 524288 524288 589824 589824 655360 655360 720896 720896 786432
506 4 0 65536 65536 131072 131072 196608 196608 246272
687 1 413696 417792
679 1 688128 692224
704 1 421888 425984
38 1 507904 512000
521 1 307200 319488
157 1 495616 499712
392 2 16384 65536 65536 81920
652 1 356352 360448
227 8 319488 327680 327680 393216 393216 458752 458752 524288 524288 589824 589824 655360 655360 720896 720896 786432
228 1 0 57344
841 6 434176 458752 458752 524288 524288 589824 589824 655360 655360 720896 720896 786432
842 1 0 61952
46 1 413696 417792
419 1 561152 565248
563 1 643072 647168
520 1 573440 577536
421 1 466944 479232
653 1 434176 438272
579 1 692224 696320
896 1 507904 512000
526 1 581632 585728
527 1 253952 258048
527 1 434176 438272
528 1 581632 585728
500 1 12288 16384
529 1 126976 131072
500 1 237568 241664
526 1 724992 729088
527 1 331776 335872
527 1 663552 667648
528 1 286720 290816
528 1 491520 495616
499 1 200704 204800
528 1 745472 749568
527 1 761856 765952
526 1 458752 462848
499 1 16384 20480
526 1 618496 622592
462 1 110592 118784
200 1 286720 319488
462 1 118784 122880
50 1 684032 696320
368 1 69632 77824
368 1 77824 81920
736 1 557056 573440
494 1 253952 258048
705 1 323584 327680
21 1 700416 708608
552 1 393216 401408
502 1 417792 425984
494 1 253952 258048
21 1 770048 778240
494 1 253952 258048
47 1 577536 589824
22 1 73728 77824
22 1 0 4096
328 1 581632 589824
916 1 782336 786432
926 1 483328 499712
566 1 667648 688128
237 1 532480 536576
542 1 278528 286720
535 1 524288 528384
703 1 741376 774144
535 1 589824 598016
585 1 536576 544768
738 1 614400 618496
237 1 532480 536576
535 1 528384 532480
989 4 524800 589824 589824 655360 655360 720896 720896 786432
990 5 0 65536 65536 131072 131072 196608 196608 262144 262144 262656
664 1 552960 585728
196 1 364544 368640
87 1 364544 366080
195 1 602112 606208
55 1 532480 536576
455 5 492032 524288 524288 589824 589824 655360 655360 720896 720896 786432
456 4 0 65536 65536 131072 131072 196608 196608 229888
757 8 192512 196608 196608 262144 262144 327680 327680 393216 393216 458752 458752 524288 524288 589824 589824 623104
473 2 323584 327680 327680 331776
77 1 241664 245760
508 1 274432 290816
716 1 708608 720896
55 1 528384 532480
839 1 352256 356352
529 1 253952 258048
528 1 53248 57344
529 1 356352 360448
528 1 380928 385024
528 1 692224 696320
527 1 323584 327680
529 1 204800 208896
527 1 532480 536576
479 1 512000 516096
525 1 651264 655360
586 1 651264 655360
587 1 491520 495616
587 1 638976 643072
708 1 188416 192512
588 1 516096 524288
716 1 741376 745472
667 1 311296 315392
730 1 184320 188416
535 1 466944 471040
535 1 532480 540672
703 1 626688 629760
494 2 258048 262144 262144 266240
494 1 266240 270336
935 1 352256 360448
756 1 8192 40960
214 1 520192 524288
474 1 471040 479232
535 1 516096 524288
622 1 331776 339968
64 1 503808 507904
665 1 647168 655360
756 1 126976 131072
571 1 421888 425984
174 1 364544 368640
967 2 110592 131072 131072 159744
883 2 675840 720896 720896 778240
150 1 589824 614400
571 1 421888 425984
38 2 114688 131072 131072 196608
794 1 20480 24576
987 2 200704 262144 262144 290816
47 3 0 65536 65536 131072 131072 176128
19 1 327680 368640
433 1 724992 786432
434 1 0 65536
112 2 720384 720896 720896 724480
122 2 523776 524288 524288 527872
390 1 0 16384
389 2 495616 524288 524288 544768
47 1 196608 204800
136 1 372736 374272
147 1 376832 377856
335 1 290816 291840
542 1 282624 294912
901 2 684032 720896 720896 786432
902 7 0 65536 65536 131072 131072 196608 196608 262144 262144 327680 327680 393216 393216 421888
903 5 159744 196608 196608 262144 262144 327680 327680 393216 393216 417792
542 1 208896 212992
67 1 262144 315392
902 6 421888 458752 458752 524288 524288 589824 589824 655360 655360 720896 720896 786432
903 3 0 65536 65536 131072 131072 159744
535 1 532480 536576
958 1 565248 569344
565 1 483328 499712
705 1 147456 167936
473 2 225280 262144 262144 270336
902 1 212992 217088
213 1 356352 372736
213 1 372736 389120
542 1 286720 290816
473 1 270336 274432
213 1 458752 471040
213 1 507904 516096
14 1 643072 647168
914 1 90112 94208
213 1 430080 438272
154 1 487424 491520
1 1 229376 258048
212 1 475136 512000
0 1 278528 290816
252 1 274432 276992
952 1 450560 454656
247 1 266240 290816
952 2 454656 458752 458752 487424
596 1 196608 200704
413 1 720896 786432
596 2 200704 262144 262144 274432
710 1 212992 217088
321 1 225280 229376
250 1 229376 233472
542 1 282624 286720
535 1 475136 491520
72 1 122880 131072
498 1 163840 172032
565 1 503808 507904
443 1 188416 192512
565 1 540672 548864
273 1 360448 364544
93 1 20480 32768
546 1 471040 475136
547 1 24576 28672
983 1 131072 135680
360 1 512000 524288
685 1 557056 561152
528 1 765952 786432
529 1 0 12288
284 1 610304 611328
616 1 0 4096
667 1 315392 327680
615 1 745472 749568
728 1 614400 616960
728 1 663552 666624
636 1 729088 731136
459 1 708608 712704
456 1 290816 294912
191 1 200704 204800
670 1 647168 651264
511 1 569344 571392
999 2 405504 458752 458752 462848
340 1 356352 359936
554 1 630784 647168
521 1 323584 327680
368 1 98304 113664
859 1 77824 79360
29 1 536576 544768
118 1 720896 724992
502 1 282624 286720
507 1 229376 237568
809 1 679936 681472
518 1 516096 520192
615 1 606208 610304
542 1 282624 286720
577 1 106496 110592
67 2 528384 589824 589824 593920
692 1 598016 602112
692 1 614400 618496
68 2 135168 196608 196608 200704
252 1 57344 61440
542 1 217088 221184
68 2 598016 655360 655360 663552
69 2 270336 327680 327680 335872
252 1 57344 61440
542 1 282624 290816
69 2 663552 720896 720896 729088
252 1 57344 61440
70 2 466944 524288 524288 532480
542 1 221184 225280
71 2 73728 131072 131072 139264
635 1 28672 32768
923 1 446464 458752
106 1 562176 562688
218 1 389120 393216
826 1 122880 126976
927 1 12288 16384
630 3 626688 655360 655360 720896 720896 749568
542 1 307200 311296
826 1 151552 155648
179 1 180224 184320
677 3 45056 65536 65536 131072 131072 167936
922 1 540672 544768
60 1 421888 450560
677 3 450560 458752 458752 524288 524288 573440
730 1 49152 53248
729 1 577536 581632
769 1 32768 36864
751 1 245760 249856
791 1 192512 196608
796 1 745472 749568
804 1 53248 57344
806 1 696320 700416
730 1 233472 237568
775 1 684032 688128
769 1 16384 20480
813 1 286720 290816
810 1 20480 24576
817 1 335872 339968
805 1 135168 139264
809 1 421888 430080
796 1 724992 729088
535 1 499712 503808
583 1 512000 516096
707 1 516096 524288
92 1 516608 517632
708 1 0 4096
929 1 733696 786432
930 8 0 65536 65536 131072 131072 196608 196608 262144 262144 327680 327680 393216 393216 458752 458752 471552
16 1 552960 557056
57 1 708608 712704
583 1 512000 520192
542 1 270336 282624
535 1 565248 569344
612 1 131072 135168
57 1 708608 712704
930 5 471552 524288 524288 589824 589824 655360 655360 720896 720896 786432
931 4 0 65536 65536 131072 131072 196608 196608 209408
535 1 499712 503808
845 2 241664 262144 262144 307200
849 2 110592 131072 131072 176128
849 2 241664 262144 262144 307200
849 2 503808 524288 524288 565760
849 1 565760 569344
851 4 573440 589824 589824 655360 655360 720896 720896 786432
852 1 0 49152
906 1 557056 565248
855 2 49152 65536 65536 114688
969 2 28672 65536 65536 77824
855 2 245760 262144 262144 311296
969 1 77824 81920
906 1 565248 569344
855 1 692224 705024
223 1 733696 786432
224 8 0 65536 65536 131072 131072 196608 196608 262144 262144 327680 327680 393216 393216 458752 458752 471552
879 1 507904 516096
946 1 610304 626688
879 1 516096 520192
93 1 462848 475136
26 1 593920 598016
26 1 581632 585728
27 1 294912 303104
535 1 466944 471040
351 1 245760 249856
96 1 528384 540672
377 1 638976 643072
96 1 671744 675840
741 1 217088 221184
535 1 532480 536576
160 1 614400 618496
351 1 245760 249856
622 1 339968 344064
64 1 438272 442368
666 1 196608 208896
214 1 524288 528384
163 1 192512 196608
630 1 561152 589824
535 1 585728 589824
467 1 24576 28672
43 1 192512 196608
398 1 49152 57344
398 1 57344 61440
565 1 700416 716800
942 1 622592 655360
942 1 720896 774144
542 1 204800 208896
474 1 655360 720896
419 1 720896 724992
691 1 700416 704512
174 1 69632 77824
191 1 258048 262144
801 1 651264 655360
815 1 77824 81920
813 1 212992 217088
814 1 544768 548864
664 1 0 8192
816 1 401408 405504
775 1 602112 606208
798 1 774144 778240
759 1 278528 282624
805 1 36864 40960
810 1 348160 352256
808 1 167936 172032
950 1 532480 537088
127 3 590336 655360 655360 720896 720896 786432
128 5 0 65536 65536 131072 131072 196608 196608 262144 262144 262656
816 1 143360 147456
813 1 606208 610304
0 1 421888 442368
819 2 700416 720896 720896 733184
149 1 761856 762880
85 1 684032 685056
4 1 249856 253952
585 1 598016 602112
585 1 577536 581632
958 1 122880 126976
541 1 98304 101888
550 1 663552 664064
548 1 618496 620032
512 1 528384 530432
550 2 520192 524288 524288 524800
542 1 274432 282624
695 1 303104 307200
585 1 577536 585728
196 1 655360 659456
659 1 0 4096
704 1 454656 458752
535 1 593920 598016
280 1 368640 385024
704 1 720896 737280
910 1 225280 226816
506 5 246272 262144 262144 327680 327680 393216 393216 458752 458752 466944
563 1 458752 462848
441 1 778240 782336
177 1 86016 101376
506 4 466944 524288 524288 589824 589824 655360 655360 696832
445 1 434176 449536
617 1 282624 286720
228 3 155648 196608 196608 262144 262144 303104
228 3 57344 65536 65536 131072 131072 151552
229 1 65536 90112
29 1 544768 548864
619 1 196608 200704
494 1 40960 43520
228 5 303104 327680 327680 393216 393216 458752 458752 524288 524288 561152
413 1 573440 576000
563 1 491520 524288
680 1 638976 643072
179 1 290816 305152
9 1 188416 189952
565 1 458752 459776
498 1 172032 176128
710 1 212992 217088
72 1 131072 135168
227 1 270336 271360
526 1 765952 770048
11 1 458752 466944
526 1 778240 782336
433 1 147456 149504
709 1 491520 495616
922 1 475136 483328
233 1 598016 606208
872 1 245760 249856
872 1 237568 241664
709 1 491520 495616
922 1 413696 417792
542 1 270336 274432
668 1 520192 524288
669 1 0 16384
709 1 491520 495616
668 1 651264 655360
16 1 528384 532480
924 1 524288 528384
924 1 454656 458752
211 1 155648 159744
542 1 270336 278528
669 1 716800 720896
657 1 159744 163840
163 1 106496 110592
317 1 684032 688128
281 6 418304 458752 458752 524288 524288 589824 589824 655360 655360 720896 720896 786432
282 3 0 65536 65536 131072 131072 156160
585 1 233472 245760
210 1 671744 675840
55 1 532480 536576
966 2 376832 393216 393216 442368
696 1 40960 53248
1 1 401408 405504
535 1 462848 466944
535 1 458752 462848
108 1 483328 487424
952 1 552960 557056
414 1 131072 143360
247 1 266240 270336
596 1 274432 278528
535 1 532480 536576
369 1 720896 761856
952 1 557056 565248
266 1 757760 761856
535 1 462848 466944
542 1 286720 290816
542 1 274432 278528
535 1 458752 462848
831 1 110592 114688
279 1 446464 450560
32 1 380928 385024
872 1 0 4096
155 2 323584 327680 327680 331776
237 1 196608 200704
299 1 749568 753664
288 1 544768 548864
299 1 757760 761856
610 1 348160 352256
303 1 466944 471040
120 1 188416 192512
240 1 315392 319488
696 1 290816 294912
696 1 299008 307200
750 1 204800 208896
33 1 36864 40960
259 2 512000 524288 524288 548864
211 1 409600 413696
64 1 102400 114688
542 1 204800 212992
404 1 196608 204800
7 1 372736 374784
404 1 204800 208896
86 1 0 16384
85 1 733184 741376
96 1 438272 458752
535 1 466944 471040
809 1 405504 409600
86 1 147456 151552
728 1 544768 548864
535 1 458752 462848
102 1 450560 458752
102 1 458752 462848
542 1 274432 294912
565 1 483328 503808
671 1 331776 356352
542 1 204800 208896
631 1 217088 220160
636 1 262144 266240
196 1 77824 81920
214 1 520192 524288
75 1 352256 356352
748 1 507904 524288
535 1 466944 471040
252 1 225280 245760
372 1 720896 724992
328 1 589824 593920
372 1 712704 716800
509 1 348160 352256
221 1 16384 32768
231 1 61440 65536
181 1 638976 643072
444 1 528384 531456
335 1 278528 286720
922 1 401408 430080
740 3 290816 327680 327680 393216 393216 413696
991 1 69632 73728
991 2 323584 327680 327680 331776
823 2 393216 458752 458752 516096
993 1 704512 708608
439 1 397312 401408
871 3 45056 65536 65536 131072 131072 167936
651 1 262144 323584
321 1 126464 127488
572 1 217088 233472
321 1 127488 128512
996 1 40960 45056
737 1 524288 528384
815 1 659456 663552
535 1 561152 565248
331 1 430080 438272
331 1 438272 442368
222 1 90112 94208
815 1 655360 659456
323 1 69632 73728
130 1 20480 24576
408 1 413696 417792
814 1 36864 57344
189 1 770048 774144
920 1 557056 559616
410 1 208896 212992
577 1 319488 323584
222 1 90112 94720
36 1 626688 630784
397 1 520192 524288
885 1 8192 12288
320 2 585728 589824 589824 622592
86 1 102400 106496
286 1 745472 757760
286 1 757760 761856
451 1 675840 678912
49 1 552960 569344
60 1 770048 774144
60 1 761856 765952
320 1 614400 647168
86 1 102400 106496
447 1 430080 431104
960 1 12288 16384
85 1 757760 774144
918 1 327680 331776
286 1 761856 774144
542 1 204800 208896
414 1 49152 50176
414 1 8192 9216
542 1 307200 311296
848 1 733184 745472
335 1 520192 524288
278 1 114688 122880
946 1 24576 28672
387 1 106496 110592
39 1 770048 786432
40 1 0 37376
682 1 77824 81920
442 1 290816 294912
535 1 491520 503808
775 1 434176 436224
683 1 135168 143360
775 1 700416 704512
586 1 200704 212992
584 1 655360 659456
558 1 462848 465920
82 1 458752 460800
617 1 221184 225280
683 1 155648 163840
972 1 159744 161792
471 1 618496 622592
288 1 421888 425472
842 9 61952 65536 65536 131072 131072 196608 196608 262144 262144 327680 327680 393216 393216 458752 458752 524288 524288 586240
980 1 684032 692224
584 1 663552 679936
804 1 483328 487424
141 1 512000 515584
801 1 294912 307200
952 1 565248 569344
209 1 464384 464896
801 1 307200 311296
552 1 339968 344064
668 1 516096 524288
542 1 221184 225280
214 2 323584 327680 327680 348160
669 1 0 12288
11 2 372736 393216 393216 405504
352 1 712704 720896
11 1 405504 409600
697 2 57344 65536 65536 73728
359 1 589824 593920
542 1 286720 299008
535 1 532480 536576
815 1 659456 663552
515 7 163840 196608 196608 262144 262144 327680 327680 393216 393216 458752 458752 524288 524288 589824
644 1 114688 118784
535 1 462848 466944
561 1 196608 262144
815 1 651264 655360
542 1 229376 233472
358 1 212992 221184
358 1 221184 225280
583 1 512000 516096
542 1 270336 274432
565 1 483328 503808
931 9 209408 262144 262144 327680 327680 393216 393216 458752 458752 524288 524288 589824 589824 655360 655360 720896 720896 733696
523 1 589824 602112
454 1 729088 733184
958 2 716800 720896 720896 724992
842 1 749568 753664
595 1 286720 290816
177 1 241664 245760
966 1 151552 155648
932 2 446464 458752 458752 475648
881 1 163840 196608
454 1 659456 663552
555 1 225280 233472
380 1 634880 655360
491 1 49152 65536
13 1 393216 425984
415 1 741376 765952
13 1 425984 430080
416 1 24576 40960
0 1 438272 458752
611 5 483328 524288 524288 589824 589824 655360 655360 720896 720896 786432
612 1 0 24576
565 1 561152 577536
492 1 229376 233472
542 1 270336 274432
366 1 233472 237568
262 1 217088 229376
262 1 266240 274432
262 1 282624 286720
366 1 36864 45056
459 2 122880 131072 131072 147456
489 1 626688 634880
64 1 503808 507904
636 1 266240 299008
666 1 208896 221184
757 2 688640 720896 720896 786432
758 7 0 65536 65536 131072 131072 196608 196608 262144 262144 327680 327680 393216 393216 426496
124 1 204800 208896
456 9 229888 262144 262144 327680 327680 393216 393216 458752 458752 524288 524288 589824 589824 655360 655360 720896 720896 754176
163 1 106496 110592
508 1 630784 634880
298 1 598016 602112
975 2 135168 196608 196608 204800
55 1 528384 532480
800 1 606208 614400
800 1 753664 757760
585 1 307200 311296
670 1 589824 606208
905 1 331776 348160
542 1 217088 221184
438 1 557056 561152
250 1 229376 233472
141 2 184320 196608 196608 233472
916 1 446464 450560
72 1 135168 147456
103 2 507904 524288 524288 557056
568 1 86016 106496
969 2 278528 327680 327680 376832
545 2 581632 589824 589824 598016
69 1 331776 335872
848 1 720896 733184
289 1 167936 176128
297 1 106496 110592
681 1 118784 122880
115 1 389120 392704
544 1 630784 631808
981 1 102400 114688
472 1 77824 81920
584 1 684032 692224
976 1 155648 157696
229 3 90112 131072 131072 196608 196608 258048
228 4 561152 589824 589824 655360 655360 720896 720896 786432
229 1 0 65536
993 1 98304 118784
1 1 143360 151552
535 1 565248 569344
463 1 180224 187904
24 2 573440 589824 589824 610304
869 1 61440 62976
940 1 151552 153088
617 1 225280 229376
166 1 114688 116736
450 1 368640 376832
321 1 128512 129024
651 1 323584 327680
970 2 69632 131072 131072 192512
454 1 614400 626688
321 1 129024 129536
321 1 129536 130048
266 1 118784 122880
17 2 688128 720896 720896 786432
18 1 0 24576
266 2 385024 393216 393216 397312
321 1 130048 130560
259 1 749568 753664
812 1 483328 487424
911 3 172032 196608 196608 262144 262144 294912
904 4 151552 196608 196608 262144 262144 327680 327680 348160
903 6 413696 458752 458752 524288 524288 589824 589824 655360 655360 720896 720896 786432
904 3 0 65536 65536 131072 131072 151552
565 1 540672 552960
56 3 0 65536 65536 131072 131072 147456
565 1 499712 507904
667 1 524288 528384
90 1 413696 417792
535 1 466944 471040
455 1 458752 466944
546 1 720896 733184
389 1 471040 475136
90 1 548864 552960
39 1 659456 663552
455 1 466944 471040
34 1 442368 446464
841 1 229376 233472
571 2 585728 589824 589824 614400
667 1 528384 548864
571 1 679936 688128
988 1 110080 118272
670 1 61440 65536
585 1 577536 581632
542 1 212992 217088
179 1 36864 40960
353 1 69632 77824
353 1 77824 81920
474 1 659456 720896
82 1 0 4096
535 1 466944 471040
241 1 475136 479232
704 1 585728 589824
72 1 147456 151552
668 1 274432 277504
495 1 765952 774144
542 1 126976 130560
161 2 581632 589824 589824 593920
535 1 532480 540672
686 1 688128 692224
819 1 733184 786432
148 1 299008 303104
698 1 413696 430080
171 1 184320 186368
929 1 409600 417792
398 2 303104 327680 327680 356352
542 1 274432 282624
653 1 393216 458752
128 7 328192 393216 393216 458752 458752 524288 524288 589824 589824 655360 655360 720896 720896 786432
129 2 0 65536 65536 66048
403 1 278528 286720
148 1 299008 303104
99 1 655360 720896
403 1 286720 290816
542 1 212992 217088
398 1 356352 360448
855 3 573440 589824 589824 655360 655360 688128
969 1 81920 110592
969 1 110592 114688
855 1 705024 708608
542 1 233472 237568
857 2 118784 131072 131072 184320
857 3 249856 262144 262144 327680 327680 380928
337 1 94208 114688
857 2 446464 458752 458752 512000
858 2 118784 131072 131072 184320
860 2 708608 720896 720896 774144
906 1 569344 577536
861 2 118784 131072 131072 167936
861 2 172032 196608 196608 250368
969 2 114688 131072 131072 155648
969 1 155648 159744
861 1 250368 253952
552 2 323584 327680 327680 331776
882 1 679936 684032
324 1 577536 581632
209 1 471040 471552
952 1 569344 577536
952 1 577536 581632
8 1 712704 720896
8 1 720896 724992
247 1 290816 315392
438 1 475136 483328
252 1 57344 61440
71 2 598016 655360 655360 663552
542 1 286720 290816
61 2 585728 589824 589824 606208
72 2 204800 262144 262144 270336
72 1 729088 786432
73 1 0 8192
104 2 630784 655360 655360 682496
542 1 208896 217088
96 1 475136 483328
194 1 339968 356352
535 1 466944 475136
160 1 548864 557056
256 1 729088 737280
183 1 397312 401408
351 1 245760 249856
256 1 737280 741376
535 1 536576 544768
96 1 675840 679936
535 1 475136 479232
351 1 245760 249856
195 1 200704 212992
194 1 356352 364544
96 1 479232 483328
183 1 397312 401408
535 1 540672 544768
64 1 442368 446464
636 1 299008 327680
196 1 77824 81920
642 1 131072 135168
467 1 24576 32768
75 1 286720 290816
214 1 520192 524288
642 1 135168 167936
214 2 520192 524288 524288 528384
196 1 77824 81920
64 1 507904 512000
359 2 376832 393216 393216 401408
360 1 131072 176128
55 1 532480 536576
282 9 156160 196608 196608 262144 262144 327680 327680 393216 393216 458752 458752 524288 524288 589824 589824 655360 655360 680448
75 2 561152 589824 589824 626688
950 1 585728 589824
76 1 434176 438272
854 1 147456 151552
535 1 536576 540672
758 6 426496 458752 458752 524288 524288 589824 589824 655360 655360 720896 720896 786432
759 3 0 65536 65536 131072 131072 164352
865 1 397312 405504
990 8 262656 327680 327680 393216 393216 458752 458752 524288 524288 589824 589824 655360 655360 720896 720896 786432
991 1 0 512
946 1 626688 630784
0 2 65024 65536 65536 69120
947 1 499712 516096
224 5 471552 524288 524288 589824 589824 655360 655360 720896 720896 786432
225 4 0 65536 65536 131072 131072 196608 196608 209408
865 1 335872 339968
