#StripeID,rangenumber,BlockOffsetStart,BlockOffsetEnd
584 2 126976 131072 131072 135168
883 1 0 4096
877 1 348160 352256
711 1 503808 524288
712 1 0 61440
788 2 188416 196608 196608 200704
575 1 172032 188416
712 1 61440 65536
788 1 200704 204800
883 1 4096 24576
883 1 24576 28672
575 2 184320 196608 196608 200704
445 1 237568 253952
728 1 90112 98304
883 1 28672 49152
786 1 499712 524288
883 1 49152 53248
834 1 212992 217088
787 1 0 4096
712 1 65536 73728
712 1 73728 77824
834 1 212992 217088
712 1 77824 86016
712 1 86016 90112
908 1 114688 118784
590 2 237568 262144 262144 266240
49 1 462848 466944
883 2 53248 65536 65536 73728
883 1 73728 77824
594 1 401408 409600
483 1 290816 294912
883 1 77824 86016
355 1 479232 483328
883 1 86016 90112
397 1 28672 32768
190 1 32768 36864
793 1 495616 499712
615 2 454656 458752 458752 483328
905 1 327680 393216
883 1 90112 110592
139 1 53248 57344
665 1 32768 49152
883 1 110592 114688
665 1 49152 53248
2 1 0 4096
2 1 8192 12288
590 1 262144 286720
2 1 24576 28672
773 1 471040 475136
866 1 4096 8192
774 1 53248 57344
866 1 65536 69632
745 1 192512 196608
866 1 131072 135168
868 1 36864 61440
745 1 405504 409600
867 1 503808 507904
935 1 147456 151552
278 1 77824 81920
278 1 462848 466944
991 1 331776 352256
552 1 319488 327680
883 2 114688 131072 131072 135168
640 1 53248 57344
883 1 135168 139264
987 1 151552 159744
924 1 360448 364544
571 1 212992 217088
615 1 479232 507904
924 1 352256 356352
883 1 139264 159744
883 1 159744 163840
407 1 466944 471040
2 1 4096 8192
98 1 57344 61440
114 1 139264 143360
370 1 0 4096
269 1 270336 274432
257 1 425984 427008
973 1 372736 380928
257 1 409600 411136
928 1 430080 433664
836 1 163840 167936
590 1 282624 311296
883 1 163840 184320
261 1 413696 421888
883 1 184320 188416
590 1 307200 315392
409 1 356352 360448
883 2 188416 196608 196608 208896
883 1 208896 212992
590 1 311296 319488
883 1 212992 233472
498 1 106496 114688
883 1 233472 237568
883 1 237568 258048
883 1 258048 262144
237 1 368640 372736
29 1 274432 282624
589 1 57344 61440
675 1 65536 73728
883 1 262144 282624
520 1 4096 8192
883 1 282624 286720
704 1 421888 425984
236 1 507904 512000
145 1 503808 507904
334 1 241664 245760
193 1 20480 28672
804 1 442368 458752
804 1 458752 462848
656 1 466944 471040
883 1 286720 294912
883 1 294912 299008
993 1 249856 253952
299 1 131072 139264
285 1 286720 290816
308 1 331776 335872
59 1 327680 335872
827 1 512000 516096
163 1 503808 507904
511 1 516096 520192
590 1 315392 327680
883 1 299008 319488
883 1 319488 323584
619 1 311296 315392
590 2 323584 327680 327680 335872
883 2 323584 327680 327680 344064
883 1 344064 348160
657 1 446464 450560
678 1 323584 327680
290 1 331776 335872
156 1 221184 225280
156 1 278528 282624
156 1 286720 290816
187 1 237568 241664
249 2 421888 458752 458752 466944
186 1 323584 327680
187 1 102400 106496
589 1 73728 77824
486 1 135168 139264
895 1 446464 450560
595 1 413696 417792
590 1 331776 360448
798 2 118784 131072 131072 135168
883 1 348160 368640
883 1 368640 372736
798 1 135168 139264
710 1 159744 163840
590 1 356352 380928
883 1 372736 393216
883 1 393216 397312
600 1 57344 61440
802 1 499712 507904
590 1 376832 385024
666 1 40960 45056
883 1 397312 417792
883 1 417792 421888
590 1 380928 389120
569 1 24576 32768
883 1 421888 442368
883 1 442368 446464
923 1 49152 57344
802 2 438272 458752 458752 487424
802 1 487424 491520
812 1 45056 53248
778 1 0 8192
724 1 40960 53248
778 1 12288 16384
497 1 184320 188416
497 1 36864 40960
950 1 471040 475136
497 1 118784 122880
497 1 180224 184320
512 1 98304 102400
511 1 0 4096
512 1 249856 253952
511 1 151552 155648
522 1 405504 409600
523 1 483328 487424
511 1 303104 307200
512 1 438272 442368
513 1 241664 245760
516 1 86016 90112
511 1 454656 458752
314 1 139264 143360
513 1 458752 462848
516 1 237568 241664
514 1 348160 352256
516 1 389120 393216
541 1 253952 258048
515 1 4096 8192
515 1 155648 159744
515 1 307200 311296
522 1 327680 331776
515 1 458752 462848
523 1 102400 106496
529 1 57344 65536
497 1 184320 188416
724 1 49152 53248
219 1 348160 352256
647 1 212992 221184
122 1 364544 372736
122 1 385024 389120
919 1 270336 274432
647 1 221184 225280
134 1 499712 503808
798 1 503808 507904
454 1 110592 112640
677 1 405504 409600
705 1 176128 180224
749 2 4096 65536 65536 86016
749 1 86016 90112
731 2 192512 196608 196608 200704
590 1 249856 253952
90 1 323584 327680
82 1 176128 180224
15 1 65536 69632
528 1 434176 438272
940 1 319488 323584
445 1 45056 49152
114 1 36864 40960
924 1 94208 98304
547 1 253952 262144
848 1 425984 430080
840 1 458752 462848
325 1 512000 524288
326 1 0 20480
693 1 241664 249856
916 1 176128 180224
766 4 323584 327680 327680 393216 393216 458752 458752 462848
659 1 12288 16384
641 1 139264 143360
766 1 462848 466944
387 1 471040 475136
581 1 184320 188416
444 1 24576 40960
79 1 372736 376832
309 1 249856 253952
965 1 73728 81920
659 2 229376 262144 262144 278528
386 1 90112 94208
659 1 278528 282624
726 1 434176 438272
690 2 245760 262144 262144 307200
690 1 307200 311296
417 1 61440 65536
106 1 405504 409600
106 1 413696 417792
575 1 196608 212992
883 2 446464 458752 458752 466944
883 1 466944 471040
552 2 450560 458752 458752 507904
552 1 507904 512000
575 1 208896 221184
883 1 471040 491520
590 2 385024 393216 393216 409600
883 1 491520 495616
883 1 495616 516096
883 1 516096 520192
616 2 233472 262144 262144 319488
625 1 45056 49152
271 1 299008 303104
575 1 217088 233472
998 1 278528 282624
884 1 0 16384
883 1 520192 524288
616 1 319488 323584
884 1 16384 20480
532 1 122880 126976
859 1 454656 458752
575 1 229376 245760
884 1 20480 40960
884 1 40960 45056
801 2 0 65536 65536 81920
801 1 81920 86016
447 1 323584 327680
21 1 86016 90112
835 1 73728 77824
726 1 434176 438272
457 1 114688 118784
875 3 380928 393216 393216 458752 458752 495616
497 1 36864 40960
497 1 118784 122880
724 1 49152 57344
512 1 98304 102400
512 1 249856 253952
875 1 495616 499712
512 1 438272 442368
511 1 0 4096
513 1 241664 245760
511 1 151552 155648
314 1 139264 143360
511 1 303104 307200
513 1 458752 462848
511 1 454656 458752
514 1 348160 352256
515 1 4096 8192
515 1 155648 159744
516 1 86016 90112
515 1 307200 311296
516 1 237568 241664
541 1 253952 258048
515 1 458752 462848
529 1 57344 65536
516 1 389120 393216
778 1 0 16384
876 1 0 12288
875 1 499712 524288
431 1 335872 339968
876 1 12288 16384
300 2 0 65536 65536 98304
616 1 0 8192
615 1 503808 524288
342 1 143360 147456
337 1 90112 94208
787 1 4096 16384
884 1 45056 65536
787 1 16384 20480
884 1 65536 69632
846 1 434176 450560
787 1 20480 36864
787 1 36864 40960
552 2 126976 131072 131072 143360
876 1 16384 53248
876 1 53248 57344
497 1 184320 188416
522 1 393216 397312
314 1 139264 143360
876 2 57344 65536 65536 94208
511 1 0 4096
529 1 57344 61440
513 1 241664 245760
513 1 458752 462848
511 1 151552 155648
515 1 4096 8192
511 1 303104 307200
516 1 86016 90112
512 1 98304 102400
511 1 454656 458752
516 1 237568 241664
512 1 249856 253952
515 1 155648 159744
516 1 389120 393216
537 1 507904 512000
515 1 307200 311296
515 1 458752 462848
497 1 36864 40960
497 1 118784 122880
512 1 438272 442368
514 1 348160 352256
529 1 61440 65536
528 1 176128 180224
876 1 94208 98304
66 1 106496 114688
590 1 405504 425984
884 1 69632 90112
884 1 90112 94208
876 2 98304 131072 131072 135168
876 1 135168 139264
310 1 262144 278528
310 1 475136 491520
304 2 311296 327680 327680 344064
590 1 421888 434176
876 1 139264 172032
310 1 466944 471040
884 1 94208 114688
542 1 376832 389120
552 1 413696 417792
876 1 172032 176128
884 1 114688 118784
511 1 0 4096
512 1 98304 102400
511 1 151552 155648
512 1 249856 253952
511 1 303104 307200
512 1 438272 442368
513 1 241664 245760
314 1 139264 143360
511 1 454656 458752
513 1 458752 462848
524 1 4096 8192
514 1 348160 352256
527 1 270336 274432
515 1 4096 8192
515 1 155648 159744
529 1 57344 65536
541 1 253952 258048
497 1 36864 40960
497 1 118784 122880
497 1 184320 192512
515 1 307200 311296
522 1 163840 167936
516 1 86016 90112
515 1 458752 462848
516 1 237568 241664
778 1 4096 8192
778 1 12288 16384
516 1 389120 393216
528 1 167936 172032
524 1 389120 393216
541 1 258048 262144
564 1 118784 126976
206 1 86016 90112
789 1 172032 188416
677 1 32768 40960
876 2 176128 196608 196608 204800
677 1 40960 45056
876 1 204800 208896
876 1 208896 241664
215 1 421888 430080
876 1 241664 245760
31 1 65536 69632
827 1 516096 520192
333 1 131072 135168
333 1 262144 266240
344 1 0 4096
344 1 12288 16384
344 1 20480 24576
344 1 53248 57344
343 1 0 12288
333 1 270336 282624
348 1 462848 466944
344 1 69632 77824
348 1 475136 479232
344 1 81920 86016
344 1 180224 184320
344 1 188416 192512
344 1 270336 274432
344 1 278528 282624
344 1 286720 290816
344 1 294912 299008
345 1 57344 61440
754 2 454656 458752 458752 462848
590 1 430080 446464
333 1 163840 167936
754 1 462848 466944
884 2 118784 131072 131072 139264
768 1 512000 524288
449 1 507904 512000
884 1 139264 143360
590 1 442368 458752
884 1 143360 163840
884 1 163840 167936
28 1 352256 356352
122 1 311296 315392
285 1 479232 487424
122 1 311296 315392
128 1 278528 282624
122 1 311296 315392
531 1 245760 249856
675 1 290816 294912
806 1 491520 524288
807 2 0 65536 65536 81920
501 1 57344 61440
535 1 450560 458752
438 1 294912 307200
807 1 81920 86016
754 3 126976 131072 131072 196608 196608 233472
754 1 233472 237568
711 2 389120 393216 393216 454656
409 1 487424 491520
711 1 454656 458752
122 1 311296 319488
518 1 8192 12288
122 1 315392 319488
171 1 282624 286720
730 1 45056 49152
333 1 262144 266240
333 1 270336 282624
343 1 0 12288
348 1 462848 466944
156 1 86016 90112
710 1 40960 45056
37 1 4096 8192
333 1 131072 135168
344 1 0 4096
333 1 163840 167936
344 1 12288 16384
344 1 20480 24576
348 1 475136 479232
344 1 53248 57344
344 1 69632 77824
344 1 86016 90112
344 1 180224 184320
344 1 188416 192512
344 1 270336 274432
344 1 278528 282624
344 1 286720 290816
344 1 294912 299008
345 1 57344 61440
349 1 53248 65536
122 1 315392 319488
704 1 53248 57344
122 1 315392 319488
709 1 81920 86016
317 1 303104 307200
154 1 397312 401408
159 1 65536 118784
159 1 118784 122880
590 2 454656 458752 458752 471040
884 1 167936 188416
884 1 188416 192512
497 1 36864 40960
497 1 118784 122880
724 1 53248 57344
497 1 188416 192512
512 1 98304 102400
512 1 249856 253952
511 1 0 4096
512 1 438272 442368
511 1 151552 155648
513 1 241664 245760
511 1 303104 307200
704 1 184320 188416
513 1 458752 462848
511 1 454656 458752
314 1 139264 143360
514 1 348160 352256
541 1 253952 262144
515 1 4096 8192
515 1 155648 159744
516 1 86016 90112
515 1 307200 311296
515 1 458752 462848
516 1 237568 241664
529 1 57344 65536
778 1 4096 8192
516 1 389120 393216
778 1 12288 16384
122 1 315392 319488
866 1 491520 524288
867 1 0 28672
867 1 28672 32768
333 1 131072 135168
333 1 262144 266240
344 1 0 4096
344 1 12288 16384
333 1 270336 282624
344 1 20480 24576
343 1 0 12288
348 1 462848 466944
348 1 475136 479232
344 1 53248 57344
344 1 69632 73728
344 1 81920 86016
344 1 180224 184320
344 1 188416 192512
344 1 270336 274432
344 1 278528 282624
344 1 286720 290816
344 1 294912 299008
345 1 57344 61440
590 1 466944 475136
884 2 192512 196608 196608 212992
333 1 163840 167936
884 1 212992 217088
590 1 471040 479232
396 1 16384 20480
884 1 217088 237568
884 1 237568 241664
2 1 4096 8192
194 1 421888 425984
475 1 258048 262144
290 1 36864 40960
290 1 49152 53248
962 1 131072 135168
963 1 155648 159744
292 1 4096 12288
802 1 479232 483328
877 1 466944 471040
972 1 110592 118784
303 1 118784 131072
122 1 315392 319488
154 1 49152 53248
357 1 331776 335872
455 1 397312 401408
2 1 8192 12288
195 1 389120 393216
292 1 4096 8192
498 1 188416 192512
966 1 434176 438272
442 1 36864 40960
442 1 49152 53248
443 1 339968 344064
970 1 327680 331776
970 1 348160 352256
730 1 249856 253952
377 1 417792 421888
749 1 462848 466944
333 1 131072 135168
407 1 163840 167936
344 1 0 4096
344 1 12288 16384
344 1 20480 24576
343 1 0 12288
333 1 262144 266240
344 1 53248 57344
187 2 397312 458752 458752 462848
344 1 69632 73728
344 1 81920 86016
344 1 180224 184320
344 1 188416 192512
333 1 270336 282624
344 1 270336 274432
348 1 462848 466944
344 1 278528 282624
348 1 475136 479232
884 1 241664 249856
344 1 286720 290816
344 1 294912 299008
345 1 57344 61440
884 1 249856 253952
187 1 462848 466944
333 1 163840 167936
889 1 163840 167936
261 1 307200 319488
357 3 258048 262144 262144 327680 327680 352256
261 1 319488 323584
357 1 352256 356352
338 1 389120 393216
710 1 28672 32768
172 1 65536 73728
122 1 315392 319488
934 1 24576 28672
848 1 360448 368640
447 1 356352 360448
996 1 421888 430080
996 1 438272 442368
848 1 376832 380928
443 1 356352 360448
848 1 499712 507904
848 1 516096 520192
849 1 114688 126976
849 1 131072 135168
439 1 180224 188416
248 1 225280 229376
290 1 45056 49152
290 1 53248 57344
68 1 503808 512000
190 1 32768 36864
292 1 4096 12288
291 1 61440 65536
338 1 131072 135168
962 1 135168 139264
453 1 245760 249856
970 1 327680 331776
971 1 245760 249856
122 1 315392 327680
358 1 307200 311296
787 1 40960 49152
787 1 49152 53248
330 1 0 4096
787 1 53248 61440
787 1 61440 65536
702 1 53248 57344
656 1 466944 471040
122 1 319488 327680
884 1 253952 262144
884 1 262144 266240
2 1 8192 12288
194 1 290816 294912
773 1 4096 8192
594 1 417792 421888
770 1 32768 36864
50 1 73728 77824
50 1 151552 155648
962 1 131072 135168
194 1 294912 299008
194 1 405504 409600
76 1 0 4096
122 2 323584 327680 327680 335872
568 1 290816 294912
799 1 356352 364544
590 1 475136 483328
884 1 266240 286720
884 1 286720 290816
415 1 352256 356352
222 1 278528 286720
440 1 442368 446464
717 1 495616 503808
27 1 237568 241664
755 1 65536 69632
122 1 331776 344064
11 2 61440 65536 65536 69632
933 1 61440 65536
262 1 53248 57344
701 1 61440 65536
718 1 385024 389120
884 1 290816 299008
589 1 176128 180224
884 1 299008 303104
460 1 466944 471040
101 1 323584 327680
924 2 430080 458752 458752 479232
343 1 475136 479232
687 1 253952 258048
924 1 409600 413696
122 1 335872 339968
288 1 102400 106496
368 1 290816 294912
887 1 319488 323584
150 1 135168 139264
880 1 409600 425984
880 1 425984 430080
617 8 24576 65536 65536 131072 131072 196608 196608 262144 262144 327680 327680 393216 393216 458752 458752 524288
618 1 0 16384
620 8 0 65536 65536 131072 131072 196608 196608 262144 262144 327680 327680 393216 393216 458752 458752 516096
620 1 516096 524288
621 8 0 65536 65536 131072 131072 196608 196608 262144 262144 327680 327680 393216 393216 458752 458752 507904
618 8 16384 65536 65536 131072 131072 196608 196608 262144 262144 327680 327680 393216 393216 458752 458752 524288
619 1 0 8192
590 1 479232 503808
621 1 507904 524288
622 6 0 65536 65536 131072 131072 196608 196608 262144 262144 327680 327680 385024
619 8 8192 65536 65536 131072 131072 196608 196608 262144 262144 327680 327680 393216 393216 458752 458752 524288
884 1 303104 323584
122 1 335872 339968
333 1 262144 266240
343 1 0 12288
344 1 0 4096
333 1 270336 282624
348 1 462848 466944
344 1 12288 16384
884 1 323584 327680
348 1 475136 479232
344 1 20480 24576
344 1 53248 57344
344 1 69632 77824
344 1 81920 86016
344 1 180224 184320
344 1 188416 192512
344 1 270336 274432
344 1 278528 282624
344 1 286720 290816
344 1 294912 299008
345 1 57344 61440
506 1 4096 12288
506 1 28672 36864
506 1 57344 61440
506 1 90112 94208
506 1 102400 106496
506 1 118784 131072
506 1 139264 143360
506 1 147456 151552
506 1 155648 163840
506 1 167936 172032
506 1 200704 204800
506 1 208896 217088
506 1 233472 237568
506 1 258048 262144
506 1 278528 282624
508 1 0 4096
895 1 0 8192
508 1 12288 16384
508 1 20480 24576
508 1 40960 53248
508 1 57344 61440
508 1 65536 69632
508 1 77824 90112
508 1 122880 126976
508 1 147456 155648
508 1 159744 163840
508 1 172032 176128
981 1 204800 208896
508 1 188416 196608
508 1 212992 217088
506 1 286720 290816
895 1 8192 12288
506 1 303104 307200
506 1 311296 315392
506 1 344064 348160
506 1 352256 360448
506 1 364544 368640
506 1 372736 376832
506 2 389120 393216 393216 397312
506 1 409600 413696
506 1 417792 425984
506 1 438272 442368
508 1 221184 229376
506 1 466944 471040
508 1 233472 237568
506 1 483328 487424
508 1 249856 253952
508 1 266240 270336
506 1 491520 495616
506 1 499712 503808
506 1 516096 520192
508 1 274432 290816
507 1 8192 12288
508 1 294912 299008
508 1 339968 344064
508 1 348160 352256
508 1 380928 385024
508 1 401408 405504
507 1 16384 20480
508 1 413696 425984
507 1 24576 28672
508 1 430080 434176
507 1 36864 40960
508 1 442368 446464
507 1 49152 57344
507 1 65536 73728
508 1 466944 471040
507 1 147456 159744
508 1 483328 491520
507 1 172032 176128
508 1 503808 512000
507 1 188416 192512
507 1 196608 204800
507 1 217088 221184
507 1 229376 233472
865 1 221184 225280
509 1 16384 28672
509 1 49152 53248
507 1 237568 241664
509 1 69632 73728
507 1 249856 253952
509 1 98304 102400
509 1 110592 114688
509 2 122880 131072 131072 155648
509 2 192512 196608 196608 200704
509 1 204800 217088
507 1 270336 278528
507 1 286720 290816
507 1 294912 323584
507 1 331776 335872
507 1 368640 372736
507 1 376832 380928
507 1 385024 389120
509 1 303104 315392
509 1 344064 352256
507 1 393216 417792
509 1 356352 364544
509 1 401408 409600
509 1 413696 421888
509 1 425984 434176
509 1 438272 450560
509 1 454656 458752
509 1 475136 479232
509 1 487424 491520
509 1 499712 507904
507 1 425984 434176
507 1 454656 458752
507 1 462848 466944
507 1 483328 491520
507 1 499712 503808
507 1 507904 516096
509 1 516096 520192
510 1 0 8192
510 1 20480 28672
510 1 32768 45056
510 1 61440 65536
510 1 69632 73728
510 1 77824 90112
510 1 102400 106496
510 1 114688 118784
510 1 122880 131072
510 1 139264 143360
510 1 147456 151552
510 1 159744 167936
512 1 4096 16384
512 1 40960 45056
512 1 49152 57344
770 1 290816 294912
447 1 299008 303104
512 1 135168 143360
510 1 180224 188416
512 1 172032 176128
512 1 180224 192512
510 1 196608 204800
510 1 237568 249856
512 1 204800 208896
510 2 258048 262144 262144 266240
510 1 270336 274432
512 1 221184 229376
510 1 307200 311296
510 1 327680 331776
512 1 253952 258048
510 1 335872 344064
510 1 364544 368640
512 1 266240 270336
510 1 401408 405504
512 1 278528 282624
512 1 286720 290816
516 1 303104 307200
520 1 12288 16384
516 1 462848 466944
517 1 53248 57344
512 1 294912 299008
510 1 438272 450560
512 1 303104 323584
517 1 77824 81920
510 1 466944 471040
510 1 475136 483328
510 1 487424 491520
517 1 188416 192512
517 1 376832 380928
517 1 385024 389120
806 1 393216 397312
520 1 106496 110592
807 2 61440 65536 65536 73728
510 1 503808 507904
520 1 434176 438272
807 1 77824 86016
521 1 245760 249856
521 1 434176 438272
512 1 327680 339968
795 1 303104 307200
512 1 344064 356352
808 1 196608 200704
511 1 0 4096
512 1 360448 364544
808 1 495616 499712
511 1 36864 40960
512 1 368640 372736
511 1 45056 49152
512 1 380928 385024
511 1 81920 86016
10 1 114688 118784
512 1 393216 397312
511 1 90112 94208
512 1 413696 417792
511 1 98304 114688
512 1 425984 430080
511 2 126976 131072 131072 139264
512 1 442368 446464
512 1 454656 458752
511 1 143360 151552
511 1 159744 167936
511 1 176128 184320
511 1 192512 196608
511 1 212992 217088
512 1 483328 487424
512 1 491520 499712
512 1 512000 516096
29 1 323584 327680
513 1 28672 32768
511 1 221184 225280
511 1 229376 233472
513 1 40960 45056
511 1 249856 253952
511 1 262144 270336
513 2 57344 65536 65536 69632
511 1 294912 299008
511 1 319488 327680
513 1 98304 102400
511 1 331776 335872
511 1 348160 352256
514 1 188416 192512
511 1 360448 364544
511 1 372736 376832
800 1 4096 8192
511 1 389120 393216
10 1 122880 126976
800 1 245760 249856
803 1 126976 131072
511 1 413696 417792
511 1 421888 425984
511 1 430080 434176
10 1 151552 155648
511 1 442368 450560
10 1 172032 176128
511 1 483328 487424
11 1 57344 61440
11 1 172032 176128
511 1 491520 507904
20 1 253952 258048
24 1 172032 176128
511 1 516096 520192
21 1 159744 163840
25 1 40960 45056
796 1 98304 102400
21 1 196608 200704
796 1 200704 204800
22 1 90112 94208
797 1 274432 278528
23 1 106496 110592
474 1 45056 49152
797 1 491520 495616
16 1 28672 32768
474 1 102400 106496
474 1 217088 221184
16 1 122880 126976
798 1 442368 446464
16 1 200704 204800
16 1 356352 360448
12 1 49152 53248
17 1 311296 315392
12 1 241664 245760
474 1 360448 364544
474 1 503808 507904
12 1 372736 376832
18 1 233472 237568
19 1 176128 180224
19 1 270336 274432
475 1 438272 442368
19 1 311296 315392
19 1 389120 393216
480 1 176128 180224
14 1 315392 319488
14 1 344064 348160
15 1 57344 61440
15 1 442368 446464
476 1 40960 45056
476 1 487424 491520
707 1 143360 147456
477 1 106496 114688
477 1 118784 131072
477 1 135168 143360
477 1 147456 155648
477 1 430080 434176
478 1 32768 36864
478 1 86016 90112
478 1 102400 106496
478 1 462848 466944
481 1 106496 114688
122 1 335872 339968
484 1 352256 360448
482 1 36864 45056
485 1 286720 290816
478 1 475136 479232
486 1 225280 229376
488 1 184320 192512
479 1 331776 335872
489 1 114688 122880
482 1 491520 499712
487 1 0 4096
483 1 421888 430080
487 1 270336 274432
487 1 421888 425984
660 1 466944 479232
660 1 479232 483328
122 1 335872 339968
242 1 413696 421888
856 2 126976 131072 131072 139264
161 1 421888 425984
848 1 208896 217088
662 2 102400 131072 131072 139264
662 1 139264 143360
593 1 139264 143360
838 1 139264 151552
2 1 0 12288
10 1 69632 73728
99 1 253952 258048
10 1 135168 139264
194 1 4096 8192
74 1 135168 139264
195 1 458752 462848
346 1 8192 16384
346 1 249856 253952
346 1 258048 262144
347 1 53248 57344
731 1 466944 471040
875 1 413696 417792
122 1 335872 339968
65 1 49152 53248
134 1 503808 507904
616 1 4096 32768
884 1 327680 348160
335 1 360448 364544
884 1 348160 352256
707 1 143360 147456
215 2 323584 327680 327680 339968
234 1 81920 98304
2 1 4096 16384
529 1 32768 36864
194 1 65536 69632
292 1 4096 8192
971 1 249856 253952
194 1 131072 135168
333 1 131072 135168
444 1 425984 430080
333 1 163840 167936
195 1 389120 393216
258 1 131072 135168
290 1 49152 53248
290 1 61440 65536
291 1 520192 524288
106 1 24576 28672
827 1 516096 520192
338 1 77824 81920
962 1 131072 135168
730 1 81920 86016
58 1 16384 20480
826 1 266240 270336
674 1 86016 90112
346 1 57344 61440
442 1 0 4096
443 1 344064 348160
122 1 335872 344064
538 1 40960 45056
205 1 57344 61440
768 3 28672 65536 65536 131072 131072 188416
814 1 0 32768
698 1 122880 131072
923 1 53248 57344
768 1 188416 192512
2 1 0 12288
482 1 4096 8192
482 1 65536 69632
482 1 294912 299008
484 1 262144 270336
333 1 262144 266240
343 1 0 12288
482 1 319488 327680
485 1 249856 253952
344 1 0 4096
482 1 348160 360448
749 1 466944 471040
821 1 331776 335872
344 1 12288 16384
482 1 368640 376832
749 1 483328 487424
333 1 270336 282624
344 1 20480 24576
483 1 172032 184320
483 1 204800 208896
348 1 462848 466944
344 1 53248 57344
292 1 0 12288
483 1 217088 221184
531 1 249856 253952
348 1 475136 479232
483 1 266240 270336
344 1 69632 81920
2 1 0 4096
483 1 274432 282624
156 1 233472 237568
2 1 8192 12288
344 1 180224 184320
483 1 294912 299008
333 1 131072 135168
344 1 188416 192512
156 1 249856 253952
483 1 393216 397312
333 1 163840 167936
195 1 389120 393216
344 1 270336 274432
919 1 471040 475136
762 1 188416 192512
344 1 278528 282624
241 1 86016 90112
546 1 475136 479232
290 1 65536 69632
930 1 61440 65536
464 1 331776 335872
866 1 4096 8192
344 1 286720 290816
386 1 32768 36864
344 1 294912 299008
345 1 57344 61440
970 1 204800 208896
962 1 57344 61440
866 1 65536 69632
866 1 131072 135168
963 1 155648 159744
930 1 131072 135168
962 1 520192 524288
802 1 20480 24576
58 1 4096 8192
346 1 8192 12288
442 1 8192 12288
442 1 20480 24576
576 1 204800 208896
314 1 471040 483328
759 1 139264 143360
590 1 499712 512000
703 1 143360 147456
884 1 352256 372736
827 1 520192 524288
48 1 98304 102400
127 1 491520 495616
884 1 372736 376832
828 1 0 61440
741 2 450560 458752 458752 524288
742 1 0 8192
828 1 61440 65536
742 1 8192 12288
122 1 339968 344064
462 1 135168 139264
103 1 131072 135168
46 1 155648 159744
760 1 331776 348160
707 1 143360 147456
760 1 348160 352256
2 1 0 8192
290 1 4096 8192
674 1 4096 12288
97 1 303104 319488
674 1 20480 24576
674 1 65536 69632
674 1 131072 135168
79 1 299008 315392
674 1 233472 237568
738 1 143360 147456
392 1 471040 487424
869 1 102400 110592
441 1 450560 458752
869 1 114688 118784
869 1 126976 131072
441 1 462848 466944
142 1 397312 401408
77 2 389120 393216 393216 405504
79 1 270336 274432
79 1 278528 282624
245 2 323584 327680 327680 352256
122 1 339968 344064
245 1 352256 356352
379 1 217088 221184
974 1 167936 172032
502 1 36864 40960
122 1 339968 344064
275 1 172032 176128
189 1 126976 131072
438 1 417792 421888
122 1 339968 344064
590 1 507904 516096
824 1 0 4096
823 1 495616 524288
884 2 376832 393216 393216 397312
884 1 397312 401408
824 1 4096 8192
122 1 339968 344064
460 1 466944 471040
122 1 339968 352256
961 1 368640 372736
122 1 344064 348160
637 1 36864 40960
288 1 455168 456192
924 1 446464 450560
406 1 368640 376832
590 1 512000 520192
884 1 401408 421888
502 1 40960 45056
884 1 421888 425984
512 1 8192 12288
122 1 344064 348160
906 1 0 4096
292 1 208896 212992
320 1 303104 307200
294 1 299008 303104
294 1 315392 319488
423 1 274432 278528
640 1 57344 61440
640 1 61440 65536
122 1 344064 348160
122 1 344064 348160
748 3 389120 393216 393216 458752 458752 507904
555 1 425984 430080
748 1 507904 512000
385 1 81920 86016
884 1 425984 434176
884 1 434176 438272
122 1 344064 348160
815 1 16384 24576
122 1 344064 348160
649 1 57344 61440
122 1 344064 348160
710 1 94208 102400
690 2 311296 327680 327680 344064
981 1 53248 57344
690 1 344064 348160
122 1 344064 352256
762 1 356352 360448
285 1 286720 290816
590 1 516096 524288
627 1 53248 57344
884 1 438272 458752
884 1 458752 462848
122 1 348160 352256
762 1 360448 364544
134 1 159744 163840
252 1 413696 417792
122 1 348160 352256
884 1 462848 479232
884 1 479232 483328
867 2 319488 327680 327680 348160
867 1 348160 352256
122 1 348160 352256
616 1 28672 57344
803 1 94208 98304
884 1 483328 503808
856 2 344064 393216 393216 454656
884 1 503808 507904
122 1 348160 352256
856 1 454656 458752
476 1 192512 196608
558 1 0 4096
183 1 184320 188416
657 1 229376 237568
698 1 45056 53248
708 1 28672 32768
704 1 45056 49152
657 1 237568 241664
708 1 442368 446464
704 1 446464 450560
709 1 200704 204800
698 1 499712 507904
709 1 282624 286720
700 1 360448 368640
699 1 430080 438272
705 1 389120 393216
710 1 36864 40960
712 1 221184 225280
701 1 294912 299008
710 1 143360 147456
705 1 442368 446464
713 1 24576 28672
702 1 106496 110592
710 1 200704 204800
713 1 172032 176128
706 1 53248 57344
702 1 258048 262144
711 1 81920 86016
713 1 217088 221184
702 1 425984 430080
706 1 65536 69632
394 1 241664 245760
395 1 94208 98304
703 1 57344 61440
706 1 131072 135168
395 1 176128 180224
706 1 483328 487424
711 1 143360 147456
395 2 258048 262144 262144 270336
404 1 40960 45056
400 1 8192 12288
395 1 499712 503808
404 1 495616 499712
408 1 430080 434176
703 1 208896 212992
409 1 110592 114688
405 1 491520 495616
703 1 360448 364544
406 1 131072 135168
396 1 110592 114688
407 1 237568 241664
400 1 192512 196608
396 1 225280 229376
397 1 40960 45056
407 1 438272 442368
400 1 286720 290816
409 1 126976 131072
397 1 241664 245760
667 1 503808 507904
400 1 352256 356352
809 1 53248 57344
398 1 135168 139264
400 1 364544 368640
399 1 512000 516096
668 1 32768 36864
401 1 28672 32768
669 1 196608 200704
401 1 126976 131072
669 1 368640 372736
402 1 270336 274432
556 1 28672 32768
670 1 69632 73728
402 1 348160 352256
670 1 282624 286720
403 1 28672 32768
670 1 364544 368640
403 1 110592 114688
670 1 458752 462848
671 1 12288 16384
671 1 45056 49152
671 1 122880 126976
590 1 520192 524288
591 1 0 24576
938 1 200704 229376
701 1 147456 151552
884 1 507904 524288
885 1 0 4096
672 3 172032 196608 196608 262144 262144 327680
885 1 4096 8192
122 1 348160 352256
187 1 135168 139264
855 2 241664 262144 262144 282624
855 1 282624 286720
591 1 20480 28672
387 1 12288 16384
885 1 8192 32768
885 1 32768 36864
169 1 49152 53248
574 1 405504 407552
417 1 4096 8192
616 2 53248 65536 65536 81920
885 1 36864 57344
333 1 131072 135168
333 1 262144 266240
135 1 32768 36864
333 1 270336 282624
343 1 0 12288
344 1 0 4096
344 1 12288 16384
344 1 20480 24576
348 1 462848 466944
348 1 475136 479232
885 1 57344 61440
344 1 53248 57344
344 1 69632 73728
344 1 77824 81920
344 1 180224 184320
344 1 188416 192512
344 1 270336 274432
344 1 278528 282624
344 1 286720 290816
344 1 294912 299008
345 1 57344 61440
333 1 163840 167936
331 1 237568 241664
122 1 348160 352256
552 1 315392 319488
49 1 196608 208896
656 1 335872 339968
766 1 172032 196608
766 1 196608 200704
326 1 405504 409600
266 1 450560 454656
591 1 24576 32768
374 1 290816 294912
885 2 61440 65536 65536 81920
737 2 315392 327680 327680 360448
885 1 81920 86016
2 1 0 12288
194 1 16384 28672
194 1 65536 69632
732 1 192512 196608
242 1 417792 421888
970 1 315392 319488
292 1 4096 8192
194 1 131072 135168
971 1 368640 372736
869 1 438272 442368
195 1 389120 393216
258 1 131072 135168
971 1 487424 491520
966 1 385024 389120
962 1 65536 73728
971 1 495616 499712
966 1 434176 438272
737 1 360448 364544
963 1 135168 139264
966 1 442368 446464
963 1 159744 163840
29 1 442368 446464
730 1 159744 163840
38 1 131072 135168
546 1 98304 102400
349 1 229376 233472
154 1 4096 8192
154 1 24576 28672
447 1 323584 327680
154 1 36864 40960
509 1 479232 483328
974 1 184320 188416
449 1 335872 339968
829 1 348160 352256
830 1 94208 98304
882 1 307200 311296
437 1 4096 8192
519 1 147456 151552
743 2 274432 327680 327680 364544
333 1 36864 40960
743 1 364544 368640
575 1 241664 258048
916 1 139264 143360
750 1 163840 188416
792 1 262144 266240
438 1 106496 114688
885 1 86016 110592
750 1 188416 192512
885 1 110592 114688
591 1 28672 40960
885 2 114688 131072 131072 135168
333 1 262144 266240
333 1 270336 282624
575 2 253952 262144 262144 266240
344 1 0 4096
344 1 12288 16384
344 1 20480 24576
2 1 12288 16384
344 1 53248 57344
348 1 462848 466944
348 1 475136 479232
195 1 389120 393216
343 1 0 12288
333 1 131072 135168
344 1 69632 73728
291 1 65536 69632
344 1 81920 90112
333 1 163840 167936
438 1 520192 524288
439 1 0 4096
344 1 180224 184320
827 1 49152 53248
292 1 4096 8192
344 1 188416 192512
348 1 409600 413696
344 1 270336 274432
443 1 339968 344064
344 1 278528 282624
634 1 20480 24576
344 1 286720 290816
634 1 61440 65536
730 1 245760 249856
344 1 294912 299008
345 1 57344 61440
970 1 327680 331776
970 1 348160 352256
209 1 356352 360448
737 1 364544 368640
976 1 327680 331776
885 1 135168 139264
854 1 241664 245760
976 1 327680 331776
644 2 262144 327680 327680 335872
644 1 335872 339968
885 1 139264 159744
407 1 98304 102400
439 1 0 4096
591 1 36864 53248
885 1 159744 163840
252 3 0 65536 65536 131072 131072 196608
885 1 163840 188416
885 1 188416 192512
441 1 401408 409600
734 1 413696 438272
924 1 364544 372736
95 1 294912 296960
734 1 438272 442368
524 1 262144 278528
524 1 311296 327680
575 1 262144 278528
373 1 212992 217088
734 1 442368 454656
433 1 241664 245248
885 2 192512 196608 196608 212992
199 1 466944 469504
621 2 155648 196608 196608 208896
734 1 454656 458752
885 1 212992 217088
621 1 208896 212992
261 1 81920 98304
250 1 0 16384
262 1 98304 114688
250 1 81920 98304
259 1 81920 114688
262 1 409600 425984
266 1 393216 409600
259 1 131072 147456
267 1 278528 294912
575 1 274432 290816
885 1 217088 237568
885 1 237568 241664
575 1 286720 303104
885 1 241664 262144
885 1 262144 266240
575 1 299008 311296
268 1 360448 364544
885 1 266240 286720
885 1 286720 290816
591 2 49152 65536 65536 73728
885 1 290816 311296
885 1 311296 315392
532 1 73728 77824
784 1 217088 221184
417 1 319488 327680
566 1 376832 380928
616 1 77824 106496
885 2 315392 327680 327680 335872
885 1 335872 339968
575 1 307200 323584
885 1 339968 360448
885 1 360448 364544
466 1 40960 49152
466 1 65536 69632
466 1 81920 86016
466 1 106496 110592
466 1 118784 122880
466 1 241664 245760
466 1 311296 315392
466 1 331776 335872
466 1 352256 356352
468 1 24576 28672
466 1 446464 450560
468 1 81920 86016
468 1 98304 102400
467 1 0 4096
468 1 135168 139264
467 1 24576 28672
467 1 98304 102400
467 1 200704 204800
827 1 516096 520192
468 1 176128 180224
468 1 245760 253952
467 1 303104 307200
468 1 331776 335872
467 1 409600 413696
468 1 393216 397312
468 1 520192 524288
469 1 118784 122880
333 1 262144 266240
344 1 0 4096
469 1 290816 294912
344 1 12288 16384
344 1 20480 24576
469 1 380928 389120
343 1 0 12288
344 1 53248 57344
469 1 421888 425984
469 1 442368 446464
469 1 503808 512000
333 1 270336 282624
344 1 69632 73728
344 1 81920 86016
348 1 462848 466944
344 1 180224 184320
348 1 475136 479232
344 1 188416 192512
472 1 4096 8192
344 1 270336 274432
470 1 20480 24576
470 1 28672 32768
472 1 16384 20480
344 1 278528 282624
470 1 40960 45056
472 1 49152 53248
575 2 319488 327680 327680 335872
470 1 49152 53248
344 1 286720 290816
344 1 294912 299008
472 1 57344 61440
481 1 430080 434176
470 1 69632 77824
544 1 299008 303104
594 1 131072 135168
345 1 57344 61440
472 1 90112 94208
609 1 131072 135168
470 1 294912 299008
524 1 327680 331776
470 1 376832 385024
472 1 118784 126976
470 1 401408 405504
540 1 417792 421888
470 1 413696 417792
472 1 167936 172032
609 1 143360 147456
470 1 454656 458752
604 1 98304 102400
470 1 499712 503808
472 1 311296 315392
471 1 86016 90112
610 1 217088 221184
471 1 106496 110592
606 1 65536 69632
472 1 356352 360448
471 1 131072 135168
620 1 344064 348160
472 1 397312 401408
620 1 397312 401408
471 1 151552 155648
472 1 425984 430080
471 1 192512 196608
472 1 446464 450560
471 1 286720 290816
471 1 393216 397312
471 1 430080 434176
472 1 495616 499712
471 1 507904 512000
885 1 364544 385024
473 1 4096 8192
614 1 147456 151552
473 1 45056 49152
614 1 241664 245760
614 1 409600 413696
625 1 290816 294912
642 1 323584 327680
643 1 450560 454656
620 1 446464 450560
473 2 57344 65536 65536 90112
620 1 499712 503808
657 1 241664 245760
615 1 188416 192512
622 1 352256 356352
623 1 167936 172032
674 1 233472 237568
654 1 303104 307200
473 1 122880 126976
644 1 290816 294912
654 1 315392 319488
473 1 294912 299008
644 1 307200 311296
655 1 90112 94208
645 1 4096 8192
522 1 106496 110592
646 1 110592 114688
539 1 118784 122880
333 1 131072 135168
646 1 376832 380928
539 1 159744 163840
333 1 163840 167936
647 1 4096 8192
603 1 499712 503808
647 1 425984 430080
676 1 442368 446464
616 1 69632 73728
886 1 16384 20480
677 1 188416 192512
617 1 487424 491520
885 1 385024 389120
677 1 421888 425984
648 1 446464 450560
677 1 434176 446464
678 1 32768 36864
678 1 172032 176128
650 1 151552 155648
678 1 221184 225280
650 1 516096 520192
678 1 270336 274432
651 1 114688 122880
678 1 323584 327680
678 1 372736 376832
680 1 159744 163840
678 1 425984 430080
680 1 462848 466944
678 1 475136 479232
681 1 20480 24576
684 1 32768 36864
681 1 172032 176128
679 1 0 4096
684 1 188416 192512
681 1 462848 466944
684 1 385024 389120
679 1 176128 180224
706 1 147456 151552
682 1 266240 270336
706 1 159744 163840
686 1 307200 311296
679 1 245760 249856
707 1 221184 225280
683 1 40960 45056
720 1 86016 90112
683 1 376832 380928
716 1 409600 413696
770 1 401408 405504
781 1 516096 520192
787 1 155648 159744
712 1 184320 188416
679 1 294912 299008
713 1 53248 57344
713 1 126976 131072
713 1 344064 348160
714 1 8192 12288
778 1 299008 307200
679 1 348160 352256
679 1 434176 438272
773 1 192512 196608
775 1 507904 512000
793 1 294912 299008
790 1 434176 438272
793 1 389120 393216
795 1 262144 270336
810 1 479232 483328
842 1 196608 200704
800 1 393216 397312
805 1 122880 126976
816 1 90112 94208
842 1 348160 352256
837 1 167936 172032
842 1 499712 503808
834 1 405504 409600
837 1 462848 466944
798 1 77824 81920
857 1 114688 118784
857 1 131072 135168
813 1 299008 303104
857 1 147456 151552
849 1 413696 417792
857 1 163840 167936
857 1 180224 184320
869 1 36864 40960
857 1 196608 200704
857 1 212992 221184
857 1 233472 237568
847 1 40960 45056
860 1 421888 425984
859 1 204800 208896
862 1 184320 188416
575 1 331776 348160
863 1 28672 32768
267 1 307200 319488
612 1 126976 131072
746 1 176128 188416
876 1 36864 40960
267 1 323584 327680
876 2 253952 262144 262144 299008
885 2 389120 393216 393216 409600
591 1 69632 94208
885 1 409600 413696
885 1 413696 434176
575 1 344064 356352
885 1 434176 438272
982 1 487424 491520
885 1 438272 458752
730 1 163840 167936
885 1 458752 462848
535 1 94208 98304
575 1 352256 368640
325 1 135168 139264
885 1 462848 483328
885 1 483328 487424
575 1 364544 380928
885 1 487424 507904
885 1 507904 512000
575 1 376832 393216
885 1 512000 524288
886 1 0 8192
886 1 8192 12288
575 2 389120 393216 393216 401408
52 2 389120 393216 393216 401408
886 1 12288 32768
886 1 32768 36864
122 1 348160 352256
315 1 12288 16384
275 1 176128 180224
575 1 397312 413696
837 1 491520 495616
886 1 36864 57344
886 1 57344 61440
713 1 49152 53248
575 1 409600 425984
310 1 466944 471040
437 1 241664 245760
886 2 61440 65536 65536 81920
886 1 81920 86016
575 1 421888 438272
886 1 86016 106496
568 1 249856 253952
886 1 106496 110592
333 1 262144 266240
343 1 0 12288
333 1 270336 282624
344 1 0 4096
344 1 12288 16384
292 1 4096 8192
344 1 20480 24576
443 1 339968 344064
348 1 462848 466944
348 1 409600 413696
344 1 53248 57344
348 1 475136 479232
344 1 69632 77824
333 1 131072 135168
344 1 86016 90112
333 1 163840 167936
344 1 180224 184320
344 1 188416 192512
344 1 270336 274432
344 1 278528 282624
344 1 286720 290816
344 1 294912 299008
345 1 57344 61440
730 1 245760 249856
726 1 262144 266240
40 1 290816 294912
930 1 126976 131072
552 1 417792 421888
30 1 290816 294912
113 1 49152 53248
309 1 249856 253952
608 2 335872 393216 393216 430080
797 1 217088 245760
797 1 245760 249856
531 1 258048 262144
591 1 90112 98304
886 1 110592 131072
886 1 131072 135168
569 1 229376 233472
10 1 65536 69632
431 1 335872 339968
738 1 110592 114688
738 1 151552 163840
997 3 229376 262144 262144 327680 327680 331776
959 1 327680 331776
924 1 425984 430080
924 1 352256 356352
591 1 94208 106496
886 1 135168 155648
333 1 262144 266240
343 1 0 12288
333 1 270336 282624
344 1 0 4096
908 1 114688 118784
348 1 462848 466944
344 1 12288 16384
348 1 475136 479232
344 1 20480 24576
344 1 53248 57344
344 1 69632 81920
344 1 180224 184320
886 1 155648 159744
344 1 188416 192512
344 1 270336 274432
344 1 278528 282624
344 1 286720 290816
344 1 294912 299008
345 1 57344 61440
333 1 131072 135168
333 1 163840 167936
591 1 102400 114688
886 1 159744 180224
886 1 180224 184320
23 1 438272 442368
2 1 0 16384
971 1 172032 180224
194 1 24576 28672
292 1 0 12288
971 1 212992 217088
194 1 65536 69632
194 1 131072 135168
195 1 389120 393216
258 1 131072 135168
290 1 65536 69632
464 1 335872 339968
963 1 135168 139264
730 1 167936 172032
730 1 159744 163840
946 1 155648 159744
449 1 331776 339968
591 1 110592 118784
250 1 57344 61440
538 1 20480 24576
886 2 184320 196608 196608 204800
367 1 163840 167936
886 1 204800 208896
333 1 262144 266240
333 1 270336 282624
348 1 462848 466944
348 1 475136 479232
344 1 0 4096
343 1 0 12288
344 1 12288 16384
344 1 20480 24576
344 1 53248 57344
344 1 69632 73728
344 1 81920 90112
344 1 180224 184320
344 1 188416 192512
344 1 270336 274432
344 1 278528 282624
344 1 286720 290816
344 1 294912 299008
345 1 57344 61440
333 1 131072 135168
333 1 163840 167936
848 2 446464 458752 458752 466944
848 1 466944 471040
708 1 81920 86016
694 1 303104 311296
694 1 311296 315392
351 1 176128 180224
552 1 421888 425984
931 1 520192 524288
932 1 106496 110592
854 1 503808 524288
855 1 0 57344
855 1 57344 61440
616 1 102400 122880
342 1 0 4096
886 1 208896 229376
2 1 4096 8192
290 1 49152 53248
292 1 483328 487424
972 1 0 4096
362 1 12288 16384
292 1 8192 12288
333 1 131072 135168
418 1 167936 172032
886 1 229376 233472
333 1 163840 167936
971 1 512000 516096
343 1 0 12288
344 1 0 4096
333 1 262144 266240
344 1 12288 16384
333 1 270336 282624
806 1 507904 520192
344 1 20480 24576
348 1 462848 466944
342 1 73728 77824
348 1 475136 479232
344 1 53248 57344
267 1 507904 520192
344 1 69632 73728
344 1 77824 81920
268 1 4096 8192
344 1 180224 184320
344 1 188416 192512
344 1 270336 274432
344 1 278528 282624
434 1 94208 106496
344 1 286720 290816
434 1 114688 118784
2 1 0 12288
344 1 294912 299008
345 1 57344 61440
194 1 155648 163840
290 1 200704 204800
482 1 20480 24576
482 1 28672 36864
482 1 65536 69632
736 1 106496 110592
551 1 184320 188416
61 1 53248 61440
61 1 405504 409600
327 1 380928 393216
327 1 401408 405504
483 1 471040 479232
578 1 4096 8192
58 1 4096 8192
62 1 65536 86016
58 1 65536 69632
62 1 188416 192512
59 1 434176 438272
442 1 200704 204800
62 1 237568 241664
62 1 430080 434176
127 1 122880 126976
449 1 274432 278528
21 1 241664 245760
449 1 315392 319488
348 1 335872 339968
806 1 520192 524288
836 1 163840 167936
511 1 413696 417792
71 1 274432 278528
591 1 114688 126976
886 1 233472 253952
134 1 12288 16384
886 1 253952 258048
932 1 110592 114688
933 1 16384 20480
933 1 20480 24576
779 2 126976 131072 131072 139264
779 1 139264 143360
616 2 118784 131072 131072 147456
886 2 258048 262144 262144 278528
638 1 16384 20480
886 1 278528 282624
113 1 57344 61440
591 2 122880 131072 131072 135168
2 1 4096 8192
2 1 12288 16384
195 1 389120 393216
151 1 45056 53248
242 1 28672 32768
242 1 118784 122880
111 1 237568 241664
290 1 45056 49152
970 1 131072 135168
349 1 454656 458752
349 1 462848 466944
291 1 520192 524288
962 1 131072 135168
886 1 282624 303104
730 1 147456 151552
58 1 4096 8192
58 1 49152 53248
886 1 303104 307200
443 1 339968 344064
538 1 36864 40960
825 1 4096 8192
750 1 200704 204800
472 2 290816 327680 327680 348160
164 1 98304 106496
616 1 143360 172032
288 1 102400 106496
447 1 442368 446464
886 1 307200 327680
886 1 327680 331776
578 1 110592 114688
881 1 49152 53248
675 1 237568 249856
600 1 57344 61440
269 1 323584 327680
215 1 0 4096
597 1 409600 413696
821 2 32768 65536 65536 110592
616 1 167936 184320
879 1 348160 352256
821 1 110592 114688
886 1 331776 352256
886 1 352256 356352
866 1 405504 417792
857 2 352256 393216 393216 442368
857 1 442368 446464
857 2 446464 458752 458752 483328
857 1 483328 487424
701 1 61440 65536
591 1 131072 155648
886 1 356352 380928
886 1 380928 385024
503 1 442368 446464
591 1 151552 159744
0 1 299008 303104
886 2 385024 393216 393216 405504
886 1 405504 409600
984 1 385024 389120
315 1 401408 405504
398 1 434176 438272
591 1 155648 184320
886 1 409600 430080
183 1 188416 192512
886 1 430080 434176
781 1 491520 507904
631 1 159744 167936
859 1 417792 421888
28 1 118784 122880
591 2 180224 196608 196608 208896
239 1 184320 192512
886 1 434176 454656
886 1 454656 458752
569 1 323584 327680
591 1 204800 212992
690 1 450560 454656
886 1 458752 479232
592 1 389120 393216
442 2 192512 196608 196608 200704
886 1 479232 483328
721 3 184320 196608 196608 262144 262144 282624
721 1 282624 286720
616 2 180224 196608 196608 212992
886 1 483328 503808
659 1 487424 524288
333 1 262144 266240
660 2 0 65536 65536 69632
344 1 0 4096
886 1 503808 507904
344 1 12288 16384
344 1 20480 24576
333 1 270336 282624
343 1 0 12288
344 1 53248 57344
348 1 462848 466944
344 1 69632 73728
348 1 475136 479232
344 1 77824 86016
344 1 180224 184320
344 1 188416 192512
344 1 270336 274432
344 1 278528 282624
344 1 286720 290816
344 1 294912 299008
345 1 57344 61440
877 1 327680 348160
660 1 69632 73728
333 1 131072 135168
333 1 163840 167936
113 1 114688 118272
691 1 233472 237568
691 1 217088 217600
34 2 454656 458752 458752 466944
559 1 368640 376832
571 1 212992 217088
577 1 479232 483328
578 1 110592 114688
712 3 389120 393216 393216 458752 458752 479232
122 1 348160 352256
92 1 90112 98304
712 1 479232 524288
713 5 0 65536 65536 131072 131072 196608 196608 262144 262144 307200
591 1 208896 217088
886 1 507904 524288
887 1 0 4096
707 1 229376 237568
887 1 4096 8192
707 1 237568 241664
568 1 249856 253952
340 1 417792 421888
591 1 212992 221184
887 1 8192 28672
777 1 28672 57344
887 1 28672 32768
31 1 65536 69632
429 1 204800 212992
451 1 155648 159744
112 1 53248 57344
923 1 53248 57344
122 1 348160 385024
887 1 421888 430080
832 2 364544 393216 393216 401408
832 1 401408 405504
333 1 131072 135168
344 1 0 4096
344 1 12288 16384
333 1 262144 266240
343 1 0 12288
344 1 20480 24576
344 1 53248 57344
333 1 270336 282624
344 1 69632 77824
344 1 86016 90112
348 1 462848 466944
344 1 180224 184320
344 1 188416 192512
348 1 475136 479232
344 1 270336 274432
344 1 278528 282624
344 1 286720 290816
344 1 294912 299008
345 1 57344 61440
822 1 413696 425984
190 1 32768 36864
333 1 163840 167936
822 1 425984 430080
519 1 147456 151552
884 1 446464 454656
833 1 466944 524288
834 1 0 16384
591 1 217088 237568
834 1 16384 20480
887 1 32768 53248
887 1 53248 57344
18 1 4096 8192
531 1 184320 192512
656 1 28672 32768
348 1 495616 499712
3 1 434176 438272
933 1 32768 49152
933 1 24576 32768
531 1 258048 262144
997 1 57344 61440
369 1 413696 417792
820 1 483328 487424
47 1 299008 303104
663 1 299008 303104
76 1 385024 389120
333 1 262144 266240
333 1 270336 282624
348 1 462848 466944
344 1 0 4096
343 1 0 12288
344 1 12288 16384
348 1 475136 479232
344 1 20480 24576
344 1 53248 57344
344 1 69632 73728
344 1 81920 90112
344 1 180224 184320
344 1 188416 192512
344 1 270336 274432
344 1 278528 282624
344 1 286720 290816
344 1 294912 299008
345 1 57344 61440
853 1 57344 61440
333 1 131072 135168
333 1 163840 167936
513 1 225280 229376
47 1 393216 397312
757 2 434176 458752 458752 479232
2 1 4096 8192
195 1 389120 393216
244 1 405504 409600
732 1 380928 385024
292 1 4096 12288
757 1 479232 483328
851 1 28672 32768
87 1 36864 40960
578 1 57344 61440
417 1 4096 8192
269 1 323584 327680
821 1 49152 53248
770 1 20480 28672
972 1 16384 20480
349 1 487424 491520
218 1 225280 229376
350 1 49152 53248
616 1 208896 237568
887 2 57344 65536 65536 77824
222 1 176128 184320
887 1 77824 81920
238 1 8192 12288
109 1 454656 458752
502 1 45056 49152
143 1 290816 294912
195 1 151552 155648
534 1 167936 176128
534 1 180224 188416
33 1 368640 372736
336 1 270336 274432
774 1 282624 294912
591 1 233472 262144
774 1 294912 299008
887 1 81920 102400
887 1 102400 106496
530 2 200704 262144 262144 290816
887 1 106496 126976
887 1 126976 131072
552 1 425984 430080
495 1 81920 86016
378 1 516096 524288
908 1 409600 421888
616 1 274432 278528
90 1 249856 258048
161 2 446464 458752 458752 466944
282 1 290816 293376
148 1 196608 237568
992 2 61440 65536 65536 118784
984 1 24576 28160
448 1 356352 356864
442 1 188416 190464
333 1 262144 266240
333 1 270336 282624
591 2 258048 262144 262144 266240
491 1 430080 434176
348 1 462848 466944
348 1 475136 479232
344 1 0 4096
333 1 131072 135168
344 1 12288 16384
343 1 0 12288
344 1 20480 24576
333 1 163840 167936
344 1 53248 57344
887 1 131072 151552
344 1 69632 81920
344 1 180224 184320
344 1 188416 192512
344 1 270336 274432
344 1 278528 282624
344 1 286720 290816
344 1 294912 299008
345 1 57344 61440
887 1 151552 155648
9 1 491520 499712
991 1 208896 212992
552 1 430080 434176
115 1 507904 512000
552 1 434176 438272
122 2 376832 393216 393216 417792
817 1 348160 352256
981 1 204800 208896
132 1 12288 16384
333 1 94208 98304
591 1 262144 286720
887 1 155648 176128
887 1 176128 180224
982 1 487424 491520
575 1 434176 446464
215 1 278528 282624
887 2 180224 196608 196608 200704
887 1 200704 204800
326 1 405504 409600
805 1 172032 180224
387 1 20480 24576
387 1 73728 94208
387 2 106496 131072 131072 184320
756 2 4096 65536 65536 81920
805 1 180224 184320
352 1 229376 233472
756 1 81920 86016
908 1 114688 118784
325 1 270336 274432
575 1 442368 458752
887 1 204800 225280
887 1 225280 229376
122 1 413696 417792
284 1 0 12288
537 1 303104 319488
771 1 192512 196608
788 1 172032 180224
771 1 200704 204800
771 1 208896 212992
764 1 139264 143360
708 1 81920 86016
592 1 446464 454656
122 1 413696 417792
568 1 253952 258048
513 1 237568 241664
62 1 98304 102400
299 1 73728 77824
591 1 282624 299008
887 1 229376 249856
887 1 249856 253952
2 1 4096 8192
194 1 8192 12288
485 1 471040 475136
195 1 389120 393216
333 1 131072 135168
344 1 0 4096
333 1 163840 167936
344 1 12288 16384
344 1 20480 24576
343 1 0 12288
290 1 49152 53248
333 1 262144 266240
290 1 57344 61440
618 1 278528 282624
344 1 53248 57344
333 1 270336 282624
292 1 4096 8192
963 1 135168 139264
348 1 462848 466944
237 1 94208 98304
344 1 69632 81920
348 1 475136 479232
291 1 245760 249856
344 1 180224 184320
344 1 188416 192512
344 1 270336 274432
344 1 278528 282624
344 1 286720 290816
344 1 294912 299008
345 1 57344 61440
970 1 327680 331776
443 1 339968 344064
453 1 28672 32768
547 1 458752 466944
785 1 77824 86016
981 1 45056 49152
333 1 131072 135168
344 1 0 4096
333 1 262144 266240
344 1 12288 16384
343 1 0 12288
344 1 20480 24576
333 1 270336 282624
344 1 53248 57344
348 1 462848 466944
785 1 86016 90112
348 1 475136 479232
344 1 69632 77824
344 1 81920 86016
344 1 180224 184320
344 1 188416 192512
344 1 270336 274432
344 1 278528 282624
344 1 286720 290816
715 2 454656 458752 458752 471040
344 1 294912 299008
345 1 57344 61440
715 1 471040 475136
451 1 204800 208896
333 1 163840 167936
242 1 417792 421888
591 1 294912 303104
801 1 249856 253952
887 2 253952 262144 262144 274432
578 1 110592 114688
887 1 274432 278528
310 1 466944 471040
441 1 135168 147456
288 1 102400 106496
20 1 81920 90112
123 2 167936 196608 196608 253952
123 1 253952 258048
77 1 282624 290816
18 1 0 4096
17 1 520192 524288
333 1 131072 135168
333 1 262144 266240
333 1 270336 282624
348 1 462848 466944
344 1 0 4096
348 1 475136 479232
344 1 12288 16384
344 1 20480 24576
343 1 0 12288
344 1 53248 57344
344 1 69632 73728
344 1 81920 86016
344 1 180224 184320
344 1 188416 192512
344 1 270336 274432
344 1 278528 282624
344 1 286720 290816
344 1 294912 299008
345 1 57344 61440
333 1 163840 167936
836 1 163840 167936
940 1 307200 315392
134 1 12288 16384
249 1 45056 49152
113 1 57344 61440
560 1 299008 307200
679 1 180224 184320
590 1 208896 217088
563 1 16384 20480
296 1 458752 466944
462 1 131072 139264
897 1 184320 188416
591 1 299008 319488
962 1 477184 478208
887 1 278528 299008
186 1 475136 483328
887 1 299008 303104
471 1 212992 221184
460 1 131072 139264
535 1 73728 77824
467 1 73728 81920
591 1 315392 323584
887 1 303104 323584
79 1 372736 376832
801 2 94208 131072 131072 184320
887 1 323584 327680
801 1 184320 188416
374 1 20480 24576
865 1 221184 225280
25 1 212992 217088
712 1 0 16384
495 1 86016 90112
711 5 253952 262144 262144 327680 327680 393216 393216 458752 458752 524288
924 1 430080 434176
712 1 16384 20480
455 1 180224 184320
803 2 180224 196608 196608 200704
924 1 364544 372736
803 1 200704 204800
511 1 516096 520192
387 1 12288 16384
887 1 327680 335872
887 1 335872 339968
585 1 315392 319488
257 1 466944 471040
591 2 319488 327680 327680 348160
118 1 475136 479232
887 1 339968 360448
616 1 233472 262144
887 1 360448 364544
887 1 364544 385024
887 1 385024 389120
57 1 376832 380928
690 1 204800 208896
674 1 12288 16384
866 1 32768 36864
138 1 249856 253952
442 1 4096 8192
442 1 65536 69632
444 2 311296 327680 327680 331776
442 1 180224 184320
293 1 57344 61440
707 1 143360 147456
443 1 376832 380928
444 1 397312 401408
507 1 24576 28672
829 1 339968 344064
82 1 163840 167936
385 1 253952 258048
371 1 458752 462848
776 1 339968 344064
344 1 0 4096
344 1 12288 16384
344 1 20480 24576
343 1 0 12288
333 1 131072 135168
344 1 53248 57344
333 1 262144 266240
344 1 69632 73728
344 1 81920 86016
344 1 180224 184320
333 1 270336 282624
344 1 188416 192512
344 1 270336 274432
344 1 278528 282624
348 1 462848 466944
344 1 286720 290816
348 1 475136 479232
344 1 294912 299008
333 1 163840 167936
345 1 57344 61440
616 2 258048 262144 262144 270336
887 2 389120 393216 393216 409600
887 1 409600 413696
591 1 344064 372736
887 1 413696 434176
887 1 434176 438272
523 1 442368 446464
257 1 471040 475136
15 1 258048 262144
338 1 389120 393216
355 1 495616 503808
861 2 344064 393216 393216 417792
544 1 376832 380928
861 1 417792 421888
487 1 155648 167936
417 1 61440 65536
373 1 212992 217088
902 1 286720 290816
903 1 69632 73728
818 1 114688 118784
616 1 266240 290816
887 1 438272 458752
887 1 458752 462848
453 1 163840 167936
801 1 266240 270336
765 2 430080 458752 458752 524288
766 1 0 40960
718 1 385024 389120
803 1 94208 98304
766 1 40960 45056
811 1 196608 204800
882 1 81920 86016
883 1 303104 307200
721 1 286720 323584
766 2 45056 65536 65536 94208
721 1 323584 327680
766 1 94208 98304
791 1 405504 434176
791 1 434176 438272
721 1 327680 352256
764 1 352256 356352
333 1 262144 266240
344 1 0 4096
343 1 0 12288
344 1 12288 16384
333 1 270336 282624
344 1 20480 24576
344 1 53248 57344
348 1 462848 466944
344 1 69632 73728
348 1 475136 479232
344 1 77824 86016
344 1 180224 184320
721 1 352256 356352
344 1 188416 192512
344 1 270336 274432
344 1 278528 282624
344 1 286720 290816
344 1 294912 299008
345 1 57344 61440
963 1 315392 319488
483 1 4096 8192
333 1 131072 135168
333 1 163840 167936
873 2 49152 65536 65536 110592
122 1 413696 417792
873 1 110592 114688
358 1 307200 311296
787 1 65536 73728
898 1 8192 12288
787 1 73728 77824
122 1 413696 417792
591 1 368640 393216
887 1 462848 483328
887 1 483328 487424
764 1 139264 143360
591 2 389120 393216 393216 413696
565 1 45056 49152
887 1 487424 507904
887 1 507904 512000
600 1 57344 61440
371 1 380928 389120
591 1 409600 434176
122 1 413696 425984
888 1 0 8192
350 1 237568 241664
887 1 512000 524288
888 1 8192 12288
610 1 36864 40960
610 1 49152 53248
430 1 237568 245760
430 1 249856 253952
610 1 147456 155648
610 1 159744 163840
430 1 274432 290816
611 1 8192 24576
991 1 434176 438272
430 2 126976 131072 131072 135168
68 1 344064 348160
68 1 389120 393216
2 1 0 4096
714 1 327680 331776
430 1 139264 143360
251 1 159744 163840
729 1 151552 159744
58 1 131072 135168
68 1 401408 405504
430 1 163840 180224
154 1 4096 8192
430 1 204800 208896
430 1 212992 217088
154 1 28672 32768
156 1 319488 323584
154 1 65536 69632
629 1 69632 73728
154 1 167936 172032
154 1 176128 180224
154 1 200704 204800
630 1 159744 167936
218 1 192512 196608
115 1 512000 516096
438 1 110592 114688
888 1 12288 20480
629 1 442368 446464
888 1 20480 24576
122 1 417792 421888
358 1 307200 311296
924 1 364544 368640
787 1 77824 86016
134 1 12288 16384
333 1 262144 266240
342 1 454656 458752
343 1 0 12288
333 1 270336 282624
344 1 0 4096
348 1 462848 466944
344 1 12288 16384
344 1 20480 24576
348 1 475136 479232
344 1 53248 57344
344 1 69632 77824
344 1 81920 86016
344 1 180224 184320
787 1 86016 90112
344 1 188416 192512
344 1 270336 274432
344 1 278528 282624
344 1 286720 290816
344 1 294912 299008
333 1 131072 135168
345 1 57344 61440
333 1 163840 167936
818 2 278528 327680 327680 335872
439 1 0 4096
818 1 335872 339968
884 1 237568 241664
302 1 196608 200704
907 1 208896 212992
170 1 356352 368640
122 1 417792 421888
182 1 12288 16384
190 1 143360 151552
391 1 458752 462848
149 1 405504 409600
591 1 430080 438272
825 1 4096 8192
888 1 24576 45056
334 1 61440 65536
274 1 221184 229376
888 1 45056 49152
437 1 4096 8192
454 1 131072 135168
738 1 77824 81920
738 1 86016 90112
738 1 139264 143360
738 1 147456 151552
195 1 425984 430080
591 1 434176 442368
377 1 180224 184320
959 1 331776 335872
888 2 49152 65536 65536 69632
888 1 69632 73728
837 1 512000 524288
838 1 0 4096
838 1 4096 8192
717 1 36864 40960
776 1 376832 385024
462 1 266240 270336
888 1 90112 94208
888 1 98304 102400
888 1 106496 110592
938 1 24576 28672
938 1 106496 110592
938 1 135168 139264
938 1 258048 262144
938 1 286720 290816
938 1 307200 311296
938 1 331776 335872
938 1 409600 413696
938 1 430080 434176
938 1 471040 475136
939 1 32768 36864
940 1 12288 16384
939 1 45056 53248
940 1 69632 73728
939 1 61440 65536
940 1 110592 114688
939 1 114688 118784
940 1 192512 196608
939 1 188416 192512
939 1 274432 278528
940 1 253952 258048
940 1 303104 307200
940 1 360448 364544
940 1 438272 442368
939 1 372736 376832
940 1 479232 487424
939 1 475136 483328
941 1 81920 86016
941 1 139264 143360
941 1 249856 253952
941 1 270336 278528
941 1 315392 319488
941 1 499712 503808
942 1 12288 16384
914 1 512000 516096
942 1 49152 53248
915 1 94208 98304
942 1 196608 200704
944 1 45056 49152
942 1 204800 217088
778 1 131072 135168
788 1 471040 479232
792 1 208896 212992
942 1 258048 262144
944 1 262144 266240
920 1 487424 491520
916 1 434176 438272
921 1 200704 204800
917 1 274432 278528
942 1 270336 274432
944 1 303104 307200
944 1 319488 327680
944 1 356352 360448
949 1 262144 266240
944 1 417792 421888
944 1 458752 462848
942 1 290816 294912
932 1 180224 184320
945 1 4096 8192
942 1 315392 319488
921 1 475136 479232
933 1 286720 290816
945 1 16384 20480
942 1 331776 335872
986 1 36864 40960
933 1 303104 307200
986 1 122880 126976
942 1 434176 438272
1 1 217088 221184
12 1 458752 462848
945 1 28672 32768
942 1 458752 462848
17 1 417792 421888
17 1 434176 438272
12 1 512000 516096
663 1 167936 180224
942 1 495616 499712
49 1 241664 245760
83 1 188416 192512
942 1 512000 516096
945 2 57344 65536 65536 90112
13 1 36864 40960
943 1 131072 135168
943 1 151552 155648
945 1 131072 135168
783 1 446464 450560
910 1 221184 225280
13 1 86016 90112
945 1 163840 172032
15 1 241664 245760
993 1 131072 135168
8 1 81920 86016
8 1 421888 425984
9 1 483328 487424
911 1 405504 409600
10 1 98304 102400
40 1 438272 442368
943 1 167936 172032
943 1 348160 352256
42 1 81920 86016
943 1 360448 364544
943 1 393216 397312
663 1 180224 184320
943 1 421888 430080
37 1 45056 49152
88 1 155648 159744
37 1 225280 229376
88 1 454656 458752
89 1 16384 20480
38 1 126976 131072
89 1 151552 155648
38 1 393216 397312
89 1 458752 462848
99 1 380928 385024
39 1 20480 24576
92 1 0 4096
92 1 192512 196608
92 1 352256 356352
90 1 274432 278528
91 1 36864 40960
92 1 450560 454656
91 1 372736 376832
94 1 512000 516096
95 1 241664 245760
112 1 81920 86016
39 1 77824 81920
162 1 397312 401408
39 1 430080 434176
84 1 438272 442368
86 1 40960 45056
86 1 167936 172032
86 1 217088 221184
86 1 266240 274432
86 1 319488 323584
86 1 368640 372736
86 1 421888 425984
86 1 471040 475136
86 1 520192 524288
87 1 139264 143360
87 1 258048 262144
87 1 307200 311296
87 1 360448 364544
87 1 430080 434176
103 1 110592 114688
103 1 159744 167936
165 1 188416 192512
374 1 208896 217088
28 1 270336 278528
28 1 282624 286720
104 1 180224 184320
826 1 20480 24576
71 1 516096 520192
738 1 147456 151552
584 1 86016 90112
586 1 466944 471040
578 1 512000 516096
589 1 282624 286720
650 1 172032 176128
645 1 229376 233472
579 1 466944 471040
645 1 446464 450560
650 1 323584 327680
592 1 73728 81920
652 1 253952 258048
742 1 114688 118784
642 1 393216 397312
650 1 483328 487424
651 1 512000 516096
744 1 376832 380928
744 1 393216 397312
657 1 393216 397312
744 1 409600 413696
167 1 507904 512000
744 1 425984 430080
173 1 516096 520192
181 1 53248 57344
744 1 442368 446464
181 1 233472 237568
170 1 299008 303104
177 1 315392 323584
190 1 73728 77824
182 1 417792 421888
192 1 389120 393216
185 1 376832 380928
187 1 258048 262144
265 1 397312 401408
744 1 462848 466944
744 1 479232 483328
744 1 495616 499712
748 1 274432 278528
746 1 409600 413696
749 1 512000 516096
751 1 77824 81920
753 1 503808 507904
819 1 217088 221184
746 1 425984 430080
707 1 24576 28672
821 1 28672 36864
677 1 8192 12288
482 1 131072 135168
824 1 241664 245760
317 1 90112 94208
824 1 290816 294912
825 1 405504 409600
925 1 450560 454656
827 1 512000 524288
866 1 159744 163840
828 1 0 32768
123 1 307200 319488
258 1 45056 53248
867 1 151552 155648
250 1 4096 8192
628 1 135168 143360
250 1 69632 73728
250 1 225280 229376
250 1 233472 237568
321 1 307200 311296
885 1 262144 266240
917 1 413696 417792
206 1 86016 90112
588 1 184320 188416
871 2 282624 327680 327680 348160
772 2 262144 327680 327680 368640
871 1 348160 352256
772 1 368640 372736
160 1 135168 139264
122 1 417792 421888
463 1 290816 294912
122 1 417792 421888
401 1 4096 8192
2 1 4096 12288
195 1 389120 393216
333 1 131072 135168
333 1 163840 167936
343 1 0 12288
344 1 0 4096
333 1 262144 266240
344 1 12288 16384
333 1 270336 282624
344 1 20480 24576
344 1 53248 57344
348 1 462848 466944
292 1 0 4096
290 1 32768 36864
349 1 450560 454656
290 1 49152 53248
344 1 69632 73728
348 1 475136 479232
291 1 520192 524288
349 1 458752 466944
453 1 294912 299008
618 1 262144 266240
344 1 77824 81920
344 1 86016 90112
344 1 180224 184320
962 1 131072 135168
344 1 188416 192512
266 1 172032 176128
344 1 270336 274432
344 1 278528 282624
981 1 45056 49152
250 1 0 4096
650 1 20480 24576
344 1 286720 290816
344 1 294912 299008
345 1 57344 61440
971 1 475136 479232
681 1 253952 258048
333 1 262144 266240
333 1 270336 282624
343 1 0 12288
344 1 0 4096
348 1 462848 466944
344 1 12288 16384
348 1 475136 479232
344 1 20480 24576
344 1 53248 57344
344 1 69632 73728
344 1 77824 81920
344 1 86016 90112
344 1 180224 184320
344 1 188416 192512
344 1 270336 274432
344 1 278528 282624
344 1 286720 290816
344 1 294912 299008
345 1 57344 61440
577 1 348160 356352
333 1 131072 135168
333 1 163840 167936
293 1 483328 487424
2 1 0 12288
868 1 483328 487424
674 1 65536 69632
868 1 491520 495616
941 1 45056 49152
674 1 131072 135168
869 1 323584 327680
135 1 12288 16384
675 1 73728 77824
964 1 364544 368640
256 1 380928 385024
738 1 131072 135168
866 1 4096 8192
866 1 65536 69632
866 1 131072 135168
866 1 212992 217088
250 1 16384 20480
122 1 417792 421888
122 1 417792 421888
417 1 4096 8192
612 1 221184 225280
134 1 159744 163840
118 1 233472 237568
241 1 217088 221184
333 1 131072 135168
888 1 73728 81920
333 1 163840 167936
333 1 262144 266240
344 1 0 4096
343 1 0 12288
333 1 270336 282624
344 1 12288 16384
344 1 20480 24576
344 1 53248 57344
348 1 462848 466944
348 1 475136 479232
344 1 69632 81920
344 1 180224 184320
344 1 188416 192512
344 1 270336 274432
888 1 81920 86016
344 1 278528 282624
344 1 286720 290816
344 1 294912 299008
345 1 57344 61440
122 1 417792 425984
122 1 421888 425984
532 1 487424 491520
27 1 69632 73728
197 1 65536 69632
924 1 364544 368640
764 1 430080 434176
198 1 331776 335872
323 1 339968 344064
146 1 270336 274432
196 1 122880 126976
151 1 135168 139264
122 1 421888 425984
134 1 155648 159744
888 1 86016 94208
888 1 94208 98304
122 1 421888 425984
773 1 409600 413696
472 6 118784 131072 131072 196608 196608 262144 262144 327680 327680 393216 393216 446464
924 1 380928 389120
792 1 323584 327680
485 1 331776 348160
0 1 299008 307200
486 1 102400 118784
311 1 479232 495616
319 1 409600 421888
311 1 495616 499712
657 1 28672 32768
478 1 479232 495616
657 1 40960 45056
482 1 200704 217088
478 1 512000 524288
479 1 0 4096
449 1 94208 110592
479 1 20480 36864
479 2 53248 65536 65536 69632
449 1 110592 126976
480 1 282624 299008
490 1 413696 430080
479 1 86016 102400
488 1 282624 299008
479 1 102400 118784
479 1 151552 167936
935 1 28672 45056
492 1 430080 446464
924 1 450560 454656
122 1 421888 425984
955 1 28672 32768
275 1 172032 176128
331 1 237568 241664
344 1 0 4096
343 1 0 12288
924 1 385024 389120
344 1 12288 16384
333 1 262144 266240
344 1 20480 24576
344 1 53248 57344
333 1 270336 282624
348 1 462848 466944
344 1 69632 77824
348 1 475136 479232
344 1 81920 86016
344 1 180224 184320
344 1 188416 192512
344 1 270336 274432
344 1 278528 282624
344 1 286720 290816
344 1 294912 299008
924 1 450560 454656
122 1 421888 425984
345 1 57344 61440
333 1 131072 135168
333 1 163840 167936
924 1 385024 389120
471 1 45056 49152
190 1 32768 36864
26 1 435712 436224
849 1 299008 303104
924 1 450560 458752
333 1 262144 266240
333 1 270336 282624
344 1 0 4096
344 1 12288 16384
344 1 20480 24576
343 1 0 12288
348 1 462848 466944
344 1 53248 57344
348 1 475136 479232
333 1 131072 135168
344 1 69632 81920
344 1 180224 184320
333 1 163840 167936
344 1 188416 192512
344 1 270336 274432
344 1 278528 282624
344 1 286720 290816
344 1 294912 299008
345 1 57344 61440
759 1 393216 425984
258 1 278528 294912
967 1 36864 40960
155 1 229376 233472
718 1 352256 356352
874 1 290816 294912
61 1 53248 57344
124 1 4096 8192
968 1 245760 249856
718 1 364544 368640
258 1 389120 393216
2 1 0 4096
291 1 364544 368640
866 1 65536 69632
866 1 131072 135168
866 1 434176 438272
930 1 131072 135168
962 1 69632 73728
962 1 151552 155648
27 1 77824 81920
58 1 24576 28672
58 1 53248 57344
58 1 65536 69632
58 1 163840 167936
250 1 4096 8192
250 1 458752 462848
759 1 425984 430080
2 1 20480 24576
866 1 139264 147456
274 1 413696 417792
866 1 163840 167936
518 2 253952 262144 262144 266240
371 1 385024 389120
274 1 425984 430080
122 1 421888 425984
518 1 270336 274432
275 1 462848 466944
275 1 475136 479232
385 1 479232 483328
888 1 98304 106496
591 2 438272 458752 458752 466944
888 1 106496 110592
888 1 110592 131072
888 1 131072 135168
457 1 348160 352256
457 1 360448 364544
923 1 53248 57344
333 1 262144 266240
344 1 0 4096
333 1 270336 282624
343 1 0 12288
344 1 12288 16384
344 1 20480 24576
348 1 462848 466944
348 1 475136 479232
344 1 53248 57344
344 1 69632 73728
344 1 81920 86016
344 1 180224 184320
344 1 188416 192512
344 1 270336 274432
344 1 278528 282624
344 1 286720 290816
344 1 294912 299008
345 1 57344 61440
679 1 348160 368640
679 1 368640 372736
591 1 462848 471040
309 1 249856 253952
864 3 110592 131072 131072 196608 196608 200704
888 1 135168 155648
888 1 155648 159744
864 1 200704 204800
333 1 262144 266240
333 1 270336 282624
343 1 0 12288
344 1 0 4096
348 1 462848 466944
344 1 12288 16384
344 1 20480 24576
348 1 475136 479232
344 1 53248 57344
344 1 69632 73728
344 1 81920 90112
344 1 180224 184320
344 1 188416 192512
344 1 270336 274432
344 1 278528 282624
344 1 286720 290816
76 2 385024 393216 393216 397312
344 1 294912 299008
345 1 57344 61440
17 1 520192 524288
333 1 131072 135168
333 1 163840 167936
594 1 405504 413696
987 1 155648 167936
417 1 458752 479232
818 2 159744 196608 196608 221184
578 1 110592 114688
818 1 221184 225280
315 1 401408 405504
2 1 0 12288
825 1 376832 380928
290 1 65536 69632
261 1 446464 450560
156 1 294912 299008
290 1 131072 135168
262 1 131072 135168
354 1 131072 135168
496 1 286720 290816
866 1 49152 53248
154 1 262144 266240
267 1 479232 483328
892 1 520192 524288
327 1 446464 458752
674 1 331776 356352
879 1 327680 364544
674 1 356352 360448
879 1 364544 368640
591 1 466944 475136
469 1 266240 270336
888 1 159744 180224
993 1 249856 253952
888 1 180224 184320
333 1 131072 135168
333 1 163840 167936
344 1 0 4096
344 1 12288 16384
343 1 0 12288
344 1 20480 24576
333 1 262144 266240
333 1 270336 282624
348 1 462848 466944
344 1 53248 57344
348 1 475136 479232
344 1 69632 81920
344 1 180224 184320
344 1 188416 192512
344 1 270336 274432
344 1 278528 282624
344 1 286720 290816
344 1 294912 299008
345 1 57344 61440
30 1 24576 28672
458 1 434176 438272
872 1 466944 471040
796 1 151552 163840
859 1 417792 421888
796 1 163840 167936
470 1 114688 118784
233 1 249856 253952
233 1 258048 262144
572 1 86016 90112
699 1 331776 364544
658 1 77824 81920
699 1 364544 368640
907 1 192512 196608
791 3 126976 131072 131072 196608 196608 225280
791 1 225280 229376
470 1 118784 122880
635 1 487424 491520
866 2 319488 327680 327680 331776
784 1 495616 507904
333 1 131072 135168
333 1 163840 167936
784 1 507904 512000
866 1 331776 335872
261 1 417792 425984
458 1 147456 151552
472 1 147456 151552
591 1 471040 483328
888 2 184320 196608 196608 204800
888 1 204800 208896
792 1 102400 110592
997 1 40960 45056
162 1 192512 196608
837 1 299008 327680
333 1 262144 266240
343 1 0 12288
333 1 270336 282624
344 1 0 4096
344 1 12288 16384
344 1 20480 24576
348 1 462848 466944
344 1 53248 57344
348 1 475136 479232
344 1 69632 73728
837 1 327680 331776
344 1 81920 90112
344 1 180224 184320
344 1 188416 192512
344 1 270336 274432
344 1 278528 282624
344 1 286720 290816
344 1 294912 299008
345 1 57344 61440
532 1 122880 126976
29 1 278528 290816
333 1 131072 135168
333 1 163840 167936
770 1 335872 339968
82 1 0 4096
974 1 184320 188416
456 1 237568 241664
745 1 401408 413696
729 1 86016 102400
745 1 413696 417792
956 1 110592 114688
956 1 118784 122880
818 1 339968 372736
794 1 507904 512000
729 1 102400 106496
333 1 131072 135168
520 1 4096 8192
859 1 147456 151552
472 1 155648 159744
343 1 0 12288
333 1 163840 167936
333 1 262144 266240
344 1 0 4096
344 1 12288 16384
333 1 270336 282624
344 1 20480 24576
818 1 372736 376832
344 1 53248 57344
348 1 462848 466944
348 1 475136 479232
344 1 69632 73728
344 1 77824 86016
344 1 180224 184320
344 1 188416 192512
344 1 270336 274432
344 1 278528 282624
344 1 286720 290816
344 1 294912 299008
345 1 57344 61440
85 1 200704 204800
544 1 380928 385024
222 1 421888 425984
793 1 495616 499712
835 2 98304 131072 131072 147456
835 1 147456 151552
792 1 24576 32768
236 1 507904 512000
145 1 503808 507904
334 1 241664 245760
614 1 405504 409600
652 1 434176 438272
985 1 507904 512000
591 1 479232 487424
888 1 208896 229376
333 1 131072 135168
333 1 163840 167936
333 1 262144 266240
2 1 0 16384
333 1 270336 282624
194 1 65536 69632
344 1 0 4096
292 1 0 4096
258 1 131072 135168
344 1 12288 16384
292 1 8192 12288
348 1 462848 466944
290 1 65536 69632
344 1 20480 24576
343 1 0 12288
464 1 327680 331776
348 1 475136 479232
482 1 28672 32768
344 1 53248 57344
482 1 36864 40960
344 1 69632 73728
58 1 184320 188416
344 1 81920 86016
616 1 286720 311296
962 1 135168 139264
344 1 180224 184320
546 1 221184 225280
344 1 188416 192512
888 1 229376 233472
58 1 16384 20480
344 1 270336 274432
82 1 446464 450560
443 1 339968 344064
826 1 4096 8192
344 1 278528 282624
344 1 286720 290816
344 1 294912 299008
345 1 57344 61440
971 1 253952 258048
77 1 155648 163840
437 1 4096 8192
828 1 24576 28672
888 1 233472 253952
678 2 40960 65536 65536 118784
891 1 40960 45056
708 3 315392 327680 327680 393216 393216 409600
888 1 253952 258048
678 1 118784 122880
708 1 409600 413696
299 1 135168 139264
118 1 118784 122880
407 1 466944 471040
331 1 45056 49152
616 1 516096 520192
454 1 131072 139264
670 2 118784 131072 131072 151552
91 1 348160 352256
922 1 61440 65536
699 1 344064 356352
19 1 217088 221184
829 2 233472 262144 262144 266240
292 1 32768 36864
292 1 143360 147456
292 1 192512 196608
292 1 24576 28672
699 1 356352 360448
670 1 151552 155648
591 1 483328 507904
829 1 266240 270336
890 1 73728 77824
845 1 512000 520192
888 2 258048 262144 262144 278528
292 1 28672 32768
845 1 520192 524288
407 1 163840 172032
455 1 258048 262144
292 1 225280 229376
888 1 278528 282624
888 1 282624 303104
725 1 507904 520192
888 1 303104 307200
472 1 159744 163840
725 1 520192 524288
58 1 167936 172032
0 1 163840 172032
193 1 24576 32768
333 1 262144 266240
333 1 270336 282624
344 1 0 4096
348 1 462848 466944
343 1 0 12288
344 1 12288 16384
344 1 20480 24576
348 1 475136 479232
344 1 53248 57344
344 1 69632 73728
804 1 462848 479232
344 1 81920 90112
344 1 180224 184320
344 1 188416 192512
344 1 270336 274432
344 1 278528 282624
344 1 286720 290816
344 1 294912 299008
345 1 57344 61440
804 1 479232 483328
552 1 438272 442368
449 1 507904 512000
374 1 266240 270336
592 1 389120 393216
193 1 397312 401408
30 1 491520 495616
659 2 372736 393216 393216 430080
860 2 389120 393216 393216 413696
333 1 131072 135168
333 1 163840 167936
860 1 413696 417792
0 1 20480 24576
0 1 36864 40960
659 1 430080 434176
614 1 434176 438272
548 1 479232 483328
472 1 368640 372736
134 1 495616 499712
777 2 331776 393216 393216 430080
26 1 430080 434176
511 1 516096 520192
249 1 45056 49152
777 1 430080 434176
214 1 258048 262144
726 1 438272 450560
726 1 454656 458752
445 1 421888 442368
247 1 86016 98304
247 1 102400 106496
646 1 196608 217088
542 1 0 4096
299 3 376832 393216 393216 458752 458752 487424
293 1 499712 524288
294 2 0 65536 65536 90112
878 1 102400 106496
596 2 405504 458752 458752 520192
715 1 36864 49152
986 1 466944 471040
86 1 0 4096
715 1 49152 53248
472 1 372736 376832
855 2 61440 65536 65536 126976
596 1 520192 524288
773 2 385024 393216 393216 397312
617 1 462848 471040
617 1 466944 471040
647 1 225280 262144
237 1 368640 372736
256 1 237568 241664
317 1 315392 319488
920 1 507904 516096
198 1 512000 524288
647 1 262144 266240
855 1 126976 131072
746 2 372736 393216 393216 405504
88 1 376832 380928
746 1 405504 409600
4 1 487424 491520
273 1 352256 360448
472 1 376832 380928
667 1 278528 282624
595 1 413696 417792
724 1 172032 188416
469 1 389120 393216
528 1 434176 438272
445 1 45056 49152
342 1 421888 425984
848 1 425984 430080
693 1 245760 249856
326 1 16384 24576
766 1 466944 524288
724 1 188416 192512
490 2 155648 196608 196608 245760
454 1 135168 147456
767 1 0 4096
387 1 49152 49664
754 1 262144 263168
176 1 12288 23040
490 1 245760 249856
177 2 49152 65536 65536 94208
149 1 507904 512000
472 1 380928 385024
770 1 200704 212992
829 2 270336 327680 327680 331776
344 1 0 4096
344 1 12288 16384
333 1 262144 266240
344 1 20480 24576
344 1 53248 57344
343 1 0 12288
333 1 270336 282624
2 1 12288 16384
998 1 278528 282624
195 1 389120 393216
344 1 69632 77824
348 1 462848 466944
292 1 0 8192
963 1 131072 135168
344 1 86016 90112
348 1 475136 479232
344 1 180224 184320
778 1 4096 8192
110 1 339968 344064
333 1 131072 135168
344 1 188416 192512
333 1 163840 167936
344 1 270336 274432
538 1 24576 28672
549 1 90112 94208
770 1 212992 217088
344 1 278528 282624
538 1 36864 40960
344 1 286720 290816
773 1 397312 401408
344 1 294912 299008
970 1 327680 331776
971 1 212992 217088
345 1 57344 61440
829 1 331776 335872
417 1 8192 12288
577 1 393216 397312
285 1 286720 290816
308 1 331776 335872
122 1 421888 425984
470 1 118784 122880
298 1 0 4096
537 1 315392 319488
734 1 458752 471040
537 1 315392 319488
734 1 471040 475136
185 2 49152 65536 65536 131072
783 1 450560 458752
591 1 503808 524288
592 1 0 8192
761 1 57344 61440
781 1 331776 335872
888 1 307200 327680
924 1 434176 442368
185 1 131072 135168
888 1 327680 331776
924 1 372736 380928
924 1 442368 446464
788 1 290816 299008
787 1 204800 208896
242 1 466944 471040
820 1 471040 499712
470 1 151552 155648
589 1 20480 40960
506 1 229376 233472
820 1 499712 503808
924 1 376832 380928
122 1 421888 434176
865 1 221184 225280
924 1 442368 454656
64 1 512000 516096
296 1 442368 446464
303 1 69632 73728
752 1 86016 102400
752 1 102400 106496
724 2 192512 196608 196608 212992
917 1 417792 421888
912 1 147456 151552
882 1 335872 339968
597 1 0 40960
472 1 147456 151552
715 2 53248 65536 65536 77824
724 1 212992 217088
986 1 466944 471040
490 2 249856 262144 262144 299008
715 1 77824 81920
597 1 40960 45056
490 1 299008 303104
597 2 45056 65536 65536 69632
655 2 184320 196608 196608 241664
790 2 258048 262144 262144 266240
655 1 241664 245760
785 1 81920 86016
472 1 155648 159744
762 1 434176 458752
499 1 221184 225280
762 1 458752 462848
616 1 307200 319488
756 1 425984 430080
768 1 520192 524288
769 1 0 4096
888 1 331776 352256
301 1 438272 442368
122 1 425984 430080
713 2 331776 393216 393216 442368
888 1 352256 356352
713 1 442368 446464
122 1 487424 491520
971 1 253952 258048
293 1 483328 487424
554 1 65536 69632
2 1 0 12288
868 1 491520 495616
869 1 323584 327680
941 1 45056 49152
322 1 49152 53248
512 1 380928 385024
135 1 32768 36864
674 1 65536 69632
674 1 131072 135168
675 1 73728 77824
738 1 131072 135168
866 1 4096 8192
866 1 65536 69632
866 1 212992 217088
597 1 69632 73728
58 1 4096 8192
58 1 57344 61440
58 1 208896 212992
59 1 286720 290816
658 1 8192 12288
658 1 20480 32768
658 1 36864 40960
658 1 53248 57344
658 1 86016 90112
658 1 114688 118784
616 1 315392 323584
660 1 8192 12288
660 1 24576 28672
660 1 40960 45056
658 1 122880 131072
660 1 61440 65536
658 1 135168 143360
660 1 77824 81920
658 1 155648 163840
658 1 184320 188416
658 1 200704 204800
660 1 86016 90112
660 1 94208 98304
888 1 356352 376832
660 1 102400 106496
658 1 208896 233472
660 1 110592 118784
660 1 143360 147456
660 1 163840 167936
658 2 258048 262144 262144 266240
660 2 192512 196608 196608 200704
658 1 270336 274432
658 1 278528 286720
660 1 253952 258048
660 1 274432 278528
660 1 286720 290816
660 1 307200 311296
658 1 303104 311296
660 1 315392 319488
658 1 315392 319488
658 1 323584 327680
658 1 335872 339968
658 1 356352 360448
658 1 372736 385024
658 1 393216 397312
658 1 425984 430080
660 1 372736 380928
658 1 458752 462848
490 2 303104 327680 327680 360448
658 1 466944 475136
658 1 487424 499712
888 1 376832 380928
658 1 507904 512000
659 1 8192 12288
659 1 36864 49152
660 1 385024 389120
659 1 77824 81920
659 1 86016 90112
660 1 393216 401408
659 1 98304 102400
660 1 405504 409600
659 1 122880 126976
660 1 417792 421888
659 1 143360 151552
660 1 442368 446464
659 1 167936 172032
660 1 483328 487424
659 1 188416 192512
661 1 20480 24576
661 1 32768 36864
661 1 49152 53248
661 1 57344 65536
661 1 69632 73728
661 1 81920 86016
661 1 102400 110592
661 1 126976 131072
661 1 176128 188416
659 1 221184 241664
659 1 253952 258048
659 1 303104 307200
659 1 311296 319488
659 1 364544 368640
661 1 192512 196608
661 1 204800 208896
661 1 212992 217088
490 1 360448 364544
659 1 372736 376832
659 1 438272 442368
659 1 462848 466944
659 1 475136 479232
659 1 487424 491520
659 1 512000 516096
333 1 131072 135168
661 1 225280 229376
333 1 163840 167936
661 1 241664 245760
661 1 258048 262144
661 1 307200 311296
661 1 319488 323584
661 1 335872 339968
661 1 352256 356352
661 1 393216 397312
661 1 401408 405504
661 1 413696 421888
333 1 262144 266240
661 1 434176 438272
333 1 270336 282624
661 1 454656 458752
344 1 0 4096
661 1 475136 479232
343 1 0 12288
344 1 12288 16384
348 1 462848 466944
344 1 20480 24576
661 1 491520 499712
348 1 475136 479232
344 1 53248 57344
661 1 520192 524288
662 1 0 4096
344 1 69632 81920
664 1 0 8192
664 1 16384 20480
344 1 180224 184320
664 1 36864 40960
344 1 188416 192512
344 1 270336 274432
664 1 45056 49152
662 1 12288 20480
344 1 278528 282624
662 1 36864 40960
664 1 73728 77824
662 1 61440 65536
662 1 90112 94208
664 1 98304 102400
662 1 98304 102400
344 1 286720 290816
662 1 122880 126976
662 1 147456 167936
664 1 114688 118784
662 1 172032 176128
662 1 180224 184320
664 1 139264 143360
344 1 294912 299008
662 1 208896 212992
664 1 159744 163840
662 1 217088 225280
345 1 57344 61440
664 1 167936 172032
662 1 229376 233472
664 1 217088 221184
662 1 237568 241664
664 1 225280 229376
662 1 249856 258048
664 1 237568 241664
664 2 258048 262144 262144 270336
664 1 278528 286720
686 1 225280 229376
687 1 266240 270336
664 1 299008 311296
672 1 217088 221184
664 1 327680 331776
672 1 266240 270336
672 1 471040 475136
688 1 94208 98304
664 1 344064 352256
664 1 360448 368640
662 1 274432 278528
662 1 290816 294912
664 1 372736 376832
662 1 335872 344064
662 1 360448 364544
742 1 0 4096
662 1 380928 389120
664 1 385024 389120
662 1 397312 401408
662 1 405504 413696
664 1 409600 413696
662 1 483328 487424
662 1 495616 499712
662 1 503808 507904
663 1 0 12288
663 1 24576 28672
663 1 32768 36864
245 1 53248 61440
664 1 417792 421888
663 1 57344 65536
664 1 425984 434176
663 1 73728 90112
664 1 438272 442368
663 1 98304 102400
664 2 454656 458752 458752 462848
663 1 155648 167936
664 1 471040 483328
663 1 184320 192512
663 1 208896 212992
663 1 225280 229376
663 1 245760 249856
663 1 253952 258048
664 1 491520 499712
664 1 503808 512000
664 1 520192 524288
690 1 159744 163840
665 1 12288 16384
665 1 24576 32768
804 1 483328 495616
663 1 274432 282624
663 1 299008 307200
700 1 16384 20480
700 1 147456 151552
700 1 450560 454656
665 2 57344 65536 65536 69632
666 1 139264 147456
666 1 188416 196608
666 1 212992 221184
667 1 237568 241664
696 1 90112 94208
696 1 204800 208896
696 1 442368 446464
663 1 311296 319488
696 1 479232 483328
663 1 339968 344064
698 1 20480 24576
698 1 483328 487424
663 1 393216 397312
701 1 438272 442368
663 1 425984 430080
703 1 12288 16384
663 1 438272 442368
705 1 483328 487424
703 1 442368 446464
663 1 454656 458752
720 1 61440 65536
663 1 462848 475136
663 1 499712 503808
720 1 516096 520192
663 1 512000 520192
721 1 446464 450560
716 1 8192 12288
676 1 389120 393216
678 1 184320 188416
716 1 462848 466944
699 1 176128 180224
717 1 393216 397312
699 1 262144 266240
699 1 458752 462848
718 1 86016 90112
712 1 282624 290816
679 1 12288 16384
713 1 217088 221184
718 1 237568 241664
679 1 360448 364544
719 1 114688 118784
804 1 495616 499712
692 1 8192 12288
695 1 176128 180224
695 1 237568 245760
695 1 270336 274432
714 1 147456 151552
722 1 376832 380928
715 1 77824 81920
723 1 307200 311296
695 1 495616 499712
708 1 356352 360448
709 1 233472 237568
709 1 462848 466944
710 1 405504 409600
710 1 434176 438272
710 1 520192 524288
711 1 110592 114688
711 1 155648 159744
711 1 348160 352256
28 1 0 4096
82 1 0 4096
724 1 237568 241664
725 1 167936 172032
725 1 380928 385024
503 1 102400 106496
573 1 417792 421888
9 1 196608 200704
825 1 307200 311296
843 2 450560 458752 458752 479232
590 1 81920 98304
473 1 491520 495616
490 2 364544 393216 393216 430080
843 1 479232 483328
542 1 0 4096
490 1 430080 434176
866 1 225280 237568
951 1 192512 196608
874 1 0 4096
866 1 237568 241664
810 2 364544 393216 393216 401408
185 1 135168 188416
836 1 102400 114688
774 1 299008 311296
810 1 401408 405504
185 1 188416 192512
600 1 57344 61440
387 1 471040 475136
628 1 163840 167936
849 1 299008 303104
836 1 114688 118784
542 1 0 4096
866 1 241664 253952
256 1 495616 499712
861 1 516096 520192
714 1 217088 229376
866 1 253952 258048
856 1 274432 278528
642 1 286720 303104
90 1 278528 286720
716 1 409600 425984
642 1 303104 307200
122 1 425984 430080
793 1 98304 102400
474 1 94208 98304
730 1 327680 331776
789 1 487424 516096
890 1 114688 118784
290 1 49152 53248
291 1 520192 524288
918 1 483328 487424
716 1 425984 430080
826 1 389120 393216
545 1 417792 421888
292 1 0 4096
386 1 40960 45056
970 1 376832 380928
52 1 172032 176128
482 1 45056 49152
738 1 442368 446464
348 1 409600 413696
578 1 28672 32768
963 1 135168 139264
774 1 311296 315392
266 1 53248 57344
443 1 339968 344064
789 1 516096 520192
122 1 425984 430080
651 1 200704 237568
651 1 237568 241664
552 1 442368 446464
106 1 307200 311296
9 1 0 4096
308 1 401408 413696
308 1 417792 421888
236 1 503808 516096
631 1 200704 212992
808 1 483328 495616
236 1 520192 524288
808 1 499712 503808
631 1 217088 221184
354 1 45056 49152
740 1 331776 344064
740 1 348160 352256
386 1 90112 94208
122 1 425984 430080
869 1 94208 102400
437 1 503808 507904
371 1 253952 258048
830 1 69632 73728
714 1 229376 233472
812 2 442368 458752 458752 471040
294 1 90112 94208
812 1 471040 475136
714 1 86016 90112
647 1 53248 61440
256 1 499712 503808
647 1 61440 65536
734 1 475136 491520
623 1 28672 32768
122 1 425984 430080
295 1 454656 458752
740 1 262144 266240
143 1 450560 454656
18 1 94208 102400
822 1 405504 417792
907 1 253952 258048
868 1 278528 303104
893 1 57344 61440
763 1 90112 94208
22 1 200704 204800
660 1 425984 430080
541 1 348160 352256
868 1 303104 307200
866 2 278528 327680 327680 356352
734 1 491520 495616
592 1 4096 12288
888 2 380928 393216 393216 401408
866 1 356352 360448
888 1 401408 405504
122 1 425984 430080
211 1 471040 475136
451 2 65536 131072 131072 159744
679 1 212992 225280
493 1 344064 348160
557 1 258048 262144
761 2 446464 458752 458752 471040
822 1 417792 421888
679 1 225280 229376
155 1 110592 114688
451 1 159744 163840
761 1 471040 475136
66 1 475136 483328
588 1 98304 102400
651 1 241664 262144
122 1 425984 430080
984 1 385024 389120
625 1 45056 49152
651 1 262144 266240
77 1 159744 163840
478 1 454656 458752
279 1 212992 221184
318 1 458752 491520
648 1 180224 184320
918 1 368640 372736
198 1 520192 524288
199 1 0 8192
746 2 409600 458752 458752 499712
122 1 425984 430080
557 1 516096 520192
785 1 90112 102400
659 1 12288 16384
689 1 118784 122880
421 1 122880 126976
785 1 102400 106496
746 1 499712 503808
810 1 192512 196608
879 2 368640 393216 393216 397312
772 1 458752 462848
493 1 344064 348160
122 1 425984 434176
792 1 94208 102400
493 1 344064 348160
347 1 16384 20480
761 1 475136 487424
879 1 397312 401408
592 1 8192 36864
409 1 286720 290816
882 1 294912 311296
761 1 487424 491520
888 1 405504 425984
563 4 0 65536 65536 131072 131072 196608 196608 262144
269 1 270336 274432
882 1 311296 315392
338 1 389120 393216
532 1 417792 425984
888 1 425984 430080
657 1 118784 122880
657 3 122880 131072 131072 196608 196608 233472
581 1 270336 274432
592 1 32768 45056
888 1 430080 450560
235 1 221184 225280
788 1 217088 245760
182 1 520192 524288
888 1 450560 454656
788 1 245760 249856
965 1 77824 86016
578 1 442368 446464
469 1 483328 487424
583 1 290816 294912
657 1 233472 237568
769 1 151552 163840
122 1 430080 434176
769 1 163840 167936
867 1 307200 311296
349 2 61440 65536 65536 69632
864 1 204800 253952
798 1 425984 430080
963 1 212992 217088
122 1 430080 434176
891 1 40960 45056
369 1 278528 282624
91 1 81920 86016
938 1 483328 487424
758 2 323584 327680 327680 348160
820 1 106496 118784
758 1 348160 352256
885 1 380928 393216
592 1 40960 65536
451 2 163840 196608 196608 225280
820 1 118784 122880
779 1 143360 163840
888 2 454656 458752 458752 475136
893 1 20480 24576
607 1 77824 86016
779 1 163840 167936
451 1 225280 229376
888 1 475136 479232
357 1 208896 212992
470 1 167936 172032
241 1 262144 266240
798 1 520192 524288
810 1 262144 290816
798 1 516096 520192
342 1 143360 151552
337 1 90112 94208
810 1 290816 294912
856 1 458752 524288
857 1 0 20480
849 1 40960 45056
579 1 12288 16384
864 1 253952 258048
603 1 212992 217088
736 1 77824 90112
857 1 20480 24576
369 1 438272 442368
884 1 110592 126976
736 1 90112 94208
884 1 126976 131072
459 1 274432 278528
592 2 61440 65536 65536 69632
122 1 430080 434176
888 1 479232 499712
455 1 126976 131072
888 1 499712 503808
614 1 450560 454656
892 1 217088 221184
892 1 225280 229376
165 1 258048 262144
874 1 405504 417792
668 1 339968 344064
874 1 417792 421888
165 1 258048 262144
761 1 491520 516096
761 1 516096 520192
592 1 65536 81920
243 1 507904 516096
888 1 503808 524288
2 1 4096 8192
194 1 20480 24576
194 1 28672 36864
264 1 155648 159744
197 1 512000 516096
194 1 421888 425984
242 1 24576 28672
292 1 4096 12288
966 1 442368 446464
546 1 495616 499712
846 1 77824 131072
252 1 126976 131072
338 1 77824 81920
718 1 385024 389120
442 1 139264 143360
974 1 184320 188416
165 1 258048 262144
889 1 0 4096
459 1 376832 380928
551 1 12288 16384
551 1 61440 65536
572 1 450560 454656
846 1 131072 135168
597 1 73728 131072
460 1 126976 131072
470 1 114688 118784
820 2 122880 131072 131072 151552
720 1 24576 36864
597 1 131072 135168
165 1 258048 262144
720 1 36864 40960
820 1 151552 155648
578 1 110592 114688
122 1 430080 434176
505 1 462848 466944
578 1 110592 114688
165 1 258048 262144
26 1 430080 434176
542 1 385024 393216
464 1 421888 425984
271 1 299008 303104
592 1 77824 86016
887 1 417792 434176
455 1 102400 106496
889 1 4096 24576
887 1 434176 438272
394 1 495616 499712
889 1 24576 28672
459 1 262144 266240
555 1 413696 417792
707 1 139264 155648
695 1 413696 417792
912 1 126976 131072
466 1 196608 200704
707 1 155648 159744
657 1 241664 249856
707 1 45056 61440
657 1 249856 253952
49 1 126976 131072
40 1 290816 294912
707 1 61440 65536
796 1 225280 237568
439 1 0 4096
352 1 299008 299520
600 1 24576 28672
796 1 237568 241664
779 1 458752 466944
439 1 0 4096
936 1 180224 184320
779 1 466944 471040
558 1 0 4096
237 2 454656 458752 458752 471040
604 1 241664 245760
657 2 253952 262144 262144 266240
815 1 225280 241664
472 1 385024 389120
799 1 360448 372736
756 2 274432 327680 327680 348160
707 1 65536 86016
15 1 331776 335872
92 1 49152 53248
657 1 266240 270336
815 1 241664 245760
707 1 86016 90112
139 1 159744 163840
593 1 303104 311296
509 1 53248 57344
756 1 348160 352256
194 1 20480 24576
194 1 65536 69632
194 1 131072 135168
195 1 389120 393216
292 1 4096 12288
247 1 282624 286720
258 1 131072 135168
869 1 405504 409600
972 1 53248 57344
986 1 28672 32768
972 1 98304 102400
290 1 45056 53248
106 1 69632 73728
962 1 131072 135168
963 1 147456 151552
349 1 442368 446464
449 1 319488 323584
461 1 229376 233472
165 1 258048 262144
592 1 81920 90112
892 1 217088 221184
892 1 225280 229376
38 1 499712 503808
39 1 45056 49152
885 1 262144 290816
889 1 28672 49152
756 1 425984 430080
889 1 49152 53248
885 1 290816 294912
472 1 376832 380928
135 1 36864 40960
771 1 491520 499712
828 1 57344 61440
771 1 503808 507904
459 1 376832 380928
243 1 512000 524288
918 1 49152 53248
846 1 135168 192512
918 1 49152 53248
285 1 483328 491520
828 1 57344 61440
846 1 192512 196608
454 1 462848 466944
828 1 57344 61440
924 1 434176 438272
459 1 262144 266240
918 1 49152 53248
333 1 327680 331776
403 1 503808 507904
434 1 385024 389120
436 1 217088 221184
892 1 77824 110592
460 1 65536 69632
892 1 110592 114688
327 2 454656 458752 458752 466944
879 3 368640 393216 393216 458752 458752 462848
879 1 462848 466944
697 1 401408 405504
604 1 94208 98304
749 1 462848 466944
726 1 434176 438272
716 1 409600 417792
690 2 348160 393216 393216 409600
792 1 430080 434176
217 2 352256 393216 393216 417792
690 1 409600 413696
788 1 86016 94208
217 1 417792 421888
465 1 8192 12288
421 1 520192 524288
787 1 61440 65536
829 2 184320 196608 196608 200704
403 1 221184 225280
844 1 147456 172032
844 1 172032 176128
829 1 200704 204800
849 1 299008 303104
2 1 0 8192
194 1 20480 24576
194 1 28672 36864
195 1 389120 393216
963 1 98304 102400
290 1 65536 69632
292 1 0 4096
291 1 520192 524288
292 1 8192 12288
972 1 184320 188416
12 1 495616 499712
464 1 331776 335872
866 1 163840 167936
290 1 385024 389120
154 2 258048 262144 262144 266240
154 1 270336 278528
442 1 139264 143360
460 1 73728 77824
425 1 12288 16384
310 1 466944 471040
874 1 0 4096
873 1 204800 249856
746 1 344064 372736
367 1 360448 364544
746 1 106496 110592
768 1 94208 106496
873 1 249856 253952
768 1 106496 110592
244 1 212992 221184
726 1 8192 12288
746 1 372736 376832
726 1 172032 176128
784 1 217088 221184
726 1 327680 331776
738 1 356352 360448
732 1 335872 339968
728 1 233472 237568
726 1 479232 483328
734 1 516096 524288
728 1 409600 413696
727 1 106496 110592
729 1 348160 352256
735 1 36864 40960
739 1 225280 229376
727 1 294912 299008
730 1 49152 53248
770 1 512000 516096
740 1 45056 53248
771 1 192512 196608
730 1 110592 114688
771 1 389120 393216
741 1 12288 16384
730 1 434176 438272
748 1 221184 225280
784 1 135168 139264
774 1 8192 12288
784 1 339968 344064
731 1 278528 282624
861 2 421888 458752 458752 466944
750 1 319488 323584
785 1 147456 151552
774 1 16384 20480
750 1 405504 409600
785 1 512000 516096
775 1 151552 155648
802 2 57344 65536 65536 77824
750 1 421888 430080
804 1 356352 360448
802 1 106496 126976
751 1 356352 360448
744 1 139264 143360
806 1 36864 40960
780 1 57344 61440
744 1 208896 212992
806 1 135168 139264
781 1 327680 331776
744 1 434176 438272
806 1 495616 499712
782 1 495616 499712
803 1 131072 135168
745 1 122880 126976
806 1 512000 516096
803 1 208896 212992
783 1 98304 102400
745 1 376832 380928
816 1 339968 344064
509 1 430080 434176
818 1 73728 77824
783 1 163840 167936
746 1 360448 364544
820 1 253952 258048
818 1 348160 352256
812 1 229376 233472
747 1 290816 294912
818 1 405504 409600
813 1 155648 159744
902 1 73728 77824
813 1 200704 204800
815 1 421888 425984
761 1 360448 389120
776 1 417792 421888
777 1 147456 151552
778 1 176128 180224
778 1 499712 503808
808 1 159744 163840
808 1 409600 413696
809 1 122880 126976
809 1 184320 188416
810 1 0 4096
514 1 385024 389120
820 1 520192 524288
821 2 0 65536 65536 114688
512 1 385024 389120
810 1 36864 40960
810 1 102400 106496
811 1 126976 131072
861 1 466944 471040
726 1 397312 405504
492 1 450560 454656
60 1 294912 299008
834 1 299008 327680
50 1 466944 471040
905 1 421888 425984
4 1 491520 495616
736 1 479232 495616
834 1 327680 331776
736 1 495616 499712
606 1 446464 450560
844 1 131072 143360
844 1 143360 147456
932 1 69632 77824
895 2 114688 131072 131072 143360
370 1 303104 307200
895 1 143360 147456
456 1 163840 167936
2 1 0 12288
195 1 389120 393216
245 1 188416 192512
290 1 32768 40960
972 1 12288 16384
290 1 65536 69632
970 1 196608 200704
292 1 0 12288
970 1 413696 417792
464 1 335872 339968
869 1 409600 413696
971 1 184320 192512
314 1 94208 98304
449 1 331776 335872
449 1 409600 413696
546 1 94208 98304
58 1 12288 16384
154 1 32768 36864
882 1 69632 73728
146 1 16384 20480
155 1 114688 118784
815 1 151552 155648
217 1 421888 458752
576 1 204800 208896
470 1 114688 118784
217 1 458752 462848
709 1 81920 86016
317 1 303104 307200
776 1 49152 53248
555 1 45056 49152
834 2 20480 65536 65536 77824
675 1 45056 65536
119 1 28672 36864
675 1 65536 69632
834 1 77824 81920
592 1 86016 110592
659 1 155648 188416
889 2 53248 65536 65536 73728
659 1 188416 192512
470 1 139264 143360
889 1 73728 77824
244 1 40960 45056
74 1 380928 385024
667 2 122880 131072 131072 135168
667 1 135168 139264
463 1 0 4096
783 2 57344 65536 65536 69632
618 1 512000 516096
811 1 32768 36864
711 1 290816 303104
783 1 69632 73728
469 1 278528 282624
711 1 303104 307200
916 1 520192 524288
917 1 0 4096
917 1 12288 16384
112 2 323584 327680 327680 331776
83 1 237568 241664
727 1 65536 98304
67 1 163840 167936
478 1 28672 32768
22 1 397312 401408
578 1 389120 393216
727 1 98304 102400
468 1 397312 401408
592 1 106496 126976
717 1 425984 438272
889 1 77824 98304
460 1 421888 425984
165 1 258048 262144
717 1 438272 442368
889 1 98304 102400
660 2 73728 131072 131072 139264
502 1 188416 192512
660 1 425984 430080
937 1 86016 90112
675 1 69632 77824
719 1 368640 376832
660 1 139264 143360
889 1 102400 122880
864 1 229376 233472
889 1 122880 126976
719 1 376832 380928
899 1 53248 57344
451 1 344064 348160
585 1 331776 335872
417 1 8192 12288
303 2 126976 131072 131072 135168
452 1 425984 430080
516 1 53248 57344
932 1 73728 90112
469 1 282624 286720
769 1 237568 258048
895 2 147456 196608 196608 208896
738 1 110592 114688
738 1 151552 163840
769 1 258048 262144
113 1 307200 311296
895 1 208896 212992
959 1 327680 331776
780 1 143360 147456
771 1 495616 499712
780 1 466944 471040
771 1 503808 507904
504 1 167936 172032
469 1 266240 270336
421 1 520192 524288
829 1 204800 217088
154 1 8192 12288
82 1 0 4096
532 1 270336 274432
829 1 217088 221184
847 1 430080 442368
680 1 81920 118784
221 1 65536 69632
565 1 270336 274432
847 1 442368 446464
786 1 413696 450560
726 1 434176 438272
680 1 118784 122880
542 1 0 4096
557 1 196608 200704
786 1 450560 454656
61 1 409600 413696
980 1 86016 90112
454 1 270336 274432
797 1 176128 188416
395 1 376832 380928
632 1 339968 344064
807 2 86016 131072 131072 151552
241 1 86016 90112
531 1 249856 253952
195 1 151552 155648
531 1 253952 258048
797 1 188416 192512
48 1 98304 102400
145 1 479232 487424
807 1 151552 155648
891 2 421888 458752 458752 507904
385 1 372736 376832
894 2 270336 327680 327680 360448
646 1 421888 425984
834 2 159744 196608 196608 225280
89 1 376832 380928
492 1 229376 233472
597 1 409600 413696
894 1 360448 364544
40 1 294912 299008
460 1 40960 45056
937 1 217088 221184
834 1 225280 229376
417 1 147456 151552
760 1 352256 368640
760 1 368640 372736
532 1 421888 425984
615 1 106496 110592
594 1 389120 393216
772 1 266240 274432
798 1 425984 430080
891 1 507904 512000
284 1 458752 462848
732 1 274432 286720
122 1 430080 434176
732 1 286720 290816
385 1 372736 376832
296 1 393216 417792
834 1 229376 237568
564 3 192512 196608 196608 262144 262144 286720
296 1 417792 421888
431 1 335872 339968
834 1 237568 241664
564 1 286720 290816
470 1 315392 319488
421 1 106496 110592
432 1 176128 180224
649 1 237568 249856
521 1 516096 520192
455 1 208896 212992
649 1 249856 253952
665 1 237568 249856
665 1 249856 253952
839 1 57344 61440
242 1 204800 208896
246 1 339968 344064
195 1 389120 393216
292 1 8192 12288
971 1 462848 466944
708 1 81920 86016
869 1 425984 430080
986 1 139264 143360
290 1 24576 28672
849 1 40960 45056
290 1 32768 36864
291 1 520192 524288
443 1 339968 344064
68 1 507904 516096
453 1 110592 114688
451 2 229376 262144 262144 307200
365 1 512000 516096
451 1 307200 311296
945 1 20480 28672
417 1 155648 159744
10 1 466944 471040
432 1 180224 184320
42 1 0 4096
786 1 352256 372736
793 1 466944 524288
794 1 0 4096
786 1 372736 376832
837 1 139264 196608
874 1 0 4096
10 1 466944 471040
794 1 4096 8192
837 1 196608 200704
832 1 405504 438272
507 1 65536 69632
786 2 376832 393216 393216 397312
42 1 0 4096
836 2 311296 327680 327680 389120
786 1 397312 401408
832 1 438272 442368
169 1 49152 53248
837 1 200704 217088
836 1 389120 393216
649 1 172032 188416
489 1 258048 262144
10 1 466944 471040
837 1 217088 221184
786 1 401408 421888
806 1 65536 77824
786 1 421888 425984
649 1 188416 192512
42 1 0 4096
466 1 200704 204800
2 1 4096 12288
195 1 389120 393216
3 1 270336 274432
244 1 45056 49152
122 1 507904 512000
290 1 61440 65536
970 1 327680 331776
869 1 442368 446464
962 1 57344 61440
10 1 466944 471040
837 1 221184 237568
55 1 167936 172032
739 1 20480 24576
513 1 233472 237568
837 1 237568 241664
737 2 249856 262144 262144 266240
946 1 389120 393216
356 1 446464 454656
290 1 135168 139264
370 1 303104 307200
42 1 0 4096
689 1 516096 520192
868 1 466944 471040
866 1 4096 8192
866 1 65536 69632
941 1 45056 49152
868 1 491520 495616
737 1 266240 270336
869 1 114688 118784
138 1 299008 303104
548 1 266240 274432
837 1 241664 258048
616 2 319488 327680 327680 348160
58 1 8192 16384
964 1 204800 208896
154 1 45056 49152
252 1 0 4096
946 1 380928 385024
944 1 282624 286720
250 1 4096 8192
135 1 36864 40960
295 1 319488 323584
944 1 290816 294912
198 1 90112 94208
347 1 409600 413696
786 1 425984 446464
278 1 40960 45056
951 1 397312 401408
442 1 4096 8192
442 1 65536 69632
687 1 122880 126976
442 1 339968 344064
944 1 446464 450560
737 1 270336 290816
442 1 356352 360448
509 1 425984 430080
997 1 450560 454656
945 2 57344 65536 65536 69632
540 1 233472 241664
998 1 77824 81920
994 1 237568 241664
940 1 225280 229376
442 1 520192 524288
443 1 0 28672
998 1 229376 233472
171 1 221184 225280
941 1 69632 73728
999 1 40960 45056
136 1 24576 28672
942 1 245760 249856
939 1 188416 192512
999 1 196608 200704
136 1 479232 483328
942 1 503808 507904
939 1 368640 372736
176 1 335872 339968
999 1 348160 352256
2 1 0 12288
137 1 409600 413696
132 1 303104 307200
177 1 311296 315392
999 1 499712 503808
232 1 126976 131072
133 1 233472 237568
476 1 401408 405504
451 1 81920 86016
172 1 151552 155648
232 1 278528 282624
134 1 163840 167936
292 1 4096 8192
173 1 81920 86016
194 1 28672 32768
135 1 94208 98304
174 1 12288 16384
194 1 65536 69632
869 1 413696 417792
174 1 466944 471040
889 2 126976 131072 131072 147456
444 1 425984 430080
194 1 131072 135168
175 1 397312 401408
164 1 147456 151552
231 1 114688 118784
194 1 421888 425984
231 1 266240 270336
837 1 258048 262144
971 1 266240 270336
971 1 274432 278528
195 1 389120 393216
258 1 131072 135168
474 1 53248 57344
290 1 45056 49152
290 1 61440 65536
786 1 446464 450560
578 1 45056 49152
58 1 20480 24576
82 1 12288 16384
737 1 290816 294912
338 1 77824 81920
889 1 147456 151552
65 1 327680 331776
452 1 65536 73728
263 1 380928 385024
452 1 466944 471040
444 1 483328 487424
444 1 491520 499712
42 1 0 4096
777 1 401408 417792
294 1 122880 126976
653 1 331776 335872
837 1 262144 278528
777 1 417792 421888
10 1 466944 475136
472 1 159744 163840
345 1 417792 421888
837 1 278528 282624
786 2 450560 458752 458752 471040
806 1 77824 81920
133 1 315392 319488
358 1 307200 311296
717 2 389120 393216 393216 401408
813 1 221184 249856
578 1 110592 114688
786 1 471040 475136
717 1 401408 405504
787 1 90112 98304
813 1 249856 253952
10 1 471040 475136
787 1 98304 102400
42 1 0 8192
37 1 237568 241664
330 1 0 4096
786 1 475136 495616
837 1 282624 299008
787 1 102400 110592
786 1 495616 499712
837 1 299008 303104
787 1 110592 114688
585 1 147456 151552
10 1 471040 475136
287 1 393216 401408
453 1 65536 114688
786 1 499712 520192
320 1 0 8192
42 1 4096 8192
320 1 12288 20480
320 1 28672 32768
188 1 282624 286720
320 1 53248 57344
320 1 65536 73728
320 1 77824 81920
816 1 69632 118784
320 1 217088 225280
459 1 262144 266240
320 1 282624 290816
320 1 348160 360448
320 1 372736 389120
456 2 393216 458752 458752 524288
457 6 0 65536 65536 131072 131072 196608 196608 262144 262144 327680 327680 389120
321 1 57344 61440
786 1 520192 524288
592 1 122880 131072
837 1 303104 319488
457 3 389120 393216 393216 458752 458752 524288
458 6 0 65536 65536 131072 131072 196608 196608 262144 262144 327680 327680 380928
816 1 118784 122880
889 1 151552 172032
458 3 380928 393216 393216 458752 458752 524288
459 3 0 65536 65536 131072 131072 139264
10 1 471040 475136
889 1 172032 176128
787 1 0 20480
590 1 303104 307200
432 1 184320 188416
787 1 20480 24576
10 1 471040 475136
592 2 126976 131072 131072 135168
889 1 176128 196608
787 1 24576 45056
194 1 430080 434176
2 1 0 8192
578 1 135168 139264
10 1 49152 53248
10 1 69632 73728
889 1 196608 200704
10 1 135168 139264
74 1 135168 139264
772 1 73728 77824
826 1 413696 417792
787 1 45056 49152
466 1 77824 81920
466 1 200704 204800
466 1 237568 241664
466 1 393216 397312
468 1 237568 241664
466 1 438272 442368
469 1 126976 131072
469 1 184320 188416
469 1 331776 335872
469 1 442368 446464
472 1 53248 57344
12 1 143360 147456
470 1 323584 327680
472 1 98304 102400
472 1 335872 339968
470 1 368640 372736
470 1 393216 397312
528 1 393216 397312
472 1 471040 475136
594 1 483328 487424
471 1 266240 270336
610 1 69632 73728
471 1 303104 307200
473 1 57344 65536
473 1 69632 73728
473 1 77824 81920
473 1 217088 233472
612 1 126976 131072
474 1 16384 20480
471 1 331776 335872
471 1 454656 458752
475 1 49152 61440
614 1 434176 438272
10 1 471040 475136
624 1 20480 24576
616 1 69632 73728
643 1 204800 208896
657 1 241664 245760
614 1 442368 454656
618 1 4096 8192
647 1 139264 143360
675 1 102400 106496
619 1 278528 282624
676 1 323584 327680
677 1 315392 319488
619 1 516096 520192
778 1 303104 307200
620 1 139264 143360
810 1 114688 118784
622 1 266240 270336
688 1 241664 245760
653 1 131072 135168
720 1 86016 90112
770 1 401408 405504
679 1 61440 65536
2 1 0 12288
685 1 475136 479232
708 1 348160 352256
785 1 36864 40960
858 1 110592 114688
194 1 24576 28672
709 1 24576 28672
873 1 0 4096
718 1 319488 323584
785 1 53248 57344
709 1 32768 40960
785 1 69632 73728
466 1 450560 454656
781 1 516096 520192
773 1 192512 196608
785 1 86016 90112
970 1 131072 135168
846 1 413696 417792
775 1 507904 512000
785 1 102400 106496
971 1 167936 172032
785 1 118784 122880
790 1 434176 438272
305 3 311296 327680 327680 393216 393216 405504
785 1 135168 139264
971 1 176128 180224
837 1 462848 466944
861 1 16384 20480
785 1 155648 159744
837 1 319488 323584
194 1 32768 36864
292 1 8192 12288
194 1 65536 69632
876 1 294912 299008
869 1 430080 434176
195 1 389120 393216
971 1 212992 217088
589 1 176128 180224
785 1 356352 364544
258 1 131072 135168
869 1 36864 40960
314 1 507904 512000
786 1 114688 118784
848 1 385024 389120
290 1 475136 479232
849 1 233472 237568
865 2 192512 196608 196608 200704
946 1 155648 159744
866 1 282624 286720
787 2 49152 65536 65536 69632
224 1 208896 217088
460 1 77824 81920
592 1 131072 147456
305 1 405504 409600
250 1 57344 61440
787 1 69632 73728
889 1 200704 221184
42 1 4096 8192
224 1 212992 217088
816 2 122880 131072 131072 159744
889 1 221184 225280
837 2 323584 327680 327680 339968
10 1 471040 475136
816 1 159744 163840
598 1 462848 466944
837 1 339968 344064
787 1 73728 94208
873 2 253952 262144 262144 311296
690 2 188416 196608 196608 200704
261 1 94208 98304
787 1 94208 98304
172 1 118784 122880
873 1 311296 315392
42 1 4096 8192
690 1 200704 204800
253 2 417792 458752 458752 512000
10 1 471040 475136
412 1 20480 24576
837 1 344064 360448
110 1 282624 286720
787 1 98304 118784
466 1 466944 471040
253 1 512000 516096
578 1 110592 114688
818 2 376832 393216 393216 442368
818 1 442368 446464
837 1 360448 364544
807 1 0 20480
876 1 147456 163840
787 1 118784 122880
849 1 303104 307200
818 1 446464 450560
807 1 20480 24576
876 1 163840 167936
42 1 4096 8192
10 1 471040 475136
787 2 122880 131072 131072 143360
616 1 344064 372736
451 2 311296 327680 327680 368640
889 1 225280 245760
787 1 143360 147456
856 1 176128 192512
889 1 245760 249856
765 1 344064 348160
856 1 192512 196608
10 1 471040 475136
616 2 368640 393216 393216 401408
727 1 8192 24576
787 1 147456 167936
889 2 249856 262144 262144 270336
727 1 24576 28672
620 1 221184 233472
787 1 167936 172032
889 1 270336 274432
837 1 364544 380928
592 1 143360 159744
856 1 196608 217088
2 1 4096 8192
194 1 20480 24576
195 1 389120 393216
292 1 4096 8192
107 1 16384 20480
866 1 131072 135168
970 1 327680 331776
889 1 274432 294912
792 1 430080 434176
856 1 217088 221184
566 1 69632 73728
889 1 294912 299008
837 1 380928 385024
10 1 471040 475136
442 1 49152 53248
730 1 245760 253952
377 1 417792 421888
818 2 450560 458752 458752 479232
548 1 270336 286720
787 1 172032 192512
818 1 479232 483328
887 1 319488 323584
42 1 4096 8192
737 2 294912 327680 327680 352256
451 1 368640 372736
787 1 192512 196608
837 2 385024 393216 393216 401408
737 1 352256 356352
460 1 65536 69632
10 1 471040 475136
837 1 401408 405504
787 1 196608 208896
42 1 4096 8192
787 1 208896 212992
730 1 249856 262144
837 1 405504 417792
645 1 507904 512000
730 1 262144 266240
102 1 196608 204800
466 1 393216 397312
592 1 155648 163840
791 1 438272 458752
207 1 135168 139264
889 1 299008 319488
2 1 8192 12288
194 1 421888 425984
970 1 319488 323584
475 1 212992 217088
971 1 503808 507904
791 1 458752 462848
106 1 40960 45056
730 1 94208 98304
292 1 4096 12288
966 1 442368 446464
972 1 151552 155648
58 1 57344 61440
972 1 192512 196608
252 1 172032 176128
154 1 20480 24576
442 1 139264 143360
889 1 319488 323584
865 1 221184 225280
818 1 483328 512000
549 1 61440 65536
818 1 512000 516096
924 1 503808 507904
370 1 303104 307200
951 1 45056 49152
452 1 73728 77824
818 1 516096 524288
819 1 0 20480
837 1 417792 421888
469 1 24576 28672
819 1 20480 24576
469 1 159744 163840
742 1 516096 524288
743 1 0 12288
402 1 0 4096
605 1 61440 65536
743 1 12288 16384
42 1 4096 8192
477 1 147456 151552
754 1 151552 176128
963 1 217088 249856
469 1 16384 20480
837 1 421888 438272
754 1 176128 180224
770 1 516096 520192
765 1 135168 139264
773 1 475136 479232
632 1 430080 434176
633 1 114688 118784
762 1 147456 151552
634 1 36864 40960
762 1 159744 163840
634 1 86016 98304
989 1 69632 73728
82 1 0 4096
620 1 401408 405504
848 1 471040 491520
659 2 192512 196608 196608 204800
814 1 290816 303104
470 1 151552 155648
676 1 499712 503808
459 1 241664 245760
195 1 270336 274432
773 1 90112 94208
616 1 397312 425984
195 1 376832 380928
994 1 352256 356352
795 1 155648 172032
634 1 32768 40960
848 1 491520 495616
659 1 204800 208896
837 1 438272 442368
814 1 303104 307200
889 2 323584 327680 327680 344064
795 1 172032 176128
762 1 0 4096
401 1 4096 8192
889 1 344064 348160
470 1 151552 155648
659 1 208896 217088
454 1 372736 376832
659 1 217088 221184
453 1 131072 135168
2 1 4096 8192
194 1 32768 36864
240 1 12288 16384
244 1 217088 221184
292 1 0 4096
290 1 12288 16384
469 1 20480 24576
291 1 520192 524288
866 1 405504 409600
618 1 8192 12288
711 1 262144 327680
558 1 0 4096
349 1 462848 466944
776 1 49152 53248
659 1 221184 241664
736 1 442368 454656
930 1 0 4096
2 1 4096 8192
194 1 32768 36864
730 1 135168 139264
659 1 241664 245760
592 1 159744 188416
711 1 270336 274432
135 1 40960 45056
889 1 348160 368640
529 1 409600 413696
343 1 475136 479232
699 1 430080 438272
659 1 245760 253952
736 1 454656 458752
889 1 368640 372736
659 1 253952 258048
797 1 425984 430080
616 1 421888 450560
838 1 147456 155648
496 1 163840 167936
661 1 520192 524288
662 1 0 12288
889 1 372736 393216
262 1 376832 385024
861 1 262144 266240
662 1 12288 16384
889 1 393216 397312
731 2 352256 393216 393216 430080
754 2 180224 196608 196608 217088
470 1 114688 118784
754 1 217088 221184
731 1 430080 434176
109 1 282112 290304
643 1 380928 385024
16 1 32256 36352
678 2 57344 65536 65536 69632
16 1 28160 32256
678 1 69632 73728
102 1 200704 212992
564 2 290816 327680 327680 364544
79 1 472064 480256
42 1 4096 8192
564 1 364544 368640
791 1 462848 524288
810 1 327680 331776
455 1 303104 307200
459 1 274432 278528
837 1 442368 454656
542 1 0 4096
792 1 0 4096
912 1 69632 73728
76 1 491520 495616
11 1 320512 324608
459 1 258048 262144
837 1 454656 458752
749 1 274432 286720
795 1 352256 368640
795 1 368640 372736
11 1 308224 312320
616 2 446464 458752 458752 479232
749 1 286720 290816
889 1 397312 417792
42 1 4096 8192
455 1 221184 225280
889 1 417792 421888
556 1 61440 65536
469 1 159744 163840
632 1 339968 344064
837 1 458752 471040
459 1 233472 237568
496 1 520192 524288
837 1 471040 475136
698 2 126976 131072 131072 135168
432 1 188416 192512
438 1 303104 311296
263 1 278528 286720
257 1 323584 327680
167 1 385024 389120
262 1 217088 221184
42 1 4096 8192
529 1 155648 159744
235 1 237568 241664
775 2 122880 131072 131072 151552
837 1 475136 487424
775 1 151552 155648
466 1 466944 471040
837 1 487424 491520
616 1 475136 503808
41 1 94208 102400
889 1 421888 442368
997 1 200704 204800
371 1 311296 315392
881 1 479232 524288
882 1 0 45056
889 1 442368 446464
19 1 479232 483328
632 1 430080 434176
688 2 0 65536 65536 69632
616 1 499712 524288
617 1 0 8192
688 1 69632 73728
889 2 446464 458752 458752 466944
659 1 241664 249856
889 1 466944 471040
648 1 159744 180224
507 1 339968 344064
882 1 45056 49152
785 1 114688 122880
13 1 163840 167936
839 1 200704 233472
78 1 4096 8192
648 1 180224 184320
751 1 434176 442368
803 1 299008 319488
467 1 499712 503808
725 1 274432 278528
914 1 421888 425984
434 1 249856 262144
803 1 319488 323584
751 1 442368 446464
779 1 471040 483328
779 1 483328 487424
700 2 380928 393216 393216 409600
523 1 159744 163840
700 1 409600 413696
797 1 425984 442368
577 1 94208 110592
662 2 16384 65536 65536 77824
577 1 106496 110592
592 2 184320 196608 196608 217088
193 1 462848 524288
194 1 0 12288
2 1 4096 8192
194 1 65536 69632
662 1 77824 81920
194 1 131072 135168
195 1 389120 393216
258 1 131072 135168
709 1 118784 122880
290 1 28672 32768
889 1 471040 491520
290 1 49152 53248
542 1 0 4096
122 1 430080 434176
194 1 12288 16384
617 1 4096 36864
618 1 278528 282624
16 1 278528 282624
970 1 339968 344064
292 1 4096 8192
16 1 290816 294912
788 1 348160 360448
889 1 491520 495616
131 1 90112 98304
889 1 495616 516096
788 1 360448 364544
469 1 278528 282624
642 1 0 4096
839 1 233472 237568
889 1 516096 520192
639 1 94208 102400
500 1 315392 319488
421 1 110592 114688
857 1 28672 36864
931 1 241664 245760
375 2 266240 327680 327680 344064
309 1 274432 278528
459 1 409600 413696
2 1 4096 12288
194 1 28672 32768
857 1 36864 40960
195 1 389120 393216
476 1 28672 32768
145 1 483328 487424
292 1 4096 8192
971 1 270336 282624
290 1 40960 45056
966 1 454656 458752
291 1 520192 524288
107 1 352256 356352
482 1 12288 16384
866 1 188416 192512
594 1 16384 20480
154 1 36864 40960
922 1 303104 307200
894 1 421888 425984
375 1 344064 348160
958 1 8192 12288
745 1 327680 393216
442 1 139264 143360
600 1 233472 237568
86 1 393216 397312
963 1 237568 241664
782 1 471040 487424
697 1 28672 57344
438 1 4096 8192
459 1 274432 278528
745 1 393216 397312
779 1 290816 303104
2 1 4096 12288
194 1 28672 32768
697 1 57344 61440
782 1 487424 491520
680 1 372736 380928
592 1 212992 241664
292 1 0 4096
195 1 389120 393216
291 1 65536 69632
869 1 409600 413696
646 1 421888 425984
82 1 49152 53248
970 1 327680 331776
962 1 135168 139264
971 1 253952 258048
802 1 417792 421888
58 1 36864 40960
122 1 430080 434176
58 1 49152 57344
82 1 503808 507904
106 1 106496 110592
889 1 520192 524288
890 1 0 20480
593 1 139264 143360
701 1 61440 65536
680 1 380928 385024
779 1 303104 307200
453 1 167936 172032
890 1 20480 24576
549 1 81920 90112
974 1 167936 172032
375 1 57344 61440
87 1 36864 45056
499 1 110592 114688
275 1 172032 176128
189 1 126976 131072
779 1 442368 446464
149 1 483328 487424
307 1 217088 221184
788 1 421888 458752
812 1 98304 114688
334 1 241664 245760
788 1 458752 462848
122 1 430080 434176
482 1 94208 98304
456 1 360448 364544
617 1 32768 65536
812 1 114688 118784
421 1 114688 118784
463 1 475136 479232
459 1 262144 266240
890 1 24576 49152
436 1 352256 393216
648 1 184320 196608
465 1 458752 462848
596 1 131072 135168
659 1 303104 307200
568 1 462848 466944
498 1 233472 237568
890 1 49152 53248
880 1 458752 524288
566 1 516096 520192
955 1 204800 208896
565 1 106496 110592
881 1 0 4096
417 1 8192 12288
958 1 421888 425984
749 2 90112 131072 131072 159744
82 1 0 4096
616 1 12288 16384
749 1 159744 163840
890 1 53248 65536
938 1 421888 434176
648 1 196608 200704
890 1 65536 69632
156 1 233472 237568
707 1 143360 147456
156 1 249856 253952
2 1 4096 12288
449 1 425984 430080
195 1 389120 393216
611 1 409600 413696
793 1 155648 167936
290 1 32768 36864
291 1 499712 503808
866 1 393216 397312
229 1 315392 319488
962 1 57344 61440
825 1 233472 237568
128 1 126976 131072
963 1 147456 151552
34 1 434176 438272
266 1 172032 176128
839 1 221184 225280
923 1 12288 16384
938 1 430080 434176
820 3 73728 131072 131072 196608 196608 233472
793 1 167936 172032
482 1 65536 69632
820 1 233472 237568
434 1 90112 94208
603 1 487424 491520
938 1 434176 438272
938 1 438272 442368
122 1 430080 442368
732 1 0 12288
938 1 438272 442368
194 2 16384 65536 65536 77824
229 1 315392 319488
820 1 237568 262144
31 1 65536 69632
732 1 12288 16384
820 1 262144 266240
386 1 507904 512000
194 1 77824 81920
592 1 237568 249856
482 1 69632 73728
890 1 69632 106496
889 1 516096 520192
890 1 106496 110592
421 1 118784 122880
406 1 372736 385024
592 1 245760 253952
40 1 327680 331776
890 2 110592 131072 131072 139264
602 1 405504 409600
617 2 61440 65536 65536 94208
890 1 139264 143360
894 1 303104 319488
564 2 368640 393216 393216 421888
890 1 143360 167936
483 1 241664 245760
743 2 380928 393216 393216 397312
378 1 126976 131072
478 1 196608 200704
890 1 167936 172032
564 1 421888 425984
370 1 303104 307200
743 1 397312 401408
122 1 434176 438272
873 2 315392 327680 327680 344064
592 2 249856 262144 262144 282624
814 2 16384 65536 65536 90112
873 1 344064 348160
890 1 172032 192512
890 1 192512 196608
592 1 278528 286720
814 1 90112 94208
890 1 196608 217088
714 1 327680 331776
729 1 155648 159744
800 2 229376 262144 262144 315392
890 1 217088 221184
617 1 90112 122880
890 1 221184 241664
800 1 315392 319488
890 1 241664 245760
211 1 311296 315392
894 1 319488 323584
822 1 430080 438272
747 1 479232 487424
822 1 438272 442368
82 1 0 4096
600 1 57344 61440
849 1 368640 372736
821 2 114688 131072 131072 180224
6 1 430080 434176
438 1 417792 421888
620 1 229376 245760
727 1 491520 512000
800 2 319488 327680 327680 331776
821 1 180224 184320
402 1 0 8192
856 2 221184 262144 262144 307200
122 1 434176 438272
800 1 331776 335872
699 1 28672 40960
727 1 512000 516096
856 1 307200 311296
699 1 40960 45056
451 1 114688 118784
455 1 344064 348160
578 1 110592 114688
622 1 438272 442368
660 1 143360 196608
617 2 118784 131072 131072 151552
592 1 282624 303104
558 1 0 4096
828 1 188416 192512
699 1 45056 53248
660 1 196608 200704
890 2 245760 262144 262144 274432
699 1 53248 57344
890 1 274432 278528
543 1 290816 294912
839 2 409600 458752 458752 516096
660 1 200704 229376
592 1 299008 319488
890 1 278528 299008
660 1 229376 233472
617 1 147456 159744
660 1 233472 249856
839 1 516096 520192
814 2 94208 131072 131072 135168
52 1 0 32768
890 1 299008 303104
660 1 249856 253952
991 1 126976 131072
890 1 303104 323584
837 1 491520 503808
890 1 323584 327680
784 1 106496 114688
788 1 417792 421888
483 1 241664 245760
743 1 401408 425984
837 1 503808 507904
660 2 253952 262144 262144 307200
743 1 425984 430080
456 1 61440 65536
660 1 307200 311296
814 1 135168 139264
342 1 196608 229376
617 1 155648 188416
214 1 499712 503808
837 1 507904 516096
460 1 57344 61440
890 1 327680 348160
476 1 94208 102400
670 1 0 12288
890 1 348160 352256
837 1 516096 520192
48 1 98304 102400
62 1 98304 102400
963 2 249856 262144 262144 282624
157 1 520192 524288
862 1 372736 385024
370 1 430080 434176
862 1 385024 389120
564 2 425984 458752 458752 487424
52 8 0 65536 65536 131072 131072 196608 196608 262144 262144 327680 327680 393216 393216 458752 458752 524288
481 1 131072 135168
564 1 487424 491520
873 1 348160 393216
670 1 12288 16384
592 1 315392 323584
890 1 352256 372736
740 1 147456 155648
873 1 393216 397312
131 1 491520 495616
890 1 372736 376832
617 2 184320 196608 196608 212992
873 1 397312 430080
837 1 520192 524288
838 1 0 4096
890 2 376832 393216 393216 397312
740 1 155648 159744
70 1 405504 409600
660 2 311296 327680 327680 364544
551 1 266240 270336
873 1 430080 434176
890 1 397312 401408
838 1 4096 8192
815 1 368640 380928
714 1 32768 49152
660 1 364544 368640
873 1 434176 450560
91 1 315392 323584
815 1 380928 385024
714 1 49152 53248
873 1 450560 454656
573 1 450560 454656
660 2 368640 393216 393216 413696
452 1 335872 339968
57 1 262144 311296
674 1 114688 131072
57 3 327680 393216 393216 458752 458752 524288
58 1 0 16384
68 1 98304 114688
60 1 327680 344064
64 1 294912 311296
61 1 16384 32768
65 1 163840 180224
68 2 442368 458752 458752 475136
61 1 65536 81920
69 1 196608 212992
66 1 49152 65536
62 1 393216 409600
66 1 229376 245760
660 1 413696 417792
63 1 163840 180224
67 1 360448 376832
67 1 491520 524288
476 1 192512 196608
867 1 356352 360448
862 1 151552 155648
838 1 8192 16384
617 1 208896 237568
674 1 131072 135168
838 1 16384 20480
890 1 401408 421888
890 1 421888 425984
552 1 446464 450560
66 1 507904 516096
564 1 491520 524288
565 1 0 20480
617 2 233472 262144 262144 266240
692 2 282624 327680 327680 331776
890 1 425984 446464
565 1 20480 24576
692 1 331776 335872
890 1 446464 450560
423 1 126976 131072
552 1 450560 454656
836 1 425984 438272
234 1 147456 151552
242 1 487424 491520
819 1 393216 417792
836 1 438272 442368
819 1 417792 421888
706 1 32768 36864
439 1 0 4096
359 1 258048 262144
122 1 360448 364544
138 1 106496 110592
873 2 454656 458752 458752 524288
874 1 0 4096
617 1 262144 294912
791 1 344064 348160
874 1 4096 8192
776 1 192512 196608
69 1 290816 294912
890 2 450560 458752 458752 471040
403 1 8192 12288
493 1 184320 188416
890 1 471040 475136
374 1 73728 77824
722 1 516096 524288
723 1 0 20480
346 1 466944 471040
874 1 8192 53248
729 2 253952 262144 262144 282624
723 1 20480 24576
874 1 53248 57344
729 1 282624 286720
265 1 229376 233472
466 1 393216 397312
960 1 106496 114688
697 2 98304 131072 131072 135168
562 1 135168 139264
697 1 135168 139264
890 1 475136 483328
890 1 483328 487424
884 1 94208 102400
932 1 102400 106496
736 1 462848 483328
40 1 290816 294912
617 1 290816 323584
736 1 483328 487424
635 1 274432 278528
737 1 503808 524288
738 1 0 8192
58 1 405504 409600
890 1 487424 507904
218 1 483328 487424
781 1 40960 49152
890 1 507904 512000
738 1 8192 12288
781 1 49152 53248
439 1 0 4096
439 1 0 4096
707 1 143360 147456
445 1 323584 327680
127 1 491520 495616
482 1 81920 86016
310 1 262144 266240
480 1 352256 356352
467 1 475136 479232
494 1 462848 466944
820 2 266240 327680 327680 331776
25 1 217088 221184
16 1 147456 151552
617 2 319488 327680 327680 352256
820 1 331776 335872
753 1 516096 520192
592 2 319488 327680 327680 335872
439 1 0 4096
890 1 512000 524288
891 1 0 16384
894 1 360448 368640
473 1 352256 356352
439 1 0 8192
785 2 319488 327680 327680 335872
238 1 270336 274432
891 1 16384 20480
894 1 368640 372736
644 1 339968 368640
785 1 335872 339968
721 2 356352 393216 393216 430080
254 1 282624 286720
29 1 139264 143360
58 1 491520 495616
644 1 368640 372736
639 1 49152 53248
894 1 520192 524288
895 1 0 40960
435 1 483328 487424
326 1 405504 409600
77 1 462848 466944
721 1 430080 434176
266 1 450560 458752
439 1 4096 8192
514 1 155648 159744
854 2 114688 131072 131072 135168
895 1 40960 45056
694 1 110592 122880
854 1 135168 139264
694 1 122880 126976
452 1 65536 69632
439 1 4096 8192
467 1 335872 339968
439 1 4096 8192
721 2 434176 458752 458752 462848
617 1 348160 380928
619 1 16384 20480
882 1 49152 61440
721 1 462848 466944
891 1 20480 40960
844 1 241664 253952
439 1 4096 8192
882 1 61440 65536
891 1 40960 45056
439 1 4096 8192
844 1 253952 258048
439 1 4096 8192
899 1 491520 495616
850 1 425984 430080
822 1 434176 446464
818 2 159744 196608 196608 258048
738 1 77824 81920
822 1 446464 450560
738 1 86016 90112
738 1 139264 143360
738 1 147456 151552
738 1 167936 172032
592 1 331776 339968
959 1 331776 335872
818 1 258048 262144
891 1 45056 65536
632 1 430080 434176
439 1 4096 12288
891 1 65536 69632
509 1 479232 483328
644 1 372736 385024
974 1 184320 188416
707 1 143360 147456
435 1 487424 491520
644 1 385024 389120
439 1 8192 12288
838 1 385024 393216
783 1 385024 389120
439 1 8192 12288
617 2 376832 393216 393216 409600
736 1 499712 516096
293 1 57344 65536
891 1 69632 90112
736 1 516096 520192
891 1 90112 94208
333 1 36864 40960
134 1 262144 266240
958 1 421888 425984
849 1 249856 253952
459 1 237568 241664
25 1 24576 28672
665 3 40960 65536 65536 131072 131072 143360
592 1 335872 364544
891 1 94208 114688
665 1 143360 147456
891 1 114688 118784
523 1 454656 458752
617 1 405504 438272
891 2 118784 131072 131072 139264
588 1 278528 282624
644 2 290816 327680 327680 380928
891 1 139264 143360
530 1 286720 307200
891 1 143360 163840
644 1 380928 385024
805 1 45056 49152
891 1 163840 167936
731 2 454656 458752 458752 495616
652 1 159744 172032
195 1 389120 393216
252 1 12288 16384
962 1 61440 65536
442 1 16384 20480
972 1 4096 8192
442 1 139264 143360
253 1 352256 356352
292 1 4096 12288
869 1 409600 413696
894 1 421888 430080
731 1 495616 499712
652 1 172032 176128
348 1 413696 417792
444 1 421888 425984
733 1 172032 176128
153 1 278528 286720
412 1 364544 368640
736 1 520192 524288
737 1 0 36864
886 1 49152 53248
656 1 16384 20480
737 1 36864 40960
563 1 167936 172032
49 1 204800 212992
812 1 335872 348160
744 1 40960 61440
338 1 389120 393216
617 2 434176 458752 458752 466944
573 1 143360 147456
744 1 61440 65536
812 1 348160 352256
891 1 167936 188416
151 1 49152 61440
929 1 106496 110592
744 1 65536 73728
743 2 368640 393216 393216 450560
891 1 188416 192512
744 1 73728 77824
464 1 405504 409600
779 1 471040 491520
743 1 450560 454656
779 1 491520 495616
373 1 212992 217088
654 1 380928 385024
989 1 249856 258048
730 1 266240 286720
730 1 286720 290816
617 1 462848 495616
891 2 192512 196608 196608 212992
178 2 61440 65536 65536 73728
891 1 212992 217088
787 1 471040 479232
482 1 49152 53248
663 2 184320 196608 196608 204800
994 1 53248 57344
970 1 118784 122880
292 1 4096 12288
2 1 4096 12288
970 1 348160 352256
792 1 114688 118784
869 1 409600 413696
737 1 245760 249856
453 1 49152 53248
195 1 389120 393216
478 1 188416 192512
290 1 53248 57344
663 1 204800 208896
291 1 520192 524288
777 1 131072 159744
314 1 507904 512000
986 1 184320 188416
266 1 163840 167936
58 1 20480 24576
346 1 24576 28672
443 1 348160 352256
803 1 45056 49152
777 1 159744 163840
806 1 344064 364544
592 1 360448 368640
806 1 364544 368640
891 1 217088 237568
891 1 237568 241664
456 1 466944 471040
593 1 319488 327680
875 1 237568 241664
13 1 204800 208896
636 1 516096 520192
617 1 491520 524288
671 2 258048 262144 262144 290816
608 1 114688 118784
735 1 495616 524288
736 2 0 65536 65536 94208
891 1 241664 262144
456 1 393216 397312
671 1 290816 294912
784 1 217088 221184
891 1 262144 266240
2 1 8192 12288
802 1 499712 503808
964 1 413696 417792
970 1 24576 28672
242 1 417792 421888
292 1 4096 12288
898 1 253952 258048
869 1 434176 438272
532 1 73728 77824
736 1 94208 98304
972 1 114688 118784
511 1 319488 323584
764 1 139264 143360
58 1 20480 24576
154 1 32768 36864
442 1 139264 143360
456 1 491520 495616
254 1 0 4096
459 1 270336 274432
435 1 491520 495616
872 1 49152 53248
660 1 225280 237568
827 2 245760 262144 262144 270336
762 1 356352 360448
303 3 176128 196608 196608 262144 262144 307200
827 1 270336 274432
456 1 397312 401408
660 1 237568 241664
573 1 143360 159744
6 1 430080 434176
617 1 520192 524288
618 1 0 28672
592 1 364544 372736
303 1 307200 311296
744 2 77824 131072 131072 135168
891 1 266240 294912
454 1 409600 413696
744 1 135168 139264
891 1 294912 299008
466 1 466944 471040
363 1 253952 258048
456 1 393216 397312
459 1 212992 217088
581 1 520192 524288
578 1 110592 114688
810 1 4096 28672
810 1 28672 32768
712 1 397312 401408
989 2 253952 262144 262144 270336
878 1 360448 385024
459 1 217088 221184
439 1 8192 12288
730 2 290816 327680 327680 352256
878 1 385024 389120
592 1 368640 376832
618 1 24576 32768
480 1 516096 520192
730 1 352256 356352
891 1 299008 327680
512 1 8192 12288
891 1 327680 331776
358 1 12288 16384
434 2 258048 262144 262144 274432
442 1 229376 233472
700 2 413696 458752 458752 499712
438 1 57344 61440
700 1 499712 503808
479 1 53248 57344
740 1 278528 290816
542 1 0 4096
56 1 106496 110592
900 1 466944 471040
742 1 446464 458752
740 1 290816 294912
742 1 458752 462848
82 1 0 4096
482 1 28672 32768
938 1 438272 450560
643 2 389120 393216 393216 405504
99 1 430080 434176
480 1 352256 356352
467 1 475136 479232
229 1 315392 319488
494 1 249856 253952
494 1 462848 466944
123 2 356352 393216 393216 409600
206 1 311296 315392
643 1 405504 409600
820 3 335872 393216 393216 458752 458752 524288
821 1 0 49152
618 1 28672 61440
123 1 409600 413696
2 1 417792 421888
891 1 331776 352256
480 1 393216 397312
367 1 94208 98304
891 1 352256 356352
628 1 139264 143360
821 1 49152 53248
265 1 397312 401408
938 1 0 4096
123 1 413696 421888
940 1 57344 61440
938 1 65536 69632
940 1 385024 389120
938 1 274432 278528
941 1 167936 172032
938 1 380928 385024
938 1 512000 516096
941 1 221184 225280
933 1 249856 253952
941 1 258048 262144
792 1 32768 36864
941 1 413696 417792
906 1 352256 356352
941 1 434176 438272
943 1 131072 135168
943 1 159744 163840
943 1 225280 229376
944 1 245760 249856
943 1 389120 393216
944 1 253952 258048
123 1 421888 425984
944 1 438272 442368
15 1 0 4096
943 1 475136 479232
16 1 135168 139264
943 1 491520 495616
15 1 290816 294912
49 1 4096 8192
46 1 94208 98304
49 1 241664 245760
6 1 167936 172032
944 1 462848 466944
6 1 176128 180224
82 1 376832 380928
93 1 401408 405504
6 1 372736 380928
945 1 57344 65536
83 1 8192 12288
37 1 348160 352256
945 1 69632 77824
984 1 450560 454656
100 1 61440 65536
945 1 90112 98304
946 1 143360 151552
8 1 81920 86016
823 1 331776 344064
10 1 286720 290816
11 1 258048 262144
42 1 12288 16384
652 1 442368 446464
748 1 274432 278528
651 1 258048 262144
828 1 28672 32768
752 1 376832 385024
745 1 503808 507904
110 1 61440 65536
112 1 81920 86016
776 1 380928 385024
162 1 397312 401408
170 1 299008 303104
189 2 147456 196608 196608 258048
176 1 471040 475136
176 1 487424 491520
173 1 516096 520192
176 1 503808 507904
176 1 520192 524288
583 1 278528 282624
645 1 446464 450560
177 1 12288 16384
740 1 274432 278528
821 1 32768 36864
177 1 32768 36864
101 1 483328 487424
177 1 49152 53248
101 1 491520 499712
177 1 65536 69632
167 1 507904 512000
182 1 417792 421888
177 1 270336 278528
823 1 344064 348160
528 1 196608 200704
930 1 0 4096
189 1 258048 262144
735 1 20480 36864
52 1 397312 405504
735 1 36864 40960
320 1 331776 335872
611 1 36864 40960
187 1 270336 274432
335 1 311296 319488
335 1 323584 327680
722 1 331776 385024
123 1 425984 438272
618 2 57344 65536 65536 86016
823 1 348160 360448
123 1 438272 442368
722 1 385024 389120
803 1 143360 155648
480 1 401408 405504
891 1 356352 376832
557 1 249856 253952
823 1 360448 364544
891 1 376832 380928
803 1 155648 159744
703 1 135168 139264
837 1 491520 495616
464 1 397312 401408
417 1 323584 327680
966 1 327680 335872
367 1 114688 118784
618 1 81920 114688
859 3 57344 65536 65536 131072 131072 155648
769 1 147456 176128
501 1 126976 131072
891 2 380928 393216 393216 401408
601 1 421888 425984
859 1 155648 159744
769 1 176128 180224
303 2 311296 327680 327680 376832
891 1 401408 405504
303 1 376832 380928
310 1 466944 475136
437 1 241664 245760
117 1 323584 327680
602 1 503808 507904
2 1 4096 12288
476 1 24576 28672
194 1 24576 28672
292 1 8192 12288
87 1 36864 40960
578 1 57344 61440
596 1 258048 262144
770 1 28672 32768
866 1 401408 405504
349 1 487424 491520
350 1 49152 53248
350 1 225280 229376
721 2 188416 196608 196608 200704
762 1 401408 417792
449 1 339968 344064
721 1 200704 204800
762 1 417792 421888
791 1 466944 475136
408 1 155648 163840
459 1 233472 237568
480 1 405504 409600
677 2 45056 65536 65536 81920
677 1 81920 86016
673 1 278528 290816
618 2 110592 131072 131072 143360
712 1 397312 413696
762 1 421888 442368
482 1 241664 245760
891 1 405504 425984
221 1 188416 192512
762 1 442368 446464
878 2 389120 393216 393216 454656
891 1 425984 430080
374 1 212992 217088
859 1 159744 196608
28 1 274432 278528
562 1 20480 24576
28 1 282624 286720
878 1 454656 458752
859 1 196608 200704
405 1 507904 512000
592 1 372736 380928
456 1 503808 507904
891 1 430080 450560
28 1 274432 278528
756 1 86016 98304
28 1 282624 286720
891 1 450560 454656
756 1 98304 102400
482 1 49152 53248
22 1 225280 229376
756 1 102400 126976
756 1 126976 131072
643 1 401408 425984
99 1 225280 229376
15 1 98304 102400
225 1 450560 454656
643 1 425984 430080
370 1 159744 163840
494 1 126976 131072
578 1 110592 114688
943 1 139264 143360
180 1 417792 421888
618 1 139264 172032
649 1 421888 425984
891 2 454656 458752 458752 475136
686 1 0 4096
913 1 53248 57344
891 1 475136 479232
586 1 405504 409600
858 1 376832 389120
700 1 110592 114688
456 1 475136 479232
753 2 196608 262144 262144 274432
111 1 520192 524288
917 1 122880 126976
10 1 65536 69632
431 1 335872 339968
850 1 167936 180224
753 1 274432 278528
494 1 266240 270336
850 1 180224 184320
37 1 4096 8192
40 1 331776 335872
618 1 167936 196608
122 1 434176 438272
398 1 0 4096
891 1 479232 499712
114 1 204800 208896
657 1 8192 24576
891 1 499712 503808
592 1 376832 385024
456 1 479232 483328
891 1 503808 524288
447 2 454656 458752 458752 462848
858 1 421888 425984
657 1 24576 28672
460 1 90112 94208
892 1 0 4096
661 1 405504 430080
484 1 380928 385024
494 1 270336 274432
661 1 430080 434176
759 1 458752 462848
966 1 331776 344064
769 2 180224 196608 196608 241664
310 1 290816 294912
310 1 294912 307200
128 1 262144 266240
769 1 241664 245760
310 1 303104 307200
928 1 147456 151552
12 1 430080 434176
137 1 94208 98304
731 1 212992 217088
114 1 208896 212992
731 3 217088 262144 262144 327680 327680 389120
787 1 212992 229376
367 1 163840 167936
447 1 323584 327680
350 1 307200 311296
858 1 389120 393216
484 1 8192 12288
731 1 389120 393216
787 1 229376 233472
482 1 241664 245760
23 1 438272 442368
295 1 315392 319488
803 1 94208 98304
122 1 434176 438272
435 1 495616 499712
418 1 126976 131072
2 1 4096 8192
639 1 49152 53248
292 1 4096 8192
290 1 57344 61440
866 1 131072 135168
87 1 36864 40960
349 1 258048 262144
970 1 352256 356352
790 1 458752 471040
444 1 434176 438272
114 1 212992 217088
456 1 491520 495616
962 1 24576 28672
790 1 471040 475136
837 1 0 16384
215 1 307200 311296
592 1 380928 389120
837 1 16384 20480
725 2 69632 131072 131072 151552
892 1 4096 24576
892 1 24576 28672
725 1 151552 155648
762 1 86016 90112
611 1 413696 417792
914 2 0 65536 65536 122880
892 1 143360 159744
186 3 245760 262144 262144 327680 327680 368640
431 1 49152 53248
122 1 434176 438272
892 1 159744 163840
738 1 110592 114688
738 1 151552 163840
738 1 172032 176128
725 1 155648 172032
959 1 327680 331776
146 1 163840 167936
725 1 172032 176128
186 1 368640 372736
814 1 401408 413696
456 1 40960 45056
814 1 413696 417792
665 1 73728 102400
455 1 249856 253952
456 1 507904 512000
665 1 102400 106496
475 1 495616 499712
25 1 24576 32768
646 1 28672 45056
618 2 192512 196608 196608 225280
528 1 114688 122880
597 1 409600 413696
186 1 372736 393216
459 1 335872 339968
196 1 307200 311296
892 1 28672 49152
186 1 393216 397312
892 1 49152 53248
313 2 45056 65536 65536 122880
696 1 348160 352256
665 1 106496 110592
313 1 122880 126976
764 1 249856 262144
82 1 0 4096
576 1 204800 208896
122 1 434176 438272
336 1 270336 274432
764 1 262144 266240
612 1 409600 413696
199 1 204800 212992
961 1 499712 503808
472 1 118784 122880
860 1 200704 212992
962 1 24576 28672
665 2 110592 131072 131072 135168
836 1 163840 167936
723 2 32768 65536 65536 131072
511 1 413696 417792
489 1 8192 12288
731 1 372736 385024
665 1 135168 139264
860 1 212992 217088
731 1 385024 389120
665 1 139264 143360
2 1 4096 12288
961 1 499712 503808
292 1 0 4096
194 1 32768 36864
195 1 389120 393216
966 1 471040 475136
730 1 425984 430080
240 1 20480 24576
970 1 122880 126976
970 1 327680 331776
82 1 53248 57344
723 1 131072 135168
971 1 241664 245760
594 1 249856 253952
386 1 8192 16384
866 1 401408 405504
58 1 12288 16384
834 1 479232 483328
443 1 344064 348160
850 1 425984 430080
738 1 438272 442368
738 1 479232 483328
207 1 323584 327680
665 1 143360 151552
705 2 245760 262144 262144 274432
521 1 221184 225280
738 1 483328 487424
665 1 151552 155648
860 1 217088 229376
970 1 229376 233472
860 1 229376 233472
665 1 155648 163840
465 1 393216 397312
665 1 163840 167936
328 1 159744 163840
346 1 405504 409600
758 1 315392 327680
961 1 503808 512000
742 2 12288 65536 65536 86016
758 1 327680 331776
135 1 102400 106496
665 1 167936 196608
122 1 434176 438272
665 1 196608 200704
528 1 192512 196608
694 1 315392 327680
970 1 110592 114688
949 1 237568 241664
958 1 159744 163840
952 1 237568 241664
961 1 49152 53248
460 1 466944 471040
705 1 274432 278528
665 1 200704 208896
249 1 372736 376832
42 1 0 4096
303 1 36864 40960
226 1 262144 266240
742 1 86016 90112
729 2 241664 262144 262144 266240
0 1 40960 49152
665 1 208896 212992
137 1 442368 446464
838 1 20480 32768
664 1 200704 217088
729 1 266240 270336
618 1 221184 253952
664 1 217088 221184
592 1 385024 393216
838 1 32768 36864
908 1 114688 118784
892 2 53248 65536 65536 81920
40 1 290816 294912
892 1 81920 86016
915 1 356352 360448
850 3 114688 131072 131072 196608 196608 200704
618 1 249856 258048
998 1 278528 282624
892 1 86016 106496
850 1 200704 204800
825 1 4096 8192
892 1 106496 110592
820 1 172032 176128
856 1 425984 430080
788 2 425984 458752 458752 499712
929 1 106496 110592
788 1 499712 503808
164 1 102400 110592
592 2 389120 393216 393216 401408
781 1 212992 229376
892 1 110592 131072
781 1 229376 233472
892 1 131072 135168
721 1 466944 524288
722 1 0 16384
618 2 253952 262144 262144 266240
579 1 229376 233472
694 1 327680 331776
370 1 393216 397312
892 1 135168 155648
722 1 16384 20480
460 1 147456 151552
688 1 344064 348160
892 1 155648 159744
759 1 462848 475136
722 1 20480 53248
618 1 262144 319488
759 1 475136 479232
722 1 53248 57344
892 1 159744 180224
358 1 307200 311296
105 1 65536 69632
722 2 57344 65536 65536 73728
675 1 73728 81920
274 1 126976 131072
892 1 180224 184320
722 1 73728 77824
313 2 126976 131072 131072 192512
787 1 114688 122880
892 2 184320 196608 196608 204800
107 1 401408 409600
787 1 122880 126976
313 1 192512 196608
892 1 204800 208896
675 1 245760 253952
2 1 0 4096
2 1 12288 16384
240 1 28672 32768
195 1 389120 393216
290 1 57344 61440
971 1 40960 45056
290 1 65536 69632
988 1 12288 16384
971 1 266240 270336
245 1 16384 20480
464 1 335872 339968
449 1 335872 339968
292 1 0 4096
290 1 475136 479232
292 1 8192 12288
869 1 401408 405504
381 1 446464 450560
310 1 307200 315392
449 1 348160 352256
634 1 4096 8192
730 1 8192 12288
310 1 311296 315392
26 1 155648 159744
12 1 430080 434176
731 1 393216 397312
928 1 147456 151552
731 2 397312 458752 458752 479232
6 1 102400 106496
731 1 479232 483328
578 1 245760 249856
618 2 315392 327680 327680 348160
760 1 0 4096
506 1 176128 180224
215 1 0 8192
521 1 49152 53248
993 1 77824 81920
477 1 413696 417792
593 1 204800 208896
683 1 106496 110592
668 1 344064 348160
731 1 278528 286720
892 1 208896 229376
785 1 69632 77824
693 1 212992 221184
170 1 503808 507904
680 1 20480 40960
645 1 339968 344064
926 1 495616 499712
506 1 172032 176128
838 3 53248 65536 65536 131072 131072 163840
892 1 229376 233472
541 1 24576 28672
838 1 163840 167936
606 1 512000 516096
123 2 442368 458752 458752 507904
226 1 61440 65536
618 1 344064 360448
892 1 233472 245760
893 1 319488 323584
123 1 507904 512000
760 1 516096 524288
761 1 0 4096
892 1 245760 249856
592 1 397312 417792
123 1 512000 524288
761 1 4096 8192
393 1 253952 258048
124 1 0 16384
248 1 208896 212992
593 1 229376 233472
245 1 57344 61440
242 1 139264 143360
245 1 360448 364544
245 1 405504 409600
242 1 241664 245760
892 2 249856 262144 262144 278528
242 1 266240 270336
246 1 380928 385024
242 1 315392 319488
242 1 380928 385024
247 1 221184 225280
247 1 421888 425984
247 1 442368 446464
342 1 241664 245760
248 1 225280 229376
242 1 520192 524288
243 1 49152 53248
350 1 180224 184320
248 1 323584 327680
257 1 233472 237568
249 1 12288 16384
404 1 45056 49152
350 1 348160 352256
352 1 389120 393216
404 1 462848 466944
353 1 77824 81920
405 1 364544 368640
353 1 356352 360448
405 1 413696 417792
814 2 270336 327680 327680 331776
402 1 28672 32768
405 1 466944 471040
892 1 278528 282624
405 1 516096 520192
406 1 45056 49152
406 1 94208 98304
406 1 143360 147456
249 2 57344 65536 65536 73728
406 1 196608 200704
249 1 126976 131072
402 1 180224 184320
402 1 331776 335872
406 1 245760 249856
402 1 483328 487424
456 1 466944 471040
403 1 110592 114688
249 1 503808 507904
412 1 0 4096
403 1 266240 270336
403 1 417792 421888
414 1 516096 520192
409 1 311296 315392
416 1 376832 380928
415 1 446464 450560
409 1 462848 466944
406 1 294912 299008
444 1 499712 503808
406 1 348160 352256
417 1 307200 311296
460 1 98304 102400
434 1 331776 335872
406 1 397312 401408
435 1 352256 356352
406 1 446464 450560
442 1 495616 499712
445 2 126976 131072 131072 135168
449 1 98304 102400
443 1 356352 360448
449 1 307200 311296
407 1 188416 192512
473 1 356352 360448
255 1 110592 114688
449 1 421888 425984
445 1 327680 331776
537 1 151552 155648
407 1 368640 372736
466 1 188416 192512
476 1 290816 294912
538 1 479232 487424
436 1 368640 372736
481 1 45056 49152
530 1 417792 421888
531 1 16384 20480
124 1 16384 20480
439 1 438272 442368
471 1 151552 155648
535 1 155648 159744
787 1 77824 106496
814 1 331776 335872
869 1 327680 368640
692 2 352256 393216 393216 413696
787 1 106496 110592
869 1 368640 372736
692 1 413696 417792
722 2 77824 131072 131072 155648
91 1 155648 163840
722 1 155648 159744
593 1 229376 233472
90 1 163840 167936
492 1 466944 471040
938 1 491520 495616
755 1 155648 184320
618 1 356352 389120
892 1 282624 303104
692 1 417792 425984
722 2 159744 196608 196608 200704
755 1 184320 188416
692 1 425984 430080
892 1 303104 307200
763 1 364544 389120
58 1 126976 131072
114 1 471040 475136
722 1 200704 204800
592 1 413696 425984
763 1 389120 393216
697 3 380928 393216 393216 458752 458752 507904
155 1 397312 409600
892 1 307200 327680
762 1 8192 12288
764 1 339968 344064
762 1 151552 155648
765 1 131072 135168
763 1 241664 245760
774 1 94208 98304
763 1 262144 266240
892 1 327680 331776
776 1 495616 499712
776 1 512000 516096
777 1 28672 32768
777 1 61440 65536
777 1 204800 221184
697 1 507904 512000
592 1 421888 430080
679 1 372736 389120
892 1 331776 352256
679 1 389120 393216
598 1 266240 270336
892 1 352256 356352
618 2 385024 393216 393216 413696
541 1 28672 32768
460 1 466944 471040
762 1 0 4096
644 1 278528 294912
262 1 196608 204800
892 1 356352 376832
679 1 393216 401408
124 1 20480 53248
395 1 405504 417792
2 1 4096 16384
194 1 20480 24576
195 1 389120 393216
902 1 385024 389120
478 1 507904 512000
554 1 32768 36864
290 1 45056 49152
291 1 520192 524288
970 1 131072 135168
570 1 290816 294912
866 1 131072 135168
82 1 12288 16384
154 1 28672 32768
592 1 425984 434176
679 1 401408 405504
297 1 0 4096
124 1 53248 57344
857 1 487424 524288
858 1 0 8192
835 1 24576 53248
892 1 376832 380928
481 1 323584 327680
481 1 458752 524288
154 1 118784 122880
892 2 380928 393216 393216 401408
858 1 8192 12288
644 1 294912 299008
639 1 262144 266240
835 1 53248 57344
800 1 425984 438272
742 1 94208 102400
795 1 90112 106496
892 1 401408 405504
443 1 339968 344064
679 1 405504 425984
349 1 454656 458752
538 1 32768 36864
800 1 438272 442368
858 1 12288 49152
795 1 106496 110592
679 1 425984 430080
242 1 417792 421888
858 1 49152 53248
592 1 430080 458752
589 1 520192 524288
481 1 462848 466944
686 1 290816 294912
454 1 163840 167936
679 1 430080 438272
892 1 405504 425984
778 1 356352 368640
458 1 491520 495616
542 1 0 4096
679 1 438272 442368
892 1 425984 430080
778 1 368640 372736
658 1 204800 217088
506 1 471040 475136
658 1 217088 221184
288 1 102400 106496
503 1 454656 458752
447 1 442368 450560
334 1 241664 245760
134 1 155648 159744
892 1 430080 438272
892 1 438272 442368
585 1 499712 503808
134 1 86016 90112
780 1 417792 434176
780 1 434176 438272
723 1 36864 40960
228 1 69632 73728
750 2 192512 196608 196608 225280
916 1 139264 143360
395 1 417792 430080
893 1 323584 327680
750 1 225280 229376
858 2 53248 65536 65536 94208
124 2 57344 65536 65536 106496
178 1 69632 81920
124 1 106496 110592
858 1 94208 98304
663 2 208896 262144 262144 282624
858 2 98304 131072 131072 135168
983 1 442368 450560
130 1 24576 28672
663 1 282624 286720
618 1 409600 442368
893 1 327680 331776
892 2 442368 458752 458752 462848
114 1 237568 245760
124 2 110592 131072 131072 172032
858 1 135168 139264
892 1 462848 466944
659 2 258048 262144 262144 282624
953 1 389120 393216
124 1 172032 176128
659 1 282624 286720
893 1 331776 335872
859 1 417792 425984
28 1 118784 122880
884 1 352256 360448
367 1 114688 118784
578 1 110592 114688
124 2 176128 196608 196608 245760
884 1 360448 364544
124 1 245760 249856
209 1 36864 40960
130 1 249856 253952
859 1 221184 258048
239 2 188416 196608 196608 200704
592 2 454656 458752 458752 462848
185 1 331776 335872
340 1 516096 520192
411 1 196608 200704
552 1 454656 458752
739 1 339968 344064
892 1 466944 487424
754 2 237568 262144 262144 290816
859 1 258048 262144
788 1 450560 454656
124 2 249856 262144 262144 315392
892 1 487424 491520
769 3 245760 262144 262144 327680 327680 389120
754 1 290816 294912
124 1 315392 319488
305 1 405504 409600
769 1 389120 393216
869 2 86016 131072 131072 143360
869 1 143360 147456
592 1 458752 483328
459 1 405504 409600
892 1 491520 512000
700 1 110592 114688
892 1 512000 516096
561 1 442368 446464
660 2 417792 458752 458752 524288
661 1 0 8192
970 1 147456 151552
515 1 0 4096
365 1 503808 507904
251 1 413696 417792
970 1 147456 151552
739 1 339968 344064
142 1 294912 299008
137 1 241664 245760
582 1 315392 319488
661 1 8192 12288
741 1 344064 368640
732 2 258048 262144 262144 274432
124 2 319488 327680 327680 356352
741 1 368640 372736
732 1 274432 278528
124 1 356352 360448
968 1 487424 495616
494 1 122880 126976
788 1 286720 294912
336 1 303104 307200
616 1 53248 57344
722 2 434176 458752 458752 524288
723 1 0 32768
50 1 184320 188416
793 1 86016 90112
859 1 200704 245760
846 1 0 28672
192 1 102400 106496
381 1 516096 520192
580 1 57344 61440
414 1 421888 425984
847 1 69632 73728
223 1 311296 315392
754 1 512000 516096
77 1 200704 204800
800 1 520192 524288
465 1 12288 16384
846 1 28672 32768
859 1 245760 249856
722 1 434176 438272
660 4 270336 327680 327680 393216 393216 458752 458752 524288
661 3 0 65536 65536 131072 131072 143360
541 1 32768 36864
449 1 507904 512000
592 1 389120 393216
859 2 249856 262144 262144 282624
739 1 339968 344064
124 2 360448 393216 393216 405504
859 1 282624 286720
559 1 372736 380928
661 1 143360 147456
124 1 405504 409600
859 1 286720 303104
175 1 225280 229376
175 1 229376 233472
541 1 36864 40960
26 1 155648 159744
12 1 430080 434176
859 1 303104 307200
30 1 200704 204800
310 1 311296 315392
928 1 147456 151552
732 1 0 45056
731 1 483328 524288
124 1 409600 446464
712 2 20480 65536 65536 114688
732 1 45056 49152
124 1 446464 450560
739 1 339968 344064
12 1 204800 208896
725 1 94208 131072
984 1 385024 389120
727 1 471040 479232
728 1 4096 8192
727 1 491520 495616
728 1 20480 24576
727 1 507904 520192
728 1 40960 53248
712 1 114688 118784
728 2 118784 131072 131072 143360
728 1 159744 163840
124 2 450560 458752 458752 487424
274 1 225280 229376
859 2 307200 327680 327680 360448
903 1 69632 73728
915 1 245760 249856
813 1 200704 225280
124 1 487424 491520
592 1 479232 487424
661 2 12288 65536 65536 90112
618 2 438272 458752 458752 466944
859 1 360448 364544
470 1 114688 118784
813 1 225280 229376
892 1 516096 524288
893 1 0 20480
893 1 335872 339968
370 1 303104 307200
92 1 94208 106496
661 1 90112 94208
893 1 20480 24576
739 1 339968 344064
124 1 491520 524288
125 1 0 24576
335 1 483328 487424
237 1 466944 479232
125 1 24576 28672
707 2 90112 131072 131072 172032
748 1 413696 425984
549 1 438272 442368
962 1 409600 413696
248 1 155648 159744
460 1 466944 471040
707 1 172032 176128
748 1 425984 430080
114 1 241664 253952
739 1 339968 344064
146 1 430080 434176
887 1 425984 438272
893 1 339968 344064
784 1 512000 524288
785 2 0 65536 65536 69632
125 2 28672 65536 65536 90112
469 1 286720 290816
659 2 286720 327680 327680 348160
125 1 90112 94208
568 1 253952 258048
342 1 425984 430080
370 1 135168 139264
659 1 348160 352256
541 1 40960 45056
186 1 0 4096
677 1 106496 118784
739 1 339968 344064
125 2 94208 131072 131072 180224
568 1 495616 499712
677 1 118784 122880
722 1 425984 434176
803 2 57344 65536 65536 69632
626 1 45056 49152
626 1 61440 65536
765 1 225280 237568
753 1 327680 331776
479 1 53248 57344
803 1 69632 73728
626 1 102400 106496
626 1 204800 208896
626 1 282624 294912
626 1 319488 327680
626 1 380928 385024
637 1 12288 16384
626 1 413696 417792
629 1 307200 311296
638 1 270336 274432
626 1 462848 466944
638 1 413696 417792
630 1 229376 233472
626 1 475136 479232
626 1 487424 491520
639 1 184320 188416
627 1 24576 28672
627 1 102400 106496
639 1 356352 360448
627 1 184320 188416
627 1 221184 237568
627 1 249856 258048
627 1 286720 290816
877 1 466944 471040
627 1 311296 315392
627 1 421888 425984
640 1 241664 245760
640 1 413696 417792
859 2 364544 393216 393216 417792
640 1 466944 471040
640 1 520192 524288
641 1 53248 57344
641 1 106496 110592
641 1 315392 319488
887 1 438272 454656
641 1 466944 471040
893 1 344064 348160
315 1 16384 20480
722 1 434176 438272
859 1 417792 421888
887 1 454656 458752
125 1 180224 184320
785 1 69632 73728
125 2 184320 196608 196608 225280
122 1 434176 438272
859 2 421888 458752 458752 466944
195 1 151552 155648
917 1 409600 413696
739 1 339968 344064
741 1 372736 389120
970 1 147456 151552
784 1 356352 360448
103 1 180224 184320
727 1 65536 69632
597 3 135168 196608 196608 262144 262144 282624
859 1 466944 471040
125 1 225280 229376
631 1 163840 176128
741 1 389120 393216
783 1 434176 438272
98 1 483328 487424
773 1 221184 249856
82 1 356352 364544
125 2 229376 262144 262144 290816
597 1 282624 286720
773 1 249856 253952
62 1 77824 110592
63 1 110592 114688
2 1 8192 12288
593 1 151552 159744
127 1 471040 475136
194 1 155648 159744
386 1 290816 294912
58 1 8192 12288
58 1 20480 24576
58 1 65536 69632
602 1 487424 491520
753 1 327680 331776
125 1 290816 294912
195 1 270336 274432
195 1 376832 380928
135 1 114688 118784
459 1 24576 28672
482 1 28672 36864
994 1 143360 147456
678 1 352256 356352
459 1 389120 393216
597 1 286720 294912
523 1 151552 155648
773 1 94208 98304
883 1 393216 397312
893 1 348160 352256
893 1 352256 356352
597 1 294912 299008
190 1 0 4096
673 1 507904 512000
739 1 339968 344064
125 2 294912 327680 327680 360448
816 1 16384 32768
778 1 311296 319488
506 1 245760 249856
125 1 360448 364544
816 1 32768 36864
442 1 196608 200704
778 1 319488 323584
2 1 4096 12288
194 1 8192 12288
709 1 126976 131072
970 1 327680 331776
195 1 389120 393216
292 1 4096 8192
869 1 438272 442368
290 1 385024 389120
694 1 487424 491520
58 1 45056 53248
154 1 49152 53248
458 1 61440 65536
739 1 339968 344064
252 1 180224 184320
442 1 196608 200704
367 1 114688 118784
443 1 339968 344064
592 1 483328 512000
125 2 364544 393216 393216 446464
893 1 24576 45056
90 1 0 4096
893 1 45056 49152
125 1 446464 450560
769 1 434176 442368
769 1 442368 446464
541 1 45056 49152
739 1 339968 344064
125 2 450560 458752 458752 499712
125 1 499712 503808
513 1 143360 147456
47 1 393216 397312
125 1 327680 331776
454 1 413696 417792
664 2 454656 458752 458752 483328
122 1 159744 167936
421 1 151552 155648
394 1 389120 393216
797 2 249856 262144 262144 278528
618 1 462848 491520
664 1 483328 487424
731 2 192512 196608 196608 212992
797 1 278528 282624
893 2 49152 65536 65536 69632
731 1 212992 217088
893 1 69632 73728
484 1 110592 114688
731 1 217088 225280
31 1 65536 69632
749 1 237568 241664
731 1 225280 229376
765 1 237568 241664
592 1 507904 516096
893 1 73728 94208
893 1 94208 98304
46 1 151552 159744
595 1 413696 417792
4 1 73728 77824
209 1 57344 61440
764 1 266240 286720
722 1 417792 442368
36 1 483328 487424
665 1 417792 421888
722 2 434176 458752 458752 466944
776 1 339968 344064
764 1 286720 290816
51 1 499712 503808
460 1 294912 299008
131 1 208896 212992
874 1 0 4096
815 1 20480 24576
315 1 401408 405504
793 1 114688 122880
243 1 200704 204800
692 2 385024 393216 393216 401408
824 1 278528 294912
696 1 348160 352256
824 1 294912 299008
722 1 442368 446464
793 1 122880 126976
764 1 290816 303104
692 1 401408 405504
764 1 303104 307200
998 1 204800 245760
885 2 389120 393216 393216 405504
455 1 253952 258048
924 1 425984 430080
779 3 167936 196608 196608 262144 262144 278528
924 1 356352 360448
169 1 266240 270336
779 1 278528 282624
722 1 434176 438272
469 1 159744 163840
678 1 229376 237568
788 1 69632 77824
678 1 237568 241664
725 1 94208 98304
725 1 102400 110592
727 1 475136 479232
722 1 430080 434176
728 1 77824 81920
728 1 98304 102400
642 1 0 4096
134 1 512000 516096
915 1 356352 360448
765 1 421888 454656
722 1 434176 438272
765 1 454656 458752
334 1 479232 487424
765 1 458752 479232
765 1 479232 483328
386 1 61440 65536
477 1 57344 61440
924 1 425984 430080
112 1 53248 57344
923 1 53248 57344
263 1 233472 237568
956 1 348160 352256
188 1 258048 262144
765 1 483328 495616
765 1 495616 499712
80 1 499712 503808
745 1 8192 36864
886 1 512000 524288
887 1 0 12288
334 1 53248 57344
772 1 69632 73728
722 2 434176 458752 458752 524288
723 1 0 36864
370 1 466944 471040
623 1 106496 110592
429 1 208896 212992
58 1 135168 139264
887 1 12288 16384
961 1 167936 172032
745 1 36864 40960
722 1 434176 438272
869 1 266240 270336
963 1 466944 471040
880 1 307200 319488
140 1 167936 176128
945 1 385024 389120
468 1 397312 401408
722 1 425984 434176
728 1 4096 8192
728 1 20480 24576
728 1 40960 53248
728 1 98304 102400
482 1 73728 77824
728 2 118784 131072 131072 143360
728 1 159744 163840
961 1 438272 442368
880 1 319488 323584
586 1 61440 65536
725 1 94208 131072
727 1 471040 479232
727 1 491520 495616
727 1 507904 520192
465 1 344064 348160
722 1 434176 438272
552 1 458752 462848
326 1 405504 409600
442 1 516096 520192
213 1 282624 286720
469 1 28672 32768
482 1 86016 90112
46 1 155648 167936
82 1 507904 516096
187 1 360448 368640
83 1 73728 81920
113 1 286720 294912
95 1 155648 163840
518 1 151552 155648
191 1 122880 126976
776 1 307200 323584
191 1 135168 139264
191 1 151552 155648
710 1 110592 114688
195 1 389120 393216
292 1 0 4096
444 1 458752 462848
970 1 327680 331776
866 1 405504 409600
971 1 270336 274432
963 1 143360 147456
546 1 221184 225280
856 1 425984 430080
546 1 278528 282624
764 2 307200 327680 327680 372736
730 1 12288 16384
730 1 24576 28672
730 1 36864 40960
839 1 487424 491520
864 1 290816 294912
898 1 258048 262144
764 1 372736 376832
703 2 307200 327680 327680 335872
776 1 323584 327680
703 1 335872 339968
926 1 86016 90112
645 1 352256 372736
849 1 28672 45056
645 1 372736 376832
54 1 241664 245760
849 1 45056 49152
768 3 192512 196608 196608 262144 262144 294912
32 1 475136 479232
722 1 434176 454656
722 1 434176 438272
946 1 4096 8192
768 1 294912 299008
469 1 57344 61440
725 1 94208 98304
725 1 106496 110592
722 1 430080 434176
728 1 98304 102400
678 1 348160 364544
397 1 139264 143360
722 1 434176 438272
678 1 364544 368640
750 1 200704 204800
697 1 512000 524288
698 1 0 20480
698 1 20480 24576
764 1 139264 143360
169 1 49152 53248
797 1 282624 286720
725 1 352256 356352
776 1 208896 221184
126 1 503808 507904
836 1 421888 434176
776 1 221184 225280
827 3 372736 393216 393216 458752 458752 475136
469 1 159744 163840
469 1 61440 65536
836 1 434176 438272
827 1 475136 479232
334 1 483328 499712
592 1 512000 520192
402 1 0 4096
309 1 389120 393216
765 1 499712 524288
766 1 0 40960
893 1 98304 118784
17 1 487424 495616
2 1 8192 12288
885 1 294912 311296
292 1 4096 8192
195 1 389120 393216
290 1 40960 45056
240 1 57344 61440
723 2 57344 65536 65536 73728
869 1 421888 425984
291 1 520192 524288
970 1 131072 135168
962 1 131072 135168
9 1 266240 270336
893 1 118784 122880
778 1 4096 8192
766 1 40960 45056
58 1 16384 20480
346 1 28672 32768
469 1 69632 73728
885 1 311296 315392
836 1 438272 454656
723 1 73728 77824
993 1 249856 253952
449 1 299008 303104
506 1 176128 180224
244 1 290816 307200
836 1 454656 458752
806 2 315392 327680 327680 335872
994 1 4096 8192
832 1 126976 131072
502 1 45056 49152
901 1 512000 516096
806 1 335872 339968
970 1 192512 196608
698 1 24576 65536
960 1 479232 483328
282 1 249856 258048
698 1 65536 69632
908 1 356352 360448
739 1 352256 368640
880 1 499712 524288
881 1 0 4096
739 1 368640 372736
559 1 57344 61440
881 1 4096 8192
899 1 253952 258048
65 1 331776 335872
855 1 286720 303104
698 1 69632 98304
741 1 397312 458752
855 1 303104 307200
698 1 98304 102400
741 1 458752 462848
33 1 368640 372736
698 1 102400 118784
447 1 299008 307200
303 1 434176 438272
698 1 118784 122880
522 1 323584 327680
454 1 77824 81920
592 1 516096 524288
552 1 462848 466944
893 2 122880 131072 131072 143360
893 1 143360 147456
118 1 0 4096
381 1 516096 520192
592 1 520192 524288
593 1 0 4096
818 1 65536 77824
141 1 364544 368640
182 1 319488 323584
119 1 196608 208896
119 1 212992 217088
430 1 368640 389120
893 1 147456 167936
673 1 36864 40960
818 1 77824 81920
893 1 167936 172032
241 1 8192 16384
802 1 491520 507904
766 2 45056 65536 65536 131072
245 2 454656 458752 458752 462848
298 1 126976 131072
712 1 417792 421888
582 1 319488 327680
756 2 352256 393216 393216 409600
473 1 471040 475136
706 1 352256 356352
891 2 122880 131072 131072 147456
706 1 458752 462848
802 1 507904 512000
877 1 0 32768
766 1 131072 135168
240 1 425984 430080
756 1 409600 413696
473 1 339968 344064
134 1 12288 16384
430 1 389120 393216
877 1 32768 36864
752 1 499712 524288
753 1 0 53248
891 1 147456 151552
459 1 409600 413696
766 1 135168 143360
949 1 495616 524288
950 1 0 36864
753 1 53248 57344
766 1 143360 147456
278 1 425984 430080
924 1 360448 364544
753 2 57344 65536 65536 94208
753 1 94208 98304
924 1 356352 360448
459 1 405504 409600
469 1 290816 294912
122 1 434176 442368
76 1 385024 389120
90 1 253952 258048
501 1 184320 188416
627 1 126976 131072
309 1 196608 200704
867 1 352256 372736
467 1 507904 512000
867 1 372736 376832
636 1 12288 16384
698 2 122880 131072 131072 192512
558 1 0 4096
768 1 348160 360448
698 1 192512 196608
146 1 430080 434176
784 1 217088 221184
698 1 196608 237568
454 1 196608 200704
90 1 258048 262144
459 1 229376 233472
698 1 237568 241664
696 1 229376 245760
474 1 167936 172032
696 1 245760 249856
72 1 442368 446464
768 1 360448 364544
122 1 438272 450560
242 1 28672 32768
358 1 471040 475136
593 1 0 24576
840 1 118784 122880
454 1 8192 12288
973 1 352256 356352
282 2 253952 262144 262144 266240
459 1 233472 237568
893 1 172032 192512
617 1 253952 258048
793 1 172032 184320
881 1 8192 65536
139 3 45056 65536 65536 131072 131072 143360
92 1 102400 106496
893 1 192512 196608
793 1 184320 188416
881 1 65536 69632
222 1 180224 192512
139 1 143360 147456
459 1 409600 413696
139 1 163840 167936
419 1 131072 135168
282 1 110592 114688
618 1 487424 516096
582 2 323584 327680 327680 335872
893 1 196608 217088
869 1 413696 417792
411 1 196608 200704
290 1 49152 53248
444 1 425984 430080
971 1 249856 253952
290 1 61440 65536
338 1 77824 81920
826 1 266240 270336
578 1 110592 114688
877 2 36864 65536 65536 94208
65 1 122880 126976
893 1 217088 221184
122 1 442368 446464
774 1 282624 307200
859 1 421888 425984
877 1 94208 98304
684 1 139264 143360
348 1 69632 73728
806 1 315392 319488
806 1 327680 331776
790 1 135168 139264
497 1 86016 90112
790 1 147456 151552
497 1 98304 102400
292 1 446464 450560
456 1 372736 376832
981 1 204800 208896
333 1 94208 98304
769 3 307200 327680 327680 393216 393216 397312
774 1 307200 311296
813 1 282624 286720
769 1 397312 401408
593 1 20480 40960
893 1 221184 241664
893 1 241664 245760
982 1 487424 491520
6 1 106496 114688
660 1 475136 479232
459 1 229376 233472
593 1 36864 45056
893 2 245760 262144 262144 266240
459 1 229376 233472
495 1 86016 90112
893 1 266240 270336
796 1 258048 262144
763 1 475136 479232
429 1 352256 356352
893 1 16384 65536
769 1 401408 413696
818 1 225280 245760
769 1 413696 417792
818 1 245760 249856
893 1 65536 69632
504 1 315392 319488
504 1 323584 327680
122 1 442368 446464
308 1 458752 471040
308 1 475136 479232
222 1 0 4096
527 1 24576 28672
813 1 139264 151552
856 1 397312 413696
856 1 413696 417792
903 1 446464 450560
459 1 233472 237568
813 1 151552 155648
838 1 36864 49152
838 1 49152 53248
593 2 40960 65536 65536 69632
893 1 270336 290816
893 1 290816 294912
908 1 114688 118784
698 1 262144 270336
325 1 270336 274432
813 1 286720 290816
2 1 4096 8192
2 1 12288 16384
195 1 389120 393216
290 1 57344 61440
292 1 4096 12288
922 1 86016 90112
869 1 409600 413696
970 1 204800 208896
778 1 8192 12288
966 1 442368 450560
971 1 188416 192512
443 1 339968 344064
971 1 229376 233472
826 1 4096 8192
971 1 249856 258048
213 1 458752 462848
122 1 442368 446464
466 1 393216 397312
358 1 0 4096
594 1 77824 81920
206 1 90112 94208
220 1 520192 524288
455 1 352256 356352
385 1 180224 188416
491 1 430080 434176
592 1 450560 454656
708 1 81920 86016
796 1 421888 458752
818 2 249856 262144 262144 294912
973 1 352256 368640
818 1 294912 299008
793 2 188416 196608 196608 249856
466 1 450560 454656
730 1 118784 126976
793 1 249856 253952
675 1 69632 106496
529 3 380928 393216 393216 458752 458752 524288
530 1 0 32768
406 1 77824 81920
772 2 372736 393216 393216 442368
675 1 106496 110592
796 1 458752 462848
772 1 442368 446464
122 1 442368 446464
459 1 249856 253952
438 1 110592 122880
862 1 45056 49152
893 1 294912 315392
893 1 315392 319488
974 2 245760 262144 262144 266240
924 1 360448 364544
924 1 352256 356352
618 1 512000 524288
619 1 0 16384
466 1 401408 405504
893 2 319488 327680 327680 339968
893 1 339968 344064
727 1 36864 40960
531 1 126976 131072
753 2 98304 131072 131072 159744
122 1 442368 446464
753 1 159744 163840
531 1 131072 135168
819 2 24576 65536 65536 81920
753 1 163840 196608
215 1 278528 282624
819 1 81920 86016
753 1 196608 200704
531 1 135168 139264
404 1 258048 262144
753 1 200704 229376
849 1 483328 512000
459 1 188416 192512
753 1 229376 233472
849 1 512000 516096
487 1 421888 425984
753 1 233472 258048
952 1 262144 266240
753 1 258048 262144
855 1 438272 454656
287 1 466944 471040
855 1 454656 458752
460 1 466944 471040
122 1 442368 446464
564 1 147456 155648
819 1 86016 126976
760 2 376832 393216 393216 405504
679 2 442368 458752 458752 462848
753 1 262144 303104
122 1 442368 450560
459 1 192512 196608
753 1 303104 307200
760 1 405504 409600
679 1 462848 466944
753 2 307200 327680 327680 331776
819 1 126976 131072
37 1 241664 245760
674 1 356352 360448
753 1 331776 335872
472 1 385024 389120
860 1 217088 225280
860 1 225280 229376
453 1 438272 442368
0 1 303104 307200
737 1 262144 274432
456 1 430080 434176
18 1 53248 57344
515 1 413696 417792
122 1 446464 450560
707 1 516096 520192
32 1 475136 479232
860 1 229376 237568
860 1 237568 241664
122 1 446464 450560
570 1 12288 16384
737 1 274432 278528
651 1 258048 262144
122 1 446464 450560
643 2 405504 458752 458752 462848
876 1 393216 397312
337 1 253952 262144
60 1 331776 335872
520 1 4096 8192
61 1 208896 212992
133 1 335872 339968
139 1 53248 57344
543 1 339968 344064
545 1 393216 397312
2 1 8192 16384
804 1 516096 520192
194 1 8192 12288
154 1 212992 217088
545 1 413696 421888
545 1 438272 442368
834 1 0 4096
546 1 139264 143360
58 1 65536 69632
546 1 180224 184320
538 1 73728 77824
538 1 143360 151552
602 1 196608 200704
547 1 8192 12288
826 1 12288 16384
417 1 8192 12288
803 1 204800 217088
803 1 217088 221184
619 1 12288 40960
459 1 184320 188416
893 1 344064 364544
893 1 364544 368640
904 1 20480 24576
593 1 65536 73728
122 1 446464 450560
859 1 262144 274432
893 1 368640 389120
893 1 389120 393216
791 1 442368 450560
489 1 155648 163840
220 1 245760 249856
859 1 274432 278528
122 1 446464 450560
665 2 53248 65536 65536 77824
665 1 77824 81920
593 1 69632 94208
122 1 446464 450560
893 1 393216 413696
893 1 413696 417792
459 1 413696 417792
924 1 425984 430080
452 1 376832 380928
288 1 204800 212992
615 1 258048 262144
874 3 57344 65536 65536 131072 131072 151552
448 1 49152 53248
721 1 335872 339968
954 1 471040 475136
992 1 208896 210432
144 1 282624 290816
74 1 364544 368640
515 1 495616 503808
288 1 200704 204800
473 1 49152 53248
310 1 356352 360448
663 1 450560 454656
902 1 192512 196608
511 1 413696 415232
143 1 294912 299008
992 1 204800 208896
874 1 151552 155648
143 1 294912 299008
147 1 90112 94208
143 1 364544 368640
204 1 503808 507904
143 1 442368 446464
250 1 495616 499712
144 1 86016 90112
803 1 94208 98304
251 1 413696 417792
144 1 225280 229376
122 1 446464 450560
252 1 53248 57344
144 1 270336 274432
253 1 286720 290816
460 1 126976 131072
144 1 278528 282624
254 1 499712 503808
593 1 90112 98304
259 1 319488 323584
893 1 417792 438272
259 1 360448 364544
772 1 339968 344064
619 1 36864 65536
893 1 438272 442368
226 1 471040 475136
263 1 32768 36864
880 2 430080 458752 458752 462848
122 1 446464 450560
893 2 442368 458752 458752 462848
266 1 331776 335872
880 1 462848 466944
337 1 409600 413696
893 1 462848 466944
122 1 446464 450560
766 1 491520 495616
408 1 118784 122880
707 1 143360 147456
619 2 61440 65536 65536 73728
448 1 118784 122880
805 1 417792 450560
893 1 466944 487424
940 1 311296 319488
805 1 450560 454656
893 1 487424 491520
445 1 356352 360448
757 1 483328 524288
758 1 0 12288
63 1 327680 331776
122 1 446464 458752
476 1 348160 356352
758 1 12288 16384
321 1 253952 258048
491 1 356352 360448
467 1 507904 512000
52 1 131072 135168
74 1 20480 24576
829 1 286720 294912
642 1 53248 65536
396 1 401408 405504
80 1 53248 57344
76 1 315392 319488
76 1 516096 520192
682 1 176128 184320
78 1 200704 204800
81 2 57344 65536 65536 73728
74 1 49152 53248
125 1 221184 225280
75 1 397312 401408
122 1 450560 454656
192 1 20480 24576
222 1 110592 114688
224 1 450560 454656
222 1 376832 380928
256 1 155648 159744
223 1 4096 8192
223 1 434176 438272
260 1 20480 24576
257 1 12288 16384
556 1 159744 163840
260 1 397312 401408
233 1 245760 249856
296 1 81920 86016
997 1 221184 225280
341 1 512000 516096
330 1 397312 401408
257 1 434176 438272
252 1 442368 446464
285 1 40960 45056
829 1 294912 299008
259 1 0 4096
333 1 192512 196608
682 1 184320 188416
335 1 507904 512000
338 1 299008 303104
366 1 421888 425984
369 1 376832 380928
371 1 245760 249856
380 1 40960 45056
376 1 372736 376832
413 1 454656 458752
386 1 471040 475136
374 1 57344 61440
392 1 69632 73728
461 1 36864 40960
410 1 385024 389120
418 1 184320 188416
389 1 278528 282624
425 1 393216 397312
418 1 335872 339968
303 2 65536 131072 131072 159744
418 1 487424 491520
435 1 225280 229376
467 1 438272 442368
122 1 450560 454656
303 1 159744 163840
2 1 0 8192
2 1 12288 16384
292 1 0 12288
924 1 360448 364544
971 1 487424 491520
194 1 24576 28672
869 1 409600 413696
122 1 450560 454656
195 1 389120 393216
290 1 65536 69632
348 1 413696 421888
464 1 335872 339968
963 1 135168 139264
349 1 229376 233472
730 1 159744 163840
547 1 262144 266240
995 2 122880 131072 131072 184320
338 1 233472 237568
512 1 135168 139264
154 1 4096 8192
67 2 192512 196608 196608 258048
449 1 331776 335872
538 1 49152 53248
995 1 184320 188416
564 1 151552 167936
409 1 143360 147456
624 1 450560 454656
679 1 466944 524288
680 1 0 12288
861 1 151552 159744
642 1 122880 126976
619 1 69632 98304
861 1 155648 159744
721 2 425984 458752 458752 487424
680 1 12288 16384
893 1 491520 512000
293 1 61440 65536
458 1 495616 499712
721 1 487424 491520
606 1 512000 516096
893 1 512000 516096
653 2 61440 65536 65536 73728
653 1 73728 77824
122 1 450560 454656
20 1 86016 94208
455 1 12288 16384
122 1 450560 458752
183 1 192512 196608
354 1 184320 188416
122 1 454656 458752
619 1 94208 106496
158 1 520192 524288
893 1 516096 524288
894 1 0 12288
894 1 12288 16384
730 2 122880 131072 131072 139264
675 2 110592 131072 131072 196608
289 1 208896 212992
675 1 196608 200704
204 1 28672 45056
603 1 81920 86016
664 1 155648 167936
758 1 16384 65536
122 1 454656 458752
619 1 102400 110592
758 1 65536 69632
801 1 208896 221184
894 1 16384 36864
122 1 454656 458752
664 1 167936 172032
894 1 36864 40960
801 1 221184 225280
619 2 106496 131072 131072 135168
509 1 184320 188416
894 1 40960 61440
2 1 0 12288
712 1 417792 421888
290 1 65536 69632
292 1 0 4096
291 1 520192 524288
292 1 8192 12288
464 1 331776 335872
869 1 442368 446464
894 1 61440 65536
58 1 20480 24576
122 2 454656 458752 458752 466944
252 1 172032 176128
549 1 61440 65536
944 1 335872 339968
122 1 458752 462848
732 1 159744 172032
732 1 172032 176128
48 1 307200 311296
363 1 327680 331776
634 1 0 4096
122 1 458752 462848
720 1 471040 516096
122 1 479232 483328
720 1 516096 520192
122 1 458752 462848
593 1 94208 106496
220 1 167936 172032
894 1 65536 86016
303 2 163840 196608 196608 229376
894 1 86016 90112
122 1 458752 462848
303 1 229376 233472
921 1 180224 184320
244 1 40960 45056
20 1 135168 147456
682 1 495616 512000
2 1 8192 12288
287 1 12288 16384
272 1 45056 49152
98 1 45056 49152
482 1 36864 40960
555 1 466944 471040
590 1 65536 69632
869 1 20480 24576
482 1 45056 49152
456 1 430080 434176
962 1 65536 69632
31 1 143360 151552
599 1 4096 16384
31 1 176128 180224
599 1 24576 28672
963 1 217088 221184
924 1 425984 430080
31 2 184320 196608 196608 208896
963 1 466944 471040
31 1 212992 221184
757 1 393216 405504
882 1 40960 45056
31 1 225280 229376
757 1 413696 417792
347 1 319488 323584
252 1 413696 417792
347 1 327680 335872
682 1 512000 516096
924 1 356352 360448
791 1 200704 204800
791 1 315392 319488
74 1 495616 499712
527 1 278528 282624
122 1 458752 462848
660 1 483328 499712
4 1 0 16384
679 1 180224 184320
660 1 499712 503808
40 1 294912 299008
741 1 77824 81920
734 1 262144 266240
741 1 28672 29696
760 1 372736 385024
874 1 36864 40960
457 1 49152 53248
420 1 53248 57344
692 1 335872 344064
619 1 131072 159744
760 1 385024 389120
692 1 344064 348160
227 1 319488 323584
222 1 425984 430080
894 1 90112 110592
841 1 454656 458752
82 1 0 4096
227 1 319488 323584
590 1 212992 225280
710 2 454656 458752 458752 524288
711 1 0 32768
706 1 208896 233472
552 1 466944 471040
894 1 110592 114688
122 1 458752 462848
2 1 81920 98304
706 1 233472 237568
788 1 204800 233472
711 1 32768 36864
788 1 233472 237568
813 1 290816 294912
760 2 389120 393216 393216 397312
122 1 458752 462848
113 1 49152 53248
698 3 241664 262144 262144 327680 327680 344064
692 1 348160 356352
760 1 397312 401408
28 1 225280 229376
296 1 462848 471040
791 2 143360 196608 196608 221184
521 1 479232 483328
864 1 327680 331776
945 1 364544 368640
570 1 8192 12288
692 1 356352 360448
619 1 155648 167936
698 1 344064 348160
4 1 0 16384
791 1 221184 225280
894 2 114688 131072 131072 135168
859 1 471040 524288
760 1 401408 409600
860 1 0 65536
894 1 135168 139264
406 1 77824 81920
760 1 409600 413696
860 1 65536 69632
619 1 163840 172032
122 1 458752 475136
397 1 270336 274432
333 1 438272 454656
894 1 139264 159744
676 2 188416 196608 196608 200704
760 1 413696 421888
894 1 159744 163840
775 1 28672 57344
619 1 167936 196608
775 1 57344 61440
760 1 421888 425984
894 1 163840 184320
450 1 454656 458752
792 1 106496 114688
894 1 184320 188416
889 1 520192 524288
466 1 241664 245760
122 1 466944 471040
422 1 0 4096
310 1 311296 315392
310 1 315392 323584
4 1 0 4096
4 1 4096 16384
31 1 319488 323584
572 1 106496 110592
811 1 487424 499712
494 1 446464 450560
62 1 98304 102400
30 1 200704 204800
813 1 266240 270336
495 1 20480 24576
399 1 344064 348160
494 1 462848 466944
854 1 311296 315392
928 1 147456 151552
310 1 319488 323584
811 1 499712 503808
732 7 49152 65536 65536 131072 131072 196608 196608 262144 262144 327680 327680 393216 393216 405504
760 1 425984 434176
122 1 466944 471040
12 1 430080 434176
760 1 434176 438272
374 1 20480 24576
10 1 278528 294912
732 1 405504 409600
814 2 139264 196608 196608 217088
466 1 397312 401408
760 1 438272 442368
760 1 442368 446464
454 1 307200 311296
303 1 65536 69632
16 1 81920 86016
994 1 188416 192512
773 1 69632 73728
819 1 131072 180224
757 2 102400 131072 131072 135168
478 1 32768 36864
123 3 258048 262144 262144 327680 327680 368640
920 1 188416 192512
819 1 180224 184320
516 1 327680 331776
122 1 466944 471040
487 1 163840 172032
275 1 335872 339968
490 1 339968 344064
757 1 135168 139264
500 1 200704 204800
118 1 475136 479232
593 1 102400 126976
490 1 520192 524288
500 1 208896 217088
496 1 8192 12288
492 1 151552 155648
496 1 61440 65536
500 1 221184 229376
492 1 163840 167936
496 1 167936 172032
491 1 81920 86016
500 1 258048 262144
496 1 368640 372736
492 1 397312 401408
491 1 147456 151552
500 1 274432 278528
491 1 172032 176128
493 1 200704 204800
491 1 200704 204800
500 1 282624 290816
497 2 57344 65536 65536 77824
494 1 233472 237568
418 1 221184 225280
500 1 294912 299008
374 1 212992 217088
497 1 102400 106496
418 1 434176 442368
504 1 77824 81920
494 1 307200 311296
500 1 405504 409600
504 1 126976 131072
500 1 413696 417792
504 1 180224 184320
28 1 274432 278528
504 1 303104 307200
500 1 430080 434176
504 1 356352 360448
562 1 20480 24576
28 1 282624 286720
501 1 45056 49152
501 1 290816 294912
504 1 405504 409600
501 1 311296 315392
504 1 458752 462848
286 1 90112 94208
504 1 507904 512000
501 1 327680 331776
505 1 32768 36864
288 1 61440 65536
501 1 344064 348160
289 1 57344 65536
505 1 86016 90112
819 2 184320 196608 196608 217088
501 1 389120 393216
407 1 487424 495616
505 1 135168 139264
289 1 77824 86016
581 1 221184 225280
894 2 188416 196608 196608 208896
396 1 32768 36864
289 1 118784 126976
409 1 106496 110592
399 1 196608 200704
399 1 212992 217088
501 1 438272 442368
304 1 491520 495616
486 1 409600 413696
501 1 487424 491520
580 1 212992 217088
502 1 16384 20480
306 1 126976 131072
399 1 229376 233472
32 1 237568 241664
502 1 65536 69632
307 1 155648 159744
581 1 520192 524288
475 1 106496 110592
502 1 122880 126976
307 1 172032 176128
584 1 315392 319488
502 1 180224 184320
446 1 303104 307200
307 1 188416 192512
502 1 200704 204800
446 1 319488 323584
502 1 217088 221184
446 1 339968 344064
502 1 233472 237568
480 1 421888 425984
502 1 249856 253952
447 1 245760 249856
483 1 212992 217088
502 1 266240 270336
447 1 294912 299008
502 1 413696 417792
311 1 200704 204800
447 1 348160 352256
503 1 253952 258048
447 1 397312 401408
503 1 450560 454656
819 1 217088 221184
447 1 446464 450560
894 1 208896 212992
826 1 450560 454656
455 1 114688 118784
477 1 421888 425984
459 1 16384 20480
288 1 192512 196608
196 1 135168 139264
502 1 139264 143360
605 1 356352 360448
283 1 450560 454656
773 1 126976 131072
950 1 20480 24576
524 1 299008 303104
285 1 167936 172032
2 1 8192 16384
194 1 151552 155648
195 1 376832 380928
499 1 135168 139264
120 1 167936 172032
633 1 512000 516096
994 1 45056 49152
770 1 16384 20480
819 1 221184 237568
770 1 28672 36864
538 1 45056 49152
581 1 221184 225280
826 1 450560 454656
284 1 389120 393216
289 1 57344 65536
287 1 143360 147456
289 1 77824 86016
399 1 196608 200704
304 1 491520 495616
399 1 212992 217088
306 1 126976 131072
399 1 229376 233472
289 1 122880 126976
307 1 155648 159744
307 1 172032 176128
307 1 188416 192512
819 1 237568 241664
662 1 479232 507904
659 3 282624 327680 327680 393216 393216 397312
451 1 270336 274432
466 1 401408 405504
284 1 405504 409600
289 1 57344 65536
284 1 446464 450560
659 1 397312 401408
459 1 270336 274432
409 1 106496 110592
289 1 77824 86016
284 1 499712 503808
581 1 221184 225280
304 1 491520 495616
399 1 196608 200704
486 1 409600 413696
399 1 212992 217088
580 1 212992 217088
306 1 126976 131072
581 1 520192 524288
399 1 229376 233472
826 1 450560 454656
446 1 303104 307200
480 1 421888 425984
446 1 319488 323584
475 1 106496 110592
552 1 471040 475136
446 1 339968 344064
584 1 315392 319488
447 1 245760 249856
483 1 212992 217088
950 1 20480 24576
431 1 241664 245760
282 1 376832 380928
91 1 208896 217088
447 1 294912 299008
289 1 122880 126976
307 1 155648 159744
307 1 172032 176128
447 1 348160 352256
307 1 188416 192512
447 1 397312 401408
447 1 446464 450560
760 1 446464 450560
477 1 421888 425984
605 1 356352 364544
284 1 385024 389120
275 1 335872 339968
662 1 507904 512000
619 2 192512 196608 196608 204800
659 1 401408 409600
686 1 294912 303104
814 1 217088 221184
819 2 241664 262144 262144 294912
122 1 466944 475136
593 1 122880 131072
4 1 0 16384
894 1 212992 241664
659 1 409600 413696
826 1 450560 454656
950 1 20480 24576
282 1 172032 176128
282 1 278528 282624
284 1 495616 499712
819 1 294912 299008
287 1 274432 278528
581 1 221184 225280
486 1 409600 413696
580 1 212992 217088
446 1 339968 344064
581 1 520192 524288
447 1 245760 249856
516 1 266240 270336
447 1 294912 299008
405 1 319488 323584
409 1 106496 110592
475 1 106496 110592
447 1 348160 352256
584 1 315392 319488
447 1 397312 401408
447 1 446464 450560
477 1 421888 425984
123 1 368640 372736
573 1 380928 385024
894 1 241664 245760
605 1 356352 364544
286 1 290816 294912
286 1 483328 487424
289 1 57344 65536
289 1 77824 86016
289 1 122880 131072
287 1 241664 245760
304 1 491520 495616
306 1 126976 131072
444 1 151552 155648
480 1 421888 425984
446 1 167936 172032
760 1 450560 458752
483 1 212992 217088
404 1 4096 8192
290 1 139264 143360
647 1 131072 135168
400 1 249856 253952
402 1 0 12288
407 1 499712 503808
647 1 221184 225280
403 1 20480 24576
286 1 454656 458752
489 1 520192 524288
287 1 507904 512000
449 1 495616 499712
429 1 110592 114688
283 1 106496 110592
779 1 270336 282624
16 1 196608 200704
283 1 225280 229376
435 1 249856 253952
284 1 385024 389120
285 1 40960 45056
570 1 319488 323584
285 1 135168 139264
712 2 118784 131072 131072 155648
760 1 458752 462848
779 1 282624 286720
712 1 155648 159744
16 1 262144 278528
593 2 126976 131072 131072 143360
116 1 294912 299008
994 1 0 4096
707 1 143360 147456
619 1 200704 208896
894 2 245760 262144 262144 274432
760 1 462848 471040
460 1 73728 77824
894 1 274432 278528
260 1 380928 389120
760 1 471040 475136
400 1 135168 139264
402 1 8192 16384
122 1 471040 475136
814 2 221184 262144 262144 266240
122 1 471040 475136
819 2 299008 327680 327680 344064
460 1 77824 81920
234 1 483328 487424
829 1 299008 323584
788 1 233472 237568
30 1 102400 110592
825 1 4096 8192
819 1 344064 348160
676 1 282624 286720
122 1 471040 475136
706 1 237568 262144
829 1 323584 327680
493 1 61440 65536
385 1 253952 258048
706 1 262144 266240
776 1 339968 344064
819 1 348160 389120
2 1 4096 8192
2 1 12288 16384
194 1 131072 135168
195 1 389120 393216
242 1 229376 233472
482 1 20480 24576
482 1 36864 40960
58 1 184320 188416
292 1 4096 8192
240 1 28672 32768
869 1 409600 413696
970 1 327680 331776
819 1 389120 393216
826 1 4096 8192
649 1 483328 516096
831 1 40960 45056
814 1 266240 270336
833 1 253952 258048
649 1 516096 520192
485 1 253952 258048
712 2 159744 196608 196608 200704
122 1 471040 475136
712 1 200704 204800
122 1 471040 475136
831 1 204800 258048
593 1 139264 147456
379 1 471040 479232
387 1 225280 237568
894 1 278528 299008
293 1 405504 409600
712 1 204800 237568
831 1 258048 262144
894 1 299008 303104
306 1 0 16384
920 1 0 16384
712 1 237568 241664
920 1 32768 49152
921 1 49152 65536
122 1 471040 475136
712 1 241664 258048
766 1 200704 208896
712 1 258048 262144
709 3 184320 196608 196608 262144 262144 278528
766 1 208896 212992
331 1 278528 294912
709 1 278528 282624
593 1 143360 151552
766 1 212992 221184
894 1 303104 323584
849 1 303104 307200
766 1 221184 225280
894 1 323584 327680
552 1 512000 524288
553 3 0 65536 65536 131072 131072 143360
306 1 0 16384
906 1 77824 81920
60 1 98304 102400
593 1 147456 155648
766 1 225280 233472
553 1 143360 147456
894 1 327680 348160
122 1 471040 475136
676 1 196608 208896
766 1 233472 237568
592 1 421888 430080
894 1 348160 352256
828 2 65536 131072 131072 147456
237 1 49152 53248
775 2 61440 65536 65536 131072
612 1 331776 348160
593 1 151552 172032
15 1 258048 262144
338 1 389120 393216
706 1 458752 462848
122 1 471040 475136
775 1 131072 135168
766 1 237568 245760
894 1 352256 372736
863 1 319488 323584
828 1 147456 151552
544 1 376832 380928
553 1 147456 184320
509 1 520192 524288
894 1 372736 376832
766 1 245760 249856
122 1 471040 483328
553 1 184320 188416
686 2 274432 327680 327680 331776
593 1 167936 192512
894 2 376832 393216 393216 397312
686 1 331776 335872
894 1 397312 401408
464 1 339968 344064
342 1 53248 57344
782 1 417792 430080
593 1 188416 196608
894 1 401408 421888
782 1 430080 434176
619 1 204800 233472
894 1 421888 425984
894 1 425984 446464
712 2 262144 327680 327680 348160
894 1 446464 450560
712 1 348160 352256
619 1 229376 258048
122 1 475136 479232
894 2 450560 458752 458752 471040
894 1 471040 475136
712 1 352256 393216
552 1 475136 479232
712 1 393216 397312
672 1 389120 393216
649 1 45056 49152
585 1 520192 524288
36 1 471040 479232
818 1 135168 147456
122 1 475136 479232
796 1 135168 139264
818 1 147456 151552
885 1 102400 106496
102 1 114688 118784
874 2 372736 393216 393216 458752
874 1 458752 462848
459 1 389120 393216
122 1 475136 479232
547 1 495616 499712
750 1 200704 204800
707 1 241664 258048
672 1 364544 368640
862 1 61440 65536
571 1 315392 319488
122 1 475136 479232
881 1 16384 28672
707 1 258048 262144
24 1 405504 409600
65 1 126976 131072
881 1 28672 32768
417 1 8192 12288
218 1 225280 229376
619 1 28672 32768
82 1 0 4096
874 1 172032 180224
761 1 237568 249856
874 1 180224 184320
619 1 253952 262144
371 2 385024 393216 393216 397312
122 1 475136 479232
894 1 475136 495616
382 1 380928 385024
791 1 413696 421888
894 1 495616 499712
692 1 475136 491520
593 2 192512 196608 196608 217088
692 1 491520 495616
894 1 499712 520192
619 2 258048 262144 262144 270336
2 1 0 12288
98 1 53248 57344
448 1 290816 294912
470 1 520192 524288
581 1 499712 503808
868 1 454656 458752
194 1 4096 8192
63 1 20480 24576
194 1 294912 299008
761 1 249856 253952
194 1 417792 421888
866 1 65536 69632
866 1 131072 135168
930 1 131072 135168
58 1 69632 73728
59 1 311296 315392
894 1 520192 524288
123 1 507904 512000
895 1 0 20480
593 1 212992 221184
895 1 20480 24576
186 1 0 4096
738 1 253952 258048
895 1 24576 45056
377 1 286720 290816
895 1 45056 49152
707 1 262144 290816
662 1 315392 327680
211 1 184320 192512
752 1 475136 491520
596 1 135168 139264
707 1 290816 294912
752 1 491520 495616
629 1 442368 446464
963 1 315392 319488
122 1 475136 479232
26 1 172032 176128
543 1 274432 282624
680 1 28672 53248
312 1 90112 94208
312 1 241664 245760
312 1 393216 397312
316 1 57344 61440
313 1 20480 24576
316 1 155648 159744
321 1 28672 32768
316 1 204800 208896
660 1 294912 299008
313 1 172032 176128
321 1 331776 335872
316 1 258048 262144
660 1 458752 462848
313 1 323584 327680
658 1 184320 188416
662 1 114688 118784
314 1 53248 57344
318 1 360448 364544
314 1 409600 413696
680 1 53248 57344
658 1 380928 385024
664 1 520192 524288
319 1 229376 233472
204 1 221184 225280
665 1 28672 32768
671 1 233472 237568
659 1 512000 516096
665 1 57344 65536
213 2 126976 131072 131072 135168
204 1 393216 397312
203 1 385024 389120
205 1 40960 45056
665 1 73728 77824
117 1 409600 413696
208 1 163840 167936
208 1 389120 393216
206 1 430080 434176
209 1 167936 172032
206 1 495616 499712
209 1 319488 323584
211 1 425984 430080
665 1 385024 389120
478 1 172032 176128
707 1 143360 147456
131 1 221184 225280
226 1 139264 143360
878 2 180224 196608 196608 212992
270 1 147456 151552
662 1 327680 331776
766 1 249856 262144
878 1 212992 217088
392 1 495616 503808
607 1 143360 147456
843 2 32768 65536 65536 118784
766 1 262144 266240
843 1 118784 122880
392 1 499712 503808
766 1 266240 286720
600 1 151552 155648
832 1 98304 102400
766 1 286720 290816
117 1 409600 413696
282 1 20480 24576
309 1 94208 98304
287 1 483328 487424
289 1 57344 65536
396 1 32768 36864
399 1 196608 200704
289 1 77824 86016
289 2 118784 131072 131072 135168
399 1 212992 217088
581 1 221184 225280
405 1 319488 323584
399 1 229376 233472
290 1 139264 143360
407 1 507904 520192
408 1 0 8192
408 1 12288 24576
950 1 20480 24576
304 1 491520 495616
447 1 245760 249856
408 1 28672 36864
447 1 294912 299008
486 1 409600 413696
306 1 126976 131072
680 2 57344 65536 65536 69632
580 1 212992 217088
400 1 249856 253952
581 1 520192 524288
408 1 40960 53248
402 1 0 12288
447 1 348160 352256
36 1 49152 53248
826 1 450560 454656
447 1 397312 401408
447 1 446464 450560
403 1 20480 24576
477 1 421888 425984
408 2 57344 65536 65536 69632
605 1 360448 368640
408 1 73728 77824
337 1 90112 98304
409 1 106496 110592
449 1 495616 499712
475 1 106496 110592
28 1 274432 278528
451 1 180224 184320
570 1 110592 114688
480 1 421888 425984
584 1 315392 319488
28 1 282624 286720
483 1 212992 217088
567 1 393216 397312
16 1 196608 200704
332 1 249856 253952
332 1 327680 331776
680 1 69632 73728
307 1 155648 159744
307 1 172032 176128
282 1 274432 278528
307 1 188416 192512
408 1 77824 81920
451 1 307200 311296
602 1 475136 479232
66 1 466944 471040
122 1 475136 479232
155 1 237568 241664
772 2 53248 65536 65536 86016
629 1 319488 323584
752 1 495616 524288
753 1 0 20480
772 1 86016 90112
843 1 122880 131072
753 1 20480 24576
843 1 131072 135168
318 1 241664 245760
261 1 196608 200704
392 1 12288 14848
463 1 0 12288
463 1 16384 20480
844 1 200704 208896
744 2 139264 196608 196608 204800
593 1 217088 241664
895 2 49152 65536 65536 69632
744 1 204800 208896
844 1 208896 212992
895 1 69632 73728
222 1 425984 430080
744 1 208896 217088
744 1 217088 221184
122 1 475136 479232
820 1 487424 491520
149 1 405504 409600
607 1 16384 20480
170 1 98304 102400
828 1 245760 249856
441 1 143360 159744
460 1 73728 77824
692 1 495616 503808
441 1 155648 159744
123 2 372736 393216 393216 409600
692 1 503808 507904
123 1 409600 413696
763 1 32768 49152
334 1 61440 65536
274 1 225280 229376
660 1 266240 274432
81 1 294912 299008
660 1 274432 278528
382 1 380928 385024
588 1 188416 192512
516 1 331776 335872
692 1 507904 520192
398 1 196608 200704
692 1 520192 524288
460 1 466944 471040
763 1 49152 53248
116 1 409600 413696
194 1 344064 352256
759 1 430080 442368
457 1 376832 380928
366 1 425984 430080
737 2 364544 393216 393216 442368
295 1 380928 385024
202 1 204800 208896
478 1 20480 24576
759 1 442368 446464
718 2 241664 262144 262144 274432
116 1 249856 253952
737 1 442368 446464
718 1 274432 278528
89 1 376832 380928
237 1 49152 53248
467 1 499712 503808
735 1 245760 249856
295 1 319488 323584
930 1 516096 520192
845 2 294912 327680 327680 364544
593 2 237568 262144 262144 270336
191 1 413696 421888
895 1 73728 94208
845 1 364544 368640
895 1 94208 98304
254 1 0 4096
828 1 425984 442368
828 1 442368 446464
468 1 28672 32768
94 1 155648 159744
593 1 503808 507904
812 1 8192 24576
812 1 24576 28672
450 1 245760 249856
828 1 245760 258048
878 1 65536 69632
464 1 356352 358912
693 1 0 57344
593 1 266240 290816
62 1 323584 327680
792 1 40960 45056
631 1 61440 65536
742 1 503808 524288
743 1 0 49152
364 1 421888 425984
895 1 98304 118784
693 1 57344 61440
786 2 413696 458752 458752 499712
2 1 4096 8192
895 1 118784 122880
194 1 24576 28672
195 1 389120 393216
290 1 45056 49152
292 1 4096 8192
10 1 4096 8192
869 1 409600 413696
787 1 49152 65536
743 1 49152 53248
240 1 258048 262144
972 1 16384 20480
349 1 258048 262144
522 1 20480 24576
972 1 221184 225280
83 1 294912 299008
250 1 57344 61440
346 1 32768 36864
346 1 40960 45056
85 1 491520 495616
411 1 20480 24576
411 1 479232 483328
457 1 376832 380928
422 1 36864 45056
640 1 77824 81920
422 1 143360 147456
416 1 434176 438272
412 1 86016 90112
422 1 479232 483328
424 1 24576 28672
413 1 397312 401408
417 1 65536 69632
415 1 49152 53248
424 1 86016 90112
417 1 450560 458752
422 1 491520 495616
424 1 135168 139264
415 1 434176 438272
417 1 479232 483328
422 1 507904 512000
424 1 241664 245760
417 1 487424 491520
423 1 0 4096
417 1 499712 503808
423 1 16384 20480
417 1 507904 512000
818 1 0 4096
820 1 356352 360448
423 1 28672 32768
820 1 475136 483328
818 1 12288 16384
423 1 147456 151552
786 1 499712 503808
818 1 176128 180224
423 1 200704 204800
818 1 229376 233472
394 1 28672 36864
818 1 282624 286720
423 1 249856 253952
922 1 73728 77824
394 1 45056 57344
818 1 442368 446464
394 1 102400 106496
819 1 86016 90112
423 1 299008 303104
394 1 114688 118784
819 1 135168 139264
449 1 335872 344064
819 1 155648 159744
819 1 217088 221184
394 1 139264 155648
394 1 172032 176128
394 1 184320 188416
394 1 196608 200704
394 1 225280 229376
394 1 249856 258048
394 1 274432 278528
394 1 282624 286720
394 1 290816 299008
394 1 339968 344064
394 1 372736 376832
394 1 385024 393216
394 1 405504 409600
394 1 413696 425984
394 1 450560 458752
394 1 471040 475136
394 1 479232 483328
394 1 499712 503808
396 1 8192 12288
394 1 507904 516096
395 1 0 4096
396 1 20480 24576
778 1 90112 94208
396 1 57344 61440
396 1 98304 106496
447 1 172032 184320
867 3 32768 65536 65536 131072 131072 188416
395 1 8192 24576
396 1 114688 118784
396 1 139264 143360
395 1 28672 32768
395 1 40960 49152
396 1 180224 184320
395 1 94208 110592
396 1 196608 204800
395 1 180224 188416
395 1 196608 200704
396 1 208896 212992
395 1 212992 217088
396 1 217088 221184
395 1 270336 274432
395 1 290816 294912
396 1 233472 237568
395 1 303104 307200
396 1 245760 249856
396 1 266240 270336
396 1 303104 307200
396 1 311296 315392
705 1 458752 471040
395 1 331776 339968
875 1 16384 45056
396 1 335872 339968
395 1 356352 360448
395 1 376832 380928
396 1 348160 356352
395 1 401408 409600
395 1 417792 421888
396 1 360448 364544
395 1 425984 430080
395 1 438272 442368
396 1 376832 385024
395 1 454656 458752
459 1 249856 253952
395 1 483328 487424
395 1 495616 503808
396 1 405504 409600
396 1 430080 434176
396 1 442368 446464
395 1 512000 516096
396 1 466944 471040
396 1 487424 495616
396 1 503808 520192
875 1 45056 49152
765 1 204800 221184
397 1 40960 45056
397 1 53248 61440
397 1 65536 69632
867 1 188416 192512
397 1 77824 81920
705 1 471040 475136
397 1 86016 90112
397 1 102400 106496
397 1 122880 131072
397 1 139264 143360
787 1 65536 69632
397 1 147456 151552
397 1 184320 188416
397 1 196608 200704
397 1 208896 217088
397 1 221184 225280
397 1 233472 237568
397 1 266240 274432
397 1 278528 282624
397 1 311296 315392
397 1 319488 323584
85 1 491520 495616
397 1 352256 356352
397 1 360448 364544
154 1 401408 405504
282 1 417792 421888
397 1 425984 430080
400 1 0 4096
397 1 483328 487424
397 1 507904 516096
400 1 8192 12288
71 1 270336 274432
765 1 221184 225280
398 1 16384 24576
398 1 36864 45056
398 1 53248 57344
400 1 24576 32768
398 1 77824 90112
398 1 94208 98304
400 1 36864 45056
408 1 516096 520192
398 1 114688 118784
400 1 57344 61440
398 1 122880 126976
400 1 77824 81920
297 1 53248 57344
299 1 147456 151552
400 2 126976 131072 131072 135168
404 1 286720 290816
398 1 135168 139264
867 2 192512 196608 196608 200704
404 1 425984 430080
400 1 139264 147456
407 1 516096 520192
294 1 188416 192512
295 1 204800 208896
400 1 188416 192512
398 1 143360 147456
309 1 479232 483328
398 1 155648 159744
400 1 212992 221184
311 1 200704 204800
398 1 163840 167936
400 1 245760 249856
398 1 192512 196608
398 1 233472 237568
400 1 253952 258048
398 1 241664 245760
398 1 274432 278528
400 1 282624 286720
572 1 36864 40960
398 1 299008 303104
400 1 294912 299008
398 1 311296 319488
398 1 348160 352256
400 1 344064 352256
398 1 372736 376832
398 1 393216 397312
398 1 409600 413696
400 1 360448 364544
400 1 421888 425984
400 1 458752 462848
400 1 466944 471040
867 1 200704 204800
401 1 24576 28672
398 1 425984 430080
401 2 57344 65536 65536 77824
875 1 49152 61440
398 1 446464 450560
401 1 81920 98304
398 1 471040 479232
401 1 139264 143360
398 1 487424 495616
401 1 241664 249856
398 1 516096 520192
399 1 24576 28672
399 1 32768 40960
399 1 45056 57344
399 1 118784 122880
399 1 147456 151552
401 1 253952 262144
399 1 159744 163840
399 1 167936 172032
218 1 225280 229376
399 1 176128 180224
399 1 184320 188416
399 1 221184 225280
288 1 159744 163840
288 1 192512 196608
288 1 249856 253952
399 1 229376 233472
288 1 344064 348160
399 1 262144 266240
289 1 425984 430080
290 1 143360 147456
307 1 65536 69632
875 1 61440 65536
593 1 286720 311296
399 1 274432 278528
399 1 282624 286720
399 1 294912 299008
399 1 323584 327680
399 1 339968 348160
399 1 356352 360448
399 1 376832 380928
399 1 389120 393216
399 1 405504 409600
399 1 450560 454656
399 1 458752 471040
399 1 475136 479232
399 1 487424 491520
399 1 503808 507904
399 1 512000 516096
284 1 163840 167936
301 1 151552 155648
376 1 294912 299008
303 1 335872 339968
376 1 319488 323584
311 1 286720 290816
411 1 331776 335872
373 1 466944 471040
338 1 520192 524288
369 1 491520 495616
895 2 122880 131072 131072 143360
420 1 40960 45056
334 1 323584 327680
728 1 413696 442368
420 1 200704 204800
416 1 12288 16384
791 1 0 4096
420 1 368640 372736
416 1 28672 32768
429 1 466944 471040
335 1 57344 61440
416 1 77824 81920
362 1 151552 155648
553 2 188416 196608 196608 249856
416 1 495616 499712
335 1 200704 204800
364 1 65536 69632
417 1 20480 24576
366 1 102400 106496
421 1 8192 12288
417 1 73728 77824
421 1 77824 81920
417 1 122880 126976
367 1 507904 512000
417 1 172032 176128
421 1 155648 159744
419 1 360448 364544
412 1 45056 49152
421 1 503808 507904
412 1 356352 360448
422 1 53248 57344
422 1 307200 311296
412 1 421888 425984
413 1 458752 462848
414 1 385024 389120
414 1 487424 491520
895 1 143360 147456
415 1 520192 524288
728 1 442368 446464
459 1 0 4096
126 1 372736 376832
437 1 4096 8192
454 1 131072 135168
643 1 57344 61440
283 1 360448 364544
377 1 180224 184320
553 1 249856 253952
285 1 286720 290816
4 1 491520 495616
920 1 221184 225280
455 1 258048 262144
387 1 12288 20480
623 1 32768 36864
553 2 253952 262144 262144 290816
895 1 147456 167936
870 1 335872 380928
162 1 360448 364544
895 1 167936 172032
876 1 24576 36864
553 1 290816 294912
876 1 36864 40960
619 1 266240 294912
455 1 0 4096
895 1 172032 192512
467 1 499712 503808
465 1 499712 503808
895 1 192512 196608
778 1 4096 8192
724 1 53248 57344
778 1 12288 16384
200 1 315392 319488
738 1 278528 282624
2 1 0 8192
194 1 8192 12288
738 1 352256 356352
194 1 53248 57344
304 1 45056 49152
497 1 188416 192512
595 1 274432 278528
68 1 53248 57344
490 1 114688 118784
303 1 520192 524288
512 1 98304 102400
506 1 94208 98304
506 1 339968 348160
512 1 249856 253952
512 1 438272 442368
513 1 241664 245760
461 1 266240 270336
314 1 139264 143360
513 1 458752 462848
529 2 57344 65536 65536 69632
508 1 131072 135168
508 1 180224 184320
509 1 245760 249856
509 2 258048 262144 262144 266240
509 1 270336 282624
511 1 0 4096
511 1 151552 155648
511 1 303104 307200
511 1 454656 458752
525 1 163840 167936
328 1 135168 139264
497 1 188416 192512
490 1 114688 118784
495 1 413696 417792
495 1 421888 430080
506 1 94208 98304
508 1 131072 135168
512 1 98304 102400
512 1 249856 253952
512 1 438272 442368
513 1 241664 245760
508 1 180224 184320
314 1 139264 143360
513 1 458752 462848
509 1 249856 253952
506 1 339968 348160
529 2 57344 65536 65536 73728
509 2 258048 262144 262144 266240
522 1 417792 421888
509 1 270336 282624
497 1 192512 196608
523 1 323584 327680
511 1 0 4096
511 1 151552 155648
511 1 303104 307200
496 1 311296 315392
511 1 454656 458752
524 1 290816 294912
509 1 245760 249856
527 1 487424 491520
493 1 294912 299008
525 1 425984 430080
527 1 118784 122880
541 1 258048 262144
870 1 380928 385024
490 1 114688 118784
495 1 413696 417792
495 1 421888 430080
497 1 188416 196608
512 1 98304 102400
512 1 249856 253952
512 1 438272 442368
506 1 339968 348160
508 1 180224 184320
509 1 245760 253952
522 1 495616 503808
509 2 258048 262144 262144 266240
513 1 241664 245760
314 1 139264 143360
509 1 270336 282624
513 1 458752 462848
511 1 0 4096
511 1 151552 155648
529 2 57344 65536 65536 73728
511 1 303104 307200
511 1 454656 458752
527 1 32768 36864
541 1 258048 262144
870 2 385024 393216 393216 397312
593 1 307200 319488
528 1 229376 233472
528 1 294912 299008
469 1 389120 393216
592 1 425984 430080
895 1 196608 217088
508 1 180224 184320
509 1 249856 253952
512 1 98304 102400
523 1 106496 110592
509 2 258048 262144 262144 266240
509 1 270336 282624
511 1 0 4096
529 2 57344 65536 65536 77824
496 1 122880 126976
511 1 151552 155648
497 1 192512 196608
314 1 139264 143360
511 1 303104 307200
512 1 249856 253952
490 1 114688 118784
511 1 454656 458752
526 1 77824 81920
512 1 438272 442368
527 1 159744 163840
513 1 241664 245760
520 1 290816 294912
513 1 458752 462848
528 1 360448 364544
530 1 106496 110592
895 1 217088 221184
527 1 172032 176128
527 1 458752 462848
494 1 65536 69632
494 1 278528 286720
495 1 196608 200704
495 1 413696 417792
495 1 421888 430080
508 1 135168 139264
509 1 495616 499712
525 1 368640 372736
541 1 258048 262144
599 1 12288 16384
982 1 487424 491520
497 1 196608 200704
523 1 98304 102400
524 1 237568 241664
537 1 512000 516096
513 1 151552 155648
523 1 483328 487424
525 1 65536 69632
526 1 143360 147456
527 1 323584 327680
508 1 372736 376832
870 1 397312 401408
593 2 315392 327680 327680 339968
843 2 241664 262144 262144 307200
895 1 221184 241664
491 1 225280 229376
895 1 241664 245760
578 1 110592 114688
783 1 286720 294912
731 1 499712 507904
843 1 307200 311296
788 1 122880 126976
881 1 385024 389120
826 1 458752 499712
834 1 118784 122880
731 1 507904 512000
842 1 466944 471040
470 1 151552 155648
227 1 69632 73728
522 1 348160 352256
826 1 499712 503808
126 1 286720 290816
863 1 217088 225280
863 1 225280 229376
869 1 61440 65536
730 2 57344 65536 65536 69632
326 1 405504 409600
730 1 69632 73728
455 1 364544 368640
465 1 516096 520192
375 1 167936 172032
449 1 319488 323584
343 1 49152 53248
709 1 282624 299008
806 1 339968 356352
709 1 299008 303104
806 1 356352 360448
619 1 290816 303104
895 2 245760 262144 262144 266240
564 1 360448 364544
895 1 266240 270336
476 1 499712 503808
134 1 274432 278528
839 1 507904 520192
0 1 303104 307200
113 1 57344 61440
529 1 159744 163840
170 1 102400 106496
839 1 520192 524288
875 2 180224 196608 196608 258048
875 1 258048 262144
863 1 323584 327680
955 1 28672 32768
282 1 385024 389120
98 1 499712 503808
524 1 204800 208896
678 1 57344 61440
792 1 61440 65536
92 1 65536 69632
805 2 430080 458752 458752 520192
988 1 135168 139264
92 1 102400 106496
939 1 237568 241664
785 1 413696 458752
577 1 352256 360448
931 1 118784 122880
805 1 520192 524288
785 1 458752 462848
151 1 73728 77824
593 1 335872 344064
895 1 270336 290816
895 1 290816 294912
893 1 516096 520192
828 2 446464 458752 458752 471040
865 1 520192 524288
788 2 323584 327680 327680 380928
593 1 339968 348160
603 1 45056 49152
569 1 233472 237568
895 1 294912 315392
563 1 241664 245760
788 1 380928 385024
464 1 290816 294912
895 1 315392 319488
922 1 425984 434176
829 2 319488 327680 327680 331776
680 3 307200 327680 327680 393216 393216 401408
170 1 106496 110592
829 1 331776 335872
143 1 184320 188416
680 1 401408 405504
828 1 471040 475136
296 1 421888 446464
296 1 446464 450560
673 1 286720 303104
762 2 446464 458752 458752 524288
277 1 303104 307200
455 1 262144 266240
195 1 151552 155648
970 1 348160 352256
2 1 8192 16384
869 1 409600 413696
209 1 356352 360448
452 1 466944 471040
963 1 131072 135168
292 1 356352 360448
58 1 12288 16384
737 1 364544 368640
82 1 24576 28672
443 1 339968 344064
538 1 32768 36864
634 1 61440 65536
730 1 245760 249856
845 1 471040 475136
791 1 368640 376832
116 1 86016 90112
110 1 20480 24576
292 1 307200 315392
300 1 520192 524288
301 1 0 4096
763 1 0 4096
986 1 49152 65536
593 1 344064 352256
439 1 8192 12288
895 2 319488 327680 327680 339968
508 1 4096 8192
650 1 49152 65536
347 1 155648 163840
439 1 8192 12288
34 1 20480 24576
34 1 86016 90112
619 1 299008 307200
34 1 135168 139264
34 1 372736 376832
34 1 397312 401408
34 1 479232 483328
34 1 487424 491520
35 1 16384 20480
35 1 335872 339968
37 1 77824 81920
40 1 438272 454656
396 1 249856 253952
730 1 8192 12288
37 1 299008 303104
40 1 466944 487424
744 1 69632 73728
172 1 180224 184320
173 1 163840 167936
37 1 335872 339968
171 1 237568 241664
745 1 245760 249856
740 1 466944 471040
37 1 487424 491520
741 1 188416 196608
742 1 290816 294912
38 1 360448 364544
743 1 221184 225280
895 1 339968 344064
38 1 503808 507904
39 1 397312 405504
39 1 409600 413696
670 1 8192 12288
732 1 163840 167936
745 1 425984 430080
745 1 442368 446464
205 1 40960 45056
895 1 344064 364544
206 1 303104 307200
212 1 188416 192512
209 1 94208 98304
13 1 24576 28672
973 1 126976 131072
209 1 466944 471040
15 1 446464 450560
745 1 462848 466944
975 1 442368 446464
970 1 335872 339968
473 1 380928 385024
745 1 479232 483328
745 1 495616 499712
745 1 512000 516096
468 1 274432 278528
20 1 233472 237568
481 1 344064 348160
202 1 241664 245760
471 1 65536 69632
20 1 356352 360448
202 1 249856 253952
580 1 77824 81920
22 1 176128 180224
202 2 258048 262144 262144 266240
481 1 360448 364544
893 1 253952 258048
476 1 172032 176128
202 1 270336 278528
478 1 495616 499712
481 1 376832 380928
202 1 282624 286720
215 1 352256 356352
963 1 458752 462848
482 1 32768 36864
484 1 335872 339968
10 1 233472 237568
482 1 86016 90112
25 1 335872 339968
481 1 286720 290816
582 1 397312 401408
489 1 208896 212992
465 1 442368 446464
482 1 221184 225280
482 1 270336 274432
482 1 323584 327680
895 1 364544 368640
482 1 372736 376832
482 1 421888 425984
743 2 53248 65536 65536 90112
482 1 475136 479232
586 1 262144 270336
824 1 270336 278528
100 1 299008 303104
743 1 90112 94208
765 1 90112 118784
439 1 8192 12288
824 1 8192 20480
521 1 270336 274432
743 1 94208 118784
765 1 118784 122880
277 1 307200 311296
439 1 8192 12288
824 1 20480 24576
675 1 106496 118784
743 1 118784 122880
134 1 364544 368640
114 1 466944 471040
988 1 327680 331776
796 2 40960 65536 65536 69632
439 1 8192 12288
278 1 32768 36864
826 2 61440 65536 65536 73728
675 1 118784 122880
439 1 8192 16384
796 1 69632 73728
170 1 110592 114688
644 2 389120 393216 393216 425984
826 1 73728 77824
644 1 425984 430080
555 1 114688 118784
505 1 335872 339968
439 1 12288 16384
984 1 147456 151552
472 1 372736 376832
888 1 409600 458752
615 1 20480 24576
439 1 12288 16384
888 1 458752 462848
113 1 57344 61440
439 1 12288 16384
354 1 401408 405504
800 1 393216 405504
792 1 323584 327680
452 1 405504 409600
451 1 229376 237568
619 1 303104 315392
800 1 405504 409600
459 1 233472 237568
895 1 368640 389120
895 1 389120 393216
803 1 94208 98304
505 1 339968 344064
277 1 311296 315392
708 1 81920 86016
835 1 282624 286720
275 1 172032 176128
315 1 401408 405504
161 1 57344 61440
518 1 106496 110592
283 1 204800 212992
872 1 307200 319488
926 1 172032 176128
436 1 196608 200704
505 1 344064 348160
65 1 139264 143360
782 1 32768 36864
478 1 20480 24576
142 1 77824 81920
219 1 233472 237568
782 2 36864 65536 65536 73728
753 1 233472 245760
782 1 73728 77824
753 1 245760 249856
814 1 225280 237568
763 1 184320 188416
502 1 225280 233472
684 1 512000 524288
495 1 69632 73728
814 1 237568 241664
139 1 303104 307200
698 1 90112 94208
644 1 270336 274432
864 1 77824 81920
864 2 81920 131072 131072 151552
864 1 151552 155648
685 1 0 4096
584 1 204800 208896
506 1 94208 98304
508 1 135168 139264
506 1 339968 348160
869 1 462848 471040
528 1 360448 364544
863 1 94208 98304
529 2 57344 65536 65536 77824
508 1 180224 184320
530 1 106496 110592
522 1 401408 405504
509 2 258048 262144 262144 266240
496 1 122880 126976
509 1 270336 282624
314 1 139264 143360
490 1 114688 118784
509 1 495616 499712
580 1 110592 114688
578 1 90112 94208
497 2 192512 196608 196608 200704
580 1 225280 229376
511 1 0 4096
512 1 98304 102400
580 1 520192 524288
511 1 151552 155648
579 1 126976 131072
512 1 249856 253952
511 1 303104 307200
579 1 315392 319488
512 1 438272 442368
581 1 376832 380928
511 1 454656 458752
461 1 352256 356352
513 1 241664 245760
889 1 16384 20480
582 1 479232 483328
513 1 458752 462848
461 1 380928 385024
599 1 12288 16384
778 1 4096 8192
494 1 65536 69632
778 1 12288 16384
494 1 278528 286720
495 1 196608 200704
876 1 471040 475136
541 1 258048 262144
583 1 73728 77824
186 1 299008 303104
200 1 339968 344064
830 2 176128 196608 196608 208896
583 1 413696 417792
724 1 53248 57344
190 1 368640 372736
201 1 270336 274432
572 1 61440 65536
570 1 200704 204800
853 1 413696 421888
571 1 131072 135168
753 1 249856 262144
584 1 40960 45056
260 1 376832 380928
198 1 12288 16384
584 1 249856 253952
198 1 475136 479232
584 1 266240 270336
199 1 409600 413696
584 1 327680 331776
584 1 503808 507904
585 2 57344 65536 65536 77824
585 1 126976 131072
192 1 405504 409600
193 1 335872 339968
194 1 270336 274432
455 1 24576 28672
830 1 208896 212992
924 1 45056 49152
936 1 356352 360448
926 1 196608 200704
346 1 425984 430080
584 1 94208 98304
926 1 348160 352256
584 1 249856 253952
926 1 503808 507904
360 1 368640 372736
927 1 131072 135168
361 1 299008 303104
348 1 45056 49152
933 1 323584 327680
707 1 335872 339968
708 1 409600 413696
929 1 217088 221184
593 1 348160 356352
583 1 163840 167936
721 1 65536 69632
710 1 45056 49152
579 1 118784 122880
583 1 315392 319488
355 1 98304 102400
710 1 409600 413696
170 1 520192 524288
583 1 466944 471040
713 1 200704 204800
356 1 405504 409600
175 1 516096 520192
185 1 57344 61440
358 1 327680 331776
715 1 520192 524288
940 1 303104 307200
359 1 393216 397312
459 1 303104 307200
718 1 311296 315392
943 1 487424 499712
939 1 319488 323584
180 1 172032 176128
753 1 262144 266240
119 1 233472 237568
176 1 446464 450560
177 1 376832 380928
178 1 307200 311296
179 1 241664 245760
895 1 393216 413696
505 1 356352 360448
460 1 65536 69632
872 1 319488 323584
962 1 12288 32768
895 1 413696 417792
652 3 376832 393216 393216 458752 458752 524288
653 1 0 4096
872 1 466944 471040
202 1 4096 12288
202 1 36864 40960
202 1 102400 106496
202 1 167936 172032
202 1 233472 237568
202 1 245760 249856
202 1 262144 266240
202 1 286720 290816
202 1 376832 380928
541 1 258048 262144
202 1 385024 389120
202 1 462848 471040
202 1 483328 487424
203 1 45056 49152
203 1 65536 69632
789 1 278528 282624
490 1 114688 118784
495 1 413696 417792
203 1 86016 90112
653 1 4096 8192
207 1 45056 49152
496 1 86016 90112
207 1 167936 172032
497 1 196608 200704
207 1 217088 221184
512 1 98304 102400
207 1 466944 471040
208 1 4096 8192
208 1 32768 36864
506 1 94208 98304
203 1 221184 233472
512 1 249856 253952
207 1 491520 495616
495 1 421888 430080
208 1 81920 86016
512 1 438272 442368
203 1 237568 241664
508 1 139264 151552
207 1 512000 516096
208 1 135168 139264
513 1 241664 245760
203 1 270336 274432
