479 1 12288 16384
138 1 86016 90112
118 1 315392 319488
116 1 434176 438272
116 1 319488 327680
117 1 49152 65536
721 2 425984 458752 458752 524288
722 7 0 65536 65536 131072 131072 196608 196608 262144 262144 327680 327680 393216 393216 425984
625 1 475136 479232
803 1 274432 278528
912 1 393216 397312
606 2 389120 393216 393216 397312
226 1 344064 352256
600 1 225280 229376
17 1 282624 286720
934 1 143360 147456
771 1 319488 323584
606 1 397312 401408
934 1 155648 159744
148 1 491520 495616
151 2 323584 327680 327680 331776
397 1 167936 172032
962 1 241664 245760
151 1 331776 335872
172 1 73728 86016
397 1 237568 241664
592 1 131072 172032
803 1 204800 208896
332 1 110592 122880
128 3 327680 393216 393216 458752 458752 524288
129 5 0 65536 65536 131072 131072 196608 196608 262144 262144 327680
444 1 110080 114176
130 3 327680 393216 393216 458752 458752 524288
131 5 0 65536 65536 131072 131072 196608 196608 262144 262144 327680
131 3 327680 393216 393216 458752 458752 524288
132 5 0 65536 65536 131072 131072 196608 196608 262144 262144 327680
127 3 327680 393216 393216 458752 458752 524288
128 5 0 65536 65536 131072 131072 196608 196608 262144 262144 327680
405 1 0 8192
104 1 200704 204800
691 1 12288 16384
964 1 327680 393216
865 1 172032 176128
154 1 159744 163840
155 1 475136 479232
157 1 204800 208896
436 1 512000 516096
211 1 352256 356352
616 1 176128 180224
616 1 188416 192512
46 1 323584 327680
616 1 319488 323584
22 1 16384 20480
222 1 495616 503808
782 1 77824 81920
309 1 364544 368640
883 1 471040 475136
222 1 503808 507904
803 1 237568 241664
272 1 107008 108544
369 1 335872 344064
582 1 417792 421888
583 1 90112 94208
583 1 266240 270336
583 1 356352 360448
583 1 368640 372736
583 1 405504 409600
583 1 425984 430080
583 1 434176 438272
584 1 270336 274432
584 1 282624 286720
584 1 393216 397312
584 1 352256 356352
585 1 32768 36864
584 1 368640 372736
585 1 40960 45056
585 1 65536 69632
585 1 458752 466944
585 1 212992 217088
586 1 86016 90112
159 2 126976 131072 131072 135168
888 1 434176 438272
751 1 81920 86016
749 1 28672 32768
518 1 16384 24576
627 1 462848 466944
916 1 32768 34304
803 1 200704 204800
120 1 0 4096
803 1 212992 221184
753 1 32768 36864
159 1 135168 139264
91 1 117248 118784
693 1 344064 348160
166 1 0 32768
257 1 497152 497664
224 1 32768 40960
564 1 20480 24576
91 1 118784 120832
885 1 233472 245760
257 1 497664 498688
224 1 40960 45056
29 2 61440 65536 65536 74240
29 1 74240 126976
30 2 389120 393216 393216 454656
32 2 61440 65536 65536 126976
329 1 442368 458752
329 2 389120 393216 393216 438272
683 2 188416 196608 196608 253952
92 1 245760 249344
803 1 217088 233472
451 1 155648 159744
997 1 40960 45056
546 1 245760 249856
999 1 155648 159744
999 1 253952 258048
545 1 417792 421888
993 1 221184 225280
991 1 135168 139264
989 1 339968 344064
997 1 57344 61440
996 1 81920 86016
987 1 294912 299008
993 1 180224 188416
998 1 4096 8192
611 1 225280 229376
998 1 311296 315392
987 1 151552 155648
999 1 188416 192512
997 1 188416 192512
150 1 397312 405504
883 1 491520 495616
209 1 262144 266240
20 2 450560 458752 458752 462848
673 1 475136 479232
52 1 118784 122880
504 2 114688 131072 131072 139264
54 1 90112 110592
82 1 188416 196608
247 3 340480 393216 393216 458752 458752 524288
248 1 0 12288
54 1 131072 155648
534 2 229376 262144 262144 294912
362 1 417792 442368
493 1 135168 147456
859 1 491520 524288
860 1 0 32768
248 5 16384 65536 65536 131072 131072 196608 196608 262144 262144 279040
623 2 454656 458752 458752 499712
318 1 77824 98304
951 1 315392 327680
958 2 36864 65536 65536 77824
211 2 20480 65536 65536 86016
586 1 24576 28672
585 1 442368 446464
586 1 4096 12288
586 1 106496 110592
586 1 122880 126976
586 1 225280 229376
586 1 380928 385024
587 1 24576 28672
586 1 372736 376832
586 1 516096 520192
586 1 290816 294912
586 1 487424 491520
587 1 81920 86016
587 1 221184 225280
587 1 237568 241664
587 1 147456 151552
587 1 245760 249856
587 1 266240 270336
587 1 331776 335872
587 1 454656 458752
893 1 65536 69632
118 1 376832 380928
118 1 421888 430080
642 1 462848 466944
119 1 270336 274432
412 1 49152 53248
119 1 487424 495616
897 1 147456 151552
897 1 45056 49152
850 1 372736 376832
412 1 491520 495616
850 1 299008 303104
606 1 495616 499712
221 1 245760 253952
722 1 90112 94208
413 1 434176 438272
660 1 286720 290816
661 1 53248 57344
661 1 167936 172032
660 1 520192 524288
404 1 434176 438272
691 1 360448 361984
0 1 479232 483328
402 1 446464 450560
8 1 311296 319488
208 1 512000 516096
69 1 282624 286720
133 3 327680 393216 393216 458752 458752 524288
134 3 0 65536 65536 131072 131072 196608
735 1 65536 69632
69 1 434176 438272
98 1 49152 57344
303 1 61440 65536
538 1 208896 212992
8 2 389120 393216 393216 397312
315 1 61440 65536
69 1 131072 135168
263 1 143360 147456
0 1 462848 466944
76 1 90112 94208
59 1 471040 475136
935 1 385024 389120
935 1 335872 339968
157 1 372736 393216
19 1 81920 90112
208 1 114688 122880
25 1 24576 28672
19 1 90112 94208
208 1 122880 126976
459 1 496128 524288
460 8 0 65536 65536 131072 131072 196608 196608 262144 262144 327680 327680 393216 393216 458752 458752 496128
61 1 404992 458752
720 1 405504 409600
24 1 487424 491520
518 1 282624 286720
813 1 204800 208896
40 1 65536 69632
460 1 496128 524288
461 8 0 65536 65536 131072 131072 196608 196608 262144 262144 327680 327680 393216 393216 458752 458752 496128
6 1 466944 483328
67 1 372736 393216
131 5 77824 131072 131072 196608 196608 262144 262144 327680 327680 344064
790 1 131072 135168
131 3 344064 393216 393216 458752 458752 524288
132 2 0 65536 65536 77824
76 1 212992 217088
236 1 61440 65536
170 1 458752 462848
965 1 393216 458752
869 1 208896 217088
228 1 397312 401408
848 1 368640 372736
147 1 45056 61440
858 1 397312 401408
223 1 393216 397312
883 1 405504 413696
943 1 368640 389120
883 1 446464 450560
719 1 438272 446464
420 1 69632 90112
799 1 475648 524288
800 8 0 65536 65536 131072 131072 196608 196608 262144 262144 327680 327680 393216 393216 458752 458752 475648
219 1 368640 376832
129 3 327680 393216 393216 458752 458752 524288
130 5 0 65536 65536 131072 131072 196608 196608 262144 262144 327680
81 1 81920 86016
444 1 114176 118272
537 1 344064 348160
236 1 303104 307200
80 1 454656 458752
537 1 311296 315392
52 1 45056 49152
537 1 360448 364544
76 1 258048 262144
81 1 233472 237568
437 1 208896 212992
537 1 327680 331776
537 1 380928 385024
132 3 327680 393216 393216 458752 458752 524288
133 5 0 65536 65536 131072 131072 196608 196608 262144 262144 327680
80 1 372736 376832
544 1 45056 49152
543 1 417792 421888
543 1 266240 270336
546 1 225280 229376
928 1 77824 86016
841 1 274432 290816
813 1 270336 278528
803 1 208896 221184
848 1 352256 372736
883 1 434176 438272
397 1 241664 245760
172 2 319488 327680 327680 339968
739 1 274432 282624
250 1 237568 241664
883 1 499712 503808
709 1 16384 40960
478 1 438272 442368
252 1 184320 192512
607 1 139264 143360
803 1 208896 212992
557 1 311296 315392
557 1 221184 233472
813 1 217088 225280
485 1 147456 151552
252 1 176128 180224
827 1 319488 323584
616 1 307200 311296
616 1 352256 356352
616 1 339968 344064
524 1 8192 12288
173 1 86016 90112
589 1 159744 163840
630 1 155648 159744
638 1 495616 499712
630 1 106496 114688
60 1 159744 163840
639 1 253952 262144
642 1 262144 266240
644 1 131072 135168
171 1 380928 385024
171 1 393216 397312
155 1 135168 139264
155 1 122880 126976
563 1 499712 503808
166 1 32768 36864
188 2 126976 131072 131072 135168
4 1 520192 524288
18 3 344576 393216 393216 458752 458752 524288
19 2 0 65536 65536 81920
257 1 498688 499200
564 1 159744 172032
648 1 208896 212992
19 5 86016 131072 131072 196608 196608 262144 262144 327680 327680 348672
188 1 135168 139264
91 2 120832 131072 131072 182272
6 1 131072 143360
969 1 425984 430080
275 1 208896 212992
475 7 53760 65536 65536 131072 131072 196608 196608 262144 262144 327680 327680 393216 393216 425984
539 1 196608 262144
668 3 245760 262144 262144 327680 327680 332288
803 1 221184 229376
167 1 450560 454656
668 3 332288 393216 393216 458752 458752 524288
669 1 0 49152
803 1 290816 294912
672 3 253952 262144 262144 327680 327680 340480
672 4 57344 65536 65536 131072 131072 196608 196608 253952
803 1 225280 229376
167 1 450560 454656
858 1 393216 397312
375 1 442368 446464
392 1 258048 262144
421 2 253952 262144 262144 270336
270 1 8192 28672
128 1 520192 524288
129 1 0 4096
576 1 45056 65536
52 1 479232 487424
814 1 225280 229376
817 1 110592 114688
814 1 200704 204800
335 1 77824 81920
627 1 135168 139264
949 1 16384 24576
275 1 442368 446464
655 1 229376 233472
592 1 462848 499712
909 1 462848 466944
661 1 376832 380928
353 1 192512 196608
360 1 86016 94208
849 1 65536 69632
346 1 225280 229376
333 1 200704 204800
354 1 487424 491520
418 1 454656 458752
332 1 57344 61440
347 1 90112 94208
355 1 0 4096
340 1 466944 471040
138 1 90112 98304
480 1 221184 225280
420 1 12288 16384
419 1 98304 102400
862 1 421888 425984
592 1 360448 368640
284 2 151552 196608 196608 229376
592 1 368640 372736
550 1 409600 421888
345 1 45056 49152
345 1 45056 53248
735 1 221184 241664
345 1 49152 53248
345 1 49152 53248
803 1 200704 204800
269 1 229376 241664
562 1 344064 348160
678 1 389120 393216
266 1 495616 499712
49 1 290816 294912
267 1 40960 45056
606 1 151552 172032
606 1 172032 176128
562 1 344064 356352
562 1 352256 356352
942 1 331776 364544
562 1 352256 364544
562 1 360448 364544
562 1 360448 368640
549 1 217088 221184
552 1 36864 40960
549 1 368640 372736
550 1 286720 290816
900 1 155648 159744
549 1 65536 69632
898 1 360448 364544
552 1 491520 495616
901 1 294912 299008
908 1 319488 323584
277 1 299008 303104
907 1 159744 163840
444 1 118272 122368
902 1 221184 225280
710 1 503808 507904
316 1 65536 81920
782 1 77824 81920
272 1 108032 109056
942 1 299008 303104
18 1 45056 53248
803 1 274432 278528
119 1 258048 262144
695 1 421888 423936
877 1 487424 495616
52 1 73728 75776
841 1 491520 503808
400 1 126976 131072
99 1 36864 40960
414 1 225280 229376
94 1 200704 212992
758 1 507904 512000
882 1 413696 421888
824 2 290816 327680 327680 380928
824 1 380928 385024
813 1 204800 208896
5 1 258048 262144
6 1 131072 147456
350 1 102400 106496
509 1 184320 188416
402 1 233472 241664
176 1 176128 180224
659 1 184320 188416
550 1 417792 421888
427 1 270336 278528
348 3 372736 393216 393216 458752 458752 471040
550 1 425984 430080
348 1 471040 475136
565 1 311296 315392
564 1 172032 176128
314 1 274432 278528
301 1 8192 12288
813 1 204800 208896
874 1 421888 425984
823 1 299008 303104
497 1 360448 364544
91 2 182272 196608 196608 217088
425 1 151552 155648
629 1 409600 417792
321 1 20480 24576
906 1 253952 258048
493 1 143360 147456
176 1 303104 307200
493 1 122880 126976
121 1 266240 270336
455 1 131072 135168
436 1 237568 241664
544 1 229376 233472
117 1 200704 204800
436 1 114688 118784
117 1 217088 221184
119 1 294912 299008
117 1 131072 135168
119 1 462848 466944
119 1 512000 516096
117 1 241664 249856
436 1 376832 380928
437 1 147456 151552
239 1 430080 434176
436 1 249856 253952
363 1 483328 487424
459 1 0 8192
774 1 397312 401408
120 1 192512 196608
587 1 417792 421888
587 1 483328 487424
588 1 110592 114688
588 1 159744 163840
588 1 282624 286720
587 1 507904 516096
588 1 196608 200704
588 1 245760 249856
588 1 348160 352256
705 2 315392 327680 327680 348160
589 1 32768 36864
589 1 126976 131072
589 1 45056 49152
588 1 360448 364544
589 1 167936 172032
589 1 73728 77824
589 2 192512 196608 196608 200704
589 1 180224 184320
589 1 286720 290816
589 1 258048 262144
59 1 479232 479744
904 1 212992 253952
190 2 368640 393216 393216 402432
966 1 262144 327680
649 1 16896 17408
597 1 8192 12288
751 1 155648 159744
289 1 49152 65536
803 1 282624 286720
366 1 12288 28672
288 1 520192 524288
289 1 0 45056
366 1 278528 311296
219 1 376832 380928
800 1 475648 524288
801 1 0 45056
851 1 491520 499712
315 1 163840 172032
420 1 90112 102400
745 1 266240 270336
745 1 266240 270336
434 1 61440 65536
433 1 417792 425984
433 1 339968 360448
76 2 418304 458752 458752 524288
77 7 0 65536 65536 131072 131072 196608 196608 262144 262144 327680 327680 393216 393216 418304
345 1 49152 61440
853 1 53248 65536
438 1 507904 512000
527 1 512000 516096
397 2 245760 262144 262144 278528
34 1 475136 479232
719 1 512000 516096
121 1 126976 131072
240 1 278528 282624
120 1 503808 507904
117 1 4096 8192
116 1 208896 212992
478 1 143360 151552
121 1 0 4096
478 1 335872 339968
349 1 270336 274432
359 1 225280 229376
359 1 376832 380928
117 1 155648 159744
350 1 176128 180224
812 1 49152 53248
119 1 65536 69632
360 1 4096 8192
274 1 114688 118784
813 1 282624 286720
117 1 401408 405504
235 1 8192 8704
123 1 303104 319488
741 1 3584 7680
235 1 8704 13824
80 1 417792 421888
235 1 13824 16384
607 1 221184 229376
883 1 512000 520192
123 1 409600 413696
515 1 126976 131072
442 1 200704 202240
883 1 475136 479232
120 1 393216 417792
589 1 278528 282624
589 1 335872 344064
589 1 356352 360448
589 1 348160 352256
589 1 405504 409600
589 1 458752 462848
590 1 249856 253952
590 1 8192 12288
590 1 495616 499712
590 1 352256 360448
591 1 8192 12288
602 1 438272 442368
590 1 229376 233472
590 1 368640 372736
603 1 348160 360448
603 1 335872 339968
603 1 421888 425984
603 1 364544 368640
603 1 413696 417792
32 1 483328 487424
165 1 196608 212992
32 1 417792 430080
431 1 212992 217088
998 1 262144 278528
214 1 430080 434176
803 1 204800 217088
189 1 233472 237568
214 1 434176 438272
22 1 352256 354816
214 1 430080 434176
189 1 233472 237568
165 1 212992 233472
32 1 491520 499712
214 1 434176 438272
287 1 53248 57344
627 1 167936 176128
627 1 462848 466944
627 1 471040 475136
574 1 36864 40960
818 1 233472 238080
240 1 417792 430080
628 1 200704 204800
803 1 282624 294912
627 1 495616 503808
524 1 282624 319488
372 1 102400 131072
372 1 196608 249856
567 1 364544 366592
672 1 376832 377856
465 1 393216 397312
578 1 458752 524288
579 6 0 65536 65536 131072 131072 196608 196608 262144 262144 327680 327680 389120
465 1 413696 417792
615 1 516096 524288
616 1 0 16384
807 2 315392 327680 327680 380928
622 2 323584 327680 327680 385024
241 1 24576 28672
248 2 344576 393216 393216 425984
934 1 487424 495616
241 1 20480 24576
623 1 303104 307200
249 1 425984 454656
596 1 520192 524288
597 1 0 12288
37 2 307200 327680 327680 348160
695 2 425984 458752 458752 479232
696 2 303104 327680 327680 352256
747 2 24576 65536 65536 90112
596 6 192512 196608 196608 262144 262144 327680 327680 393216 393216 458752 458752 516096
504 1 73728 86016
248 2 425984 458752 458752 524288
249 5 0 65536 65536 131072 131072 196608 196608 262144 262144 315904
851 1 319488 323584
831 2 212992 262144 262144 294912
860 1 274432 282624
284 1 229376 233472
865 4 270336 327680 327680 393216 393216 458752 458752 524288
866 4 0 65536 65536 131072 131072 196608 196608 262144
384 1 155648 163840
739 1 520192 524288
741 1 327680 331776
740 3 65536 131072 131072 196608 196608 217088
824 1 155648 159744
827 1 106496 110592
740 1 503808 524288
741 1 0 40960
86 2 389120 393216 393216 409600
931 1 28672 32768
341 1 241664 245760
581 1 90112 98304
803 1 274432 278528
813 1 286720 290816
941 1 270336 274432
889 1 475136 483328
246 1 270336 274432
308 1 380928 385024
110 1 286720 290816
813 1 221184 225280
575 1 225280 229376
391 1 315392 319488
577 1 479232 483328
827 1 319488 323584
102 1 258048 262144
816 1 131072 135168
818 1 512000 516096
70 1 208896 212992
460 2 434176 458752 458752 524288
461 1 0 57344
855 1 294912 299008
102 1 262144 270336
70 1 143360 155648
102 1 270336 274432
855 1 294912 299008
238 1 282624 290816
883 1 405504 409600
858 1 397312 401408
18 1 53248 57344
999 1 385024 393216
821 1 364544 366592
234 1 385024 389120
483 1 311296 319488
80 1 57344 60928
803 1 270336 286720
687 2 126976 131072 131072 192512
760 2 229376 262144 262144 294912
765 2 102400 131072 131072 167936
825 1 507904 512000
851 1 397312 417792
767 1 102400 115200
813 1 204800 212992
767 2 115200 131072 131072 167936
294 1 397312 430080
775 2 172032 196608 196608 237568
813 1 204800 208896
152 2 294912 327680 327680 360448
77 1 418304 446464
166 1 36864 45056
654 1 147456 151552
493 1 151552 155648
80 1 462848 475136
813 1 204800 208896
384 1 393216 397312
556 1 364544 372736
493 1 163840 172032
954 1 196608 200704
855 1 327680 331776
91 1 217088 221184
413 1 212992 217088
493 1 176128 180224
556 1 487424 491520
412 1 405504 409600
886 1 225280 229376
864 1 176128 180224
333 1 229376 233472
304 1 0 4096
245 1 397312 405504
120 1 69632 73728
121 1 36864 40960
120 1 393216 397312
121 1 114688 118784
120 1 425984 458752
831 1 106496 110592
813 1 299008 303104
645 1 151552 159744
829 1 458752 471040
592 1 499712 503808
138 1 98304 102400
116 1 253952 258048
117 1 311296 315392
121 1 81920 86016
121 1 98304 102400
116 1 225280 249856
116 1 262144 290816
116 1 454656 458752
83 1 270336 274432
916 2 442368 458752 458752 524288
917 5 0 65536 65536 131072 131072 196608 196608 262144 262144 283136
161 1 90112 94208
755 1 364544 368640
298 1 241664 262144
223 1 393216 397312
223 1 389120 393216
238 1 430080 438272
217 1 131072 139264
238 1 438272 442368
217 1 139264 143360
298 1 372736 385024
391 1 208896 212992
109 1 208896 212992
275 1 409088 437760
173 1 53248 57344
356 1 53248 57344
95 1 270336 274432
318 2 147456 196608 196608 253952
318 1 253952 258048
766 1 516096 524288
767 1 0 4096
193 1 290816 294912
25 1 0 4096
40 1 69632 73728
978 1 45056 61440
461 1 496128 524288
462 8 0 65536 65536 131072 131072 196608 196608 262144 262144 327680 327680 393216 393216 458752 458752 496128
397 1 278528 282624
564 1 167936 176128
548 1 106496 110592
418 1 368640 372736
451 1 491520 524288
452 1 0 32768
134 5 237568 262144 262144 327680 327680 393216 393216 458752 458752 495616
209 1 310784 314880
209 1 310784 314880
278 2 368640 393216 393216 401408
221 1 409600 413696
459 1 495616 524288
460 1 0 36864
460 1 233472 258048
221 1 405504 409600
158 1 122880 126976
674 1 86016 94208
941 1 462848 466944
632 1 69632 73728
904 3 253952 262144 262144 327680 327680 356352
200 1 286720 290816
200 1 36864 45056
377 1 479232 483328
799 1 487424 491520
223 1 393216 397312
897 1 356352 372736
918 1 114688 118784
78 1 458752 516096
827 1 466944 471040
165 1 184320 188416
740 5 217088 262144 262144 327680 327680 393216 393216 458752 458752 499712
104 1 212992 225280
999 1 102400 106496
109 1 61440 65536
410 1 73728 77824
811 1 61440 65536
268 1 499712 503808
296 1 360448 364544
772 1 487424 491520
975 1 69632 77824
579 1 172032 176128
789 1 516096 520192
93 1 413696 417792
297 1 118784 122880
497 1 122880 126976
525 1 458752 462848
790 1 8192 20480
497 1 319488 323584
564 1 176128 188416
48 1 483328 491520
883 1 425984 442368
91 1 262144 282624
41 1 73728 81920
41 1 81920 86016
91 1 282624 294912
116 1 151552 155648
669 1 274432 294912
570 1 372736 376832
13 1 282624 286720
570 1 405504 409600
13 1 307200 315392
773 1 327680 331776
813 1 315392 327680
773 1 331776 344064
603 1 438272 442368
603 1 446464 450560
603 1 503808 507904
604 1 131072 135168
813 1 126976 131072
795 1 69632 73728
789 1 421888 425984
789 1 192512 196608
604 1 253952 258048
793 1 397312 401408
814 1 208896 212992
960 1 290816 294912
988 1 0 4096
988 1 335872 339968
962 1 430080 434176
838 1 364544 368640
961 1 49152 53248
988 1 196608 200704
988 1 303104 307200
988 1 356352 360448
159 1 446464 454656
0 1 131072 143360
159 1 454656 458752
272 1 108544 109568
782 1 77824 81920
226 1 311296 315392
143 1 40960 45056
814 1 327680 329216
416 1 86016 87552
955 1 196608 197120
57 1 462848 463360
45 1 278528 282624
58 1 12288 12800
64 1 53248 54272
64 1 61440 65536
88 1 364544 368640
88 1 372736 376832
95 1 483328 484352
89 1 61440 65536
46 1 20480 24576
976 1 110592 122880
164 1 69632 70144
130 1 438272 442368
127 1 110592 114688
88 1 380928 385024
64 1 446464 450560
103 1 20480 24576
672 1 340480 385024
672 3 385024 393216 393216 458752 458752 516096
803 1 290816 299008
551 1 90112 94208
452 5 197120 262144 262144 327680 327680 393216 393216 458752 458752 524288
453 4 0 65536 65536 131072 131072 196608 196608 197120
654 5 208896 262144 262144 327680 327680 393216 393216 458752 458752 524288
655 1 0 33280
387 1 143360 147456
83 1 356352 360448
475 1 278528 294912
465 1 98304 114688
803 1 229376 233472
655 2 33280 65536 65536 77824
967 1 393216 458752
968 1 262144 327680
969 1 131072 196608
365 1 483328 524288
366 1 0 8192
366 1 466944 516096
366 1 520192 524288
367 1 0 49152
442 1 491520 524288
443 1 0 28672
924 1 442368 446464
132 7 77824 131072 131072 196608 196608 262144 262144 327680 327680 393216 393216 458752 458752 524288
133 2 0 65536 65536 77824
47 1 122880 126976
443 1 28672 32768
803 1 217088 221184
813 1 204800 217088
807 1 217088 218624
626 1 339968 344064
234 1 131072 135168
234 1 139264 143360
233 1 434176 442368
312 1 73728 90112
813 1 270336 278528
345 1 53248 57344
345 1 53248 57344
345 1 53248 57344
949 1 65536 69632
442 1 202240 206336
439 1 90112 114688
124 1 180224 184320
363 1 270336 271872
442 1 206336 208896
741 1 3584 7680
439 1 114688 118784
363 1 271872 274432
442 1 311296 312832
442 1 352256 353792
442 1 312832 315392
883 1 450560 454656
442 1 393216 394752
442 1 353792 360448
442 1 394752 398848
813 1 204800 212992
847 1 28672 45056
229 1 307200 311296
226 1 262144 262656
226 1 262656 263168
226 1 263168 267264
226 1 267264 271360
223 1 393216 397312
229 1 311296 311808
211 1 466944 471040
223 1 397312 401408
229 1 323584 327680
229 1 315392 319488
223 1 393216 397312
168 1 171520 175616
229 1 311296 311808
223 1 397312 401408
710 1 409600 412672
237 1 225280 233472
269 1 413696 417792
269 1 409600 413696
989 1 8192 12288
989 1 24576 28672
989 1 102400 106496
989 1 94208 98304
989 1 126976 131072
989 1 135168 139264
989 1 155648 159744
978 1 475136 495616
989 1 163840 167936
990 1 0 4096
989 1 491520 495616
990 1 212992 217088
990 1 192512 196608
990 1 274432 278528
989 1 458752 462848
990 1 237568 241664
990 1 290816 294912
991 1 200704 204800
88 1 106496 110592
991 1 368640 372736
709 1 16384 20480
728 1 249856 253952
956 2 286720 327680 327680 335872
299 1 12288 20480
498 1 258048 262144
841 1 503808 520192
758 1 184320 188416
454 1 229376 229888
166 1 45056 49152
54 1 192512 196608
128 1 28672 32768
803 1 290816 299008
91 2 225280 262144 262144 286720
19 3 348672 393216 393216 458752 458752 524288
20 6 0 65536 65536 131072 131072 196608 196608 262144 262144 327680 327680 348672
987 1 393216 397312
987 1 204800 208896
993 1 413696 417792
546 1 327680 331776
988 1 516096 520192
989 1 319488 323584
568 1 94208 98304
988 1 221184 225280
989 1 24576 28672
988 1 266240 270336
991 1 344064 348160
989 1 221184 225280
813 1 229376 237568
629 1 430080 432128
113 1 499712 501760
803 1 282624 294912
162 1 430080 433152
567 1 282624 286720
245 1 405504 409600
486 1 139264 143360
592 1 372736 380928
86 1 409600 413696
101 1 446464 454656
153 1 331776 335872
83 1 266240 270336
83 1 270336 274432
647 2 393728 458752 458752 524288
648 7 0 65536 65536 131072 131072 196608 196608 262144 262144 327680 327680 393216 393216 393728
803 1 208896 212992
924 1 143360 151040
803 1 274432 282624
813 1 286720 294912
226 1 348160 356352
657 1 12288 16384
912 1 397312 405504
17 1 217088 221184
803 1 212992 217088
912 1 405504 409600
567 1 307200 311296
803 1 278528 286720
295 1 503296 507392
283 1 318976 323072
311 1 69120 73216
567 1 520192 524288
813 1 225280 229376
114 1 393216 458752
954 1 20480 24576
114 1 458752 524288
115 7 0 65536 65536 131072 131072 196608 196608 262144 262144 327680 327680 393216 393216 458752
77 2 446464 458752 458752 524288
78 6 0 65536 65536 131072 131072 196608 196608 262144 262144 327680 327680 360960
78 2 360960 393216 393216 458752
446 1 253952 258048
61 1 456192 457216
462 1 496128 524288
463 8 0 65536 65536 131072 131072 196608 196608 262144 262144 327680 327680 393216 393216 458752 458752 496128
25 1 28672 32768
40 1 360448 380928
803 1 204800 212992
60 1 393216 397312
2 1 81920 86528
463 1 496128 524288
464 1 0 61952
60 1 417792 421888
61 1 456704 457728
301 1 262144 263680
294 1 520192 521216
918 1 122880 124416
803 1 270336 278528
841 1 290816 311296
876 1 319488 323584
122 1 196608 200704
644 1 143360 147456
168 1 73728 77824
334 1 479232 483328
209 1 225280 233472
209 1 233472 237568
737 1 102400 106496
293 1 471040 524288
61 1 458752 466944
61 1 466944 471040
298 1 495616 516096
130 1 372736 376832
64 1 45056 46080
986 1 479232 483328
54 1 438272 442368
54 1 131072 136192
57 1 479232 483328
896 1 86016 90112
975 1 450560 454656
29 1 212992 217088
178 1 376832 380928
896 1 327680 331776
215 1 32768 36864
202 2 450560 458752 458752 524288
203 2 0 65536 65536 118784
302 1 471040 487424
970 1 0 65536
495 1 94208 98304
378 1 233472 237568
970 1 393216 458752
456 2 315392 327680 327680 339968
803 1 204800 208896
883 1 393216 397312
397 1 282624 290816
436 1 204800 262144
803 1 303104 311296
883 1 471040 475136
966 1 323584 327680
174 1 413696 415232
227 1 188416 192512
205 1 180224 184320
564 1 188416 192512
55 1 65536 77824
138 1 446464 450560
502 1 454656 458752
451 1 94208 98304
89 1 212992 217088
990 1 512000 516096
991 1 389120 393216
89 1 270336 274432
115 1 106496 110592
120 1 86016 90112
112 1 155648 159744
117 1 401408 405504
112 1 499712 503808
120 1 32768 36864
120 1 98304 102400
145 1 282624 286720
146 1 258048 262144
146 1 237568 241664
182 1 389120 393216
182 1 20480 24576
187 1 356352 360448
201 1 450560 454656
202 1 114688 118784
59 1 466944 471040
665 2 380928 393216 393216 409600
274 1 172032 180224
665 1 409600 413696
935 1 303104 303616
59 1 471040 475136
131 1 147456 151552
950 1 397312 400896
70 1 174080 176128
70 1 176128 176640
825 1 311296 323584
849 1 266240 270336
793 1 102400 103424
798 1 519680 523776
848 1 131072 147456
853 1 360448 376832
842 1 106496 110592
842 1 110592 122880
848 1 135168 147456
848 1 131072 135168
849 1 344064 348160
849 1 348160 360448
848 1 131072 135168
848 1 135168 147456
688 1 221184 229376
374 1 4096 8192
379 1 360448 364544
374 1 393216 397312
681 1 315392 319488
741 1 327680 331776
741 1 163840 167936
743 1 110592 114688
151 1 327680 331776
139 1 425984 430080
149 1 65536 69632
966 1 253952 258048
149 1 126976 131072
966 1 282624 286720
442 1 398848 407040
442 1 407040 409600
442 1 512000 513536
933 1 413696 434176
442 1 513536 517632
389 1 393216 458752
933 1 434176 438272
883 1 516096 520192
223 1 397312 401408
741 1 3584 7680
155 1 122880 127488
604 1 311296 327680
291 1 102400 106496
592 1 380928 385024
190 2 98304 131072 131072 135168
813 1 204800 212992
291 1 32768 36864
929 1 28672 32768
803 1 270336 282624
883 1 385024 389120
419 1 131072 135168
160 1 483328 487424
397 1 290816 294912
173 1 192512 196608
175 1 131072 167936
237 2 323584 327680 327680 372736
345 1 53248 61440
556 1 262144 327680
345 1 57344 61440
985 1 69632 94208
813 1 204800 208896
224 1 483328 487424
813 1 196608 200704
345 1 57344 61440
224 1 409600 413696
153 1 335872 344064
917 3 348672 393216 393216 458752 458752 524288
918 6 0 65536 65536 131072 131072 196608 196608 262144 262144 327680 327680 348672
825 1 311296 315392
122 1 286720 311296
815 1 344064 352256
153 1 344064 348160
106 1 16384 20480
55 1 499712 503808
647 1 20480 28672
875 1 188416 192512
771 1 188416 192512
725 1 122880 126976
702 1 368640 372736
824 1 290816 294912
670 1 253952 258048
187 3 32768 65536 65536 131072 131072 167936
674 1 253440 257536
209 1 310784 314880
187 1 167936 172032
674 1 253440 257536
209 1 310784 314880
328 1 12288 20480
213 1 462848 466944
803 1 282624 290816
133 7 77824 131072 131072 196608 196608 262144 262144 327680 327680 393216 393216 458752 458752 524288
134 2 0 65536 65536 77824
813 1 217088 253952
965 1 466944 471040
205 1 184320 188416
858 1 393216 397312
803 1 241664 249856
372 1 274432 278528
539 1 207872 208896
261 1 172032 176128
848 1 290816 307200
813 1 270336 278528
536 1 389120 393216
575 1 225280 229376
848 1 307200 327680
813 1 208896 217088
301 1 90112 94208
183 1 434176 442368
949 1 65536 69632
264 1 520192 524288
86 1 143360 151552
564 2 192512 196608 196608 204800
91 1 286720 299520
966 1 225280 229376
768 1 348160 352256
797 1 176128 180224
131 1 454656 458752
761 1 376832 380928
166 1 49152 57344
201 1 520192 524288
203 1 516096 520192
202 1 434176 438272
220 1 90112 94208
202 1 499712 503808
222 1 77824 81920
552 1 180224 184320
552 1 204800 208896
552 2 258048 262144 262144 266240
552 1 446464 450560
552 1 479232 483328
552 1 294912 299008
553 1 311296 315392
553 1 364544 368640
553 1 372736 376832
553 1 335872 339968
553 1 380928 385024
553 1 434176 438272
553 1 442368 446464
783 1 471040 475136
156 1 360448 373760
813 1 196608 200704
132 1 339968 344064
851 1 417792 430080
270 1 319488 323584
607 1 458752 483328
929 2 57344 65536 65536 86016
517 1 94208 126976
870 1 65536 94208
816 2 405504 458752 458752 524288
817 7 0 65536 65536 131072 131072 196608 196608 262144 262144 327680 327680 393216 393216 397312
903 1 143360 147456
803 1 270336 274432
803 1 204800 208896
338 1 491520 495616
803 1 270336 274432
224 1 417792 421888
316 1 188416 196608
5 1 520192 524288
6 1 0 16384
1 2 126976 131072 131072 135168
813 1 270336 278528
1 1 135168 139264
803 1 196608 200704
883 1 458752 462848
943 1 36864 40960
436 1 327680 335872
203 1 28672 33792
58 1 499712 503808
82 1 135168 167936
301 1 311296 327680
689 1 241664 245760
689 1 180224 184320
24 1 487424 491520
6 1 483328 495616
61 1 457216 458752
102 1 274432 282624
102 1 282624 286720
855 1 294912 299008
39 1 233472 237568
102 1 286720 294912
65 1 364544 380928
433 1 81920 86016
238 1 290816 294912
102 1 294912 299008
65 1 380928 385024
855 1 294912 299008
412 1 331776 344064
102 1 299008 307200
739 1 311296 315392
102 1 307200 311296
855 1 294912 299008
743 1 118784 126976
509 1 466944 471040
905 1 86016 90112
905 1 245760 253952
905 1 512000 516096
116 1 458752 524288
117 7 0 65536 65536 131072 131072 196608 196608 262144 262144 327680 327680 393216 393216 458752
117 1 458752 524288
118 7 0 65536 65536 131072 131072 196608 196608 262144 262144 327680 327680 393216 393216 458752
115 1 458752 524288
116 7 0 65536 65536 131072 131072 196608 196608 262144 262144 327680 327680 393216 393216 458752
148 3 327680 393216 393216 458752 458752 524288
118 1 458752 524288
119 7 0 65536 65536 131072 131072 196608 196608 262144 262144 327680 327680 393216 393216 458752
869 1 458752 524288
870 1 0 65536
119 1 458752 524288
120 6 0 65536 65536 131072 131072 196608 196608 262144 262144 327680 327680 335872
870 1 131072 196608
9 1 299008 299520
64 1 208896 217088
125 3 131072 196608 196608 262144 262144 327680
391 1 204800 208896
64 1 217088 221184
688 1 45056 49152
618 1 368640 372736
196 1 294912 296960
906 1 53248 57344
813 1 274432 278528
813 1 208896 212992
653 1 450560 454656
116 1 151552 155648
109 1 438272 442368
551 1 196608 212992
222 1 32768 40960
222 1 40960 45056
551 1 212992 217088
346 1 495616 516096
209 1 90112 94208
860 1 507904 512000
312 1 434176 438272
872 1 184320 192512
467 1 454656 458752
782 1 77824 81920
77 1 479232 483328
398 1 290816 294912
92 1 331776 335872
312 1 262144 278528
178 1 294912 295936
165 2 52736 65536 65536 85504
165 1 85504 89600
885 1 368640 372736
214 1 266240 278528
843 1 290816 311296
937 1 166400 167424
214 1 278528 282624
937 1 167424 175104
122 1 126976 131072
1 1 225280 229376
813 1 204800 241664
803 1 204800 221184
714 2 217088 262144 262144 282624
971 1 262144 327680
456 1 339968 344064
972 1 131072 196608
973 1 0 65536
973 1 393216 458752
803 1 196608 200704
554 1 184320 188416
553 1 462848 471040
554 1 221184 225280
554 1 299008 303104
554 1 290816 294912
554 1 307200 311296
555 1 40960 45056
554 1 471040 475136
555 1 106496 110592
554 1 385024 389120
555 1 212992 217088
555 1 49152 53248
555 1 425984 430080
555 1 221184 229376
555 1 471040 479232
558 1 53248 61440
557 1 274432 278528
555 1 434176 438272
83 1 266240 270336
122 1 311296 315392
106 1 36864 49152
918 1 348672 376832
860 1 454656 458752
852 1 237568 241664
648 2 393728 458752 458752 524288
649 7 0 65536 65536 131072 131072 196608 196608 262144 262144 327680 327680 393216 393216 393728
153 1 348160 352256
803 1 294912 303104
655 7 77824 131072 131072 196608 196608 262144 262144 327680 327680 393216 393216 458752 458752 471040
174 1 487424 491520
803 1 233472 241664
656 2 36864 65536 65536 123392
803 1 303104 307200
180 1 245760 253952
174 1 487424 491520
180 1 253952 258048
839 1 94208 102400
803 1 237568 241664
236 1 487424 503808
656 7 123392 131072 131072 196608 196608 262144 262144 327680 327680 393216 393216 458752 458752 524288
657 2 0 65536 65536 102400
237 1 65536 69632
551 1 90112 94208
657 1 364544 385536
387 1 143360 147456
834 1 81920 90112
834 1 36864 40960
372 1 0 4096
419 1 135168 196608
803 1 204800 208896
328 1 507904 508928
160 1 417792 421888
397 1 294912 303104
240 1 65536 131072
443 1 401408 401920
869 1 217088 225280
223 1 393216 397312
858 1 393216 397312
883 1 450560 454656
813 1 208896 217088
445 1 73728 77824
445 1 81920 86016
443 1 405504 409600
242 1 360448 364544
379 1 143360 147456
741 1 3584 7680
379 1 151552 155648
241 1 221184 229376
875 1 335872 339968
867 7 126976 131072 131072 196608 196608 262144 262144 327680 327680 393216 393216 458752 458752 524288
868 2 0 65536 65536 86016
813 1 274432 278528
45 1 491520 516096
190 1 135168 139264
592 2 385024 393216 393216 417792
39 1 196608 212992
501 1 225280 229376
715 1 483328 487424
345 1 57344 61440
208 1 483328 487424
349 1 311296 327680
345 1 57344 61440
181 1 475136 491520
208 1 417792 430080
86 1 151552 155648
93 1 385024 389120
91 1 299520 301568
564 1 204800 208896
566 1 180224 184320
650 1 217088 221184
166 1 57344 61440
803 1 204800 221184
91 1 301568 303616
959 1 126976 131072
574 1 360448 372736
414 1 352256 364544
803 1 221184 229376
487 1 348160 350208
487 1 352256 353280
702 1 503808 505344
136 1 98304 110592
803 1 270336 274432
803 1 290816 294912
134 7 77824 131072 131072 196608 196608 262144 262144 327680 327680 393216 393216 458752 458752 524288
135 1 0 65536
960 1 204800 208896
413 1 393216 397312
305 1 233472 237568
117 1 61440 65536
349 1 221184 225280
39 1 323584 327680
233 1 69632 77824
883 1 405504 413696
114 1 458752 520192
131 1 4096 8192
826 1 266240 270336
401 1 159744 163840
9 1 303104 307200
618 1 376832 380928
157 1 360448 376832
737 1 102400 110592
25 1 0 4096
61 1 471040 491520
61 1 491520 495616
737 1 106496 110592
61 1 495616 512000
151 1 180224 188416
852 1 73728 77824
842 1 479232 483328
652 1 126976 131072
61 1 512000 516096
941 1 258048 262144
941 1 249856 253952
813 1 270336 274432
674 1 253440 257536
3 1 192512 196608
674 1 253440 257536
5 1 380928 385024
659 1 303104 304640
4 1 131072 147456
551 1 139264 140800
138 1 225280 229376
853 1 155648 159744
316 1 262144 266240
224 1 413696 417792
138 1 253952 262144
363 1 491520 495616
558 1 360448 364544
558 1 114688 118784
559 1 53248 57344
558 1 475136 479232
557 1 487424 491520
559 1 409600 413696
560 1 86016 94208
558 1 430080 434176
559 1 184320 188416
560 1 458752 462848
560 1 450560 454656
852 1 49152 53248
560 1 294912 299008
561 1 319488 323584
905 1 327680 331776
567 1 372736 376832
626 1 86016 94208
626 1 364544 368640
654 1 176128 180224
680 1 507904 512000
605 1 8192 12288
906 1 53248 57344
848 1 372736 376832
848 1 409600 417792
813 1 274432 278528
116 1 208896 221184
803 1 311296 319488
20 3 348672 393216 393216 458752 458752 524288
21 6 0 65536 65536 131072 131072 196608 196608 262144 262144 327680 327680 348672
761 1 31744 32256
757 1 282624 286720
275 1 233472 258048
844 1 36864 40960
803 1 282624 286720
898 1 389120 393216
872 1 307200 319488
872 1 303104 307200
848 1 135168 147456
848 1 131072 135168
910 1 278528 282624
853 1 376832 393216
854 1 262144 266240
24 1 458752 462848
896 1 28672 32768
825 1 135168 147456
896 1 32768 65536
813 1 204800 212992
910 4 282624 327680 327680 393216 393216 458752 458752 524288
911 5 0 65536 65536 131072 131072 196608 196608 262144 262144 282624
911 4 282624 327680 327680 393216 393216 458752 458752 524288
67 1 303104 323584
825 1 131072 135168
920 8 32768 65536 65536 131072 131072 196608 196608 262144 262144 327680 327680 393216 393216 458752 458752 507904
848 1 131072 135168
372 1 28672 32768
943 1 40960 45056
883 1 393216 397312
374 1 36864 40960
813 1 290816 299008
613 1 274432 278528
813 1 229376 237568
813 1 299008 303104
613 1 274432 278528
51 1 65536 81920
965 1 466944 471040
88 1 196608 237568
39 1 282624 315392
14 1 192512 196608
115 1 45056 53248
115 1 53248 57344
312 1 90112 110592
931 1 32768 45056
145 1 225280 229376
813 1 311296 315392
2 1 520192 524288
102 1 57344 65536
897 2 315392 327680 327680 331776
32 1 307200 311296
34 1 258048 259072
102 1 65536 69632
897 1 331776 335872
171 1 327680 348160
153 1 352256 356352
921 2 446464 458752 458752 524288
922 7 0 65536 65536 131072 131072 196608 196608 262144 262144 327680 327680 393216 393216 418304
153 1 356352 368640
803 1 196608 200704
813 1 208896 212992
51 1 466944 475136
195 1 253952 258048
983 1 487424 507904
86 1 368640 376832
108 1 225280 229376
145 1 290816 294912
95 1 303104 327680
900 1 225280 233472
95 1 327680 339968
983 1 507904 520192
910 1 20480 28672
803 1 286720 299008
105 1 327680 389120
474 1 102400 118784
149 1 0 65536
798 1 425984 430080
207 1 339968 352256
777 1 409600 425984
841 1 73728 86016
474 1 143360 151552
476 1 86016 94208
479 1 290816 299008
477 2 126976 131072 131072 135168
478 1 274432 282624
979 1 36864 61440
6 1 16384 28672
947 1 73728 77824
397 1 286720 294912
430 1 110592 114688
600 1 229376 233472
624 1 368640 376832
618 1 380928 385024
660 1 65536 73728
612 1 4096 12288
166 2 61440 65536 65536 94208
574 1 372736 376832
637 1 344064 348160
562 1 327680 328704
637 1 401408 409600
912 1 53248 56832
803 1 274432 278528
527 1 520192 524288
528 1 0 16384
316 1 266240 270336
978 2 61440 65536 65536 73728
25 1 28672 32768
464 2 61952 65536 65536 69632
464 7 73728 131072 131072 196608 196608 262144 262144 327680 327680 393216 393216 458752 458752 500224
109 1 430080 432128
61 2 458240 458752 458752 491520
62 1 163840 180224
321 1 286720 290816
76 1 237568 245760
85 4 299008 327680 327680 393216 393216 458752 458752 524288
86 4 0 65536 65536 131072 131072 196608 196608 262144
76 1 245760 249856
695 1 483328 524288
696 2 0 65536 65536 118784
236 1 245760 253952
236 1 253952 258048
433 2 430080 458752 458752 462848
249 3 315904 327680 327680 393216 393216 425984
249 2 454656 458752 458752 524288
250 6 0 65536 65536 131072 131072 196608 196608 262144 262144 327680 327680 344576
285 1 114688 118784
250 3 344576 393216 393216 458752 458752 524288
251 6 0 65536 65536 131072 131072 196608 196608 262144 262144 327680 327680 344576
345 2 57344 65536 65536 69632
736 1 110592 114688
48 1 483328 495616
747 1 516096 518144
345 1 61440 65536
345 1 61440 65536
675 1 77824 80384
223 1 393216 397312
2 1 245760 249856
877 1 299008 303104
765 1 188416 192512
769 1 454656 458752
975 1 401408 405504
910 1 139264 147456
582 1 344064 348160
787 1 184320 188416
786 1 499712 503808
794 1 417792 421888
789 1 0 4096
794 2 61440 65536 65536 90112
765 1 516096 520192
223 1 389120 393216
290 1 393216 397824
155 1 241664 249856
155 1 249856 253952
307 1 417792 434176
264 1 458752 462848
307 1 434176 454656
265 1 0 4096
995 1 143360 147456
883 1 69632 73728
883 1 61440 65536
368 1 376832 377856
267 1 434176 436736
311 1 262144 282624
694 2 454656 458752 458752 471040
592 1 417792 421888
313 1 0 45056
0 1 421888 438272
397 1 372736 376832
468 1 147456 151552
376 1 520192 524288
649 2 393728 458752 458752 524288
650 7 0 65536 65536 131072 131072 196608 196608 262144 262144 327680 327680 393216 393216 393728
153 1 368640 376832
831 1 327680 356352
803 1 225280 229376
803 1 204800 212992
15 1 65536 94208
88 1 237568 241664
135 7 65536 131072 131072 196608 196608 262144 262144 327680 327680 393216 393216 458752 458752 524288
848 1 135168 147456
882 1 4096 8192
869 1 4096 32768
446 1 16384 20480
943 1 311296 319488
838 1 360448 364544
865 1 491520 524288
866 1 0 20480
933 3 385024 393216 393216 458752 458752 524288
934 6 0 65536 65536 131072 131072 196608 196608 262144 262144 327680 327680 356352
943 1 335872 344064
213 2 344064 393216 393216 409600
293 1 106496 122880
717 1 12288 16384
571 1 139264 147456
531 1 401408 405504
848 1 131072 135168
971 1 421888 425984
883 1 516096 520192
724 1 118784 122880
724 1 90112 94208
724 1 53248 61440
223 1 397312 401408
741 1 3584 7680
443 1 401408 401920
223 1 393216 397312
883 1 450560 454656
883 1 409600 413696
813 1 208896 212992
813 1 208896 212992
906 1 53248 57344
139 1 270336 278528
464 1 500224 524288
465 7 0 65536 65536 131072 131072 196608 196608 262144 262144 327680 327680 393216 393216 434688
537 1 491520 495616
24 1 487424 491520
321 1 270336 286720
879 1 507904 512000
537 1 479232 491520
927 1 237568 241664
226 1 12288 32768
354 1 339968 344064
346 1 45056 49152
351 1 344064 348160
114 1 77824 81920
348 1 483328 487424
324 1 106496 110592
745 1 520192 524288
392 1 81920 86016
208 1 167936 176128
286 1 24576 36864
528 1 16384 20480
208 1 180224 184320
804 1 135168 139264
871 1 73728 77824
173 1 204800 205824
813 1 233472 237568
567 1 307200 311296
997 1 204800 208896
988 1 237568 241664
993 1 77824 81920
2 1 397312 413696
803 1 270336 274432
260 1 36864 40960
110 1 507904 516096
260 1 0 4096
110 1 516096 520192
96 1 237568 245760
96 1 245760 249856
229 1 147456 159744
102 1 311296 319488
297 1 172032 173056
813 1 270336 282624
102 1 319488 323584
898 1 4096 7680
339 1 356352 357376
855 1 294912 299008
102 2 323584 327680 327680 331776
102 1 331776 335872
749 1 438272 442368
436 1 262144 266240
275 1 196608 200704
0 1 401408 405504
357 1 491520 495616
904 1 98304 102400
292 1 0 4096
813 1 208896 212992
848 1 352256 368640
974 1 262144 327680
975 1 131072 196608
3 1 479232 487424
976 1 0 65536
3 1 487424 491520
976 1 393216 458752
977 1 262144 300032
838 1 512000 516096
540 1 294912 303104
77 1 184320 192512
166 1 94208 98304
16 1 466944 475136
96 1 425984 442368
51 1 475136 479232
803 1 270336 274432
151 1 335872 360448
659 1 122880 131072
356 2 454656 458752 458752 512000
848 1 307200 323584
782 1 77824 81920
803 1 249856 253952
272 1 109056 111104
910 1 147456 151552
883 1 475136 483328
858 1 397312 401408
39 1 323584 327680
119 1 143360 151552
221 1 262144 274432
119 1 151552 155648
357 2 24576 65536 65536 77824
649 1 458752 471040
483 1 290816 299008
61 1 53248 57344
61 3 118784 131072 131072 196608 196608 208896
813 1 274432 278528
11 1 94208 98304
870 1 118784 122880
223 1 397312 401408
435 1 249856 253952
940 1 36864 40960
803 1 442368 446464
745 1 266240 270336
805 1 442368 446464
223 1 389120 393216
100 8 12288 65536 65536 131072 131072 196608 196608 262144 262144 327680 327680 393216 393216 458752 458752 524288
694 1 520192 524288
695 1 0 12288
45 1 491520 495616
711 1 344064 376832
391 1 208896 212992
9 1 299008 299520
391 1 204800 208896
559 1 77824 110592
848 1 438272 454656
4 1 65536 77824
234 1 290816 294912
234 1 294912 299008
529 1 192512 196608
529 1 327680 339968
899 1 385024 389120
803 1 303104 307200
321 1 458752 520192
172 1 430080 434176
657 3 385536 393216 393216 458752 458752 524288
658 5 0 65536 65536 131072 131072 196608 196608 262144 262144 320000
803 1 237568 249856
453 5 197120 262144 262144 327680 327680 393216 393216 458752 458752 524288
454 4 0 65536 65536 131072 131072 196608 196608 197120
172 1 360448 364544
175 1 196608 200704
883 1 458752 479232
803 1 311296 315392
9 1 163328 179712
658 2 385536 393216 393216 430080
803 1 245760 249856
312 2 389120 393216 393216 430080
312 1 438272 442368
76 1 237568 253952
263 1 94208 94720
263 1 94720 110592
560 1 126976 128000
560 2 128000 131072 131072 132096
560 1 132096 136192
560 1 136192 140288
361 1 290304 310784
83 1 270336 274432
382 1 229376 233472
112 1 262144 266240
6 1 487424 491520
191 1 438272 442368
698 1 69632 122880
962 1 245760 262144
883 1 458752 466944
709 1 40960 65536
450 1 446464 450048
875 1 335872 339968
345 2 61440 65536 65536 69632
18 1 303104 307200
657 1 327680 331776
715 1 94208 114688
345 1 65536 69632
264 1 516096 520192
181 1 491520 512000
345 1 65536 69632
349 1 327680 348160
706 1 86016 90112
332 1 73728 77824
380 1 118784 122880
696 1 118784 126976
803 1 421888 425984
157 2 376832 393216 393216 397312
24 1 458752 462848
151 1 188416 192512
538 2 176128 196608 196608 200704
737 1 106496 110592
538 1 200704 204800
61 1 516096 524288
57 1 462848 466944
294 1 65536 69632
57 1 499712 503808
921 1 380928 385024
390 1 102400 106496
161 1 475136 479232
567 1 520192 524288
813 1 299008 303104
803 1 217088 221184
852 1 212480 237568
0 1 421888 442368
139 1 278528 282624
216 1 352256 356352
21 3 348672 393216 393216 458752 458752 524288
22 6 0 65536 65536 131072 131072 196608 196608 262144 262144 327680 327680 348672
77 1 192512 196608
574 1 344064 356352
761 1 31744 34304
844 1 94208 98304
707 1 204800 212992
275 1 233472 237568
803 1 217088 221184
454 1 471040 475136
166 1 98304 106496
574 1 356352 360448
924 1 442368 446464
47 1 122880 126976
803 1 290816 294912
288 1 466944 471040
813 1 270336 274432
118 1 192512 196608
947 2 307200 327680 327680 380928
312 1 495616 499712
883 1 393216 397312
99 1 446464 450560
947 1 380928 385024
813 1 204800 208896
337 1 82944 83456
921 1 122880 131072
921 1 73728 98304
100 1 208896 212480
883 1 516096 524288
139 1 233472 241664
970 1 454656 455168
139 1 241664 245760
111 1 462848 471040
539 1 208384 208896
803 1 315392 319488
272 1 110592 111104
975 1 397312 401408
966 1 327680 331776
782 1 77824 81920
883 1 413696 421888
337 1 339968 344064
592 1 421888 430080
315 8 45056 65536 65536 131072 131072 196608 196608 262144 262144 327680 327680 393216 393216 458752 458752 491520
490 1 0 16384
7 1 262144 282624
813 1 274432 286720
161 1 24576 28672
813 1 204800 208896
5 1 61440 65536
6 1 196608 212992
5 1 192512 196608
6 1 65536 73728
329 1 274432 275968
919 1 450560 458752
813 1 270336 290816
593 1 454656 458752
213 1 339968 385024
91 1 303616 310784
149 1 196608 217088
43 1 360448 364544
91 1 310784 319488
628 1 331776 335872
4 1 397312 413696
321 1 266240 270336
232 1 471040 524288
233 2 0 65536 65536 114688
62 1 177152 178176
25 1 28672 36864
233 1 114688 118784
34 1 278528 282624
932 1 331776 335872
321 1 286720 290816
465 1 500224 524288
466 8 0 65536 65536 131072 131072 196608 196608 262144 262144 327680 327680 393216 393216 458752 458752 500224
932 1 319488 323584
321 1 290816 303104
62 1 177664 178688
295 1 454656 458752
618 1 172032 176128
522 1 118784 122880
385 1 155648 159744
842 1 192512 196608
843 1 131072 147456
803 1 204800 212992
803 1 270336 274432
998 1 450560 458752
999 1 0 12288
562 1 364544 368640
803 1 204800 221184
562 1 364544 376832
562 1 372736 376832
562 1 372736 376832
843 1 147456 159744
373 1 262144 270336
562 1 372736 385024
562 1 380928 385024
464 1 335872 339968
912 1 409600 413696
235 2 49152 65536 65536 69632
858 1 393216 397312
405 1 208896 225280
745 1 266240 270336
394 1 249856 253952
248 1 102400 106496
998 1 323584 325120
365 1 487424 503808
224 1 483328 491520
95 1 339968 360448
495 1 73728 77824
813 1 204800 212992
900 1 172032 176128
803 1 229376 233472
848 1 221184 237568
803 1 294912 299008
813 1 274432 282624
495 1 73728 77824
803 1 229376 233472
803 1 294912 299008
168 1 413696 434176
495 1 73728 77824
803 1 229376 233472
224 1 417792 430080
813 1 208896 212992
563 1 356352 360448
943 1 479232 483328
96 1 286720 327680
514 1 131072 155648
895 1 450560 454656
151 1 360448 364544
397 2 376832 393216 393216 409600
698 1 122880 126976
962 1 262144 274432
288 1 393216 397312
625 1 372736 376832
922 2 418304 458752 458752 524288
923 7 0 65536 65536 131072 131072 196608 196608 262144 262144 327680 327680 393216 393216 418304
153 2 376832 393216 393216 405504
254 1 217088 218112
650 2 393728 458752 458752 524288
651 7 0 65536 65536 131072 131072 196608 196608 262144 262144 327680 327680 393216 393216 393728
153 1 405504 417792
312 1 385024 389120
486 1 458752 524288
397 1 409600 413696
824 2 323584 327680 327680 339968
824 1 413696 430080
637 1 290816 294912
136 7 110592 131072 131072 196608 196608 262144 262144 327680 327680 393216 393216 458752 458752 524288
137 2 0 65536 65536 110592
137 2 110592 131072 131072 147456
803 1 225280 237568
129 1 226304 226816
145 1 372736 376832
813 1 204800 221184
111 1 471040 475136
883 1 475136 479232
145 1 389120 393216
883 1 454656 458752
106 1 425984 428544
188 1 16384 20480
106 1 122880 125952
652 1 151552 155648
877 1 278528 282624
766 1 114688 118784
577 1 319488 323584
741 1 3584 7680
945 1 253952 258048
265 1 4096 12288
869 1 225280 237568
403 1 446464 450560
4 1 77824 81920
351 1 237568 249856
3 1 126976 131072
4 1 262144 274432
351 1 249856 253952
893 1 491520 495616
286 1 53248 59392
276 1 126976 131072
23 1 319488 327680
90 1 331776 332288
631 1 327680 331776
32 1 331776 335872
32 1 405504 413696
449 1 393216 397312
454 1 53248 57344
163 1 303104 307200
78 1 516096 524288
79 3 0 65536 65536 131072 131072 184320
79 5 245760 262144 262144 327680 327680 393216 393216 458752 458752 479744
79 1 479744 524288
80 7 0 65536 65536 131072 131072 196608 196608 262144 262144 327680 327680 393216 393216 414208
80 1 479744 524288
81 8 0 65536 65536 131072 131072 196608 196608 262144 262144 327680 327680 393216 393216 458752 458752 479744
81 1 479744 524288
82 8 0 65536 65536 131072 131072 196608 196608 262144 262144 327680 327680 393216 393216 458752 458752 479744
83 2 430080 458752 458752 483840
82 1 479744 524288
83 7 0 65536 65536 131072 131072 196608 196608 262144 262144 327680 327680 393216 393216 425984
83 1 483840 524288
84 8 0 65536 65536 131072 131072 196608 196608 262144 262144 327680 327680 393216 393216 458752 458752 483840
858 1 393216 397312
91 1 335872 339968
272 1 110592 112128
925 1 483328 516096
400 1 86016 90112
64 1 483328 487424
574 1 438272 450560
761 1 33792 34304
91 1 319488 322560
166 1 106496 110592
22 3 348672 393216 393216 458752 458752 524288
23 5 0 65536 65536 131072 131072 196608 196608 262144 262144 283136
803 1 282624 286720
548 1 323584 327680
574 1 450560 454656
610 1 167936 172032
636 1 364544 368640
984 1 360448 364544
872 3 303104 327680 327680 393216 393216 401408
353 1 327680 335872
28 1 28672 36864
431 1 57344 61440
143 1 393216 401408
125 1 65536 131072
870 2 327680 393216 393216 458752
741 1 360448 364544
736 1 475136 479232
124 7 65536 131072 131072 196608 196608 262144 262144 327680 327680 393216 393216 458752 458752 524288
125 1 0 65536
883 1 397312 401408
661 1 466944 524288
662 5 0 65536 65536 131072 131072 196608 196608 262144 262144 315392
43 1 315392 323584
592 1 430080 434176
101 1 454656 458752
670 2 385024 393216 393216 450560
824 1 155648 159744
848 1 135168 147456
138 1 102400 106496
138 1 106496 131072
213 1 409600 413696
917 1 479232 483328
138 1 131072 135168
917 1 483328 495616
138 1 135168 143360
934 1 352256 356352
138 1 143360 147456
934 3 356352 393216 393216 458752 458752 524288
935 5 0 65536 65536 131072 131072 196608 196608 262144 262144 319488
867 8 24576 65536 65536 131072 131072 196608 196608 262144 262144 327680 327680 393216 393216 458752 458752 471040
867 1 20480 24576
882 1 8192 24576
883 1 458752 462848
919 1 491520 495616
118 1 462848 471040
883 1 393216 397312
118 1 192512 196608
883 1 458752 475136
208 1 491520 499712
345 1 65536 69632
468 1 106496 126976
85 1 299008 307200
345 1 65536 77824
813 1 270336 274432
85 1 307200 311296
345 1 69632 73728
813 1 200704 204800
345 1 69632 73728
138 1 446464 454656
138 1 454656 458752
264 1 446464 450560
769 1 425984 430080
769 2 434176 458752 458752 495616
769 1 131072 135168
771 2 221184 262144 262144 282624
771 1 208896 212992
796 1 65536 69632
143 1 327680 331776
813 1 270336 274432
813 1 233472 245760
813 1 200704 204800
613 1 282624 286720
813 1 307200 311296
966 1 331776 335872
782 1 77824 81920
473 1 512000 516096
115 1 421888 430080
883 1 483328 487424
923 1 344064 348160
521 1 61440 65536
61 1 208896 212992
784 1 237568 241664
807 1 172032 188416
630 1 204800 208896
210 1 122880 131072
13 1 12288 16384
766 1 364544 367616
82 1 86016 90112
149 1 65536 69632
966 1 225280 229376
966 1 253952 258048
149 1 126976 131072
91 1 322560 324096
966 1 282624 286720
813 1 204800 208896
226 1 151552 155648
91 1 324096 326144
166 1 110592 118784
935 1 360448 364544
179 1 229376 237568
179 1 237568 241664
848 1 323584 327680
850 1 327680 344064
356 1 512000 516096
813 1 270336 274432
123 1 475136 479232
512 1 491520 495616
269 1 331776 335872
827 1 479232 487424
827 1 450560 454656
190 1 139264 176128
487 1 53248 57344
813 1 217088 233472
789 1 233472 262144
314 1 229376 237568
923 2 418304 458752 458752 524288
924 7 0 65536 65536 131072 131072 196608 196608 262144 262144 327680 327680 393216 393216 418304
153 1 417792 425984
824 1 86016 90112
358 1 385024 389120
358 1 319488 327680
102 1 425984 430080
153 1 425984 430080
300 1 401408 413696
739 1 339968 344064
288 1 479232 483328
77 1 61440 65536
699 1 172032 176128
643 1 36864 40960
805 1 442368 446464
813 1 270336 274432
209 1 310784 314880
19 1 462848 466944
209 1 310784 314880
674 1 253440 257536
674 1 253440 257536
264 1 40960 45056
209 1 310784 314880
209 1 310784 314880
32 1 421888 430080
813 1 204800 212992
813 1 270336 278528
372 1 249856 253952
364 1 204800 208896
705 2 438272 458752 458752 524288
706 7 0 65536 65536 131072 131072 196608 196608 262144 262144 327680 327680 393216 393216 438272
704 2 438272 458752 458752 524288
705 7 0 65536 65536 131072 131072 196608 196608 262144 262144 327680 327680 393216 393216 438272
15 1 438272 440320
206 1 241664 245760
206 1 282624 294912
706 2 438272 458752 458752 524288
707 3 0 65536 65536 131072 131072 196608
552 2 262144 327680 327680 393216
707 1 196608 262144
335 1 200192 224768
95 1 458752 524288
140 1 323584 327680
766 1 65536 131072
992 2 28672 65536 65536 90112
143 1 86016 90112
984 1 360448 364544
114 1 442368 450560
720 1 483328 487424
242 1 20480 24576
137 6 151552 196608 196608 262144 262144 327680 327680 393216 393216 458752 458752 524288
138 2 0 65536 65536 114688
803 1 299008 303104
548 1 8192 12288
814 1 307200 310272
754 1 8192 12288
16 1 53248 55296
770 1 323584 327680
149 1 442368 446464
810 1 45056 49152
825 1 417792 425984
439 1 258048 262144
837 1 253952 258048
886 1 4096 8192
869 1 282624 286720
771 1 348160 352256
737 1 106496 110592
294 1 69632 86016
294 1 86016 90112
737 1 106496 110592
294 1 90112 98304
794 1 273920 282112
294 1 98304 102400
675 1 418304 419840
68 1 491520 495616
560 1 140288 144384
801 1 491008 495104
76 2 253952 262144 262144 274432
560 1 144384 148480
272 1 421888 438272
260 1 106496 110592
218 1 315392 323584
560 1 458752 459264
218 1 323584 327680
260 1 102400 106496
900 1 229376 233472
900 1 241664 245760
848 1 278528 290816
848 1 237568 245760
898 1 389120 393216
890 1 385024 389120
832 1 159744 163840
900 1 176128 180224
803 1 294912 303104
900 1 241664 249856
116 1 262144 266240
898 1 389120 393216
168 1 434176 446464
803 1 233472 237568
890 1 385024 389120
116 1 266240 270336
900 1 180224 184320
116 1 270336 274432
972 2 258048 262144 262144 307200
638 1 167936 168448
266 1 53248 57856
813 1 241664 245760
912 1 413696 417792
848 1 221184 237568
59 1 16384 20480
203 1 40960 46080
709 1 40960 45056
436 1 335872 339968
175 1 196608 200704
658 1 495616 524288
659 7 0 65536 65536 131072 131072 196608 196608 262144 262144 327680 327680 393216 393216 451072
803 1 311296 315392
237 1 69632 81920
454 5 197120 262144 262144 327680 327680 393216 393216 458752 458752 524288
455 4 0 65536 65536 131072 131072 196608 196608 197120
845 1 491520 495616
659 1 451072 458752
491 7 77824 131072 131072 196608 196608 262144 262144 327680 327680 393216 393216 458752 458752 524288
492 2 0 65536 65536 77824
659 1 507904 524288
660 1 0 20480
551 1 90112 94208
387 1 143360 147456
492 7 77824 131072 131072 196608 196608 262144 262144 327680 327680 393216 393216 458752 458752 524288
493 2 0 65536 65536 77824
803 1 245760 253952
493 7 77824 131072 131072 196608 196608 262144 262144 327680 327680 393216 393216 458752 458752 524288
494 2 0 65536 65536 77824
494 7 77824 131072 131072 196608 196608 262144 262144 327680 327680 393216 393216 458752 458752 524288
495 2 0 65536 65536 77824
663 3 352256 393216 393216 458752 458752 524288
664 5 0 65536 65536 131072 131072 196608 196608 262144 262144 307712
495 7 77824 131072 131072 196608 196608 262144 262144 327680 327680 393216 393216 458752 458752 524288
496 2 0 65536 65536 77824
455 3 364544 393216 393216 458752 458752 524288
456 3 0 65536 65536 131072 131072 135680
455 3 197120 262144 262144 327680 327680 360448
875 1 139264 143360
858 1 397312 401408
307 1 294912 315392
883 1 409600 413696
264 1 466944 475136
883 1 520192 524288
108 1 73728 94208
725 1 475136 479232
680 3 61440 65536 65536 131072 131072 135168
592 1 434176 442368
788 7 122880 131072 131072 196608 196608 262144 262144 327680 327680 393216 393216 458752 458752 495616
193 1 102400 106496
725 1 491520 495616
725 1 458752 471040
725 1 499712 507904
153 1 131072 135168
208 1 380928 385024
906 1 53248 57344
813 1 274432 278528
813 1 212992 217088
906 1 53248 57344
813 1 278528 282624
284 1 299008 303104
966 1 335872 339968
507 1 139264 147456
521 1 86016 106496
284 1 360448 372736
183 1 442368 446464
307 1 299008 303104
230 1 356352 360448
143 1 376832 380928
315 1 503808 507904
59 1 106496 110592
197 2 405504 458752 458752 466944
325 1 86016 90112
398 1 143360 147456
339 1 208896 212992
357 1 159744 163840
524 1 159744 160256
894 1 167936 172032
894 1 196608 200704
894 1 430080 434176
646 1 282624 286720
156 1 409600 413696
19 1 32768 36864
893 1 446464 450560
803 1 233472 237568
247 1 262144 266240
397 1 413696 421888
943 1 36864 40960
753 2 32768 65536 65536 131072
78 1 323584 327680
813 1 212992 217088
586 1 335872 340480
28 1 36864 40960
143 1 401408 458752
670 2 143360 196608 196608 208896
791 2 196608 262144 262144 274432
44 2 446464 458752 458752 471040
60 1 57344 65536
872 1 401408 405504
672 1 131072 196608
44 1 471040 475136
670 1 208896 212992
60 1 65536 69632
895 1 450560 454656
872 1 405504 417792
630 1 397312 401408
169 1 299008 303104
789 1 196608 225280
788 1 499712 524288
789 2 0 65536 65536 114688
153 1 114688 126976
153 1 159744 163840
169 2 323584 327680 327680 331776
153 1 143360 155648
153 1 192512 196608
169 1 311296 319488
153 1 176128 184320
169 1 307200 311296
153 1 167936 172032
184 1 266240 274432
184 1 299008 307200
153 1 200704 204800
184 1 155648 163840
432 1 294912 296960
103 1 364544 389120
651 2 393728 458752 458752 524288
652 7 0 65536 65536 131072 131072 196608 196608 262144 262144 327680 327680 393216 393216 393728
153 1 430080 434176
26 1 212992 221184
815 1 69632 77824
922 1 348160 352256
23 1 327680 331776
529 1 339968 352256
447 1 335872 339968
745 1 266240 274432
288 1 413696 421888
745 1 270336 274432
288 1 483328 487424
574 2 454656 458752 458752 466944
761 1 33792 34816
999 1 12288 28672
390 1 180224 184320
803 1 217088 221184
442 1 479232 483328
574 1 466944 471040
166 1 118784 122880
91 2 326144 327680 327680 328192
133 1 147456 155648
23 4 299520 327680 327680 393216 393216 458752 458752 524288
24 5 0 65536 65536 131072 131072 196608 196608 262144 262144 299520
689 1 299008 311296
233 2 118784 131072 131072 135168
60 1 307200 311296
24 1 491520 495616
233 1 135168 139264
40 1 65536 69632
233 1 139264 159744
466 1 500224 524288
467 8 0 65536 65536 131072 131072 196608 196608 262144 262144 327680 327680 393216 393216 458752 458752 500224
45 1 466944 471040
175 1 36864 42496
233 1 159744 163840
321 1 303104 311296
233 1 163840 180224
102 1 155648 163840
467 1 500224 524288
468 8 0 65536 65536 131072 131072 196608 196608 262144 262144 327680 327680 393216 393216 458752 458752 500224
102 1 163840 167936
233 1 180224 184320
321 1 303104 307200
649 1 40960 45056
517 1 262144 270336
649 1 49152 53248
334 1 368640 370688
621 1 139264 143360
803 1 204800 208896
397 1 421888 425984
436 1 339968 348160
883 1 462848 466944
251 3 344576 393216 393216 458752 458752 524288
252 6 0 65536 65536 131072 131072 196608 196608 262144 262144 327680 327680 344576
252 3 344576 393216 393216 458752 458752 524288
253 6 0 65536 65536 131072 131072 196608 196608 262144 262144 327680 327680 344576
565 1 217088 233472
857 1 233472 237568
135 1 356352 364544
857 1 229376 233472
253 3 344576 393216 393216 458752 458752 524288
254 6 0 65536 65536 131072 131072 196608 196608 262144 262144 327680 327680 344576
518 1 405504 409600
181 1 352256 356352
128 1 516096 520192
498 1 491520 495616
464 1 81920 90112
492 1 208896 212992
198 1 307200 311296
464 1 94208 98304
232 1 458752 462848
524 1 155648 159744
442 1 413696 416768
566 1 16384 20480
333 1 516096 519680
462 1 114688 122880
353 1 65536 69632
867 1 81920 86016
586 1 450560 452608
767 2 241664 262144 262144 274432
462 1 122880 126976
8 1 12288 16384
139 1 339968 341504
245 1 344064 364544
112 1 417792 425984
932 1 135168 139264
109 1 0 65536
163 1 159744 163840
814 1 24576 32768
206 1 233472 237568
240 1 475136 479232
813 1 208896 225280
438 1 118784 126976
345 1 102400 110592
855 1 294912 303104
813 1 274432 286720
102 1 335872 344064
102 1 344064 348160
855 1 299008 303104
102 1 348160 356352
102 1 356352 360448
754 1 16384 24576
117 1 458752 520192
855 1 299008 303104
102 1 360448 368640
125 2 450560 458752 458752 520192
102 1 368640 372736
133 2 450560 458752 458752 520192
368 1 323584 324608
96 1 499712 507904
855 1 299008 303104
771 1 356352 360448
559 1 434176 438272
793 1 8192 12288
521 1 28672 32768
248 1 196608 200704
438 1 495616 499712
503 1 499712 516096
628 1 487424 491520
584 1 290816 299008
870 1 106496 109056
771 1 368640 372736
629 1 8192 12288
793 1 24576 28672
438 1 520192 524288
803 1 241664 258048
270 1 184320 188416
167 1 372736 376832
439 1 188416 192512
785 1 57344 61440
803 1 270336 274432
49 1 327680 344064
817 1 225280 229376
138 7 114688 131072 131072 196608 196608 262144 262144 327680 327680 393216 393216 458752 458752 524288
139 2 0 65536 65536 114688
965 1 315392 323584
54 1 237568 241664
260 1 204800 212992
60 1 49152 53248
657 1 159744 163840
269 1 126976 131072
21 2 258048 262144 262144 266240
523 1 303104 323584
782 1 77824 81920
847 1 86016 90112
115 1 430080 434176
20 1 290816 294912
21 1 266240 270336
883 1 417792 421888
904 1 372736 389120
184 1 278528 286720
185 1 49152 53248
184 1 143360 151552
153 1 212992 221184
184 1 315392 319488
595 1 175616 179712
184 1 176128 184320
153 1 270336 278528
184 1 192512 196608
153 1 233472 258048
184 1 446464 458752
184 1 466944 475136
184 1 483328 487424
184 1 491520 495616
169 1 331776 339968
345 1 69632 73728
269 1 348160 364544
345 1 69632 73728
294 3 303104 327680 327680 393216 393216 442368
6 1 368640 393216
294 1 507904 524288
295 1 0 4096
128 1 417792 421888
71 2 126976 131072 131072 159744
785 1 495616 512000
345 1 69632 77824
625 1 12288 16384
272 1 438272 458752
561 1 8192 12288
560 1 520192 524288
318 1 143360 147456
318 1 77824 81920
332 1 425984 446464
288 1 405504 409600
68 1 425984 430080
415 1 32768 36864
260 1 106496 110592
111 1 335872 339968
906 1 53248 57344
912 1 184320 188416
653 1 315392 319488
613 1 282624 286720
858 1 397312 401408
57 1 36864 57344
1 1 155648 163840
813 1 212992 221184
813 1 307200 311296
813 1 204800 208896
567 1 307200 311296
85 1 139264 143360
567 1 520192 524288
813 1 241664 245760
999 1 446464 458752
0 1 393216 397312
803 1 204800 208896
739 1 286720 290816
694 1 65536 110592
217 1 217088 249856
566 1 454656 458752
217 2 258048 262144 262144 294912
564 1 458752 462848
219 1 413696 434176
565 1 487424 491520
566 1 303104 307200
892 2 49152 65536 65536 131072
92 1 262144 327680
999 1 12288 24576
562 1 380928 385024
373 1 200704 204800
803 1 282624 290816
373 1 266240 270336
464 1 335872 339968
246 1 475136 483328
373 1 200704 204800
246 1 483328 487424
333 1 249856 253952
261 1 323584 327680
373 1 266240 270336
373 1 200704 212992
606 1 147456 151552
388 1 339968 344064
373 1 274432 278528
52 1 49152 57344
891 2 65536 131072 131072 196608
891 1 327680 393216
137 4 262144 327680 327680 393216 393216 458752 458752 524288
138 4 0 65536 65536 131072 131072 196608 196608 262144
52 1 57344 61440
891 1 458752 524288
125 2 393216 458752 458752 524288
126 2 0 65536 65536 131072
892 1 65536 131072
834 1 36864 40960
315 1 8192 9216
244 1 81920 86016
105 1 217088 221184
102 1 368640 372736
135 1 364544 368640
616 1 303104 307200
274 1 200704 204800
518 1 204800 208896
518 1 200704 204800
934 1 233472 237568
622 1 217088 221184
491 1 462848 475136
437 1 221184 225280
151 1 118784 126976
102 1 335872 344064
615 1 319488 323584
254 3 344576 393216 393216 458752 458752 524288
255 6 0 65536 65536 131072 131072 196608 196608 262144 262144 327680 327680 344576
369 1 65536 69632
171 1 262144 278528
528 1 352256 360448
906 1 0 4096
951 1 430080 434176
951 1 438272 442368
951 1 446464 450560
951 1 454656 458752
951 1 475136 487424
869 1 143360 147456
822 1 196608 204800
822 1 208896 212992
373 1 323584 327680
111 1 57344 61440
111 1 65536 86016
111 1 94208 98304
380 1 0 512
210 1 131072 135168
669 1 221184 224768
89 1 303104 319488
379 1 204800 221184
241 1 94208 98304
767 1 0 12288
193 1 225280 229376
519 1 323584 327680
516 1 114688 118784
204 1 487424 491520
522 1 4096 8192
519 1 319488 323584
118 1 192512 196608
883 1 405504 425984
813 1 204800 212992
813 1 274432 282624
937 1 16384 20480
126 1 40960 49152
813 1 212992 217088
126 1 49152 53248
813 1 278528 286720
937 1 16384 20480
813 1 217088 221184
522 1 118784 122880
153 1 282624 286720
169 1 401408 405504
169 1 446464 454656
169 2 364544 393216 393216 397312
169 1 434176 438272
169 1 344064 360448
169 1 413696 425984
813 1 294912 299008
39 1 212992 233472
31 1 139264 142336
5 1 172032 188416
872 1 417792 421888
992 1 90112 94208
753 2 352256 393216 393216 430080
803 1 204800 212992
898 1 389120 393216
900 1 245760 249856
803 1 299008 303104
116 1 274432 278528
890 1 385024 389120
116 1 278528 282624
900 1 180224 184320
116 1 282624 286720
900 1 245760 249856
116 1 286720 290816
890 1 385024 389120
900 1 180224 184320
689 1 241664 245760
436 1 348160 352256
689 1 180224 184320
962 1 274432 290816
834 1 81920 90112
803 1 204800 217088
803 1 196608 200704
33 1 8192 16384
397 1 491520 495616
397 1 425984 430080
400 1 81920 86016
348 1 204800 208896
209 1 32768 36864
82 1 139264 142848
341 1 0 61440
212 1 73728 77824
813 1 278528 282624
705 1 475136 479232
447 1 335872 339968
288 1 417792 421888
365 1 503808 524288
745 1 270336 278528
224 1 421888 434176
288 1 483328 487424
793 1 32768 40960
211 1 495616 524288
510 1 507904 524288
511 1 0 14848
636 1 45056 49152
793 1 49152 57344
175 1 393216 395264
859 1 98304 102400
793 1 65536 69632
448 1 516096 524288
8 1 101888 105984
0 1 32256 36352
8 1 167424 171520
72 1 167424 171520
793 1 73728 77824
524 1 4096 8192
0 1 36352 40448
986 1 401408 405504
624 2 397312 458752 458752 475136
309 1 364544 368640
847 1 143360 147456
803 1 249856 262144
64 1 409600 413696
782 1 77824 86016
883 1 483328 487424
737 1 106496 114688
294 1 102400 110592
495 1 12288 20480
294 1 110592 114688
495 1 20480 24576
737 1 110592 114688
574 1 471040 483328
64 1 249856 258048
133 1 155648 159744
761 1 34304 36352
507 1 98304 102400
803 1 282624 286720
622 1 0 4096
64 1 258048 262144
574 1 483328 487424
24 1 299520 327680
736 1 215040 216576
683 1 335872 339968
76 1 12288 20480
242 1 20480 24576
277 1 94208 98304
803 1 299008 303104
39 1 200704 249856
285 1 32768 36864
285 1 36864 53248
211 1 176128 184320
285 1 53248 57344
245 2 319488 327680 327680 339968
245 1 339968 352256
265 1 393216 458752
70 2 358400 393216 393216 423936
58 1 438272 442368
290 1 319488 327680
987 1 122880 125440
941 1 368640 385024
883 1 454656 458752
883 1 475136 479232
307 1 315392 327680
337 1 83456 83968
883 1 520192 524288
883 1 409600 417792
103 1 389120 393216
924 2 418304 458752 458752 524288
925 7 0 65536 65536 131072 131072 196608 196608 262144 262144 327680 327680 393216 393216 418304
153 1 434176 442368
443 3 373248 393216 393216 458752 458752 524288
444 6 0 65536 65536 131072 131072 196608 196608 262144 262144 327680 327680 373248
1 1 442368 454656
60 1 520192 524288
893 1 0 65536
151 1 458752 524288
152 2 0 65536 65536 131072
213 1 327680 348160
895 1 12288 16384
553 1 376832 380928
561 1 385024 393216
896 1 446464 450560
496 7 77824 131072 131072 196608 196608 262144 262144 327680 327680 393216 393216 458752 458752 524288
497 2 0 65536 65536 77824
499 2 77824 131072 131072 143360
112 1 483328 487424
497 7 77824 131072 131072 196608 196608 262144 262144 327680 327680 393216 393216 458752 458752 524288
498 2 0 65536 65536 77824
959 1 315392 327680
664 2 307712 327680 327680 352256
803 1 315392 323584
498 7 77824 131072 131072 196608 196608 262144 262144 327680 327680 393216 393216 458752 458752 524288
499 2 0 65536 65536 77824
499 6 143360 196608 196608 262144 262144 327680 327680 393216 393216 458752 458752 524288
500 3 0 65536 65536 131072 131072 143360
500 6 143360 196608 196608 262144 262144 327680 327680 393216 393216 458752 458752 524288
501 3 0 65536 65536 131072 131072 143360
501 6 143360 196608 196608 262144 262144 327680 327680 393216 393216 458752 458752 524288
502 3 0 65536 65536 131072 131072 143360
245 1 278528 294912
456 4 201216 262144 262144 327680 327680 393216 393216 446464
739 1 339968 348160
457 1 458752 516096
503 6 143360 196608 196608 262144 262144 327680 327680 393216 393216 458752 458752 524288
504 3 0 65536 65536 131072 131072 143360
502 6 143360 196608 196608 262144 262144 327680 327680 393216 393216 458752 458752 524288
503 3 0 65536 65536 131072 131072 143360
456 2 446464 458752 458752 524288
457 3 0 65536 65536 131072 131072 143872
357 2 24576 65536 65536 77824
151 1 270336 274432
614 1 20480 24576
242 1 430080 442368
649 1 458752 471040
89 1 319488 327680
128 1 49152 61440
552 1 270336 274432
639 1 413696 417792
826 1 81920 86016
826 1 90112 98304
826 1 98304 102400
75 1 8192 20480
739 1 274432 278528
585 1 462848 466944
71 1 331776 380928
482 3 385024 393216 393216 458752 458752 524288
483 6 0 65536 65536 131072 131072 196608 196608 262144 262144 327680 327680 385024
483 3 385024 393216 393216 458752 458752 524288
484 6 0 65536 65536 131072 131072 196608 196608 262144 262144 327680 327680 385024
485 3 385024 393216 393216 458752 458752 524288
486 6 0 65536 65536 131072 131072 196608 196608 262144 262144 327680 327680 335872
484 3 385024 393216 393216 458752 458752 524288
485 6 0 65536 65536 131072 131072 196608 196608 262144 262144 327680 327680 385024
519 1 348160 350208
850 1 516096 524288
979 2 126976 131072 131072 135168
478 1 299008 307200
843 1 311296 323584
476 1 512000 524288
477 1 0 12288
477 1 503808 512000
937 1 175104 175616
935 1 221184 229376
474 1 167936 176128
760 1 339968 344064
191 1 40960 49152
191 1 49152 53248
872 1 282624 286720
873 1 340480 340992
873 1 340992 341504
873 1 341504 342016
873 1 342016 342528
64 1 483328 487424
78 1 323584 327680
943 1 40960 45056
333 1 167936 172032
645 1 278528 279552
147 1 466944 471040
397 1 495616 499712
436 1 352256 360448
203 2 61440 65536 65536 70656
883 1 397312 401408
637 1 471040 479232
539 1 208384 208896
431 1 217088 225280
549 1 294912 319488
174 1 266240 274432
214 1 430080 434176
150 1 458752 524288
151 7 0 65536 65536 131072 131072 196608 196608 262144 262144 327680 327680 393216 393216 458752
893 2 262144 327680 327680 393216
271 1 81920 86016
924 1 442368 446464
139 7 114688 131072 131072 196608 196608 262144 262144 327680 327680 393216 393216 458752 458752 524288
140 2 0 65536 65536 114688
271 1 90112 94208
29 1 12288 16384
49 1 344064 364544
613 2 450048 458752 458752 524288
614 7 0 65536 65536 131072 131072 196608 196608 262144 262144 327680 327680 393216 393216 450048
614 2 450048 458752 458752 524288
615 4 0 65536 65536 131072 131072 196608 196608 249344
476 1 163840 167936
341 1 57344 61440
943 1 36864 40960
585 1 253952 258048
436 1 360448 364544
97 1 192512 196608
482 1 204800 208896
574 1 487424 499712
123 2 319488 327680 327680 335872
24 3 376832 393216 393216 458752 458752 524288
25 6 0 65536 65536 131072 131072 196608 196608 262144 262144 327680 327680 348672
761 1 35840 36864
264 1 450560 458752
736 1 266240 270336
803 1 217088 225280
574 1 499712 503808
148 1 499712 503808
851 1 307200 308224
7 1 86016 90112
647 1 176128 180224
34 1 438272 454656
645 1 450560 458752
169 1 475136 491520
170 1 4096 8192
182 1 118784 126976
169 1 507904 516096
182 1 98304 102400
182 1 131072 135168
182 1 110592 114688
169 1 520192 524288
592 1 442368 446464
598 1 228864 237056
182 1 159744 172032
790 1 503296 507392
447 3 373248 393216 393216 458752 458752 524288
448 6 0 65536 65536 131072 131072 196608 196608 262144 262144 327680 327680 373248
444 3 373248 393216 393216 458752 458752 524288
445 6 0 65536 65536 131072 131072 196608 196608 262144 262144 327680 327680 373248
445 3 373248 393216 393216 458752 458752 524288
446 6 0 65536 65536 131072 131072 196608 196608 262144 262144 327680 327680 373248
446 3 373248 393216 393216 458752 458752 524288
447 6 0 65536 65536 131072 131072 196608 196608 262144 262144 327680 327680 373248
451 1 172544 196608
450 3 373248 393216 393216 458752 458752 524288
451 3 0 65536 65536 131072 131072 172544
448 3 373248 393216 393216 458752 458752 524288
449 6 0 65536 65536 131072 131072 196608 196608 262144 262144 327680 327680 373248
443 1 471040 479232
325 1 36864 40960
90 1 49152 57344
542 1 0 8192
220 1 32768 36864
662 2 450560 458752 458752 507904
659 2 311296 327680 327680 339968
659 1 339968 344064
697 1 356352 360448
659 1 344064 372736
659 1 372736 376832
64 1 483328 487424
57 1 57344 65536
197 1 278528 294912
58 1 131072 135168
813 1 307200 319488
533 1 348160 352256
1 1 159744 167936
230 1 192512 196608
999 1 172032 192512
848 1 237568 245760
848 1 278528 290816
225 1 401408 409600
225 1 409600 413696
951 1 307200 311296
782 1 81920 86016
975 1 401408 405504
883 1 417792 421888
64 1 483328 487424
745 1 274432 278528
447 1 335872 339968
288 1 417792 421888
61 1 471040 479232
288 1 483328 487424
61 1 479232 483328
182 1 229376 237568
593 1 413184 417280
598 1 351744 355840
589 1 474624 486912
598 1 97792 101888
182 1 151552 155648
600 1 445952 450048
182 1 208896 217088
182 1 266240 274432
384 1 249344 253440
182 1 139264 147456
182 1 180224 196608
182 1 241664 249856
688 1 241664 245760
809 1 49152 53248
841 2 385024 393216 393216 394240
332 5 258048 262144 262144 327680 327680 393216 393216 458752 458752 524288
333 1 0 24576
190 1 176128 180224
333 4 28672 65536 65536 131072 131072 196608 196608 249856
606 1 471040 475136
900 1 245760 249856
890 1 385024 389120
116 1 290816 294912
116 1 303104 307200
116 1 315392 319488
116 1 294912 299008
116 1 307200 311296
116 1 319488 323584
116 1 299008 303104
900 1 180224 184320
116 1 311296 315392
813 1 266240 278528
900 1 245760 249856
75 1 262144 278528
848 1 352256 372736
813 1 274432 282624
9 2 454656 458752 458752 475136
813 1 208896 217088
555 1 389120 393216
209 1 310784 314880
209 1 310784 314880
75 1 278528 299008
848 1 409600 417792
848 1 372736 376832
32 1 491520 495616
10 2 61440 65536 65536 73728
209 1 310784 314880
209 1 310784 314880
637 1 290816 294912
199 1 274432 282624
813 1 282624 286720
199 1 282624 286720
813 1 217088 225280
539 1 122880 126464
929 1 0 4096
378 1 417792 421888
900 1 8192 12288
899 1 520192 524288
883 1 462848 466944
506 1 356352 372736
883 1 487424 495616
479 1 446464 450560
118 1 475136 487424
883 1 425984 430080
91 1 491520 507904
118 1 192512 196608
134 1 20480 28672
883 1 491520 507904
277 1 450560 458752
108 1 94208 106496
883 1 454656 458752
957 1 315392 319488
112 1 425984 442368
123 2 319488 327680 327680 339968
668 1 208896 245760
883 1 479232 483328
80 1 483328 495616
661 1 212992 241664
922 2 274432 327680 327680 339968
803 1 233472 241664
914 2 57344 65536 65536 110592
101 1 229376 237568
274 1 12288 16384
560 1 458752 459264
769 1 16384 20480
260 1 102400 106496
332 1 446464 458752
149 1 208896 217088
289 1 73728 77824
717 1 266240 270336
149 1 217088 221184
717 1 282624 286720
18 1 315392 316928
201 2 385024 393216 393216 401408
883 1 471040 475136
529 1 90112 91648
901 1 491520 504832
460 1 172032 175104
76 1 286720 307200
32 1 512000 524288
84 1 483840 524288
85 8 0 65536 65536 131072 131072 196608 196608 262144 262144 327680 327680 393216 393216 458752 458752 483840
85 1 483840 512000
87 1 0 57344
85 1 512000 524288
86 7 0 65536 65536 131072 131072 196608 196608 262144 262144 327680 327680 393216 393216 426496
76 1 307200 319488
86 2 426496 458752 458752 524288
87 7 65536 131072 131072 196608 196608 262144 262144 327680 327680 393216 393216 458752 458752 492032
87 1 492032 524288
88 6 0 65536 65536 131072 131072 196608 196608 262144 262144 327680 327680 389120
445 1 32768 45056
700 1 315392 319488
700 1 212992 217088
244 1 491520 524288
245 1 0 16384
549 1 319488 323584
174 1 274432 278528
189 1 233472 237568
214 1 434176 438272
648 1 163840 176128
611 2 49152 65536 65536 114688
96 1 393216 397312
59 1 311296 315392
575 1 28672 40960
65 1 32768 36864
610 1 491520 495616
761 1 36352 36864
271 1 409600 434176
999 1 352256 360448
269 1 364544 385024
345 1 73728 77824
271 1 434176 438272
999 1 360448 364544
6 1 458752 471040
345 1 73728 77824
345 1 73728 77824
345 1 73728 77824
877 1 290816 327680
611 2 147456 196608 196608 212992
611 1 212992 217088
255 3 344576 393216 393216 458752 458752 524288
256 1 0 16384
256 5 20480 65536 65536 131072 131072 196608 196608 262144 262144 283136
831 2 212992 262144 262144 278528
402 1 16384 20480
256 2 348672 393216 393216 430080
701 1 49152 53248
257 1 458752 487424
411 1 278528 282624
256 2 430080 458752 458752 524288
257 5 0 65536 65536 131072 131072 196608 196608 262144 262144 320000
252 1 163840 188416
458 1 282624 286720
529 1 352256 364544
0 1 397312 417792
813 1 245760 258048
301 1 278528 282624
541 1 24576 28672
474 1 192512 196608
504 1 393216 397312
475 1 503808 507904
813 1 319488 323584
744 1 49152 53248
813 1 253952 258048
321 1 290816 294912
31 1 40960 49152
321 1 311296 319488
468 1 500224 524288
469 8 0 65536 65536 131072 131072 196608 196608 262144 262144 327680 327680 393216 393216 458752 458752 482816
31 1 49152 53248
233 2 184320 196608 196608 200704
233 1 200704 204800
823 1 299008 303104
840 1 438272 442368
233 1 204800 225280
233 1 225280 229376
273 1 294912 299008
999 1 364544 389120
731 1 225280 229376
731 1 262144 266240
999 1 389120 393216
107 1 262144 278528
539 1 208384 209408
123 1 462848 471040
782 1 81920 86016
814 1 32768 36864
294 1 114688 122880
294 1 122880 126976
803 1 204800 208896
348 1 262144 282624
736 1 319488 323584
900 2 278528 327680 327680 376832
403 1 335872 337408
96 1 507904 512000
102 1 372736 380928
102 1 380928 385024
855 1 299008 303104
228 1 458752 466944
102 1 385024 393216
228 1 466944 471040
102 1 393216 397312
532 1 61440 65536
855 1 299008 303104
102 1 397312 405504
102 1 405504 409600
848 1 368640 376832
848 1 409600 421888
855 1 299008 303104
999 1 65536 81920
813 1 286720 294912
640 1 282624 286720
813 1 225280 229376
648 1 65536 69632
2 1 413696 434176
112 2 442368 458752 458752 462848
883 1 458752 462848
28 1 81920 86016
191 1 249856 258048
15 1 503808 524288
16 1 0 24576
28 2 94208 131072 131072 147456
894 1 278528 282624
770 1 49152 53248
320 1 286720 327680
269 2 184320 196608 196608 249856
28 1 212992 221184
140 7 114688 131072 131072 196608 196608 262144 262144 327680 327680 393216 393216 458752 458752 524288
141 2 0 65536 65536 114688
803 1 303104 311296
303 1 163840 167936
139 2 311296 327680 327680 331776
705 1 172032 176128
39 1 249856 253952
213 1 348160 360448
108 1 249856 262144
152 1 356352 358912
996 1 200704 204800
436 1 512000 524288
437 1 0 32768
522 1 253952 258048
504 6 143360 196608 196608 262144 262144 327680 327680 393216 393216 458752 458752 524288
505 3 0 65536 65536 131072 131072 143360
506 6 143360 196608 196608 262144 262144 327680 327680 393216 393216 458752 458752 466944
839 3 126976 131072 131072 196608 196608 236544
664 2 417792 458752 458752 524288
665 6 0 65536 65536 131072 131072 196608 196608 262144 262144 327680 327680 373248
507 1 466944 524288
508 8 0 65536 65536 131072 131072 196608 196608 262144 262144 327680 327680 393216 393216 458752 458752 466944
505 6 143360 196608 196608 262144 262144 327680 327680 393216 393216 458752 458752 524288
506 3 0 65536 65536 131072 131072 143360
508 1 466944 524288
509 8 0 65536 65536 131072 131072 196608 196608 262144 262144 327680 327680 393216 393216 458752 458752 466944
803 1 253952 258048
112 1 417792 421888
506 1 466944 524288
507 8 0 65536 65536 131072 131072 196608 196608 262144 262144 327680 327680 393216 393216 458752 458752 466944
509 1 466944 524288
510 8 0 65536 65536 131072 131072 196608 196608 262144 262144 327680 327680 393216 393216 458752 458752 466944
510 1 466944 524288
511 8 0 65536 65536 131072 131072 196608 196608 262144 262144 327680 327680 393216 393216 458752 458752 466944
512 1 466944 524288
513 8 0 65536 65536 131072 131072 196608 196608 262144 262144 327680 327680 393216 393216 458752 458752 466944
511 1 466944 524288
512 8 0 65536 65536 131072 131072 196608 196608 262144 262144 327680 327680 393216 393216 458752 458752 466944
513 1 466944 524288
514 5 0 65536 65536 131072 131072 196608 196608 262144 262144 266240
514 4 266240 327680 327680 393216 393216 458752 458752 524288
515 5 0 65536 65536 131072 131072 196608 196608 262144 262144 266240
710 1 409600 412672
269 1 413696 417792
269 1 409600 413696
124 1 40960 45056
124 1 90112 94208
960 1 257536 261632
269 1 413696 417792
240 1 483328 491520
291 1 278528 294912
240 1 421888 430080
291 1 294912 315392
451 1 245760 258048
813 1 200704 204800
435 1 77824 98304
504 1 94208 98304
504 1 16384 20480
501 1 94208 122880
159 1 32768 33280
159 1 33280 33792
159 1 45056 46080
159 1 33792 36864
159 1 46080 49152
447 1 335872 339968
288 1 417792 421888
389 1 253952 258048
975 1 397312 401408
896 1 139264 147456
883 1 483328 491520
87 1 159744 163840
983 2 405504 458752 458752 524288
984 1 0 49152
234 3 139264 196608 196608 262144 262144 307200
962 1 290816 307200
436 1 364544 372736
599 1 118784 122880
5 1 110592 131072
162 1 306688 323072
813 1 274432 278528
162 1 323072 327168
163 1 53248 57344
807 1 188416 196608
61 1 212992 237568
795 1 196608 208896
630 1 139264 151552
61 1 237568 241664
6 1 0 12288
813 1 208896 212992
436 1 385024 389120
854 1 483328 491520
407 5 196608 262144 262144 327680 327680 393216 393216 458752 458752 524288
408 3 0 65536 65536 131072 131072 184320
760 1 159232 163328
135 1 97792 101888
855 1 85504 89600
152 1 335360 339456
135 1 81408 93696
855 1 142848 146944
519 1 470528 474624
182 1 278528 282624
182 1 303104 315392
182 1 339968 348160
182 1 368640 372736
265 1 11776 15872
648 1 122880 131072
494 1 36864 40960
304 1 196608 221184
901 1 458752 524288
159 1 163840 164864
137 1 208896 217088
137 1 217088 221184
873 1 342528 343040
197 1 331776 348160
873 1 343040 343552
873 1 343552 344064
667 1 379904 380416
158 1 329216 331264
342 1 413696 417792
840 2 303104 327680 327680 385024
197 1 348160 368640
342 1 421888 422400
64 1 417792 425984
667 1 380416 380928
342 1 422400 422912
418 1 188416 192512
906 1 266240 270336
575 1 40960 45056
803 1 286720 290816
5 1 126976 131072
6 1 143360 147456
736 1 163840 167936
6 1 65536 77824
478 1 483328 487424
575 1 45056 57344
113 1 499712 524288
114 1 0 40960
182 1 409600 413696
182 1 401408 405504
182 2 319488 327680 327680 331776
803 1 270336 278528
182 1 385024 393216
350 1 245760 249856
625 1 511488 515584
384 1 159744 163840
113 1 155136 159232
233 1 155136 159232
189 1 212480 216576
184 1 364544 368640
185 1 61440 65536
149 1 302592 306688
338 1 491520 495616
184 1 356352 360448
184 1 389120 393216
813 1 229376 233472
185 1 159744 163840
27 1 52736 56832
449 3 373248 393216 393216 458752 458752 524288
450 6 0 65536 65536 131072 131072 196608 196608 262144 262144 327680 327680 373248
451 5 233984 262144 262144 327680 327680 393216 393216 458752 458752 524288
452 2 0 65536 65536 120832
153 1 442368 450560
652 2 393728 458752 458752 524288
653 7 0 65536 65536 131072 131072 196608 196608 262144 262144 327680 327680 393216 393216 393728
878 1 20480 32768
159 1 192512 193536
159 1 164864 167936
258 1 487424 512000
950 1 45056 49152
800 1 36864 40960
602 1 36864 40960
484 1 65536 73728
301 1 172032 180224
462 1 53248 61440
259 2 53248 65536 65536 77824
921 1 159744 167936
874 1 499712 503808
252 1 188416 192512
789 1 294912 319488
257 3 320000 327680 327680 393216 393216 458752
144 1 425984 446464
18 1 495616 500224
416 1 0 24576
850 1 344064 348160
214 1 430080 434176
848 1 438272 454656
851 1 167936 176128
768 1 147456 150016
891 1 307200 309760
189 1 233472 237568
813 1 270336 274432
332 1 188416 192512
331 1 389120 393216
332 1 294912 299008
675 1 208896 229376
896 1 77824 81920
96 1 286720 327680
543 3 368640 393216 393216 458752 458752 524288
544 1 0 8192
50 3 139264 196608 196608 262144 262144 299008
813 1 270336 274432
813 1 249856 253952
803 1 286720 290816
813 1 315392 319488
1 1 163840 172032
0 1 442368 454656
230 1 192512 196608
416 1 274432 282624
803 1 282624 286720
813 1 249856 258048
197 1 294912 315392
340 1 372736 376832
813 1 204800 208896
567 1 307200 311296
567 1 520192 524288
340 1 376832 380928
813 1 319488 323584
890 1 385024 389120
54 1 516096 520192
900 1 180224 188416
291 1 331776 348160
240 1 421888 425984
166 1 487424 524288
167 1 0 16384
813 1 315392 323584
22 1 516096 524288
23 1 0 20480
303 1 225280 229376
101 1 237568 241664
314 1 151552 155648
803 1 241664 245760
315 1 155648 159744
141 7 114688 131072 131072 196608 196608 262144 262144 327680 327680 393216 393216 458752 458752 524288
142 2 0 65536 65536 114688
99 1 462848 466944
126 1 131072 196608
432 1 401408 405504
973 1 122880 126976
288 1 483328 487424
124 1 425984 434176
508 1 221184 237568
124 1 434176 438272
447 1 335872 339968
63 1 380928 389120
975 1 73728 77824
898 1 196608 204800
355 1 356352 364544
345 1 368640 376832
152 1 61440 65536
459 1 512000 516096
631 1 229376 233472
152 1 126976 131072
517 1 69632 73728
923 2 188416 196608 196608 258048
923 1 258048 262144
883 1 397312 405504
943 1 40960 45056
436 1 372736 376832
581 1 65536 68608
992 1 212992 217088
203 1 81920 91136
906 1 32768 65536
723 1 225280 229376
943 1 36864 40960
813 1 270336 274432
186 1 40960 45056
773 2 20480 65536 65536 86016
35 1 77824 98304
155 2 311296 327680 327680 331776
653 1 442368 446464
290 1 98304 102400
25 3 348672 393216 393216 458752 458752 524288
26 6 0 65536 65536 131072 131072 196608 196608 262144 262144 327680 327680 348672
575 1 57344 61440
91 1 328192 331264
235 2 311296 327680 327680 331776
217 1 442368 446464
91 1 196608 262144
458 1 131072 196608
92 1 327680 368640
217 1 401408 434176
214 1 364544 368640
506 2 454656 458752 458752 479232
505 3 356352 393216 393216 458752 458752 524288
506 5 0 65536 65536 131072 131072 196608 196608 262144 262144 270336
507 1 28672 49152
979 1 344064 349184
507 2 61440 65536 65536 77824
507 1 118784 126976
506 1 401408 438272
506 1 487424 512000
28 6 143360 196608 196608 262144 262144 327680 327680 393216 393216 458752 458752 524288
29 1 0 65536
352 1 475136 491520
851 1 458752 462848
813 1 270336 278528
813 1 311296 323584
707 1 274432 278528
813 1 253952 258048
331 1 225280 245760
813 1 319488 323584
288 1 471040 479232
707 1 274432 278528
813 1 253952 258048
851 1 462848 479232
813 1 319488 323584
707 1 274432 278528
813 1 253952 258048
140 1 319488 323584
48 1 483328 487424
218 1 122880 131072
845 1 397312 398336
118 1 192512 196608
218 1 131072 135168
883 1 438272 442368
909 1 315392 319488
111 1 466944 475136
111 1 475136 479232
112 1 425984 442368
118 1 192512 196608
883 1 503808 512000
382 1 471040 487424
632 1 278528 282624
396 1 417792 421888
832 1 376832 380928
533 1 225280 233472
322 1 65536 69632
741 1 3584 7680
741 1 7680 11776
20 1 110592 131072
228 1 69632 81920
113 1 307200 311296
322 1 69632 73728
39 1 106496 122880
97 1 507904 516096
883 1 413696 417792
97 1 516096 520192
39 1 122880 126976
883 1 479232 487424
243 1 237568 241664
813 1 286720 294912
813 1 225280 229376
929 1 0 4096
813 1 290816 294912
250 1 278528 282624
522 1 118784 122880
699 1 360448 364544
700 1 163840 167936
575 1 139264 167936
321 1 180224 184320
514 1 131072 155648
976 3 335872 393216 393216 458752 458752 495616
675 1 229376 233472
951 1 303104 307200
739 1 290816 299008
123 1 471040 475136
782 1 81920 86016
896 1 143360 147456
107 1 278528 299008
917 1 475136 491520
504 1 356352 360448
922 1 212992 229376
771 1 450560 453632
902 1 36864 49152
96 1 483328 503808
924 1 65536 66560
96 1 434176 438272
110 1 389120 393216
96 1 499712 512000
28 1 24576 32768
28 1 32768 36864
96 1 442368 450560
206 1 446464 450560
5 1 372736 389120
110 1 389120 393216
996 1 516096 524288
202 1 474624 478720
182 1 417792 421888
184 1 376832 380928
185 1 151552 155648
688 1 294912 303104
188 1 434176 438272
188 1 466944 471040
188 1 421888 425984
188 1 458752 462848
189 1 278528 282624
189 1 262144 266240
453 6 131072 196608 196608 262144 262144 327680 327680 393216 393216 458752 458752 524288
454 2 0 65536 65536 131072
452 6 131072 196608 196608 262144 262144 327680 327680 393216 393216 458752 458752 524288
453 2 0 65536 65536 131072
925 2 418304 458752 458752 524288
926 7 0 65536 65536 131072 131072 196608 196608 262144 262144 327680 327680 393216 393216 418304
454 6 131072 196608 196608 262144 262144 327680 327680 393216 393216 458752 458752 524288
455 2 0 65536 65536 131072
153 1 450560 458752
455 6 131072 196608 196608 262144 262144 327680 327680 393216 393216 458752 458752 524288
456 2 0 65536 65536 131072
456 6 131072 196608 196608 262144 262144 327680 327680 393216 393216 458752 458752 524288
457 2 0 65536 65536 131072
457 6 131072 196608 196608 262144 262144 327680 327680 393216 393216 458752 458752 524288
458 2 0 65536 65536 131072
458 6 131072 196608 196608 262144 262144 327680 327680 393216 393216 458752 458752 524288
459 2 0 65536 65536 131072
459 4 131072 196608 196608 262144 262144 327680 327680 393216
83 1 266240 270336
191 1 397312 401408
920 1 475136 479232
476 1 167936 172032
742 1 294912 307200
293 2 86016 131072 131072 139264
240 1 483328 487424
73 1 425984 430080
381 1 294912 315392
240 1 417792 425984
926 1 208896 212992
887 1 0 4096
886 1 454656 458752
381 1 315392 327680
688 1 217088 233472
223 1 397312 401408
223 1 385024 389120
217 1 499712 508928
173 1 24576 65536
112 1 417792 425984
91 1 331264 333824
192 1 421888 425984
597 1 217088 218112
91 1 340480 340992
91 1 333824 340480
575 2 61440 65536 65536 73728
803 1 204800 208896
91 1 340992 344576
91 1 344576 346112
245 1 45056 53248
214 1 434176 438272
294 2 315392 327680 327680 364544
245 1 53248 57344
294 1 364544 368640
214 1 430080 434176
245 1 8192 24576
491 1 323584 327680
239 1 462848 471040
239 1 471040 475136
333 1 483328 491520
119 1 315392 323584
6 1 4096 12288
337 1 114688 122880
119 1 323584 327680
680 1 69632 72192
722 1 315392 320000
373 1 24576 45056
334 1 344064 348160
324 1 245760 249856
448 1 73728 90112
6 1 12288 16384
333 1 458752 462848
490 1 455168 456192
490 1 456192 457216
490 1 457216 457728
644 1 405504 413696
644 1 417792 421888
644 1 430080 434176
664 1 212992 221184
210 1 479232 483328
665 1 393216 397312
217 1 315392 319488
316 1 200704 204800
803 1 307200 315392
628 2 53248 65536 65536 99840
626 2 57344 65536 65536 118784
139 1 331776 344064
317 1 212992 217088
705 1 172032 176128
96 1 417792 421888
144 1 131072 143360
813 1 204800 208896
883 1 466944 471040
225 1 339968 356352
962 1 307200 323584
345 1 73728 77824
868 1 217088 225280
906 1 77824 94208
345 1 73728 77824
345 1 77824 86016
288 1 196608 208896
345 1 77824 81920
288 1 208896 212992
813 1 204800 212992
345 1 77824 81920
265 1 516096 520192
345 1 77824 81920
813 1 274432 278528
13 1 229376 237568
132 3 278528 327680 327680 393216 393216 421888
755 3 176128 196608 196608 262144 262144 315392
883 1 421888 425984
431 1 258048 262144
769 2 40960 65536 65536 90112
777 1 462848 471040
284 2 426496 458752 458752 524288
285 7 0 65536 65536 131072 131072 196608 196608 262144 262144 327680 327680 393216 393216 426496
274 1 118784 126976
397 2 450560 458752 458752 466944
866 3 163840 196608 196608 262144 262144 303104
865 6 163840 196608 196608 262144 262144 327680 327680 393216 393216 458752 458752 524288
866 3 0 65536 65536 131072 131072 163840
5 1 380928 389120
602 1 90112 94208
5 1 389120 393216
938 2 294912 327680 327680 380928
954 1 483328 487424
942 1 401408 421888
215 1 106496 110592
89 1 8192 12288
89 1 61440 65536
884 1 118784 122880
664 1 200704 208896
215 1 114688 118784
669 1 282624 286720
89 1 24576 28672
102 1 339968 344064
428 1 155648 159744
173 1 147456 151552
672 1 299008 303104
981 1 163840 167936
886 1 520192 524288
679 1 204800 208896
102 1 49152 53248
511 1 172032 188416
288 1 417792 421888
128 1 483328 487424
288 1 483328 487424
128 1 409600 413696
136 1 444928 445440
447 1 335872 339968
745 1 274432 282624
803 1 270336 274432
803 1 204800 208896
803 1 270336 278528
25 1 20480 49152
803 1 208896 212992
803 1 274432 282624
64 1 417792 421888
197 1 278528 294912
506 1 475136 483328
64 1 483328 495616
64 1 425984 430080
64 1 491520 495616
650 1 180224 184320
301 1 278528 282624
706 1 479232 503808
127 1 286720 294912
813 1 319488 323584
813 1 204800 225280
813 1 253952 258048
818 1 486912 491008
706 1 479232 483328
301 1 278528 282624
813 1 319488 323584
404 2 16384 65536 65536 86016
451 1 196608 233984
65 1 114688 118784
83 1 270336 274432
107 2 315392 327680 327680 331776
653 2 393728 458752 458752 524288
654 7 0 65536 65536 131072 131072 196608 196608 262144 262144 327680 327680 393216 393216 393728
877 1 495616 499712
432 1 438272 446464
99 1 475136 512000
824 1 348160 380928
221 1 446464 458752
257 1 487424 524288
258 6 0 65536 65536 131072 131072 196608 196608 262144 262144 327680 327680 348672
789 1 319488 323584
222 1 0 53248
252 1 192512 196608
905 3 376832 393216 393216 458752 458752 462848
657 1 327680 331776
877 1 327680 331776
258 3 348672 393216 393216 458752 458752 524288
259 6 0 65536 65536 131072 131072 196608 196608 262144 262144 327680 327680 348672
657 1 331776 335872
943 1 40960 45056
436 1 376832 393216
848 1 352256 368640
423 1 217088 233472
203 1 102400 111616
160 1 196608 197120
144 1 507904 516096
230 1 69632 73728
803 1 204800 221184
975 1 385024 393216
189 1 233472 237568
573 1 495616 498176
111 1 512000 516096
118 1 192512 196608
112 2 442368 458752 458752 462848
135 1 470528 482816
883 1 442368 446464
909 1 258048 262144
784 1 462848 471040
783 1 368640 376832
543 1 94208 98304
474 1 45056 49152
188 1 442368 446464
189 1 233472 241664
384 1 159744 163840
189 1 499712 503808
189 1 491520 495616
190 1 0 4096
189 1 516096 520192
190 1 8192 12288
190 1 28672 32768
149 1 118784 126976
184 1 327680 331776
190 1 16384 20480
45 1 516096 524288
46 1 0 16384
476 1 438272 450560
166 1 364544 368640
26 3 348672 393216 393216 458752 458752 524288
27 2 0 65536 65536 86016
89 1 245760 249856
575 1 73728 77824
23 1 520192 524288
24 1 0 4096
27 5 90112 131072 131072 196608 196608 262144 262144 327680 327680 352768
803 1 270336 274432
91 1 346112 348672
861 1 335872 393216
90 1 122880 131072
768 1 204800 208896
771 1 208896 212992
769 1 425984 430080
143 1 393216 401408
768 1 212992 262144
769 1 131072 135168
769 2 434176 458752 458752 495616
771 2 221184 262144 262144 282624
533 1 348160 352256
340 1 372736 376832
261 2 315392 327680 327680 339968
261 1 475136 499712
924 1 147456 153088
803 1 217088 225280
877 1 114688 118784
386 2 389120 393216 393216 401408
912 1 417792 434176
214 1 200704 204800
803 1 286720 290816
807 1 270336 290816
858 1 393216 397312
1 1 167936 176128
340 1 376832 380928
813 1 253952 262144
723 6 0 65536 65536 131072 131072 196608 196608 262144 262144 327680 327680 393216
803 1 221184 225280
324 1 450560 454656
236 1 32768 36864
881 1 258048 262144
102 1 409600 417792
49 1 229376 233472
803 1 204800 212992
589 1 446464 450048
849 1 368640 385024
102 1 417792 421888
813 1 204800 208896
855 1 299008 303104
102 1 421888 430080
102 1 430080 434176
855 1 299008 303104
102 1 434176 442368
999 1 81920 102400
803 1 274432 282624
102 1 442368 446464
866 8 20480 65536 65536 131072 131072 196608 196608 262144 262144 327680 327680 393216 393216 458752 458752 524288
867 1 0 20480
775 1 421888 434176
803 1 270336 274432
803 1 200704 204800
813 1 204800 208896
668 1 114688 126976
4 1 389120 393216
813 1 262144 266240
311 1 93696 94208
116 1 323584 327680
116 1 327680 331776
54 1 516096 520192
291 1 348160 368640
813 1 319488 323584
240 1 487424 491520
116 1 331776 335872
813 1 262144 266240
54 1 516096 520192
116 1 335872 339968
809 1 196608 208896
992 1 0 4096
739 1 278528 282624
112 1 421888 430080
813 1 319488 327680
562 1 385024 393216
809 1 491520 495616
100 1 73728 77824
517 1 118784 121856
992 1 0 4096
742 1 458752 462848
96 1 380928 385024
37 1 290816 294912
226 1 282624 286720
208 1 40960 43520
99 1 61440 65536
813 1 258048 262144
809 1 491520 499712
559 1 348160 352256
322 1 442368 446464
985 2 122880 131072 131072 155648
803 1 245760 249856
142 7 114688 131072 131072 196608 196608 262144 262144 327680 327680 393216 393216 458752 458752 524288
143 2 0 65536 65536 102400
858 1 397312 401408
679 1 430080 442368
341 1 372736 380928
766 1 65536 131072
796 1 65536 69632
796 1 131072 135168
768 1 458752 524288
992 1 94208 131072
323 3 90112 131072 131072 196608 196608 225280
857 1 458752 524288
858 1 0 16384
769 1 0 12288
515 4 266240 327680 327680 393216 393216 458752 458752 524288
516 5 0 65536 65536 131072 131072 196608 196608 262144 262144 266240
516 4 266240 327680 327680 393216 393216 458752 458752 524288
517 5 0 65536 65536 131072 131072 196608 196608 262144 262144 266240
457 1 516096 524288
458 4 0 65536 65536 131072 131072 196608 196608 201216
517 4 266240 327680 327680 393216 393216 458752 458752 524288
518 5 0 65536 65536 131072 131072 196608 196608 262144 262144 266240
803 1 319488 327680
518 4 266240 327680 327680 393216 393216 458752 458752 524288
519 3 0 65536 65536 131072 131072 182784
457 5 143872 196608 196608 262144 262144 327680 327680 393216 393216 458752
522 1 253952 258048
665 3 373248 393216 393216 458752 458752 524288
666 6 0 65536 65536 131072 131072 196608 196608 262144 262144 327680 327680 373248
803 1 258048 262144
551 1 90112 94208
387 1 143360 147456
458 5 201216 262144 262144 327680 327680 393216 393216 458752 458752 524288
459 4 0 65536 65536 131072 131072 196608 196608 201216
803 1 323584 327680
666 3 373248 393216 393216 458752 458752 524288
667 6 0 65536 65536 131072 131072 196608 196608 262144 262144 327680 327680 373248
803 2 258048 262144 262144 270336
459 5 201216 262144 262144 327680 327680 393216 393216 458752 458752 524288
460 4 0 65536 65536 131072 131072 196608 196608 201216
55 1 389120 393216
13 1 237568 241664
46 2 176128 196608 196608 212992
374 1 397312 398848
437 1 32768 36864
783 1 86016 102400
217 1 299008 303104
27 1 393216 397312
180 1 499712 502784
943 1 36864 40960
436 1 458752 462848
246 1 249856 258048
64 1 417792 421888
9 1 270336 278528
285 2 426496 458752 458752 524288
286 7 0 65536 65536 131072 131072 196608 196608 262144 262144 327680 327680 393216 393216 426496
286 2 426496 458752 458752 524288
287 7 0 65536 65536 131072 131072 196608 196608 262144 262144 327680 327680 393216 393216 426496
813 1 204800 208896
782 1 81920 86016
418 1 462848 466944
98 1 462848 471040
98 1 471040 475136
96 1 512000 516096
997 1 0 4096
96 1 446464 450560
110 1 389120 393216
96 1 512000 516096
842 1 131072 180224
5 1 389120 393216
872 1 282624 286720
113 1 24576 28672
557 1 196608 245760
89 1 311296 315392
96 1 446464 450560
6 1 65536 81920
274 1 286720 294912
553 1 176128 180224
553 1 102400 114688
829 1 319488 323584
214 1 434176 438272
241 1 24576 28672
976 1 65536 122880
848 1 454656 458752
144 1 446464 450560
850 1 458752 475136
291 1 339968 356352
144 1 512000 516096
418 1 471040 472064
241 1 90112 98304
153 1 102400 106496
186 1 331776 339968
186 1 348160 352256
194 1 520192 524288
186 1 315392 327680
195 1 8192 12288
194 1 503808 512000
195 1 20480 24576
370 1 28672 40960
888 1 212992 241664
384 1 159744 163840
42 1 368640 376832
195 1 32768 40960
195 2 57344 65536 65536 69632
195 1 102400 106496
195 1 73728 90112
24 1 475136 491520
316 1 147456 163840
851 1 450560 458752
852 1 393216 401408
288 1 417792 425984
615 1 495616 499712
90 1 163840 172032
998 1 196608 212992
615 1 512000 520192
803 1 204800 208896
300 1 409600 421888
739 1 274432 286720
954 1 360448 393216
925 2 356352 393216 393216 401408
954 2 442368 458752 458752 462848
885 1 360448 364544
943 1 90112 98304
153 1 458752 462848
31 1 0 8192
64 1 417792 421888
926 2 418304 458752 458752 524288
927 7 0 65536 65536 131072 131072 196608 196608 262144 262144 327680 327680 393216 393216 418304
77 1 81920 86016
153 1 462848 466944
293 1 61440 65536
82 1 397312 401408
878 1 28672 32768
153 1 466944 471040
995 7 115200 131072 131072 196608 196608 262144 262144 327680 327680 393216 393216 458752 458752 524288
996 2 0 65536 65536 115200
101 1 12288 16384
514 2 167936 196608 196608 217088
77 2 258048 262144 262144 266240
77 1 266240 270336
72 1 286720 290816
72 1 274432 278528
741 1 3584 11776
883 1 393216 397312
883 1 417792 421888
883 1 458752 462848
633 1 450560 454656
939 2 61440 65536 65536 69632
904 1 335872 344064
737 1 520192 524288
738 1 0 8192
305 2 32768 65536 65536 98304
90 1 131072 135168
3 1 131072 176128
3 1 176128 180224
426 3 184320 196608 196608 262144 262144 319488
739 1 299008 307200
354 1 40960 45056
924 1 442368 446464
29 1 12288 16384
880 1 331776 335872
486 1 483328 487424
350 2 106496 131072 131072 135168
350 1 135168 139264
188 1 282624 286720
902 1 65536 131072
149 4 0 65536 65536 131072 131072 196608 196608 262144
539 1 208896 209408
246 1 258048 262144
875 1 348160 364544
288 2 426496 458752 458752 524288
289 7 0 65536 65536 131072 131072 196608 196608 262144 262144 327680 327680 393216 393216 426496
848 1 352256 368640
287 2 426496 458752 458752 524288
288 7 0 65536 65536 131072 131072 196608 196608 262144 262144 327680 327680 393216 393216 426496
232 1 299008 303104
292 1 225792 262144
803 1 270336 282624
941 1 413696 421888
941 1 466944 471040
75 1 151552 176128
75 1 176128 180224
348 1 282624 294912
75 1 344064 360448
931 1 40960 53248
813 1 253952 262144
145 1 290816 294912
301 1 278528 282624
813 1 323584 327680
813 1 286720 290816
55 1 139264 155648
619 1 49152 53248
734 1 479232 483328
210 1 151552 155648
475 1 430080 434176
883 1 106496 110592
872 1 303104 307200
549 1 4096 8192
66 1 483328 487424
120 1 258048 262144
739 1 479232 483328
240 1 475136 479232
66 1 495616 499712
813 1 270336 274432
813 1 270336 274432
961 1 94208 98304
113 1 16384 20480
110 1 389120 393216
476 1 163840 167936
161 1 245760 249856
160 1 229376 233472
704 1 348160 352256
476 1 167936 172032
342 1 422912 423424
240 1 417792 425984
418 1 196608 197120
342 1 423424 423936
291 1 278528 299008
137 1 221184 245760
137 1 245760 249856
291 1 299008 311296
9 1 499712 524288
10 1 0 40960
240 1 487424 491520
16 2 389120 393216 393216 430080
592 1 184320 192512
16 1 479232 499712
840 1 385024 389120
16 1 499712 503808
158 1 331264 332288
735 1 241664 253952
813 1 208896 212992
588 1 208896 221184
345 1 77824 86016
265 1 516096 520192
345 1 81920 86016
813 1 274432 278528
906 1 94208 114688
813 1 208896 212992
345 1 81920 86016
390 1 393216 397312
265 1 516096 520192
345 1 81920 86016
813 1 278528 282624
920 1 475136 479232
223 1 397312 401408
807 1 77824 81920
980 1 331776 339968
260 2 385024 393216 393216 417792
41 1 40960 61440
138 1 270336 274432
739 1 339968 344064
138 1 262144 266240
739 1 266240 270336
784 1 503808 507904
116 1 36864 45056
803 1 200704 204800
162 1 327680 335872
24 1 4096 8192
52 1 327680 344064
575 1 77824 90112
162 1 335872 339968
495 1 413696 414208
235 1 331776 344064
137 2 315392 327680 327680 352768
700 1 262144 315392
700 1 319488 327680
672 1 131072 196608
137 2 418304 458752 458752 524288
138 7 0 65536 65536 131072 131072 196608 196608 262144 262144 327680 327680 393216 393216 418304
672 1 327680 393216
245 1 16384 20480
138 2 418304 458752 458752 524288
139 1 0 57344
146 6 131072 196608 196608 262144 262144 327680 327680 393216 393216 458752 458752 492032
148 1 262144 282624
146 1 492032 524288
147 4 0 65536 65536 131072 131072 196608 196608 258048
147 5 258048 262144 262144 327680 327680 393216 393216 458752 458752 471552
148 4 294912 327680 327680 393216 393216 458752 458752 504320
147 1 471552 524288
148 4 0 65536 65536 131072 131072 196608 196608 262144
149 1 98816 102400
156 2 131072 196608 196608 217088
148 1 504320 524288
149 2 0 65536 65536 98816
813 1 225280 229376
575 1 167936 172032
749 2 102400 131072 131072 135168
803 1 270336 274432
0 1 421888 438272
883 1 401408 405504
962 2 323584 327680 327680 339968
78 1 323584 327680
883 1 466944 471040
848 1 409600 421888
848 1 368640 376832
436 1 462848 471040
943 1 40960 45056
288 1 401408 405504
305 1 98304 102400
671 1 176128 188416
125 3 131072 196608 196608 262144 262144 323584
223 1 397312 401408
223 1 389120 393216
506 1 368640 380928
220 1 45056 53248
130 1 155648 163840
860 2 368640 393216 393216 438272
859 3 368640 393216 393216 458752 458752 524288
860 6 0 65536 65536 131072 131072 196608 196608 262144 262144 327680 327680 368640
352 1 491520 495616
130 1 163840 167936
851 1 196608 229376
7 1 389120 393216
13 1 77824 90112
8 1 65536 81920
13 1 151552 159744
813 1 204800 208896
289 2 426496 458752 458752 524288
290 7 0 65536 65536 131072 131072 196608 196608 262144 262144 327680 327680 393216 393216 426496
291 2 426496 458752 458752 524288
292 4 0 65536 65536 131072 131072 196608 196608 225792
130 1 172032 180224
975 1 401408 405504
292 4 287232 327680 327680 393216 393216 458752 458752 524288
293 3 0 65536 65536 131072 131072 196608
883 1 487424 491520
434 1 426496 458752
813 1 200704 204800
813 1 270336 278528
290 2 426496 458752 458752 524288
291 7 0 65536 65536 131072 131072 196608 196608 262144 262144 327680 327680 393216 393216 426496
813 1 270336 274432
924 1 151552 155136
849 1 278528 282624
858 1 397312 401408
813 1 323584 327680
1 1 172032 180224
924 1 151552 157184
687 3 196608 262144 262144 327680 327680 335872
84 1 167936 172032
813 2 258048 262144 262144 266240
685 5 196608 262144 262144 327680 327680 393216 393216 458752 458752 524288
686 3 0 65536 65536 131072 131072 196608
225 1 274432 278528
813 1 204800 212992
858 1 393216 397312
292 1 487424 507904
1 1 269824 273920
124 1 475136 491520
327 2 258048 262144 262144 290816
813 1 270336 274432
813 1 200704 204800
77 1 221184 233472
225 1 290816 294912
373 1 208896 212992
606 1 147456 151552
373 1 274432 282624
333 1 249856 253952
664 1 155648 159744
467 1 167936 171520
562 1 380928 385024
539 1 176128 180224
803 1 274432 286720
948 1 446464 450560
766 1 303104 305664
373 1 212992 217088
515 1 262144 266240
638 1 212992 245760
638 1 245760 249856
259 2 95232 131072 131072 160768
715 1 36864 49152
448 3 286720 327680 327680 393216 393216 417792
25 1 344064 352256
239 3 184320 196608 196608 262144 262144 315392
741 3 290816 327680 327680 393216 393216 421888
885 1 143360 176128
922 1 520192 524288
923 1 0 45056
120 1 0 8192
176 1 307200 315392
687 1 237568 241664
845 1 57344 61440
128 1 397312 401408
989 1 483328 487424
989 1 475136 479232
175 1 516096 520192
312 1 229376 233472
195 2 118784 131072 131072 135168
198 1 86016 90112
195 1 49152 53248
198 1 65536 69632
195 1 94208 98304
198 1 40960 45056
817 1 8192 12288
198 1 49152 57344
553 1 499712 512000
198 1 102400 106496
6 1 462848 491520
52 1 479232 491520
398 1 90112 94208
345 1 81920 86016
286 1 151552 155648
568 1 167936 172032
212 1 114688 115712
94 1 249856 253952
666 1 471040 475136
846 1 319488 323584
507 1 446464 450560
591 1 86016 94208
451 1 491520 494592
52 1 495616 503808
497 1 274432 278528
285 1 434176 438272
860 1 196608 199680
846 2 237568 262144 262144 315392
813 1 212992 217088
345 1 81920 94208
664 1 327680 331776
83 1 266240 270336
82 1 397312 401408
654 2 393728 458752 458752 524288
655 6 0 65536 65536 131072 131072 196608 196608 262144 262144 327680 327680 328192
927 2 418304 458752 458752 524288
928 6 0 65536 65536 131072 131072 196608 196608 262144 262144 327680 327680 352768
65 1 114688 118784
83 1 270336 274432
996 1 115200 131072
116 1 339968 344064
116 1 344064 348160
813 1 319488 323584
43 1 0 4096
813 1 262144 266240
43 1 4096 8192
54 1 516096 520192
43 1 8192 12288
43 1 12288 16384
813 1 319488 327680
43 1 16384 20480
43 1 20480 24576
622 1 212992 233472
211 1 319488 327680
43 1 24576 28672
813 1 266240 270336
43 1 28672 32768
851 1 90112 92672
186 1 245760 249856
186 1 262144 274432
672 1 425984 434176
886 1 135168 139264
595 1 335872 339968
119 1 262144 282624
683 1 69632 73728
431 1 225280 229376
111 1 512000 516096
266 1 208896 221184
214 1 430080 434176
177 1 290816 294912
144 1 446464 450560
144 1 512000 520192
418 1 471040 472064
809 1 503808 507904
362 1 253952 258048
992 1 0 4096
181 1 356352 360448
813 1 323584 327680
248 1 151552 155648
809 1 491520 495616
248 1 159744 163840
606 1 454656 458752
228 1 188416 192512
91 1 348672 351744
575 1 90112 94208
89 1 241664 245760
27 3 352768 393216 393216 458752 458752 524288
28 6 0 65536 65536 131072 131072 196608 196608 262144 262144 327680 327680 352768
575 1 98304 110592
436 1 471040 475136
203 2 122880 131072 131072 132096
943 1 36864 40960
331 1 225280 241664
78 2 323584 327680 327680 335872
436 1 475136 487424
972 1 368640 372736
972 1 290816 311296
972 1 331776 335872
343 1 315392 327680
686 5 196608 262144 262144 327680 327680 393216 393216 458752 458752 524288
687 3 0 65536 65536 131072 131072 196608
803 1 286720 299008
849 1 278528 282624
195 1 479232 483328
923 1 106496 122880
195 1 491520 495616
969 1 274432 278528
787 3 344064 393216 393216 458752 458752 475136
172 1 131072 135168
169 1 24576 28672
170 1 233472 237568
172 1 94208 98304
888 2 253952 262144 262144 299008
877 1 262144 266240
96 1 417792 421888
877 1 253952 258048
229 1 278528 299008
763 1 507904 516096
589 1 258048 262144
610 1 176128 184320
301 1 499712 503808
893 1 352256 356352
452 1 49152 53248
143 7 102400 131072 131072 196608 196608 262144 262144 327680 327680 393216 393216 458752 458752 524288
144 1 0 36864
371 1 98304 102400
803 1 311296 315392
358 1 53248 57344
376 1 319488 327680
372 1 491520 495616
383 1 167936 172032
144 1 102400 131072
803 1 245760 253952
167 1 114688 118784
553 1 442368 446464
167 1 425984 430080
198 1 94208 98304
817 1 16384 20480
185 1 53248 57344
167 1 217088 221184
725 1 442368 446464
592 2 446464 458752 458752 479232
167 1 208896 212992
167 1 450560 454656
42 1 376832 380928
561 1 188416 192512
902 2 196608 262144 262144 327680
902 2 393216 458752 458752 524288
126 4 262144 327680 327680 393216 393216 458752 458752 524288
127 3 0 65536 65536 131072 131072 196608
450 1 196608 262144
126 1 196608 262144
0 1 196608 204800
831 1 245760 249856
813 1 204800 208896
61 1 237568 253952
158 1 413696 417792
549 1 102400 106496
813 1 270336 282624
40 1 69632 73728
109 1 368640 376832
109 1 376832 380928
61 1 253952 262144
62 1 0 12288
813 1 212992 221184
803 1 204800 217088
895 1 163840 167936
924 1 155648 158720
476 1 245760 249856
702 1 458752 466944
0 1 208896 212992
719 1 131072 135168
636 1 479232 483328
83 1 393216 397312
424 1 28672 32768
972 3 159744 196608 196608 262144 262144 290816
813 1 270336 274432
1 1 176128 180224
862 1 0 4096
923 2 122880 131072 131072 155648
175 1 90112 94208
64 1 258048 262144
701 1 167936 176128
768 1 241664 245760
773 1 40960 43520
497 1 311296 327680
895 1 20480 24576
591 1 446464 450560
265 1 516096 520192
608 1 208896 212992
276 1 32768 36864
345 1 86016 90112
635 1 188416 196608
3 1 327680 331776
813 1 278528 282624
345 1 86016 90112
561 1 98304 110592
636 1 290816 294912
107 1 331776 352256
256 1 417792 454656
877 1 495616 499712
953 1 114688 118784
31 1 8192 12288
153 1 471040 475136
328 3 32768 65536 65536 131072 131072 184832
171 1 315392 323584
813 1 258048 262144
282 1 323584 327680
301 1 278528 282624
252 2 241152 262144 262144 270336
813 1 323584 327680
963 1 204800 212992
138 1 335872 344064
292 1 462848 475136
291 1 356352 364544
214 1 434176 438272
969 1 307200 311296
91 1 339968 344064
808 1 483328 487424
315 1 184320 188416
91 1 315392 319488
667 1 467456 471040
667 3 373248 393216 393216 458752 458752 467456
803 1 331776 335872
674 4 98304 131072 131072 196608 196608 262144 262144 266752
673 3 360448 393216 393216 458752 458752 524288
674 2 0 65536 65536 94208
508 1 458752 462848
504 1 94208 98304
630 1 143360 151552
496 1 4096 8192
160 1 344064 380928
160 1 380928 385024
803 1 266240 270336
162 1 417792 421888
460 5 201216 262144 262144 327680 327680 393216 393216 458752 458752 524288
461 4 0 65536 65536 131072 131072 196608 196608 201216
55 1 389120 393216
803 1 331776 335872
674 4 266752 327680 327680 393216 393216 458752 458752 524288
675 5 0 65536 65536 131072 131072 196608 196608 262144 262144 266752
551 1 90112 94208
909 1 12288 16384
461 5 201216 262144 262144 327680 327680 393216 393216 458752 458752 524288
462 4 0 65536 65536 131072 131072 196608 196608 201216
326 1 360448 364544
326 1 348160 352256
547 1 507904 516096
883 1 483328 487424
738 2 32768 65536 65536 98304
819 1 172032 176128
668 1 208896 245760
519 1 176128 178688
738 1 98304 102400
661 1 212992 241664
883 1 393216 397312
357 1 348160 350720
883 1 458752 462848
883 1 417792 421888
177 1 90112 98304
127 1 0 4096
761 2 114688 131072 131072 167936
129 1 4096 12288
136 1 77824 86016
769 2 352256 393216 393216 434176
136 1 86016 90112
938 1 413696 421888
259 1 77824 81920
938 1 262144 278528
216 1 20480 32768
686 2 311296 327680 327680 331776
316 1 163840 172032
316 1 368640 380928
852 1 401408 421888
896 1 77824 90112
130 1 180224 184320
862 1 143360 155648
28 1 356352 364544
745 1 278528 282624
28 1 364544 368640
998 1 212992 233472
745 1 278528 282624
803 1 270336 274432
745 1 278528 282624
256 1 323584 327680
807 1 446464 454656
336 1 454656 458752
297 1 491520 499712
467 1 192512 196608
186 1 299008 311296
561 1 200704 204800
467 1 200704 204800
561 1 172032 184320
561 1 208896 212992
467 1 208896 212992
473 3 49152 65536 65536 131072 131072 135168
473 4 139264 196608 196608 262144 262144 327680 327680 352256
813 1 200704 204800
96 1 512000 516096
110 1 389120 393216
96 1 446464 454656
803 1 282624 286720
358 1 520192 524288
110 1 389120 393216
863 1 327680 335872
96 1 516096 520192
851 1 139264 143360
110 1 389120 393216
998 1 331776 352256
851 2 24576 65536 65536 73728
803 1 217088 225280
96 1 450560 454656
851 1 143360 147456
96 1 516096 520192
100 1 262144 266240
408 1 147456 151552
100 1 233472 241664
226 1 368640 372736
144 6 143360 196608 196608 262144 262144 327680 327680 393216 393216 458752 458752 524288
145 2 0 65536 65536 114688
383 1 208896 212992
943 1 421376 425472
556 1 499712 524288
557 8 0 65536 65536 131072 131072 196608 196608 262144 262144 327680 327680 393216 393216 458752 458752 499712
557 1 499712 524288
558 8 0 65536 65536 131072 131072 196608 196608 262144 262144 327680 327680 393216 393216 458752 458752 499712
12 1 65536 69632
803 1 315392 323584
949 2 61440 65536 65536 73728
941 1 507904 524288
942 1 0 4096
0 1 438272 458752
683 1 65536 69632
951 1 319488 323584
803 1 204800 208896
975 1 479232 524288
976 2 0 65536 65536 73728
245 1 360448 368640
245 1 368640 372736
310 1 208896 212992
26 1 217088 225280
168 1 315392 323584
43 1 32768 36864
179 1 8192 10752
43 1 36864 40960
43 1 40960 45056
54 1 516096 520192
813 1 323584 327680
728 1 12288 16384
813 1 266240 270336
728 1 20480 24576
728 1 24576 28672
21 1 372736 380928
0 1 483328 487424
863 1 188416 192512
5 1 28672 32768
902 1 225280 229376
4 1 495616 499712
983 1 241664 245760
478 1 172032 180224
912 1 372736 380928
118 1 192512 196608
7 1 86016 90112
575 1 110592 114688
89 1 245760 249856
575 1 114688 126976
680 1 307200 311296
276 1 36864 40960
813 1 212992 217088
205 1 339968 360448
345 1 86016 90112
46 1 36864 45056
335 1 299008 303104
451 1 491520 494592
628 1 356352 360448
345 1 86016 94208
714 1 475136 483328
265 1 516096 520192
175 1 94208 98304
813 1 208896 221184
682 1 356352 364544
813 1 278528 282624
996 6 159744 196608 196608 262144 262144 327680 327680 393216 393216 458752 458752 524288
997 3 0 65536 65536 131072 131072 143872
327 6 152064 196608 196608 262144 262144 327680 327680 393216 393216 458752 458752 524288
929 2 106496 131072 131072 188416
724 1 352256 353792
928 2 418304 458752 458752 524288
929 2 0 65536 65536 102400
83 1 266240 270336
788 1 495616 498688
925 1 495616 503808
850 1 425984 442368
587 1 73728 77824
410 1 106496 110592
609 1 110592 115200
938 1 446464 450560
608 7 111104 131072 131072 196608 196608 262144 262144 327680 327680 393216 393216 458752 458752 524288
609 2 0 65536 65536 106496
718 1 131072 143360
223 1 393216 397312
668 1 196608 200704
609 1 115200 131072
668 1 217088 221184
223 1 389120 393216
609 6 172032 196608 196608 262144 262144 327680 327680 393216 393216 458752 458752 524288
610 3 0 65536 65536 131072 131072 156160
43 1 36864 57344
973 1 315392 327680
0 1 16384 20480
328 1 0 4096
433 1 114688 118784
389 1 98304 102400
877 1 262144 266240
171 1 278528 299008
259 3 348672 393216 393216 458752 458752 524288
260 6 0 65536 65536 131072 131072 196608 196608 262144 262144 327680 327680 348672
8 1 12288 16384
128 1 450560 454656
877 1 327680 348160
877 1 278528 282624
260 3 348672 393216 393216 458752 458752 524288
261 6 0 65536 65536 131072 131072 196608 196608 262144 262144 327680 327680 348672
930 1 28672 65536
877 1 344064 368640
740 1 335872 339968
657 1 335872 344064
427 1 86016 90112
697 1 360448 364544
659 2 376832 393216 393216 458752
659 1 458752 462848
775 1 458752 462848
753 1 110592 114688
659 1 462848 516096
659 1 516096 520192
753 1 110592 114688
659 1 520192 524288
660 1 0 40960
660 1 40960 45056
356 1 65536 81920
54 1 483328 491520
54 1 491520 495616
471 6 151552 196608 196608 262144 262144 327680 327680 393216 393216 458752 458752 524288
472 3 0 65536 65536 131072 131072 135168
888 1 241664 245760
467 1 241664 245760
153 1 339968 344064
467 1 221184 225280
209 1 310784 314880
209 1 310784 314880
96 1 421888 425984
139 1 262144 282624
139 1 282624 294912
96 1 487424 491520
814 1 323584 327680
803 1 204800 208896
5 1 131072 143360
803 1 200704 204800
5 1 143360 147456
4 1 520192 524288
5 1 196608 208896
803 1 270336 274432
49 1 487424 507904
432 1 36864 40960
654 1 348160 360448
354 1 475136 507904
381 1 167936 196608
95 1 376832 380928
432 1 45056 49152
381 1 262144 266240
972 1 368640 372736
813 1 258048 262144
963 1 212992 217088
397 2 427008 458752 458752 524288
398 2 0 65536 65536 81920
138 1 344064 348160
858 1 393216 397312
301 1 278528 282624
858 1 397312 401408
813 1 323584 327680
55 1 155648 176128
932 1 478720 486912
50 1 155136 167424
745 1 278528 286720
292 1 507904 520192
745 1 282624 286720
855 1 299008 303104
102 1 446464 454656
102 1 454656 458752
855 1 299008 303104
102 1 458752 466944
813 1 204800 208896
637 1 53248 56320
102 1 466944 471040
855 1 299008 303104
102 1 471040 479232
102 1 479232 483328
855 1 299008 303104
102 1 483328 491520
102 1 491520 495616
606 1 401408 413696
858 1 397312 401408
813 1 274432 278528
883 1 393216 397312
606 1 413696 417792
567 1 307200 311296
924 1 155648 160768
52 1 237568 258048
883 1 389120 393216
813 1 196608 200704
567 1 520192 524288
912 1 434176 438272
318 1 466944 471040
769 1 0 2048
445 1 331776 335872
813 1 262144 266240
284 1 438272 442368
562 1 167936 176128
67 2 53248 65536 65536 86016
128 1 483328 487424
64 1 425984 438272
197 1 294912 315392
337 1 28672 53248
64 1 483328 491520
64 1 421888 425984
64 1 487424 491520
64 1 421888 425984
592 1 299008 323584
673 1 61440 65536
670 1 176128 177664
64 1 487424 491520
902 1 225280 229376
478 1 176128 180224
604 1 343552 347648
80 1 32256 36352
604 1 318976 323072
118 1 372224 376320
1 1 265728 269824
947 2 385024 393216 393216 454656
111 1 512000 516096
144 1 450560 454656
418 1 471040 472064
76 1 356352 368640
144 1 516096 520192
214 1 430080 434176
849 1 90112 110592
507 1 262144 266240
632 1 192512 194048
632 1 188416 192000
506 1 270336 303104
803 1 204800 208896
843 1 282624 303104
8 1 81920 94208
13 5 200704 262144 262144 327680 327680 393216 393216 458752 458752 524288
14 1 0 4096
507 1 274432 299008
506 1 311296 327680
706 1 69632 117248
383 1 499712 503808
35 1 114688 131072
384 1 208896 212992
323 2 421888 458752 458752 524288
145 2 114688 131072 131072 151552
418 1 147456 151552
224 2 446464 458752 458752 462848
483 1 278528 282624
69 1 380928 385024
397 1 471040 475136
69 1 393216 397312
75 1 360448 380928
444 1 90112 110592
293 5 196608 262144 262144 327680 327680 393216 393216 458752 458752 524288
294 3 0 65536 65536 131072 131072 196608
782 1 81920 86016
294 5 196608 262144 262144 327680 327680 393216 393216 458752 458752 524288
295 3 0 65536 65536 131072 131072 196608
769 1 90112 94208
209 1 86016 90112
295 5 196608 262144 262144 327680 327680 393216 393216 458752 458752 524288
296 3 0 65536 65536 131072 131072 196608
149 1 151552 159744
443 1 462848 471040
848 1 434176 454656
867 1 4096 8192
962 1 339968 356352
436 1 487424 491520
943 1 40960 45056
203 1 143360 152576
883 1 401408 405504
11 1 290816 299008
943 1 36864 40960
11 1 299008 303104
331 1 241664 262144
854 1 77824 94208
679 1 323584 327680
510 1 4096 8192
186 1 126976 131072
3 1 126976 131072
188 1 286720 290816
682 1 200704 208896
4 1 65536 77824
371 1 274432 282624
682 1 208896 212992
276 1 376832 377856
698 1 315392 319488
584 2 282624 327680 327680 335872
476 1 450560 454656
28 3 352768 393216 393216 458752 458752 524288
29 6 0 65536 65536 131072 131072 196608 196608 262144 262144 327680 327680 352768
91 1 351744 355840
64 1 483328 487424
420 1 512000 516096
575 1 126976 131072
713 2 450560 458752 458752 524288
714 1 0 65536
153 1 372736 376832
153 2 323584 327680 327680 331776
153 1 356352 364544
153 1 303104 315392
931 1 114688 122880
153 1 348160 352256
822 1 400896 409088
986 1 15872 19968
25 1 28672 32768
948 1 200192 204288
842 2 311296 327680 327680 356352
883 1 458752 462848
114 1 450048 454144
21 1 380928 385024
54 1 516096 520192
813 1 323584 327680
728 1 28672 32768
728 1 86016 90112
728 1 90112 94208
842 1 356352 360448
80 1 69120 73216
296 5 196608 262144 262144 327680 327680 393216 393216 458752 458752 524288
297 3 0 65536 65536 131072 131072 196608
276 1 32768 36864
48 1 487424 491520
158 1 319488 320512
682 1 368640 372736
159 1 61440 65536
74 1 360448 361472
345 1 90112 94208
921 1 344064 352256
813 1 212992 217088
345 1 90112 94208
404 1 319488 323584
91 1 262144 278528
276 1 36864 40960
265 1 516096 520192
297 1 40960 45056
872 1 180224 188416
558 1 4096 12288
7 1 176128 180224
170 1 159744 163840
813 1 270336 274432
894 1 159744 163840
244 1 172032 176128
904 1 401408 405504
603 1 32768 49152
591 1 413696 430080
848 1 221184 241664
833 1 327680 331776
603 2 114688 131072 131072 147456
95 1 368640 376832
244 1 184320 188416
244 1 253952 262144
603 1 147456 151552
229 1 299008 311296
848 1 241664 245760
848 1 278528 286720
972 1 360448 364544
381 1 266240 270336
286 1 126976 131072
158 1 32768 36864
158 1 40960 45056
432 1 397312 401408
729 1 315392 319488
247 1 454656 458752
247 1 450560 454656
729 1 327680 331776
80 1 372736 380928
130 1 8192 16384
878 1 28672 32768
209 1 372736 389120
153 1 475136 483328
948 4 196608 262144 262144 327680 327680 393216 393216 430592
655 2 393728 458752 458752 524288
656 7 0 65536 65536 131072 131072 196608 196608 262144 262144 327680 327680 393216 393216 393728
874 1 454656 458752
130 1 16384 20480
328 3 184832 196608 196608 262144 262144 299008
997 6 143872 196608 196608 262144 262144 327680 327680 393216 393216 458752 458752 524288
998 3 0 65536 65536 131072 131072 143872
426 1 110592 114688
989 2 258048 262144 262144 266240
803 1 253952 258048
384 1 262144 266240
420 1 278528 282624
145 6 155648 196608 196608 262144 262144 327680 327680 393216 393216 458752 458752 524288
146 2 0 65536 65536 118784
386 1 36864 40960
658 1 274432 290816
883 1 393216 397312
622 1 483328 524288
196 1 73728 77824
658 1 290816 311296
813 1 270336 274432
5 1 454656 458752
883 1 483328 487424
903 2 131072 196608 196608 262144
149 4 262144 327680 327680 393216 393216 458752 458752 524288
150 4 0 65536 65536 131072 131072 196608 196608 262144
853 4 262144 327680 327680 393216 393216 458752 458752 524288
854 4 0 65536 65536 131072 131072 196608 196608 262144
278 1 442368 446464
855 4 262144 327680 327680 393216 393216 458752 458752 524288
856 3 0 65536 65536 131072 131072 172032
488 1 135168 143360
854 4 262144 327680 327680 393216 393216 458752 458752 524288
855 4 0 65536 65536 131072 131072 196608 196608 262144
48 3 118784 131072 131072 196608 196608 203776
26 1 225280 229376
503 3 118784 131072 131072 196608 196608 210944
169 1 520192 524288
170 1 0 11264
996 1 151552 159744
848 1 307200 323584
282 1 208896 212992
265 1 258048 262144
297 5 196608 262144 262144 327680 327680 393216 393216 458752 458752 524288
298 3 0 65536 65536 131072 131072 196608
848 1 368640 376832
848 1 409600 421888
298 5 196608 262144 262144 327680 327680 393216 393216 458752 458752 524288
299 3 0 65536 65536 131072 131072 196608
435 1 327680 331776
300 4 196608 262144 262144 327680 327680 393216 393216 458752
236 1 335872 344064
951 1 360448 368640
299 5 196608 262144 262144 327680 327680 393216 393216 458752 458752 524288
300 3 0 65536 65536 131072 131072 196608
334 1 143360 145920
896 1 151552 167936
829 1 278528 299008
416 1 0 65536
539 1 208896 209408
883 1 421888 425984
80 1 32256 36352
384 1 478720 482816
955 1 470528 474624
955 1 445952 450048
604 1 310784 318976
689 1 335360 339456
129 1 331264 335360
745 1 282624 286720
745 1 282624 286720
803 1 266240 270336
676 3 110592 131072 131072 196608 196608 221696
675 4 266752 327680 327680 393216 393216 458752 458752 524288
676 2 0 65536 65536 90112
188 1 94208 98304
646 2 65536 131072 131072 135168
61 1 98304 102400
46 1 516096 520192
41 2 253952 262144 262144 270336
462 5 201216 262144 262144 327680 327680 393216 393216 458752 458752 524288
463 4 0 65536 65536 131072 131072 196608 196608 201216
215 1 143360 147456
41 1 270336 274432
171 2 376832 393216 393216 397312
803 1 270336 274432
676 4 287232 327680 327680 393216 393216 458752 458752 524288
677 5 0 65536 65536 131072 131072 196608 196608 262144 262144 287232
188 1 94208 106496
463 3 201216 262144 262144 327680 327680 364544
508 1 32768 34816
813 1 204800 221184
111 1 512000 516096
813 1 208896 221184
144 1 450560 454656
675 1 221184 223744
144 1 516096 520192
153 1 389120 393216
170 1 12288 16384
153 1 434176 446464
685 1 81920 86016
384 1 163840 167936
153 1 380928 385024
837 1 385024 389120
153 1 409600 413696
153 1 466944 475136
437 1 32768 53248
813 1 294912 299008
685 1 90112 94208
153 1 417792 430080
962 1 356352 372736
883 1 466944 475136
203 1 163840 173056
943 1 40960 45056
137 1 302592 314880
115 1 81408 85504
955 1 343552 347648
604 1 294400 298496
604 1 286208 290304
604 2 327168 327680 327680 331264
604 1 335360 339456
758 1 192000 196096
118 1 192512 196608
118 1 487424 491520
883 1 393216 405504
867 1 12288 16384
804 1 454656 458752
980 1 335872 339968
391 1 94208 102400
23 1 364544 372736
531 1 126976 131072
440 1 471040 475136
23 1 372736 376832
531 1 159744 163840
575 1 286720 290816
371 1 282624 286720
463 1 376832 380928
249 1 253952 258048
249 1 225280 229376
751 1 434176 446464
224 1 380928 385024
719 1 352256 385024
91 1 376832 380928
995 1 495616 499712
369 1 106496 110592
109 1 299008 303104
128 1 446464 450560
112 1 282624 286720
778 1 290816 303104
116 1 421888 425984
873 1 421888 425984
188 1 286720 290816
226 1 368640 372736
327 7 65536 131072 131072 196608 196608 262144 262144 327680 327680 393216 393216 458752 458752 524288
328 1 0 65536
389 1 376832 380928
803 1 319488 323584
500 1 229376 258048
946 1 86016 90112
938 1 516096 520192
777 1 176128 180224
803 1 204800 208896
924 1 208896 212992
926 1 446464 450560
432 1 520192 524288
83 1 270336 274432
856 1 24576 28672
316 1 352256 354304
328 4 303104 327680 327680 393216 393216 458752 458752 524288
329 3 0 65536 65536 131072 131072 188928
256 1 454656 458752
977 1 180224 184320
80 1 380928 385024
153 1 483328 487424
67 1 339968 356352
24 1 458752 462848
110 1 389120 393216
96 1 450560 454656
96 1 516096 520192
998 1 352256 364544
243 1 311296 327680
110 1 389120 393216
654 1 106496 110592
110 1 389120 393216
96 1 450560 454656
96 1 516096 524288
110 1 389120 393216
67 1 356352 376832
364 1 69632 73728
584 1 335872 339968
474 1 151552 163840
89 1 241664 245760
575 1 131072 143360
197 1 278528 299008
575 1 143360 147456
463 1 512000 516096
139 1 65536 131072
852 1 376832 385024
614 1 98304 118784
852 1 385024 389120
721 3 0 65536 65536 131072 131072 196608
614 1 118784 122880
420 1 356352 376832
813 1 208896 217088
45 1 499712 507904
236 1 344064 348160
268 1 241664 245760
292 1 262144 287232
77 1 483328 487424
434 1 393216 426496
896 1 98304 102400
666 2 192512 196608 196608 212992
941 1 77824 94208
735 1 475136 479232
894 1 8192 12288
735 1 487424 491520
153 1 479232 491520
837 1 360448 364544
434 1 499712 524288
435 3 0 65536 65536 131072 131072 163840
170 1 53248 61440
182 1 491520 495616
170 1 20480 40960
170 1 81920 86016
893 1 520192 524288
248 1 270336 274432
460 2 377856 393216 393216 443392
7 1 65536 81920
8 1 12288 16384
993 1 159744 163840
191 1 253952 258048
741 1 7680 11776
28 1 81920 86016
28 2 94208 131072 131072 147456
770 1 49152 53248
322 2 73728 131072 131072 147456
15 1 503808 524288
16 1 0 24576
894 1 278528 282624
443 1 356352 360448
269 2 184320 196608 196608 249856
5 1 184320 188416
427 2 241664 262144 262144 307200
28 1 212992 221184
5 2 249856 262144 262144 307200
467 1 12288 16384
956 1 360448 364544
247 1 458752 462848
467 1 20480 24576
851 1 253952 258048
970 1 299008 303104
970 1 307200 311296
521 1 278528 282624
428 1 12288 16384
432 1 499712 507904
957 1 409600 413696
445 1 344064 348160
318 1 499712 507904
924 1 159744 162816
129 2 389120 393216 393216 397312
451 1 61440 65536
858 1 393216 397312
129 1 397312 401408
649 1 273920 278016
558 1 188416 190464
924 1 159744 164864
858 1 397312 401408
924 1 163840 164864
717 1 131072 196608
403 1 192512 196608
858 1 393216 397312
165 1 372736 393216
501 1 122880 126976
664 1 409600 413696
664 1 466944 471040
571 2 122880 131072 131072 147456
571 1 147456 151552
165 1 393216 405504
448 1 143360 147456
441 1 229376 231424
265 1 81920 86528
210 1 249856 258048
210 1 258048 262144
72 1 352256 360448
477 1 4096 12288
404 1 167936 188416
72 1 360448 364544
891 2 294912 327680 327680 344064
158 1 332288 333312
158 1 333312 334336
158 1 334336 335360
158 1 335360 336384
158 1 336384 337408
158 1 337408 338432
588 1 36864 49152
115 1 512000 524288
116 1 0 53248
491 1 376832 380928
3 1 188416 192512
231 1 114688 122880
111 1 512000 516096
156 5 221184 262144 262144 327680 327680 393216 393216 458752 458752 524288
157 1 0 12800
157 8 12800 65536 65536 131072 131072 196608 196608 262144 262144 327680 327680 393216 393216 458752 458752 524288
158 1 0 12800
110 1 24576 45056
158 1 12800 40960
68 1 495616 512000
183 2 249856 262144 262144 315392
183 1 512000 524288
184 2 0 65536 65536 118784
184 2 184320 196608 196608 249856
184 2 315392 327680 327680 380928
800 2 319488 327680 327680 352256
184 1 512000 524288
185 1 0 53248
185 3 118784 131072 131072 196608 196608 221696
185 1 221696 249856
110 1 45056 53248
813 1 270336 282624
