#StripeID,rangenumber,BlockOffsetStart,BlockOffsetEnd
837 1 98304 118784
353 1 360448 363520
32 1 118784 122880
373 1 475136 479232
72 1 372736 380928
141 1 303104 307200
754 1 249856 262144
965 1 368640 372736
761 1 372736 376832
656 1 270336 274432
131 1 102400 106496
778 1 450560 454656
837 1 106496 110592
624 1 221184 222720
860 1 40960 45056
363 1 356352 360448
117 1 180224 184320
73 1 80896 118784
918 1 196608 200704
497 1 446464 450560
116 1 471040 475136
119 1 290816 294912
783 1 487424 491520
769 1 425984 430080
43 1 299008 303104
479 1 512000 516096
810 1 61440 65536
116 1 401408 413696
736 1 221184 225280
117 1 212992 221184
877 1 483328 487424
498 1 172032 176128
813 1 221184 229376
16 1 20480 24576
190 1 491520 524288
191 1 0 32768
813 1 204800 208896
191 2 425984 458752 458752 491520
813 1 196608 200704
193 1 499712 524288
194 1 0 40960
196 1 65536 131072
197 1 65536 127488
78 1 385024 393216
226 6 131584 196608 196608 262144 262144 327680 327680 393216 393216 458752 458752 524288
227 2 0 65536 65536 110592
442 1 475136 496128
442 1 496128 524288
443 1 0 16384
0 1 0 4096
214 1 196608 204800
324 1 65536 131072
376 1 57344 61440
324 1 458752 494592
813 1 266240 270336
214 1 200704 204800
376 1 57344 61440
813 1 266240 270336
807 1 122880 126976
807 1 450560 454656
811 1 233472 241664
998 1 196608 262144
991 2 368640 393216 393216 454656
813 1 270336 274432
991 1 454656 458752
813 1 204800 212992
811 1 237568 245760
635 1 475136 479232
915 1 212992 217088
813 1 270336 274432
160 1 45056 49152
107 1 479232 483328
931 1 245760 249856
107 1 487424 495616
550 1 299008 311296
244 1 233472 241664
244 1 241664 245760
25 1 0 4096
960 1 139264 140288
139 1 270336 274432
429 1 102400 110592
454 1 491520 495616
396 1 217088 221184
42 1 495616 499712
786 1 442368 446464
102 1 410112 412160
50 1 364544 368640
35 1 114688 118784
663 7 0 65536 65536 131072 131072 196608 196608 262144 262144 327680 327680 393216 393216 450560
752 1 458752 462848
381 1 339968 344064
201 1 368640 372736
803 1 77824 81920
547 1 507904 512000
181 1 98304 102400
716 1 131072 135168
138 1 106496 110592
517 3 204800 262144 262144 327680 327680 348160
504 1 389120 393216
95 1 430080 434176
936 1 315392 319488
504 1 348160 385024
961 1 335872 339968
133 1 122880 126976
586 1 139264 143360
522 1 102400 106496
133 1 98304 102400
907 1 102400 106496
200 1 126976 131072
133 1 114688 118784
955 1 36864 40960
139 1 139264 143360
305 1 294912 299008
669 1 503808 524288
670 2 0 65536 65536 110592
230 5 163840 196608 196608 262144 262144 327680 327680 393216 393216 425984
963 1 131072 172032
49 1 499712 524288
50 1 0 4096
241 1 24576 28672
241 1 20480 24576
849 1 356352 372736
813 1 274432 282624
699 1 491520 524288
700 1 0 32768
803 1 217088 221184
598 1 466944 471040
42 2 438272 458752 458752 462848
975 1 348160 352256
770 1 151552 155648
119 1 299008 303104
43 1 315392 319488
956 1 143360 147456
810 1 69632 73728
736 1 503808 507904
487 1 348160 356352
387 1 487424 491520
117 1 258048 262144
626 2 233472 262144 262144 290816
770 1 196608 200704
43 1 323584 327680
119 1 368640 380928
858 1 397312 401408
528 1 499712 503808
117 1 311296 315392
777 1 212992 217088
515 1 340992 342016
664 1 110592 114688
109 1 474112 475136
251 1 40960 45056
810 1 273920 278016
527 1 179712 180736
803 1 290816 294912
10 1 125440 126464
894 1 393216 397312
568 1 442368 450560
504 1 32768 36864
479 1 352256 356352
439 1 180224 184320
270 1 217088 225280
270 1 225280 229376
459 1 331776 335872
270 1 229376 237568
270 1 237568 241664
439 1 180224 184320
535 1 405504 408576
103 5 209408 262144 262144 327680 327680 393216 393216 458752 458752 524288
104 4 0 65536 65536 131072 131072 196608 196608 209408
104 1 209408 229376
104 5 241664 262144 262144 327680 327680 393216 393216 458752 458752 524288
105 4 0 65536 65536 131072 131072 196608 196608 221696
105 5 221696 262144 262144 327680 327680 393216 393216 458752 458752 524288
106 4 0 65536 65536 131072 131072 196608 196608 221696
106 5 221696 262144 262144 327680 327680 393216 393216 458752 458752 524288
107 4 0 65536 65536 131072 131072 196608 196608 208896
352 1 270336 283136
56 1 372736 393216
352 2 283136 327680 327680 335872
58 1 0 12288
353 2 204800 262144 262144 268800
395 1 135168 139264
904 1 253952 258048
357 2 389120 393216 393216 413696
308 1 53248 65536
357 1 413696 417792
245 1 376832 385024
432 1 507904 524288
433 1 0 12288
929 1 40960 45056
609 1 229376 230912
662 1 499712 501248
653 1 217088 218624
258 1 442368 445440
245 1 385024 389120
58 1 241664 245760
806 1 507904 524288
807 1 0 57344
573 1 507904 524288
574 1 0 57344
574 1 57344 61440
679 1 245760 249856
803 1 196608 200704
767 2 184320 196608 196608 262144
767 1 262144 266240
808 1 311296 315392
111 1 401408 409600
231 1 274432 307200
111 1 409600 413696
912 1 311296 315392
584 1 331776 336384
377 1 409600 413696
519 1 397312 399872
377 1 438272 450560
152 1 180224 184320
869 1 196608 200704
183 1 90112 98304
152 1 204800 208896
805 1 442368 446464
158 1 253952 258048
191 1 462848 466944
862 2 126976 131072 131072 163840
668 1 372736 380928
668 1 380928 385024
214 1 122880 126976
991 1 458752 483328
813 1 274432 278528
954 1 465408 465920
613 1 462848 466944
407 1 417792 421888
17 1 217088 221184
488 1 335872 356352
498 1 217088 221184
804 1 479232 487424
687 1 417792 421888
771 1 167936 172032
875 1 380928 385024
777 1 188416 196608
483 1 40960 45056
153 1 159744 163840
37 1 245760 262144
998 2 225280 262144 262144 290816
301 1 495616 524288
302 8 0 65536 65536 131072 131072 196608 196608 262144 262144 327680 327680 393216 393216 458752 458752 495616
166 1 81920 86016
300 2 278528 327680 327680 344064
803 1 270336 274432
993 2 155648 196608 196608 221184
880 2 450560 458752 458752 516096
882 1 516096 524288
883 3 0 65536 65536 131072 131072 188416
906 1 327680 331776
29 2 110592 131072 131072 176128
803 1 200704 204800
881 6 188416 196608 196608 262144 262144 327680 327680 393216 393216 458752 458752 516096
303 3 372736 393216 393216 458752 458752 499712
881 1 516096 524288
882 8 0 65536 65536 131072 131072 196608 196608 262144 262144 327680 327680 393216 393216 458752 458752 516096
37 1 368640 372736
444 1 450560 454656
302 1 495616 524288
303 6 0 65536 65536 131072 131072 196608 196608 262144 262144 327680 327680 368640
268 1 49152 53248
367 1 253952 254464
223 1 397312 401408
176 1 462848 475136
625 1 143360 147456
667 1 16384 20480
626 1 167936 172032
603 1 143360 151552
603 1 212992 217088
345 1 385024 389120
611 1 73728 77824
579 1 98304 102400
271 1 122880 124416
71 2 110592 131072 131072 135168
223 1 397312 401408
223 1 389120 393216
27 1 339968 348160
932 1 331776 335872
932 1 319488 323584
803 1 196608 200704
875 1 380928 385024
875 1 380928 389120
987 1 196608 200704
987 1 208896 212992
357 1 159744 163840
541 1 294912 295424
875 1 380928 385024
767 1 12288 20480
837 1 483328 491520
42 1 217088 221184
847 1 471040 524288
848 1 0 8192
298 1 196608 262144
67 7 94208 131072 131072 196608 196608 262144 262144 327680 327680 393216 393216 458752 458752 524288
68 2 0 65536 65536 74240
516 1 360448 364544
786 1 364544 366080
68 7 74240 131072 131072 196608 196608 262144 262144 327680 327680 393216 393216 458752 458752 524288
69 2 0 65536 65536 74240
69 7 74240 131072 131072 196608 196608 262144 262144 327680 327680 393216 393216 458752 458752 524288
70 1 0 8704
516 4 307200 327680 327680 393216 393216 458752 458752 524288
517 3 0 65536 65536 131072 131072 163840
538 1 77824 86016
524 1 208896 212992
472 1 335872 339968
504 1 393216 397312
267 2 335872 393216 393216 401408
693 1 98304 114688
693 1 90112 98304
693 3 114688 131072 131072 196608 196608 221184
163 1 196608 200704
991 1 245760 249856
256 1 221184 225280
757 1 192512 196608
495 1 110592 114688
117 1 327680 331776
119 1 450560 454656
936 1 57344 61440
180 1 245760 249856
839 1 217088 221184
499 1 188416 192512
6 1 184320 188416
275 1 491520 495616
841 1 98304 102400
435 1 360448 364544
771 1 249856 253952
772 1 135168 139264
117 1 335872 339968
73 1 114688 115200
495 1 126976 131072
812 1 24576 36864
119 1 462848 466944
69 1 503808 506368
374 1 131072 192512
156 4 262144 327680 327680 393216 393216 458752 458752 524288
18 1 217088 225280
18 1 225280 229376
154 1 458752 524288
155 3 0 65536 65536 131072 131072 196608
153 1 458752 524288
154 7 0 65536 65536 131072 131072 196608 196608 262144 262144 327680 327680 393216 393216 458752
361 2 40960 65536 65536 106496
343 1 311296 315392
803 1 204800 212992
167 1 344064 346112
862 1 159744 163840
938 1 184320 188416
668 1 385024 393216
297 1 311296 312320
103 1 409600 413696
90 1 331776 332800
816 1 462848 471040
155 2 446464 458752 458752 499712
142 1 462848 466944
142 1 454656 458752
688 1 274432 286720
252 1 135168 139264
252 1 131072 135168
875 1 323584 327680
541 1 303104 303616
109 1 475136 476160
527 1 180736 181760
681 1 200704 204800
10 1 126464 127488
424 1 421888 425984
681 1 204800 208896
803 1 225280 229376
288 1 249856 258048
348 2 323584 327680 327680 331776
145 1 405504 409600
686 1 253952 258048
123 1 253952 258048
936 1 131072 135168
125 1 57344 61440
666 1 442368 446464
323 1 487424 491520
600 1 180224 188416
6 1 425984 458752
8 1 12288 16384
157 1 269824 270848
73 1 45056 53248
574 1 163840 176128
361 1 237568 253952
807 1 212992 217088
580 1 192512 196608
883 2 385024 393216 393216 450560
293 2 12288 65536 65536 77824
16 1 147456 151552
290 2 405504 458752 458752 471040
608 1 294912 299008
516 1 241664 245760
686 1 49152 53248
686 1 57344 65536
955 1 462848 475136
186 1 176128 192512
532 1 188416 192512
534 1 143360 147456
163 1 176128 184320
460 1 151552 172032
186 1 196608 204800
938 2 442368 458752 458752 466944
470 1 32768 45056
163 1 184320 188416
270 1 475136 479232
827 1 106496 110592
876 1 290816 294912
429 1 434176 438272
856 1 200704 202240
902 1 32768 45056
102 1 412160 420352
260 1 450560 454656
311 2 389120 393216 393216 425984
804 1 274432 278528
973 1 348160 352256
418 2 53248 65536 65536 69632
69 1 397312 401408
72 1 438272 442368
63 1 36864 40960
418 1 32768 36864
72 1 454656 458752
452 1 212992 217088
93 1 425984 434176
551 1 49152 65536
499 1 270336 274432
839 1 229376 233472
813 1 290816 294912
771 1 270336 274432
172 1 471040 479232
858 1 393216 397312
925 1 516096 524288
926 1 0 4096
971 1 20480 24576
17 1 282624 290816
119 1 516096 520192
499 1 290816 294912
795 1 397312 401408
93 1 434176 438272
812 1 36864 40960
771 1 483328 487424
551 1 196608 200704
442 1 385024 389120
598 1 512000 516096
485 1 77824 106496
458 1 258048 262144
493 1 356352 360448
641 1 151552 155648
682 2 61440 65536 65536 94208
256 1 241664 245760
693 2 286720 327680 327680 352256
430 1 376832 380928
233 2 364544 393216 393216 417792
340 1 102400 106496
233 1 241664 245760
312 1 323584 327680
298 1 479232 483328
798 1 516096 520192
233 1 483328 516096
233 1 516096 520192
960 3 335872 393216 393216 458752 458752 524288
961 6 0 65536 65536 131072 131072 196608 196608 262144 262144 327680 327680 335872
232 2 163840 196608 196608 229376
588 7 107008 131072 131072 196608 196608 262144 262144 327680 327680 393216 393216 458752 458752 524288
589 2 0 65536 65536 107008
670 2 241664 262144 262144 323584
653 1 438272 442368
883 1 458752 462848
232 2 425984 458752 458752 524288
233 2 0 65536 65536 98304
670 4 323584 327680 327680 393216 393216 458752 458752 503808
397 1 126976 131072
235 1 217088 221184
14 1 225280 245760
628 1 4096 12288
398 1 262144 323584
14 1 245760 249856
813 1 204800 208896
251 1 495616 496128
148 1 430080 450560
138 1 327680 331776
221 1 245760 249856
145 1 131072 132608
251 1 495616 496128
148 2 450560 458752 458752 471040
138 1 331776 335872
251 1 495616 496640
148 1 471040 491520
138 1 327680 331776
251 1 496128 496640
148 1 491520 516096
54 1 503808 507904
138 1 331776 335872
803 1 204800 208896
55 1 208896 212992
140 1 28672 49152
251 1 496128 497152
148 1 516096 524288
149 1 0 12288
299 1 151552 155648
663 1 516096 524288
664 8 0 65536 65536 131072 131072 196608 196608 262144 262144 327680 327680 393216 393216 458752 458752 516096
563 1 221184 262144
69 1 462848 463360
172 1 495616 499712
835 1 475136 479232
499 1 503808 507904
460 1 475136 479232
276 1 188416 192512
321 1 188416 192512
837 1 12288 16384
275 1 480768 481280
813 1 225280 233472
205 1 90112 98304
172 1 507904 512000
908 1 491520 495616
520 1 303104 307200
345 1 512000 524288
346 1 0 20480
858 1 397312 401408
837 1 122880 126976
173 1 28672 32768
886 1 315392 319488
128 2 188416 196608 196608 217088
206 1 393216 417792
50 1 360448 364544
682 1 499712 503808
703 1 315392 319488
868 1 389120 393216
328 1 36864 40960
648 1 311296 327680
650 1 327680 376832
151 1 520192 522752
485 1 499712 503808
489 1 200704 204800
102 1 450560 452096
656 1 208896 212992
251 1 110592 113664
102 1 420352 450560
569 1 16384 57344
197 1 499712 503808
196 1 327680 331776
291 1 8192 12288
102 1 452096 454144
644 1 98304 106496
569 1 57344 61440
259 1 163840 167936
256 1 507904 512000
109 1 476160 477184
527 1 181760 182784
10 1 127488 128512
924 1 442368 446464
48 1 503808 507904
970 1 393216 401408
803 1 290816 294912
858 1 397312 401408
541 1 313344 313856
563 1 299008 315392
357 1 159744 163840
541 1 319488 320000
563 1 315392 319488
859 1 331776 348160
898 1 225280 241664
541 1 327680 328192
965 3 258048 262144 262144 327680 327680 339968
155 1 217088 225280
710 2 454656 458752 458752 462848
287 2 450560 458752 458752 524288
288 7 0 65536 65536 131072 131072 196608 196608 262144 262144 327680 327680 393216 393216 421888
597 1 421888 423424
870 1 270336 274432
765 1 360448 364544
344 1 69632 73728
485 1 106496 110592
693 2 221184 262144 262144 286720
870 1 401408 405504
138 1 327680 331776
166 1 512000 520192
868 1 16384 24576
166 1 520192 524288
255 1 139264 143360
160 1 225280 229376
868 1 20480 24576
209 1 225280 229376
620 1 393216 413696
617 2 36864 65536 65536 110592
413 1 212992 225280
962 1 229376 233472
164 2 278528 327680 327680 344064
52 1 479232 524288
53 1 0 16384
164 1 274432 278528
775 2 286720 327680 327680 356352
650 1 278528 282624
710 1 397312 401408
649 1 327680 331776
775 1 356352 360448
444 2 212992 262144 262144 278528
445 2 278528 327680 327680 344064
446 2 348160 393216 393216 413696
0 1 4096 8192
547 2 454656 458752 458752 520192
548 2 454656 458752 458752 520192
549 2 454656 458752 458752 520192
83 1 270336 274432
551 1 65536 131072
83 1 266240 270336
553 1 0 20992
553 1 20992 65536
506 3 212992 262144 262144 327680 327680 340480
274 1 509440 510976
671 1 503808 524288
672 1 0 45056
505 5 212992 262144 262144 327680 327680 393216 393216 458752 458752 524288
506 4 0 65536 65536 131072 131072 196608 196608 212992
11 1 122880 126976
875 1 139264 143360
831 1 245760 249856
882 1 126976 131072
970 1 409600 412672
883 1 368640 372736
984 1 176128 180224
584 1 8192 12288
358 1 376832 380928
46 1 389120 393216
210 1 94208 98304
305 1 241664 242688
43 1 274432 282624
43 1 282624 286720
157 1 503808 507904
299 1 135168 139264
197 1 430080 434176
206 1 278528 286720
369 1 65536 69632
661 1 121856 122880
530 1 69632 73728
189 1 184320 192512
161 1 442368 454656
807 1 57344 65536
661 1 122880 123904
161 1 454656 458752
697 1 90112 91648
58 1 241664 253952
162 1 0 8192
661 1 123904 124416
189 1 192512 196608
162 1 8192 12288
377 1 507904 524288
378 1 0 8192
661 1 124416 124928
205 1 380928 385024
778 1 98304 106496
155 1 245760 262144
471 1 282624 286720
59 1 512000 516096
180 1 245760 249856
34 1 249856 258048
837 1 225280 229376
173 1 45056 57344
205 1 417792 421888
558 1 217088 221184
84 1 176128 180224
813 1 294912 299008
399 1 24576 40960
28 1 225280 249856
837 1 454656 458752
833 1 360448 364544
960 1 163840 167936
960 1 278528 282624
960 1 311296 315392
960 1 401408 405504
960 1 360448 364544
180 1 61440 65536
180 1 77824 86016
960 1 425984 430080
903 1 286720 294912
833 1 294912 303104
903 1 303104 319488
903 1 356352 364544
538 1 262144 266240
13 1 372736 376832
538 1 245760 258048
926 1 454656 458752
439 1 249856 253952
207 1 270336 274432
333 1 102400 131072
36 1 352256 360448
232 1 57344 65536
333 1 131072 135168
207 1 368640 372736
78 1 393216 397312
252 2 368640 393216 393216 413696
252 1 413696 417792
0 1 405504 407552
423 1 307200 311296
364 1 221184 229376
197 1 487424 499712
637 1 24064 28160
485 1 339968 376832
654 2 430080 458752 458752 466944
654 1 466944 491520
654 1 425984 430080
973 1 348160 352256
171 1 462848 466944
41 1 475136 512000
705 2 241664 262144 262144 294912
600 1 184320 192512
60 1 208896 249856
60 1 512000 524288
61 1 0 53248
157 1 270848 271872
61 1 274432 286720
17 1 118784 122880
61 1 286720 290816
883 1 475136 479232
370 1 200192 208384
157 1 271872 272896
796 1 385024 389120
970 1 405504 409600
939 1 208896 212992
970 1 483328 484352
877 1 434176 438272
938 1 466944 471040
955 1 466944 471040
72 2 323584 327680 327680 331776
163 1 188416 196608
827 1 196608 204800
248 1 69632 131072
163 1 196608 200704
827 1 208896 221184
103 2 245760 262144 262144 311296
248 1 393216 417792
827 1 225280 233472
205 1 126976 131072
62 1 466944 471040
206 1 466944 471040
907 1 135168 180224
0 1 32256 36352
952 1 110080 114176
300 2 344064 393216 393216 409600
619 1 200704 204800
37 1 368640 376832
692 1 49152 53248
884 2 57344 65536 65536 122880
203 2 245760 262144 262144 303104
551 1 417792 425984
883 2 450560 458752 458752 524288
884 1 0 57344
884 1 516096 524288
885 2 0 65536 65536 87552
222 1 69632 73728
293 3 143360 196608 196608 262144 262144 274432
203 1 303104 307200
992 2 155648 196608 196608 221184
303 1 499712 524288
304 8 0 65536 65536 131072 131072 196608 196608 262144 262144 327680 327680 393216 393216 458752 458752 499712
885 1 503808 520192
127 1 315392 319488
885 1 520192 524288
886 6 0 65536 65536 131072 131072 196608 196608 262144 262144 327680 327680 353792
885 6 188416 196608 196608 262144 262144 327680 327680 393216 393216 458752 458752 499712
130 1 143360 147456
290 3 208896 262144 262144 327680 327680 339968
643 1 380928 382976
637 1 331776 335360
515 1 430080 446464
196 1 335872 339968
644 1 106496 110592
311 1 389120 393216
694 1 262144 266240
569 2 61440 65536 65536 69632
569 1 69632 73728
944 1 466944 471040
999 1 393216 397312
664 1 516096 524288
665 3 0 65536 65536 131072 131072 147456
992 1 299008 307200
299 1 0 4096
205 1 483328 487424
778 1 389120 393216
559 1 196608 208896
548 1 122880 126976
778 1 425984 430080
664 1 20480 24576
838 1 147456 151552
295 1 372736 380928
206 1 61440 65536
682 1 286720 303104
778 1 491520 495616
743 1 73728 77824
738 1 98304 102400
840 1 204800 208896
206 1 73728 77824
567 1 307200 311296
457 2 94208 131072 131072 139264
344 1 102400 106496
146 2 258048 262144 262144 323584
284 1 237568 241664
456 4 303104 327680 327680 393216 393216 458752 458752 524288
457 2 0 65536 65536 90112
42 1 438272 442368
364 1 65536 69632
362 2 352256 393216 393216 405504
753 1 315392 323584
328 1 86016 98304
30 1 184320 188416
20 1 16384 20480
783 1 331776 344064
661 1 303104 311296
783 1 344064 348160
757 2 167936 196608 196608 212992
506 1 479232 483328
783 1 348160 356352
930 1 114688 118784
783 1 356352 360448
477 1 417792 450560
477 2 450560 458752 458752 483328
477 1 483328 516096
477 1 516096 524288
478 1 0 24576
478 1 24576 57344
487 1 483328 516096
742 1 65536 98304
742 1 98304 131072
742 1 131072 163840
742 1 163840 196608
742 1 196608 229376
742 1 229376 262144
642 1 147456 151552
641 1 417792 421888
119 1 512000 516096
371 1 188416 192512
373 1 57344 61440
373 1 237568 241664
940 1 458752 462848
877 1 450560 454656
163 1 405504 409600
969 1 466944 469504
464 1 417792 421888
130 1 8192 9216
803 1 225280 237568
221 1 241664 245760
678 1 339968 340480
803 1 299008 303104
44 2 28672 65536 65536 94208
137 1 339968 344064
429 1 102400 110592
342 1 126976 131072
188 1 520192 524288
874 2 40960 65536 65536 81920
836 1 321024 321536
155 1 225280 229376
830 3 106496 131072 131072 196608 196608 208896
767 1 16384 20480
725 1 77824 86016
640 1 507904 512000
73 1 409600 413696
563 2 319488 327680 327680 331776
738 1 368640 372736
538 1 348160 352256
801 1 294912 299008
563 1 331776 335872
104 2 126976 131072 131072 139264
932 1 364544 368640
105 1 8192 12288
553 1 249856 253952
767 1 16384 20480
813 1 270336 311296
875 1 184320 188416
862 1 49152 49664
803 1 360448 364544
875 1 225280 233472
962 1 311296 315392
951 1 331776 332288
951 1 139264 143360
108 1 294912 297984
813 1 241664 245760
813 1 307200 311296
543 1 286720 319488
962 1 311296 315392
813 1 241664 249856
522 1 118784 122880
110 1 327680 331776
813 1 311296 315392
597 1 495616 499712
12 1 44544 48640
952 1 167424 175616
8 1 36352 48640
952 1 142848 159232
952 1 192000 196096
952 1 232960 237056
57 1 396800 400896
57 1 97792 101888
140 1 44544 48640
349 1 245248 249344
90 1 56832 60928
157 1 272896 273920
0 1 196608 204800
157 1 273920 274944
416 1 221184 225280
163 1 499712 503808
159 1 491520 495616
78 1 135168 143360
377 1 503808 507904
321 1 196608 258048
58 1 245760 249856
209 1 425984 430080
162 1 12288 20480
321 1 258048 262144
210 1 233472 245760
661 1 124928 125952
162 1 20480 24576
377 1 507904 512000
661 1 125952 126464
321 1 262144 270336
65 1 421888 430080
233 5 163840 196608 196608 262144 262144 327680 327680 393216 393216 413696
858 1 393216 397312
672 2 176128 196608 196608 241664
589 7 107008 131072 131072 196608 196608 262144 262144 327680 327680 393216 393216 458752 458752 524288
590 2 0 65536 65536 107008
477 1 151552 167936
593 2 77824 131072 131072 143360
409 1 86016 87552
767 1 262144 327680
961 3 339968 393216 393216 458752 458752 524288
962 3 0 65536 65536 131072 131072 163328
693 3 352256 393216 393216 458752 458752 524288
694 4 0 65536 65536 131072 131072 196608 196608 212992
284 1 438272 442368
948 1 12288 16384
485 1 110592 118784
367 1 131072 196608
0 1 0 4096
397 1 483328 487424
8 1 12288 16384
0 1 12288 16384
512 1 0 4096
250 1 184320 188416
718 1 57344 61440
804 1 151552 155648
167 1 483328 524288
168 1 0 28672
164 1 344064 348160
775 1 360448 393216
886 1 212992 233472
326 1 86016 90112
859 1 303104 311296
463 1 159744 163840
779 1 69632 73728
840 1 393216 397312
377 1 40960 49152
207 1 139264 143360
886 1 159744 163840
224 1 315392 319488
473 1 372736 376832
840 1 499712 503808
779 1 81920 86016
947 1 204800 249856
575 1 462848 466944
270 1 475136 507904
601 1 368640 372736
149 1 65536 69632
102 2 454144 458752 458752 515584
309 1 475136 479232
149 1 397312 401408
149 1 126976 131072
966 1 139264 143360
965 1 212992 221184
445 1 77824 86016
569 1 73728 81920
989 1 319488 323584
955 1 466944 471040
827 1 241664 245760
163 1 200704 208896
827 1 249856 253952
248 1 417792 421888
163 1 208896 212992
248 1 421888 458752
727 1 49152 53248
575 1 36864 40960
249 1 65536 114688
618 1 118784 122880
877 1 262144 266240
873 1 212992 221184
794 1 200704 204800
301 1 122880 126976
999 1 397312 405504
864 1 323584 327680
907 1 180224 184320
63 1 36864 40960
81 1 327680 331776
673 6 86016 131072 131072 196608 196608 262144 262144 327680 327680 393216 393216 454656
107 1 245760 249856
864 1 286720 299008
70 1 32768 36864
70 1 126976 131072
791 1 442368 446464
630 1 241664 244736
576 1 299008 303104
924 1 8192 12288
726 1 405504 409600
379 1 245760 249856
316 1 290816 303104
316 1 303104 307200
924 1 8192 12288
316 1 307200 315392
983 1 450560 458752
897 1 188416 192512
739 1 286720 290816
316 1 315392 319488
924 1 8192 16384
316 1 319488 327680
316 1 327680 331776
924 1 12288 16384
98 1 40960 45056
724 1 348160 352256
668 1 393216 397312
938 1 184320 188416
862 1 159744 163840
488 1 466944 471040
500 1 61440 65536
644 1 413696 418816
554 1 65536 131072
555 1 458752 524288
556 1 458752 524288
557 1 393216 458752
558 2 331776 393216 393216 397312
559 2 266240 327680 327680 331776
560 2 200704 262144 262144 266240
540 1 110592 114688
775 1 393216 397312
803 1 233472 237568
136 1 339968 364544
136 1 364544 368640
176 1 417792 421888
157 1 462848 466944
906 1 196608 200704
173 1 0 65536
81 1 446464 450560
77 1 118784 122880
80 1 499712 503808
81 1 397312 401408
70 1 471040 475136
234 1 204800 208896
874 1 147456 151552
874 1 151552 155648
850 1 20480 36864
146 1 45056 49152
56 1 499712 516096
275 1 499712 503808
831 1 491520 495616
275 1 495616 499712
240 2 61440 65536 65536 77824
101 1 393216 397312
453 1 385024 389120
845 1 270336 278528
171 1 311296 327680
440 1 315392 319488
709 1 520192 524288
710 1 0 8192
101 1 405504 409600
9 1 499712 507904
486 1 307200 311296
102 1 421888 425984
486 1 327680 331776
852 1 397312 417792
750 2 24576 65536 65536 114688
430 1 49152 65536
908 1 40960 45056
809 1 466944 479232
197 1 127488 131072
113 1 4096 12288
140 1 49152 61440
803 1 270336 274432
251 1 496640 497152
149 1 12288 32768
138 1 331776 335872
608 1 409088 413184
620 1 232960 237056
602 1 208384 212480
120 2 130560 131072 131072 142848
251 1 496640 497152
576 1 307200 311296
725 1 77824 114688
274 1 249856 253952
725 1 114688 118784
794 1 65536 69632
813 1 229376 233472
279 1 159744 163840
841 1 28672 32768
780 1 147456 151552
279 1 176128 184320
711 1 229376 233472
575 1 499712 503808
841 1 73728 77824
947 1 249856 253952
955 1 180224 184320
606 1 241664 245760
576 1 69632 73728
846 1 266240 270336
711 1 274432 278528
594 2 208896 262144 262144 274432
274 1 510464 512000
123 1 425984 442368
43 1 98304 102400
711 1 512000 516096
421 2 167936 196608 196608 204800
590 7 107008 131072 131072 196608 196608 262144 262144 327680 327680 393216 393216 458752 458752 524288
591 1 0 41472
595 2 352256 393216 393216 417792
858 1 397312 401408
711 1 106496 110592
177 1 98304 102400
587 1 294912 299008
597 2 323584 327680 327680 389120
21 1 331776 335872
421 1 204800 208896
181 1 217088 221184
8 1 135168 139264
8 1 69632 73728
72 1 135168 139264
485 1 118784 122880
252 1 20480 24576
0 1 0 8192
571 1 344064 376832
861 1 516096 520192
82 1 28672 36864
247 1 372736 376832
247 1 466944 475136
370 1 466944 516096
68 1 32768 36864
715 1 151552 155648
223 1 397312 401408
270 1 278528 282624
223 1 393216 397312
68 1 36864 45056
708 1 290816 311296
68 1 45056 49152
0 1 421888 438272
223 1 397312 401408
803 1 274432 282624
270 1 278528 282624
68 1 49152 57344
715 1 155648 163840
68 1 57344 61440
577 2 184320 196608 196608 200704
223 1 393216 397312
349 1 483328 499712
82 1 372736 376832
80 1 446464 450560
74 1 184320 188416
74 1 196608 200704
299 1 266240 270336
626 1 208896 212992
673 2 454656 458752 458752 524288
674 3 0 65536 65536 131072 131072 196608
102 1 515584 524288
103 1 0 52736
317 1 131072 135168
778 1 196608 200704
569 1 81920 86016
103 2 52736 65536 65536 101888
798 1 188416 192512
338 1 53248 57344
604 2 450560 458752 458752 466944
405 1 311296 315392
103 1 101888 103424
311 1 425984 446464
386 1 344064 348160
164 1 245760 249856
167 1 282624 286720
165 1 516096 520192
218 1 446464 450560
283 1 249856 253952
947 1 188416 192512
178 1 466944 471040
165 1 475136 479232
979 1 40960 45056
597 1 466944 471040
973 1 282624 286720
157 1 274944 275968
160 1 425984 442368
980 1 188416 196608
157 1 275968 276992
157 1 276992 278016
65 1 430080 434176
321 1 270336 274432
661 1 126464 126976
661 1 126976 131072
689 1 241664 245760
689 1 180224 184320
834 1 98304 102400
834 1 159744 163840
834 1 270336 274432
321 1 274432 282624
76 1 516096 524288
77 1 0 8192
661 1 135168 136704
33 1 110592 118784
321 1 282624 286720
331 1 299008 303104
280 1 356352 360448
378 1 8192 28672
575 1 483328 487424
355 1 405504 409600
320 1 90112 94208
362 1 98304 102400
355 2 323584 327680 327680 335872
718 1 147456 151552
371 1 180224 184320
641 1 102400 106496
742 1 262144 294912
78 1 430080 434176
742 1 294912 327680
742 1 327680 360448
742 1 360448 393216
742 1 393216 425984
49 1 122880 131072
49 1 262144 270336
165 1 0 32768
803 1 204800 208896
841 1 438272 454656
698 1 90112 122880
464 1 81920 86016
462 1 196608 200704
606 1 278528 282624
848 1 335872 339968
576 1 106496 110592
813 1 294912 303104
560 1 204800 208896
606 1 372736 376832
576 1 139264 143360
738 1 458752 462848
848 1 352256 360448
696 1 327680 331776
271 1 49152 53248
228 1 290816 294912
14 1 499712 503808
681 1 294912 299008
382 1 49152 65536
507 1 245760 247808
506 1 282624 284672
813 1 204800 208896
44 1 65536 81920
230 1 487424 499712
808 1 86016 90112
837 1 413696 421888
805 1 483328 487424
792 1 102400 106496
13 1 81920 86016
2 1 180224 184320
785 1 122880 126976
527 1 131072 135168
877 1 167936 172032
602 1 106496 110592
877 1 520192 524288
651 1 73728 77824
204 1 335872 385024
813 1 204800 212992
82 1 36864 40960
50 1 364544 368640
335 1 77824 81920
836 1 45056 65536
3 1 430080 438272
836 2 319488 327680 327680 331776
903 1 364544 376832
903 1 413696 434176
611 1 421888 442368
146 1 163840 172032
505 1 187904 192000
505 1 278016 282112
505 1 282112 298496
146 1 172032 176128
505 1 294400 298496
586 1 413696 421888
586 1 430080 434176
586 1 442368 446464
991 1 483328 487424
813 1 208896 212992
214 1 122880 126976
813 1 274432 282624
807 1 122880 126976
807 1 450560 454656
813 1 212992 217088
199 1 102400 106496
362 1 270336 274432
813 1 278528 286720
215 1 188416 192512
813 1 217088 225280
813 1 286720 290816
215 1 188416 192512
813 1 221184 225280
807 1 122880 126976
807 1 450560 454656
813 1 286720 290816
813 1 221184 233472
215 1 446464 450560
906 1 53248 57344
842 1 81920 98304
825 1 73728 77824
77 1 266240 270336
561 1 135168 156160
205 1 118784 122880
859 1 393216 401408
528 1 274432 278528
528 1 20480 24576
319 2 319488 327680 327680 331776
528 1 262144 266240
319 2 335872 393216 393216 401408
844 1 65536 81920
561 2 156160 196608 196608 200704
319 1 401408 405504
83 1 270336 274432
562 2 69632 131072 131072 135168
147 1 69632 73728
563 2 397312 458752 458752 462848
992 1 118784 122880
103 1 103424 105472
604 1 466944 471040
166 1 413696 417792
569 1 86016 118784
669 1 286720 290816
549 1 106496 110592
798 1 188416 192512
813 1 270336 278528
317 1 237568 241664
177 1 131072 196608
480 2 24576 65536 65536 122880
828 1 0 4096
824 1 155648 159744
828 1 241664 245760
487 1 53248 57344
711 1 143360 147456
370 1 516096 520192
806 1 110592 114688
576 1 196608 204800
374 1 311296 315392
813 1 233472 241664
961 1 380928 385024
696 1 344064 352256
15 1 8192 12288
67 1 520192 524288
848 1 385024 389120
239 1 241664 245760
696 1 376832 380928
15 1 65536 73728
614 1 147456 151552
317 2 311296 327680 327680 331776
209 1 372736 393216
841 1 274432 294912
803 1 208896 221184
153 1 278528 282624
553 1 258048 262144
563 1 335872 344064
18 1 516096 524288
429 1 253952 256000
563 1 344064 348160
19 1 0 4096
416 1 131072 139264
418 1 270336 282624
767 1 16384 24576
293 2 450560 458752 458752 462848
563 1 348160 356352
830 1 208896 212992
563 1 356352 360448
418 1 282624 294912
59 1 166400 166912
884 1 204800 208896
674 4 196608 262144 262144 327680 327680 393216 393216 454656
62 1 466944 471040
155 1 294912 299008
787 1 94208 110592
933 1 315392 319488
221 1 241664 245760
448 1 180224 184320
803 1 299008 303104
666 2 40960 65536 65536 90112
665 8 40960 65536 65536 131072 131072 196608 196608 262144 262144 327680 327680 393216 393216 458752 458752 524288
666 1 0 40960
924 1 442368 446464
662 1 126976 131072
48 1 503808 507904
803 1 233472 237568
825 1 122880 126976
739 1 364544 368640
997 1 212992 217088
734 1 516096 520192
809 1 69632 73728
905 1 143360 151552
437 1 323584 327680
314 1 241664 258048
598 1 520192 524288
599 1 0 8192
599 2 53248 65536 65536 106496
507 1 393216 405504
274 1 511488 513024
600 2 249856 262144 262144 262656
123 2 442368 458752 458752 462848
951 1 307200 311296
858 1 393216 397312
986 1 454144 458240
591 8 49664 65536 65536 131072 131072 196608 196608 262144 262144 327680 327680 393216 393216 458752 458752 524288
592 1 0 49664
314 1 258048 262144
307 1 36864 38400
53 1 348160 356352
285 1 20480 24576
249 1 114688 118784
827 1 278528 282624
873 1 221184 225280
285 1 36864 53248
964 1 364544 385024
964 1 389120 393216
960 2 188416 196608 196608 200704
411 1 81920 86016
765 1 180224 196608
386 2 172032 196608 196608 204800
484 1 475136 499712
816 1 176128 180224
727 1 49152 57344
816 1 184320 188416
517 3 348160 393216 393216 458752 458752 524288
518 6 0 65536 65536 131072 131072 196608 196608 262144 262144 327680 327680 348160
519 2 8192 65536 65536 94208
518 3 348160 393216 393216 458752 458752 524288
519 1 0 4096
519 5 94208 131072 131072 196608 196608 262144 262144 327680 327680 352256
519 3 352256 393216 393216 458752 458752 524288
520 6 0 65536 65536 131072 131072 196608 196608 262144 262144 327680 327680 352256
83 1 401408 417792
70 1 139264 143360
520 3 352256 393216 393216 458752 458752 524288
521 2 0 65536 65536 94208
521 5 94208 131072 131072 196608 196608 262144 262144 327680 327680 352256
70 1 131072 135168
813 1 270336 274432
903 1 98304 102400
521 3 352256 393216 393216 458752 458752 524288
522 5 0 65536 65536 131072 131072 196608 196608 262144 262144 286720
848 1 417792 438272
656 1 323584 327168
161 1 376832 380928
199 1 413696 417792
544 1 499712 503808
848 1 475136 483328
794 1 77824 81920
293 1 49152 53248
524 1 483328 485376
98 1 360448 368640
98 1 368640 372736
70 7 74240 131072 131072 196608 196608 262144 262144 327680 327680 393216 393216 458752 458752 524288
71 2 0 65536 65536 74240
842 1 278528 294912
221 1 102400 118784
803 1 270336 278528
780 1 401408 409600
177 1 98304 102400
71 7 74240 131072 131072 196608 196608 262144 262144 327680 327680 393216 393216 458752 458752 524288
72 2 0 65536 65536 74240
0 1 438272 458752
74 1 487424 491520
803 1 233472 237568
74 1 487424 491520
72 7 74240 131072 131072 196608 196608 262144 262144 327680 327680 393216 393216 458752 458752 524288
73 2 0 65536 65536 74240
848 1 450560 454656
464 1 49152 53248
165 1 356352 360448
576 1 393216 397312
708 1 49152 53248
625 1 40960 45056
669 1 155648 159744
15 1 262144 266240
219 1 77824 81920
168 2 413696 458752 458752 483328
849 1 352256 356352
731 1 212992 217088
813 1 303104 307200
625 1 57344 65536
850 1 487424 491520
744 1 225280 233472
15 1 344064 352256
316 1 331776 352256
260 1 24576 36864
316 1 352256 356352
407 1 122880 125440
223 1 393216 397312
223 1 385024 389120
924 1 12288 16384
98 1 114688 118784
724 1 348160 352256
316 1 356352 389120
98 1 40960 45056
635 1 278528 282624
639 1 372736 376832
329 1 16384 19456
997 1 327680 344064
803 1 270336 274432
462 1 466944 471040
2 1 454656 458752
861 1 516096 520192
304 1 499712 524288
305 8 0 65536 65536 131072 131072 196608 196608 262144 262144 327680 327680 393216 393216 458752 458752 499712
887 2 323584 327680 327680 389120
987 2 282624 327680 327680 348160
888 3 389120 393216 393216 458752 458752 520192
305 1 499712 524288
306 8 0 65536 65536 131072 131072 196608 196608 262144 262144 327680 327680 393216 393216 458752 458752 499712
290 2 12288 65536 65536 77824
954 1 483328 499712
858 1 397312 401408
890 2 61440 65536 65536 126976
308 1 65536 69632
291 2 143360 196608 196608 208896
306 1 499712 524288
307 1 0 61440
513 1 270336 274432
307 7 61440 65536 65536 131072 131072 196608 196608 262144 262144 327680 327680 393216 393216 430080
890 5 258048 262144 262144 327680 327680 393216 393216 458752 458752 524288
891 1 0 61440
989 2 24576 65536 65536 90112
307 1 495616 524288
308 1 0 65536
891 4 61440 65536 65536 131072 131072 196608 196608 218624
914 1 327680 331776
922 1 307200 311296
569 1 118784 122880
167 1 180224 184320
503 1 225280 229376
265 1 172032 175616
922 1 335872 339968
311 1 425984 430080
367 1 217088 221184
503 1 278528 282624
569 1 122880 131072
71 1 233472 237568
83 1 266240 270336
564 2 331776 393216 393216 397312
83 1 270336 274432
599 2 32768 65536 65536 98304
83 1 266240 270336
600 2 229376 262144 262144 294912
83 1 270336 274432
844 1 81920 102400
486 2 49152 65536 65536 77824
410 1 237568 241664
16 1 20480 24576
230 1 479232 483328
231 1 294912 299008
230 1 380928 389120
867 2 278528 327680 327680 335872
340 1 311296 315392
867 1 335872 339968
288 1 20480 24576
59 1 286720 303104
883 1 495616 499712
723 1 434176 438272
723 1 442368 446464
727 1 393216 397312
759 1 258048 262144
63 1 36864 40960
626 1 143360 151552
674 2 454656 458752 458752 524288
675 5 0 65536 65536 131072 131072 196608 196608 262144 262144 282624
830 1 311296 315392
771 1 327680 331776
149 1 143360 145920
900 1 4096 8192
831 1 245760 249856
18 1 290816 291328
876 1 8192 12288
209 1 393216 405504
26 1 110592 114688
317 1 331776 344064
174 1 282624 286720
628 2 237568 262144 262144 270336
813 1 245760 253952
48 1 397312 401408
896 1 512000 516096
813 1 315392 319488
813 1 253952 258048
896 1 512000 516096
32 1 425984 442368
813 1 319488 323584
782 1 20480 28672
522 1 118784 122880
231 1 266240 270336
715 1 421888 425984
813 1 253952 258048
813 1 319488 327680
993 1 389120 393216
770 1 413696 417792
105 1 204800 208896
168 1 483328 487424
228 1 290816 294912
744 1 274432 278528
851 1 126976 131072
15 1 393216 397312
589 1 69632 77824
775 1 512000 516096
384 1 282624 290816
813 1 237568 241664
344 1 192512 196608
97 1 282624 286720
851 1 147456 151552
642 5 172032 196608 196608 262144 262144 327680 327680 393216 393216 434176
828 1 233472 237568
848 1 221184 237568
119 1 61440 65536
479 8 24576 65536 65536 131072 131072 196608 196608 262144 262144 327680 327680 393216 393216 458752 458752 524288
480 1 0 24576
690 1 331776 335872
813 1 270336 274432
145 1 53248 61440
485 1 122880 131072
173 1 196608 262144
692 1 483328 487424
65 1 389120 393216
515 2 446464 458752 458752 466944
901 1 212992 217088
485 2 77824 131072 131072 155648
209 1 307200 315392
3 1 327680 344064
541 1 335872 336384
0 1 159744 180224
863 2 114688 131072 131072 155648
767 1 20480 24576
357 1 159744 163840
829 1 487424 491520
836 1 322560 323072
563 1 360448 368640
735 1 167936 172032
829 1 483328 487424
563 1 368640 372736
541 1 344064 344576
835 1 450560 454656
689 4 225280 262144 262144 327680 327680 393216 393216 397312
478 1 81920 86016
515 1 417792 421888
164 1 348160 352256
775 2 397312 458752 458752 475136
938 1 32768 36864
775 1 475136 479232
716 1 172032 180224
164 1 352256 356352
164 1 356352 360448
775 1 479232 524288
776 1 0 8192
776 1 8192 12288
164 1 356352 360448
392 1 487424 520192
662 1 135168 143360
664 1 106496 110592
803 1 299008 311296
109 1 323584 327680
661 1 397312 405504
403 1 393216 401408
661 1 217088 221184
803 1 204800 208896
221 1 323584 327680
403 1 512000 516096
69 1 462848 463360
95 1 40960 45056
776 1 8192 12288
15 1 417792 421888
792 1 20480 24576
97 1 290816 294912
776 1 53248 61440
176 1 151552 163840
567 1 307200 311296
15 1 425984 430080
851 2 192512 196608 196608 200704
474 3 385024 393216 393216 458752 458752 524288
475 2 0 65536 65536 90112
485 1 131072 135168
5 1 172032 188416
145 1 61440 65536
656 2 65024 65536 65536 69120
66 1 262144 278528
683 1 11776 15872
813 1 274432 278528
861 1 516096 520192
485 1 155648 159744
496 1 499712 524288
497 1 0 8192
798 1 188416 192512
569 1 131072 135168
101 1 487424 491520
149 1 65536 69632
445 1 65536 69632
445 1 110592 114688
973 1 393216 397312
803 1 327680 344064
803 1 286720 303104
848 1 8192 12288
321 1 286720 319488
321 1 319488 323584
378 1 8192 12288
321 2 323584 327680 327680 331776
147 1 102400 106496
390 1 344064 348160
165 1 217088 221184
321 1 331776 335872
935 1 503808 507904
141 1 479232 483328
697 1 221184 225280
689 1 180224 184320
834 1 237568 241664
660 1 327680 331776
834 1 266240 270336
813 1 270336 274432
290 1 520192 524288
56 1 516096 524288
57 1 262144 274432
813 1 270336 274432
314 1 372736 389120
592 1 49664 65536
274 1 512512 513536
858 1 397312 401408
592 7 122880 131072 131072 196608 196608 262144 262144 327680 327680 393216 393216 458752 458752 524288
593 2 0 65536 65536 107008
351 1 237568 244224
236 1 0 45056
168 7 94208 131072 131072 196608 196608 262144 262144 327680 327680 393216 393216 458752 458752 524288
169 2 0 65536 65536 90112
776 1 208384 212480
276 1 339456 343552
128 1 462336 466432
301 1 274432 282624
357 1 442368 446464
84 1 405504 413696
593 1 212992 229376
241 1 397312 401408
163 1 466944 475136
164 1 36864 53248
391 1 462848 466944
967 2 237568 262144 262144 323584
842 1 311296 315392
972 1 77824 81920
967 1 323584 327680
174 1 241664 245760
316 1 389120 393216
909 1 274432 278528
924 1 12288 16384
186 1 364544 368640
724 1 348160 352256
186 1 372736 376832
316 1 458752 487424
567 1 331776 334848
776 1 65536 73728
851 1 204800 212992
466 1 233472 245760
854 1 475136 479232
15 1 503808 507904
800 1 348160 352256
975 1 352256 364544
224 1 315392 319488
851 1 274432 278528
777 1 135168 139264
198 1 282624 286720
83 1 516096 524288
316 1 12288 16384
851 1 335872 344064
803 1 241664 245760
404 1 24576 28672
982 1 12288 16384
403 1 458752 462848
803 1 307200 311296
721 1 159744 167936
982 1 12288 20480
210 1 315392 319488
241 1 94208 106496
536 2 94208 131072 131072 143360
637 1 204800 207360
541 1 278528 294912
852 1 454656 458752
111 1 360448 364544
734 1 12288 16384
868 2 126976 131072 131072 159744
314 1 376832 380928
186 1 45056 46592
868 1 159744 163840
464 1 36864 40960
628 1 270336 274432
841 1 294912 307200
803 1 282624 286720
785 1 4096 8192
631 1 278528 282624
261 1 93696 97792
813 1 225280 233472
677 1 454144 458240
10 1 413696 417792
42 1 462848 483328
198 1 65536 131072
113 1 12288 16384
199 1 65536 131072
200 1 196608 262144
201 2 266240 327680 327680 331776
202 2 266240 327680 327680 331776
204 2 331776 393216 393216 397312
205 2 331776 393216 393216 397312
206 2 397312 458752 458752 459264
110 1 278528 286720
110 1 286720 290816
776 1 12288 40960
777 1 434176 450560
777 1 450560 454656
120 1 4096 12288
137 1 262144 266240
629 1 499712 503808
170 1 372736 376832
11 1 118784 122880
59 1 77824 86016
447 1 335872 339968
170 1 380928 385024
134 1 327680 331776
140 1 262144 266240
377 1 450560 454656
348 1 495616 503808
69 1 172032 176128
209 1 315392 319488
546 1 360448 364544
514 1 204800 208896
301 1 233472 237568
791 1 475136 483328
803 1 299008 303104
221 2 118784 131072 131072 139264
842 1 294912 315392
74 1 393216 442368
74 1 487424 491520
73 5 74240 131072 131072 196608 196608 262144 262144 327680 327680 372736
73 3 372736 393216 393216 458752 458752 524288
74 1 0 25088
803 1 233472 237568
818 1 327680 339968
780 1 339968 344064
74 1 487424 491520
82 2 442368 458752 458752 524288
83 2 0 65536 65536 94720
803 1 299008 307200
74 6 25088 65536 65536 131072 131072 196608 196608 262144 262144 327680 327680 372736
74 1 487424 491520
413 1 225280 229376
455 1 348160 352256
88 1 28672 36864
214 1 110592 131072
214 1 131072 135168
786 1 401408 405504
156 1 294912 307200
780 1 516096 524288
781 1 0 4096
113 2 299008 327680 327680 372736
81 1 8192 16384
81 1 16384 20480
113 1 372736 376832
759 1 397312 438272
943 2 102400 131072 131072 135168
759 1 438272 446464
759 1 438272 442368
61 1 106496 110592
785 1 176128 180224
785 1 233472 241664
514 1 0 57344
813 1 270336 274432
813 1 196608 200704
611 1 458752 462848
611 1 471040 524288
885 1 0 65536
66 1 32768 33280
428 1 290816 294912
428 1 344064 348160
970 2 393216 458752 458752 524288
428 1 372736 376832
590 1 327680 393216
428 1 385024 389120
611 1 262144 327680
877 1 262144 266240
590 2 393216 458752 458752 524288
429 1 159744 163840
429 1 188416 192512
613 1 196608 262144
429 1 282624 286720
777 1 196608 204800
858 1 393216 397312
16 1 24576 28672
813 1 303104 307200
851 1 348160 352256
197 1 454656 458752
777 1 208896 212992
351 1 131072 180224
851 1 356352 360448
777 1 217088 221184
16 1 233472 237568
760 1 385024 393216
245 1 380928 385024
779 1 266240 274432
195 1 495616 499712
851 1 409600 413696
777 1 270336 274432
569 1 135168 143360
202 1 114688 118784
202 1 135168 139264
569 1 143360 147456
103 1 105472 108032
266 1 81920 84992
103 1 108032 110080
311 2 446464 458752 458752 466944
827 1 139264 155648
568 1 401408 403456
594 1 98304 111104
348 1 503808 507904
851 1 360448 368640
425 1 339968 344064
62 1 466944 471040
646 1 45056 49152
790 1 393216 405504
689 2 397312 458752 458752 524288
690 7 0 65536 65536 131072 131072 196608 196608 262144 262144 327680 327680 393216 393216 397312
96 1 421888 425984
721 1 475136 479232
221 1 323584 327680
982 1 24576 28672
765 1 229376 233472
803 1 241664 249856
765 1 143360 172032
628 1 253952 258048
924 1 442368 446464
618 1 409600 421888
982 1 12288 16384
48 1 503808 507904
601 2 425984 458752 458752 491520
803 1 270336 274432
83 1 266240 270336
602 2 360448 393216 393216 425984
604 1 98304 119296
604 2 119296 131072 131072 163840
605 2 294912 327680 327680 360448
606 2 233472 262144 262144 299008
607 2 167936 196608 196608 233472
608 2 167936 196608 196608 233472
803 1 204800 208896
609 2 430080 458752 458752 460800
0 1 421888 442368
813 1 237568 249856
197 1 262144 266240
223 1 393216 397312
883 1 413696 421888
851 1 421888 425984
318 1 28672 36864
242 1 69632 73728
779 1 479232 483328
197 1 299008 303104
851 1 495616 499712
954 1 471040 471552
738 1 233472 237568
997 1 344064 364544
667 1 364544 372736
663 1 65536 90112
877 1 327680 331776
644 1 212992 241664
769 1 358400 358912
98 1 360448 364544
617 1 385024 389120
64 1 8192 12288
390 1 237568 245760
390 2 172032 196608 196608 233472
278 1 143360 147456
303 1 4096 8192
398 2 110592 131072 131072 180224
17 2 372736 393216 393216 442368
98 1 380928 385024
25 2 409600 458752 458752 479232
971 1 81920 86016
569 1 147456 180224
429 1 94208 98304
103 1 110080 124416
430 1 8192 12288
771 1 413696 417792
429 1 110592 118784
771 1 249856 253952
429 1 126976 131072
771 2 376832 393216 393216 409600
103 1 124416 128512
772 1 135168 139264
771 1 237568 245760
772 1 114688 118784
772 1 122880 126976
940 1 40960 45056
11 1 147456 159744
155 1 278528 282624
50 1 360448 364544
887 1 0 4096
791 1 487424 491520
617 1 299008 327680
301 1 73728 77824
791 1 106496 110592
20 1 122880 131072
59 1 401408 405504
51 1 442368 446464
206 1 459264 462848
207 2 397312 458752 458752 462848
236 1 45056 49152
813 1 294912 299008
813 1 229376 233472
215 1 446464 450560
813 1 294912 299008
807 1 122880 126976
355 1 282624 294912
807 1 450560 454656
355 1 294912 299008
813 1 229376 233472
813 1 294912 307200
461 1 315392 319488
813 1 237568 241664
813 1 303104 307200
461 1 315392 319488
813 1 237568 245760
70 1 479232 491520
813 1 204800 208896
842 1 446464 458752
753 1 118784 122880
883 1 393216 397312
753 1 253952 262144
113 1 229376 237568
113 1 299008 303104
113 1 233472 237568
288 1 20480 24576
883 1 430080 434176
113 1 299008 303104
759 1 258048 262144
883 1 458752 462848
907 1 20480 40960
759 1 258048 262144
113 1 233472 237568
883 1 393216 397312
155 2 323584 327680 327680 339968
113 1 24576 28672
4 1 266240 286720
994 1 16384 24576
244 1 233472 237568
362 1 65536 86016
780 1 28672 32768
228 1 294912 299008
827 1 143360 147456
223 1 389120 393216
511 1 307200 311296
851 1 512000 516096
361 1 483328 487424
244 1 270336 274432
780 1 45056 49152
312 1 147456 159744
813 1 311296 315392
772 1 45056 49152
772 1 180224 184320
906 1 57344 61440
772 1 204800 208896
772 1 167936 172032
771 1 499712 507904
906 1 69632 77824
264 1 393216 413696
264 1 442368 446464
264 1 479232 483328
264 1 425984 438272
264 1 417792 421888
264 1 471040 475136
265 1 122880 126976
264 1 454656 458752
265 1 110592 118784
265 1 135168 139264
265 1 208896 212992
265 1 184320 188416
265 1 163840 172032
886 1 450560 454656
63 1 36864 40960
964 1 413696 417792
308 7 69632 131072 131072 196608 196608 262144 262144 327680 327680 393216 393216 458752 458752 499712
858 1 393216 397312
443 1 294912 327680
752 1 480768 488960
738 6 87552 131072 131072 196608 196608 262144 262144 327680 327680 393216 393216 446464
746 4 153088 196608 196608 262144 262144 327680 327680 385024
745 6 153088 196608 196608 262144 262144 327680 327680 393216 393216 458752 458752 524288
746 3 0 65536 65536 131072 131072 153088
308 1 499712 524288
309 8 0 65536 65536 131072 131072 196608 196608 262144 262144 327680 327680 393216 393216 458752 458752 499712
751 1 480768 524288
752 8 0 65536 65536 131072 131072 196608 196608 262144 262144 327680 327680 393216 393216 458752 458752 480768
797 2 94208 131072 131072 159744
759 1 226816 262144
753 1 488960 524288
754 8 0 65536 65536 131072 131072 196608 196608 262144 262144 327680 327680 393216 393216 458752 458752 488960
752 1 488960 524288
753 8 0 65536 65536 131072 131072 196608 196608 262144 262144 327680 327680 393216 393216 458752 458752 488960
755 1 488960 524288
756 2 0 65536 65536 126976
754 1 488960 524288
755 8 0 65536 65536 131072 131072 196608 196608 262144 262144 327680 327680 393216 393216 458752 458752 488960
802 1 131072 196608
738 2 446464 458752 458752 524288
739 2 0 65536 65536 118784
949 3 36864 65536 65536 131072 131072 167936
853 2 417792 458752 458752 483328
125 1 475136 524288
126 4 0 65536 65536 131072 131072 196608 196608 233472
157 1 278016 279040
157 1 279040 280064
17 1 118784 122880
883 1 409600 413696
160 2 442368 458752 458752 462848
716 1 208896 209408
97 1 90112 102400
980 1 258048 262144
929 1 98304 99840
813 1 270336 274432
3 1 172032 188416
80 1 487424 491520
17 1 118784 122880
668 1 397312 421888
502 1 458752 462848
668 1 421888 425984
59 1 520192 524288
60 1 0 12288
264 1 516096 524288
208 1 327680 329728
916 1 69632 73728
648 1 360448 364544
71 1 94208 102400
668 2 425984 458752 458752 495616
706 1 81920 86016
488 1 466944 475136
502 1 458752 466944
668 1 495616 499712
978 1 344064 360448
893 2 258048 262144 262144 270336
862 4 159744 196608 196608 262144 262144 327680 327680 368640
846 1 0 4096
32 2 442368 458752 458752 462848
32 1 180224 184320
813 1 262144 266240
846 1 0 4096
32 1 180224 184320
813 1 262144 266240
522 1 118784 122880
715 1 421888 425984
792 1 270336 274432
792 1 495616 498688
846 1 0 4096
539 1 495616 499712
774 1 16384 20480
775 1 512000 516096
373 1 458752 466944
777 1 20480 24576
373 1 466944 471040
7 1 364544 372736
7 1 372736 376832
245 1 303104 311296
84 1 405504 417792
245 1 311296 315392
35 1 286720 294912
757 1 212992 217088
35 1 294912 299008
640 1 98304 102400
833 1 290816 294912
246 1 69632 77824
275 1 262144 266240
322 1 405504 409600
223 1 393216 397312
947 1 53248 57344
485 1 135168 167936
957 4 315392 327680 327680 393216 393216 458752 458752 524288
958 4 0 65536 65536 131072 131072 196608 196608 245760
694 1 331776 364544
726 3 286720 327680 327680 393216 393216 417792
889 1 225280 258048
759 2 442368 458752 458752 524288
760 2 0 65536 65536 118784
803 1 204800 208896
171 2 315392 327680 327680 331776
889 1 258048 262144
725 1 417792 421888
128 1 483328 520192
732 1 262144 290816
803 1 270336 274432
732 1 290816 323584
803 1 204800 212992
618 1 458752 466944
81 1 512000 516096
803 1 311296 315392
353 1 348160 352256
81 1 516096 520192
721 1 126976 131072
344 1 266240 274432
537 1 86016 106496
813 1 499712 507904
803 1 245760 253952
765 1 245760 249856
31 1 24576 28672
875 1 274432 282624
593 7 107008 131072 131072 196608 196608 262144 262144 327680 327680 393216 393216 458752 458752 524288
594 2 0 65536 65536 94208
83 1 94720 114688
803 1 237568 241664
504 1 45056 49152
74 1 487424 491520
402 1 471040 475136
83 7 118784 131072 131072 196608 196608 262144 262144 327680 327680 393216 393216 458752 458752 524288
84 2 0 65536 65536 98816
554 1 352256 360448
803 1 303104 307200
601 1 458752 471040
0 1 45056 65536
84 7 98816 131072 131072 196608 196608 262144 262144 327680 327680 393216 393216 458752 458752 524288
85 2 0 65536 65536 98816
366 1 442368 450560
727 2 446464 458752 458752 495616
181 1 360448 380928
858 1 507904 511488
908 1 143360 144384
949 1 213504 253952
852 1 0 4096
780 1 57344 61440
132 1 258048 262144
511 1 458752 462848
858 1 397312 401408
852 1 32768 36864
949 1 180224 184320
641 1 368640 372736
132 1 409600 413696
512 1 81920 86016
780 1 90112 94208
813 1 245760 249856
852 1 86016 90112
508 1 49152 53248
133 1 32768 36864
503 1 352256 360448
227 1 307200 315392
349 1 352256 372736
227 1 315392 319488
208 1 417792 430080
230 1 442368 444416
848 1 438272 442368
522 3 352256 393216 393216 458752 458752 524288
523 6 0 65536 65536 131072 131072 196608 196608 262144 262144 327680 327680 352256
514 1 135168 139264
535 1 307200 311296
525 2 163840 196608 196608 204800
524 3 155648 196608 196608 262144 262144 311296
511 1 163840 167936
523 3 352256 393216 393216 458752 458752 524288
524 3 0 65536 65536 131072 131072 155648
135 1 307200 311296
525 3 204800 262144 262144 327680 327680 352256
524 4 311296 327680 327680 393216 393216 458752 458752 524288
525 3 0 65536 65536 131072 131072 163840
525 3 352256 393216 393216 458752 458752 524288
526 6 0 65536 65536 131072 131072 196608 196608 262144 262144 327680 327680 352256
739 1 274432 282624
526 3 352256 393216 393216 458752 458752 524288
527 1 0 8192
739 1 344064 348160
53 1 155648 172032
527 6 12288 65536 65536 131072 131072 196608 196608 262144 262144 327680 327680 356352
739 1 278528 282624
1 1 294912 303104
765 1 307200 323584
373 1 380416 384512
958 5 249856 262144 262144 327680 327680 393216 393216 458752 458752 524288
959 2 0 65536 65536 122880
913 1 28160 32256
813 1 208896 212992
126 1 520192 524288
127 3 0 65536 65536 131072 131072 172032
464 1 294400 298496
132 1 270336 274432
485 1 167936 172032
128 2 233472 262144 262144 270336
128 2 172032 196608 196608 233472
357 1 56832 60928
188 1 212992 229376
188 1 229376 233472
59 1 168960 169472
767 1 20480 24576
563 1 372736 389120
563 1 389120 393216
767 1 20480 24576
563 1 393216 401408
563 1 401408 405504
134 1 81920 90112
553 2 385024 393216 393216 401408
554 1 176128 180224
958 1 253952 258048
6 1 442368 446464
996 1 159744 163840
774 1 24576 57344
774 1 57344 65536
774 1 458752 483328
774 1 483328 516096
774 1 516096 524288
775 1 131072 155648
49 1 270336 290816
841 2 454656 458752 458752 475136
422 1 94208 126976
571 2 122880 131072 131072 155648
571 1 155648 188416
827 1 405504 438272
769 2 376832 393216 393216 409600
225 2 233472 262144 262144 266240
821 2 319488 327680 327680 352256
821 1 352256 385024
821 2 385024 393216 393216 417792
821 1 417792 450560
821 2 450560 458752 458752 483328
122 1 0 32768
692 1 229376 253952
690 2 397312 458752 458752 524288
691 4 0 65536 65536 131072 131072 196608 196608 225280
691 3 225280 262144 262144 327680 327680 372736
300 1 462848 466944
265 1 217088 229376
507 2 192512 196608 196608 200704
507 1 245760 249856
265 1 262144 266240
507 1 360448 364544
505 1 401408 405504
507 1 487424 491520
157 1 339968 344064
158 1 147456 151552
326 1 307200 323584
147 1 24576 32768
484 1 184320 192512
877 2 253952 262144 262144 307200
877 1 307200 311296
430 1 151552 155648
885 1 65536 131072
430 1 372736 376832
613 1 262144 327680
437 1 180224 184320
438 1 57344 61440
445 1 8192 12288
588 3 327680 393216 393216 458752 458752 524288
589 2 0 65536 65536 81920
470 1 53248 57344
836 1 270336 274432
470 1 208896 212992
470 1 249856 253952
833 1 364544 368640
475 1 155648 159744
475 1 446464 450560
803 1 204800 217088
52 1 139264 159744
430 1 73728 131072
431 1 196608 229376
52 1 159744 172032
813 1 270336 274432
166 1 77824 86016
813 1 200704 204800
166 1 86016 90112
871 1 131072 180224
684 1 208896 212992
72 1 192512 196608
504 1 65536 69632
504 1 69632 73728
236 1 327680 360448
237 1 327680 344064
504 1 73728 81920
504 1 81920 86016
698 1 4096 8192
321 1 335872 344064
698 1 163840 167936
321 1 344064 348160
698 1 221184 225280
378 1 28672 49152
321 1 348160 380928
155 1 262144 278528
112 1 421888 430080
321 1 380928 385024
378 1 28672 32768
321 1 385024 393216
203 1 503808 524288
204 2 0 65536 65536 69632
656 2 446464 458752 458752 475136
321 1 393216 397312
689 1 180224 184320
807 1 77824 81920
803 1 204800 208896
791 1 16384 24576
300 1 380928 385024
803 1 204800 208896
0 1 421888 442368
0 1 442368 454656
803 1 270336 274432
104 1 319488 323584
892 1 135168 139264
402 1 163840 167936
378 1 4096 8192
904 1 397312 405504
377 1 442368 446464
994 1 507904 524288
995 1 0 16384
995 1 16384 20480
47 1 331776 335872
47 1 110592 114688
850 1 57344 61440
733 1 364544 389120
733 1 389120 393216
614 1 417792 450560
995 1 69632 73728
396 1 253952 262144
716 1 180224 184320
378 1 98304 102400
344 1 258048 262144
81 1 512000 516096
418 1 512000 524288
419 1 0 4096
221 1 339968 344064
87 1 86016 90112
813 1 270336 278528
803 1 315392 319488
628 2 258048 262144 262144 266240
814 1 45056 49152
513 1 294912 299008
949 1 246784 247296
228 1 294912 299008
738 1 323584 327680
852 1 102400 106496
18 1 208896 221184
514 1 24576 28672
134 1 245760 249856
858 1 393216 397312
780 1 143360 147456
813 1 311296 315392
852 1 143360 147456
5 1 245760 249856
795 1 28672 32768
656 1 200704 229376
17 1 401408 405504
100 1 475136 479232
4 1 430080 450560
972 1 114688 118784
158 2 126976 131072 131072 135168
158 1 167936 172032
263 1 163840 167936
145 1 204800 208896
429 1 135168 139264
429 2 192512 196608 196608 200704
103 1 128512 130048
824 1 458752 462848
429 1 147456 172032
569 1 180224 184320
267 1 233472 237568
803 1 270336 274432
83 1 270336 274432
83 1 266240 270336
600 1 479232 483328
555 1 4096 8192
555 1 12288 16384
5 1 8192 12288
5 1 20480 24576
8 1 131072 135168
8 1 282624 286720
68 1 425984 434176
65 1 475136 479232
767 1 20480 24576
558 1 36864 40960
557 1 458752 462848
558 1 290816 294912
674 1 102400 106496
560 1 200704 204800
563 1 405504 413696
35 1 262144 266240
563 1 413696 417792
303 1 4096 8192
560 1 32256 36352
879 1 81920 86016
51 1 225280 229376
204 1 385024 389120
692 1 397312 413696
275 1 499712 503808
831 1 495616 499712
382 1 65536 86016
275 1 495616 499712
852 1 417792 430080
702 1 110592 114688
156 1 425984 427520
417 1 159744 163840
129 1 225280 229376
824 1 380928 393216
129 1 290816 294912
181 1 380928 393216
550 1 344064 348160
280 1 430080 438272
416 1 331776 339968
77 1 57344 65536
911 1 454656 458752
988 1 4096 8192
991 2 245760 262144 262144 278528
128 1 274432 323584
3 1 126976 131072
127 6 172032 196608 196608 262144 262144 327680 327680 393216 393216 458752 458752 524288
128 3 0 65536 65536 131072 131072 172032
269 1 409600 413696
51 1 258048 262144
807 1 122880 126976
52 1 393216 405504
459 1 299008 303104
843 1 327680 331776
70 1 491520 495616
813 1 270336 274432
803 1 278528 286720
813 1 307200 311296
269 1 413696 417792
426 1 151552 172032
813 1 241664 249856
269 1 409600 413696
462 1 323584 327680
51 1 323584 327680
70 1 495616 499712
52 1 405504 409600
813 1 311296 315392
52 1 131072 143360
99 1 184320 192512
99 1 192512 196608
812 1 200704 262144
663 1 90112 94208
209 2 188416 196608 196608 204800
209 1 135168 184320
210 2 139264 196608 196608 204800
211 2 73728 131072 131072 139264
212 2 139264 196608 196608 204800
213 2 73728 131072 131072 139264
76 1 319488 327680
214 2 139264 196608 196608 204800
76 1 327680 331776
101 1 385024 389120
434 2 196608 262144 262144 266240
65 1 221184 225280
442 2 217088 262144 262144 286720
98 1 253952 258048
591 1 274432 278528
129 1 266240 274432
450 2 237568 262144 262144 307200
129 1 274432 278528
458 2 258048 262144 262144 327680
645 2 299008 327680 327680 368640
990 2 24576 65536 65536 94208
326 1 65536 69632
98 1 49152 53248
429 1 102400 106496
37 1 12288 16384
36 1 131072 147456
721 1 81920 114688
810 1 401408 409600
896 1 32768 57344
993 1 356352 389120
27 1 167936 171008
227 1 40960 45056
355 2 115200 131072 131072 151552
355 2 348160 393216 393216 413696
356 2 86016 131072 131072 151552
356 2 352256 393216 393216 417792
357 2 155648 196608 196608 221184
156 1 16384 24576
753 1 413696 425984
357 2 352256 393216 393216 417792
156 1 24576 28672
739 1 339968 344064
358 2 90112 131072 131072 155648
358 2 352256 393216 393216 417792
359 1 90112 119296
359 2 119296 131072 131072 155648
831 1 409600 421888
224 1 294912 299008
805 1 458752 524288
893 2 241664 262144 262144 307200
124 1 475136 524288
125 8 0 65536 65536 131072 131072 196608 196608 262144 262144 327680 327680 393216 393216 458752 458752 475136
746 3 385024 393216 393216 458752 458752 524288
747 5 0 65536 65536 131072 131072 196608 196608 262144 262144 319488
309 1 499712 524288
310 8 0 65536 65536 131072 131072 196608 196608 262144 262144 327680 327680 393216 393216 458752 458752 499712
757 3 126976 131072 131072 196608 196608 258048
741 2 118784 131072 131072 196608
348 1 245760 249856
741 1 200704 204800
741 1 196608 200704
756 7 126976 131072 131072 196608 196608 262144 262144 327680 327680 393216 393216 458752 458752 524288
757 2 0 65536 65536 126976
818 1 471552 524288
819 8 0 65536 65536 131072 131072 196608 196608 262144 262144 327680 327680 393216 393216 458752 458752 471552
877 2 405504 458752 458752 524288
805 1 0 65536
892 2 372736 393216 393216 438272
759 1 262144 327680
739 7 118784 131072 131072 196608 196608 262144 262144 327680 327680 393216 393216 458752 458752 524288
740 2 0 65536 65536 118784
742 3 368640 393216 393216 458752 458752 524288
743 2 0 65536 65536 122880
742 3 204800 262144 262144 327680 327680 364544
741 5 204800 262144 262144 327680 327680 393216 393216 458752 458752 524288
742 4 0 65536 65536 131072 131072 196608 196608 204800
514 2 258048 262144 262144 266240
134 1 499712 503808
852 1 299008 303104
39 1 460288 460800
795 1 69632 73728
7 1 520192 524288
8 1 0 8192
881 1 401408 405504
310 1 36864 40960
135 1 208896 217088
567 1 307200 311296
852 1 323584 327680
858 1 397312 401408
681 1 323584 327680
796 1 94208 98304
681 1 339968 348160
310 1 81920 86016
269 1 143360 147456
636 1 495616 507904
636 1 487424 491520
782 1 81920 86016
782 1 65536 69632
842 1 98304 118784
429 1 184320 188416
98 1 364544 368640
429 1 204800 212992
429 1 434176 442368
429 1 376832 393216
429 1 479232 483328
429 1 491520 499712
429 1 274432 278528
886 1 229376 230400
316 1 487424 491520
308 1 286720 290816
118 1 319488 323584
813 1 208896 212992
665 1 397312 401408
327 1 331776 335872
243 1 327680 331776
960 1 417792 425984
961 1 40960 45056
269 1 491520 495616
202 1 462848 516096
202 1 516096 520192
118 1 319488 323584
813 1 274432 278528
118 1 319488 323584
813 1 208896 217088
875 1 315392 319488
81 1 516096 520192
678 1 359424 359936
803 1 249856 258048
223 1 393216 397312
221 1 339968 344064
678 1 374784 375296
419 1 4096 12288
803 1 319488 323584
803 1 196608 200704
985 1 233472 237568
301 1 352256 356352
692 4 253952 262144 262144 327680 327680 393216 393216 397312
299 1 188416 192512
691 3 372736 393216 393216 458752 458752 524288
692 4 0 65536 65536 131072 131072 196608 196608 229376
754 1 434176 438272
300 1 294912 299008
609 2 167936 196608 196608 200704
594 7 111104 131072 131072 196608 196608 262144 262144 327680 327680 393216 393216 458752 458752 524288
595 1 0 49152
916 1 69632 77824
668 1 499712 524288
669 1 0 4096
949 1 106496 110592
862 3 360448 393216 393216 458752 458752 499712
669 1 4096 12288
949 1 106496 110592
978 1 360448 380928
669 1 12288 16384
893 2 323584 327680 327680 331776
60 1 12288 32768
850 1 0 4096
16 1 466944 475136
669 1 16384 24576
669 1 24576 28672
177 1 458752 524288
414 1 413696 425984
42 1 462848 466944
414 1 430080 434176
874 2 253952 262144 262144 266240
226 1 151552 155648
3 1 327680 339968
226 1 135168 147456
201 3 348160 393216 393216 458752 458752 524288
202 3 0 65536 65536 131072 131072 147456
113 1 299008 311296
948 1 217088 221184
954 1 86016 90112
809 1 462848 471040
809 1 442368 458752
949 1 135168 151552
809 1 471040 475136
891 1 339968 348160
858 1 397312 401408
142 1 184320 192512
759 2 258048 262144 262144 266240
883 1 458752 466944
155 1 339968 348160
156 1 446464 458752
949 1 192512 196608
949 1 151552 163840
759 1 262144 266240
52 1 495616 503808
219 2 315392 327680 327680 331776
0 1 438272 458752
270 1 278528 286720
68 1 61440 65536
35 1 327680 331776
35 1 331776 335872
577 1 200704 221184
219 1 331776 352256
455 2 180224 196608 196608 204800
351 1 516096 524288
381 1 175616 176128
65 1 94208 98304
838 1 135168 139264
775 1 155648 176128
48 1 483328 487424
617 2 57344 65536 65536 118784
617 1 118784 122880
523 1 110080 114176
429 1 323584 327680
429 1 458752 462848
813 1 204800 208896
311 1 446464 450560
549 1 520192 520704
289 1 204800 208896
59 1 169472 169984
59 1 169472 169984
302 1 417792 418304
181 1 65536 69632
602 1 102400 103424
19 1 176128 180224
146 1 294912 299008
767 1 20480 28672
719 1 126976 131072
31 1 507904 512000
302 1 418304 418816
603 1 417280 421376
149 1 32768 53248
138 1 327680 331776
251 1 496640 497664
149 2 53248 65536 65536 73728
138 1 331776 335872
251 1 497152 497664
149 1 73728 94208
138 1 327680 331776
251 1 497152 498176
149 1 94208 118784
138 1 331776 335872
251 1 497664 498176
149 1 118784 131072
149 1 131072 139264
138 1 327680 331776
251 1 497664 498176
149 1 139264 159744
0 1 40960 45056
178 1 241664 249856
334 1 348160 352256
601 1 110592 113664
724 1 278528 282624
77 1 65536 69632
286 1 430080 433664
655 1 139264 196608
655 1 196608 200704
224 1 311296 315392
852 1 335872 344064
796 1 118784 122880
421 1 262144 270336
312 1 8192 12288
308 1 417792 421888
796 1 131072 139264
852 1 352256 356352
813 1 245760 253952
314 1 409600 413696
158 1 176128 179200
796 1 147456 151552
269 1 450560 454656
852 1 368640 372736
210 1 163840 167936
218 1 245760 262144
315 1 172032 176128
732 2 323584 327680 327680 356352
803 1 274432 278528
732 1 356352 389120
803 1 208896 212992
732 1 389120 393216
803 1 274432 282624
714 1 393216 421888
171 1 331776 352256
803 1 212992 217088
510 1 266240 299008
803 1 278528 286720
945 1 212992 245760
803 1 217088 221184
176 1 282624 290816
386 1 53248 57344
385 1 385024 389120
803 1 282624 286720
945 2 245760 262144 262144 278528
786 2 389120 393216 393216 413696
786 1 335872 360448
231 1 266240 299008
875 1 315392 323584
420 1 372736 385024
919 1 0 4096
344 1 245760 253952
172 2 245760 262144 262144 270336
759 1 417792 421888
924 1 442368 446464
223 1 397312 401408
352 1 368640 372736
875 1 315392 319488
192 1 323584 327680
296 1 98304 99328
550 1 307200 311296
578 1 94208 98304
227 1 0 8192
147 1 73728 77824
83 1 270336 274432
83 1 266240 270336
0 1 442368 454656
83 1 270336 274432
83 1 266240 270336
216 2 8192 65536 65536 70144
445 1 274432 278528
361 1 86016 90112
940 1 24576 28672
865 2 176128 196608 196608 204800
940 1 4096 8192
216 1 70144 73728
865 1 204800 208896
217 2 192512 196608 196608 208896
217 1 139264 188416
803 1 204800 221184
41 1 487424 488448
852 1 69632 73728
259 1 221184 224256
251 1 61440 62976
834 1 438272 442368
803 1 282624 290816
803 1 221184 225280
530 1 397312 397824
332 2 261632 262144 262144 265728
464 1 11776 15872
244 1 19968 24064
895 1 483328 524288
414 2 274432 327680 327680 339968
326 1 114688 126976
657 2 184320 196608 196608 249856
4 2 159744 196608 196608 229376
98 1 94208 102400
363 1 278528 282624
21 1 32768 49152
559 2 229376 262144 262144 323584
215 1 466944 524288
216 1 0 12288
717 1 40960 45056
993 2 286720 327680 327680 352256
789 1 495616 524288
755 2 442368 458752 458752 483328
943 2 237568 262144 262144 278528
492 3 335872 393216 393216 458752 458752 524288
242 2 155648 196608 196608 225280
947 2 16384 65536 65536 81920
256 2 163840 196608 196608 233472
952 2 299008 327680 327680 364544
844 1 221184 225280
423 1 458752 462848
32 1 49152 53248
563 1 417792 434176
602 1 98304 102400
146 1 274432 278528
302 1 418816 422912
711 1 0 8192
421 1 143360 147456
713 1 0 4096
712 1 335872 348160
713 1 159744 163840
0 1 339968 344064
798 1 286720 290816
396 1 12288 20480
719 1 0 4096
89 1 73728 77824
396 1 40960 45056
79 1 188416 196608
271 1 180224 184320
796 1 163840 167936
313 1 53248 61440
362 1 262144 270336
852 1 397312 401408
315 1 221184 225280
813 1 315392 323584
362 1 159744 167936
274 1 319488 323584
796 1 192512 196608
315 1 270336 274432
886 1 499712 503808
852 1 425984 434176
264 1 471040 475136
943 1 90112 94208
352 1 450560 458752
601 1 396800 397312
842 2 229376 262144 262144 291328
194 1 45056 49152
874 1 274432 278528
52 1 118784 122880
221 1 184320 192512
236 2 49152 65536 65536 73728
485 1 172032 180224
200 3 348160 393216 393216 458752 458752 524288
201 6 0 65536 65536 131072 131072 196608 196608 262144 262144 327680 327680 348160
221 1 192512 196608
437 6 122880 131072 131072 196608 196608 262144 262144 327680 327680 393216 393216 446464
436 7 122880 131072 131072 196608 196608 262144 262144 327680 327680 393216 393216 458752 458752 524288
437 2 0 65536 65536 122880
834 1 274432 278528
834 1 241664 245760
202 1 503808 524288
203 8 0 65536 65536 131072 131072 196608 196608 262144 262144 327680 327680 393216 393216 458752 458752 503808
321 1 397312 405504
121 1 368640 376832
121 1 376832 380928
321 1 405504 409600
214 2 454656 458752 458752 524288
215 4 0 65536 65536 131072 131072 196608 196608 208896
213 8 8192 65536 65536 131072 131072 196608 196608 262144 262144 327680 327680 393216 393216 458752 458752 524288
214 1 0 8192
214 7 8192 65536 65536 131072 131072 196608 196608 262144 262144 327680 327680 393216 393216 450560
86 1 475136 479232
378 2 49152 65536 65536 86016
333 1 466944 483328
321 1 409600 442368
192 1 417792 421888
298 4 282624 327680 327680 393216 393216 458752 458752 495616
321 1 442368 446464
221 1 299008 302592
299 1 315392 319488
103 1 132096 134656
103 2 130048 131072 131072 132096
444 1 114688 118784
569 1 184320 192512
103 1 134656 136704
444 1 126976 131072
148 1 237568 241664
569 1 192512 196608
671 1 225280 229888
639 1 151552 172032
254 2 180224 196608 196608 200704
314 1 380928 385024
146 1 155648 163840
314 1 397312 413696
164 1 237568 241664
494 1 204800 208896
934 1 499712 503808
303 1 241664 242688
109 1 12288 24576
449 1 315392 323584
924 1 372736 376832
109 1 28672 32768
619 1 262144 270336
924 1 393216 397312
953 1 331776 335872
845 1 282624 286720
663 1 499712 500224
663 1 495616 499712
845 1 344064 348160
740 7 118784 131072 131072 196608 196608 262144 262144 327680 327680 393216 393216 458752 458752 524288
741 2 0 65536 65536 118784
900 1 327680 393216
310 1 499712 524288
311 3 0 65536 65536 131072 131072 180224
311 4 180224 196608 196608 262144 262144 327680 327680 372736
311 3 376832 393216 393216 458752 458752 503808
893 3 307200 327680 327680 393216 393216 438272
942 2 98304 131072 131072 163840
816 2 8192 65536 65536 73728
584 1 379904 381440
660 1 262144 270336
747 4 319488 327680 327680 393216 393216 458752 458752 524288
748 4 0 65536 65536 131072 131072 196608 196608 253952
819 1 471552 524288
820 8 0 65536 65536 131072 131072 196608 196608 262144 262144 327680 327680 393216 393216 458752 458752 471552
892 2 438272 458752 458752 503808
199 1 499712 503808
760 2 327680 393216 393216 427008
352 2 221184 262144 262144 327680
743 2 122880 131072 131072 188416
90 1 139264 142848
655 1 102400 119296
942 2 163840 196608 196608 229376
721 1 200704 208896
396 1 28672 32768
835 1 233472 237568
302 1 422912 427008
835 1 221184 225280
835 1 196608 212992
838 1 135168 139264
838 1 212992 217088
838 1 172032 188416
838 1 147456 151552
838 1 221184 225280
529 1 237568 241664
838 1 270336 274432
405 1 86016 102400
793 1 401408 405504
405 1 77824 81920
405 1 122880 131072
405 1 65536 73728
405 1 110592 118784
793 1 413696 417792
273 1 106496 110592
488 1 69632 71168
352 1 376832 385024
353 1 327680 331776
803 1 253952 258048
850 1 110592 131072
810 1 273920 278016
273 1 102400 106496
765 1 106496 118784
871 1 131072 180224
504 1 86016 94208
504 1 94208 98304
964 1 147456 163840
963 1 98304 114688
964 1 229376 245760
504 1 98304 106496
824 1 348160 380928
504 1 106496 110592
420 1 57344 61440
510 1 151552 155648
749 1 274432 278528
748 1 294912 303104
748 1 368640 372736
804 2 380928 393216 393216 438272
871 1 131072 180224
804 1 438272 442368
504 1 110592 118784
504 1 118784 122880
247 1 147456 151552
149 1 249856 258048
813 1 270336 274432
165 1 331776 344064
275 1 81920 86016
316 1 172032 176128
796 1 221184 229376
311 1 352256 368640
813 1 253952 258048
313 1 413696 434176
852 1 438272 446464
796 1 233472 241664
313 1 446464 450560
314 1 196608 204800
317 1 24576 28672
796 1 245760 249856
852 1 450560 454656
139 1 159744 162816
944 1 28672 45056
359 2 352256 393216 393216 417792
945 1 172032 180224
437 2 110592 131072 131072 151552
725 1 245760 249856
360 2 90112 131072 131072 155648
193 1 479232 483328
360 2 352256 393216 393216 417792
361 2 90112 131072 131072 155648
355 1 233472 235520
361 2 352256 393216 393216 417792
43 1 106496 114688
362 2 90112 131072 131072 155648
43 1 114688 118784
362 2 352256 393216 393216 417792
363 1 90112 119296
886 1 229376 233984
103 1 348160 352256
887 1 241664 244736
363 2 119296 131072 131072 155648
412 1 200704 204800
399 1 196608 200704
221 1 73728 102400
415 1 143360 147456
400 1 360448 364544
401 1 94208 98304
401 1 36864 40960
401 1 241664 245760
302 1 427008 431104
563 1 434176 438272
953 1 36864 45056
770 1 344064 348160
953 1 86016 94208
984 1 507904 512000
793 1 393216 397312
35 1 8192 12288
289 1 208896 212992
550 1 4096 4608
83 1 270336 274432
160 1 483328 491520
692 2 397312 458752 458752 524288
693 6 0 65536 65536 131072 131072 196608 196608 262144 262144 327680 327680 331776
37 1 409600 421888
917 1 53248 61440
405 1 503808 520192
346 2 380928 393216 393216 401408
805 1 172032 196608
591 1 184320 188416
591 1 172032 176128
530 1 397824 398336
834 1 438272 442368
530 1 398336 402432
803 1 286720 290816
75 1 225280 241664
530 1 402432 406528
527 1 196608 200704
66 1 376832 380928
178 1 65536 131072
485 1 180224 184320
298 1 65536 69632
300 1 503808 507904
301 1 32768 36864
303 1 32768 45056
300 1 475136 483328
965 1 102400 106496
297 1 491520 495616
280 1 520192 524288
281 1 0 12288
659 1 323584 327680
304 1 286720 299008
283 1 466944 524288
284 3 0 65536 65536 131072 131072 159744
223 1 278528 282624
784 1 479232 483328
497 1 299008 327680
497 1 327680 331776
784 1 479232 483328
784 1 479232 483328
111 2 229376 262144 262144 274432
739 1 344064 348160
739 1 278528 286720
827 1 446464 450560
739 1 348160 352256
489 1 86016 90112
534 1 303104 307200
319 1 405504 409600
645 1 225280 229376
831 1 12288 40960
831 1 40960 45056
808 1 409088 413184
860 1 413696 421888
926 1 131072 139264
366 1 450560 454656
802 1 462848 487424
727 1 495616 499712
85 7 98816 131072 131072 196608 196608 262144 262144 327680 327680 393216 393216 458752 458752 524288
86 1 0 33280
21 1 380928 389120
21 1 389120 393216
425 1 458752 466944
991 1 53248 61440
500 1 192512 196608
928 1 65536 77824
928 2 143360 196608 196608 233472
355 1 393216 405504
86 7 98816 131072 131072 196608 196608 262144 262144 327680 327680 393216 393216 458752 458752 524288
87 2 0 65536 65536 98816
928 1 233472 237568
803 1 270336 274432
87 7 98816 131072 131072 196608 196608 262144 262144 327680 327680 393216 393216 458752 458752 524288
88 2 0 65536 65536 98816
750 1 184320 196608
269 1 356352 360448
46 1 462848 471040
740 1 417792 421888
445 1 69632 73728
990 1 397312 401408
149 1 65536 69632
445 1 106496 110592
569 1 196608 204800
569 1 204800 208896
468 1 503808 512000
99 1 372736 376832
150 1 143360 151552
142 1 192512 196608
114 1 425984 430080
10 1 258048 262144
883 1 397312 401408
948 1 159744 163840
52 1 499712 503808
555 2 446464 458752 458752 491520
555 1 491520 495616
759 1 262144 266240
883 1 462848 466944
689 1 319488 327680
515 1 286720 290816
759 1 262144 270336
692 1 98304 102400
119 1 430080 434176
883 1 397312 401408
883 1 475136 479232
3 1 188416 196608
376 1 430592 431104
4 1 196608 208896
213 1 278528 294912
17 1 118784 122880
91 2 311296 327680 327680 331776
883 1 409600 413696
851 1 397312 417792
813 1 270336 282624
865 1 8192 12288
865 1 12288 16384
191 1 434176 438272
195 1 32768 36864
601 1 307200 327680
602 1 131072 176128
761 1 450560 454656
813 1 204800 208896
813 1 270336 274432
237 1 421888 430080
629 1 446464 451072
761 1 450560 454656
813 1 204800 208896
522 1 118784 122880
715 1 421888 425984
813 1 270336 278528
813 1 208896 217088
32 1 290816 294912
813 1 278528 282624
813 1 212992 217088
333 1 458752 462848
806 1 65536 66560
32 1 290816 294912
896 1 282624 286720
275 1 131072 135168
314 1 233472 245760
320 1 499712 503808
813 1 319488 323584
796 2 253952 262144 262144 266240
317 1 57344 61440
275 1 180224 184320
852 1 458752 471040
851 1 483328 487424
317 1 20480 24576
276 1 81920 86016
796 1 270336 274432
829 1 126976 131072
264 1 471040 475136
813 1 303104 307200
843 1 299008 303104
284 1 262144 266240
223 1 393216 397312
352 1 270336 282624
344 1 237568 241664
803 1 319488 327680
352 1 200704 204800
745 1 413696 417792
352 1 167936 192512
382 2 233472 262144 262144 303104
956 2 49152 65536 65536 114688
396 2 327680 393216 393216 397312
961 2 315392 327680 327680 380928
468 2 278528 327680 327680 348160
934 2 442368 458752 458752 487424
241 2 122880 131072 131072 147456
476 2 282624 327680 327680 352256
140 1 233472 249856
37 1 348160 372736
527 2 122880 131072 131072 147456
107 1 401408 421888
364 1 114688 118784
507 1 290816 299008
58 1 466944 499712
536 2 319488 327680 327680 344064
536 1 344064 348160
803 1 217088 221184
64 1 61440 65536
786 1 413696 417792
803 1 282624 286720
158 1 65536 94208
693 1 270336 303104
946 2 114688 131072 131072 147456
693 2 303104 327680 327680 335872
410 1 487424 520192
934 1 135168 139264
813 1 204800 212992
4 1 389120 393216
803 1 217088 221184
742 1 401408 434176
5 1 262144 274432
934 1 135168 139264
998 1 167936 172032
201 1 294912 299008
378 1 466944 471040
672 1 106496 110592
596 1 331776 335872
319 1 200704 217088
378 1 430080 434176
84 1 450560 454656
435 1 233472 237568
236 1 73728 77824
285 3 163840 196608 196608 262144 262144 270336
827 1 495616 499712
828 1 258048 262144
36 1 262144 266240
672 1 131072 135168
306 1 143360 147456
731 1 507904 512000
824 1 155648 159744
159 1 208896 209408
951 1 151552 155648
767 1 24576 28672
932 1 331776 335872
803 1 204800 212992
221 1 102400 106496
148 1 188416 192512
59 1 169984 170496
563 1 438272 446464
40 1 376832 393216
999 1 262144 278528
932 1 323584 327680
999 1 327680 348160
803 1 274432 282624
41 1 0 4096
563 1 446464 450560
303 1 8192 8704
389 1 233472 258048
218 2 208896 262144 262144 274432
32 1 417792 421888
219 2 208896 262144 262144 274432
32 1 413696 417792
220 2 143360 196608 196608 208896
221 2 208896 262144 262144 274432
222 2 405504 458752 458752 471040
223 2 405504 458752 458752 471040
332 1 147456 159744
206 2 323584 327680 327680 344064
701 1 8192 12288
332 1 356352 364544
37 1 372736 376832
239 5 212992 262144 262144 327680 327680 393216 393216 458752 458752 491520
852 1 475136 479232
547 1 180224 184320
801 1 81920 94208
313 1 32768 36864
313 1 339968 352256
284 1 294912 299008
813 1 253952 262144
813 1 204800 208896
852 1 483328 495616
313 1 90112 94208
313 1 16384 20480
445 1 393216 401408
801 1 131072 135168
284 1 319488 323584
378 1 49152 53248
235 1 495616 499712
7 1 376832 385024
321 1 446464 454656
883 1 462848 466944
321 1 454656 458752
834 1 151552 155648
834 1 81920 86016
834 1 167936 172032
834 1 262144 266240
630 1 344064 348160
93 1 262144 266240
689 1 180224 184320
689 1 241664 245760
321 1 458752 466944
511 1 163840 167936
7 1 385024 389120
321 1 466944 471040
803 1 450560 454656
884 1 217088 225280
913 1 241664 249856
505 1 237568 241664
906 1 90112 98304
883 2 126976 131072 131072 155648
842 1 291328 294912
907 2 282624 327680 327680 348160
804 3 65536 131072 131072 196608 196608 262144
759 3 327680 393216 393216 458752 458752 524288
760 5 0 65536 65536 131072 131072 196608 196608 262144 262144 327680
40 1 106496 115200
517 1 147456 151552
85 1 139264 140800
212 1 131072 196608
55 1 335872 339456
806 1 262144 327680
311 1 503808 524288
312 8 0 65536 65536 131072 131072 196608 196608 262144 262144 327680 327680 393216 393216 458752 458752 503808
892 1 503808 524288
893 2 0 65536 65536 110592
847 1 53248 57344
519 1 520192 524288
582 1 294912 299008
744 6 188416 196608 196608 262144 262144 327680 327680 393216 393216 458752 458752 524288
745 3 0 65536 65536 131072 131072 153088
868 1 352256 356352
748 5 253952 262144 262144 327680 327680 393216 393216 458752 458752 524288
749 4 0 65536 65536 131072 131072 196608 196608 253952
866 1 458752 462848
353 4 262144 327680 327680 393216 393216 458752 458752 524288
354 1 0 65536
249 1 40960 49152
468 1 512000 516096
311 1 466944 491520
569 1 208896 241664
83 1 266240 270336
83 1 270336 274432
301 1 311296 327680
365 1 438272 458752
160 1 421888 430080
224 1 421888 425984
336 1 188416 192512
355 1 118784 122880
951 1 327680 352256
958 1 77824 102400
694 2 229376 262144 262144 299008
493 2 0 65536 65536 131072
621 1 466944 524288
622 3 0 65536 65536 131072 131072 163840
291 1 339968 360448
20 2 450560 458752 458752 462848
822 2 401408 458752 458752 471040
504 2 114688 131072 131072 139264
82 1 188416 196608
54 1 90112 110592
493 1 135168 147456
54 1 131072 155648
534 2 229376 262144 262144 294912
859 1 491520 524288
860 1 0 32768
362 1 417792 442368
830 2 434176 458752 458752 503808
331 1 266240 270336
661 1 118784 120320
652 1 380928 385024
207 1 438272 442368
263 1 499712 503808
297 1 212992 241664
758 1 90112 94208
645 1 303104 307200
101 1 172032 180224
153 1 81920 86016
91 1 331776 344064
212 1 307200 311296
575 1 200704 204800
214 1 311296 319488
95 1 180224 188416
853 1 8192 12288
312 1 290816 294912
567 1 307200 311296
643 1 49152 53248
801 1 151552 155648
284 1 380928 385024
95 1 188416 192512
853 1 28672 32768
848 1 221184 241664
446 1 110592 114688
224 1 311296 315392
362 1 405504 413696
285 1 401408 409600
316 2 319488 327680 327680 356352
329 1 446464 458752
3 1 192512 196608
177 1 290816 294912
168 1 94208 98304
40 2 319488 327680 327680 331776
4 1 327680 344064
723 1 491520 524288
141 1 28672 32768
168 1 90112 94208
813 1 204800 212992
813 1 270336 282624
724 1 262144 327680
771 1 241664 249856
771 1 258048 262144
5 1 454656 458752
829 1 315392 323584
239 1 520192 524288
240 4 0 65536 65536 131072 131072 196608 196608 241664
37 2 380928 393216 393216 397312
745 1 421888 438272
898 1 176128 196608
486 1 98304 131072
803 2 258048 262144 262144 266240
346 1 299008 307200
803 1 327680 331776
223 1 397312 401408
745 1 413696 417792
147 1 438272 442368
284 6 163840 196608 196608 262144 262144 327680 327680 393216 393216 458752 458752 524288
285 3 0 65536 65536 131072 131072 163840
807 6 135168 196608 196608 262144 262144 327680 327680 393216 393216 458752 458752 524288
808 3 0 65536 65536 131072 131072 135168
485 1 184320 192512
808 3 135168 196608 196608 262144 262144 282624
729 1 159744 163840
850 1 0 4096
839 1 446464 450560
34 1 65536 73728
485 1 192512 196608
812 3 282624 327680 327680 393216 393216 458752
389 2 421888 458752 458752 491520
81 1 90112 94208
821 1 483328 516096
81 1 20480 24576
821 1 516096 524288
822 1 0 24576
822 1 24576 57344
677 1 397312 430080
269 2 389120 393216 393216 421888
873 1 270336 303104
810 1 24576 57344
810 2 57344 65536 65536 90112
810 1 90112 122880
880 2 126976 131072 131072 159744
935 1 98304 131072
668 1 458752 491520
486 1 516096 524288
487 1 0 24576
75 1 290816 323584
954 2 53248 65536 65536 86016
954 1 348160 380928
954 2 380928 393216 393216 413696
820 1 471552 524288
821 8 0 65536 65536 131072 131072 196608 196608 262144 262144 327680 327680 393216 393216 458752 458752 471552
861 1 491520 495616
757 4 258048 262144 262144 327680 327680 393216 393216 454656
749 5 253952 262144 262144 327680 327680 393216 393216 458752 458752 524288
750 4 0 65536 65536 131072 131072 196608 196608 253952
420 1 380928 389120
743 6 188416 196608 196608 262144 262144 327680 327680 393216 393216 458752 458752 524288
744 3 0 65536 65536 131072 131072 188416
267 1 45056 49152
114 1 110592 118784
949 2 430080 458752 458752 495616
807 1 262144 311296
761 1 487424 491520
807 2 315392 327680 327680 331776
97 1 147456 151552
74 1 106496 110592
825 1 102400 106496
781 1 499712 503808
750 1 20480 32768
444 1 360448 364544
351 2 262144 327680 327680 393216
826 1 32768 36864
355 1 45056 57344
374 1 507904 512000
767 1 491520 495616
878 1 61440 65536
432 1 98304 102400
69 1 479232 483328
361 1 266240 270336
361 1 258048 262144
688 1 8192 12288
374 1 442368 446464
366 1 20480 24576
411 1 364544 368640
406 1 245760 249856
332 1 151552 155648
814 1 61440 65536
83 1 266240 270336
264 1 225280 229376
819 1 458752 487424
264 1 233472 262144
49 1 458752 475136
803 1 217088 221184
721 1 348160 364544
817 1 512000 516096
223 1 393216 397312
264 1 434176 438272
821 1 262144 327680
892 1 466944 491520
916 1 241664 249856
552 1 253952 258048
167 1 270336 274432
610 1 200704 204800
557 1 8192 12288
313 1 98304 106496
63 1 262144 266240
63 1 262144 266240
712 1 311296 323584
250 1 28160 32256
569 1 241664 245760
103 1 136704 143872
229 1 471040 475136
250 3 32256 65536 65536 131072 131072 142848
311 1 466944 471040
103 1 143872 145920
741 1 384512 388608
195 1 466944 524288
196 1 0 8192
908 2 282624 327680 327680 348160
866 1 487424 490496
883 1 278528 307200
909 2 282624 327680 327680 348160
883 1 307200 311296
854 1 77824 78336
192 1 282624 294912
446 1 241664 245760
813 1 323584 327680
801 1 159744 176128
286 1 118784 122880
313 1 110592 118784
233 1 307200 323584
853 1 36864 53248
813 1 270336 274432
446 1 438272 442368
801 1 180224 184320
286 1 249856 253952
275 1 237568 241664
308 1 409600 413696
853 1 57344 61440
77 1 225280 227840
879 1 196608 200704
140 1 491520 495616
33 1 290816 294912
501 1 151552 155648
803 1 221184 225280
535 1 249856 250368
527 1 200704 204800
803 1 286720 299008
834 1 442368 446464
535 1 253952 258048
535 1 262144 266240
803 1 229376 233472
346 1 94208 98304
224 1 180224 184320
23 1 319488 321024
527 1 196608 200704
269 1 413696 417792
843 1 331776 352256
813 1 245760 253952
462 1 323584 327680
813 1 315392 319488
807 1 122880 126976
459 1 299008 303104
842 1 405504 425984
813 1 249856 253952
803 1 274432 278528
813 1 315392 323584
462 1 507904 512000
813 1 253952 262144
813 1 323584 327680
462 1 507904 512000
813 1 258048 262144
842 1 425984 438272
807 1 122880 126976
807 1 446464 450560
813 1 323584 327680
138 1 331776 335872
88 1 40960 45056
781 1 471040 479232
601 1 409600 417792
510 2 249856 262144 262144 311296
251 1 497664 498688
149 1 159744 180224
154 1 253952 258048
774 1 344064 352256
138 1 327680 331776
774 1 352256 356352
841 1 475136 491520
44 1 57344 65536
251 1 498176 498688
44 1 65536 69632
149 2 180224 196608 196608 200704
138 1 331776 335872
510 1 311296 315392
251 1 498176 499200
442 1 393216 450560
328 1 147456 155648
4 1 286720 299008
327 2 442368 458752 458752 471040
813 1 270336 274432
327 1 471040 475136
498 1 278528 282624
296 1 126976 131072
601 1 245760 249856
297 1 0 12288
0 1 8192 12288
0 1 0 4096
8 1 12288 16384
891 2 253952 262144 262144 299008
840 1 344064 348160
242 1 20480 24576
656 1 0 4096
883 1 458752 462848
227 1 8192 12288
223 1 471040 475136
458 1 442368 446464
827 1 188416 196608
976 1 4096 28672
976 1 28672 32768
224 1 483328 495616
363 2 352256 393216 393216 417792
437 1 151552 155648
40 1 344064 360448
364 2 90112 131072 131072 155648
803 1 204800 208896
364 2 356352 393216 393216 421888
157 1 372736 389120
365 2 28672 65536 65536 94208
365 2 290816 327680 327680 356352
366 2 28672 65536 65536 94208
404 1 246272 246784
366 2 290816 327680 327680 356352
367 1 28672 57856
367 2 57856 65536 65536 94208
220 1 405504 409600
801 1 196608 204800
286 1 446464 450560
973 1 12288 16384
141 1 77824 79360
318 1 393216 401408
660 1 360448 380928
813 2 258048 262144 262144 266240
17 1 221184 225280
853 1 73728 81920
801 1 217088 225280
575 1 356352 359936
287 1 176128 180224
580 1 200704 212992
580 1 217088 225280
973 1 69632 73728
848 1 241664 245760
739 1 344064 348160
527 3 356352 393216 393216 458752 458752 524288
528 6 0 65536 65536 131072 131072 196608 196608 262144 262144 327680 327680 356352
739 1 278528 290816
225 1 360448 380928
528 3 356352 393216 393216 458752 458752 524288
529 6 0 65536 65536 131072 131072 196608 196608 262144 262144 327680 327680 356352
401 1 299008 302080
53 1 172032 180224
162 1 176128 188416
1 1 241664 245760
529 3 356352 393216 393216 458752 458752 524288
530 5 0 65536 65536 131072 131072 196608 196608 262144 262144 290816
530 3 356352 393216 393216 458752 458752 524288
531 6 0 65536 65536 131072 131072 196608 196608 262144 262144 327680 327680 356352
888 1 516096 520192
533 2 163840 196608 196608 204800
532 3 159744 196608 196608 262144 262144 315392
887 1 0 4096
531 3 356352 393216 393216 458752 458752 524288
532 3 0 65536 65536 131072 131072 159744
886 1 450560 454656
533 3 204800 262144 262144 327680 327680 356352
267 1 12288 16384
334 1 4096 8192
475 1 282624 286720
487 1 421888 425984
904 1 475136 483328
536 1 389120 393216
434 1 503808 512000
18 1 450560 454656
236 1 77824 90112
65 1 520192 524288
638 1 327680 331776
42 1 483328 503808
359 1 36864 40960
803 1 262144 266240
662 1 380928 389120
650 1 282624 290816
466 1 20480 57344
570 1 425984 430080
974 1 20480 24576
977 1 327680 331776
977 1 491520 499712
765 1 208896 221184
359 2 106496 131072 131072 172032
924 1 442368 446464
769 1 381952 382464
318 1 77824 98304
951 1 315392 327680
958 2 36864 65536 65536 77824
292 1 462848 471040
291 1 360448 364544
934 1 487424 495616
807 2 315392 327680 327680 380928
211 2 20480 65536 65536 86016
615 1 516096 524288
616 1 0 16384
838 2 438272 458752 458752 507904
622 2 323584 327680 327680 385024
504 1 73728 86016
846 2 442368 458752 458752 512000
623 1 303104 307200
37 2 307200 327680 327680 348160
596 1 520192 524288
597 1 0 12288
696 2 303104 327680 327680 352256
569 1 245760 253952
741 2 388608 393216 393216 450048
740 1 482816 524288
741 2 0 65536 65536 122368
569 1 253952 258048
103 1 145920 147968
972 2 323584 327680 327680 331776
443 1 327680 331776
754 1 225280 233472
317 1 475136 524288
318 1 0 65536
478 1 65536 131072
477 7 65536 131072 131072 196608 196608 262144 262144 327680 327680 393216 393216 458752 458752 524288
478 1 0 65536
27 2 196608 262144 262144 327680
585 1 262144 327680
240 1 167936 171520
27 3 327680 393216 393216 458752 458752 475136
27 1 475136 524288
489 2 196608 262144 262144 327680
89 1 270336 278528
333 1 0 65536
89 1 278528 282624
564 3 0 65536 65536 131072 131072 196608
28 1 0 65536
357 1 65536 70144
668 1 114688 118784
53 1 155648 163840
567 2 327680 393216 393216 458752
813 1 270336 282624
362 1 397312 401408
717 1 57344 65536
246 1 77824 81920
269 1 233472 237568
460 1 69632 90112
947 1 98304 106496
896 2 348160 393216 393216 417792
896 1 417792 421888
262 1 434176 446464
193 1 225280 229376
120 1 258048 262144
151 1 221184 229376
901 1 393216 409600
151 1 229376 233472
813 1 204800 208896
803 1 270336 274432
984 1 4096 8192
767 1 24576 28672
563 1 450560 458752
999 1 348160 360448
563 1 458752 462848
303 1 12288 16384
303 1 20480 28672
289 1 204800 208896
41 1 4096 16384
303 1 8192 8704
289 1 208896 212992
767 1 24576 28672
563 1 462848 479232
999 1 278528 299008
801 1 249856 253952
264 1 475136 479232
287 1 233472 237568
848 1 278528 294912
973 1 270336 274432
959 2 57344 65536 65536 114688
580 1 229376 237568
82 1 36864 40960
255 1 339968 343040
853 1 94208 102400
801 1 262144 266240
862 1 0 8192
474 1 57344 61440
853 1 126976 131072
233 1 274432 303104
2 1 450560 454656
803 1 208896 233472
911 2 24576 65536 65536 90112
920 2 122880 131072 131072 188416
586 1 102400 110592
662 2 258048 262144 262144 266240
921 2 188416 196608 196608 253952
535 1 303104 307200
792 1 413696 417792
586 1 110592 114688
922 2 122880 131072 131072 188416
124 1 409600 421888
0 1 8192 8704
308 1 147456 155648
308 1 90112 94208
751 1 0 16384
211 1 327680 331776
88 7 98816 131072 131072 196608 196608 262144 262144 327680 327680 393216 393216 458752 458752 524288
89 2 0 65536 65536 98816
46 1 471040 475136
751 1 16384 20480
90 2 425984 458752 458752 475136
89 6 98816 131072 131072 196608 196608 262144 262144 327680 327680 393216 393216 397312
89 2 397312 458752 458752 524288
90 1 0 49664
98 1 466944 524288
99 2 0 65536 65536 119296
90 7 49664 65536 65536 131072 131072 196608 196608 262144 262144 327680 327680 393216 393216 397312
484 1 90112 98304
803 1 237568 245760
209 1 200704 204800
99 2 119296 131072 131072 139264
66 1 151552 155648
805 1 442368 446464
99 6 143360 196608 196608 262144 262144 327680 327680 393216 393216 458752 458752 524288
100 2 0 65536 65536 123392
7 1 0 16384
969 1 8192 11776
2 1 159744 162304
621 1 258048 262144
279 1 458752 459264
328 1 155648 159744
497 1 81920 90112
511 1 155648 159744
378 1 86016 122880
321 1 471040 503808
235 1 495616 499712
321 1 503808 507904
883 1 397312 401408
378 1 86016 90112
321 1 507904 516096
235 1 495616 507904
321 1 516096 520192
883 1 462848 466944
696 1 409600 413696
679 1 360448 364544
114 1 118784 122880
855 2 155648 196608 196608 221184
312 1 503808 524288
313 8 0 65536 65536 131072 131072 196608 196608 262144 262144 327680 327680 393216 393216 458752 458752 503808
750 2 253952 262144 262144 319488
64 1 249856 253952
65 1 180224 184320
166 1 520192 524288
457 1 69632 73728
801 1 32768 36864
66 1 110592 114688
66 1 499712 503808
166 1 368640 372736
803 1 299008 315392
646 6 163840 196608 196608 262144 262144 327680 327680 393216 393216 458752 458752 524288
647 3 0 65536 65536 131072 131072 163840
212 1 196608 262144
807 2 331776 393216 393216 397312
64 1 139264 140800
821 1 471552 524288
822 8 0 65536 65536 131072 131072 196608 196608 262144 262144 327680 327680 393216 393216 458752 458752 471552
167 1 299008 303104
647 6 163840 196608 196608 262144 262144 327680 327680 393216 393216 458752 458752 524288
648 3 0 65536 65536 131072 131072 159744
953 1 200704 204800
269 1 172032 176128
326 1 163840 167936
639 1 12288 16384
957 2 401408 458752 458752 524288
958 7 0 65536 65536 131072 131072 196608 196608 262144 262144 327680 327680 393216 393216 401408
66 1 196608 204800
346 1 438272 442368
991 1 274432 286720
958 2 401408 458752 458752 524288
959 3 0 65536 65536 131072 131072 196608
391 1 360448 364544
543 1 86016 90112
304 1 135168 139264
784 1 102400 106496
569 2 339968 393216 393216 401408
281 1 172032 176128
149 1 65536 69632
445 1 90112 98304
445 1 73728 77824
149 1 126976 131072
569 2 258048 262144 262144 266240
803 1 294912 299008
176 1 36864 40960
834 1 442368 446464
95 1 425984 430080
218 1 479232 524288
219 1 0 8192
803 1 229376 233472
535 1 249856 250368
176 1 40960 45056
75 1 241664 262144
527 1 200704 204800
66 1 376832 380928
32 1 479232 491520
49 1 237568 258048
702 1 401408 405504
714 1 520192 524288
715 1 0 36864
737 1 372736 393216
626 1 204800 208896
31 3 36864 65536 65536 131072 131072 196608
240 5 241664 262144 262144 327680 327680 393216 393216 458752 458752 524288
241 4 0 65536 65536 131072 131072 196608 196608 241664
776 1 262144 274432
626 1 131072 135168
28 2 0 65536 65536 102400
66 3 335872 393216 393216 458752 458752 524288
67 1 0 36864
241 4 241664 262144 262144 327680 327680 393216 393216 446464
181 1 167936 176128
181 1 176128 180224
905 1 327680 376832
504 1 122880 131072
71 1 393216 397312
374 1 16384 20480
871 1 131072 147456
374 1 57344 65536
71 1 397312 405504
71 1 405504 409600
948 1 475136 491520
71 1 409600 417792
71 1 417792 421888
871 1 131072 147456
71 1 421888 430080
71 1 430080 434176
13 1 4096 20480
314 1 200704 212992
71 1 434176 442368
739 1 274432 278528
813 1 278528 286720
522 1 118784 122880
522 1 262144 266240
813 1 217088 221184
686 1 180224 182784
813 1 282624 290816
762 1 12288 16384
602 1 176128 196608
805 1 241664 245760
182 1 69632 73728
470 1 200704 208896
194 1 86016 94208
813 1 204800 208896
936 1 143360 192512
813 1 270336 274432
351 1 118784 122880
885 1 131072 135168
50 1 491520 499712
182 1 188416 192512
936 1 192512 196608
66 1 135168 139264
811 1 479232 483328
245 1 229376 233472
514 1 393216 401408
615 1 356352 360448
853 1 139264 143360
67 1 86016 90112
300 1 294912 307200
811 1 495616 499712
813 1 266240 270336
308 1 376832 380928
539 1 323584 327680
803 1 204800 208896
853 1 159744 163840
666 1 503808 524288
667 1 0 4096
961 1 196608 208896
959 1 106496 131072
959 1 147456 163840
959 1 221184 229376
263 1 499712 507904
851 1 417792 430080
17 1 319488 323584
17 1 118784 122880
338 1 401408 446464
240 1 262144 270336
883 1 475136 479232
813 1 204800 208896
240 1 270336 274432
813 1 196608 200704
944 1 421888 425984
891 1 20480 24576
624 1 245760 249856
241 2 450560 458752 458752 524288
242 4 0 65536 65536 131072 131072 196608 196608 245760
56 1 65536 81920
99 1 270336 327680
147 1 77824 81920
853 1 0 65536
83 1 270336 274432
531 2 45056 65536 65536 86016
83 1 266240 270336
23 1 49152 57344
531 1 86016 90112
83 1 270336 274432
365 1 458752 471040
83 1 266240 270336
83 1 270336 274432
23 1 57344 61440
420 1 69632 90112
0 1 126976 131072
998 1 184320 188416
669 1 217088 249856
28 1 94208 106496
5 1 274432 278528
4 1 520192 524288
543 1 290816 323584
725 2 421888 458752 458752 524288
726 7 0 65536 65536 131072 131072 196608 196608 262144 262144 327680 327680 393216 393216 413696
6 1 0 12288
803 1 282624 286720
254 1 520192 524288
255 3 0 65536 65536 131072 131072 196608
255 3 262144 327680 327680 393216 393216 454656
803 1 217088 225280
255 2 454656 458752 458752 524288
964 1 28672 61440
654 1 184320 188416
654 1 417792 421888
654 1 102400 106496
654 1 364544 368640
850 1 241664 245760
624 1 372736 376832
485 1 196608 221184
813 1 204800 208896
623 1 94208 98304
623 1 356352 360448
623 1 155648 159744
623 1 397312 401408
624 1 253952 258048
151 1 163840 167936
166 1 368640 372736
759 1 339968 344064
330 1 114688 126976
109 1 98304 110592
288 1 491520 512000
352 1 303104 307200
192 1 323584 327680
466 1 57344 61440
359 1 303104 307200
803 1 327680 331776
352 1 491520 495616
352 1 499712 507904
934 1 278528 282624
409 1 507904 512000
231 1 8192 12288
875 1 393216 458752
352 1 475136 479232
352 1 483328 491520
181 1 520192 523264
132 1 487424 499712
393 1 466944 475136
495 2 61440 65536 65536 73728
0 1 85504 89600
999 1 516096 520192
223 1 393216 397312
192 3 229376 262144 262144 327680 327680 352256
367 2 290816 327680 327680 356352
368 2 28672 65536 65536 94208
839 1 475136 478720
368 2 290816 327680 327680 356352
67 1 339968 356352
369 2 28672 65536 65536 94208
369 2 290816 327680 327680 356352
370 2 28672 65536 65536 94208
157 2 389120 393216 393216 409600
827 1 0 4096
926 1 65536 69632
918 1 238080 239616
752 2 389120 393216 393216 401408
752 1 344064 348160
420 1 233472 241664
428 1 409600 417792
874 1 278528 282624
412 1 122880 126976
362 1 331776 339968
959 1 57344 61440
264 1 475136 479232
811 1 503808 507904
902 1 81920 86016
498 1 122880 126976
6 1 499712 503808
853 1 176128 180224
36 2 385024 393216 393216 409600
770 1 102400 106496
803 1 294912 299008
862 1 4096 8192
342 1 294912 303104
811 1 512000 524288
812 1 0 4096
499 1 368640 372736
853 1 184320 188416
923 2 57344 65536 65536 119296
124 1 421888 425984
854 1 77824 78336
237 1 372736 380928
662 1 262144 266240
0 1 16384 16896
923 1 119296 122880
237 1 380928 385024
662 1 262144 266240
250 1 303104 307200
758 3 376832 393216 393216 458752 458752 524288
759 4 0 65536 65536 131072 131072 196608 196608 226816
247 1 475136 479232
757 2 454656 458752 458752 524288
758 6 0 65536 65536 131072 131072 196608 196608 262144 262144 327680 327680 372736
168 1 233472 237568
168 1 81920 86016
167 1 147456 151552
167 1 450560 454656
245 1 155648 159744
750 1 372736 389120
648 1 159744 163840
627 1 73728 74752
313 1 503808 524288
314 8 0 65536 65536 131072 131072 196608 196608 262144 262144 327680 327680 393216 393216 458752 458752 503808
328 1 303104 306176
253 1 94208 98304
255 1 462848 466944
267 1 376832 380928
279 1 98304 102400
750 2 319488 327680 327680 368640
273 1 176128 180224
475 1 73728 77824
151 1 192512 196608
199 1 397312 401408
283 1 405504 409600
623 1 65536 69632
281 1 233472 237568
151 1 16384 20480
151 1 212992 217088
287 1 77824 86016
236 1 90112 94208
290 1 385024 389120
654 1 237568 241664
654 1 450560 454656
764 1 458752 462848
782 1 368640 372736
475 1 86016 94208
287 1 28672 32768
695 2 425984 458752 458752 479232
854 2 446464 458752 458752 516096
747 2 24576 65536 65536 90112
596 6 192512 196608 196608 262144 262144 327680 327680 393216 393216 458752 458752 516096
85 4 299008 327680 327680 393216 393216 458752 458752 524288
86 4 0 65536 65536 131072 131072 196608 196608 262144
862 2 413696 458752 458752 483328
226 1 266240 274432
226 1 274432 278528
870 2 454656 458752 458752 524288
695 1 483328 524288
696 2 0 65536 65536 118784
769 1 390656 391168
886 2 446464 458752 458752 516096
788 1 294912 307200
902 1 471040 524288
903 1 0 16384
727 1 53248 57344
319 1 4096 24576
910 1 475136 524288
911 1 0 20480
176 1 65536 77824
176 1 28672 36864
372 1 421888 425984
27 1 294912 299008
633 1 495616 499712
289 1 270336 274432
372 1 421888 425984
289 1 266240 270336
852 1 131072 151552
813 1 270336 274432
424 1 98304 98816
90 1 233472 237568
852 1 151552 163840
79 1 434176 436224
815 1 110592 114688
145 1 389120 390656
964 1 299008 303104
964 1 376832 380928
964 1 389120 391168
964 1 385024 388096
818 1 430080 438272
851 1 188416 196608
923 1 516096 524288
924 1 0 41984
854 1 78336 78848
854 1 78336 78848
662 1 262144 266240
803 1 196608 200704
316 1 204800 208896
771 1 348160 352256
361 1 311296 319488
812 1 12288 16384
205 1 122880 126976
853 2 192512 196608 196608 208896
319 1 8192 20480
314 1 159744 163840
934 1 143360 147456
812 1 364544 372736
778 1 131072 135168
206 1 45056 49152
99 5 40960 65536 65536 131072 131072 196608 196608 262144 262144 266240
80 1 458752 471040
80 1 503808 524288
81 1 0 57344
156 3 376832 393216 393216 458752 458752 487424
156 4 147456 196608 196608 262144 262144 327680 327680 372736
214 1 237568 241664
16 1 229376 233472
813 1 270336 274432
257 1 57344 61440
876 1 356352 360448
16 1 376832 380928
877 1 61440 65536
460 1 397312 398848
720 1 57344 61440
877 1 348160 352256
569 1 266240 270336
285 1 49152 53248
696 1 91648 93184
311 1 491520 516096
860 1 225280 233472
569 1 270336 303104
860 1 233472 237568
569 1 303104 307200
841 1 516096 524288
534 1 32768 36864
66 1 90112 94208
848 1 479232 483328
353 1 352256 356352
803 1 204800 208896
63 1 253952 258048
650 1 311296 315392
739 1 274432 278528
191 1 352256 360448
813 1 270336 274432
344 1 278528 282624
191 1 360448 364544
352 1 311296 323584
813 1 270336 278528
224 1 339968 345088
318 1 397312 397824
189 1 360448 368640
189 1 368640 372736
307 1 516096 524288
308 1 0 8192
809 1 495616 499712
809 1 413696 417792
785 1 188416 192512
623 1 233472 241664
287 1 57344 61440
298 1 462848 466944
31 2 425984 458752 458752 524288
32 6 0 65536 65536 131072 131072 196608 196608 262144 262144 327680 327680 372736
569 1 401408 405504
834 1 421888 425984
269 1 106496 110592
825 1 282624 286720
817 1 454656 458752
974 1 331776 335872
505 1 294912 303104
748 1 229376 245760
346 1 204800 208896
210 1 299008 303104
325 1 471040 475136
762 1 12288 16384
411 1 360448 364544
495 1 483328 487424
813 1 204800 208896
411 1 368640 376832
188 1 376832 380928
919 1 81920 90112
329 1 266240 266752
967 1 208896 221184
522 1 118784 122880
825 1 348160 393216
329 1 266752 282624
522 1 262144 266240
723 1 262144 263168
825 1 393216 397312
813 1 270336 274432
723 1 263168 267264
176 1 241664 249856
176 1 335872 348160
176 1 208896 217088
177 2 454656 458752 458752 462848
178 1 77824 90112
877 1 262144 270336
937 1 385024 389120
927 1 36864 40960
937 2 454656 458752 458752 466944
937 1 495616 499712
938 1 172032 180224
177 1 491520 499712
937 1 397312 405504
178 1 94208 106496
938 1 458752 466944
939 1 12288 16384
939 1 49152 53248
939 1 102400 106496
786 1 397312 409600
288 1 245760 249856
436 2 245760 262144 262144 311296
436 1 311296 315392
835 1 196608 200704
73 1 425984 430080
807 1 208896 212992
252 1 188416 192512
202 1 36864 40960
306 1 233472 262144
612 2 393216 458752 458752 524288
613 2 0 65536 65536 131072
889 1 262144 327680
840 1 503808 507904
841 1 262144 278528
224 1 425984 430080
803 1 270336 278528
994 1 282624 290816
813 1 270336 274432
370 2 290816 327680 327680 356352
24 1 462848 466944
371 1 28672 57856
371 2 57856 65536 65536 94208
404 1 246272 247296
67 1 356352 376832
25 1 4096 12288
371 2 290816 327680 327680 356352
508 1 8192 20480
676 1 135168 143360
812 1 380928 385024
567 1 307200 311296
478 1 438272 442368
853 1 217088 221184
779 1 53248 57344
351 1 61440 65536
206 1 188416 192512
362 1 110592 122880
812 1 389120 393216
224 1 311296 315392
557 1 221184 229376
853 1 241664 249856
557 1 311296 315392
812 1 397312 401408
338 1 393216 397312
313 1 294912 303104
964 1 61440 65536
256 1 65536 126976
964 1 327680 356352
803 1 286720 290816
914 1 81920 94208
5 1 126976 131072
254 1 520192 524288
964 1 356352 389120
0 1 458752 462848
6 1 65536 81920
852 1 225280 245760
813 1 270336 274432
803 1 221184 225280
964 2 389120 393216 393216 421888
813 1 204800 208896
735 1 221184 241664
803 1 286720 290816
118 1 319488 323584
813 1 278528 282624
118 1 319488 323584
813 1 212992 217088
118 1 319488 323584
813 1 278528 282624
848 1 409600 430080
174 1 57344 57856
108 1 434176 438272
736 1 139264 155648
689 1 237568 241664
9 1 372736 376832
9 1 405504 409600
736 1 155648 159744
114 1 303104 327680
127 1 262144 278528
813 1 204800 208896
178 1 4096 12288
937 1 372736 380928
937 1 409600 413696
475 2 118784 131072 131072 159744
937 1 471040 475136
938 1 32768 40960
938 1 516096 520192
939 1 28672 32768
319 1 24576 28672
476 1 32768 49152
937 1 417792 421888
937 1 479232 483328
938 1 131072 139264
938 1 299008 307200
939 1 0 4096
939 1 36864 45056
915 1 458752 461824
939 2 61440 65536 65536 73728
939 1 176128 180224
475 1 352256 393216
74 1 487424 491520
71 1 299008 303104
803 1 307200 311296
111 1 262144 266240
74 1 487424 491520
104 1 483328 487424
95 1 290816 307200
803 1 241664 245760
100 1 151552 155648
100 7 123392 131072 131072 196608 196608 262144 262144 327680 327680 393216 393216 458752 458752 524288
101 2 0 65536 65536 123392
900 1 159744 163840
471 1 94208 98304
74 1 487424 491520
803 1 307200 315392
988 2 57344 65536 65536 73728
93 1 69632 73728
773 1 417792 434176
101 7 123392 131072 131072 196608 196608 262144 262144 327680 327680 393216 393216 458752 458752 524288
102 1 0 57856
74 1 487424 491520
610 1 466944 471040
83 1 266240 270336
147 1 81920 86016
160 1 176128 180224
803 1 233472 253952
743 1 192512 196608
194 1 237568 241664
358 1 356352 368640
349 1 53248 57344
985 1 450560 458752
82 1 286720 290816
705 1 475136 479232
171 1 327680 348160
83 1 270336 274432
14 1 368640 376832
192 1 352256 356352
48 1 421888 425984
597 1 397312 413696
347 1 458752 462848
289 1 94208 98304
146 1 241664 262144
146 1 262144 266240
349 1 8192 45056
349 1 45056 49152
101 1 406016 458752
814 1 151552 155648
432 1 327680 393216
17 1 294912 323584
24 1 249856 252928
394 1 520192 524288
432 1 262144 327680
555 1 344064 348160
739 1 282624 290816
74 1 163840 167936
10 1 163840 167936
746 3 49152 65536 65536 131072 131072 167936
104 1 380928 385024
104 1 364544 380928
104 2 385024 393216 393216 430080
323 1 65536 69632
5 1 188416 196608
745 8 49152 65536 65536 131072 131072 196608 196608 262144 262144 327680 327680 393216 393216 458752 458752 524288
746 1 0 49152
869 1 53248 57344
650 1 356352 360448
933 1 241664 245760
651 1 208896 212992
650 1 212992 217088
650 1 348160 352256
909 1 12288 16384
176 1 28672 32768
501 1 151552 155648
803 1 294912 299008
803 1 229376 241664
834 1 446464 450560
803 1 303104 307200
803 1 237568 245760
842 1 393216 401408
311 1 491520 495616
803 1 299008 307200
569 1 307200 315392
129 1 475136 479232
522 3 16384 65536 65536 131072 131072 147456
64 1 106496 114688
569 1 315392 319488
987 1 73728 94208
228 1 266240 274432
228 1 331776 335872
803 1 270336 274432
64 1 114688 118784
813 1 270336 274432
10 1 462848 479232
637 1 24064 28160
883 1 389120 393216
601 1 245760 253952
297 1 12288 32768
326 1 131072 135168
853 1 479232 487424
524 1 442368 450560
260 1 94208 98304
500 1 294912 303104
823 1 409600 454656
823 1 454656 458752
123 1 303104 319488
175 1 16384 20480
229 1 450560 454656
885 1 118784 126976
206 1 266240 274432
779 1 196608 200704
485 1 147456 151552
853 1 258048 262144
813 1 266240 270336
847 1 172032 184320
338 1 417792 430080
361 1 139264 155648
803 1 229376 233472
540 2 192512 196608 196608 200704
581 1 90112 98304
779 1 274432 282624
853 1 266240 270336
341 1 241664 245760
883 1 380928 385024
390 1 16384 20480
662 1 262144 266240
0 1 24576 25088
803 1 270336 274432
63 1 253952 258048
655 1 184320 188416
396 1 114688 116224
170 1 245760 249856
297 1 335872 339968
848 1 479232 483328
813 1 204800 208896
803 1 204800 208896
721 1 131072 143360
721 1 180224 188416
689 1 241664 245760
834 1 81920 86016
689 1 180224 184320
834 1 151552 155648
834 1 167936 172032
834 1 262144 266240
834 1 278528 282624
630 1 344064 348160
93 1 262144 266240
117 1 172032 184320
109 1 221184 253952
321 1 520192 524288
322 1 0 16384
117 1 184320 188416
322 1 16384 20480
803 1 262144 270336
481 1 503808 507904
70 1 380928 385024
454 1 339968 344064
194 1 299008 303104
871 1 503808 516096
548 1 385024 393216
633 1 262144 266240
82 1 294912 303104
128 1 487424 491520
482 1 196608 200704
83 1 266240 270336
672 1 352256 356352
646 1 380928 385024
224 1 241664 249856
909 1 368640 376832
85 1 380928 385024
620 1 98304 106496
803 1 212992 221184
563 1 479232 483328
241 1 397312 405504
241 1 405504 409600
767 1 24576 32768
563 1 483328 491520
35 1 286720 290816
335 1 118784 122880
186 1 86016 94208
563 1 491520 495616
767 1 28672 32768
421 5 260096 262144 262144 327680 327680 393216 393216 458752 458752 524288
422 4 0 65536 65536 131072 131072 196608 196608 260096
550 1 12288 12800
214 1 483328 487424
422 5 260096 262144 262144 327680 327680 393216 393216 458752 458752 524288
423 4 0 65536 65536 131072 131072 196608 196608 260096
120 2 253952 262144 262144 278528
64 1 520192 524288
65 1 0 28672
151 1 421888 454656
65 1 32768 36864
242 5 245760 262144 262144 327680 327680 393216 393216 458752 458752 524288
243 4 0 65536 65536 131072 131072 196608 196608 245760
332 1 364544 376832
803 1 204800 208896
56 1 81920 102400
81 2 192512 196608 196608 200704
829 1 262144 270336
897 1 483328 487424
81 2 98304 131072 131072 188416
813 1 204800 208896
803 1 196608 200704
265 1 360448 368640
418 1 315392 319488
909 1 262144 266240
261 1 180224 188416
264 1 360448 364544
940 1 110592 114688
814 1 319488 323584
263 1 507904 516096
242 2 352256 393216 393216 454656
242 1 454656 458752
849 1 471040 487424
813 1 208896 212992
91 1 106496 110592
372 1 462848 466944
231 1 98304 101888
65 1 90112 94208
39 2 389120 393216 393216 434176
352 3 327680 393216 393216 458752 458752 524288
353 2 0 65536 65536 102400
507 1 69632 77824
283 1 221184 225280
305 1 229376 233472
649 5 192512 196608 196608 262144 262144 327680 327680 393216 393216 409600
807 2 397312 458752 458752 462848
141 1 69632 73728
316 1 98304 102400
648 6 192512 196608 196608 262144 262144 327680 327680 393216 393216 458752 458752 524288
649 3 0 65536 65536 131072 131072 192512
649 2 413696 458752 458752 524288
650 2 0 65536 65536 102400
314 1 503808 524288
315 1 0 65536
822 1 471552 524288
823 8 0 65536 65536 131072 131072 196608 196608 262144 262144 327680 327680 393216 393216 458752 458752 471552
751 3 389120 393216 393216 458752 458752 480768
315 6 65536 131072 131072 196608 196608 262144 262144 327680 327680 393216 393216 434176
527 2 450560 458752 458752 491520
527 1 425984 450560
750 3 389120 393216 393216 458752 458752 524288
751 6 0 65536 65536 131072 131072 196608 196608 262144 262144 327680 327680 389120
498 1 208896 212992
512 2 376832 393216 393216 401408
505 1 303104 307200
868 1 503808 507904
118 1 405504 409600
302 1 114688 118784
34 1 372736 393216
302 1 385024 389120
991 1 278528 282624
7 1 262144 274432
302 1 307200 315392
375 1 32768 36864
943 1 20480 24576
304 1 81920 86016
677 1 73728 77824
942 1 512000 516096
677 1 466944 471040
224 1 491520 495616
813 1 270336 274432
686 1 319488 323584
445 1 73728 77824
149 1 126976 131072
149 1 65536 69632
445 1 90112 98304
813 1 270336 274432
813 1 204800 208896
191 1 487424 491520
761 1 235520 236544
103 1 155648 156160
569 1 319488 327680
103 1 147968 155648
103 1 156160 159744
192 1 32768 40960
803 1 204800 208896
908 2 131072 196608 196608 217088
939 1 77824 90112
939 1 229376 237568
475 1 516096 524288
945 1 327680 368640
477 2 454656 458752 458752 520192
478 2 45056 65536 65536 86016
948 1 331776 372736
758 2 401408 458752 458752 524288
759 1 0 8192
759 2 335872 393216 393216 401408
760 3 139264 196608 196608 262144 262144 270336
569 1 12288 16384
872 2 282624 327680 327680 389120
876 2 20480 65536 65536 86016
871 2 430080 458752 458752 524288
872 3 0 65536 65536 131072 131072 167936
874 1 479232 524288
875 2 0 65536 65536 86016
872 1 520192 524288
873 4 0 65536 65536 131072 131072 196608 196608 258048
222 2 204800 262144 262144 270336
679 1 368640 380928
32 1 196608 208896
234 1 32768 40960
575 1 479232 483328
883 1 393216 397312
780 1 221184 229376
364 1 331776 335872
853 1 274432 278528
517 1 233472 241664
575 1 491520 495616
941 1 270336 274432
889 1 475136 483328
885 1 110592 114688
184 1 315392 319488
404 1 0 65536
606 1 258048 262144
883 1 401408 405504
22 1 57344 65536
81 2 204800 262144 262144 282624
313 1 176128 180224
48 1 376832 380928
112 1 471040 475136
551 2 61440 65536 65536 94208
313 1 299008 303104
355 1 413696 417792
243 5 245760 262144 262144 327680 327680 393216 393216 458752 458752 524288
244 4 0 65536 65536 131072 131072 196608 196608 245760
813 1 196608 200704
383 1 53248 57344
945 1 77824 81920
588 1 155648 159744
964 1 421888 454656
945 1 86016 94208
803 1 221184 229376
71 1 282624 290816
964 2 454656 458752 458752 487424
803 1 290816 294912
71 1 290816 294912
159 1 286720 294912
964 1 487424 520192
803 1 225280 229376
159 1 294912 299008
5 1 258048 262144
660 1 483328 485376
876 1 462848 466944
831 1 245760 249856
437 1 385024 389120
2 1 114688 118784
70 1 434176 438272
944 1 446464 454656
210 1 245760 253952
194 1 319488 323584
672 1 487424 491520
870 1 217088 221184
83 1 270336 274432
165 1 294912 303104
471 1 53248 57344
210 1 274432 290816
959 1 409600 413696
229 1 389120 393216
24 1 270336 274432
673 1 4096 8192
845 2 454656 458752 458752 462848
991 1 53248 57344
723 1 267264 271360
325 1 475136 479232
302 1 507904 524288
303 1 0 4096
476 1 172032 176128
813 1 204800 217088
351 1 286720 290816
354 1 167936 172032
938 1 507904 524288
939 1 0 8192
57 1 196608 200704
939 1 8192 12288
813 1 278528 282624
724 1 122880 123392
325 1 471040 475136
813 1 212992 217088
240 1 155648 159744
203 1 348160 352256
496 1 16384 24576
740 1 200704 233472
495 1 299008 303104
32 1 49152 65536
788 1 319488 323584
34 1 0 4096
876 3 221184 262144 262144 327680 327680 393216
4 1 385024 393216
121 1 356352 364544
32 1 135168 147456
42 1 16384 24576
121 1 319488 327680
89 1 282624 299008
176 1 94208 106496
973 1 417792 425984
129 2 57344 65536 65536 118784
877 4 0 65536 65536 131072 131072 196608 196608 262144
727 1 53248 57344
426 1 57344 65536
129 1 491520 524288
130 1 0 12288
974 1 401408 425984
975 1 98304 114688
974 1 466944 491520
2 1 516096 516608
534 5 201216 262144 262144 327680 327680 393216 393216 458752 458752 524288
535 4 0 65536 65536 131072 131072 196608 196608 201216
999 1 356352 368640
535 5 201216 262144 262144 327680 327680 393216 393216 458752 458752 524288
536 4 0 65536 65536 131072 131072 196608 196608 201216
999 1 258048 262144
999 1 258048 262144
3 1 0 512
536 1 201216 241664
999 1 294912 299008
536 5 245760 262144 262144 327680 327680 393216 393216 458752 458752 524288
537 4 0 65536 65536 131072 131072 196608 196608 205312
270 1 282624 286720
999 1 303104 307200
304 1 90112 94208
34 2 417792 458752 458752 524288
35 1 0 4096
302 1 151552 155648
139 1 57344 61440
42 1 483328 487424
892 2 401408 458752 458752 524288
893 1 0 61440
44 1 372736 376832
45 1 512000 516096
999 1 462848 466944
813 1 294912 303104
386 1 77824 81920
776 1 462848 475136
372 1 421888 425984
289 1 270336 274432
372 1 421888 425984
289 1 266240 270336
372 1 421888 425984
27 1 299008 303104
289 1 270336 274432
848 1 438272 454656
372 1 421888 425984
289 1 266240 270336
16 1 126976 131072
942 1 356352 360448
0 1 32768 33280
224 1 462848 466944
228 1 208896 212992
987 1 450560 454656
430 1 516096 520192
431 1 4096 12288
987 1 462848 466944
931 1 147456 167936
896 1 73728 77824
273 2 385024 393216 393216 401408
931 1 167936 180224
273 1 401408 421888
87 1 200704 204800
611 1 217088 221184
611 1 245760 262144
612 1 458752 466944
161 1 24576 28672
298 1 241664 262144
298 1 372736 385024
71 1 442368 446464
871 2 131072 196608 196608 212992
71 1 446464 454656
71 1 454656 458752
109 1 262144 294912
72 1 65536 77824
72 1 77824 81920
438 1 81920 98304
960 1 212992 229376
437 1 409600 425984
643 1 110592 118784
643 1 249856 258048
871 1 131072 147456
24 1 458752 462848
72 1 81920 90112
138 1 495616 503808
72 1 90112 94208
24 1 454656 458752
749 1 90112 94208
827 1 348160 352256
63 1 253952 258048
352 1 290816 294912
924 1 442368 446464
813 1 270336 274432
192 1 315392 319488
717 1 376832 380928
655 1 36864 40960
63 1 253952 258048
803 1 270336 278528
83 1 266240 270336
694 1 483328 487424
763 1 458752 471040
971 1 12288 16384
178 1 409600 413696
845 1 466944 479232
210 1 299008 307200
24 1 303104 307200
794 1 57344 61440
208 1 507904 520192
875 1 339968 348160
967 1 102400 106496
4 1 0 4096
591 1 475136 495616
83 1 270336 274432
712 1 294912 299008
936 1 434176 438272
24 1 458752 462848
372 2 28672 65536 65536 94208
40 1 360448 380928
372 2 294912 327680 327680 360448
851 1 24576 45056
404 2 246784 262144 262144 274432
373 2 32768 65536 65536 98304
24 1 466944 471040
322 1 446464 458752
373 2 294912 327680 327680 360448
16 1 327680 331776
374 2 32768 65536 65536 98304
374 2 294912 327680 327680 360448
841 1 409600 425984
994 1 290816 294912
961 1 208896 212992
938 1 16384 20480
841 1 278528 299008
576 1 98304 102400
391 1 315392 319488
803 1 294912 299008
853 1 311296 323584
913 1 225280 229376
787 1 188416 192512
606 1 270336 274432
576 1 118784 122880
316 1 266240 270336
92 1 249856 258048
853 1 389120 393216
913 1 253952 258048
803 1 229376 233472
317 1 172032 176128
576 1 245760 253952
316 1 69632 73728
14 1 491520 495616
243 1 131072 196608
25 1 282624 299008
161 4 229376 262144 262144 327680 327680 393216 393216 454656
334 1 262144 266240
406 1 466944 524288
407 1 0 4096
169 1 106496 131072
474 1 4096 4608
161 1 458752 499712
582 1 204800 206848
838 3 339968 393216 393216 458752 458752 471040
336 1 266240 270336
161 1 503808 524288
162 1 0 8192
168 1 458752 467968
54 1 192512 196608
16 1 466944 475136
55 1 65536 77824
569 1 327680 331776
103 1 159744 161280
192 1 40960 45056
3 1 315392 323584
975 2 163840 196608 196608 221184
54 1 159744 163840
724 2 376832 393216 393216 442368
975 3 290816 327680 327680 393216 393216 401408
975 1 479232 524288
976 1 0 12288
976 1 32768 61440
937 2 233472 262144 262144 270336
908 1 245760 262144
542 1 24576 32768
877 1 327680 331776
937 1 294912 323584
371 2 385024 393216 393216 454656
539 1 4096 32768
129 1 466944 491520
189 1 184320 192512
130 1 200704 229376
130 1 98304 110592
973 2 425984 458752 458752 462848
480 1 155648 163840
978 2 102400 131072 131072 167936
399 1 143360 147456
251 1 86016 98304
251 1 98304 102400
834 1 446464 450560
803 1 307200 311296
66 1 376832 380928
874 1 32768 36864
803 1 241664 245760
813 1 204800 212992
656 1 352256 356352
827 1 57344 61440
209 1 40960 49152
845 1 483328 487424
706 1 69632 73728
796 1 61440 65536
4 1 20480 24576
323 1 368640 372736
216 1 339968 344064
921 1 237568 241664
211 1 102400 110592
83 1 266240 270336
712 1 327680 331776
591 1 495616 499712
579 1 282624 286720
656 1 360448 364544
224 1 249856 253952
3 1 114688 118784
656 1 450560 454656
877 1 159744 163840
596 1 114688 116224
6 1 262144 270336
875 1 139264 143360
877 1 167936 172032
813 1 204800 208896
226 1 245760 249856
301 2 126976 131072 131072 159744
803 1 290816 299008
168 1 368640 372736
0 1 454656 458752
4 1 372736 376832
484 1 12288 16384
803 1 229376 233472
301 1 159744 192512
371 1 458752 462848
980 1 425984 434176
692 2 446464 458752 458752 471040
14 1 376832 380928
347 1 475136 479232
91 1 262144 282624
827 1 0 4096
848 1 352256 372736
505 1 307200 315392
948 1 229376 233472
582 2 192512 196608 196608 208896
178 1 262144 327680
34 1 393216 417792
32 3 372736 393216 393216 458752 458752 524288
243 1 65536 131072
505 1 315392 319488
781 2 360448 393216 393216 413696
698 1 229376 233472
813 1 270336 278528
14 1 454656 458752
853 1 401408 405504
913 1 270336 274432
576 1 270336 274432
316 1 401408 405504
308 1 380928 385024
14 1 512000 516096
395 1 159744 163840
80 2 389120 393216 393216 397312
576 1 290816 294912
853 1 409600 413696
264 1 483328 487424
940 1 151552 159744
15 1 114688 122880
575 1 225280 229376
405 1 507904 508928
813 2 258048 262144 262144 270336
463 1 61440 65536
214 1 200704 204800
813 1 266240 270336
463 1 61440 65536
214 1 200704 204800
807 1 122880 126976
807 1 446464 450560
998 1 262144 327680
813 1 204800 208896
813 1 270336 278528
227 1 512000 516096
813 1 208896 212992
813 1 274432 278528
227 1 512000 516096
813 1 208896 217088
807 1 122880 126976
807 1 446464 450560
813 1 278528 282624
761 1 236032 238592
228 1 335872 339968
59 1 225280 245760
3 1 323584 327680
987 1 94208 106496
103 1 161280 170496
803 1 270336 278528
936 1 24576 28672
938 1 458752 462848
982 1 323584 327680
981 1 454656 458752
161 1 90112 94208
231 1 266240 270336
701 1 401408 405504
838 1 495616 499712
613 1 196608 262144
351 1 16384 20480
613 1 131072 196608
565 1 389120 393216
833 1 299008 307200
306 1 262144 327680
565 1 405504 413696
613 4 262144 327680 327680 393216 393216 458752 458752 524288
566 1 471040 475136
889 1 327680 393216
168 1 315392 319488
581 1 69632 73728
65 1 0 65536
602 1 229376 233472
556 1 0 65536
437 1 475136 479232
0 1 40960 41472
382 1 204800 208896
854 1 80896 81408
223 1 393216 397312
229 1 143360 159744
854 1 80896 81408
657 1 299008 303104
1 2 405504 458752 458752 524288
2 2 0 65536 65536 77824
407 1 4096 8192
162 1 12288 36864
787 1 434176 436224
36 1 65536 66560
162 1 40960 65536
99 1 360448 364544
200 1 36864 45056
54 1 438272 442368
238 1 512000 512512
815 1 368640 369152
815 1 253952 254464
223 1 393216 397312
815 1 495616 496128
186 1 442368 458752
244 5 245760 262144 262144 327680 327680 393216 393216 458752 458752 524288
245 4 0 65536 65536 131072 131072 196608 196608 245760
80 1 167936 172032
120 1 466944 467968
818 1 282624 327680
42 1 393216 413696
80 1 188416 192512
127 1 278528 327680
108 1 393216 409600
276 1 401408 450560
605 1 188416 192512
803 1 270336 274432
276 1 516096 524288
277 1 0 12288
97 1 147456 151552
145 1 90112 94208
126 1 184320 192512
595 1 368640 372736
28 1 65536 131072
225 1 212992 213504
218 1 163840 167936
171 1 327680 348160
280 1 458752 524288
281 1 0 65536
128 1 417792 425984
282 1 196608 262144
283 1 0 65536
28 2 131072 196608 196608 212992
291 1 294912 327680
880 1 192512 195072
880 1 327680 333312
289 1 458752 524288
290 7 0 65536 65536 131072 131072 196608 196608 262144 262144 327680 327680 393216 393216 425984
288 1 458752 524288
289 7 0 65536 65536 131072 131072 196608 196608 262144 262144 327680 327680 393216 393216 458752
290 2 425984 458752 458752 524288
314 4 262144 327680 327680 393216 393216 458752 458752 524288
315 1 0 65536
291 3 327680 393216 393216 458752 458752 524288
292 4 0 65536 65536 131072 131072 196608 196608 262144
422 2 126976 131072 131072 151552
777 1 106496 110592
396 1 16384 20480
846 1 4096 16384
827 1 237568 245760
796 1 135168 139264
829 1 143360 151552
4 1 53248 57344
825 2 172032 196608 196608 225280
147 1 86016 90112
712 1 450560 454656
579 1 319488 323584
396 1 24576 28672
405 1 196608 200704
669 1 499712 507904
846 1 20480 24576
4 1 81920 86016
829 1 167936 172032
796 1 147456 151552
813 1 270336 274432
552 1 16384 28672
803 1 208896 217088
63 1 253952 258048
721 1 196608 200704
552 1 28672 32768
813 1 274432 278528
76 1 212992 217088
297 1 319488 327680
801 1 462848 471040
186 1 94208 98304
423 5 260096 262144 262144 327680 327680 393216 393216 458752 458752 524288
424 4 0 65536 65536 131072 131072 196608 196608 245760
563 1 495616 503808
424 5 249856 262144 262144 327680 327680 393216 393216 458752 458752 524288
425 4 0 65536 65536 131072 131072 196608 196608 247808
420 1 190464 196608
684 1 282624 286208
425 5 247808 262144 262144 327680 327680 393216 393216 458752 458752 524288
426 4 0 65536 65536 131072 131072 196608 196608 247808
675 1 86016 89088
741 1 86016 90112
740 1 434176 438272
427 5 247808 262144 262144 327680 327680 393216 393216 458752 458752 524288
428 2 0 65536 65536 69632
426 5 247808 262144 262144 327680 327680 393216 393216 458752 458752 524288
427 4 0 65536 65536 131072 131072 196608 196608 247808
0 1 196608 204800
419 6 190464 196608 196608 262144 262144 327680 327680 393216 393216 458752 458752 524288
420 3 0 65536 65536 131072 131072 190464
451 1 464896 473088
0 1 208896 212992
803 1 294912 303104
535 1 274432 294912
576 1 299008 307200
339 1 159744 167936
813 1 208896 212992
15 1 139264 143360
940 1 163840 167936
577 1 479232 483328
853 1 430080 434176
15 1 159744 163840
311 1 331776 339968
810 2 77824 131072 131072 192512
940 1 172032 180224
803 1 233472 237568
463 1 57344 61440
463 1 106496 114688
576 1 319488 323584
92 1 258048 262144
336 1 339968 344064
897 1 356352 372736
896 1 327680 331776
896 1 86016 90112
57 1 479232 483328
101 1 65536 69120
799 1 487424 491520
975 1 450560 454656
200 1 286720 290816
29 1 212992 217088
95 1 483328 484352
64 1 53248 54272
64 1 61440 65536
171 1 262144 282624
88 1 372736 376832
88 1 364544 368640
64 1 446464 450560
215 1 32768 36864
89 1 61440 65536
130 1 372736 376832
981 1 434176 442368
750 1 516096 524288
751 1 0 32768
55 1 77824 81920
54 1 323584 327680
228 1 339968 352256
981 1 393216 397312
55 1 131072 143360
10 1 479232 499712
59 1 245760 258048
228 1 352256 356352
306 1 327680 364544
407 1 368128 376320
873 1 409088 413184
892 1 220672 224768
870 1 237056 241152
189 1 24064 32256
572 1 56832 60928
877 1 470528 478720
839 1 200704 204800
395 1 106496 126976
45 1 409600 413696
687 1 409600 413696
478 1 188416 192512
604 1 45056 57344
518 1 385024 389120
803 1 204800 208896
887 1 212992 229376
227 1 360448 360960
229 1 458752 459264
229 1 459264 459776
229 1 459776 463872
229 1 463872 467968
900 1 4096 8192
223 1 397312 401408
232 1 376832 377344
223 1 393216 397312
232 1 389120 393216
232 1 380928 385024
223 1 397312 401408
232 1 376832 377344
285 1 397312 405504
223 1 393216 397312
813 1 204800 208896
813 1 196608 200704
517 1 425984 430080
517 1 475136 479232
518 1 32768 40960
813 1 270336 278528
229 1 442368 446464
864 1 135168 139264
280 1 69632 72704
634 1 315392 315904
63 1 131072 196608
742 1 262144 266240
742 1 122880 126976
88 1 409600 442368
288 1 20480 28672
192 1 131072 196608
883 1 393216 397312
148 1 327680 393216
88 1 442368 446464
813 1 258048 262144
803 1 245760 249856
95 1 307200 327680
900 1 221184 225280
74 1 487424 491520
803 1 311296 315392
102 7 123392 131072 131072 196608 196608 262144 262144 327680 327680 393216 393216 458752 458752 524288
103 2 0 65536 65536 123392
74 1 487424 491520
988 1 73728 94208
803 1 245760 249856
909 1 487424 491520
813 1 299008 303104
103 7 123392 131072 131072 196608 196608 262144 262144 327680 327680 393216 393216 458752 458752 524288
104 2 0 65536 65536 123392
38 1 348160 380928
848 1 221184 237568
954 1 491520 524288
813 1 204800 208896
133 1 217088 221184
727 1 356352 360448
996 1 73728 75776
360 1 45056 49152
871 1 483328 487424
290 1 348160 352256
803 2 258048 262144 262144 266240
428 1 155648 158208
308 1 8192 28672
264 1 450560 454656
234 1 241664 245760
519 1 258048 262144
218 1 389120 393216
604 1 4096 12288
219 1 196608 200704
519 1 393216 401408
823 1 90112 131072
219 1 200704 262144
823 1 196608 245760
51 1 491520 495616
179 1 311296 315392
644 1 294912 301056
236 1 94208 118784
779 4 294912 327680 327680 393216 393216 458752 458752 524288
780 4 0 65536 65536 131072 131072 196608 196608 245760
430 1 65536 69632
61 1 294912 299008
235 1 245760 249856
972 1 94208 98304
202 1 192512 196608
529 1 90112 94208
827 1 499712 503808
824 1 155648 159744
737 1 32768 36864
828 1 262144 266240
165 1 184320 188416
713 1 184320 188416
976 1 442368 446464
83 1 270336 274432
405 1 217088 225280
846 1 40960 45056
798 1 225280 237568
268 1 233472 241664
825 1 225280 229376
796 1 274432 278528
802 1 12288 20480
713 1 299008 303104
829 1 188416 192512
846 1 49152 53248
749 1 212992 217088
4 1 110592 114688
18 1 352256 356352
83 1 266240 270336
777 1 360448 368640
883 1 491520 495616
301 1 405504 409600
849 1 319488 327680
896 2 294912 327680 327680 344064
896 1 344064 348160
719 1 356352 360448
865 1 512000 516096
233 1 397312 434176
182 1 163840 172032
799 1 155136 159232
935 1 208384 241152
935 1 241152 245248
233 1 434176 438272
182 1 172032 176128
481 1 344064 345600
910 1 458752 461824
214 1 57344 65536
214 1 65536 69632
57 1 196608 200704
724 1 184320 188416
724 1 196608 200704
740 1 233472 237568
813 1 278528 282624
723 1 315392 319488
522 1 118784 122880
325 1 475136 479232
630 1 159744 167936
522 1 262144 266240
305 2 258048 262144 262144 282624
813 1 212992 217088
724 1 122880 123392
305 1 282624 286720
325 1 471040 475136
775 1 217088 225280
353 1 409600 413696
327 1 196608 204800
67 1 32768 40960
932 1 471040 524288
933 1 0 49152
933 1 49152 53248
17 1 319488 323584
883 1 409600 417792
17 1 319488 323584
883 1 479232 483328
17 1 319488 323584
883 1 413696 417792
2 1 0 8192
10 1 135168 139264
10 1 20480 28672
17 1 319488 327680
883 1 479232 483328
853 1 458752 462848
813 1 274432 278528
463 1 118784 122880
513 1 438272 442368
15 1 167936 176128
940 1 184320 188416
576 1 364544 368640
853 1 475136 479232
672 2 397312 458752 458752 524288
963 1 421888 430080
15 1 188416 192512
264 1 483328 487424
101 1 253952 258048
803 1 299008 303104
764 1 196608 200704
903 1 143360 147456
903 1 401408 405504
130 1 438272 442368
178 1 376832 380928
127 1 110592 114688
178 2 262144 327680 327680 380928
175 1 479232 524288
32 1 65536 69120
372 1 512000 516096
849 1 487424 507904
9 1 405504 413696
9 1 413696 417792
431 1 204800 208896
803 1 294912 303104
416 1 221184 225280
301 1 192512 196608
181 1 475136 491520
803 1 233472 237568
377 1 196608 225280
48 1 417792 425984
803 1 299008 303104
377 1 225280 258048
803 1 233472 237568
377 1 258048 262144
275 1 196608 225280
375 1 32768 61952
375 2 61952 65536 65536 98304
375 2 294912 327680 327680 360448
376 2 32768 65536 65536 98304
4 1 409600 417792
376 2 294912 327680 327680 360448
4 1 417792 421888
377 2 32768 65536 65536 98304
377 2 294912 327680 327680 360448
522 1 155648 159232
378 2 32768 65536 65536 98304
803 1 278528 282624
297 1 270336 282624
63 1 253952 258048
344 1 290816 294912
813 1 208896 212992
765 1 192512 196608
803 1 212992 221184
858 1 393216 397312
629 1 503808 507904
128 1 118784 122880
290 1 360448 364544
970 1 450560 454656
134 1 53248 58880
133 1 454656 456704
131 1 319488 324096
134 1 315392 317952
127 1 466944 468992
21 1 479232 487424
123 1 274432 278528
278 1 475136 478720
224 1 425984 430080
518 1 36864 40960
688 2 126976 131072 131072 135168
464 1 180224 184320
675 1 36864 49152
751 1 32768 36864
813 1 270336 274432
228 1 307200 315392
228 1 356352 368640
228 1 315392 319488
798 1 188416 192512
803 1 307200 315392
834 1 450560 454656
5 1 520192 524288
6 1 0 16384
803 1 245760 253952
813 1 204800 212992
803 1 315392 319488
35 1 335872 344064
381 1 177664 178176
999 1 258048 262144
35 1 344064 348160
537 5 205312 262144 262144 327680 327680 393216 393216 458752 458752 524288
538 4 0 65536 65536 131072 131072 196608 196608 205312
270 1 282624 286720
35 1 348160 356352
3 1 8192 8704
35 1 356352 360448
979 1 36352 36864
538 5 205312 262144 262144 327680 327680 393216 393216 458752 458752 524288
539 3 0 65536 65536 131072 131072 196608
846 1 57344 65536
730 1 487424 491520
417 1 241664 249856
749 1 221184 225280
18 1 360448 364544
212 1 32768 36864
796 1 311296 315392
897 1 405504 409600
503 1 294912 303104
46 1 147456 151552
692 1 475648 524288
693 8 0 65536 65536 131072 131072 196608 196608 262144 262144 327680 327680 393216 393216 458752 458752 475648
731 1 8192 12288
846 1 73728 94208
528 1 102400 106496
493 1 28672 32768
87 1 180224 184320
831 6 86016 131072 131072 196608 196608 262144 262144 327680 327680 393216 393216 442368
167 1 262144 266240
726 1 270336 274432
148 1 81920 86016
832 4 135168 196608 196608 262144 262144 327680 327680 348160
505 1 319488 327680
144 1 0 4096
143 1 516096 520192
167 1 274432 278528
456 1 286720 290816
65 1 20480 24576
573 1 503808 507904
692 1 471040 475136
853 1 487424 495616
302 2 319488 327680 327680 348160
902 1 503808 507904
963 1 434176 438272
15 1 233472 237568
813 1 208896 212992
318 1 262144 266240
853 1 499712 503808
659 1 212992 221184
903 1 393216 401408
97 1 307200 311296
15 1 299008 303104
963 1 442368 446464
317 1 200704 204800
723 1 471040 483328
854 1 446464 454656
803 1 200704 204800
892 1 331776 356352
892 1 356352 360448
609 1 307200 319488
178 1 294912 295936
377 1 479232 483328
233 1 274432 278528
976 1 110592 122880
203 1 8192 65536
45 1 278528 282624
103 1 20480 24576
532 4 315392 327680 327680 393216 393216 458752 458752 524288
533 3 0 65536 65536 131072 131072 163840
186 1 327680 344064
533 3 356352 393216 393216 458752 458752 524288
534 6 0 65536 65536 131072 131072 196608 196608 262144 262144 327680 327680 356352
534 3 356352 393216 393216 458752 458752 524288
535 1 0 12288
535 6 16384 65536 65536 131072 131072 196608 196608 262144 262144 327680 327680 360448
535 3 360448 393216 393216 458752 458752 524288
536 6 0 65536 65536 131072 131072 196608 196608 262144 262144 327680 327680 360448
225 1 380928 393216
980 1 208896 212992
39 1 315392 319488
813 1 208896 212992
536 3 360448 393216 393216 458752 458752 524288
537 6 0 65536 65536 131072 131072 196608 196608 262144 262144 327680 327680 360448
80 1 77824 86016
302 1 139264 140288
537 3 360448 393216 393216 458752 458752 524288
538 5 0 65536 65536 131072 131072 196608 196608 262144 262144 294912
598 1 491520 495616
813 1 200704 204800
84 1 409600 413696
35 1 299008 307200
262 1 442368 454656
35 1 307200 311296
193 1 290816 294912
132 1 135168 136704
949 2 245760 262144 262144 270336
883 1 458752 462848
883 1 385024 389120
190 1 475136 479232
222 1 438272 442368
155 1 151552 176128
84 1 409600 413696
239 1 180224 184320
631 1 122880 126976
1 1 229376 233472
6 1 503808 507904
288 1 12288 16384
849 2 266240 327680 327680 356352
649 1 114688 118784
418 6 190464 196608 196608 262144 262144 327680 327680 393216 393216 458752 458752 524288
419 3 0 65536 65536 131072 131072 190464
417 6 190464 196608 196608 262144 262144 327680 327680 393216 393216 458752 458752 524288
418 3 0 65536 65536 131072 131072 190464
450 1 464896 524288
451 8 0 65536 65536 131072 131072 196608 196608 262144 262144 327680 327680 393216 393216 458752 458752 464896
813 1 356352 360448
0 1 339968 344064
451 1 473088 524288
452 8 0 65536 65536 131072 131072 196608 196608 262144 262144 327680 327680 393216 393216 458752 458752 473088
602 1 286720 290816
215 1 69632 81920
602 1 176128 180224
603 1 98304 102400
454 1 473088 477184
306 1 364544 393216
889 1 188416 192512
371 1 393216 458752
858 1 65536 69632
556 1 65536 131072
858 1 53248 57344
193 1 274432 278528
315 1 499712 524288
316 2 0 65536 65536 98304
870 1 397312 397824
823 1 471552 524288
824 8 0 65536 65536 131072 131072 196608 196608 262144 262144 327680 327680 393216 393216 458752 458752 471552
316 7 102400 131072 131072 196608 196608 262144 262144 327680 327680 393216 393216 458752 458752 503808
389 1 229376 245760
258 1 69632 73728
316 1 503808 524288
317 8 0 65536 65536 131072 131072 196608 196608 262144 262144 327680 327680 393216 393216 458752 458752 503808
824 1 471552 524288
825 8 0 65536 65536 131072 131072 196608 196608 262144 262144 327680 327680 393216 393216 458752 458752 471552
69 1 450560 458752
317 1 503808 524288
318 5 0 65536 65536 131072 131072 196608 196608 262144 262144 327680
204 1 114688 118784
233 1 405504 417792
701 1 167936 188416
542 1 438272 442368
233 1 462848 471040
825 1 471552 524288
826 7 0 65536 65536 131072 131072 196608 196608 262144 262144 327680 327680 393216 393216 406016
389 2 245760 262144 262144 266240
226 1 172032 176128
134 1 122880 125440
134 1 176128 178688
128 1 147456 155648
95 1 380928 389120
133 1 155648 157696
182 1 413696 417792
653 1 360448 364544
836 1 483328 487424
506 1 208896 225280
37 1 274432 290816
582 1 393216 397312
37 2 258048 262144 262144 274432
95 1 393216 397312
861 1 516096 520192
177 1 294912 307200
749 1 270336 274432
808 1 98304 102400
503 1 409600 417792
846 1 98304 102400
731 1 20480 24576
749 1 282624 286720
593 1 454656 458752
856 1 409600 417792
83 1 270336 274432
731 1 36864 40960
223 1 278528 282624
831 2 442368 458752 458752 524288
832 2 0 65536 65536 131072
265 1 122880 131072
148 1 20480 24576
813 1 270336 278528
236 1 118784 122880
2 1 65536 126976
196 1 8192 16384
195 1 233472 237568
304 1 0 4096
228 1 368640 372736
228 1 372736 385024
853 1 507904 516096
903 1 405504 458752
567 1 307200 311296
963 1 450560 454656
15 1 442368 446464
854 1 466944 471040
853 1 520192 524288
224 1 311296 315392
854 1 487424 491520
963 1 462848 466944
15 1 475136 483328
854 1 36864 45056
384 1 65536 131072
198 1 266240 270336
963 1 471040 475136
803 1 110592 114688
37 1 241664 258048
37 1 290816 307200
33 1 4096 8192
0 1 49152 49664
379 1 8192 12288
717 1 471040 479232
829 1 356352 372736
792 1 192512 196096
183 1 376832 380928
858 1 397312 401408
76 1 212992 217088
803 1 282624 286720
841 1 409600 425984
803 1 270336 274432
924 1 442368 446464
192 1 315392 319488
239 1 507904 516096
938 1 16384 20480
849 1 356352 360448
224 1 491520 495616
881 1 8192 57344
159 1 200704 225280
881 1 253952 262144
293 1 471040 475136
297 1 49152 49664
297 1 49664 50176
884 1 487424 491520
875 1 139264 143360
741 1 413696 417792
854 1 282624 299008
854 1 299008 319488
813 1 204800 208896
185 1 491520 499712
185 1 499712 503808
701 1 401408 405504
609 1 319488 323584
883 1 434176 438272
317 1 241664 245760
198 1 110592 114688
665 1 32768 36864
196 1 16384 20480
828 2 49152 65536 65536 77824
823 4 307200 327680 327680 393216 393216 458752 458752 524288
824 2 0 65536 65536 98304
887 1 516096 520192
505 1 327680 331776
991 1 278528 282624
996 1 184320 188416
838 1 94208 126976
911 1 315392 319488
954 1 413696 446464
954 2 446464 458752 458752 479232
954 1 479232 512000
954 1 512000 524288
955 1 0 20480
955 1 20480 53248
773 1 200704 233472
773 1 233472 262144
882 1 262144 266240
771 1 90112 122880
846 1 331776 364544
782 2 188416 196608 196608 221184
364 1 0 32768
364 1 32768 65536
813 1 204800 208896
704 1 389120 393216
704 1 393216 397312
813 1 270336 274432
501 2 450560 458752 458752 483328
113 1 450560 458752
348 1 40960 41472
15 1 348160 352256
223 1 397312 401408
223 1 393216 397312
289 1 266240 286720
223 1 397312 401408
15 1 352256 360448
223 1 393216 397312
178 1 253952 262144
178 1 262144 266240
803 1 204800 212992
168 1 507904 512000
212 1 28672 32768
212 1 24576 28672
974 1 438272 442368
212 1 32768 36864
883 1 397312 401408
185 1 135168 139264
245 1 344064 364544
112 1 483328 491520
834 1 450560 454656
848 1 303104 323584
803 1 249856 253952
813 1 204800 208896
66 1 376832 380928
6 1 16384 28672
378 2 294912 327680 327680 360448
379 1 32768 61952
379 2 61952 65536 65536 98304
404 1 270336 271360
379 2 294912 327680 327680 360448
25 1 8192 12288
380 2 32768 65536 65536 98304
380 2 299008 327680 327680 364544
404 1 270848 271872
24 1 466944 471040
42 1 335872 339968
941 1 24576 28672
5 1 446464 450560
941 1 69632 73728
731 1 98304 102400
864 1 352256 364544
515 1 417792 421888
313 1 507904 512000
941 1 192512 196608
55 1 212992 217088
579 1 483328 487424
136 1 159744 163840
500 1 159744 163840
592 1 0 4096
926 1 147456 151552
213 1 266240 270336
64 1 212992 217088
231 1 446464 450560
628 1 339968 344064
542 1 32768 34816
537 1 262144 270336
64 1 204800 208896
15 1 407040 407552
854 1 82944 83456
654 1 73728 77824
813 1 212992 221184
813 1 204800 212992
590 1 385024 389120
96 1 65536 131072
813 1 282624 290816
3 1 376832 393216
644 1 196608 262144
803 1 274432 278528
813 1 221184 225280
84 1 126976 131072
309 1 400896 429568
590 1 385024 389120
813 1 286720 290816
309 1 429568 433664
807 1 122880 126976
807 1 446464 450560
813 1 221184 225280
271 1 192512 196608
15 1 495616 499712
813 1 274432 278528
854 1 49152 53248
312 1 303104 315392
25 1 106496 110592
15 1 516096 520192
963 1 516096 520192
225 1 163840 167936
854 1 57344 61440
628 1 0 65536
474 1 36864 53248
25 1 118784 122880
70 1 503808 507904
7 1 286720 299008
321 1 73728 81920
3 1 16384 16896
751 1 0 8704
979 1 38400 38912
381 1 177664 178176
752 1 32768 33280
213 1 364032 368128
905 1 364544 385024
674 1 368640 372736
381 1 179712 180224
757 1 52736 56832
784 2 327168 327680 327680 331264
784 1 318976 323072
749 1 343552 347648
672 1 306688 310784
693 1 270336 303104
275 1 225280 258048
693 2 303104 327680 327680 335872
208 1 499712 503808
275 2 258048 262144 262144 290816
181 1 491520 512000
251 1 262144 278528
275 1 290816 323584
208 1 434176 442368
275 2 323584 327680 327680 356352
736 1 176128 180224
848 1 454656 458752
850 1 327680 344064
117 1 139264 143360
117 1 126976 131072
287 1 327680 331776
266 1 28672 32768
553 1 483328 487424
553 1 466944 471040
181 2 393216 458752 458752 524288
182 1 0 20480
46 1 20480 24576
88 1 380928 385024
209 1 458752 524288
245 5 245760 262144 262144 327680 327680 393216 393216 458752 458752 524288
246 4 0 65536 65536 131072 131072 196608 196608 245760
367 1 110592 118784
64 1 45056 46080
888 4 139264 196608 196608 262144 262144 327680 327680 335872
896 1 282624 286720
367 1 118784 122880
203 2 65536 131072 131072 139264
247 1 491520 520192
246 1 466944 524288
247 3 0 65536 65536 131072 131072 151552
838 1 471040 475136
156 1 491520 524288
246 5 245760 262144 262144 327680 327680 393216 393216 458752 458752 466944
5 3 376832 393216 393216 458752 458752 524288
6 2 0 65536 65536 77824
223 1 397312 401408
228 1 385024 389120
105 2 253952 262144 262144 319488
228 2 389120 393216 393216 401408
761 1 238080 238592
106 3 122880 131072 131072 196608 196608 253952
813 1 208896 212992
925 1 307200 309248
0 1 421888 438272
412 1 36864 40960
803 1 204800 212992
146 1 204800 208896
346 1 495616 516096
34 1 143360 151552
434 1 404992 405504
631 1 499712 524288
632 1 0 8192
813 1 196608 200704
34 1 151552 155648
29 1 434176 438272
29 1 446464 450560
710 1 303104 307200
149 1 200704 204800
841 1 491520 512000
149 1 303104 319488
803 1 204800 208896
138 1 327680 331776
251 1 498688 499200
149 2 319488 327680 327680 339968
138 1 331776 335872
5 1 315392 327680
6 1 327680 335872
251 1 498688 499712
792 2 256000 262144 262144 321536
149 1 339968 364544
138 1 327680 331776
28 1 294912 303104
28 1 303104 307200
129 1 344064 376832
112 1 483328 491520
248 1 204800 208896
82 1 65536 131072
986 1 122880 126976
762 1 380928 385024
556 1 131072 196608
565 1 372736 376832
889 1 393216 458752
867 1 479232 483328
182 1 278528 282624
556 1 196608 262144
221 1 286720 290816
841 1 458752 524288
333 1 335872 339968
297 1 50176 54272
297 1 54272 58368
162 1 442368 450560
650 1 143360 147456
458 1 45056 49152
293 1 475136 479232
168 1 192512 196608
458 1 94208 98304
458 1 69632 73728
0 1 290816 294912
621 1 385024 393216
0 1 311296 315392
168 1 229376 233472
910 1 491520 493056
353 1 442368 450560
813 1 278528 290816
775 1 294912 307200
57 1 303104 307200
775 1 307200 311296
813 1 221184 225280
813 1 286720 290816
37 1 159744 167936
37 1 167936 172032
57 1 303104 307200
304 1 319488 323584
813 1 221184 229376
304 1 331776 344064
813 1 278528 286720
522 1 118784 122880
182 1 315392 319488
503 1 503808 507904
492 1 401408 405504
239 1 516096 520192
803 1 217088 221184
650 1 319488 323584
289 1 430080 434176
717 2 229376 262144 262144 266240
790 1 57344 65536
803 1 282624 290816
678 1 380928 381440
739 1 274432 278528
790 1 106496 110592
602 1 458752 462848
183 1 118784 126976
452 1 473088 524288
453 8 0 65536 65536 131072 131072 196608 196608 262144 262144 327680 327680 393216 393216 458752 458752 473088
453 1 473088 524288
454 8 0 65536 65536 131072 131072 196608 196608 262144 262144 327680 327680 393216 393216 458752 458752 473088
454 1 477184 524288
455 8 0 65536 65536 131072 131072 196608 196608 262144 262144 327680 327680 393216 393216 458752 458752 477184
984 1 172032 176128
455 1 477184 524288
456 4 0 65536 65536 131072 131072 196608 196608 262144
844 1 65536 69632
457 3 264192 327680 327680 393216 393216 413696
982 1 208896 212992
982 1 274432 278528
844 1 126976 131072
803 1 208896 212992
42 1 491008 495104
228 1 401408 405504
104 7 123392 131072 131072 196608 196608 262144 262144 327680 327680 393216 393216 458752 458752 524288
105 2 0 65536 65536 123392
773 1 434176 454656
813 1 315392 319488
106 2 425984 458752 458752 475136
105 6 123392 131072 131072 196608 196608 262144 262144 327680 327680 393216 393216 421888
105 2 421888 458752 458752 524288
106 2 0 65536 65536 74240
848 1 237568 245760
848 1 278528 290816
106 1 475136 524288
107 2 0 65536 65536 123392
321 1 458752 462848
106 6 74240 131072 131072 196608 196608 262144 262144 327680 327680 393216 393216 425984
900 1 163840 167936
107 2 123392 131072 131072 143360
321 1 458752 462848
813 1 208896 212992
848 1 372736 376832
848 1 409600 417792
626 1 409600 413696
813 1 204800 208896
458 1 167936 176128
0 1 303104 307200
621 1 479232 483328
650 1 176128 177152
622 1 69632 73728
854 1 65536 69632
683 1 503808 516096
16 1 8192 12288
302 1 348160 352256
813 1 208896 221184
70 1 512000 524288
842 1 274432 294912
854 1 77824 81920
16 1 184320 188416
545 1 204800 208896
7 1 311296 319488
54 1 135168 167936
788 3 204800 262144 262144 327680 327680 380928
69 1 458752 462848
348 2 118784 131072 131072 135168
289 1 507904 512000
226 1 311296 315392
293 1 450560 454656
790 2 229376 262144 262144 286720
848 1 307200 323584
788 3 380928 393216 393216 458752 458752 524288
789 4 0 65536 65536 131072 131072 196608 196608 204800
231 1 266240 270336
789 2 204800 262144 262144 323584
775 1 397312 401408
826 1 471552 524288
827 8 0 65536 65536 131072 131072 196608 196608 262144 262144 327680 327680 393216 393216 458752 458752 471552
636 1 167936 171520
223 1 397312 401408
213 1 249856 258048
409 1 376832 380928
104 1 319488 323584
341 1 475136 476672
20 2 167936 196608 196608 200704
8 2 319488 327680 327680 356352
813 1 270336 274432
813 1 196608 200704
202 1 167936 192512
813 1 270336 274432
813 1 196608 200704
124 1 442368 450560
124 1 450560 454656
646 1 32768 36864
803 1 270336 282624
423 1 61440 63488
827 1 430080 438272
437 1 425984 442368
672 2 307200 327680 327680 356352
72 1 94208 102400
827 2 438272 458752 458752 499712
526 1 143360 147456
907 1 102400 106496
71 1 32768 40960
72 1 102400 106496
343 2 299008 327680 327680 364544
210 1 405504 434176
210 1 434176 438272
179 1 290816 315392
179 1 315392 319488
525 2 385024 393216 393216 450560
672 1 356352 360448
138 1 495616 499712
672 1 360448 368640
672 1 368640 372736
6 3 81920 131072 131072 196608 196608 225280
144 1 65536 131072
147 1 360448 380928
721 1 110592 111104
660 1 385024 387072
848 1 430080 442368
38 2 61440 65536 65536 73728
39 2 126976 131072 131072 135168
51 1 315392 319488
61 1 507904 512000
118 1 319488 323584
813 1 212992 225280
118 1 319488 323584
813 1 286720 290816
118 1 319488 327680
813 1 221184 225280
118 1 323584 327680
813 1 286720 290816
118 1 323584 327680
813 1 221184 225280
813 1 516096 520192
843 1 503808 507904
814 1 155648 159744
436 1 460800 524288
437 8 0 65536 65536 131072 131072 196608 196608 262144 262144 327680 327680 393216 393216 458752 458752 460800
424 1 290816 294912
456 4 266240 327680 327680 393216 393216 458752 458752 524288
457 5 0 65536 65536 131072 131072 196608 196608 262144 262144 264192
434 1 460800 524288
435 8 0 65536 65536 131072 131072 196608 196608 262144 262144 327680 327680 393216 393216 458752 458752 460800
970 1 188416 192512
442 1 67584 75776
222 1 495616 499712
435 1 460800 524288
436 8 0 65536 65536 131072 131072 196608 196608 262144 262144 327680 327680 393216 393216 458752 458752 460800
120 1 278528 282624
421 1 217088 221184
298 1 495616 516096
59 1 169984 170496
222 1 462848 466944
563 1 503808 507904
222 1 483328 491520
421 1 229376 233472
298 1 65536 69632
298 1 36864 40960
654 1 90112 94208
858 1 393216 397312
667 1 184320 188416
209 1 487424 491520
128 1 110592 114688
295 1 425984 430080
346 1 462848 466944
295 1 421888 425984
295 1 430080 434176
550 1 143360 147456
611 1 475136 479232
803 1 315392 319488
848 1 323584 327680
850 1 327680 335872
780 1 401408 405504
803 1 249856 262144
459 1 483328 487424
520 1 438272 442368
807 1 315392 319488
637 1 172032 176128
224 1 249856 253952
143 1 217088 224768
635 1 331776 335872
78 1 315392 323584
182 1 323584 327680
875 1 475136 479232
227 1 380928 385024
143 1 212992 217088
152 1 475136 479232
646 1 331776 335872
813 1 290816 294912
479 1 102400 106496
78 1 323584 327680
923 1 28672 32768
512 1 471040 475136
796 1 262144 270336
83 1 266240 270336
731 1 389120 393216
693 1 475648 524288
694 8 0 65536 65536 131072 131072 196608 196608 262144 262144 327680 327680 393216 393216 458752 458752 475648
475 1 167936 172032
659 1 147456 151552
83 1 270336 274432
444 1 471040 475136
249 1 212992 217088
83 1 266240 270336
886 1 311296 315392
83 1 270336 274432
239 1 73728 77824
230 2 253952 262144 262144 266240
868 1 131072 135168
433 1 278528 282624
857 1 163840 167936
274 1 4096 8192
304 1 159744 172032
246 1 368640 372736
881 1 327680 331776
42 1 503808 520192
882 1 327680 331776
20 1 36864 40960
733 1 311296 315392
160 1 417792 421888
766 1 139264 143360
145 1 16384 20480
637 1 417792 421888
301 2 311296 327680 327680 331776
643 1 98304 102400
648 1 12288 16384
301 1 331776 344064
501 1 372736 376832
465 2 323584 327680 327680 331776
287 1 495616 524288
288 1 0 40960
206 1 118784 122880
622 1 4096 8192
60 1 159744 167936
670 1 159744 176128
556 2 442368 458752 458752 462848
144 2 196608 262144 262144 327680
247 5 217088 262144 262144 327680 327680 393216 393216 458752 458752 491520
247 1 520192 524288
248 4 0 65536 65536 131072 131072 196608 196608 245760
222 1 512000 516096
160 1 155648 172032
264 1 487424 491520
854 1 86016 90112
16 1 274432 278528
7 2 323584 327680 327680 331776
681 1 352256 356352
983 1 503808 507904
767 1 217088 229376
854 1 131072 135168
16 1 282624 294912
314 1 69632 77824
7 1 352256 356352
361 2 253952 262144 262144 266240
538 3 360448 393216 393216 458752 458752 524288
539 6 0 65536 65536 131072 131072 196608 196608 262144 262144 327680 327680 360448
893 1 430080 434176
718 1 495616 512000
541 2 163840 196608 196608 204800
540 3 163840 196608 196608 262144 262144 319488
539 3 360448 393216 393216 458752 458752 524288
540 3 0 65536 65536 131072 131072 163840
541 3 204800 262144 262144 327680 327680 360448
19 1 409600 417792
540 4 319488 327680 327680 393216 393216 458752 458752 524288
541 3 0 65536 65536 131072 131072 163840
728 1 65536 131072
346 1 262144 327680
823 1 245760 249856
381 2 36864 65536 65536 102400
381 2 299008 327680 327680 364544
382 2 36864 65536 65536 102400
770 1 339968 344576
583 1 24576 32768
322 2 307200 327680 327680 372736
382 2 299008 327680 327680 364544
383 2 36864 65536 65536 66048
404 1 339968 348160
752 1 8192 12288
405 1 360448 376832
523 1 110080 114176
575 1 196608 200704
602 1 499712 503808
953 1 315392 319488
953 1 241664 245760
193 1 233472 262144
80 1 262144 274432
621 1 167936 176128
938 1 344064 352256
886 1 507904 512000
887 1 16384 20480
80 1 274432 278528
855 1 512000 516096
856 1 32768 36864
396 2 364544 393216 393216 425984
749 1 237056 241152
269 1 466944 467968
987 1 290304 294400
749 1 355840 359936
38 1 368128 388608
751 8 8704 65536 65536 131072 131072 196608 196608 262144 262144 327680 327680 393216 393216 458752 458752 524288
752 1 0 8192
381 1 180736 181248
381 1 181760 182272
131 1 425984 434176
353 1 458752 466944
752 8 33280 65536 65536 131072 131072 196608 196608 262144 262144 327680 327680 393216 393216 458752 458752 524288
753 1 0 33280
319 1 24576 32768
106 2 253952 262144 262144 319488
106 2 319488 327680 327680 385024
107 2 122880 131072 131072 188416
107 2 57344 65536 65536 122880
118 1 135168 143360
107 2 253952 262144 262144 319488
228 1 405504 417792
761 1 238080 240128
292 2 393216 458752 458752 524288
299 1 131072 163840
932 2 430080 458752 458752 524288
489 3 327680 393216 393216 458752 458752 524288
490 2 0 65536 65536 131072
422 1 151552 163840
933 1 0 65536
851 1 163840 196608
366 1 262144 327680
933 2 65536 131072 131072 196608
54 1 458752 524288
557 1 458752 524288
293 2 196608 262144 262144 327680
411 2 327680 393216 393216 430080
322 2 192512 196608 196608 262144
118 1 159744 167936
118 1 167936 172032
324 1 65536 131072
322 1 262144 327680
289 1 421888 425984
705 1 172032 176128
290 1 520192 524288
739 1 270336 274432
803 1 221184 229376
841 1 425984 446464
678 1 389120 389632
297 1 0 12288
290 1 352256 356352
813 1 208896 212992
803 1 290816 294912
938 1 16384 20480
813 1 274432 278528
938 1 16384 20480
267 1 12288 16384
468 3 294912 327680 327680 393216 393216 409600
702 1 270336 274432
468 4 86016 131072 131072 196608 196608 262144 262144 290816
413 1 352256 360448
467 7 86016 131072 131072 196608 196608 262144 262144 327680 327680 393216 393216 458752 458752 524288
468 2 0 65536 65536 86016
875 1 495616 499712
947 1 434176 438272
212 1 212992 217088
622 1 81920 86016
183 1 200704 204800
541 1 49152 53248
519 1 53248 57344
226 1 294912 299008
165 1 24576 32768
876 1 143360 147456
105 1 0 4096
344 1 290816 294912
197 1 122880 126976
425 1 53248 57344
32 1 245760 249856
876 1 380928 385024
387 1 491520 495616
126 1 155648 159744
445 1 339968 344064
813 1 225280 233472
458 1 32768 36864
63 1 438272 446464
32 1 28672 32768
65 1 20480 28672
65 1 172032 180224
21 1 73728 77824
60 1 167936 172032
162 1 450560 454656
64 1 131072 139264
66 1 45056 53248
66 1 413696 417792
67 1 512000 524288
67 1 315392 319488
68 1 20480 24576
803 1 217088 221184
274 5 32256 65536 65536 131072 131072 196608 196608 262144 262144 310784
318 1 118784 122880
43 1 409600 413696
803 1 442368 446464
456 1 155648 159744
873 1 380928 385024
852 1 143360 147456
996 1 487424 491520
869 1 135168 139264
805 1 442368 446464
978 1 323584 327680
804 1 135168 139264
813 1 204800 208896
294 1 454656 458752
132 1 507904 512000
306 1 393216 458752
132 1 503808 507904
556 1 262144 299008
68 1 425984 430080
589 1 122880 131072
835 1 483328 516096
70 1 389120 393216
836 1 274432 278528
218 1 143360 146944
69 1 299008 303104
433 1 352256 356352
399 1 217088 221184
237 1 81920 86016
206 1 344064 348160
162 1 294912 299008
836 1 0 28672
71 1 397312 401408
439 1 460800 466944
318 1 114688 118784
438 1 460800 524288
439 8 0 65536 65536 131072 131072 196608 196608 262144 262144 327680 327680 393216 393216 458752 458752 460800
441 7 67584 131072 131072 196608 196608 262144 262144 327680 327680 393216 393216 458752 458752 524288
442 2 0 65536 65536 67584
201 1 155648 159744
443 7 75776 131072 131072 196608 196608 262144 262144 327680 327680 393216 393216 458752 458752 524288
444 2 0 65536 65536 75776
437 1 460800 524288
438 8 0 65536 65536 131072 131072 196608 196608 262144 262144 327680 327680 393216 393216 458752 458752 460800
433 1 460800 524288
434 8 0 65536 65536 131072 131072 196608 196608 262144 262144 327680 327680 393216 393216 458752 458752 460800
442 7 75776 131072 131072 196608 196608 262144 262144 327680 327680 393216 393216 458752 458752 524288
443 2 0 65536 65536 75776
222 1 413696 417792
46 1 262144 266240
75 1 327680 331776
223 1 8192 12288
446 7 75776 131072 131072 196608 196608 262144 262144 327680 327680 393216 393216 458752 458752 524288
447 2 0 65536 65536 75776
157 1 442368 458752
851 1 475136 479232
275 1 356352 389120
750 1 135168 139264
3 1 204800 225280
275 2 389120 393216 393216 421888
813 1 274432 282624
431 1 69632 102400
852 1 245760 258048
813 1 270336 278528
431 2 102400 131072 131072 135168
431 1 135168 167936
709 2 319488 327680 327680 331776
251 1 278528 299008
431 2 167936 196608 196608 200704
962 1 204800 208896
228 1 417792 421888
803 1 274432 278528
133 1 487424 524288
7 1 360448 364544
854 1 163840 176128
16 1 335872 339968
813 1 282624 286720
62 1 139264 147456
904 1 61440 65536
7 1 368640 393216
33 1 28672 32768
650 1 118784 122880
854 1 188416 196608
513 1 266240 274432
364 1 237568 241664
854 1 200704 208896
751 1 299008 303104
239 1 86016 90112
694 1 475648 524288
695 8 0 65536 65536 131072 131072 196608 196608 262144 262144 327680 327680 393216 393216 458752 458752 475648
439 1 344064 348160
439 1 360448 364544
83 1 266240 270336
159 1 184320 188416
147 1 90112 94208
292 1 229376 241664
388 1 434176 438784
236 2 122880 131072 131072 143360
230 1 266240 270336
107 1 12288 32768
922 1 495616 499712
813 1 274432 278528
505 1 331776 364544
914 1 425984 430080
845 1 315392 319488
35 1 311296 319488
35 1 319488 323584
845 1 253952 258048
912 1 274432 278528
56 1 147456 151552
35 1 323584 327680
783 1 360448 385024
67 1 458752 462848
783 1 385024 389120
67 1 462848 466944
532 1 523264 524288
533 1 0 1536
129 1 294912 299008
130 1 102400 114688
533 1 1536 62976
230 1 135168 139264
288 1 40960 45056
6 1 520192 524288
7 1 0 12288
71 1 69632 73728
68 1 4096 16384
73 1 102400 106496
173 1 372736 376832
165 1 249856 253952
152 1 258048 262144
151 1 176128 180224
173 1 389120 393216
155 1 376832 380928
928 1 397312 401408
932 1 151552 155648
930 1 331776 335872
174 1 77824 81920
174 1 131072 135168
177 1 499712 503808
174 1 94208 98304
174 1 147456 151552
164 1 200704 208896
164 1 208896 212992
17 1 323584 327680
883 1 413696 417792
139 1 278528 286720
139 1 286720 290816
345 1 385024 389120
659 1 98304 102400
425 1 466944 471040
378 1 462848 466944
372 1 401408 405504
172 1 278528 286720
362 1 348160 360448
921 2 188416 196608 196608 221184
372 2 434176 458752 458752 466944
922 1 393216 397312
343 1 483328 487424
446 1 69632 73728
876 1 475136 479232
726 1 86016 90112
942 1 77824 81920
711 1 475136 479232
445 1 380928 385024
177 1 147456 151552
789 1 405504 409600
386 1 258048 262144
762 1 176128 180224
876 1 483328 487424
215 1 233472 237568
240 1 196608 200704
457 1 196608 200704
100 1 339968 344064
711 1 487424 491520
351 1 290816 294912
962 1 368640 372736
569 1 315392 319488
834 1 454656 458752
531 1 413696 417792
998 1 266240 282624
803 1 323584 327680
11 1 81920 90112
803 1 270336 278528
11 1 90112 94208
803 1 258048 262144
309 1 192512 196608
309 1 208896 212992
295 1 438272 442368
847 1 86016 94208
91 1 471040 475136
195 1 294912 299008
904 1 372736 389120
861 1 294912 299008
288 1 16384 20480
813 1 208896 217088
10 1 98304 102400
2 1 0 8192
432 1 458752 524288
433 5 0 65536 65536 131072 131072 196608 196608 262144 262144 274944
968 2 319488 327680 327680 335872
968 1 335872 339968
433 4 274944 327680 327680 393216 393216 458752 458752 524288
434 5 0 65536 65536 131072 131072 196608 196608 262144 262144 274944
434 4 274944 327680 327680 393216 393216 458752 458752 524288
435 5 0 65536 65536 131072 131072 196608 196608 262144 262144 274944
784 1 479232 483328
13 1 4096 4608
435 4 274944 327680 327680 393216 393216 458752 458752 524288
432 1 393216 458752
436 4 65536 131072 131072 196608 196608 262144 262144 274944
440 2 274944 327680 327680 393216
439 1 131072 196608
745 1 270336 278528
803 1 204800 208896
440 1 458752 524288
441 5 0 65536 65536 131072 131072 196608 196608 262144 262144 274944
49 1 327680 344064
665 1 98304 102400
1 1 495616 499712
566 1 237568 241664
118 1 143360 147456
228 1 421888 434176
107 2 319488 327680 327680 385024
107 2 385024 393216 393216 450560
123 1 196608 204800
761 1 239616 240640
228 1 434176 438272
76 1 180224 196608
710 1 344064 356352
605 1 327680 352256
208 1 483328 487424
208 1 413696 417792
68 1 475136 483328
68 1 483328 487424
813 1 204800 208896
654 1 462848 466944
9 2 454656 458752 458752 475136
3 1 192512 196608
655 1 24576 32768
813 1 270336 274432
4 1 131072 147456
273 1 376320 392704
273 1 441856 458240
273 1 343552 359936
273 1 413184 425472
273 1 507392 523776
272 1 114176 130560
273 1 409088 413184
273 1 474624 491008
274 1 15872 32256
284 1 249344 261632
284 1 245248 249344
404 1 271360 290816
383 1 66048 102400
25 1 8192 12288
383 2 299008 327680 327680 364544
384 2 36864 65536 65536 102400
384 2 364544 393216 393216 430080
404 1 343552 344576
385 2 102400 131072 131072 167936
24 1 466944 471040
934 1 126976 131072
174 1 110592 114688
946 1 475136 479232
938 1 368640 372736
939 1 204800 208896
940 1 135168 139264
937 1 69632 73728
319 1 360448 360960
575 1 192512 196608
7 1 397312 405504
306 1 487424 491520
513 1 274432 278528
854 1 229376 233472
362 1 4096 12288
73 1 278528 290816
754 1 401408 405504
854 1 237568 241664
73 1 339968 344064
479 1 106496 110592
274 1 475136 483328
54 1 458752 462848
444 7 75776 131072 131072 196608 196608 262144 262144 327680 327680 393216 393216 458752 458752 524288
445 2 0 65536 65536 75776
269 1 311296 315392
416 2 192512 196608 196608 241664
844 1 159744 163840
445 7 75776 131072 131072 196608 196608 262144 262144 327680 327680 393216 393216 458752 458752 524288
446 2 0 65536 65536 75776
448 3 75776 131072 131072 196608 196608 258048
447 7 75776 131072 131072 196608 196608 262144 262144 327680 327680 393216 393216 458752 458752 524288
448 2 0 65536 65536 75776
448 4 262144 327680 327680 393216 393216 458752 458752 524288
449 4 0 65536 65536 131072 131072 196608 196608 260096
449 5 260096 262144 262144 327680 327680 393216 393216 458752 458752 524288
450 3 0 65536 65536 131072 131072 147456
131 1 356352 360448
889 1 286720 290816
245 1 192512 196608
274 2 364544 393216 393216 430080
852 1 270336 274432
852 2 389120 393216 393216 397312
705 1 172032 176128
535 1 16384 20480
803 1 225280 229376
924 1 442368 446464
47 1 122880 126976
121 1 36864 45056
922 1 405504 458752
937 1 110592 114688
942 1 417792 421888
943 2 49152 65536 65536 90112
923 1 327680 339968
425 1 499712 524288
426 1 0 8192
946 1 73728 98304
17 2 323584 327680 327680 331776
940 1 516096 524288
941 1 0 36864
942 2 430080 458752 458752 483328
101 1 331776 335872
946 1 49152 65536
743 1 471040 475136
948 2 233472 262144 262144 299008
921 1 225280 241664
750 1 442368 446464
191 2 126976 131072 131072 192512
744 1 32768 40960
293 1 471040 475136
813 1 294912 299008
877 1 94208 102400
26 1 221184 225280
291 1 143360 147456
462 1 274432 278528
851 1 40960 45056
902 1 147456 151552
962 1 90112 94208
877 1 118784 122880
219 1 491520 499712
497 1 303104 307200
261 1 53248 57344
427 1 135168 139264
462 1 221184 225280
875 1 471040 475136
219 1 499712 503808
813 1 229376 237568
427 1 319488 323584
998 1 180224 184320
462 1 331776 335872
532 5 73728 131072 131072 196608 196608 262144 262144 327680 327680 393216
287 2 434176 458752 458752 462848
531 7 73728 131072 131072 196608 196608 262144 262144 327680 327680 393216 393216 458752 458752 524288
532 2 0 65536 65536 73728
645 1 442368 446464
803 1 270336 274432
246 1 364544 368640
287 1 466944 471040
672 1 151552 155648
20 1 229376 237568
852 1 290816 294912
852 1 413696 417792
803 1 204800 217088
672 1 237568 241664
672 1 413696 417792
183 1 126976 131072
917 1 73728 77824
424 2 126976 131072 131072 132096
672 1 159744 163840
672 1 282624 286720
161 1 24576 32768
533 1 131072 135168
954 1 24576 28160
416 5 245760 262144 262144 327680 327680 393216 393216 458752 458752 524288
417 3 0 65536 65536 131072 131072 190464
429 7 69632 131072 131072 196608 196608 262144 262144 327680 327680 393216 393216 458752 458752 524288
430 2 0 65536 65536 69632
674 1 57344 61440
674 1 339968 344064
493 1 110592 114688
69 1 110592 114688
83 1 270336 274432
83 1 266240 270336
138 1 344064 360448
695 1 475648 524288
696 8 0 65536 65536 131072 131072 196608 196608 262144 262144 327680 327680 393216 393216 458752 458752 475648
661 1 20480 24576
83 1 270336 274432
661 1 53248 61440
83 1 266240 270336
661 1 81920 86016
974 1 262144 290816
877 1 258048 262144
480 1 204800 262144
129 2 118784 131072 131072 159744
129 2 294912 327680 327680 344064
877 1 262144 266240
476 3 221184 262144 262144 327680 327680 352256
761 3 122880 131072 131072 196608 196608 212992
908 1 262144 266240
727 1 53248 57344
877 1 327680 331776
64 2 118784 131072 131072 151552
507 1 401408 405504
524 1 249856 252416
224 1 462848 466944
269 1 335872 352256
223 1 94208 110592
940 1 495616 499712
456 1 32768 61440
944 1 352256 356352
897 1 335872 339968
569 1 147456 151552
948 1 49152 53248
923 2 253952 262144 262144 307200
569 2 155648 196608 196608 212992
659 2 102400 131072 131072 135168
186 1 409600 413696
945 2 397312 458752 458752 462848
668 2 319488 327680 327680 344064
138 1 356352 364544
600 2 241664 262144 262144 274432
90 1 512000 524288
91 1 0 53248
32 1 421888 425984
864 1 352256 356864
358 1 393216 393728
563 1 208896 217088
627 1 303104 307200
214 1 503808 507904
146 1 421888 425984
858 1 401408 405504
17 1 278528 290816
857 1 389120 393216
33 1 32768 36864
338 1 503808 507904
225 1 491520 495616
165 1 61440 65536
201 1 458752 462848
732 1 434176 442368
77 1 135168 143360
111 1 405504 409600
218 1 139264 143360
244 1 147456 151552
355 1 397312 401408
946 1 335872 338944
205 1 233472 237568
946 1 438272 442368
388 1 262144 266240
205 1 253952 258048
388 1 270336 274432
69 1 286720 290816
900 1 217088 221184
69 1 294912 299008
618 1 348160 352256
900 1 118784 122880
900 1 131072 135168
803 1 270336 274432
107 2 450560 458752 458752 516096
803 1 208896 212992
107 1 516096 524288
108 1 0 57344
503 1 475136 487424
228 1 438272 450560
503 1 507904 520192
108 2 122880 131072 131072 188416
803 1 200704 204800
428 7 69632 131072 131072 196608 196608 262144 262144 327680 327680 393216 393216 458752 458752 524288
429 2 0 65536 65536 69632
430 7 69632 131072 131072 196608 196608 262144 262144 327680 327680 393216 393216 458752 458752 524288
431 2 0 65536 65536 69632
852 1 376832 380928
852 1 446464 450560
936 1 176128 184320
595 1 307200 311296
915 1 438272 442368
672 1 520192 524288
916 1 65536 69632
917 1 225280 229376
676 1 389120 393216
922 1 466944 471040
672 1 221184 225280
161 1 0 4096
170 1 471040 475136
672 1 344064 348160
813 1 217088 221184
854 2 245760 262144 262144 270336
73 1 352256 360448
155 1 122880 126976
668 1 155648 159744
362 1 40960 61440
264 1 487424 491520
854 1 274432 282624
73 1 372736 376832
892 1 401408 405504
813 1 282624 290816
147 1 327680 356352
556 1 466944 503808
838 1 475136 495616
148 1 245760 262144
6 2 266240 327680 327680 368640
838 1 495616 507904
431 1 475136 495616
982 1 335872 344064
248 5 245760 262144 262144 327680 327680 393216 393216 458752 458752 524288
249 4 0 65536 65536 131072 131072 196608 196608 245760
249 4 245760 262144 262144 327680 327680 393216 393216 450560
223 1 393216 397312
208 1 503808 512000
431 1 200704 233472
223 1 385024 389120
7 1 200704 221184
431 1 233472 262144
446 1 196608 200704
446 1 200704 233472
446 2 233472 262144 262144 266240
271 1 131072 135168
810 2 454656 458752 458752 466944
813 1 286720 299008
810 1 466944 471040
789 1 245760 249856
813 1 229376 233472
813 1 294912 299008
789 1 245760 249856
813 1 229376 233472
807 1 122880 126976
807 1 446464 450560
813 1 294912 299008
813 1 229376 241664
593 1 499712 503808
813 1 303104 307200
918 1 393216 397312
159 1 69632 73728
431 7 69632 131072 131072 196608 196608 262144 262144 327680 327680 393216 393216 458752 458752 524288
432 2 0 65536 65536 69632
675 1 262144 266240
58 1 0 4096
675 1 516096 520192
674 1 196608 200704
675 1 122880 126976
920 1 335872 339968
24 1 458752 466944
673 1 57344 61440
905 1 188416 192512
916 1 221184 225280
432 3 69632 131072 131072 196608 196608 249856
163 1 499712 503808
675 1 323584 327680
917 1 376832 380928
234 1 118784 126976
938 1 16384 20480
224 1 425984 430080
813 1 278528 282624
994 1 139264 147456
836 1 286720 319488
790 2 294912 327680 327680 389120
486 1 478720 482816
994 1 147456 151552
789 4 323584 327680 327680 393216 393216 458752 458752 524288
790 4 0 65536 65536 131072 131072 196608 196608 229376
137 1 450560 458752
848 1 323584 327680
137 1 458752 462848
827 1 471552 524288
828 8 0 65536 65536 131072 131072 196608 196608 262144 262144 327680 327680 393216 393216 458752 458752 471552
548 4 290816 327680 327680 393216 393216 458752 458752 524288
549 5 0 65536 65536 131072 131072 196608 196608 262144 262144 290816
849 1 262144 278528
549 4 290816 327680 327680 393216 393216 458752 458752 524288
550 5 0 65536 65536 131072 131072 196608 196608 262144 262144 290816
215 2 446464 458752 458752 466944
790 3 389120 393216 393216 458752 458752 524288
791 6 0 65536 65536 131072 131072 196608 196608 262144 262144 327680 327680 389120
894 1 8192 20480
813 1 204800 212992
357 1 106496 110592
640 5 200704 262144 262144 327680 327680 393216 393216 458752 458752 507904
0 1 57344 57856
904 2 389120 393216 393216 397312
904 1 397312 409600
854 1 83456 83968
653 1 438272 446464
883 1 393216 401408
931 1 73728 75776
26 1 471040 475136
834 1 454656 458752
244 1 417792 421888
803 1 323584 327680
144 1 417792 430080
144 1 491520 495616
66 1 376832 380928
26 1 471040 475136
500 1 233472 237568
144 1 425984 434176
142 1 368640 376832
244 1 417792 421888
743 1 520192 524288
744 1 0 4096
976 2 77824 131072 131072 143360
938 1 495616 524288
939 1 0 12288
359 1 8192 12288
359 1 16384 20480
740 2 368640 393216 393216 434176
938 1 303104 307200
883 1 479232 487424
265 1 73728 98304
167 1 200704 208896
93 1 233472 233984
265 1 28672 32768
223 2 114688 131072 131072 180224
939 1 32768 57344
371 2 335872 393216 393216 401408
497 1 135168 167936
375 2 303104 327680 327680 348160
964 2 32768 65536 65536 98304
844 1 221184 225280
637 1 24064 28160
277 1 450560 458752
26 1 253952 262144
400 1 73728 94208
26 1 262144 266240
400 1 94208 106496
24 1 458752 462848
264 2 454656 458752 458752 462848
622 1 45056 49152
307 1 294912 315392
632 1 356352 360448
161 1 442368 446464
265 1 0 4096
123 2 319488 327680 327680 339968
689 2 323584 327680 327680 331776
80 1 417792 421888
108 1 24576 32768
803 1 290816 294912
121 1 45056 49152
108 1 32768 36864
803 1 225280 237568
378 1 479232 495616
533 2 62976 65536 65536 124416
533 2 124416 131072 131072 185856
533 2 185856 196608 196608 247296
533 2 247296 262144 262144 308736
130 2 114688 131072 131072 135168
533 2 308736 327680 327680 370176
127 1 208896 217088
43 1 53248 61440
533 2 370176 393216 393216 431616
533 2 431616 458752 458752 493056
127 1 217088 221184
43 1 61440 65536
533 1 493056 524288
534 1 0 30208
457 2 413696 458752 458752 524288
458 2 0 65536 65536 86016
676 1 352256 356352
676 1 360448 364544
674 1 45056 49152
674 1 323584 327680
676 1 454656 458752
677 1 90112 94208
677 1 421888 425984
922 1 516096 520192
675 1 184320 188416
675 1 401408 405504
169 1 430080 434176
782 1 106496 110592
434 1 135168 139264
165 1 401408 405504
676 1 495616 499712
676 1 413696 417792
249 2 454656 458752 458752 524288
250 4 0 65536 65536 131072 131072 196608 196608 249856
938 1 16384 20480
319 1 32768 36864
979 1 44032 44544
753 2 33280 65536 65536 90112
754 1 131072 172032
753 5 90112 131072 131072 196608 196608 262144 262144 327680 327680 339968
753 3 364544 393216 393216 458752 458752 475648
185 1 73728 86016
131 1 434176 438272
82 1 507904 520192
905 2 385024 393216 393216 397312
754 2 16896 65536 65536 131072
845 1 487424 491520
270 1 282624 286720
35 1 360448 368640
35 1 368640 372736
754 6 172032 196608 196608 262144 262144 327680 327680 393216 393216 458752 458752 524288
755 1 0 57856
140 1 485376 485888
93 1 274432 319488
359 2 81920 131072 131072 139264
944 2 356352 393216 393216 413696
293 2 413696 458752 458752 466944
937 1 12288 28672
139 1 36864 57344
923 1 0 4096
265 1 131072 167936
456 2 126976 131072 131072 192512
923 1 65536 122880
293 1 389120 393216
167 1 208896 249856
362 2 364544 393216 393216 430080
923 1 32768 36864
266 1 86016 98304
923 2 126976 131072 131072 167936
266 1 114688 122880
17 1 327680 331776
926 2 188416 196608 196608 253952
927 2 229376 262144 262144 294912
392 1 331776 368640
284 1 507904 512000
285 1 32768 36864
528 1 73728 77824
803 1 204800 221184
563 1 49152 53248
677 1 73728 77824
677 1 397312 401408
922 1 344064 348160
782 3 110592 131072 131072 196608 196608 212992
162 1 389120 393216
961 1 57344 61440
438 1 212992 217088
59 1 170496 171008
432 5 253952 262144 262144 327680 327680 393216 393216 458752 458752 524288
433 4 0 65536 65536 131072 131072 196608 196608 253952
677 1 245760 249856
678 1 77824 81920
449 1 12288 16384
445 1 327680 331776
678 1 4096 8192
678 1 139264 143360
161 1 458752 462848
446 1 311296 323584
678 1 286720 290816
672 1 438272 442368
385 2 364544 393216 393216 430080
386 2 102400 131072 131072 167936
404 1 417792 421888
404 1 344064 360448
771 1 45056 57344
266 1 163840 172032
386 2 364544 393216 393216 393728
265 1 323584 327680
25 1 8192 16384
387 1 131584 167936
163 1 57344 61440
63 1 176128 184320
387 2 364544 393216 393216 430080
266 1 167424 176128
264 1 327680 348160
175 1 36864 42496
228 1 450560 454656
108 2 385024 393216 393216 450560
825 2 32768 65536 65536 114688
108 2 450560 458752 458752 516096
108 1 516096 524288
109 1 0 57344
228 1 516096 520192
228 2 454656 458752 458752 462848
854 1 286720 299008
842 1 294912 307200
73 1 385024 389120
684 1 126976 131072
854 1 348160 352256
73 1 397312 401408
194 1 208896 212992
433 1 204800 208896
813 1 274432 282624
601 1 413696 421888
854 1 360448 368640
748 1 462848 471040
562 1 331776 335872
577 1 16384 32768
301 1 348160 348672
32 1 380928 385024
786 1 159744 162816
871 1 135168 139264
146 1 270336 278528
857 1 450560 454656
999 1 421888 442368
7 1 12288 32768
36 1 73728 77824
577 2 360448 393216 393216 409600
487 1 262144 266240
85 1 344064 348160
428 1 253952 258048
242 1 335872 339968
88 1 258048 262144
88 1 446464 450560
88 1 385024 389120
58 1 126976 131072
676 1 24576 28672
678 1 180224 184320
678 1 327680 331776
674 1 507904 520192
158 1 139264 143360
433 5 253952 262144 262144 327680 327680 393216 393216 458752 458752 460800
448 1 409600 413696
678 1 12288 16384
445 1 311296 315392
678 1 475136 479232
677 1 102400 106496
681 1 86016 90112
676 1 475136 479232
678 1 385024 389120
677 1 438272 442368
681 1 389120 393216
679 1 90112 94208
222 1 98304 99840
15 1 454656 458752
83 1 270336 274432
16 1 32768 36864
16 1 40960 45056
83 1 266240 270336
16 1 53248 57344
696 1 475648 524288
697 8 0 65536 65536 131072 131072 196608 196608 262144 262144 327680 327680 393216 393216 458752 458752 475648
16 1 90112 98304
83 1 270336 274432
279 1 480256 480768
697 1 479232 524288
698 1 0 36864
803 1 204800 208896
533 1 364544 368640
940 1 290816 294912
275 1 73728 75264
150 1 368640 376832
900 1 221184 225280
107 6 147456 196608 196608 262144 262144 327680 327680 393216 393216 458752 458752 524288
108 2 0 65536 65536 127488
321 1 458752 462848
900 1 163840 167936
321 1 458752 466944
900 1 221184 225280
108 7 127488 131072 131072 196608 196608 262144 262144 327680 327680 393216 393216 458752 458752 524288
109 2 0 65536 65536 127488
321 1 462848 466944
900 1 163840 172032
142 1 106496 114688
321 1 462848 466944
142 1 114688 118784
900 1 225280 229376
109 7 127488 131072 131072 196608 196608 262144 262144 327680 327680 393216 393216 458752 458752 524288
110 1 0 61952
110 7 127488 131072 131072 196608 196608 262144 262144 327680 327680 393216 393216 458752 458752 524288
111 2 0 65536 65536 127488
19 1 417792 421888
872 1 434176 442368
718 1 512000 516096
90 1 188416 196608
387 1 323584 327680
813 1 208896 212992
131 1 434176 442368
752 1 466944 470016
374 1 196608 253952
131 1 442368 446464
541 3 360448 393216 393216 458752 458752 524288
542 6 0 65536 65536 131072 131072 196608 196608 262144 262144 327680 327680 360448
848 1 352256 368640
382 2 184320 196608 196608 253952
89 1 319488 323584
432 1 393216 397312
375 1 380928 385024
89 1 114688 118784
301 1 344064 348160
803 1 204800 208896
89 1 151552 155648
162 1 446464 450560
59 1 126976 131072
58 1 163840 167936
735 1 208896 212992
56 1 339968 344064
57 1 98304 102400
56 1 184320 188416
57 1 126976 131072
56 1 286720 290816
828 2 258048 262144 262144 266240
813 1 212992 217088
801 1 385024 389120
290 1 462848 466944
706 1 389120 393216
290 1 319488 323584
803 1 299008 303104
297 1 102400 106496
781 1 274432 276992
297 1 110592 118784
0 1 65536 66048
0 1 73728 74240
519 1 507904 512000
144 1 380928 385024
282 1 241664 242176
854 1 84480 84992
264 1 28672 32768
318 1 200704 204800
433 2 192512 196608 196608 208896
883 1 417792 421888
463 1 155648 159744
433 1 139264 188416
927 1 32768 53248
571 1 462848 512000
182 2 233472 262144 262144 266240
319 1 0 61440
927 1 65536 77824
182 1 294912 315392
659 1 135168 143360
362 2 233472 262144 262144 299008
848 1 360448 393216
252 1 36864 40960
941 1 507904 512000
186 1 106496 110592
94 2 241664 262144 262144 278528
391 3 331776 393216 393216 458752 458752 524288
392 6 0 65536 65536 131072 131072 196608 196608 262144 262144 327680 327680 331776
505 1 364544 368640
392 3 368640 393216 393216 458752 458752 479232
392 1 483328 524288
393 2 0 65536 65536 131072
813 1 208896 212992
535 1 421888 442368
892 3 323584 327680 327680 393216 393216 401408
468 1 81920 86016
601 1 425984 430080
854 1 380928 385024
813 1 212992 217088
565 1 114688 118784
435 1 360448 364544
4 1 520192 524288
56 1 520192 524288
551 1 200704 212992
362 1 290816 294912
661 1 323584 327680
854 1 393216 397312
455 1 421888 425984
421 1 24576 32768
565 1 458752 462848
803 1 200704 204800
428 1 438272 458752
978 1 327680 331776
573 1 49152 54272
429 1 458752 471040
703 1 319488 323584
273 1 503808 507904
828 1 471552 524288
829 8 0 65536 65536 131072 131072 196608 196608 262144 262144 327680 327680 393216 393216 458752 458752 471552
172 1 196608 204800
894 1 81920 86016
791 3 389120 393216 393216 458752 458752 524288
549 1 458752 495616
172 1 204800 208896
877 1 466944 471040
962 1 315392 319488
468 1 475136 520192
792 6 4096 65536 65536 131072 131072 196608 196608 262144 262144 327680 327680 393216
803 1 204800 208896
419 2 319488 327680 327680 339968
981 1 339968 344064
660 1 262144 270336
437 2 184320 196608 196608 249856
283 1 114688 122880
500 2 36864 65536 65536 102400
828 1 229376 233472
828 1 208896 212992
506 1 499712 507904
283 1 122880 126976
239 1 327680 372736
239 1 372736 376832
53 2 323584 327680 327680 348160
53 1 348160 352256
36 2 110592 131072 131072 176128
437 1 249856 253952
157 2 40960 65536 65536 73728
685 1 102400 103424
873 1 380928 385024
486 1 393216 401408
338 1 135168 139264
736 1 45056 49152
88 1 106496 110592
765 1 98304 102400
88 1 81920 86016
765 1 204800 208896
736 1 151552 155648
735 1 409600 413696
735 1 364544 368640
694 1 434176 438272
765 1 217088 221184
694 1 442368 446464
111 1 372736 376832
137 1 425984 430080
101 1 454656 458752
137 1 462848 466944
719 1 176128 180224
121 1 491520 495616
180 1 286720 290816
180 1 339968 344064
101 1 249856 253952
438 1 126976 131072
495 1 380928 385024
238 1 450560 454656
260 1 73728 77824
404 1 143360 147456
362 1 327680 331776
935 1 102400 105472
595 1 368640 372736
456 1 331776 336384
503 1 323584 327680
725 1 36864 40960
260 1 94208 98304
384 1 421888 425984
261 1 200704 204800
84 1 192512 196608
870 1 0 4096
84 1 229376 233472
131 1 450560 454656
206 1 327680 352256
206 1 352256 385024
206 1 385024 393216
215 1 196608 221184
215 1 221184 253952
215 2 253952 262144 262144 286720
215 1 286720 319488
215 1 319488 327680
265 1 262144 286720
265 1 286720 319488
265 1 319488 327680
284 1 393216 417792
284 1 417792 450560
526 1 253952 262144
533 1 65536 90112
641 1 352256 385024
641 2 385024 393216 393216 417792
641 1 417792 450560
396 1 425984 430080
24 1 458752 462848
67 1 303104 323584
390 2 249856 262144 262144 319488
542 3 360448 393216 393216 458752 458752 524288
543 1 0 16384
109 1 208896 212992
954 1 20480 24576
736 1 475136 479232
918 1 176128 188416
875 1 380928 385024
931 1 372736 376832
763 1 28672 57344
875 1 380928 389120
763 1 57344 61440
918 1 262144 266240
747 1 294912 299008
855 1 16384 20480
672 1 372736 393216
871 3 131072 196608 196608 262144 262144 294912
803 1 258048 262144
142 1 376832 380928
144 1 495616 499712
26 1 471040 475136
144 1 430080 434176
803 2 323584 327680 327680 335872
244 1 417792 421888
144 1 495616 499712
26 1 471040 475136
258 1 217088 221184
476 1 163840 167936
846 1 442368 444416
825 2 118784 131072 131072 139264
310 1 265728 269824
471 1 175616 179712
228 1 520192 524288
825 1 147456 163840
334 1 491520 512000
229 1 0 12288
334 1 479232 491520
334 1 516096 524288
335 1 0 24576
189 1 303104 307200
181 1 290816 294912
765 1 475136 479232
181 1 245760 249856
765 1 458752 462848
566 1 483328 487424
234 1 376832 380928
766 1 65536 69632
766 1 229376 233472
766 1 49152 53248
766 1 188416 192512
766 1 413696 417792
766 1 24576 28672
766 1 90112 94208
766 1 315392 319488
10 1 118784 122880
766 1 466944 471040
894 1 393216 442368
236 1 143360 147456
955 2 385024 393216 393216 417792
891 4 323584 327680 327680 393216 393216 458752 458752 524288
892 5 0 65536 65536 131072 131072 196608 196608 262144 262144 323584
446 1 266240 299008
7 1 221184 233472
446 2 299008 327680 327680 331776
36 1 28672 36864
945 2 45056 65536 65536 77824
945 1 143360 147456
945 1 77824 106496
945 1 147456 180224
675 1 430080 434176
681 1 237568 241664
678 1 274432 278528
678 1 352256 356352
678 1 462848 471040
458 7 86016 131072 131072 196608 196608 262144 262144 327680 327680 393216 393216 458752 458752 524288
459 2 0 65536 65536 86016
677 1 278528 282624
806 1 12288 16384
682 1 16384 24576
803 1 221184 225280
679 1 200704 208896
706 1 86016 90112
29 1 503808 507904
911 1 81920 86016
805 1 81920 86016
679 1 188416 196608
16 1 114688 118784
16 1 143360 147456
16 1 155648 159744
830 1 393216 397312
147 1 94208 98304
567 1 307200 311296
6 1 0 12288
57 1 393216 409600
350 1 28672 36864
551 1 212992 217088
362 1 315392 319488
854 1 405504 409600
421 1 65536 73728
455 1 458752 483328
715 2 454656 458752 458752 462848
854 1 516096 524288
731 1 507904 512000
541 1 131072 135168
762 1 176128 180224
605 1 401408 405504
656 1 409600 413696
813 1 299008 303104
658 1 65536 69632
995 1 126976 131072
522 1 118784 122880
27 1 200704 204800
635 1 331776 335872
27 1 360448 364544
813 1 233472 237568
27 1 413696 421888
27 1 466944 471040
28 1 176128 180224
813 1 299008 311296
28 1 188416 192512
29 1 212992 221184
284 1 221184 225280
164 1 8192 12288
160 1 380928 385024
364 1 212992 217088
559 1 512000 513536
740 1 516096 520192
148 1 73728 77824
542 1 479232 483328
626 1 217088 221184
741 1 40960 49152
64 1 483328 487424
752 1 294912 299008
575 1 458752 462848
438 1 401408 402944
543 6 20480 65536 65536 131072 131072 196608 196608 262144 262144 327680 327680 364544
369 1 217088 221184
816 1 274432 278528
49 1 376832 380928
189 1 81920 86016
365 1 466944 483328
284 1 163328 179712
289 1 441856 458240
477 1 359936 376320
476 1 474624 491008
477 1 441856 458240
291 1 474624 491008
266 1 32256 36352
32 1 483328 487424
75 1 262144 282624
193 1 90112 98304
243 2 253952 262144 262144 274432
10 2 61440 65536 65536 73728
813 1 208896 212992
25 1 520192 524288
26 1 458752 475136
813 1 274432 282624
75 1 282624 294912
32 1 417792 421888
439 1 466944 483328
461 5 86016 131072 131072 196608 196608 262144 262144 327680 327680 359424
849 1 282624 285184
683 1 516096 524288
684 1 0 8192
808 1 364544 368640
814 1 442368 446464
208 1 61440 65536
460 7 86016 131072 131072 196608 196608 262144 262144 327680 327680 393216 393216 458752 458752 524288
461 2 0 65536 65536 86016
27 1 483328 487424
804 1 151552 155648
58 1 36864 40960
682 1 188416 192512
810 1 487424 491520
806 1 466944 475136
178 1 192512 196608
210 1 339968 344064
210 1 286720 290816
645 1 110592 114688
310 1 265728 269824
471 1 175616 179712
229 1 12288 16384
101 1 233472 241664
335 1 36864 49152
903 1 507904 524288
101 1 241664 245760
335 2 53248 65536 65536 73728
229 1 16384 28672
297 1 344064 348160
803 1 233472 237568
706 1 389120 393216
803 1 299008 303104
813 1 237568 241664
593 1 499712 503808
813 1 303104 307200
807 1 122880 126976
807 1 446464 450560
813 1 237568 245760
813 1 307200 315392
208 1 356352 360448
312 1 397312 401408
459 7 86016 131072 131072 196608 196608 262144 262144 327680 327680 393216 393216 458752 458752 524288
460 2 0 65536 65536 86016
440 5 258048 262144 262144 327680 327680 393216 393216 458752 458752 524288
441 2 0 65536 65536 67584
179 1 8192 12288
208 1 294912 299008
976 1 446464 449536
817 1 290816 294912
450 6 147456 196608 196608 262144 262144 327680 327680 393216 393216 458752 458752 464896
217 2 438272 458752 458752 466944
929 1 503808 507904
810 1 32768 36864
315 1 344064 348160
281 1 360448 368640
439 1 483328 524288
440 4 0 65536 65536 131072 131072 196608 196608 253952
582 1 380928 383488
345 1 499712 503808
782 1 212992 217088
344 1 114688 118784
767 1 8192 12288
207 1 360448 364544
643 1 372736 376832
566 1 495616 499712
218 1 180224 184320
719 1 155648 159744
355 1 360448 364544
857 1 376832 380928
191 1 20480 24576
92 1 360448 364544
10 1 499712 503808
471 1 20480 24576
894 1 16384 20480
177 1 503808 524288
215 1 466944 479232
0 1 421888 438272
348 1 196608 208896
829 1 471552 524288
830 8 0 65536 65536 131072 131072 196608 196608 262144 262144 327680 327680 393216 393216 458752 458752 471552
921 1 192512 196608
548 1 233472 241664
660 1 270336 327680
703 1 319488 323584
356 1 471040 475136
965 1 16384 40960
419 1 151552 159744
454 1 466944 491520
454 2 454656 458752 458752 462848
641 1 491520 495616
792 2 393216 458752 458752 524288
793 5 0 65536 65536 131072 131072 196608 196608 262144 262144 327680
894 1 81920 86016
661 1 196608 262144
250 5 249856 262144 262144 327680 327680 393216 393216 458752 458752 524288
251 4 0 65536 65536 131072 131072 196608 196608 249856
82 1 516096 524288
811 2 172032 196608 196608 229376
812 1 237568 245760
855 1 4096 8192
732 1 45056 49152
855 1 98304 106496
732 1 53248 57344
813 1 77824 90112
812 2 339968 393216 393216 397312
855 1 139264 147456
813 1 221184 225280
732 1 69632 73728
814 1 233472 245760
813 2 184320 196608 196608 241664
855 1 163840 167936
599 1 77824 86016
111 1 196608 200704
120 1 118784 122880
945 2 180224 196608 196608 212992
36 1 36864 40960
15 1 233472 237568
998 1 45056 49152
330 2 172032 196608 196608 217088
945 1 212992 245760
330 1 217088 221184
945 2 245760 262144 262144 278528
325 1 65536 131072
325 1 458752 524288
326 1 0 65536
144 1 81920 114688
324 6 131072 196608 196608 262144 262144 327680 327680 393216 393216 458752 458752 524288
325 1 0 65536
322 3 327680 393216 393216 458752 458752 520192
322 1 520192 524288
323 4 0 65536 65536 131072 131072 196608 196608 262144
323 1 458752 524288
324 1 0 65536
390 1 458752 471040
729 1 172032 176128
219 1 430080 434176
456 1 335872 344064
533 1 77824 86016
147 1 434176 442368
741 1 143360 188416
741 1 188416 192512
798 4 307200 327680 327680 393216 393216 458752 458752 524288
799 5 0 65536 65536 131072 131072 196608 196608 262144 262144 307200
799 2 307200 327680 327680 372736
30 1 49152 65536
445 1 69632 73728
164 1 16384 20480
697 1 475648 524288
698 8 0 65536 65536 131072 131072 196608 196608 262144 262144 327680 327680 393216 393216 458752 458752 475648
83 1 266240 270336
164 1 28672 32768
164 1 57344 61440
83 1 270336 274432
164 1 131072 135168
553 1 65536 69632
63 1 184320 188416
0 1 245760 262144
24 1 471040 475136
388 2 102400 131072 131072 167936
355 1 393216 397312
388 2 368640 393216 393216 434176
851 1 45056 57344
389 2 106496 131072 131072 172032
389 2 368640 393216 393216 434176
390 2 106496 131072 131072 172032
390 2 368640 393216 393216 434176
391 2 106496 131072 131072 135680
391 1 135680 172032
355 1 397312 409600
391 2 368640 393216 393216 434176
343 1 180224 188416
317 1 299008 303104
346 1 512000 516096
208 1 466944 471040
215 1 397312 401408
342 1 249856 253952
345 1 45056 49152
113 1 230400 231424
9 1 401408 405504
13 1 225280 229376
11 1 36864 40960
73 1 126976 131072
12 1 364544 368640
410 1 73728 94208
68 1 57344 61440
919 1 28672 32768
921 1 442368 446464
152 1 290816 294912
0 1 204800 208896
154 1 151552 155648
813 1 204800 208896
5 1 61440 65536
6 1 196608 212992
5 1 192512 196608
6 1 65536 73728
135 1 163840 167936
0 1 32256 36352
8 1 101888 105984
72 1 167424 171520
8 1 167424 171520
0 1 36352 40448
251 5 249856 262144 262144 327680 327680 393216 393216 458752 458752 524288
252 4 0 65536 65536 131072 131072 196608 196608 249856
83 1 0 4096
664 1 483328 487424
244 1 499712 503808
441 1 274944 327680
676 2 380928 393216 393216 442368
803 1 270336 278528
440 1 393216 458752
512 1 233472 237568
441 2 393216 458752 458752 524288
442 5 0 65536 65536 131072 131072 196608 196608 262144 262144 274944
584 1 466944 471040
584 1 471040 524288
49 1 344064 364544
585 1 0 8192
952 2 135168 196608 196608 200704
442 4 274944 327680 327680 393216 393216 458752 458752 524288
443 5 0 65536 65536 131072 131072 196608 196608 262144 262144 274944
443 1 274944 327680
441 1 327680 393216
76 1 32768 57344
76 1 57344 61440
335 1 77824 94208
825 1 180224 188416
229 1 28672 32768
825 1 241664 249856
825 1 192512 196608
1 1 208896 212992
159 1 32768 33280
0 1 57344 61440
1 1 266240 270336
999 1 258048 262144
159 1 33280 33792
880 1 131072 135168
50 1 315392 319488
803 1 204800 217088
883 1 8192 12288
882 1 479232 483328
297 1 118784 122880
924 1 442368 446464
297 2 126976 131072 131072 135168
644 1 294912 299008
42 1 503808 507904
896 2 405504 458752 458752 524288
897 2 0 65536 65536 73728
831 2 212992 262144 262144 311296
854 1 84480 84992
807 1 32768 36864
300 1 49152 53248
177 2 126976 131072 131072 147456
372 1 77824 81920
177 1 278528 282624
539 1 4096 8192
205 1 180224 184320
541 1 188416 192512
0 1 81920 82432
205 1 184320 188416
486 1 401408 405504
830 1 303104 307200
240 1 425984 430080
269 1 393216 397312
706 1 135168 139264
267 1 270336 274432
682 1 438272 442368
264 1 65536 69632
297 1 389120 393216
798 1 278528 282624
723 1 507904 512000
369 1 20480 24576
800 1 200704 204800
867 1 200704 204800
187 1 20480 24576
804 1 327680 331776
188 1 12288 16384
372 1 303104 307200
191 1 65536 69632
981 1 339968 348160
826 1 442880 443392
981 1 352256 356352
700 1 282624 286720
321 1 499712 503808
321 1 495616 503808
700 1 266240 270336
419 1 339968 352256
96 1 495616 512000
72 1 434176 442368
96 1 442368 446464
224 1 483328 491520
884 1 270336 274432
883 1 323584 327680
884 1 413696 417792
890 1 253952 258048
887 1 188416 196608
886 1 106496 110592
887 1 200704 208896
886 1 208896 212992
889 1 438272 446464
890 1 503808 507904
891 1 45056 49152
0 1 290816 294912
999 1 135168 139264
999 1 475136 479232
890 1 466944 471040
890 1 520192 524288
159 1 33792 36864
999 1 90112 94208
90 1 73728 77824
663 1 299008 303104
814 2 249856 262144 262144 266240
663 1 307200 311296
855 1 225280 229376
676 2 389120 393216 393216 438272
676 1 475136 483328
5 1 126976 131072
6 1 12288 16384
663 1 319488 323584
855 1 233472 237568
5 1 393216 405504
57 1 126976 131072
677 1 184320 192512
675 1 327680 335872
855 1 249856 253952
59 1 516096 524288
60 1 0 24576
154 1 339968 344064
153 1 327680 339968
154 1 65536 73728
803 1 270336 274432
154 1 405504 409600
212 1 356352 364544
173 1 131072 135168
161 1 335872 339968
237 1 405504 409600
170 1 196608 200704
156 1 65536 77824
156 1 98304 106496
923 1 32768 36864
618 1 258048 262144
206 1 262144 266240
534 2 30208 65536 65536 91648
534 1 91648 131072
534 1 131072 135168
723 1 503808 507904
396 1 204800 206336
807 2 122880 131072 131072 139264
751 1 397312 401408
534 2 139264 196608 196608 200704
753 1 319488 323584
534 2 200704 262144 262144 323584
630 1 139264 147456
751 1 405504 409600
534 4 323584 327680 327680 393216 393216 458752 458752 507904
214 1 425984 434176
535 2 106496 131072 131072 136192
214 1 434176 438272
534 1 507904 524288
535 2 0 65536 65536 106496
72 1 442368 446464
700 1 282624 286720
144 1 430080 434176
803 1 266240 270336
244 1 417792 421888
144 1 495616 503808
26 1 471040 475136
803 1 331776 335872
144 1 434176 438272
258 1 217088 221184
244 1 417792 421888
144 1 499712 503808
812 1 262144 327680
26 1 471040 475136
803 1 204800 208896
144 1 434176 438272
244 1 417792 421888
356 1 49152 53248
453 1 393216 397824
298 1 143360 147456
553 1 86016 90112
357 2 81920 131072 131072 143360
698 1 475648 524288
699 8 0 65536 65536 131072 131072 196608 196608 262144 262144 327680 327680 393216 393216 458752 458752 475648
83 1 266240 270336
553 1 118784 122880
243 1 114688 118784
461 1 430080 434176
132 1 180224 184320
895 1 159744 163840
453 1 163840 188416
500 1 196608 200704
487 1 458752 462848
170 1 237568 241664
542 1 393216 397312
765 1 131072 139264
644 1 458752 462848
765 1 159744 163840
765 1 143360 155648
967 1 94208 98304
456 1 212992 217088
932 1 40960 45056
762 1 483328 487424
29 1 229376 233472
813 1 241664 245760
30 1 28672 32768
30 1 86016 90112
813 1 307200 311296
43 1 196608 200704
43 1 262144 270336
188 1 155648 159744
265 1 327680 335872
762 1 483328 487424
43 1 323584 327680
813 1 241664 245760
888 1 163840 167424
43 1 352256 356352
43 1 376832 380928
43 1 466944 471040
522 1 118784 122880
890 1 483328 487424
1 1 86016 90112
0 1 258048 262144
0 1 307200 311296
999 1 159744 163840
999 1 118784 122880
159 1 45056 46080
999 1 372736 376832
0 1 274432 278528
0 1 327680 331776
1 1 24576 28672
891 1 12288 16384
1 1 163840 176128
1 1 208896 212992
784 2 294912 327680 327680 368640
862 1 446464 450048
159 1 163840 164864
159 1 46080 49152
39 1 233472 237568
680 1 217088 221184
448 1 73728 77824
917 1 389120 393216
119 1 200704 204800
751 1 249856 253952
508 1 323584 327680
508 1 253952 262144
970 1 102400 106496
96 1 462848 471040
217 1 155648 159744
987 1 61440 65536
163 1 442368 446464
235 1 479232 483328
33 1 45056 49152
0 1 438272 458752
246 1 368640 372736
229 1 32768 45056
825 1 258048 262144
825 1 327680 331776
229 1 45056 49152
511 2 249856 262144 262144 311296
898 2 376832 393216 393216 413696
1 1 258048 262144
352 1 458752 462848
352 1 425984 430080
898 1 413696 417792
1 1 458752 462848
960 1 348160 356352
445 1 258048 262144
369 1 221184 225280
543 3 364544 393216 393216 458752 458752 524288
544 6 0 65536 65536 131072 131072 196608 196608 262144 262144 327680 327680 364544
902 1 45056 65536
324 1 249856 253952
898 1 417792 450560
108 1 196608 204800
898 1 450560 454656
296 1 364544 366592
667 1 32768 45056
108 1 204800 208896
111 7 127488 131072 131072 196608 196608 262144 262144 327680 327680 393216 393216 458752 458752 524288
112 2 0 65536 65536 127488
112 7 127488 131072 131072 196608 196608 262144 262144 327680 327680 393216 393216 458752 458752 524288
113 2 0 65536 65536 127488
114 2 425984 458752 458752 475136
515 1 286720 290816
448 1 446464 450560
327 1 475136 503808
813 1 270336 282624
198 1 24576 28672
327 1 503808 507904
121 1 315392 318464
198 1 45056 49152
978 1 401408 421888
957 1 315392 319488
307 1 315392 327680
759 1 266240 274432
883 1 462848 466944
978 1 421888 434176
957 1 258048 262144
759 1 270336 274432
883 1 397312 401408
278 1 372736 380928
326 1 360448 364544
326 1 348160 352256
663 1 327680 348160
855 1 307200 311296
813 1 208896 212992
58 1 0 8192
815 1 20480 28672
748 1 466944 475136
621 1 278528 286720
675 1 487424 524288
676 1 0 20480
803 1 233472 241664
621 1 290816 303104
815 1 135168 151552
813 1 278528 282624
815 2 389120 393216 393216 438272
855 1 315392 319488
910 1 446464 450560
470 1 483328 487424
511 1 184320 192512
135 2 57344 65536 65536 69632
968 1 0 4096
512 1 278528 282624
956 1 389120 393216
967 1 131072 135168
512 1 348160 352256
424 1 167936 172032
954 1 98304 110592
177 1 53248 57344
954 1 40960 49152
513 1 217088 221184
953 1 520192 524288
967 1 430080 434176
117 1 110592 131072
205 1 315392 323584
146 1 204800 208896
505 1 368640 376832
292 1 229376 233472
813 1 274432 278528
319 1 364544 368640
319 1 372736 376832
293 1 475136 479232
319 1 360448 360960
293 1 471040 475136
965 1 40960 45056
454 1 491520 495616
660 1 458752 491520
894 1 16384 20480
954 1 499712 503808
830 1 471552 524288
831 8 0 65536 65536 131072 131072 196608 196608 262144 262144 327680 327680 393216 393216 458752 458752 471552
330 1 73728 86016
0 1 438272 458752
858 1 397312 401408
155 1 278528 282624
278 1 131072 135168
333 1 372736 376832
793 2 393216 458752 458752 524288
794 6 0 65536 65536 131072 131072 196608 196608 262144 262144 327680 327680 393216
813 1 270336 278528
894 1 106496 110592
894 1 81920 86016
739 1 348160 352256
47 1 122880 126976
236 1 110592 118784
333 2 262144 327680 327680 393216
803 1 233472 237568
236 1 118784 122880
337 2 196608 262144 262144 327680
297 1 339968 344064
803 1 299008 311296
98 1 45056 49152
268 1 36864 42496
365 1 483328 503808
803 1 270336 274432
803 1 200704 204800
372 1 421888 425984
27 1 303104 307200
289 1 270336 274432
685 1 53248 53760
913 1 356352 360448
834 1 397312 401408
372 1 421888 425984
181 1 344064 348160
296 1 221184 225280
297 1 376832 380928
300 1 110592 114688
588 1 401408 405504
83 1 270336 274432
843 1 335872 339968
302 1 499712 503808
301 1 249856 253952
843 1 352256 360448
83 1 266240 270336
843 1 417792 421888
851 1 303104 307200
843 1 438272 446464
424 1 380928 385024
672 1 393216 397312
72 1 106496 114688
875 1 380928 385024
72 1 114688 118784
236 1 278528 294912
236 1 180224 196608
237 2 245760 262144 262144 278528
237 2 131072 196608 196608 229376
813 1 204800 208896
72 1 118784 126976
72 1 126976 131072
831 1 245760 249856
871 5 131072 196608 196608 262144 262144 327680 327680 393216 393216 458752
225 1 131072 196608
226 1 86016 98304
658 1 495616 499712
376 1 131072 135168
657 1 32768 40960
307 1 487424 491520
222 1 196608 212992
96 1 65536 131072
159 1 192512 193536
159 1 164864 167936
83 1 266240 274432
476 1 167936 172032
83 1 274432 278528
396 1 0 65536
784 1 368640 372736
174 1 397312 430080
223 1 180224 184320
147 2 454656 458752 458752 487424
103 1 167936 196608
103 1 327680 331776
17 1 327680 331776
293 1 86016 118784
883 1 483328 487424
23 2 36864 65536 65536 69632
23 1 69632 102400
23 1 102400 131072
32 1 458752 462848
16 1 102400 104448
479 1 454656 458752
32 1 462848 495616
663 1 200704 204800
168 1 356352 357376
108 3 188416 196608 196608 262144 262144 319488
825 1 438272 442368
229 1 49152 57344
229 1 106496 110592
904 1 0 20480
108 2 319488 327680 327680 385024
109 2 253952 262144 262144 319488
844 1 94208 98304
229 1 110592 114688
245 1 303104 323584
802 1 118784 122880
247 1 446464 454656
808 1 520192 524288
809 1 36864 40960
809 1 65536 69632
33 2 135168 196608 196608 204800
33 1 204800 208896
802 1 118784 131072
380 2 122880 131072 131072 139264
33 1 208896 229376
33 1 229376 233472
380 1 139264 159744
887 1 270336 270848
188 1 110592 112640
912 1 413696 417792
334 1 344064 348160
324 1 245760 249856
353 1 0 4096
326 1 393216 397312
101 1 90112 98304
205 1 294912 311296
68 1 286720 294912
195 1 249856 253952
194 1 278528 282624
305 1 466944 471040
739 1 274432 278528
337 1 221184 224256
949 1 24576 28672
664 1 135168 137216
375 1 233472 237568
392 2 106496 131072 131072 172032
392 2 368640 393216 393216 434176
393 2 106496 131072 131072 172032
322 1 212992 217088
294 1 143360 147456
658 1 503808 512000
153 1 299008 303104
77 1 69632 77824
761 1 249856 253952
824 1 339968 348160
857 1 364544 368640
393 2 368640 393216 393216 434176
70 1 507904 524288
71 2 0 65536 65536 81920
294 1 475136 479232
394 2 106496 131072 131072 172032
813 1 204800 212992
394 2 368640 393216 393216 434176
61 1 233472 253952
395 2 106496 131072 131072 135680
843 1 299008 319488
885 1 376832 380928
803 1 204800 208896
223 1 4096 16384
223 1 16384 20480
843 1 319488 327680
844 1 262144 266240
84 1 24576 32768
84 1 32768 36864
559 1 454656 455680
773 2 106496 131072 131072 172032
113 1 299008 300544
632 1 188416 192000
542 1 405504 408064
803 1 274432 282624
887 1 147456 159744
907 1 4096 12288
897 1 462848 524288
898 6 0 65536 65536 131072 131072 196608 196608 262144 262144 327680 327680 339968
7 1 262144 282624
505 1 376832 380928
803 1 303104 307200
621 1 323584 327680
815 1 503808 512000
855 1 327680 331776
815 1 487424 499712
246 1 176128 184320
748 1 471040 479232
855 1 335872 356352
816 2 323584 327680 327680 331776
803 1 237568 241664
816 1 266240 319488
246 1 188416 192512
813 1 212992 217088
855 1 368640 376832
6 1 282624 286720
848 1 421888 425984
854 1 225280 246272
410 1 335872 339968
372 1 274432 278528
0 1 90112 90624
398 1 290816 294912
854 1 85504 86016
401 1 159744 163840
215 1 364544 372736
197 1 278528 294912
522 1 221184 245760
215 1 372736 376832
64 1 417792 425984
945 1 278528 311296
676 1 81920 82944
105 1 90112 94208
945 2 311296 327680 327680 344064
105 1 221184 223744
868 1 159744 172032
945 1 344064 376832
906 1 77824 94208
945 2 376832 393216 393216 409600
945 1 409600 442368
878 1 32768 36864
945 2 442368 458752 458752 475136
813 1 270336 278528
965 1 94208 126976
878 1 32768 36864
377 1 303104 311296
451 1 229376 233472
407 1 16384 28672
637 1 438272 442368
113 1 231424 231936
999 1 393216 413696
636 1 16384 20480
444 1 368640 389120
803 1 204800 212992
572 1 307200 311296
550 1 20480 20992
75 1 442368 458752
113 1 231936 232960
113 1 232960 233472
583 2 438272 458752 458752 471040
64 1 475136 479232
55 1 0 28672
741 1 151552 155648
775 1 241664 245760
54 1 479232 491520
277 1 151552 155648
355 1 352256 356352
706 1 303104 307200
222 1 368640 372736
712 1 147456 151552
112 1 417792 421888
155 1 262144 278528
755 8 57856 65536 65536 131072 131072 196608 196608 262144 262144 327680 327680 393216 393216 458752 458752 524288
756 1 0 57856
140 1 485888 486400
155 1 278528 299008
756 8 57856 65536 65536 131072 131072 196608 196608 262144 262144 327680 327680 393216 393216 458752 458752 524288
757 1 0 57856
270 1 282624 286720
112 1 483328 487424
35 1 372736 380928
35 1 380928 385024
757 8 57856 65536 65536 131072 131072 196608 196608 262144 262144 327680 327680 393216 393216 458752 458752 524288
758 1 0 57856
3 1 24576 25088
140 1 486400 486912
270 1 282624 286720
35 1 385024 393216
758 6 57856 65536 65536 131072 131072 196608 196608 262144 262144 327680 327680 360448
758 3 364544 393216 393216 458752 458752 524288
759 1 0 61952
35 1 393216 397312
96 1 507904 512000
321 1 499712 503808
321 1 499712 503808
321 1 495616 499712
63 1 315392 319488
5 1 4096 16384
700 1 266240 270336
279 1 497664 498176
700 1 282624 286720
501 1 499712 503808
120 1 286720 290816
641 2 450560 458752 458752 483328
641 1 483328 516096
641 1 516096 524288
646 1 393216 417792
646 1 417792 450560
646 1 450560 458752
680 1 131072 155648
81 1 24576 28672
364 1 0 32768
680 1 155648 188416
123 2 323584 327680 327680 339968
364 1 32768 65536
680 1 188416 196608
680 1 393216 417792
813 1 204800 208896
704 1 389120 393216
680 1 417792 450560
704 1 393216 397312
497 1 516096 524288
498 1 0 24576
127 1 311296 319488
252 5 249856 262144 262144 327680 327680 393216 393216 458752 458752 524288
253 4 0 65536 65536 131072 131072 196608 196608 249856
127 1 319488 323584
670 1 221184 245760
670 1 245760 249856
253 5 249856 262144 262144 327680 327680 393216 393216 458752 458752 524288
254 4 0 65536 65536 131072 131072 196608 196608 249856
503 1 475136 479232
109 2 319488 327680 327680 385024
109 2 450560 458752 458752 516096
245 1 327680 348160
229 1 114688 126976
72 1 8192 12288
165 2 376832 393216 393216 397312
32 1 483328 487424
165 1 397312 409600
732 2 385024 393216 393216 397312
204 1 176128 180224
799 1 20480 24576
128 1 487424 524288
955 1 466944 471040
740 1 450560 458752
727 1 53248 57344
877 1 262144 266240
888 1 270336 274432
163 1 212992 237568
163 1 237568 241664
850 1 0 4096
940 1 311296 315392
163 1 241664 249856
163 1 249856 253952
727 1 53248 57344
877 1 327680 331776
727 1 53248 57344
877 1 262144 270336
269 1 352256 372736
124 1 307200 315392
246 1 208896 212992
817 1 495616 503808
816 1 405504 413696
928 1 12288 32768
64 1 491520 495616
855 1 380928 393216
38 1 417792 421888
855 1 413696 417792
819 1 487424 495616
38 1 430080 434176
363 1 159744 164864
819 2 389120 393216 393216 442368
803 1 303104 307200
107 1 262144 278528
594 1 102400 106496
813 1 245760 253952
813 1 315392 319488
355 1 393216 413696
594 1 102400 106496
813 1 249856 253952
807 1 122880 126976
809 1 4096 8192
813 1 315392 319488
813 1 249856 262144
59 1 225280 229376
585 1 389120 393216
851 1 131072 151552
994 1 266240 270336
15 1 176128 180224
369 1 167936 172032
18 1 102400 106496
572 1 184320 188416
813 1 270336 274432
57 2 94208 131072 131072 172032
466 1 491520 495616
230 1 319488 323584
493 1 315392 319488
596 1 20480 28672
353 1 434176 438272
44 1 45056 49152
790 1 172032 184320
803 1 241664 245760
289 1 397312 413696
290 1 471040 475136
803 1 307200 311296
411 1 114688 122880
44 1 45056 49152
289 1 438272 442368
997 1 354816 355328
43 1 483328 487424
635 1 331776 335872
44 1 98304 102400
132 1 315392 319488
813 1 307200 311296
137 1 196608 200704
137 1 303104 307200
137 1 311296 315392
813 1 241664 253952
137 1 356352 360448
137 1 442368 446464
21 1 180224 184320
779 1 172032 176128
137 1 512000 516096
21 1 204800 212992
813 1 315392 319488
138 1 16384 20480
161 1 413696 417792
161 1 503808 507904
813 1 249856 253952
58 1 237568 245760
843 1 483328 487424
721 1 274432 278528
699 1 475648 524288
700 7 0 65536 65536 131072 131072 196608 196608 262144 262144 327680 327680 393216 393216 410112
58 1 245760 249856
844 1 61440 65536
83 1 270336 274432
399 1 204800 208896
83 1 266240 270336
399 1 229376 233472
144 1 499712 503808
66 1 376832 380928
907 1 53248 57344
803 1 270336 274432
803 1 204800 212992
258 1 221184 225280
803 1 274432 278528
77 1 32768 36352
86 1 212992 216576
144 1 434176 446464
76 1 462848 471040
177 1 225280 237568
813 1 208896 217088
96 1 442368 450560
279 1 507904 508416
62 2 389120 393216 393216 417792
96 1 512000 516096
321 1 499712 503808
62 1 417792 421888
96 1 446464 450560
434 1 408576 409088
118 1 323584 327680
874 1 73728 77824
813 1 286720 294912
448 1 401408 405504
149 1 73728 110592
867 1 139264 143360
448 1 36864 40960
448 1 471040 475136
149 1 110592 114688
181 1 413696 421888
850 1 491520 503808
181 1 421888 425984
813 1 270336 278528
224 1 421888 430080
160 1 196608 197120
476 1 163840 167936
48 1 430080 458752
32 1 380928 385024
217 1 69632 73728
752 1 57344 61440
886 1 491520 495616
510 1 253952 258048
272 1 372736 376832
83 1 204800 207360
669 1 278528 282624
36 1 73728 77824
548 1 196608 200704
923 1 266240 270336
433 1 454656 458752
199 1 446464 450560
744 1 106496 107008
584 1 212992 229376
565 1 442368 458752
378 1 389120 393216
813 1 208896 212992
965 1 126976 131072
744 1 102400 106496
63 1 262144 290816
103 1 327680 389120
906 1 94208 114688
878 1 32768 36864
868 1 225280 229376
813 1 274432 278528
63 1 290816 323584
710 1 28672 32768
223 1 393216 397312
112 1 417792 425984
229 1 126976 131072
765 1 348160 360448
765 1 389120 393216
112 1 425984 430080
229 1 131072 143360
862 1 483328 499712
110 2 385024 393216 393216 450560
121 1 98304 106496
855 1 421888 430080
38 1 462848 466944
820 1 110592 118784
820 1 122880 131072
855 1 434176 438272
363 1 389120 393216
803 1 237568 249856
820 1 331776 339968
0 1 28672 49152
820 1 163840 176128
855 1 454656 458752
363 1 401408 413696
803 1 274432 278528
821 1 466944 475136
893 1 212992 217088
855 1 483328 487424
848 1 438272 454656
803 1 208896 217088
489 1 487424 487936
683 1 114688 116224
998 1 184320 188416
82 1 299008 303104
882 1 475136 479232
321 1 499712 503808
5 1 16384 36864
321 1 495616 499712
813 1 204800 208896
803 1 278528 282624
348 1 307200 311296
894 1 36864 40960
348 1 249856 262144
792 1 311296 315392
831 1 471552 524288
832 8 0 65536 65536 131072 131072 196608 196608 262144 262144 327680 327680 393216 393216 458752 458752 471552
584 1 495616 499712
802 1 106496 108032
155 1 278528 282624
316 1 327680 331776
794 2 393216 458752 458752 524288
795 6 0 65536 65536 131072 131072 196608 196608 262144 262144 327680 327680 393216
493 1 212992 217088
585 1 266240 270336
935 1 372736 376832
813 1 208896 212992
894 1 106496 114688
910 1 462848 524288
911 1 0 4096
155 1 278528 282624
910 2 368640 393216 393216 430080
832 1 471552 524288
833 8 0 65536 65536 131072 131072 196608 196608 262144 262144 327680 327680 393216 393216 458752 458752 471552
813 1 274432 278528
894 1 372736 393216
894 1 442368 446464
895 1 20480 40960
689 5 253952 262144 262144 327680 327680 393216 393216 458752 458752 524288
690 1 0 49152
267 1 12288 16384
557 1 466944 479232
894 1 335872 356352
894 2 446464 458752 458752 524288
895 1 0 20480
898 1 360448 376832
688 5 253952 262144 262144 327680 327680 393216 393216 458752 458752 524288
689 4 0 65536 65536 131072 131072 196608 196608 253952
895 5 45056 65536 65536 131072 131072 196608 196608 262144 262144 307200
246 1 364544 368640
122 1 98304 106496
428 1 94208 98304
881 1 495616 499712
57 1 172032 176128
596 1 270336 274432
741 1 147456 151552
511 1 245760 249856
604 1 20480 24576
558 1 499712 503808
152 1 184320 188416
959 1 36864 45056
230 1 327680 331776
235 1 503808 507904
231 1 192512 196608
71 1 81920 86016
813 1 274432 278528
395 1 135680 172032
349 1 491520 495616
350 1 102400 110592
60 1 167936 172032
395 2 368640 393216 393216 434176
622 1 356352 360448
621 1 491520 495616
369 1 438272 442368
511 1 200704 204800
396 2 106496 131072 131072 172032
396 2 372736 393216 393216 438272
397 2 110592 131072 131072 176128
61 1 253952 262144
397 2 372736 393216 393216 438272
62 1 0 4096
398 2 110592 131072 131072 176128
813 1 208896 217088
352 1 368640 372736
80 2 49152 65536 65536 69632
544 3 364544 393216 393216 458752 458752 524288
545 6 0 65536 65536 131072 131072 196608 196608 262144 262144 327680 327680 364544
466 1 401408 405504
80 1 69632 73728
521 1 147456 159744
192 1 483328 487424
369 1 225280 233472
192 1 413696 417792
898 2 454656 458752 458752 495616
545 3 364544 393216 393216 458752 458752 524288
546 5 0 65536 65536 131072 131072 196608 196608 262144 262144 299008
898 1 495616 499712
369 1 233472 237568
898 1 499712 524288
899 1 0 4096
546 3 364544 393216 393216 458752 458752 524288
547 2 0 65536 65536 80384
899 1 4096 8192
848 1 368640 376832
744 1 344064 348160
399 1 253952 258048
878 1 24576 28672
400 1 8192 12288
147 1 98304 102400
493 1 139264 143360
493 1 200704 204800
700 1 475648 524288
701 8 0 65536 65536 131072 131072 196608 196608 262144 262144 327680 327680 393216 393216 458752 458752 475648
83 1 270336 274432
110 2 450560 458752 458752 516096
229 1 143360 147456
121 1 106496 110592
110 1 516096 524288
111 1 0 57344
111 2 57344 65536 65536 122880
229 1 147456 159744
227 1 405504 413696
227 1 413696 417792
291 1 278528 299008
240 1 491520 495616
53 1 499712 507904
53 1 507904 512000
161 1 245760 249856
160 1 229376 233472
704 1 348160 352256
476 1 167936 172032
822 1 12288 53248
893 1 245760 249856
855 1 495616 499712
824 1 143360 151552
823 1 4096 16384
893 1 364544 368640
856 1 4096 8192
52 1 237568 258048
559 2 180224 196608 196608 212992
825 2 344064 393216 393216 397312
826 2 192512 196608 196608 200704
856 1 24576 28672
55 1 454656 458752
852 1 131072 135168
813 1 204800 217088
241 1 249856 258048
241 1 258048 262144
106 1 135168 143360
106 1 143360 147456
858 1 405504 425984
803 1 270336 278528
803 1 208896 212992
803 1 274432 278528
626 1 274432 294912
803 1 208896 212992
803 1 274432 286720
14 1 401408 417792
128 1 417792 425984
113 6 127488 131072 131072 196608 196608 262144 262144 327680 327680 393216 393216 425984
113 2 425984 458752 458752 524288
114 2 0 65536 65536 78336
114 1 475136 524288
115 2 0 65536 65536 127488
614 1 438272 442368
114 6 78336 131072 131072 196608 196608 262144 262144 327680 327680 393216 393216 425984
381 1 348160 364544
615 1 278528 282624
240 1 483328 491520
635 1 397312 401408
115 2 127488 131072 131072 147456
637 1 516096 520192
115 6 151552 196608 196608 262144 262144 327680 327680 393216 393216 458752 458752 524288
116 3 0 65536 65536 131072 131072 131584
381 1 364544 385024
116 6 131584 196608 196608 262144 262144 327680 327680 393216 393216 458752 458752 524288
117 3 0 65536 65536 131072 131072 131584
128 1 466944 475136
128 1 475136 479232
111 1 188416 196608
245 1 348160 360448
579 1 264704 270336
229 1 159744 163840
112 1 417792 421888
321 1 499712 503808
279 1 516096 516608
700 1 266240 270336
700 1 282624 286720
96 1 512000 520192
206 1 40960 45056
482 1 516096 520192
750 1 286720 290304
275 1 458752 462848
769 1 57344 61440
881 1 53248 57344
16 1 278528 286720
877 1 282624 286720
429 1 73728 77824
567 1 503808 507904
570 1 135168 139264
281 1 8192 20480
570 1 372736 376832
776 1 192512 196608
113 1 278528 282624
803 1 241664 249856
791 1 77824 81920
924 1 442368 446464
29 1 12288 16384
803 1 311296 315392
566 1 69632 81920
803 1 245760 253952
828 1 200704 204800
487 1 53248 57344
824 1 155648 159744
828 1 245760 253952
813 1 278528 286720
236 1 147456 184320
481 3 40960 65536 65536 131072 131072 151552
598 1 97792 101888
32 1 495616 524288
33 1 0 4096
17 1 327680 331776
97 1 32768 36864
33 1 4096 36864
883 1 417792 421888
369 1 475136 507904
139 2 323584 327680 327680 339968
479 1 286720 319488
438 1 159744 192512
240 1 135168 167936
139 1 339968 348160
140 1 446464 458752
513 2 364544 393216 393216 397312
322 2 53248 65536 65536 86016
909 1 315392 319488
284 1 450560 458752
258 1 221184 225280
803 1 278528 282624
284 1 458752 462848
208 1 475136 479232
244 1 417792 421888
208 1 462848 471040
635 1 196608 200704
635 2 126976 131072 131072 139264
66 1 376832 380928
878 1 32768 36864
63 2 323584 327680 327680 356352
813 1 208896 212992
223 1 389120 393216
63 1 356352 389120
878 1 32768 36864
605 1 176640 196608
441 1 151552 155648
686 1 303104 327680
441 1 86016 94208
63 2 389120 393216 393216 421888
813 1 274432 278528
686 1 458752 462848
63 1 421888 454656
878 1 32768 36864
197 1 331776 348160
744 1 344064 348160
147 1 16384 20480
328 3 32768 65536 65536 131072 131072 184832
83 1 266240 270336
64 1 487424 491520
877 1 491520 495616
327 6 152064 196608 196608 262144 262144 327680 327680 393216 393216 458752 458752 524288
660 1 348160 352256
83 1 270336 274432
983 1 462848 466944
992 1 221184 225280
748 1 475136 479232
826 1 327680 335872
419 1 507904 512000
856 1 36864 49152
826 1 364544 376832
107 1 278528 299008
477 1 16384 20480
813 1 278528 286720
863 1 356352 360448
826 1 397312 425984
826 1 430080 454656
714 1 151552 155648
752 2 389120 393216 393216 413696
752 1 413696 417792
759 1 270336 274432
883 1 462848 471040
243 1 303104 307200
759 1 270336 274432
883 1 401408 405504
891 1 348160 352256
858 1 393216 397312
759 1 270336 274432
976 2 11264 65536 65536 76800
883 1 466944 471040
593 1 396800 400896
593 1 388608 392704
593 1 429568 433664
589 1 474624 482816
598 1 249344 249856
83 1 180224 184320
598 1 228864 232960
593 1 413184 417280
505 1 380928 389120
600 1 445952 450048
366 1 318976 323072
225 1 24064 28160
135 1 97792 101888
760 1 159232 163328
816 1 503296 507392
415 1 204288 208384
135 1 81408 89600
49 1 217088 237568
424 1 12288 40960
292 1 102400 106496
292 1 94208 98304
800 1 421888 424448
579 2 270336 327680 327680 331776
229 1 163840 172032
229 1 180224 184320
579 1 331776 393216
229 1 184320 188416
579 1 393216 454656
579 2 454656 458752 458752 479232
26 1 126976 131072
27 1 0 8192
243 1 274432 286720
585 1 135168 138240
93 1 245760 249856
616 1 106496 110592
93 1 253952 262144
616 2 126976 131072 131072 147456
471 1 24576 28672
252 1 94208 98304
849 1 90112 110592
136 1 462848 466944
144 1 507904 516096
844 1 454656 458752
907 1 53248 57344
18 1 237568 241664
848 1 454656 458752
813 1 208896 212992
878 3 270336 327680 327680 393216 393216 454656
890 1 282624 327680
52 1 462848 466944
589 1 196608 204800
836 1 200704 233472
556 1 307200 327680
82 1 196608 262144
447 2 0 65536 65536 131072
889 1 458752 524288
783 2 388608 393216 393216 409088
447 1 131072 196608
443 2 393216 458752 458752 524288
444 5 0 65536 65536 131072 131072 196608 196608 262144 262144 274944
445 1 471552 524288
177 2 409600 458752 458752 475136
448 3 327680 393216 393216 458752 458752 524288
449 5 0 65536 65536 131072 131072 196608 196608 262144 262144 274944
676 1 442368 446464
134 1 8192 12288
431 1 438272 446464
449 4 274944 327680 327680 393216 393216 458752 458752 524288
450 3 0 65536 65536 131072 131072 196608
446 1 0 65536
450 1 262144 274944
450 3 274944 327680 327680 393216 393216 458752
448 1 262144 327680
451 2 0 65536 65536 131072
450 1 196608 262144
450 1 458752 524288
451 1 262144 274944
851 1 151552 163840
883 1 397312 401408
231 1 319488 323584
372 1 172032 176128
372 1 184320 192512
751 1 90112 94208
955 1 151552 155648
751 1 102400 106496
73 1 122880 126976
241 1 24576 32768
73 1 135168 143360
96 1 450560 454656
16 1 286720 290816
434 1 412160 412672
321 1 495616 499712
96 1 516096 520192
434 1 417280 417792
321 1 499712 503808
700 1 266240 270336
826 1 443904 444416
854 1 85504 86016
87 1 167936 172032
354 1 122880 126976
354 1 188416 196608
155 1 32768 61440
803 1 204800 212992
155 1 61440 65536
0 1 98304 98816
999 1 409600 425984
139 2 311296 327680 327680 331776
290 1 282624 286720
223 1 397312 401408
790 1 8192 12288
932 1 122880 126976
223 1 389120 393216
803 1 315392 323584
813 1 204800 208896
848 1 221184 241664
713 1 192512 193024
985 1 81920 90112
813 1 270336 274432
498 1 24576 57344
498 1 57344 65536
531 1 131072 155648
531 1 155648 188416
531 2 188416 196608 196608 221184
531 1 221184 253952
630 1 122880 131072
631 1 65536 90112
813 1 212992 221184
933 1 335872 368640
466 1 167936 172032
514 1 253952 262144
875 1 409600 413696
398 1 131072 135168
876 1 221184 225280
69 1 86016 90112
705 1 385024 389120
89 1 491520 495616
264 1 0 4096
364 1 53248 57344
0 1 12288 16384
8 1 12288 16384
0 1 0 4096
246 1 450560 458752
246 1 458752 462848
612 1 200704 204800
826 1 503808 512000
827 1 4096 16384
813 1 286720 294912
863 1 389120 393216
964 1 327680 330752
863 1 507904 512000
827 1 294912 303104
827 1 212992 221184
5 1 380928 385024
74 1 135168 155648
340 1 196608 204800
984 1 36864 40960
744 1 344064 348160
701 1 475648 524288
702 8 0 65536 65536 131072 131072 196608 196608 262144 262144 327680 327680 393216 393216 458752 458752 475648
984 1 73728 77824
74 1 155648 159744
878 1 24576 28672
328 3 184832 196608 196608 262144 262144 299008
381 1 344064 364544
240 1 487424 499712
803 1 110592 118784
803 1 122880 126976
494 1 327680 331776
5 1 364544 372736
481 1 204800 208896
822 1 499712 507904
502 1 462848 466944
26 1 184320 188416
823 1 61440 65536
2 1 344064 348160
824 1 389120 393216
381 1 364544 376832
173 1 270336 278528
173 1 278528 282624
316 2 122880 131072 131072 139264
807 1 139264 159744
660 1 405504 408576
666 1 421888 425984
316 1 139264 159744
84 1 409600 413696
67 1 466944 475136
67 1 475136 479232
84 1 409600 413696
67 1 479232 487424
67 1 487424 491520
3 1 126976 131072
4 1 65536 77824
739 1 274432 278528
658 1 499712 503808
72 1 196608 204800
49 2 385024 393216 393216 450560
72 1 204800 208896
49 1 450560 454656
905 3 376832 393216 393216 458752 458752 524288
906 4 0 65536 65536 131072 131072 196608 196608 262144
72 1 208896 217088
72 1 217088 221184
871 5 131072 196608 196608 262144 262144 327680 327680 393216 393216 458752
225 1 131072 196608
222 1 196608 212992
72 1 221184 229376
72 1 229376 233472
960 2 229376 262144 262144 278528
430 1 163840 196608
959 1 65536 98304
430 1 475136 507904
431 1 0 16384
431 2 114688 131072 131072 147456
162 1 24576 28672
779 1 172032 176128
384 1 401408 405504
876 1 442368 446464
813 1 315392 319488
910 1 401408 405504
654 1 335872 339968
522 1 118784 122880
222 1 299008 303104
949 1 143360 147456
893 1 40960 45056
813 1 249856 258048
186 1 290816 294912
399 1 507904 512000
223 1 339968 344064
813 1 319488 327680
782 1 352256 356352
813 1 258048 262144
277 1 343552 351744
813 1 208896 217088
252 1 516096 520192
522 1 73728 77824
566 1 409600 413696
183 1 331776 335872
80 1 258048 262144
803 1 212992 217088
850 1 458752 475136
244 1 417792 421888
941 1 507904 512000
990 1 266240 270336
48 1 479232 483328
990 1 278528 282624
164 1 188416 192512
803 1 270336 274432
357 1 159744 163840
428 1 81920 90112
427 1 344064 352256
924 1 380928 385024
889 1 335872 389120
75 1 458752 479232
999 1 413696 425984
889 1 389120 393216
803 1 204800 212992
836 1 325120 325632
921 1 454656 455680
321 1 495616 503808
881 1 446464 450560
156 1 520192 524288
157 1 0 12288
700 1 282624 286720
113 1 24576 28672
76 1 471040 475136
25 1 0 4096
328 2 196608 262144 262144 327680
150 1 65536 69632
1 1 262144 270336
268 1 163840 167936
598 1 446464 454144
869 1 176128 180224
83 1 253952 258048
823 1 458752 462848
152 2 385024 393216 393216 430080
708 4 40960 65536 65536 131072 131072 196608 196608 204800
708 3 208896 262144 262144 327680 327680 364544
537 1 237568 245760
579 1 479232 483328
229 2 188416 196608 196608 200704
579 1 487424 524288
580 1 0 24576
580 2 24576 65536 65536 86016
229 1 200704 204800
56 1 147456 151552
35 1 397312 405504
35 1 405504 409600
403 1 159744 167936
759 8 61952 65536 65536 131072 131072 196608 196608 262144 262144 327680 327680 393216 393216 458752 458752 524288
760 1 0 61952
140 1 486912 487424
760 8 61952 65536 65536 131072 131072 196608 196608 262144 262144 327680 327680 393216 393216 458752 458752 524288
761 1 0 61952
761 2 61952 65536 65536 118784
762 1 131072 172032
3 1 32768 33280
761 7 118784 131072 131072 196608 196608 262144 262144 327680 327680 393216 393216 458752 458752 479744
3 1 40960 41472
140 1 487424 487936
381 1 182784 183296
813 1 323584 327680
274 1 520192 524288
813 1 258048 262144
59 1 225280 229376
813 1 323584 327680
807 1 122880 126976
809 1 4096 8192
813 1 258048 262144
813 1 323584 327680
214 1 196608 204800
699 1 438272 442368
2 1 180224 184320
813 1 266240 270336
788 1 262144 266240
975 1 151552 159744
471 1 143360 147456
514 1 327680 333312
846 1 462848 495616
471 1 188416 192512
678 1 143360 147456
875 1 421888 434176
15 1 16384 20480
867 1 225280 229376
332 1 360448 364544
332 1 397312 401408
809 1 61440 65536
273 1 450560 454656
629 1 421888 425984
477 1 319488 323584
242 1 24576 28672
123 1 339968 348160
124 1 446464 458752
216 1 73728 106496
83 1 266240 270336
867 1 176128 180224
197 1 348160 368640
83 1 270336 274432
328 4 303104 327680 327680 393216 393216 458752 458752 524288
329 3 0 65536 65536 131072 131072 188928
884 1 335872 339968
992 1 221184 229376
827 1 364544 372736
827 1 380928 389120
813 1 225280 229376
362 1 450560 454656
229 1 421888 424448
461 1 364544 368640
82 1 192512 196608
828 1 69632 81920
828 1 159744 176128
400 1 139264 147456
810 1 36864 45056
813 1 217088 221184
419 1 442368 446464
828 1 307200 323584
48 1 417792 430080
813 1 208896 217088
97 1 278528 282624
605 5 233472 262144 262144 327680 327680 393216 393216 458752 458752 524288
606 4 0 65536 65536 131072 131072 196608 196608 229888
63 2 454656 458752 458752 487424
606 5 229888 262144 262144 327680 327680 393216 393216 458752 458752 524288
607 4 0 65536 65536 131072 131072 196608 196608 229888
693 1 270336 303104
181 1 278528 294912
607 5 229888 262144 262144 327680 327680 393216 393216 458752 458752 524288
608 4 0 65536 65536 131072 131072 196608 196608 229888
63 1 487424 520192
608 5 229888 262144 262144 327680 327680 393216 393216 458752 458752 524288
609 4 0 65536 65536 131072 131072 196608 196608 229888
693 2 303104 327680 327680 335872
629 1 4096 28672
610 5 229888 262144 262144 327680 327680 393216 393216 458752 458752 524288
611 4 0 65536 65536 131072 131072 196608 196608 229888
609 5 229888 262144 262144 327680 327680 393216 393216 458752 458752 524288
610 4 0 65536 65536 131072 131072 196608 196608 229888
848 1 409600 421888
813 1 274432 282624
55 1 200704 204800
369 1 237568 245760
899 1 8192 45056
231 6 143360 196608 196608 262144 262144 327680 327680 393216 393216 458752 458752 524288
232 3 0 65536 65536 131072 131072 143360
234 6 143360 196608 196608 262144 262144 327680 327680 393216 393216 458752 458752 524288
235 1 0 65536
232 6 143360 196608 196608 262144 262144 327680 327680 393216 393216 458752 458752 524288
233 3 0 65536 65536 131072 131072 143360
899 1 45056 49152
233 6 143360 196608 196608 262144 262144 327680 327680 393216 393216 458752 458752 524288
234 3 0 65536 65536 131072 131072 143360
369 1 245760 249856
899 2 49152 65536 65536 77824
189 2 196608 262144 262144 270336
852 1 401408 417792
899 1 77824 81920
189 1 270336 274432
813 1 204800 212992
795 2 393216 458752 458752 524288
796 5 0 65536 65536 131072 131072 196608 196608 262144 262144 315904
152 1 229376 233472
911 4 4096 65536 65536 131072 131072 196608 196608 262144
155 1 278528 282624
813 1 208896 212992
30 1 102400 105472
545 4 131072 196608 196608 262144 262144 327680 327680 393216
833 1 471552 524288
834 7 0 65536 65536 131072 131072 196608 196608 262144 262144 327680 327680 393216 393216 406016
155 1 278528 282624
875 1 262144 327680
813 1 274432 278528
545 2 393216 458752 458752 524288
155 1 278528 282624
813 1 208896 217088
876 1 0 65536
834 1 471552 524288
835 8 0 65536 65536 131072 131072 196608 196608 262144 262144 327680 327680 393216 393216 458752 458752 471552
134 2 188416 196608 196608 204800
91 1 294912 299008
289 1 266240 270336
851 1 225280 229376
372 1 421888 425984
289 1 270336 274432
123 2 311296 327680 327680 331776
372 1 421888 425984
289 1 266240 270336
372 1 421888 425984
27 1 307200 311296
289 1 270336 274432
372 1 421888 425984
289 1 266240 270336
123 1 331776 344064
685 1 192512 196608
685 1 262144 315392
803 1 204800 208896
803 1 200704 204800
924 1 12288 16384
97 1 233472 237568
724 1 348160 352256
316 1 491520 516096
803 1 270336 274432
316 1 516096 520192
0 1 421888 442368
294 1 135168 159744
626 1 442368 443904
803 1 253952 258048
683 5 229376 262144 262144 327680 327680 393216 393216 458752 458752 524288
684 3 0 65536 65536 131072 131072 143360
932 1 122880 126976
139 1 331776 344064
716 1 57344 61440
803 1 319488 323584
205 1 217088 225280
893 1 372736 376832
442 1 323584 327680
283 2 65536 131072 131072 196608
30 7 65536 131072 131072 196608 196608 262144 262144 327680 327680 393216 393216 458752 458752 524288
31 1 0 65536
982 1 229376 232448
75 5 196608 262144 262144 327680 327680 393216 393216 458752 458752 524288
76 1 0 49152
54 1 131072 135168
564 1 520192 524288
268 1 479232 483328
566 1 24576 28672
803 1 270336 274432
578 1 24576 28672
579 1 503808 507904
0 1 421888 442368
803 1 204800 208896
544 2 352256 393216 393216 417792
128 1 487424 503808
76 5 49152 65536 65536 131072 131072 196608 196608 262144 262144 327680
128 1 434176 438272
876 1 167936 172032
736 1 471040 475136
629 1 516096 520192
580 1 368640 372736
539 1 167936 172032
477 1 405504 409600
908 1 462848 466944
80 1 225280 229376
944 1 413696 417792
81 1 90112 98304
876 1 180224 188416
334 1 360448 364544
361 1 53248 65536
701 1 155648 163840
409 1 73728 77824
881 1 53248 57344
479 1 253952 258048
470 1 401408 405504
306 1 249856 253952
702 1 28672 32768
777 1 196608 200704
813 1 290816 299008
52 1 258048 262144
828 1 368640 376832
805 1 0 4096
476 1 409600 413696
52 1 393216 401408
828 2 389120 393216 393216 405504
520 1 12288 65536
828 2 425984 458752 458752 471040
839 1 204800 212992
805 1 12288 20480
612 1 135168 139264
398 2 372736 393216 393216 438272
399 2 110592 131072 131072 139776
399 1 139776 176128
399 2 372736 393216 393216 438272
400 2 110592 131072 131072 176128
400 2 372736 393216 393216 438272
401 2 110592 131072 131072 176128
401 2 372736 393216 393216 438272
819 1 266240 270336
402 2 110592 131072 131072 176128
803 1 270336 278528
402 2 372736 393216 393216 438272
834 1 307200 311296
403 2 110592 131072 131072 139776
819 1 266240 270336
450 1 151552 155648
213 1 503808 524288
214 1 0 36864
403 1 139776 176128
96 1 450560 454656
93 1 0 8192
96 1 516096 524288
93 1 8192 12288
803 1 282624 290816
700 1 266240 270336
157 1 368640 389120
96 1 454656 458752
321 1 499712 503808
255 1 327680 356352
254 5 249856 262144 262144 327680 327680 393216 393216 458752 458752 471040
254 1 471040 524288
255 3 0 65536 65536 131072 131072 155648
124 1 315392 319488
847 6 147456 196608 196608 262144 262144 327680 327680 393216 393216 458752 458752 524288
848 3 0 65536 65536 131072 131072 147456
848 6 147456 196608 196608 262144 262144 327680 327680 393216 393216 458752 458752 524288
849 3 0 65536 65536 131072 131072 147456
852 7 106496 131072 131072 196608 196608 262144 262144 327680 327680 393216 393216 458752 458752 524288
853 2 0 65536 65536 106496
853 7 106496 131072 131072 196608 196608 262144 262144 327680 327680 393216 393216 458752 458752 524288
854 2 0 65536 65536 106496
854 7 106496 131072 131072 196608 196608 262144 262144 327680 327680 393216 393216 458752 458752 524288
855 2 0 65536 65536 106496
849 1 147456 155648
850 1 196608 258048
468 1 491520 495616
855 7 106496 131072 131072 196608 196608 262144 262144 327680 327680 393216 393216 458752 458752 524288
856 2 0 65536 65536 106496
743 1 204800 208896
505 1 389120 393216
236 1 184320 188416
813 1 217088 221184
707 8 40960 65536 65536 131072 131072 196608 196608 262144 262144 327680 327680 393216 393216 458752 458752 524288
708 1 0 40960
535 2 446464 458752 458752 524288
536 4 0 65536 65536 131072 131072 196608 196608 233472
536 5 237568 262144 262144 327680 327680 393216 393216 458752 458752 524288
537 4 0 65536 65536 131072 131072 196608 196608 237568
152 1 430080 434176
991 2 278528 327680 327680 368640
567 5 53248 65536 65536 131072 131072 196608 196608 262144 262144 327680
769 1 143360 151552
466 1 139264 159744
854 1 86528 87040
79 1 49152 65536
466 1 159744 163840
348 1 458752 475136
896 1 139264 143360
192 1 421888 425984
580 2 86016 131072 131072 147456
580 2 147456 196608 196608 208896
229 1 204800 217088
235 1 262144 282624
580 2 208896 262144 262144 270336
229 1 217088 221184
52 1 327680 344064
160 1 196608 197120
476 1 163840 167936
170 1 475136 524288
171 8 0 65536 65536 131072 131072 196608 196608 262144 262144 327680 327680 393216 393216 458752 458752 466944
938 1 16384 20480
150 1 147456 163840
171 1 466944 524288
172 8 0 65536 65536 131072 131072 196608 196608 262144 262144 327680 327680 393216 393216 458752 458752 466944
172 1 466944 524288
173 8 0 65536 65536 131072 131072 196608 196608 262144 262144 327680 327680 393216 393216 458752 458752 466944
813 1 278528 286720
173 1 466944 524288
174 8 0 65536 65536 131072 131072 196608 196608 262144 262144 327680 327680 393216 393216 458752 458752 466944
174 1 466944 524288
175 8 0 65536 65536 131072 131072 196608 196608 262144 262144 327680 327680 393216 393216 458752 458752 466944
938 1 16384 20480
175 1 466944 524288
176 8 0 65536 65536 131072 131072 196608 196608 262144 262144 327680 327680 393216 393216 458752 458752 466944
180 2 417792 458752 458752 479232
177 2 417792 458752 458752 524288
178 7 0 65536 65536 131072 131072 196608 196608 262144 262144 327680 327680 393216 393216 417792
178 2 417792 458752 458752 524288
179 7 0 65536 65536 131072 131072 196608 196608 262144 262144 327680 327680 393216 393216 417792
813 1 217088 221184
144 1 446464 450560
813 1 270336 274432
803 1 278528 290816
244 1 417792 421888
258 1 225280 229376
144 1 512000 516096
803 1 221184 225280
244 1 417792 421888
201 1 315392 323584
759 1 270336 274432
201 1 323584 327680
883 1 401408 405504
177 1 24576 28672
219 2 323584 327680 327680 339968
288 1 24576 28672
858 1 397312 401408
883 1 458752 462848
994 1 20480 28672
251 1 217088 218624
69 1 450560 454656
954 1 86016 90112
856 1 180224 184320
805 1 45056 53248
759 1 270336 274432
883 1 466944 471040
189 1 495616 499712
876 1 331776 335872
43 1 491520 495616
93 1 442368 446464
627 1 315392 319488
362 1 65536 86016
785 1 401408 405504
702 1 163840 167936
627 1 430080 434176
543 1 147456 151552
286 1 507904 512000
876 1 348160 352256
262 1 270336 274432
842 1 438272 442368
630 1 323584 327680
167 1 45056 49152
286 1 516096 520192
88 1 376832 380928
6 1 73728 77824
991 1 380928 385024
815 1 516096 524288
61 1 0 4096
61 1 4096 8192
727 1 53248 57344
877 1 331776 335872
610 1 434176 436224
758 1 258048 259072
497 1 98304 102400
11 1 495616 499712
83 1 266240 270336
744 1 344064 348160
753 1 151552 155648
877 1 491520 499712
858 1 421888 425984
972 1 131072 135168
839 1 393216 395264
972 1 139264 143360
828 1 479232 487424
5 1 380928 385024
813 1 270336 274432
803 1 270336 274432
829 2 90112 131072 131072 163840
596 1 462848 464896
885 1 335872 339968
829 2 180224 196608 196608 217088
839 1 253952 258048
116 2 389120 393216 393216 454656
813 1 229376 233472
642 1 204800 208896
642 1 188416 192512
475 1 147456 151552
857 7 106496 131072 131072 196608 196608 262144 262144 327680 327680 393216 393216 458752 458752 524288
858 2 0 65536 65536 106496
849 6 159744 196608 196608 262144 262144 327680 327680 393216 393216 458752 458752 524288
850 2 0 65536 65536 90112
622 1 479232 483328
622 1 491520 495616
607 1 413696 417792
607 1 466944 471040
856 7 106496 131072 131072 196608 196608 262144 262144 327680 327680 393216 393216 458752 458752 524288
857 2 0 65536 65536 106496
642 1 163840 167936
824 1 126976 131072
839 1 303104 307200
122 1 413696 417792
482 1 217088 221184
124 1 118784 122880
80 1 155648 159744
148 1 299008 303104
802 1 73728 81920
812 1 139264 141312
555 1 487424 491520
990 1 421888 425984
495 1 73728 77824
962 1 466944 471040
870 1 8192 12288
421 1 442368 446464
751 1 196608 200704
700 1 282624 290816
802 1 135168 139264
650 1 221184 225280
949 1 249856 253952
8 1 12288 16384
826 1 444928 445440
812 1 135168 139264
129 1 479232 524288
241 1 24576 28672
102 1 266240 299008
110 1 507904 524288
296 1 118784 126976
716 1 262144 278528
17 1 327680 344064
883 1 483328 487424
716 1 278528 311296
716 2 311296 327680 327680 344064
716 1 344064 376832
717 1 212992 245760
24 2 180224 196608 196608 212992
328 1 172032 188416
909 2 258048 262144 262144 266240
365 1 356352 389120
17 1 339968 348160
883 1 417792 425984
717 1 446464 450560
924 1 442368 446464
716 1 77824 81920
63 1 253952 258048
29 1 12288 16384
0 1 106496 107008
131 1 225280 233472
850 1 184320 196608
131 1 233472 237568
536 1 295424 296448
430 3 262144 327680 327680 393216 393216 458752
431 1 32768 49152
549 1 385024 386560
72 1 233472 241664
72 1 241664 245760
871 1 131072 196608
72 1 245760 253952
72 1 253952 258048
172 1 303104 311296
382 1 212480 216576
812 1 474624 478720
382 1 81408 85504
121 1 143360 147456
124 1 98304 102400
902 1 475136 479232
743 1 196608 200704
662 1 507904 512000
858 7 106496 131072 131072 196608 196608 262144 262144 327680 327680 393216 393216 458752 458752 524288
859 2 0 65536 65536 106496
662 1 217088 221184
146 1 401408 405504
872 1 417792 421888
597 1 262144 266240
997 1 40960 45056
874 1 409600 413696
288 1 270336 274432
609 1 122880 126976
413 1 409600 413696
860 8 40960 65536 65536 131072 131072 196608 196608 262144 262144 327680 327680 393216 393216 458752 458752 524288
861 1 0 40960
580 2 270336 327680 327680 331776
580 1 331776 348160
803 1 204800 208896
229 1 221184 233472
126 1 409600 413696
229 1 233472 237568
126 2 417792 458752 458752 479232
812 1 327680 364544
193 1 0 8192
144 1 446464 450560
803 1 270336 274432
193 1 8192 12288
707 1 483328 516096
876 1 483328 487424
492 1 401408 405504
632 1 176128 180224
985 1 249856 253952
377 1 245760 249856
102 1 196608 200704
802 1 430080 434176
996 1 262144 266240
502 1 229376 233472
876 1 495616 503808
120 1 241664 245760
635 1 73728 77824
947 1 462848 466944
949 1 163840 167936
251 1 507904 512000
497 1 122880 126976
54 1 122880 126976
707 1 516096 524288
708 1 0 24576
150 1 294912 299008
767 1 307200 315392
22 1 286720 303104
96 1 483328 487424
848 1 241664 245760
848 1 278528 286720
139 1 262144 282624
613 1 12800 16384
611 5 229888 262144 262144 327680 327680 393216 393216 458752 458752 524288
612 4 0 65536 65536 131072 131072 196608 196608 229888
309 2 315904 327680 327680 339968
637 1 16384 36864
735 1 241664 253952
612 5 229888 262144 262144 327680 327680 393216 393216 458752 458752 524288
613 1 0 12800
620 1 520704 524288
621 7 0 65536 65536 131072 131072 196608 196608 262144 262144 327680 327680 393216 393216 401408
803 1 299008 303104
83 2 454656 458752 458752 487424
71 1 94208 126976
783 1 450560 454656
878 1 32768 36864
857 1 159744 192512
657 1 220672 224768
891 1 56832 60928
964 1 262144 278528
964 1 458752 475136
964 1 65536 98304
409 1 257536 261632
829 1 274432 282624
992 1 225280 233472
753 1 434176 438272
829 1 286720 294912
795 1 389120 393216
829 1 327680 339968
813 1 282624 286720
813 1 196608 200704
829 1 360448 368640
722 1 28672 45056
567 1 307200 311296
829 1 413696 430080
978 1 17408 19968
918 1 110592 122880
578 1 94208 102400
813 1 270336 274432
875 1 380928 385024
574 1 290816 294912
927 1 270336 294912
875 1 380928 389120
435 1 262144 327680
306 1 458752 524288
614 1 0 65536
404 1 393216 458752
614 2 65536 131072 131072 196608
890 1 0 65536
614 2 196608 262144 262144 327680
415 1 196608 212992
813 1 491520 507904
307 1 0 65536
365 1 393216 430080
369 2 229376 262144 262144 290816
415 1 196608 200704
972 1 184320 188416
702 1 475648 524288
703 8 0 65536 65536 131072 131072 196608 196608 262144 262144 327680 327680 393216 393216 458752 458752 475648
176 1 376832 385024
744 1 344064 348160
329 6 188928 196608 196608 262144 262144 327680 327680 393216 393216 458752 458752 524288
330 3 0 65536 65536 131072 131072 188928
819 1 487424 520192
588 1 409600 413696
356 1 69632 90112
878 1 28672 32768
558 1 147456 151552
566 8 53248 65536 65536 131072 131072 196608 196608 262144 262144 327680 327680 393216 393216 458752 458752 524288
567 1 0 53248
413 1 360448 385024
813 1 282624 290816
189 1 147456 180224
505 1 393216 425984
130 4 36864 65536 65536 131072 131072 196608 196608 229376
247 1 299008 307200
130 1 262144 278528
562 1 442368 446464
733 1 266240 270336
632 1 200704 204800
883 1 217088 221184
148 1 327680 331776
124 1 90112 94208
733 1 245760 249856
859 7 106496 131072 131072 196608 196608 262144 262144 327680 327680 393216 393216 458752 458752 524288
860 1 0 40960
178 1 274432 278528
861 8 40960 65536 65536 131072 131072 196608 196608 262144 262144 327680 327680 393216 393216 458752 458752 524288
862 1 0 40960
400 1 442368 446464
731 1 380928 385024
763 1 180224 184320
614 1 122880 126976
631 1 90112 94208
178 2 319488 327680 327680 331776
902 1 12288 16384
883 1 389120 393216
882 1 212992 217088
862 8 40960 65536 65536 131072 131072 196608 196608 262144 262144 327680 327680 393216 393216 458752 458752 524288
863 1 0 40960
378 1 225280 245760
562 1 294400 294912
421 1 233472 249856
892 1 61440 65536
854 1 77824 94208
813 1 270336 274432
421 2 249856 262144 262144 270336
848 1 221184 241664
769 2 176128 196608 196608 200704
192 1 483328 487424
803 1 442368 446464
321 1 495616 503808
805 1 241664 245760
700 1 266240 270336
607 1 131072 151552
157 1 12288 32768
156 1 229376 233472
96 1 520192 524288
804 1 69632 73728
68 1 491520 495616
113 1 90112 94208
157 2 389120 393216 393216 401408
991 1 466944 471040
96 2 454656 458752 458752 462848
991 1 520192 524288
762 2 20992 65536 65536 131072
381 1 183808 184320
762 6 172032 196608 196608 262144 262144 327680 327680 393216 393216 458752 458752 524288
763 1 0 61952
132 1 36864 40960
365 2 155648 196608 196608 233472
403 1 118784 126976
365 1 233472 237568
3 1 49152 49664
403 1 131072 155648
140 1 487936 488960
365 2 237568 262144 262144 274432
979 1 48640 49152
365 1 274432 278528
763 8 61952 65536 65536 131072 131072 196608 196608 262144 262144 327680 327680 393216 393216 458752 458752 524288
764 1 0 61952
365 1 278528 290816
877 1 65536 69632
947 1 499712 503808
63 1 53248 57344
635 1 81920 86016
4 1 155648 159744
498 1 12288 16384
557 1 270336 274432
529 1 405504 409600
698 1 344064 348160
877 1 90112 98304
5 1 249856 253952
471 1 348160 352256
635 1 94208 98304
29 1 249856 253952
665 1 69632 73728
151 1 253952 258048
872 1 118784 131072
934 1 143360 147456
51 1 262144 266240
895 1 385024 389120
117 6 131584 196608 196608 262144 262144 327680 327680 393216 393216 458752 458752 524288
118 2 0 65536 65536 66048
292 1 274432 278528
813 2 258048 262144 262144 270336
118 6 131584 196608 196608 262144 262144 327680 327680 393216 393216 458752 458752 524288
119 3 0 65536 65536 131072 131072 131584
292 1 274432 278528
813 1 323584 327680
292 1 274432 278528
813 1 266240 274432
119 6 131584 196608 196608 262144 262144 327680 327680 393216 393216 458752 458752 524288
120 3 0 65536 65536 131072 131072 131584
292 1 274432 278528
813 1 327680 331776
120 6 131584 196608 196608 262144 262144 327680 327680 393216 393216 458752 458752 524288
121 3 0 65536 65536 131072 131072 131584
321 1 462848 466944
214 1 200704 204800
699 1 438272 442368
813 1 266240 270336
807 1 122880 126976
809 1 4096 8192
214 1 200704 204800
410 1 393216 397312
813 1 274432 282624
346 1 307200 315392
15 1 126976 131072
12 1 266240 294912
803 1 253952 258048
63 1 253952 258048
96 1 348160 356352
223 1 393216 397312
126 1 479232 524288
127 1 0 16384
127 2 16384 65536 65536 77824
229 1 237568 245760
229 1 303104 307200
229 1 307200 311296
103 2 170496 196608 196608 231936
127 2 77824 131072 131072 139264
421 1 405504 409600
235 1 282624 294912
201 2 192512 196608 196608 200704
229 1 311296 323584
52 1 344064 364544
488 1 4096 5120
493 1 430080 431104
27 1 286720 327680
838 1 262144 266240
929 1 146944 147456
205 2 118784 131072 131072 143360
896 1 73728 77824
0 1 114688 115200
851 1 131072 135168
315 1 262144 282624
177 1 32768 36864
522 1 245760 258048
813 1 270336 278528
268 1 299008 303104
896 1 139264 147456
854 1 87040 87552
291 1 339968 360448
523 1 110080 114176
803 1 208896 212992
403 2 372736 393216 393216 438272
819 1 266240 270336
803 1 274432 278528
404 2 110592 131072 131072 176128
404 2 376832 393216 393216 442368
750 1 217088 221184
819 1 266240 270336
405 2 114688 131072 131072 180224
244 1 262144 270336
803 1 208896 212992
214 1 36864 40960
405 2 376832 393216 393216 442368
244 1 270336 274432
819 1 266240 270336
406 2 114688 131072 131072 180224
176 1 466944 524288
177 7 0 65536 65536 131072 131072 196608 196608 262144 262144 327680 327680 393216 393216 417792
48 1 401408 405504
179 2 417792 458752 458752 524288
180 7 0 65536 65536 131072 131072 196608 196608 262144 262144 327680 327680 393216 393216 417792
150 1 163840 184320
16 1 466944 471040
938 1 16384 20480
164 1 114688 118784
813 1 286720 290816
816 1 393216 396288
675 1 208896 212992
938 1 16384 20480
819 1 483328 487424
813 1 221184 225280
200 1 405504 413696
180 1 475136 479232
200 1 413696 417792
938 1 16384 20480
0 1 438272 458752
197 1 462848 466944
917 1 516096 520192
321 1 499712 503808
909 1 94208 98304
244 1 417792 421888
803 1 196608 200704
144 1 512000 516096
803 1 204800 208896
948 1 225280 233472
258 1 225280 229376
244 1 417792 421888
803 1 270336 274432
934 1 327680 331776
144 1 446464 450560
384 1 462848 479232
385 1 32768 49152
795 1 159744 163840
829 1 446464 454656
803 1 204800 208896
119 1 266240 274432
194 1 143360 147456
119 1 352256 356352
830 1 245760 253952
830 2 163840 196608 196608 200704
119 1 417792 421888
803 1 196608 200704
813 1 294912 299008
832 1 24576 61440
119 1 430080 446464
831 1 69632 126976
978 1 19968 20480
813 1 323584 327680
746 1 445952 450048
664 1 351744 376320
746 2 450048 458752 458752 470528
768 1 499200 523776
782 1 352256 356352
746 1 466432 470528
813 2 258048 262144 262144 266240
522 1 118784 122880
949 1 143360 147456
846 1 0 4096
813 1 262144 270336
286 1 200704 204800
602 1 458752 524288
803 1 204800 208896
813 1 270336 274432
0 1 421888 438272
83 1 270336 274432
824 1 430080 434176
744 1 344064 348160
860 1 172032 176128
803 1 274432 282624
877 1 495616 499712
703 1 475648 524288
704 8 0 65536 65536 131072 131072 196608 196608 262144 262144 327680 327680 393216 393216 458752 458752 475648
813 1 278528 286720
637 8 36864 65536 65536 131072 131072 196608 196608 262144 262144 327680 327680 393216 393216 458752 458752 524288
638 1 0 36864
640 1 36864 40960
783 1 454656 458752
857 2 192512 196608 196608 225280
581 1 229376 233472
642 8 40960 65536 65536 131072 131072 196608 196608 262144 262144 327680 327680 393216 393216 458752 458752 524288
643 1 0 40960
638 8 36864 65536 65536 131072 131072 196608 196608 262144 262144 327680 327680 393216 393216 458752 458752 524288
639 1 0 36864
639 8 36864 65536 65536 131072 131072 196608 196608 262144 262144 327680 327680 393216 393216 458752 458752 524288
640 1 0 36864
643 1 40960 45056
705 1 32768 40960
641 8 40960 65536 65536 131072 131072 196608 196608 262144 262144 327680 327680 393216 393216 458752 458752 524288
642 1 0 40960
704 2 450560 458752 458752 507904
193 1 0 12288
675 1 458752 461824
550 1 28672 29184
231 1 319488 327680
786 1 65536 69632
231 1 327680 331776
113 1 233472 234496
113 1 234496 235520
357 1 159744 163840
592 1 135168 139264
424 1 98304 102400
916 1 200704 203264
280 1 32768 57344
934 1 69632 77824
813 1 212992 217088
96 1 356352 360448
717 1 430080 438272
678 1 462848 463360
223 1 389120 393216
717 1 380928 393216
803 2 319488 327680 327680 331776
63 1 253952 258048
877 1 106496 114688
111 1 253952 258048
832 1 487424 487936
290 1 315392 319488
790 1 380928 385024
572 1 53248 57344
874 1 262144 282624
380 1 172032 176128
877 1 196608 200704
798 1 135168 143360
877 1 331776 335872
800 1 131072 135168
717 1 159744 192512
877 1 344064 348160
832 1 126976 131072
422 1 397312 430080
903 1 77824 81920
845 1 380928 385024
877 1 364544 368640
803 2 270336 327680 327680 331776
911 6 32768 65536 65536 131072 131072 196608 196608 262144 262144 327680 327680 352256
215 2 290816 327680 327680 339968
83 1 385024 389120
910 8 32768 65536 65536 131072 131072 196608 196608 262144 262144 327680 327680 393216 393216 458752 458752 524288
911 1 0 32768
76 1 32768 40960
567 2 393216 458752 458752 524288
568 2 0 65536 65536 118784
131 2 282624 327680 327680 393216
130 4 282624 327680 327680 393216 393216 458752 458752 524288
131 5 0 65536 65536 131072 131072 196608 196608 262144 262144 282624
247 1 307200 311296
838 1 28672 36864
934 1 319488 323584
66 1 376832 380928
874 1 32768 36864
863 8 40960 65536 65536 131072 131072 196608 196608 262144 262144 327680 327680 393216 393216 458752 458752 524288
864 1 0 8192
865 5 8192 65536 65536 131072 131072 196608 196608 262144 262144 311296
6 1 458752 462848
966 1 40960 45056
850 2 90112 131072 131072 196608
144 1 98304 102400
829 1 159744 167936
864 8 8192 65536 65536 131072 131072 196608 196608 262144 262144 327680 327680 393216 393216 458752 458752 524288
865 1 0 8192
735 1 270336 274432
534 1 237568 241664
909 1 32768 36864
566 1 364544 389120
566 1 389120 393216
850 5 258048 262144 262144 327680 327680 393216 393216 458752 458752 524288
851 3 0 65536 65536 131072 131072 151552
468 1 491520 495616
566 1 393216 401408
566 1 401408 405504
929 1 147456 147968
397 1 466944 471040
955 1 466944 499712
163 1 253952 262144
929 1 147968 148992
397 1 458752 462848
163 1 327680 331776
522 1 380928 389120
854 1 87040 87552
829 1 303104 311296
498 1 53248 65536
585 1 425984 446464
201 1 200704 204800
421 2 413696 458752 458752 475136
103 2 231936 262144 262144 293376
396 1 475136 479232
229 1 323584 327680
164 1 466944 470016
229 1 327680 339968
229 1 339968 344064
291 1 360448 364544
292 1 462848 471040
930 1 159744 163840
813 1 278528 286720
42 1 405504 409600
523 1 8192 12288
42 1 475136 497664
51 1 483328 503808
930 1 385024 389120
932 1 126976 131072
715 1 512000 516096
119 1 487424 491520
833 1 466944 475136
832 1 65536 73728
119 1 507904 512000
813 1 229376 237568
852 1 233472 237568
194 1 77824 86016
837 1 159744 196608
837 2 200704 262144 262144 266240
194 1 86016 90112
5 1 385024 389120
838 1 65536 102400
840 2 40960 65536 65536 77824
214 1 69632 73728
158 5 196608 262144 262144 327680 327680 393216 393216 458752 458752 507904
128 1 499712 503808
676 1 20480 40960
512 1 200704 208896
803 1 270336 274432
196 1 495616 499712
128 1 434176 442368
803 1 200704 204800
391 1 90112 122880
196 1 495616 499712
128 1 503808 512000
196 1 495616 499712
128 1 442368 446464
216 1 167936 172032
196 1 495616 499712
128 1 507904 512000
9 1 241664 262144
188 1 520192 524288
813 1 270336 278528
809 1 475136 516096
219 1 339968 348160
220 1 446464 458752
809 1 516096 520192
759 1 270336 274432
883 1 401408 409600
813 1 270336 278528
5 1 454656 458752
7 1 65536 81920
394 1 274432 278528
505 1 114688 118784
936 1 188416 192512
880 1 421888 425984
984 1 376832 380928
548 1 376832 380928
640 8 40960 65536 65536 131072 131072 196608 196608 262144 262144 327680 327680 393216 393216 458752 458752 524288
641 1 0 40960
878 1 32768 36864
314 2 245760 262144 262144 311296
643 8 45056 65536 65536 131072 131072 196608 196608 262144 262144 327680 327680 393216 393216 458752 458752 524288
644 1 0 45056
644 4 90112 131072 131072 196608 196608 262144 262144 303104
644 2 45056 65536 65536 86016
803 1 233472 237568
748 1 4096 36864
309 1 274432 315904
813 1 217088 221184
315 2 180224 196608 196608 245760
328 1 282624 285696
620 1 520192 520704
621 1 425984 458752
411 1 159744 192512
316 2 114688 131072 131072 180224
878 1 32768 36864
99 1 348160 372736
930 1 294912 299008
930 1 155648 196608
64 1 417792 425984
929 1 458752 483328
734 1 294912 311296
548 1 81920 86016
420 1 98304 102400
724 1 479232 483328
175 1 495616 499712
190 1 69632 73728
529 1 430080 442368
467 1 516096 520192
600 1 323584 327680
744 1 270336 274432
64 1 487424 495616
64 1 425984 430080
64 1 491520 495616
319 1 503808 507904
319 2 454656 458752 458752 471040
813 1 270336 274432
315 1 499712 503808
259 1 475136 479232
865 1 307200 311296
260 1 28672 36864
848 1 221184 241664
809 1 319488 323584
285 1 520192 521728
849 1 516096 524288
813 1 270336 274432
851 1 0 12288
813 1 212992 221184
851 1 12288 24576
915 1 438272 450560
915 1 450560 454656
813 1 204800 208896
848 1 221184 241664
363 1 245760 249856
363 1 286720 290816
368 1 475136 483328
1 1 53248 65536
251 1 65536 69632
139 1 282624 294912
251 1 45056 49152
1 1 262144 266240
803 1 270336 274432
903 1 122880 126976
877 1 372736 376832
132 1 258048 261120
422 1 430080 458752
903 1 307200 311296
951 1 327680 331776
825 1 200704 201216
804 1 176128 180224
875 1 512000 516096
961 1 348160 352256
942 1 339968 344064
473 1 0 4096
59 1 270336 274432
951 1 335872 339968
231 1 159744 163840
71 1 495616 499712
951 1 344064 348160
639 1 143360 176128
