#StripeID,rangenumber,BlockOffsetStart,BlockOffsetEnd
858 1 204800 208896
897 1 204800 208896
897 1 196608 200704
336 1 32768 45056
343 1 200704 204800
68 1 237568 241664
448 1 507904 512000
458 1 253952 258048
0 1 0 4096
0 1 8192 12288
711 1 278528 281088
240 1 376832 385024
240 1 385024 389120
2 1 0 8192
222 1 114688 122880
287 1 69632 73728
613 1 331776 376832
613 1 376832 380928
841 1 413696 430080
841 1 430080 450560
558 1 405504 409600
896 1 229376 231936
888 1 433664 435200
571 1 348160 352256
597 1 90112 94208
937 1 430080 434176
666 1 196608 225280
896 1 231936 236032
571 1 401408 409600
571 1 352256 356352
896 1 236032 237568
888 1 435200 437760
896 1 299008 303104
321 1 184320 186880
666 1 225280 229376
309 1 471040 475136
321 1 186880 188416
583 2 450560 458752 458752 466944
993 1 356352 389120
943 1 0 4096
839 1 327680 348160
839 1 348160 352256
776 1 315392 327680
205 1 102400 106496
205 1 36864 40960
219 1 327680 335872
223 1 397312 401408
154 1 499712 503808
159 1 155648 163840
159 1 163840 167936
57 1 262144 274432
410 1 417792 421888
803 1 204800 212992
812 1 405504 407552
31 1 315392 323584
27 1 327680 329728
31 1 323584 327680
0 1 446464 458752
842 1 196608 204800
900 1 348160 352256
902 1 16384 20480
66 1 376832 380928
902 1 360448 364544
183 1 385024 389120
902 1 376832 380928
803 1 266240 270336
422 1 114688 122880
814 1 192512 196608
814 1 208896 217088
422 1 487424 495616
916 1 315392 327680
918 1 217088 221184
918 1 491520 495616
918 1 217088 221184
918 1 499712 503808
918 1 217088 221184
53 1 389120 393216
868 1 393216 401408
803 1 294912 299008
982 1 12288 16384
982 1 12288 20480
982 1 24576 28672
982 1 12288 16384
328 1 319488 323584
118 1 208896 212992
145 1 0 24576
365 1 249856 253952
143 1 503808 524288
144 6 0 65536 65536 131072 131072 196608 196608 262144 262144 327680 327680 381440
207 1 151552 155648
506 1 241664 245760
497 2 253952 262144 262144 286720
541 6 180736 196608 196608 262144 262144 327680 327680 393216 393216 458752 458752 524288
542 3 0 65536 65536 131072 131072 180736
215 7 65536 131072 131072 196608 196608 262144 262144 327680 327680 393216 393216 458752 458752 524288
216 1 0 65536
216 7 65536 131072 131072 196608 196608 262144 262144 327680 327680 393216 393216 458752 458752 524288
217 1 0 65536
269 2 286720 327680 327680 344064
519 1 327680 393216
70 1 139264 143360
363 1 86016 90112
217 7 65536 131072 131072 196608 196608 262144 262144 327680 327680 393216 393216 458752 458752 524288
218 1 0 65536
221 4 65536 131072 131072 196608 196608 262144 262144 327680
97 6 45056 65536 65536 131072 131072 196608 196608 262144 262144 327680 327680 360960
253 1 282624 294912
239 1 65536 131072
220 7 65536 131072 131072 196608 196608 262144 262144 327680 327680 393216 393216 458752 458752 524288
221 1 0 65536
218 7 65536 131072 131072 196608 196608 262144 262144 327680 327680 393216 393216 458752 458752 524288
219 1 0 65536
219 7 65536 131072 131072 196608 196608 262144 262144 327680 327680 393216 393216 458752 458752 524288
220 1 0 65536
517 1 458752 524288
520 1 196608 262144
460 1 290816 294912
518 1 393216 393728
97 1 360960 389120
500 2 32768 65536 65536 98304
500 1 491520 524288
501 1 0 32768
502 1 36864 37376
502 2 37376 65536 65536 102400
502 1 495616 524288
503 1 0 36864
503 2 430080 458752 458752 495616
506 2 167936 196608 196608 233472
129 1 491520 495616
192 1 163840 196608
582 1 262144 266240
506 1 495616 524288
507 1 0 36864
192 1 262144 266240
508 2 167936 196608 196608 230912
962 1 512000 516096
963 1 0 4096
868 1 139264 143360
963 2 61440 65536 65536 73728
653 1 327680 344064
868 1 204800 212992
653 1 344064 364544
286 1 409600 415232
61 1 122880 126976
516 1 32768 36864
211 1 176128 184320
746 3 376832 393216 393216 458752 458752 524288
747 6 0 65536 65536 131072 131072 196608 196608 262144 262144 327680 327680 376832
747 3 376832 393216 393216 458752 458752 524288
748 6 0 65536 65536 131072 131072 196608 196608 262144 262144 327680 327680 376832
749 1 376832 380928
813 1 208896 212992
834 1 434176 438272
234 1 253952 262144
96 1 0 12288
813 1 274432 278528
96 1 12288 16384
69 1 327680 331776
481 1 118784 126976
573 1 495616 524288
574 1 0 36864
28 1 167936 192512
28 1 192512 196608
500 2 12288 65536 65536 77824
802 2 49152 65536 65536 114688
459 1 495616 499712
497 1 131072 135168
324 1 397312 401408
346 2 303104 327680 327680 368640
0 1 409088 413184
0 2 413184 458752 458752 495104
365 2 217088 262144 262144 282624
110 3 208896 262144 262144 327680 327680 339968
746 2 12288 65536 65536 77824
745 2 180224 196608 196608 245760
453 1 409600 413696
75 1 139264 143360
155 1 8192 12288
45 1 180224 182784
419 1 446464 457728
630 1 344064 348160
139 1 204800 208896
71 1 45056 49152
155 1 307200 311296
207 1 430080 434176
60 1 442368 446464
630 1 368640 372736
156 1 32768 36864
88 1 44544 52736
237 1 184320 192512
630 1 389120 393216
723 1 196608 237568
641 1 397312 430080
535 1 36864 40960
640 1 110592 114688
46 1 278528 282624
495 1 475136 479232
798 1 135168 139264
776 1 430080 434176
453 1 106496 110592
495 1 512000 516096
522 1 32768 40960
641 2 430080 458752 458752 462848
389 1 131072 135168
869 1 470528 471040
776 1 516096 520192
900 1 413696 417792
522 1 45056 49152
236 1 393216 397312
777 1 45056 49152
389 1 360448 364544
900 1 442368 446464
284 1 151552 155648
194 1 126976 131072
787 2 0 65536 65536 73728
736 1 458752 475136
199 1 57344 61440
787 1 73728 77824
199 1 65536 69632
787 1 77824 98304
787 1 98304 102400
634 2 61440 65536 65536 73728
634 1 73728 77824
69 1 520192 524288
70 1 24576 27648
68 1 516096 520192
69 1 352256 356352
69 1 409600 413696
718 1 471040 474112
632 1 217088 221184
416 1 401408 403456
439 1 462848 466944
40 2 180224 196608 196608 233472
401 1 372736 389120
340 1 487424 503808
340 1 471040 487424
340 2 454656 458752 458752 471040
340 1 503808 520192
340 1 520192 524288
341 1 0 28672
341 2 45056 65536 65536 77824
339 1 241664 258048
341 2 110592 131072 131072 159744
341 1 77824 110592
341 1 176128 192512
341 1 225280 241664
341 2 192512 196608 196608 208896
356 1 208896 225280
40 1 233472 237568
510 2 454656 458752 458752 462848
133 1 266240 270336
495 1 208896 212992
36 1 53248 56320
812 1 184320 188416
953 2 430592 458752 458752 524288
954 7 0 65536 65536 131072 131072 196608 196608 262144 262144 327680 327680 393216 393216 430592
129 2 253952 262144 262144 270336
797 1 430080 434176
165 1 87552 88576
630 1 81920 90112
574 1 81920 94208
630 1 90112 94208
192 2 389120 393216 393216 397312
630 1 94208 102400
630 1 102400 106496
526 1 425984 429056
69 1 81920 86016
573 1 491520 495616
255 1 139264 143360
25 1 323584 327680
440 1 188416 192512
229 2 307200 327680 327680 393216
124 1 106496 114688
223 1 385024 389120
54 1 147456 180224
639 1 36864 40960
972 1 282624 286720
47 1 344064 348160
48 1 335872 339968
974 1 393216 405504
45 1 217088 221184
212 1 188416 192512
123 1 241664 249856
755 1 200704 225280
755 1 225280 229376
695 1 491520 495616
695 1 491520 495616
467 1 417792 421888
688 1 200704 208896
16 1 147456 151552
358 1 24576 26624
674 1 172032 176128
214 1 303104 307200
182 1 450560 454656
975 1 20480 40960
883 1 397312 401408
570 1 90624 91136
883 1 389120 393216
570 1 98816 99328
840 1 158720 159232
902 1 483328 487424
903 1 151552 155648
849 1 356352 372736
903 1 184320 196608
102 1 98304 102400
84 2 53248 65536 65536 77824
84 1 77824 81920
165 1 24576 32768
528 1 282624 286720
182 1 290816 294912
684 1 364544 368640
476 1 307200 311296
532 2 102400 131072 131072 167936
477 1 225280 229376
629 1 327680 331776
477 1 274432 278528
839 1 270336 274432
925 1 344064 348160
185 1 442368 446464
477 1 286720 290816
955 1 499712 507904
629 1 331776 364544
629 1 364544 368640
869 1 471040 471552
61 1 344064 348160
522 1 65536 69632
389 1 405504 409600
530 1 405504 409600
165 1 352256 385024
900 1 462848 471040
974 1 90112 94208
223 1 36864 40960
655 1 159744 167936
390 1 81920 86016
647 1 458752 462848
900 1 487424 507904
662 1 69632 102400
223 1 69632 73728
844 1 241664 245760
390 1 98304 102400
900 1 516096 520192
702 1 520192 524288
582 1 479232 507904
158 1 114688 118784
568 1 393216 397312
995 1 421888 425984
160 1 434176 438272
654 1 425984 430080
197 1 487424 499712
654 1 458752 491520
582 1 507904 512000
378 1 503808 507904
995 1 442368 446464
8 1 487424 488960
666 1 385024 393216
722 5 196608 262144 262144 327680 327680 393216 393216 458752 458752 524288
723 3 0 65536 65536 131072 131072 196608
486 2 49152 65536 65536 77824
391 1 356352 364544
76 1 380928 385024
631 1 159744 163840
985 1 20480 24576
521 1 397312 450560
275 1 347648 349184
177 2 126976 131072 131072 147456
858 1 393216 397312
177 1 278528 282624
521 1 450560 454656
43 1 94208 102400
43 1 102400 106496
692 1 139264 143360
435 1 479232 482816
896 1 380928 383488
256 1 335872 360448
571 1 409600 413696
888 1 437760 439808
896 1 383488 387584
101 1 487424 491520
896 1 387584 389120
896 1 421888 428544
77 1 339968 376832
571 1 413696 425984
429 1 434176 438272
896 1 428544 432640
896 1 432640 436736
77 1 376832 380928
799 2 180224 196608 196608 200704
530 1 102400 106496
596 1 327680 331776
920 1 290816 294912
65 1 245760 249856
90 1 450560 454656
409 1 114688 116224
884 1 155648 172032
165 1 88576 89600
595 1 69632 72704
852 2 311296 327680 327680 329728
530 1 110592 116736
921 1 45056 49152
963 1 135168 139264
880 1 294912 299008
783 1 118784 122368
782 1 495616 497664
251 1 61440 62976
712 1 503808 504320
853 1 131072 135168
251 1 86016 98304
166 1 151552 155648
905 1 360448 364544
608 1 12288 16384
857 1 196608 200704
94 1 356352 389120
461 1 12288 16384
585 1 450048 454144
94 1 389120 393216
905 1 360448 364544
94 1 393216 401408
94 1 401408 405504
831 1 212992 229376
94 1 405504 413696
94 1 413696 417792
176 1 344064 360448
94 1 417792 425984
748 3 376832 393216 393216 458752 458752 524288
749 6 0 65536 65536 131072 131072 196608 196608 262144 262144 327680 327680 376832
127 1 163840 167936
749 3 380928 393216 393216 458752 458752 524288
750 6 0 65536 65536 131072 131072 196608 196608 262144 262144 327680 327680 380928
750 3 380928 393216 393216 458752 458752 524288
751 6 0 65536 65536 131072 131072 196608 196608 262144 262144 327680 327680 380928
755 1 180224 188416
751 3 380928 393216 393216 458752 458752 524288
752 6 0 65536 65536 131072 131072 196608 196608 262144 262144 327680 327680 380928
752 3 385024 393216 393216 458752 458752 524288
753 3 0 65536 65536 131072 131072 188416
752 1 380928 385024
697 1 90112 91648
642 1 364544 366080
572 1 286720 290816
755 6 188416 196608 196608 262144 262144 327680 327680 393216 393216 458752 458752 524288
756 3 0 65536 65536 131072 131072 188416
754 6 180224 196608 196608 262144 262144 327680 327680 393216 393216 458752 458752 524288
755 3 0 65536 65536 131072 131072 180224
753 6 192512 196608 196608 262144 262144 327680 327680 393216 393216 458752 458752 524288
754 3 0 65536 65536 131072 131072 180224
17 1 401408 409600
486 1 12288 20480
808 1 4096 6144
17 1 409600 413696
468 1 331776 335872
695 1 491520 495616
936 1 90112 94208
310 1 471040 479232
936 1 90112 94208
651 1 4096 8192
594 1 270336 290816
390 1 487424 491520
508 1 69632 73728
658 1 122880 126976
925 1 188416 192512
952 2 258048 262144 262144 266240
742 1 258048 262144
18 1 475136 479232
695 1 491520 495616
209 1 90112 94208
227 1 327680 331776
136 5 205312 262144 262144 327680 327680 393216 393216 458752 458752 524288
137 4 0 65536 65536 131072 131072 196608 196608 205312
148 1 409600 417792
148 1 417792 421888
95 1 126976 131072
379 1 439296 439808
95 1 126976 131072
379 1 439808 440320
137 5 205312 262144 262144 327680 327680 393216 393216 458752 458752 524288
138 3 0 65536 65536 131072 131072 139776
227 1 327680 335872
29 1 471040 479232
379 1 440320 441344
94 1 425984 430080
506 1 385024 389120
844 1 266240 274432
176 1 344064 348160
391 1 126976 131072
698 1 274432 307200
891 1 147456 151552
421 1 462848 466944
780 1 131072 139264
588 1 324608 325120
176 1 471040 475136
421 1 516096 520192
391 1 282624 286720
891 1 188416 192512
780 1 143360 147456
698 1 307200 327680
287 1 118784 122880
391 1 331776 335872
780 1 159744 163840
108 1 507904 512000
176 1 487424 491520
813 1 274432 278528
818 1 393216 458752
903 1 225280 229376
903 1 233472 237568
152 2 147456 196608 196608 212992
690 1 466944 467456
153 2 151552 196608 196608 217088
928 1 32768 36864
178 2 98304 131072 131072 163840
179 2 360448 393216 393216 425984
691 1 45056 49152
691 1 32768 36864
428 1 163840 167936
180 2 294912 327680 327680 360448
181 2 229376 262144 262144 262656
690 1 466944 467456
428 1 167936 172032
486 1 196608 200704
190 2 122880 131072 131072 143872
167 1 417792 434176
275 1 348672 350208
554 1 258048 262144
835 1 45056 49152
894 1 98304 102400
632 1 4096 28672
835 1 98304 110592
835 1 32768 36864
47 1 294912 327680
90 1 262144 266240
835 1 32768 40960
900 1 225280 233472
5 1 122880 126976
365 2 163840 196608 196608 200704
218 1 204800 207360
835 1 45056 49152
128 1 417792 421888
54 1 155648 184320
461 1 516096 524288
462 1 0 24576
835 1 32768 36864
54 1 184320 188416
128 1 413696 417792
676 1 217600 227840
44 3 94208 131072 131072 196608 196608 225280
44 1 225280 245760
173 1 397312 401408
777 1 196608 253952
894 1 495616 503808
343 1 114688 118784
452 1 225280 229376
479 1 319488 323584
589 1 446464 454656
929 1 229376 241664
514 1 45056 49152
956 1 356352 360448
338 1 450560 454656
956 1 413696 417792
983 1 466944 524288
984 1 0 36864
211 1 184320 188416
784 1 167936 172032
982 1 118784 122880
232 1 479232 499712
327 1 4096 8192
209 1 135168 159744
756 6 188416 196608 196608 262144 262144 327680 327680 393216 393216 458752 458752 524288
757 3 0 65536 65536 131072 131072 188416
638 1 180224 183808
491 1 319488 323072
757 6 188416 196608 196608 262144 262144 327680 327680 393216 393216 458752 458752 524288
758 3 0 65536 65536 131072 131072 188416
374 1 270336 274432
758 6 188416 196608 196608 262144 262144 327680 327680 393216 393216 458752 458752 524288
759 3 0 65536 65536 131072 131072 188416
520 2 192512 196608 196608 217088
759 6 188416 196608 196608 262144 262144 327680 327680 393216 393216 458752 458752 524288
760 3 0 65536 65536 131072 131072 171008
824 1 299008 327680
959 1 139264 143360
573 1 20480 28672
327 1 32768 40960
585 1 4096 8192
782 1 155648 159744
922 1 229376 231424
852 1 520192 521728
165 1 89600 90624
621 1 249856 252416
530 1 167936 168448
941 1 335872 339968
677 1 446464 449536
18 1 471040 475136
115 1 442368 446464
56 1 122880 126976
883 1 409600 417792
783 1 176128 183808
686 1 471040 475136
859 1 458752 462848
165 1 90624 91648
62 1 28672 32768
851 1 155648 159744
197 1 147456 151552
444 1 20480 24576
571 1 425984 430080
896 1 436736 438272
897 1 20480 23040
799 1 200704 204800
686 1 319488 323584
256 1 335872 339968
897 1 23040 27136
182 1 114688 131072
77 1 380928 389120
954 2 430592 458752 458752 524288
955 7 0 65536 65536 131072 131072 196608 196608 262144 262144 327680 327680 393216 393216 430592
900 1 12288 28672
359 1 368640 385024
838 2 392704 393216 393216 396800
356 1 466944 483328
58 1 262144 278528
83 1 266240 270336
854 2 454656 458752 458752 471040
497 1 286720 319488
593 1 208896 212992
144 2 446976 458752 458752 524288
652 1 471040 479232
854 1 471040 475136
140 1 495616 499712
145 8 32768 65536 65536 131072 131072 196608 196608 262144 262144 327680 327680 393216 393216 458752 458752 479744
497 2 319488 327680 327680 352256
83 1 270336 274432
542 6 180736 196608 196608 262144 262144 327680 327680 393216 393216 458752 458752 524288
543 2 0 65536 65536 114688
685 1 245760 262144
140 1 487424 491520
686 1 196608 212992
995 2 45056 65536 65536 110592
437 1 229376 233472
639 1 102400 106496
639 1 163840 167936
660 1 315392 319488
660 1 323584 327680
639 1 200704 204800
660 1 372736 376832
660 1 430080 434176
661 1 0 4096
660 1 360448 364544
660 1 401408 405504
660 1 471040 475136
661 1 147456 151552
491 1 245760 249856
1 1 131072 139264
660 1 380928 385024
408 1 151552 184320
344 3 212992 262144 262144 327680 327680 360448
92 1 483328 487424
474 1 163840 172032
408 1 184320 188416
19 1 81920 94208
401 1 495616 499712
402 1 20480 28672
841 1 196608 249856
638 1 503808 507904
192 1 512000 516096
915 1 389120 393216
344 1 360448 364544
332 1 49152 53248
194 1 487424 524288
474 1 172032 176128
846 1 94208 98304
288 1 466944 471040
483 1 389120 393216
133 1 331776 335872
1 1 86016 90112
136 3 192512 196608 196608 262144 262144 274432
65 1 434176 442368
739 1 225280 229376
65 1 442368 446464
998 2 192512 196608 196608 229376
15 2 57344 65536 65536 77824
846 2 290816 327680 327680 356352
40 1 237568 245760
341 5 241664 262144 262144 327680 327680 393216 393216 458752 458752 524288
342 2 0 65536 65536 126976
21 2 172032 196608 196608 200704
133 1 266240 270336
40 1 245760 249856
846 1 356352 360448
996 1 187904 192000
803 1 270336 274432
903 1 352256 356352
262 1 438272 442368
813 1 221184 229376
904 1 364544 368640
354 1 372736 376832
660 1 458752 462848
661 1 126976 131072
2 1 425984 430080
3 1 167936 172032
999 1 507904 512000
999 1 315392 319488
502 1 495616 499712
493 1 192512 196608
2 1 389120 393216
3 1 131072 135168
628 1 208896 212992
687 1 425984 430080
3 1 118784 122880
493 1 204800 208896
502 1 487424 491520
502 1 479232 483328
827 1 212992 217088
427 1 167936 172032
417 1 270336 274432
4 1 53248 57344
779 1 0 12288
869 1 471552 472064
136 1 249856 253952
391 1 389120 393216
934 1 487424 491520
176 1 503808 507904
109 1 20480 24576
136 1 266240 270336
779 1 12288 45056
869 1 472064 472576
109 1 77824 81920
136 1 348160 352256
391 1 442368 446464
934 1 495616 499712
176 1 512000 516096
869 1 472576 473088
779 1 45056 65536
935 1 32768 36864
136 1 401408 405504
55 1 479232 483328
685 5 200704 262144 262144 327680 327680 393216 393216 458752 458752 524288
686 4 0 65536 65536 131072 131072 196608 196608 200704
827 1 274432 278528
13 2 188416 196608 196608 253952
589 1 90112 106496
688 2 241664 262144 262144 299008
601 2 315392 327680 327680 335872
830 1 376832 380928
303 1 163840 172032
303 1 405504 409600
687 5 200704 262144 262144 327680 327680 393216 393216 458752 458752 524288
688 4 0 65536 65536 131072 131072 196608 196608 200704
20 1 348160 356352
686 5 200704 262144 262144 327680 327680 393216 393216 458752 458752 524288
687 4 0 65536 65536 131072 131072 196608 196608 200704
601 1 270336 311296
603 1 339968 348160
868 8 36864 65536 65536 131072 131072 196608 196608 262144 262144 327680 327680 393216 393216 458752 458752 524288
869 1 0 36864
869 8 36864 65536 65536 131072 131072 196608 196608 262144 262144 327680 327680 393216 393216 458752 458752 524288
870 1 0 36864
870 8 36864 65536 65536 131072 131072 196608 196608 262144 262144 327680 327680 393216 393216 458752 458752 524288
871 1 0 36864
86 1 65536 69632
685 1 258048 262144
683 1 61440 65536
83 1 221184 225280
683 1 32768 36864
662 1 475136 479232
590 3 176128 196608 196608 262144 262144 327680
197 1 217088 221184
523 4 274944 327680 327680 393216 393216 458752 458752 524288
524 5 0 65536 65536 131072 131072 196608 196608 262144 262144 274944
590 3 385024 393216 393216 458752 458752 524288
591 4 0 65536 65536 131072 131072 196608 196608 233472
375 1 20480 28672
796 1 467968 468480
375 1 28672 32768
524 4 274944 327680 327680 393216 393216 458752 458752 524288
525 5 0 65536 65536 131072 131072 196608 196608 262144 262144 274944
591 5 233472 262144 262144 327680 327680 393216 393216 458752 458752 524288
592 4 0 65536 65536 131072 131072 196608 196608 233472
197 1 217088 229376
375 1 32768 40960
525 3 274944 327680 327680 393216 393216 417792
375 1 40960 45056
525 2 421888 458752 458752 524288
526 5 0 65536 65536 131072 131072 196608 196608 262144 262144 279040
197 1 221184 225280
592 5 233472 262144 262144 327680 327680 393216 393216 458752 458752 524288
593 4 0 65536 65536 131072 131072 196608 196608 233472
62 1 77824 81920
699 3 311296 327680 327680 393216 393216 401408
165 1 91648 92672
634 1 520192 524288
582 1 520192 524288
350 1 327680 356352
242 1 225280 233472
311 1 479232 487424
815 1 311296 315392
386 2 159744 196608 196608 258048
537 1 425984 430080
165 1 92672 93696
815 1 172032 176128
853 1 131072 135168
217 1 245760 253952
388 1 516096 520192
386 1 258048 262144
883 1 479232 487424
747 1 319488 323584
934 1 450560 454656
426 1 94208 98304
427 1 57344 61440
426 1 118784 122880
426 1 434176 438272
427 1 274432 278528
427 1 110592 114688
427 1 512000 516096
428 1 331776 335872
427 1 471040 475136
428 1 290816 294912
461 1 69632 73728
773 1 270336 274432
729 1 192512 196608
605 1 49152 53248
730 1 8192 12288
212 1 16384 20480
725 1 520192 523264
990 1 139264 143360
955 2 430592 458752 458752 524288
956 4 0 65536 65536 131072 131072 196608 196608 233472
368 1 159744 163840
838 2 392704 393216 393216 396800
639 1 438272 442368
982 1 118784 122880
209 1 131072 135168
238 1 57344 61440
182 1 81920 106496
469 1 155648 159744
469 1 90112 98304
241 1 483328 487424
39 1 24576 28672
376 1 262144 274432
824 1 327680 331776
236 1 284160 284672
372 1 352256 353280
476 1 421888 450560
482 1 491520 524288
483 1 0 12288
182 1 106496 110592
483 1 12288 16384
476 1 450560 454656
350 1 499712 503808
56 1 12288 20480
182 1 131072 135168
77 1 389120 393216
888 1 439808 450560
594 1 352256 356352
56 1 20480 24576
659 1 90112 91648
778 1 151552 154112
179 1 405504 409088
149 1 65536 69632
944 1 151552 155648
177 1 24576 28672
801 1 65536 77824
136 1 425984 430080
944 1 192512 196608
177 1 36864 49152
478 1 352256 356352
618 1 397312 401408
266 1 335872 339968
586 1 204800 208896
177 1 53248 61440
801 1 77824 110592
816 1 425984 430080
140 1 102400 106496
775 1 258048 262144
716 1 167936 172032
622 1 430080 434176
155 1 143360 147456
441 1 184320 188416
775 1 323584 327680
984 1 36864 40960
128 1 466944 479232
541 1 155648 159744
541 1 184320 188416
233 1 360448 364544
541 1 200704 204800
420 1 184320 188416
432 1 393216 397312
973 1 131072 135168
542 1 86016 90112
170 1 356352 360448
415 1 487424 491520
236 1 36864 40960
549 1 479232 483328
550 1 487424 491520
670 1 208896 212992
472 1 303104 307200
51 1 319488 323584
488 1 180224 184320
37 1 200704 204800
248 1 16384 20480
823 1 499712 503808
450 1 290816 294912
754 1 0 49152
439 2 86016 131072 131072 151552
358 1 217088 219648
181 1 478720 482816
250 1 69120 77312
858 1 397312 401408
632 1 28672 32768
509 1 385024 387072
360 1 45056 49152
361 2 192512 196608 196608 208896
361 1 159744 176128
361 1 176128 192512
359 1 290816 323584
359 2 438272 458752 458752 471040
359 1 339968 356352
359 1 520192 524288
360 1 0 12288
361 1 208896 225280
739 1 225280 229376
583 1 286720 303104
360 2 307200 327680 327680 356352
360 1 159744 192512
553 1 286720 290816
361 1 45056 61440
360 1 28672 45056
360 2 45056 65536 65536 77824
360 1 421888 438272
361 1 77824 110592
361 2 126976 131072 131072 143360
360 1 520192 524288
361 1 0 28672
417 1 253952 258048
589 1 12288 16384
591 1 389120 393216
875 1 237568 241664
845 1 155648 159744
585 1 421888 425984
4 1 77824 81920
942 1 65536 69632
446 1 204800 208896
954 1 438272 442368
10 1 118784 122880
6 1 499712 503808
10 1 311296 315392
10 1 290816 294912
60 1 61440 65536
62 1 102400 106496
62 1 327680 331776
61 1 159744 163840
521 1 65536 131072
213 1 131072 188928
522 1 65536 131072
700 1 495616 512000
906 2 425984 458752 458752 524288
907 7 0 65536 65536 131072 131072 196608 196608 262144 262144 327680 327680 393216 393216 425984
515 1 339968 344064
525 1 262144 327680
183 4 266240 327680 327680 393216 393216 458752 458752 524288
184 2 0 65536 65536 69632
526 1 196608 262144
527 1 131072 196608
184 3 331776 393216 393216 458752 458752 500224
907 2 425984 458752 458752 524288
908 7 0 65536 65536 131072 131072 196608 196608 262144 262144 327680 327680 393216 393216 425984
528 1 65536 131072
529 1 0 65536
184 1 500224 524288
185 2 0 65536 65536 118784
529 1 393216 458752
185 7 122880 131072 131072 196608 196608 262144 262144 327680 327680 393216 393216 458752 458752 504320
530 1 327680 393216
908 2 425984 458752 458752 524288
909 7 0 65536 65536 131072 131072 196608 196608 262144 262144 327680 327680 393216 393216 425984
531 1 327680 393216
460 1 167936 172032
359 1 32768 40960
232 1 413696 417792
803 1 204800 212992
359 2 237568 262144 262144 303104
192 1 380928 385024
697 2 434176 458752 458752 507904
330 1 507904 512000
120 1 327680 339968
155 1 217088 221184
344 1 430080 438272
803 1 204800 208896
120 1 339968 344064
726 1 24576 28672
880 1 495616 499712
196 1 8192 12288
344 1 438272 442368
639 1 221184 225280
288 1 393216 397312
33 1 176128 192512
803 1 200704 204800
637 1 278528 282624
443 1 147456 147968
656 1 294912 327680
145 1 479744 524288
146 8 0 65536 65536 131072 131072 196608 196608 262144 262144 327680 327680 393216 393216 458752 458752 479744
443 2 147968 196608 196608 212992
793 1 270336 274432
336 1 233472 237568
793 1 69632 73728
251 1 491520 495616
656 1 327680 360448
994 1 20480 24576
137 1 159744 163840
793 1 438272 442368
135 1 495616 499712
137 1 102400 106496
662 1 290816 294912
51 1 12288 16384
136 1 417792 421888
842 1 204800 217088
868 1 471040 483328
803 1 270336 274432
2 1 77824 81920
2 1 77824 86016
2 1 90112 94208
2 1 77824 81920
813 1 299008 303104
877 1 135168 139264
831 1 245760 249856
876 1 204800 212992
877 1 61440 65536
2 1 376832 380928
589 1 425984 430080
263 1 12288 16384
436 1 454656 458752
613 1 237568 241664
472 1 311296 315392
420 1 278528 282624
602 1 274432 278528
479 1 282624 286720
602 1 303104 307200
601 1 155648 159744
684 1 315392 319488
37 1 65536 69632
51 1 327680 331776
602 1 61440 65536
139 1 393216 394752
647 1 98304 102400
602 1 483328 487424
688 1 380928 385024
959 1 356352 360448
571 1 430080 442368
445 1 77824 81920
377 1 372736 374784
445 1 118784 122880
248 1 155648 159744
456 1 135168 139264
656 1 208896 212992
149 1 126976 131072
780 2 380928 393216 393216 397312
148 1 421888 430080
379 1 441344 441856
138 3 205312 262144 262144 327680 327680 380928
148 1 430080 434176
138 3 385024 393216 393216 458752 458752 524288
139 4 0 65536 65536 131072 131072 196608 196608 209408
227 1 331776 335872
328 1 81920 86016
148 1 434176 442368
29 1 479232 483328
328 2 98304 131072 131072 147456
793 1 147456 159744
379 1 441856 443392
148 1 442368 446464
61 1 348160 380928
139 5 209408 262144 262144 327680 327680 393216 393216 458752 458752 524288
140 4 0 65536 65536 131072 131072 196608 196608 209408
227 1 331776 335872
61 1 380928 385024
148 1 446464 454656
868 1 45056 49152
959 1 356352 360448
63 1 45056 49152
81 1 331776 335872
87 1 270336 274432
970 1 311296 315904
10 1 327680 331776
88 1 270336 274432
84 1 319488 323584
62 1 8192 12288
352 1 430080 434176
65 1 348160 352256
116 1 45056 49152
674 1 335872 339968
301 2 364544 393216 393216 397312
116 1 32768 36864
520 1 393216 405504
85 1 65536 69632
260 1 122880 126976
125 1 372736 376832
372 1 102400 106496
475 1 458752 462848
287 1 397312 430080
771 1 94208 98304
372 1 110592 118784
161 2 237568 262144 262144 266240
716 1 385024 389120
588 1 325120 325632
801 1 110592 131072
629 1 352256 356352
441 1 196608 200704
622 1 503808 507904
775 1 450560 454656
580 1 315392 319488
802 1 196608 208896
789 1 450560 454656
178 1 28672 40960
570 1 417792 421888
186 1 401408 405504
64 1 290816 294912
869 1 473088 473600
178 1 69632 73728
505 1 303104 307200
570 1 446464 450560
186 1 516096 520192
64 1 200704 204800
612 1 176128 180224
39 1 151552 163840
612 1 180224 188416
612 1 188416 192512
39 1 155648 159744
612 1 192512 196608
249 1 262144 266240
249 1 266240 270336
39 1 155648 163840
219 1 114688 118784
221 1 98304 102400
914 1 491520 495616
249 1 270336 294912
249 1 294912 299008
961 1 327680 348160
39 1 159744 163840
366 1 282624 286720
209 1 135168 139264
39 1 106496 110592
816 1 515584 519680
816 1 519680 523776
483 1 16384 24576
476 1 454656 458752
246 1 314880 315392
477 1 0 4096
320 1 512000 516096
692 1 4096 8192
180 1 491520 495616
308 1 237568 262144
646 1 229376 245760
631 1 180224 184320
81 1 339968 344064
308 1 262144 266240
81 1 278528 282624
356 1 65536 98304
45 1 360448 364544
883 1 483328 491520
212 1 217088 225280
212 1 225280 229376
61 1 155648 172032
137 1 69632 73728
793 1 393216 397312
636 1 200704 204800
108 1 196608 200704
842 1 487424 491520
136 1 245760 249856
139 1 466944 471040
637 1 86016 90112
156 1 401408 405504
444 2 278528 327680 327680 344064
8 1 184320 188416
51 1 135168 139264
51 1 319488 323584
297 1 180224 184320
51 1 81920 86016
51 1 241664 245760
51 1 405504 409600
474 1 0 4096
959 1 290816 294912
959 1 299008 303104
959 1 471040 475136
960 1 106496 110592
960 1 81920 86016
593 1 49152 53248
959 1 430080 438272
960 1 237568 241664
960 1 458752 462848
960 1 520192 524288
961 1 176128 180224
961 1 131072 135168
960 1 405504 409600
961 1 114688 118784
894 1 49152 61440
961 1 192512 196608
961 1 348160 352256
905 1 360448 368640
94 1 430080 438272
938 1 208896 217088
94 1 438272 442368
905 1 364544 368640
938 1 212992 217088
341 1 204800 208896
341 1 331776 335872
814 1 212992 217088
644 1 495616 499200
94 1 442368 458752
253 1 458752 471040
149 1 196608 212992
253 1 471040 475136
880 2 393216 458752 458752 524288
872 6 53248 65536 65536 131072 131072 196608 196608 262144 262144 327680 327680 348160
871 8 36864 65536 65536 131072 131072 196608 196608 262144 262144 327680 327680 393216 393216 458752 458752 524288
872 1 0 36864
155 2 249856 262144 262144 315392
543 2 401408 458752 458752 466944
745 2 376832 393216 393216 413696
882 8 4096 65536 65536 131072 131072 196608 196608 262144 262144 327680 327680 393216 393216 458752 458752 524288
883 1 0 4096
888 2 4096 65536 65536 86016
745 2 442368 458752 458752 471040
881 8 4096 65536 65536 131072 131072 196608 196608 262144 262144 327680 327680 393216 393216 458752 458752 524288
882 1 0 4096
155 1 380928 385024
886 8 4096 65536 65536 131072 131072 196608 196608 262144 262144 327680 327680 393216 393216 458752 458752 524288
887 1 0 4096
883 8 4096 65536 65536 131072 131072 196608 196608 262144 262144 327680 327680 393216 393216 458752 458752 524288
884 1 0 4096
885 8 4096 65536 65536 131072 131072 196608 196608 262144 262144 327680 327680 393216 393216 458752 458752 524288
886 1 0 4096
746 2 339968 393216 393216 405504
863 2 360448 393216 393216 425984
785 1 262144 266240
884 8 4096 65536 65536 131072 131072 196608 196608 262144 262144 327680 327680 393216 393216 458752 458752 524288
885 1 0 4096
507 2 303104 327680 327680 331776
888 1 450560 452096
798 1 495616 499712
77 1 393216 401408
571 1 442368 446464
974 1 139264 147456
519 1 24576 57344
519 1 57344 61440
301 1 131072 139264
974 1 143360 147456
660 1 122880 126976
114 1 520192 524288
115 1 0 20480
220 1 286720 307200
209 1 311296 319488
841 1 274432 294912
157 1 462848 466944
432 1 360448 368640
421 1 389120 393216
432 2 323584 327680 327680 331776
649 1 69632 73728
369 1 339968 344064
370 1 225280 229376
370 1 180224 184320
284 1 348160 352256
574 1 356352 360448
314 1 94208 98304
21 1 102400 106496
905 1 77824 81920
13 1 458752 462848
926 1 20480 36864
803 1 274432 278528
905 1 106496 110592
511 1 110592 114688
603 1 143360 147456
544 1 217088 221184
123 1 471040 475136
544 1 233472 237568
81 1 266240 270336
305 1 487424 512000
141 1 28672 32768
0 1 69632 71680
157 1 86016 110592
140 1 495616 499712
157 1 110592 114688
850 1 20480 36864
348 1 409600 413696
704 1 270336 274432
141 1 28672 32768
266 1 348160 350208
633 1 12288 40960
492 1 114688 118784
293 1 339968 344064
816 1 479232 483328
730 1 258048 258560
473 1 475136 479232
939 1 94208 98304
910 1 167936 172032
730 1 253952 258048
878 1 360448 364544
321 1 364544 368640
623 1 385024 389120
753 1 4096 8192
936 1 110592 114688
879 1 376832 380928
796 1 425984 430080
875 1 335872 339968
878 1 372736 376832
321 1 376832 380928
48 1 290816 294912
713 1 458752 462848
210 1 438272 454656
768 1 0 65536
803 1 270336 278528
290 1 348160 352256
338 1 126976 128512
211 1 225280 226304
81 1 24576 28672
158 1 118784 122880
359 2 184320 196608 196608 241664
21 1 479232 487424
290 1 360448 364544
612 1 217088 219648
829 1 417792 421888
723 1 450560 454656
202 1 339968 344064
206 1 417792 458752
233 1 0 24576
220 1 200704 204800
235 1 356352 360448
234 1 188416 192512
235 1 405504 409600
150 1 196608 200704
235 1 270336 278528
456 2 188416 196608 196608 237568
235 1 393216 405504
235 1 409600 458752
672 1 131072 196608
118 1 327680 393216
626 1 139264 143360
456 1 237568 241664
654 1 495616 499712
591 1 393216 409600
626 1 204800 208896
679 1 335872 339968
311 1 491520 495616
706 2 368640 393216 393216 434176
878 1 184320 188416
273 1 356352 360448
265 1 262144 266240
612 1 376832 378368
10 1 90112 98304
10 1 98304 102400
32 1 425984 442368
652 1 462848 495616
781 1 487424 495616
51 1 421888 425984
51 1 520192 524288
53 1 462848 466944
8 1 217088 221184
51 1 159744 163840
58 1 520192 524288
51 1 344064 348160
59 1 303104 307200
54 1 147456 151552
51 1 483328 487424
53 1 520192 524288
54 1 90112 94208
58 1 409600 413696
59 1 237568 241664
59 1 204800 212992
59 1 397312 401408
59 1 421888 425984
656 1 360448 393216
802 1 208896 241664
571 1 16384 20480
24 1 176128 180224
178 1 77824 81920
187 1 0 4096
851 1 413696 434176
496 1 360448 364544
869 1 473600 474112
24 1 245760 249856
571 1 32768 36864
125 1 462848 466944
178 1 90112 94208
802 1 241664 262144
369 1 471040 475136
24 1 331776 335872
126 1 12288 16384
171 1 294912 311296
291 1 483328 499712
571 1 45056 49152
869 1 474112 474624
957 1 286720 303104
957 2 233472 262144 262144 282624
846 1 262144 266240
149 1 327680 331776
537 2 258048 262144 262144 282624
956 3 233472 262144 262144 327680 327680 365056
619 1 348160 356352
931 1 483328 487424
50 1 110592 114688
979 1 352256 356352
473 1 475136 520192
311 1 69632 73728
351 1 274432 278528
473 1 520192 524288
339 1 159744 184320
910 1 466944 471040
514 1 483328 487424
604 1 356352 360448
605 1 282624 286720
60 1 8192 12288
135 1 249856 253952
720 1 266240 270336
146 1 479744 524288
147 8 0 65536 65536 131072 131072 196608 196608 262144 262144 327680 327680 393216 393216 458752 458752 479744
60 1 40960 57344
241 1 319488 323584
445 1 397312 413696
445 1 344064 393216
195 1 163840 167936
195 1 196608 200704
244 1 360448 364544
243 1 430080 434176
246 1 98304 102400
242 1 253952 258048
245 1 24576 28672
247 1 28672 32768
248 1 65536 69632
248 1 303104 307200
996 1 344064 360448
938 1 245760 249856
96 1 16384 24576
96 1 24576 28672
938 1 245760 249856
96 1 28672 36864
96 1 36864 40960
938 1 245760 253952
549 1 57344 61440
96 1 40960 57344
96 1 57344 61440
813 1 208896 212992
938 1 249856 253952
813 1 274432 282624
381 1 258048 262144
716 1 311296 315392
96 1 61440 65536
549 1 57344 61440
96 1 131072 155648
96 1 155648 159744
803 1 270336 274432
380 1 118784 122880
706 1 479232 482816
40 1 249856 258048
711 1 217088 221184
105 1 40960 57344
6 1 49152 57344
133 1 331776 335872
179 1 184320 188416
40 1 258048 262144
6 1 57344 61440
803 1 200704 204800
416 1 131072 139264
739 1 225280 229376
418 1 270336 282624
649 1 86016 90112
858 1 393216 397312
599 1 368640 372736
408 1 180224 184320
722 2 323584 327680 327680 331776
326 1 512000 516096
956 1 139264 143360
529 1 491520 495616
13 1 118784 122880
682 1 139264 143360
683 1 69632 73728
732 1 364544 368640
528 1 262144 290816
375 1 45056 53248
23 1 360448 364544
527 1 241664 250368
223 1 393216 397312
375 1 53248 57344
526 4 279040 327680 327680 393216 393216 458752 458752 524288
527 4 0 65536 65536 131072 131072 196608 196608 241664
803 1 204800 208896
464 1 135168 139264
197 1 221184 225280
593 5 233472 262144 262144 327680 327680 393216 393216 458752 458752 524288
594 4 0 65536 65536 131072 131072 196608 196608 233472
466 1 270336 282624
375 1 57344 65536
0 1 421888 438272
594 2 233472 262144 262144 282624
375 1 65536 69632
527 5 250368 262144 262144 327680 327680 393216 393216 458752 458752 524288
528 4 0 65536 65536 131072 131072 196608 196608 250368
841 1 458752 471040
606 1 417792 434176
980 1 262144 266240
353 1 16384 20480
983 1 311296 315392
803 1 270336 274432
606 1 434176 438272
120 1 0 8192
120 1 16384 20480
121 1 405504 409600
122 1 4096 8192
967 1 159744 163840
125 1 131072 135168
121 1 335872 344064
967 1 143360 147456
112 1 483328 487424
888 1 452096 454144
599 1 319488 323584
604 1 286720 299008
713 1 122880 126976
605 1 323584 327680
506 1 204800 208896
245 1 266240 270336
606 1 253952 258048
716 1 131072 135168
610 1 413696 417792
564 1 8192 12288
813 1 204800 208896
624 1 253952 258048
689 1 315392 319488
96 1 499712 503808
435 1 212992 217088
611 1 479232 483328
611 1 413696 417792
902 1 471040 475136
606 1 217088 221184
250 1 266240 270336
251 1 225280 229376
301 1 73728 77824
253 1 73728 77824
251 1 466944 475136
254 1 167936 172032
299 1 69632 73728
252 1 208896 212992
315 1 0 4096
166 1 299008 303104
222 1 249856 253952
166 1 339968 344064
303 2 380928 393216 393216 409600
166 1 282624 286720
222 1 65536 69632
164 1 167936 172032
251 1 65536 69632
699 1 442368 446464
233 1 372736 376832
186 1 262144 263168
321 1 458752 462848
460 1 167936 172032
190 1 217088 219136
906 1 409600 413696
803 1 208896 212992
907 1 122880 131072
0 1 421888 438272
803 1 270336 278528
66 1 376832 380928
870 1 327680 339968
441 1 163840 167936
178 1 98304 106496
369 1 241664 245760
126 1 81920 90112
571 1 106496 110592
178 1 405504 409600
441 1 221184 225280
126 1 106496 110592
135 1 237568 241664
815 1 446464 450560
178 1 516096 520192
870 1 339968 372736
46 1 69632 73728
135 1 245760 249856
202 1 98304 102400
412 1 274432 278528
179 1 233472 237568
404 1 417792 421888
135 1 307200 311296
483 1 24576 28672
236 1 286208 286720
477 1 4096 8192
689 1 241664 245760
689 1 180224 184320
834 1 319488 323584
834 1 159744 163840
834 1 327680 331776
76 1 507904 524288
420 1 472576 473088
483 1 28672 36864
39 1 106496 110592
483 1 36864 40960
477 1 8192 16384
477 1 16384 20480
539 1 110592 114688
129 1 16384 20480
254 1 475136 479232
570 1 107008 107520
564 1 194048 194560
813 1 208896 212992
2 1 323584 327680
3 1 0 16384
564 1 195072 195584
916 1 159744 163840
765 1 151552 154624
564 1 195072 195584
273 2 188416 196608 196608 208896
2 1 454656 458752
858 1 139264 141312
803 1 204800 208896
3 1 131072 139264
445 1 159744 163840
980 1 356352 360448
862 1 299008 303104
578 2 188416 196608 196608 204800
742 2 376832 393216 393216 413696
344 1 442368 458752
848 1 221184 241664
742 1 413696 417792
344 1 458752 462848
813 1 270336 278528
862 1 299008 303104
344 1 462848 483328
341 1 307200 308736
344 1 483328 487424
333 1 335872 380928
339 1 12288 32768
710 1 36864 40960
770 1 110592 114688
709 1 495616 499712
415 1 73728 77824
648 1 348160 368640
563 1 319488 323584
606 1 401408 405504
572 1 413696 417792
614 1 143360 147456
541 1 65536 69632
594 1 200704 204800
594 1 237568 241664
233 1 32768 36864
881 1 0 12288
46 1 49152 53248
924 1 417792 421888
31 1 167936 172032
62 1 258048 262144
534 1 0 65536
185 1 504320 524288
186 7 0 65536 65536 131072 131072 196608 196608 262144 262144 327680 327680 393216 393216 438784
534 1 393216 458752
62 1 327680 339968
904 1 307200 311296
535 1 262144 297984
813 1 274432 282624
909 2 425984 458752 458752 524288
910 7 0 65536 65536 131072 131072 196608 196608 262144 262144 327680 327680 393216 393216 425984
813 1 270336 274432
138 1 385024 386560
910 2 425984 458752 458752 499712
187 5 242176 262144 262144 327680 327680 393216 393216 458752 458752 524288
188 4 0 65536 65536 131072 131072 196608 196608 242176
848 1 417792 434176
912 1 0 57344
910 1 499712 524288
911 3 0 65536 65536 131072 131072 163840
287 2 434176 458752 458752 462848
626 1 483328 487424
299 1 192512 196096
568 1 376832 393216
657 2 327680 393216 393216 417792
567 2 180224 196608 196608 262144
570 2 368640 393216 393216 458752
567 1 131072 172032
572 1 0 10240
568 2 393216 458752 458752 524288
569 2 0 65536 65536 131072
930 1 294912 311296
177 1 94208 98304
568 2 0 65536 65536 131072
101 1 77824 86016
101 1 86016 90112
569 3 131072 196608 196608 262144 262144 327680
998 1 315392 327680
999 1 131072 135168
568 1 131072 196608
803 1 208896 212992
133 1 229376 237568
570 1 196608 237568
202 1 368640 385024
177 1 106496 110592
359 1 241664 245760
393 1 253952 258048
336 1 499712 503808
193 1 430080 434176
81 1 520192 524288
219 2 323584 327680 327680 344064
210 2 454656 458752 458752 475136
926 1 147456 151552
570 1 233472 237568
81 1 90112 98304
887 8 4096 65536 65536 131072 131072 196608 196608 262144 262144 327680 327680 393216 393216 458752 458752 524288
888 1 0 4096
544 2 8192 65536 65536 73728
463 1 94208 126976
669 1 512000 524288
670 1 0 53248
507 1 331776 335872
747 2 81920 131072 131072 147456
785 1 262144 266240
544 2 143360 196608 196608 208896
747 2 278528 327680 327680 344064
667 6 131072 196608 196608 262144 262144 327680 327680 393216 393216 458752 458752 524288
748 2 81920 131072 131072 147456
544 2 274432 327680 327680 339968
2 2 430080 458752 458752 495616
974 2 98304 131072 131072 163840
352 1 53248 65536
356 2 454656 458752 458752 471040
803 1 204800 245760
803 1 196608 200704
0 1 458752 475136
803 1 270336 274432
683 1 229376 233472
223 1 393216 397312
737 1 32768 40960
223 1 385024 389120
943 1 204800 208896
389 1 270336 274432
388 1 258048 262144
387 1 413696 417792
412 1 319488 323584
870 2 372736 393216 393216 405504
179 1 278528 282624
549 1 479232 483328
816 1 81920 86016
588 1 325632 326144
630 1 110592 114688
714 1 90112 94208
275 1 499712 503808
58 1 454656 458752
179 1 286720 290816
718 1 32768 36864
447 1 135168 139264
816 1 200704 204800
486 1 393216 397312
969 1 520192 524288
970 1 0 28672
179 1 352256 356352
252 1 229376 233472
869 1 474624 475136
816 1 221184 225280
881 1 16384 20480
181 1 192512 196608
255 1 16384 20480
293 1 196608 217088
621 1 434176 442368
931 1 225280 229376
931 1 114688 118784
932 1 32768 36864
25 1 28672 32768
569 2 172032 196608 196608 204800
940 1 98304 102400
147 1 241664 245760
333 1 409600 413696
451 1 86016 90112
405 1 225280 229376
956 3 365056 393216 393216 458752 458752 524288
957 4 0 65536 65536 131072 131072 196608 196608 233472
64 1 180224 188416
27 1 236544 237568
989 1 303104 320000
989 2 249856 262144 262144 299008
64 1 188416 192512
906 1 110592 118784
2 1 32768 49152
604 1 504832 506880
27 1 237568 240128
858 1 397312 401408
991 1 131072 167936
604 1 506880 509952
145 1 448000 449024
989 3 385536 393216 393216 458752 458752 524288
990 2 0 65536 65536 122880
798 1 495616 499712
780 1 397312 401408
571 1 446464 458752
349 1 299008 303104
125 3 184320 196608 196608 262144 262144 270336
341 5 241664 262144 262144 327680 327680 393216 393216 458752 458752 524288
342 2 0 65536 65536 126976
40 1 262144 270336
357 1 159744 163840
133 1 266240 274432
40 1 270336 274432
125 1 270336 274432
345 2 323584 327680 327680 339968
345 1 372736 389120
345 1 339968 356352
345 2 389120 393216 393216 405504
345 1 356352 372736
345 1 405504 421888
345 1 241664 258048
346 1 405504 421888
345 1 274432 290816
346 2 389120 393216 393216 405504
803 1 229376 237568
885 1 495616 499712
608 1 499712 512000
542 1 290816 323584
803 1 270336 274432
803 1 196608 200704
803 1 299008 303104
803 1 233472 237568
885 1 495616 499712
803 1 299008 303104
939 1 65536 69632
138 2 102400 131072 131072 163840
803 1 233472 237568
939 1 77824 81920
138 1 229376 233472
611 1 65536 73728
608 1 45056 49152
997 1 307200 311296
14 1 32768 40960
907 1 167936 176128
117 1 294912 299008
14 1 40960 45056
908 1 131072 135168
909 1 118784 122880
803 1 274432 278528
909 1 368640 372736
424 1 266240 270336
227 1 139264 143360
950 1 20480 24576
904 1 417792 434176
314 1 90112 94208
851 1 217088 233472
424 1 278528 282624
314 1 77824 81920
271 1 376832 380928
165 1 249856 258048
182 1 122880 126976
960 1 65536 69632
813 1 286720 290816
308 1 69632 73728
282 1 86016 90112
97 1 294912 299008
563 1 167936 172032
179 1 364544 368640
252 1 413696 417792
200 1 69632 73728
176 1 516096 520192
970 1 28672 61440
282 1 131072 135168
226 1 393216 397312
700 1 73728 77824
869 1 475136 475648
275 1 495616 499712
200 1 151552 159744
282 1 217088 221184
700 1 245760 249856
226 1 401408 405504
177 1 0 4096
970 1 61440 65536
188 1 417792 421888
463 1 167936 172032
976 1 425984 430080
22 1 102400 106496
8 1 233472 237568
446 1 479232 524288
447 1 0 20480
548 2 61440 65536 65536 126976
656 1 393216 425984
465 1 405504 408064
991 1 118784 122880
147 1 479744 524288
148 3 0 65536 65536 131072 131072 167936
549 2 61440 65536 65536 126976
148 6 172032 196608 196608 262144 262144 327680 327680 393216 393216 458752 458752 483840
656 1 425984 458752
991 1 131072 139264
996 1 360448 380928
83 1 266240 270336
894 1 380928 385024
330 1 303104 307200
77 1 401408 405504
898 1 303104 303616
288 1 8192 12288
813 1 204800 208896
429 1 438272 442368
209 1 159744 180224
153 1 196608 204800
572 1 491520 495616
39 1 106496 110592
153 1 204800 208896
483 1 73728 106496
254 1 344064 352256
477 1 20480 32768
483 1 106496 110592
254 1 352256 356352
209 1 159744 163840
914 1 495616 499712
572 1 462848 466944
483 1 110592 118784
477 1 32768 36864
38 1 143360 147456
928 1 12288 16384
671 1 323584 327680
63 1 163840 167936
496 1 245760 253952
342 1 499712 503808
818 1 389120 393216
249 1 299008 307200
821 1 327680 393216
249 1 307200 311296
822 1 458752 466944
822 1 466944 471040
39 1 159744 163840
221 1 98304 102400
263 1 311296 315392
914 1 491520 495616
877 1 352256 360448
249 1 311296 327680
263 1 311296 315392
612 1 196608 200704
877 1 290816 294912
39 1 159744 163840
263 1 311296 323584
914 1 491520 495616
877 1 356352 360448
252 3 65536 131072 131072 196608 196608 241664
252 2 241664 262144 262144 266240
248 1 393216 421888
713 1 65536 69632
252 1 278528 327680
255 2 217088 262144 262144 294912
255 1 327680 393216
255 3 65536 131072 131072 196608 196608 217088
255 2 401408 458752 458752 524288
256 4 0 65536 65536 131072 131072 196608 196608 212992
227 1 294912 295424
176 1 442368 458752
996 1 217088 221184
843 1 131072 147456
176 1 458752 462848
211 1 294912 311296
182 1 262656 294912
183 2 417792 458752 458752 483328
189 2 98304 131072 131072 163840
190 2 98304 131072 131072 163840
191 2 32768 65536 65536 98304
192 2 163840 196608 196608 229376
842 1 98304 110592
194 2 106496 131072 131072 172032
196 1 262144 327680
197 1 196608 229888
197 1 229888 262144
198 1 262144 327680
199 1 262144 327680
200 1 393216 458752
201 1 462848 524288
202 1 0 4096
219 2 315392 327680 327680 331776
803 1 270336 274432
176 1 495616 499712
594 4 286720 327680 327680 393216 393216 458752 458752 524288
595 3 0 65536 65536 131072 131072 172032
528 1 250368 262144
528 4 294912 327680 327680 393216 393216 458752 458752 524288
529 4 0 65536 65536 131072 131072 196608 196608 217600
223 1 397312 401408
466 1 282624 303104
197 1 221184 225280
223 1 393216 397312
375 1 69632 77824
579 1 409600 442368
344 1 221184 225280
375 1 77824 81920
730 1 176128 180224
140 2 209408 262144 262144 270336
148 1 454656 458752
227 1 331776 335872
148 1 458752 466944
475 7 114688 131072 131072 196608 196608 262144 262144 327680 327680 393216 393216 458752 458752 524288
476 1 0 53760
842 1 118784 131072
148 1 466944 471040
842 1 458752 462848
963 2 159232 196608 196608 200192
476 8 53760 65536 65536 131072 131072 196608 196608 262144 262144 327680 327680 393216 393216 458752 458752 524288
477 1 0 53760
227 1 331776 344064
148 1 471040 479232
148 1 479232 483328
846 2 126976 131072 131072 135168
165 1 93696 94720
405 1 258048 262144
710 1 348160 356352
224 1 233472 237568
165 1 94720 95744
734 1 356352 360448
64 1 360448 364544
165 1 95744 96768
565 1 126976 131072
258 1 86016 90112
165 1 96768 97792
258 1 110592 114688
980 1 245760 262144
258 1 118784 122880
619 1 413696 417792
160 1 425984 442368
619 1 421888 425984
853 1 131072 135168
129 1 495616 499712
687 1 249856 250880
405 1 237568 241664
841 2 192512 196608 196608 204800
365 1 167936 172032
110 1 0 8192
109 1 483328 491520
147 1 233472 237568
52 1 8192 12288
581 1 425984 430080
58 1 147456 151552
58 1 196608 200704
319 1 372736 376832
345 1 188416 192512
248 1 147456 151552
553 1 213504 215552
27 1 240128 240640
990 5 122880 131072 131072 196608 196608 262144 262144 327680 327680 348672
537 1 282624 286720
145 1 449024 452096
604 1 509952 510976
553 1 215552 218112
27 1 240640 241664
368 1 159744 163840
145 1 452096 453120
604 1 510976 512000
291 1 499712 520192
869 1 475648 476160
226 1 409600 413696
700 1 417792 421888
177 1 20480 24576
803 1 327680 356352
733 1 184320 188416
57 1 401408 405504
66 1 262144 266240
226 1 417792 425984
215 1 413696 417792
922 1 153088 153600
57 1 413696 417792
733 1 237568 241664
713 1 192512 196608
803 1 356352 389120
226 1 434176 450560
316 1 491520 495616
58 1 274432 278528
346 1 487424 503808
346 2 438272 458752 458752 471040
347 1 12288 28672
347 2 126976 131072 131072 143360
347 1 159744 176128
347 1 208896 225280
345 1 438272 454656
347 1 225280 241664
346 1 12288 28672
922 1 12288 28672
363 2 61440 65536 65536 77824
362 2 323584 327680 327680 339968
345 2 454656 458752 458752 487424
133 1 335872 339968
133 1 270336 274432
739 1 225280 233472
909 1 376832 380928
803 1 208896 221184
910 1 77824 86016
910 1 458752 462848
258 1 118784 122880
803 1 274432 278528
750 1 81920 86016
344 1 487424 495616
345 1 36864 45056
862 1 299008 303104
345 1 45056 49152
231 1 86016 94208
848 1 241664 245760
345 1 49152 65536
848 1 278528 286720
345 1 65536 69632
730 1 114688 122880
587 1 430080 434176
287 1 507904 512000
872 1 466944 483328
98 1 233472 241664
345 1 69632 90112
639 1 458752 462848
528 1 344064 348160
152 1 458752 462848
183 1 434176 438272
944 1 421888 425984
191 1 442368 446464
684 1 101888 105984
219 1 163328 167424
15 1 184320 188416
844 1 4096 8192
684 1 101888 105984
219 1 163328 167424
117 1 114688 118784
684 1 101888 105984
219 1 163328 167424
82 1 24576 28672
364 2 311296 327680 327680 348160
3 2 192512 196608 196608 258048
749 2 147456 196608 196608 212992
785 1 262144 266240
3 2 409600 458752 458752 475136
749 2 344064 393216 393216 409600
4 1 200704 217088
4 1 147456 196608
750 2 147456 196608 196608 212992
4 2 348160 393216 393216 413696
5 1 118784 126976
5 2 159744 196608 196608 217088
659 1 356352 360448
659 2 368640 393216 393216 430080
5 2 348160 393216 393216 413696
16 1 479232 483328
905 1 364544 368640
253 1 475136 483328
253 1 483328 487424
905 1 364544 368640
341 1 331776 335872
253 1 487424 503808
814 1 212992 217088
253 1 503808 507904
905 1 364544 376832
814 1 212992 217088
253 1 507904 524288
94 1 458752 471040
878 1 217088 221184
831 1 245760 249856
877 1 200704 204800
839 1 405504 409600
877 1 61440 65536
94 1 471040 475136
878 1 266240 270336
578 1 40960 45056
747 1 499712 503808
219 1 344064 348160
220 2 446464 458752 458752 462848
244 1 155648 159744
105 1 114688 118784
588 1 438272 442368
202 1 385024 393216
430 1 478720 482816
210 1 380928 393216
733 1 245760 249856
851 1 434176 446464
226 1 454656 458752
437 1 233472 237568
814 1 446464 450560
436 1 245760 249856
177 1 344064 348160
813 1 270336 274432
803 2 389120 393216 393216 421888
588 1 326144 326656
226 1 471040 487424
815 1 32768 36864
437 1 249856 258048
436 1 405504 409600
981 1 446464 450560
702 1 49152 53248
226 1 495616 503808
815 1 45056 49152
157 1 143360 147456
951 1 163840 167936
288 1 249856 253952
970 1 114688 118784
798 1 495616 499712
97 1 32768 36864
852 1 364544 372736
350 1 466944 468480
571 1 458752 462848
0 1 0 8192
179 1 131072 139264
72 1 135168 139264
553 1 218112 219136
145 1 453120 455168
626 1 114688 118784
27 1 241664 242688
991 3 167936 196608 196608 262144 262144 319488
990 3 348672 393216 393216 458752 458752 524288
991 2 0 65536 65536 131072
11 2 184320 196608 196608 200704
537 1 286720 294912
604 1 512000 513024
553 1 219136 221184
145 1 455168 457216
803 1 270336 274432
994 2 188416 196608 196608 254464
483 1 118784 122880
39 1 106496 114688
33 1 16384 20480
689 1 180224 184320
834 1 348160 352256
834 1 237568 241664
660 1 327680 331776
483 1 122880 131072
417 1 516096 520192
483 1 294912 299008
572 1 462848 466944
550 1 65536 131072
803 1 204800 208896
144 1 200704 201216
677 1 32768 33280
99 1 163840 167936
97 1 421888 425984
552 1 65536 131072
656 1 458752 491520
92 1 491520 492032
738 2 446464 458752 458752 499712
83 1 270336 274432
553 1 131072 131584
224 1 483328 487424
656 1 491520 524288
148 1 483840 524288
149 8 0 65536 65536 131072 131072 196608 196608 262144 262144 327680 327680 393216 393216 458752 458752 483840
848 1 221184 241664
813 1 270336 278528
88 1 48640 52736
163 1 385024 393216
138 1 106496 110592
578 1 221184 225280
138 1 36864 40960
268 1 12288 20480
88 1 48640 52736
268 1 16384 20480
81 1 417792 450560
114 2 446464 458752 458752 462848
848 1 241664 245760
848 1 278528 286720
45 1 360448 364544
948 1 217088 221184
883 1 421888 425984
730 1 69632 73728
728 1 294912 303104
728 1 491520 495616
632 1 491520 512000
529 4 283136 327680 327680 393216 393216 458752 458752 524288
530 5 0 65536 65536 131072 131072 196608 196608 262144 262144 283136
552 2 163840 196608 196608 212992
113 2 192512 196608 196608 200704
683 1 294912 299008
814 1 475136 479232
552 1 212992 217088
480 1 286720 311296
223 1 397312 401408
219 1 331776 352256
23 1 364544 372736
480 1 311296 315392
223 1 393216 397312
860 1 135168 135680
570 1 115200 115712
9 1 372736 376832
840 1 162304 162816
716 1 49152 53248
687 1 249856 258048
47 1 65536 73728
339 1 335872 344064
280 1 237568 241664
950 1 491520 499712
841 1 421888 442368
891 1 434176 438272
914 1 61440 65536
273 1 208896 221184
74 1 421888 430080
74 1 430080 434176
570 1 123392 123904
402 1 143360 147456
256 1 360448 380928
248 1 151552 155648
649 1 57344 61440
938 1 249856 253952
381 1 258048 262144
549 1 57344 61440
96 1 159744 192512
96 1 192512 196608
675 1 495616 499712
859 1 376832 380928
240 1 303104 319488
123 1 290816 294912
813 1 270336 274432
62 1 454656 458752
85 1 204800 208896
813 1 200704 204800
245 1 172032 176128
155 1 4096 5632
967 1 32768 36864
449 1 450560 458752
967 1 53248 65536
912 1 491520 495616
803 1 282624 286720
913 1 176128 180224
532 1 40960 45056
0 1 438272 458752
913 1 303104 307200
913 1 434176 438272
803 1 217088 221184
914 1 4096 8192
56 1 483328 499712
112 1 348160 352256
285 1 483328 487424
113 1 131072 135168
112 1 270336 274432
492 1 172032 180224
223 1 393216 397312
231 1 389120 393216
292 2 438272 458752 458752 503808
207 1 499712 503808
754 1 49152 53248
56 1 499712 520192
813 1 204800 208896
229 1 393216 397312
124 1 114688 118784
440 1 188416 192512
540 1 512000 524288
541 8 0 65536 65536 131072 131072 196608 196608 262144 262144 327680 327680 393216 393216 458752 458752 512000
541 1 512000 524288
542 8 0 65536 65536 131072 131072 196608 196608 262144 262144 327680 327680 393216 393216 458752 458752 512000
542 1 512000 524288
543 8 0 65536 65536 131072 131072 196608 196608 262144 262144 327680 327680 393216 393216 458752 458752 512000
543 1 512000 524288
544 8 0 65536 65536 131072 131072 196608 196608 262144 262144 327680 327680 393216 393216 458752 458752 479232
524 1 434176 438272
540 1 409600 438272
669 1 471040 475136
757 1 262144 266240
702 1 397312 399360
934 1 163840 172032
813 1 204800 212992
229 1 237568 239104
831 1 245760 249856
436 1 417792 421888
790 1 200704 233472
869 1 476160 476672
226 1 507904 512000
564 1 499712 503808
951 1 356352 360448
318 1 417792 421888
928 1 221184 225280
226 1 516096 524288
896 1 258048 262144
702 1 331776 364544
928 1 266240 270336
11 1 319488 323584
954 1 294912 299008
227 1 8192 12288
32 1 348160 352256
373 1 471040 475136
897 1 475136 479232
11 1 475136 479232
227 1 20480 45056
357 1 159744 163840
341 4 241664 262144 262144 327680 327680 393216 393216 405504
40 1 274432 282624
697 1 393216 446464
133 1 335872 339968
40 1 282624 286720
697 1 446464 450560
349 2 192512 196608 196608 208896
349 1 12288 28672
347 1 274432 290816
347 2 258048 262144 262144 274432
347 1 241664 258048
347 2 323584 327680 327680 339968
347 1 421888 438272
347 1 290816 307200
347 1 405504 421888
347 2 389120 393216 393216 405504
133 1 270336 274432
284 1 454656 458752
196 1 327680 331776
960 1 135168 163840
8 1 69632 73728
287 1 466944 471040
182 1 126976 131072
8 1 135168 139264
622 1 364544 393216
603 1 286720 290816
603 1 299008 303104
717 1 344064 348160
959 1 258048 262144
423 1 94208 98304
323 1 0 8192
423 1 184320 188416
731 1 188416 192512
726 1 61440 65536
323 1 8192 12288
841 1 204800 208896
204 2 4096 65536 65536 69632
205 2 69632 131072 131072 135168
206 2 69632 131072 131072 135168
207 1 135168 168448
346 1 151552 155648
871 1 241664 245760
938 1 155648 159744
164 1 516096 520192
207 2 168448 196608 196608 200704
159 1 274432 303104
208 2 69632 131072 131072 135168
952 1 360448 364544
354 1 8192 24576
335 1 229376 245760
813 1 278528 294912
571 1 462848 466944
571 1 479232 487424
888 1 454144 456704
803 1 270336 274432
115 1 20480 24576
209 1 319488 323584
307 1 425984 446464
220 1 307200 319488
176 1 483328 487424
307 1 446464 458752
841 1 294912 307200
952 1 458752 483328
631 1 294912 299008
520 2 417792 458752 458752 483328
631 1 319488 323584
92 1 65536 69632
92 1 32768 36864
91 1 311296 315392
165 1 258048 262144
53 1 94208 98304
983 1 401408 405504
731 1 274432 278528
600 1 90112 122880
27 1 242688 243712
537 1 294912 299008
553 1 221184 222208
604 1 513024 514048
11 1 184320 188416
27 1 243712 244736
145 1 457216 458240
553 1 222208 223232
803 1 204800 212992
813 1 495616 499712
279 1 118784 122880
477 1 36864 61440
209 2 180224 196608 196608 200704
477 1 61440 65536
483 2 299008 327680 327680 331776
900 1 278528 311296
483 1 331776 335872
717 1 159744 180224
39 1 110592 114688
483 1 225280 229376
540 1 389120 393216
271 1 290816 303104
170 1 438272 450560
155 1 114688 118784
155 1 57344 61440
130 1 139264 143360
126 1 401408 405504
109 1 262144 266240
349 1 503808 507904
8 1 290816 303104
715 1 196608 204800
859 1 262144 294912
314 1 102400 106496
802 1 466944 471040
897 1 516096 520192
227 1 53248 61440
330 1 487424 491520
461 1 262144 266240
898 1 454656 458752
314 1 172032 176128
859 1 294912 327680
227 1 81920 86016
330 1 495616 499712
898 1 348160 352256
461 1 307200 311296
562 1 98304 102400
331 1 98304 102400
227 1 94208 98304
692 1 397312 413696
859 1 327680 360448
735 1 167936 172032
75 1 212992 217088
646 2 114688 131072 131072 163840
341 2 241664 262144 262144 274432
595 1 114688 122880
526 1 65536 69632
739 1 229376 233472
369 1 196608 204800
421 2 315392 327680 327680 360448
0 1 442368 458752
646 1 163840 167936
133 1 335872 339968
40 1 286720 303104
757 1 262144 266240
369 1 204800 208896
957 1 466944 467968
547 1 487424 520192
203 2 430080 458752 458752 462848
32 2 442368 458752 458752 462848
47 1 262144 270336
47 1 270336 274432
948 1 65536 131072
949 3 65536 131072 131072 196608 196608 253952
951 4 49152 65536 65536 131072 131072 196608 196608 262144
712 1 393216 458752
890 3 196608 262144 262144 327680 327680 393216
794 1 12288 15360
776 1 28672 32768
258 1 118784 122880
914 1 102400 106496
803 1 282624 286720
914 1 241664 245760
915 1 61440 65536
66 1 376832 380928
916 1 352256 356352
843 1 409600 430080
871 2 131072 196608 196608 212992
803 1 204800 212992
843 1 430080 442368
364 1 204800 229376
118 1 413696 458752
412 1 458752 524288
115 1 65536 131072
118 1 458752 524288
119 1 0 65536
115 2 131072 196608 196608 262144
155 1 393216 458752
115 1 262144 327680
122 4 65536 131072 131072 196608 196608 262144 262144 270336
364 1 229376 233472
65 1 389120 393216
848 1 352256 368640
848 1 221184 237568
829 1 8192 12288
829 1 16384 45056
911 4 167936 196608 196608 262144 262144 327680 327680 372736
62 1 339968 360448
911 3 372736 393216 393216 458752 458752 503808
920 7 24576 65536 65536 131072 131072 196608 196608 262144 262144 327680 327680 393216 393216 417792
188 5 242176 262144 262144 327680 327680 393216 393216 458752 458752 524288
189 4 0 65536 65536 131072 131072 196608 196608 242176
848 1 434176 442368
848 1 475136 487424
920 2 417792 458752 458752 524288
921 7 0 65536 65536 131072 131072 196608 196608 262144 262144 327680 327680 393216 393216 417792
189 5 242176 262144 262144 327680 327680 393216 393216 458752 458752 524288
190 2 0 65536 65536 73728
190 3 139264 196608 196608 262144 262144 270336
754 1 20480 24576
233 1 430080 458752
190 1 335872 373248
213 1 393216 430080
921 2 417792 458752 458752 524288
922 6 0 65536 65536 131072 131072 196608 196608 262144 262144 327680 327680 352256
221 2 360448 393216 393216 430080
452 1 221184 237568
229 2 360448 393216 393216 430080
190 3 373248 393216 393216 458752 458752 524288
191 5 0 65536 65536 131072 131072 196608 196608 262144 262144 270336
112 1 421888 425984
296 1 393216 458752
405 1 450560 454656
493 1 110592 114688
457 1 4096 8192
405 1 425984 430080
408 1 262144 266240
23 1 212992 217088
838 1 204800 208896
222 1 290816 294912
572 1 462848 466944
832 1 57344 61440
457 1 372736 376832
834 1 110592 114688
832 1 253952 258048
816 1 172032 176128
831 1 409600 413696
835 1 73728 77824
717 1 163840 167936
387 1 499712 524288
388 1 0 4096
143 1 225280 237568
76 1 151552 155648
345 1 90112 94208
76 1 245760 249856
231 1 94208 98304
483 1 188416 196608
388 1 4096 8192
483 1 196608 200704
834 1 49152 65536
455 1 151552 167936
251 2 311296 327680 327680 331776
208 1 491520 495616
408 1 77824 86016
486 1 212992 217088
568 1 364544 368640
94 2 258048 262144 262144 286720
227 1 335872 339968
477 8 53760 65536 65536 131072 131072 196608 196608 262144 262144 327680 327680 393216 393216 458752 458752 524288
478 1 0 53760
148 1 483328 491520
148 1 491520 495616
227 1 335872 339968
148 1 495616 503808
478 8 53760 65536 65536 131072 131072 196608 196608 262144 262144 327680 327680 393216 393216 458752 458752 524288
479 1 0 53760
148 1 503808 507904
227 1 335872 339968
360 2 8192 65536 65536 94208
579 1 278528 283136
649 1 401408 405504
148 1 507904 516096
360 1 94208 98304
362 1 397312 401408
479 8 53760 65536 65536 131072 131072 196608 196608 262144 262144 327680 327680 393216 393216 458752 458752 524288
480 1 0 53760
553 1 131584 196608
657 1 0 32768
83 1 266240 270336
224 1 409600 413696
554 1 262144 327680
83 1 270336 274432
657 1 32768 65536
819 1 487424 520192
556 1 65536 131072
83 1 266240 270336
844 1 172032 192512
657 1 65536 98304
557 1 0 65536
149 1 483840 524288
150 8 0 65536 65536 131072 131072 196608 196608 262144 262144 327680 327680 393216 393216 458752 458752 483840
803 1 274432 282624
51 1 20480 24576
500 1 4096 8192
77 1 405504 438272
522 1 221184 225280
226 1 278528 282624
888 1 456704 458240
196 1 335872 339968
571 1 487424 491520
529 1 278528 282624
4 1 397312 417792
740 1 184320 192512
740 1 249856 253952
898 1 307200 311296
899 1 434176 438272
719 1 118784 122880
359 1 438272 442368
187 1 503808 507904
331 1 135168 139264
468 1 192512 196608
227 1 106496 114688
275 1 499712 503808
468 1 262144 266240
227 1 122880 126976
135 1 376832 380928
188 1 40960 45056
20 1 311296 315392
859 1 360448 393216
128 1 417792 421888
141 1 483328 487424
693 1 20480 24576
376 1 196608 200704
807 1 516096 520192
188 1 151552 155648
563 1 172032 180224
46 1 307200 310272
22 1 225280 233472
22 1 233472 237568
591 1 409600 430080
50 1 364544 368640
64 1 163840 164352
64 1 164352 166912
64 1 166912 167936
64 1 184320 187392
64 1 187392 191488
64 1 191488 195584
64 2 195584 196608 196608 199680
64 1 199680 203776
64 1 203776 207872
64 1 207872 211968
64 1 211968 216064
64 1 216064 220160
803 1 155648 159744
651 1 462848 466944
75 1 151552 155648
594 1 282624 286720
516 1 372736 376832
666 1 151552 155648
444 1 53248 61440
75 1 53248 57344
8 1 24576 28672
671 1 106496 110592
819 1 237568 241664
821 1 57344 61440
479 1 53248 57344
36 1 143360 147456
105 1 401408 405504
761 2 434176 458752 458752 471040
133 1 237568 241664
570 3 237568 262144 262144 327680 327680 335872
139 1 516096 524288
140 1 0 17408
780 1 335872 344064
0 1 438272 458752
999 1 135168 155648
262 1 49152 52224
597 1 266240 270336
803 1 270336 274432
597 1 266240 270336
844 1 233472 253952
803 1 204800 208896
803 1 204800 208896
639 1 438272 454656
502 1 483328 499712
469 1 299008 301568
133 1 270336 274432
40 1 303104 307200
287 1 65536 73728
288 1 331776 344064
288 1 405504 409600
295 1 73728 77824
413 1 454656 458752
295 1 462848 475136
297 1 458752 466944
329 1 294912 303104
329 1 65536 69632
133 1 335872 339968
78 1 20480 24576
78 1 45056 49152
299 1 262144 266240
299 1 270336 274432
299 1 319488 323584
960 1 163840 167936
849 1 462848 479232
235 2 335872 393216 393216 401408
55 1 212992 262144
209 1 180224 184320
717 2 180224 196608 196608 249856
8 1 12288 16384
155 1 262144 278528
483 1 335872 344064
241 1 69632 73728
854 1 516096 517120
484 1 311296 315392
27 1 244736 245760
604 1 514048 515072
994 5 254464 262144 262144 327680 327680 393216 393216 458752 458752 524288
995 4 0 65536 65536 131072 131072 196608 196608 254464
145 2 458240 458752 458752 459264
553 1 223232 224256
27 1 245760 246784
604 1 515072 516096
726 1 425984 430080
145 1 459264 460288
799 1 385024 389120
813 1 270336 294912
117 1 294912 299008
917 1 311296 315392
803 1 217088 225280
917 1 393216 401408
75 1 483328 487424
66 1 262144 278528
813 1 204800 212992
6 1 24576 32768
6 2 94208 131072 131072 151552
963 2 364544 393216 393216 430080
6 2 372736 393216 393216 438272
7 2 61440 65536 65536 126976
7 1 262144 294912
7 2 303104 327680 327680 335872
7 1 520192 524288
8 1 0 61440
8 2 258048 262144 262144 323584
8 2 389120 393216 393216 454656
8 1 520192 524288
9 1 0 61440
17 2 266240 327680 327680 331776
18 2 135168 196608 196608 200704
18 1 299008 327680
18 2 389120 393216 393216 425984
526 1 53248 57344
859 1 393216 425984
142 1 225280 229376
376 1 204800 217088
700 1 454656 458752
807 1 122880 126976
187 1 434176 438272
275 1 495616 499712
944 1 217088 221184
142 1 516096 520192
187 1 495616 499712
851 1 12288 16384
376 1 233472 237568
526 1 57344 61440
859 1 425984 458752
944 1 352256 356352
188 1 0 4096
851 1 28672 32768
143 1 4096 8192
376 1 241664 249856
287 1 397312 430080
64 1 220160 224256
64 1 224256 228352
542 1 131072 135168
879 1 458752 462848
664 1 499712 503808
899 1 442368 446464
77 1 438272 442368
901 1 57344 61440
899 1 348160 356352
529 1 430080 434176
694 1 262144 266240
813 1 200704 204800
664 1 483328 487424
813 1 208896 212992
571 1 491520 503808
888 2 458240 458752 458752 460288
248 1 155648 159744
256 1 360448 364544
337 1 339968 344064
542 1 368640 372736
571 1 503808 507904
77 1 442368 450560
875 1 139264 143360
188 1 282624 286720
905 1 368640 372736
341 1 335872 339968
995 1 106496 114688
814 1 212992 217088
995 1 114688 118784
94 1 475136 499712
94 1 499712 503808
662 1 319488 323584
340 1 45056 57344
893 2 258048 262144 262144 274432
905 1 368640 372736
814 1 212992 217088
94 1 503808 524288
95 1 0 4096
149 1 212992 233472
206 1 86016 90112
340 2 57344 65536 65536 73728
975 2 126976 131072 131072 139264
858 1 393216 397312
243 1 77824 94208
723 1 471040 475136
113 1 24576 28672
723 1 483328 487424
114 1 462848 483328
727 1 430080 434176
651 1 397312 458752
850 1 270336 290816
45 1 360448 364544
651 1 458752 462848
883 1 487424 491520
264 2 454656 458752 458752 462848
688 1 147456 151552
688 1 159744 163840
395 1 372736 374784
240 1 380928 385024
558 1 0 49152
558 2 53248 65536 65536 69632
627 2 126976 131072 131072 159744
83 1 270336 274432
558 2 397312 458752 458752 462848
504 2 364544 393216 393216 397312
247 1 348160 352256
123 1 376832 380928
61 1 520192 524288
62 1 0 32768
570 2 36864 65536 65536 102400
759 1 471040 524288
760 1 0 12288
320 2 425984 458752 458752 524288
321 1 0 32768
226 2 311296 327680 327680 339968
709 4 94208 131072 131072 196608 196608 262144 262144 290816
509 1 516096 524288
510 4 0 65536 65536 131072 131072 196608 196608 221184
159 1 303104 307200
341 1 356352 372736
209 2 335872 393216 393216 401408
32 1 417792 430080
324 1 249856 253952
210 2 335872 393216 393216 401408
165 1 278528 294912
340 1 212992 217088
479 1 446464 454656
324 1 241664 245760
211 2 335872 393216 393216 401408
479 1 454656 458752
212 2 335872 393216 393216 401408
213 2 335872 393216 393216 401408
632 1 208896 229376
602 1 258048 262144
477 1 131072 167936
100 2 253952 262144 262144 286720
246 1 318976 319488
416 1 487424 524288
417 1 0 28672
483 1 344064 348160
602 1 245760 249856
477 1 167936 172032
652 2 188416 196608 196608 217088
689 1 180224 184320
834 1 241664 245760
834 1 352256 356352
807 1 77824 81920
979 1 208384 212480
921 1 163840 196608
41 2 86016 131072 131072 139264
41 1 139264 143360
240 1 417792 421888
82 1 364544 368640
131 1 323584 327680
510 1 196608 208896
778 1 495616 499712
510 1 208896 212992
205 1 421888 454656
33 1 192512 196608
94 1 286720 290816
41 1 196608 212992
262 1 446464 448000
251 1 331776 344064
469 1 163328 171520
480 1 130560 131072
472 1 48640 52736
472 1 228864 232960
477 1 204288 208384
208 1 425984 430080
167 1 507392 511488
473 1 40448 44544
109 1 429568 433664
229 1 40448 44544
477 1 474624 478720
81 1 183808 187904
146 1 335360 339456
478 1 36352 44544
246 1 462336 466432
50 1 360448 364544
786 1 352256 356352
883 1 417792 421888
160 2 442368 458752 458752 462848
980 2 192512 196608 196608 200704
80 1 483328 487424
848 1 303104 323584
59 1 262144 282624
813 1 270336 282624
848 1 323584 327680
201 1 430080 458752
213 1 278528 299008
849 1 262144 270336
80 1 417792 421888
813 1 270336 274432
235 1 8192 16384
235 1 16384 20480
91 2 323584 327680 327680 344064
48 1 417792 421888
669 1 393216 397312
809 1 405504 413696
130 1 237568 241664
873 1 172032 176128
970 2 61440 65536 65536 94208
526 1 61440 65536
900 1 319488 323584
188 1 12288 16384
64 1 516096 520192
262 1 217088 221184
376 2 253952 262144 262144 266240
904 1 69632 73728
958 1 65536 69632
390 1 192512 196608
699 1 81920 90112
376 1 270336 274432
970 1 94208 126976
958 1 131072 135168
390 1 262144 266240
47 1 77824 81920
526 1 65536 69632
699 1 196608 200704
376 1 286720 315392
813 1 290816 311296
856 1 229376 241664
738 1 8192 11264
787 1 98304 99840
856 1 241664 245760
849 1 258048 262144
851 1 262144 274432
842 1 446464 458752
843 1 327680 331776
803 1 204800 208896
567 1 442368 458752
568 1 65536 114688
851 1 274432 294912
813 1 270336 274432
76 1 8192 12288
803 1 286720 294912
330 1 352256 356352
75 1 512000 524288
76 1 0 16384
809 1 299008 303104
331 1 20480 24576
803 1 225280 229376
364 1 516096 520192
697 1 245760 249856
622 1 393216 397312
293 1 262144 270336
813 1 204800 208896
305 1 487424 491520
559 2 397312 458752 458752 462848
150 1 483840 524288
151 8 0 65536 65536 131072 131072 196608 196608 262144 262144 327680 327680 393216 393216 458752 458752 483840
29 1 77824 106496
689 1 495616 499712
560 2 266240 327680 327680 331776
504 1 397312 430080
151 1 483840 516096
553 1 224256 225280
27 1 246784 247296
604 1 516096 517120
145 1 460288 461312
232 1 36864 45056
506 1 356352 360448
575 1 90112 94208
553 1 225280 226304
995 5 254464 262144 262144 327680 327680 393216 393216 458752 458752 524288
996 4 0 65536 65536 131072 131072 196608 196608 254464
989 1 495616 507904
497 1 446464 450560
373 1 106496 118784
436 2 49152 65536 65536 106496
25 1 65536 69632
27 1 247296 248320
208 1 344064 352256
318 1 499712 503808
372 1 139264 143360
877 1 278528 282624
661 1 262144 266240
299 1 327680 331776
125 1 303104 319488
125 1 335872 352256
126 1 352256 368640
739 1 229376 233472
341 2 241664 262144 262144 274432
994 1 516096 524288
133 1 270336 274432
40 1 307200 315392
352 1 208896 225280
395 1 217088 233472
40 1 315392 319488
133 1 335872 344064
133 1 274432 278528
421 1 360448 364544
530 4 283136 327680 327680 393216 393216 458752 458752 524288
531 5 0 65536 65536 131072 131072 196608 196608 262144 262144 283136
531 4 283136 327680 327680 393216 393216 458752 458752 524288
532 5 0 65536 65536 131072 131072 196608 196608 262144 262144 283136
197 1 221184 225280
375 1 81920 90112
375 1 90112 94208
532 4 283136 327680 327680 393216 393216 458752 458752 524288
533 3 0 65536 65536 131072 131072 180224
536 3 184320 196608 196608 262144 262144 287232
796 1 468992 469504
796 1 469504 470016
0 1 438272 458752
536 4 287232 327680 327680 393216 393216 458752 458752 524288
537 4 0 65536 65536 131072 131072 196608 196608 249856
860 1 143872 144384
241 1 32768 36864
890 1 311296 315392
378 1 307200 311296
380 1 221184 225280
688 1 229376 233472
78 1 126976 129536
381 1 94208 98304
492 1 512000 516096
422 1 49152 53248
244 1 73728 77824
243 1 94208 114688
533 1 86016 90112
674 1 479232 483328
113 1 290816 303104
164 1 49152 57344
144 1 57344 61440
113 1 233472 237568
144 1 65536 69632
69 1 397312 401408
161 1 245760 262144
77 1 466944 471040
206 1 36864 45056
960 1 167936 176128
257 1 385024 389120
877 1 200704 204800
934 1 167936 172032
875 1 139264 143360
337 1 241664 245760
23 1 147456 151552
171 2 315392 327680 327680 331776
128 1 417792 438272
171 1 331776 352256
868 1 53248 57344
958 1 274432 278528
47 1 114688 118784
762 1 368640 372736
970 1 126976 131072
553 1 446464 450560
376 2 323584 327680 327680 335872
868 1 221184 225280
526 1 69632 73728
510 1 299008 303104
946 1 290816 294912
309 1 393216 421888
376 1 344064 348160
763 1 8192 12288
70 1 512000 516096
866 1 212992 217088
544 1 122880 126976
5 1 196608 200704
201 1 270336 274432
376 1 380928 393216
803 1 270336 274432
390 1 77824 81920
701 1 4096 16384
803 1 290816 294912
415 1 196608 200704
527 1 282624 286720
804 1 397312 401408
962 2 323072 327680 327680 339456
181 1 184320 188416
996 1 290816 294912
131 1 131072 135168
803 1 442368 446464
804 1 335872 348160
240 1 266240 272384
603 1 53248 57344
427 1 69632 73728
542 1 446464 450560
944 1 466944 471040
571 1 507904 520192
898 1 303104 303616
228 1 188416 192512
312 1 417792 421888
77 1 450560 454656
571 1 520192 524288
248 1 151552 155648
889 1 400896 404992
4 1 417792 430080
973 1 393216 397312
149 1 65536 69632
888 1 460288 462848
456 1 143360 147456
572 1 0 12288
1 1 290816 299008
443 1 491520 524288
444 1 458752 495616
922 2 417792 458752 458752 524288
923 7 0 65536 65536 131072 131072 196608 196608 262144 262144 327680 327680 393216 393216 417792
191 2 335872 393216 393216 438784
451 1 0 512
191 2 438784 458752 458752 524288
192 5 0 65536 65536 131072 131072 196608 196608 262144 262144 270336
225 1 409600 430080
923 2 417792 458752 458752 524288
924 7 0 65536 65536 131072 131072 196608 196608 262144 262144 327680 327680 393216 393216 417792
192 3 335872 393216 393216 458752 458752 466944
193 1 73728 111104
452 1 237568 241664
452 1 458752 462848
453 1 327680 339968
336 1 405504 421888
803 1 299008 303104
803 1 233472 241664
660 1 458752 491520
223 1 397312 401408
223 1 385024 389120
612 1 200704 229376
617 1 425984 430080
612 1 229376 233472
263 1 319488 323584
877 1 290816 294912
39 1 159744 163840
221 1 102400 106496
914 1 491520 495616
612 1 233472 258048
612 1 258048 262144
39 1 159744 163840
243 1 98304 106496
221 1 102400 106496
914 1 491520 499712
612 1 262144 299008
612 1 299008 303104
39 1 159744 163840
612 1 303104 311296
491 1 475136 479232
309 1 421888 454656
103 1 360448 364544
18 1 327680 331776
201 1 307200 311296
179 1 401408 405504
491 1 499712 503808
768 1 196608 200704
757 1 442368 446464
329 1 73728 77824
179 1 413696 417792
309 1 454656 458752
492 1 8192 12288
768 1 331776 335872
52 1 225280 229376
123 1 335872 339968
179 1 421888 425984
310 1 393216 421888
488 1 479232 483328
52 1 438272 442368
339 1 159744 163840
813 1 270336 274432
288 1 65536 69632
645 1 266240 270336
329 1 274432 278528
697 1 143360 147456
742 1 344064 348160
813 1 204800 208896
813 1 270336 278528
375 1 110592 118784
926 1 311296 319488
971 1 159744 163840
971 1 503808 507904
359 1 499712 507904
840 1 164864 165376
487 1 245760 253952
265 1 118784 126976
64 1 249856 253952
487 1 352256 360448
68 1 40960 45056
556 1 495616 499712
993 1 69632 102400
998 2 40960 65536 65536 73728
998 1 73728 77824
564 1 196096 196608
564 1 196096 196608
426 1 225280 249856
813 1 270336 274432
813 1 200704 204800
371 2 151552 196608 196608 217088
837 2 151552 196608 196608 217088
327 1 495616 524288
328 1 0 36864
884 1 159744 163840
328 2 167936 196608 196608 233472
327 3 233472 262144 262144 327680 327680 364544
319 2 98304 131072 131072 163840
98 1 368640 389120
884 1 217088 221184
761 1 405504 434176
326 5 233472 262144 262144 327680 327680 393216 393216 458752 458752 495616
829 1 487424 491520
581 1 118784 122880
995 1 0 4096
341 5 241664 262144 262144 327680 327680 393216 393216 458752 458752 487424
739 1 229376 233472
133 1 339968 344064
40 1 319488 327680
354 1 94208 110592
353 2 258048 262144 262144 274432
353 1 241664 258048
354 1 208896 225280
354 1 421888 438272
353 1 274432 290816
354 2 454656 458752 458752 471040
354 2 258048 262144 262144 274432
353 1 405504 421888
354 1 45056 61440
353 2 389120 393216 393216 405504
353 2 323584 327680 327680 339968
354 1 339968 356352
809 1 299008 303104
804 1 360448 364544
803 1 225280 233472
272 1 94208 98304
475 1 520192 524288
463 1 471040 475136
581 1 61440 65536
394 1 471040 475136
463 2 454656 458752 458752 462848
408 1 520192 524288
409 1 0 8192
583 1 311296 315392
80 1 327680 331776
148 1 516096 520192
227 1 335872 352256
148 1 520192 524288
149 1 0 4096
149 1 4096 8192
480 8 53760 65536 65536 131072 131072 196608 196608 262144 262144 327680 327680 393216 393216 458752 458752 512512
227 1 344064 348160
149 1 8192 16384
149 1 16384 20480
227 1 344064 348160
481 8 53760 65536 65536 131072 131072 196608 196608 262144 262144 327680 327680 393216 393216 458752 458752 524288
482 1 0 53760
149 1 20480 28672
149 1 28672 32768
227 1 344064 348160
482 2 430080 458752 458752 524288
483 1 0 53248
482 7 53760 65536 65536 131072 131072 196608 196608 262144 262144 327680 327680 393216 393216 425984
149 1 32768 40960
442 1 438272 442368
443 1 90112 94208
442 1 454656 458752
441 1 237568 241664
442 1 466944 471040
443 1 12288 20480
537 1 36864 45056
377 2 405504 458752 458752 491520
377 1 491520 495616
164 1 303104 311296
903 1 372224 372736
164 1 311296 315392
278 1 462848 466944
282 1 282624 286720
858 1 204800 212992
206 1 45056 49152
622 1 397312 405504
206 1 216576 220672
960 1 176128 180224
267 1 52736 65024
487 1 53248 57344
824 1 221184 225280
622 1 405504 409600
824 1 155648 159744
813 1 225280 229376
956 1 106496 110592
145 1 461312 462336
604 1 517120 518144
553 1 226304 227328
240 1 483328 487424
868 1 262144 270336
841 1 8192 9216
25 1 102400 106496
497 1 454656 458752
206 1 483328 487424
27 1 248320 249344
64 2 446464 458752 458752 462848
819 1 503808 507904
153 1 0 24576
29 1 106496 110592
561 1 200704 201216
83 1 266240 270336
844 1 192512 196608
113 1 299008 327680
151 1 516096 524288
152 7 0 65536 65536 131072 131072 196608 196608 262144 262144 327680 327680 393216 393216 393728
163 1 393216 397312
844 1 393216 401408
561 2 201216 262144 262144 266240
445 1 65536 69632
443 1 364544 368640
444 1 155648 159744
644 1 172032 184320
888 1 462848 464384
77 2 454656 458752 458752 462848
572 1 12288 16384
341 1 335872 348160
16 1 413696 421888
893 1 327680 331776
95 1 4096 8192
905 1 368640 372736
95 1 8192 16384
95 1 16384 20480
905 1 368640 372736
949 1 135168 143360
814 1 212992 217088
95 1 20480 32768
95 1 32768 36864
949 1 139264 143360
45 1 360448 368640
113 1 299008 303104
883 1 421888 425984
517 1 417792 421888
507 1 282624 286720
46 1 278528 299008
55 1 40960 45056
717 1 40960 45056
560 1 32768 36864
164 1 57344 61440
106 1 393216 401408
425 1 172032 180224
113 1 233472 237568
106 1 397312 401408
560 1 167936 172032
515 1 393216 397312
459 1 110592 114688
850 1 290816 303104
946 2 237568 262144 262144 266240
652 1 217088 221184
483 1 348160 356352
477 1 172032 192512
483 1 356352 360448
418 1 4096 8192
477 1 192512 196608
209 1 200704 225280
236 1 288256 288768
483 1 360448 393216
483 1 393216 397312
786 1 262144 274432
209 1 200704 204800
786 1 417792 421888
483 1 397312 405504
56 1 184320 188416
209 1 16384 20480
63 1 36864 40960
208 1 352256 356352
780 2 446464 458752 458752 483328
69 1 462848 463360
40 1 286720 290816
18 1 491520 524288
19 1 0 32768
19 2 163840 196608 196608 229376
19 2 454656 458752 458752 520192
20 1 131072 196608
17 1 372736 376832
9 1 188416 196608
9 2 258048 262144 262144 315392
496 1 217088 221184
547 1 401408 405504
31 1 16384 24576
583 1 217088 225280
781 1 167936 172032
9 2 446464 458752 458752 512000
980 2 24576 65536 65536 86016
10 2 184320 196608 196608 249856
980 1 86016 90112
10 1 393216 458752
11 2 102400 131072 131072 167936
768 1 389120 393216
12 1 516096 520192
179 1 430080 438272
488 1 512000 516096
633 1 471040 475136
53 1 425984 430080
564 1 450560 454656
310 1 421888 454656
489 1 69632 73728
179 1 454656 458752
564 1 475136 479232
97 1 286720 290816
246 1 507904 512000
489 1 184320 188416
179 1 466944 471040
526 1 73728 77824
310 1 454656 458752
246 1 520192 524288
701 1 475136 479232
695 1 516096 520192
597 1 266240 270336
803 1 270336 274432
597 1 266240 270336
803 1 204800 212992
597 1 266240 270336
844 1 253952 262144
803 1 274432 278528
845 1 131072 135168
597 1 266240 270336
609 1 24576 28672
803 1 208896 212992
539 1 212992 245760
610 1 16384 20480
445 1 163840 172032
790 1 466944 471040
107 1 126976 131072
683 1 16384 20480
83 1 495616 499712
83 1 0 4096
487 1 352256 356352
902 1 8192 12288
131 1 425984 430080
920 1 462848 475136
790 1 450560 454656
270 1 458752 462848
86 1 114688 118784
770 1 147456 151552
770 1 491520 495616
215 2 270336 327680 327680 335872
216 1 204800 238080
216 2 238080 262144 262144 270336
217 2 339968 393216 393216 405504
218 1 471040 524288
219 1 0 12288
219 2 405504 458752 458752 471040
220 2 405504 458752 458752 471040
428 1 348672 349184
552 1 8192 12288
222 2 77824 131072 131072 143360
552 1 40960 49152
992 1 221184 224256
360 1 114688 118272
40 1 344064 360448
575 1 286720 290816
777 1 413696 417792
819 1 159744 163840
967 1 229376 233472
24 1 102400 106496
813 1 204800 212992
730 1 262144 265216
104 1 156672 157184
775 1 385024 389120
35 1 331264 335360
229 1 60928 65024
43 1 396800 400896
35 1 470528 474624
477 1 196608 200192
548 1 445952 450048
998 1 388608 392704
805 1 491520 496128
865 1 180224 183296
865 1 233472 238080
568 1 159744 180224
697 1 237568 239616
128 1 483328 491520
568 1 204800 241664
515 1 176128 183296
813 1 278528 282624
903 1 475136 479232
776 1 438272 442368
50 1 364544 368640
444 1 196608 200704
649 2 385024 393216 393216 401408
444 1 172032 176128
447 1 167936 172032
684 1 430080 434176
572 1 16384 20480
77 1 462848 466944
572 1 114688 122880
504 2 192512 196608 196608 200704
788 2 118784 131072 131072 192512
299 1 196608 200704
969 1 311296 319488
466 1 163840 167936
466 1 409600 413696
256 1 507904 512000
179 1 475136 479232
312 1 327680 356352
434 1 327680 331776
822 1 94208 95232
550 1 204800 208896
27 1 462848 466944
91 1 299008 303104
179 1 487424 495616
550 1 417792 421888
434 1 462848 466944
509 1 159744 163840
179 1 499712 507904
258 2 36864 65536 65536 69632
879 1 81920 86016
977 1 49152 52736
195 1 53248 57344
526 1 77824 81920
435 1 12288 16384
748 1 376832 380928
998 1 131072 167936
232 1 45056 49152
667 1 12288 16384
997 3 122880 131072 131072 196608 196608 217600
145 1 462336 463360
814 1 28672 32768
368 1 159744 163840
604 1 518144 519168
996 5 254464 262144 262144 327680 327680 393216 393216 458752 458752 524288
997 2 0 65536 65536 122880
27 1 249344 250368
553 1 227328 228352
847 1 286720 290816
149 1 327680 331776
604 1 519168 520192
902 1 53248 57344
838 1 45056 49152
903 1 69632 73728
640 1 348160 352256
249 2 188416 196608 196608 225280
66 1 376832 380928
920 1 475136 479232
722 1 32768 36864
902 1 249856 253952
458 1 413696 446464
196 1 57344 61440
640 1 380928 385024
777 1 65536 69632
864 4 262144 327680 327680 393216 393216 458752 458752 524288
865 4 0 65536 65536 131072 131072 196608 196608 262144
862 2 196608 262144 262144 311296
494 6 192512 196608 196608 262144 262144 327680 327680 393216 393216 458752 458752 524288
495 2 0 65536 65536 118784
55 1 339968 341504
942 3 237568 262144 262144 327680 327680 393216
940 2 131072 196608 196608 262144
158 1 131072 196608
489 1 0 65536
143 1 458752 507904
889 3 327680 393216 393216 458752 458752 524288
144 1 512000 524288
145 1 0 45056
122 1 409600 417792
562 4 282624 327680 327680 393216 393216 458752 458752 524288
563 5 0 65536 65536 131072 131072 196608 196608 262144 262144 282624
143 1 512000 524288
144 8 0 65536 65536 131072 131072 196608 196608 262144 262144 327680 327680 393216 393216 458752 458752 512000
217 1 163840 164864
563 4 282624 327680 327680 393216 393216 458752 458752 524288
564 5 0 65536 65536 131072 131072 196608 196608 262144 262144 282624
839 1 270336 274432
697 2 172032 196608 196608 221184
697 1 221184 225280
803 1 282624 311296
74 1 495616 512000
74 1 516096 524288
483 1 405504 409600
452 1 73728 81920
803 1 290816 315392
546 1 413696 430080
67 1 409600 439296
348 1 57344 61440
246 1 294912 323584
689 1 180224 184320
834 1 335872 339968
689 1 241664 245760
834 1 290816 294912
236 1 270336 290816
834 1 356352 360448
420 3 376832 393216 393216 458752 458752 495616
483 1 409600 417792
989 1 139264 169984
133 3 126976 131072 131072 196608 196608 211968
697 1 90112 131072
960 1 180224 188416
235 1 401408 405504
858 1 208896 212992
960 1 188416 192512
306 1 184320 188416
622 1 409600 417792
797 1 462848 466944
663 1 110592 118784
529 1 131072 135168
64 1 438272 458752
714 1 327680 380928
65 1 131072 143360
714 1 380928 385024
409 1 356352 365568
85 1 217088 221184
338 2 53248 65536 65536 74240
884 1 270336 271872
337 1 479232 480256
966 1 397312 434176
82 1 487424 491520
83 1 479232 483328
261 1 492032 524288
262 8 0 65536 65536 131072 131072 196608 196608 262144 262144 327680 327680 393216 393216 458752 458752 492032
40 1 274432 278528
508 1 372736 380928
152 1 459264 524288
661 1 421888 454656
562 2 135168 196608 196608 200704
153 8 32768 65536 65536 131072 131072 196608 196608 262144 262144 327680 327680 393216 393216 458752 458752 492032
539 1 61440 65536
83 1 270336 274432
564 2 4096 65536 65536 69632
549 1 98304 102400
526 1 520192 524288
149 1 348160 360448
186 1 0 4096
539 1 131072 159744
83 1 266240 270336
78 1 249856 253952
78 1 274432 278528
78 1 212992 217088
329 1 184320 188416
547 1 503808 512000
572 1 122880 126976
649 1 401408 405504
443 1 352256 356352
312 1 69632 73728
256 2 380928 393216 393216 401408
685 1 368640 372736
788 1 192512 196608
572 2 126976 131072 131072 139264
408 1 180224 184320
220 1 57344 61440
603 1 352256 356352
148 1 274432 282624
619 1 495616 499712
806 1 196608 200704
633 1 397312 401408
249 1 225280 229376
719 1 438272 442368
803 1 294912 299008
806 1 237568 241664
633 1 409600 413696
54 2 126976 131072 131072 147456
943 1 417792 421888
321 1 471040 475136
959 1 458752 462848
684 1 101888 105984
219 1 163328 167424
86 1 335872 339968
684 1 101888 105984
219 1 163328 167424
684 1 101888 105984
96 1 385024 389120
887 1 348160 351744
219 1 163328 167424
884 1 118784 122880
893 1 40960 45056
223 1 397312 401408
603 1 12288 16384
127 1 389120 393216
34 1 0 32768
803 1 270336 274432
142 1 217088 221184
5 1 221184 225280
5 1 323584 327680
6 1 327680 339968
5 1 225280 237568
454 1 204800 208896
253 1 77824 86016
128 1 421888 425984
253 1 221184 225280
253 1 221184 229376
253 1 233472 237568
253 1 221184 225280
445 1 122880 128000
119 1 98304 102400
585 1 319488 327680
214 1 147456 151552
788 1 339968 344064
314 1 360448 368640
20 1 139264 143360
308 1 69632 73728
305 1 512000 524288
306 1 0 8192
254 1 475136 479232
79 1 466944 475136
622 1 417792 421888
960 2 192512 196608 196608 225280
79 1 475136 479232
89 1 446464 450560
147 2 389120 393216 393216 397312
147 1 397312 401408
512 1 122880 131072
836 1 73728 77824
836 1 499712 503808
837 1 77824 86016
883 1 196608 245760
883 1 245760 249856
512 1 122880 126976
883 1 249856 258048
354 2 389120 393216 393216 405504
354 2 126976 131072 131072 143360
40 1 327680 331776
133 1 274432 278528
40 1 376832 393216
41 1 0 4096
999 1 376832 393216
803 1 270336 274432
739 1 229376 233472
0 1 131072 135168
40 1 331776 348160
803 1 286720 290816
40 1 348160 352256
27 1 487424 495616
27 1 495616 499712
255 1 278528 282624
663 1 90112 94208
254 1 458752 462848
255 1 380928 385024
334 2 393216 458752 458752 475136
358 1 90112 94208
256 1 204800 208896
383 1 61440 65536
384 1 253952 258048
258 1 139264 143360
390 1 241664 245760
389 1 114688 118784
382 1 184320 188416
193 1 111104 122880
924 2 417792 458752 458752 524288
925 7 0 65536 65536 131072 131072 196608 196608 262144 262144 327680 327680 393216 393216 417792
55 1 200704 204800
1 1 237568 241664
885 1 413696 417792
193 7 126976 131072 131072 196608 196608 262144 262144 327680 327680 393216 393216 458752 458752 524288
194 2 0 65536 65536 115200
221 3 331776 393216 393216 458752 458752 524288
222 6 0 65536 65536 131072 131072 196608 196608 262144 262144 327680 327680 331776
223 3 331776 393216 393216 458752 458752 524288
224 6 0 65536 65536 131072 131072 196608 196608 262144 262144 327680 327680 331776
224 3 331776 393216 393216 458752 458752 524288
225 4 0 65536 65536 131072 131072 196608 196608 262144
222 3 331776 393216 393216 458752 458752 524288
223 6 0 65536 65536 131072 131072 196608 196608 262144 262144 327680 327680 331776
194 6 115200 131072 131072 196608 196608 262144 262144 327680 327680 393216 393216 405504
925 2 417792 458752 458752 524288
926 7 0 65536 65536 131072 131072 196608 196608 262144 262144 327680 327680 393216 393216 417792
205 1 262144 327680
205 1 327680 331776
194 1 471040 524288
195 3 0 65536 65536 131072 131072 180736
535 1 294912 298496
926 2 417792 458752 458752 491520
926 1 491520 524288
927 3 0 65536 65536 131072 131072 155648
537 1 299008 311296
145 1 463360 464384
553 1 228352 229376
27 1 250368 251392
847 1 311296 315392
997 2 217600 262144 262144 266240
604 1 520192 521216
998 2 167936 196608 196608 258560
653 1 106496 110592
594 1 352256 356352
145 1 464384 465408
997 4 270336 327680 327680 393216 393216 458752 458752 487936
997 1 487936 524288
998 2 0 65536 65536 131072
537 1 311296 315392
629 2 7168 65536 65536 72704
848 1 307200 323584
62 1 466944 471040
797 1 8192 45568
796 1 470016 470528
860 1 152064 152576
595 5 237568 262144 262144 327680 327680 393216 393216 458752 458752 524288
596 4 0 65536 65536 131072 131072 196608 196608 237568
796 1 470528 471040
797 8 45568 65536 65536 131072 131072 196608 196608 262144 262144 327680 327680 393216 393216 458752 458752 524288
798 1 0 45568
596 5 237568 262144 262144 327680 327680 393216 393216 458752 458752 524288
597 4 0 65536 65536 131072 131072 196608 196608 237568
21 1 507904 524288
22 1 0 16384
226 1 172032 176128
798 8 45568 65536 65536 131072 131072 196608 196608 262144 262144 327680 327680 393216 393216 458752 458752 524288
799 1 0 45568
597 2 237568 262144 262144 303104
598 1 327680 385024
597 4 303104 327680 327680 393216 393216 458752 458752 524288
598 3 0 65536 65536 131072 131072 180224
799 2 45568 65536 65536 122880
226 1 327680 328192
179 1 516096 524288
987 1 299008 303104
45 2 454656 458752 458752 487424
987 1 364544 368640
195 2 126976 131072 131072 135168
503 1 69632 73728
526 1 81920 86016
505 1 8192 12288
748 1 479232 483328
922 1 495616 499712
45 1 487424 520192
706 1 193024 193536
273 1 446464 450048
923 1 4096 8192
19 2 266240 327680 327680 331776
45 1 520192 524288
46 1 0 28672
114 1 28672 36864
923 1 57344 61440
114 1 36864 40960
954 1 151552 155648
77 1 466944 499712
125 1 122880 126976
148 1 282624 286720
125 1 81920 90112
451 1 507904 512000
572 1 139264 143360
77 1 499712 503808
803 1 204800 208896
185 1 40960 49152
185 1 49152 53248
157 1 372736 389120
824 1 129536 130048
25 1 8192 12288
52 1 176128 180224
715 1 503808 506880
828 1 212992 214528
977 2 172032 196608 196608 233472
902 1 487424 491520
903 1 32768 36864
419 1 167936 172032
867 1 344064 348160
87 1 229376 233472
641 1 200704 204800
958 3 323584 327680 327680 393216 393216 434176
958 1 434176 438272
972 1 0 4096
189 1 208896 217088
958 2 438272 458752 458752 462848
189 1 217088 221184
959 1 69632 73728
959 1 73728 77824
972 1 20480 24576
32 1 413696 417792
751 1 258048 262144
874 1 167936 176128
633 1 434176 438272
874 1 180224 184320
409 1 487424 491520
752 1 167936 172032
165 1 196608 212992
901 1 94208 98304
803 1 229376 237568
867 1 188416 192512
876 1 147456 155648
813 1 204800 208896
848 1 221184 241664
162 1 110592 118784
572 1 512 1024
162 1 118784 122880
572 1 8704 9216
572 1 19968 20480
848 1 241664 245760
848 1 278528 286720
564 1 196608 197120
37 1 499712 524288
7 1 167936 172032
123 1 114688 118784
634 2 61440 65536 65536 94208
117 1 294912 307200
761 1 417792 421888
848 1 221184 241664
573 1 356352 380928
117 1 307200 311296
813 1 212992 221184
123 1 143360 155648
848 1 241664 245760
26 1 204800 212992
848 1 278528 286720
132 2 454656 458752 458752 462848
26 1 212992 217088
664 1 438272 446464
132 1 462848 466944
564 1 462848 524288
565 1 0 4096
160 1 417792 421888
526 1 266240 270336
381 1 126976 131072
260 1 385024 393216
392 1 172032 176128
527 1 458752 462848
386 1 446464 450560
387 1 389120 393216
527 1 65536 69632
524 1 266240 270336
524 1 8192 12288
153 1 492032 524288
154 8 0 65536 65536 131072 131072 196608 196608 262144 262144 327680 327680 393216 393216 458752 458752 492032
252 1 495616 503808
252 1 516096 520192
528 1 421888 434176
869 1 409600 413696
520 1 405504 409600
98 2 389120 393216 393216 401408
440 1 110592 114688
314 1 311296 315392
440 1 110592 114688
408 1 520192 524288
409 1 0 8192
269 1 409600 413696
409 1 8192 12288
269 1 413696 417792
652 1 16384 36864
269 1 409600 413696
409 1 12288 20480
841 1 520192 524288
863 1 212992 221184
108 1 327680 344064
331 1 385024 393216
354 1 475136 507904
42 1 471040 475136
274 1 4096 32768
813 1 204800 208896
144 1 32768 45056
113 1 299008 311296
274 1 32768 36864
946 1 266240 270336
144 1 49152 57344
883 1 401408 405504
883 1 466944 471040
883 1 401408 405504
883 1 466944 471040
177 1 487424 491520
215 2 413696 458752 458752 524288
216 1 0 36352
483 1 417792 421888
750 1 327680 342528
178 1 69632 73728
82 2 167936 196608 196608 200704
178 1 77824 86016
178 1 102400 114688
209 1 225280 249856
178 1 135168 139264
484 1 163840 167936
483 1 421888 450560
178 1 155648 159744
484 1 167936 172032
553 1 229376 230400
604 1 521216 522240
373 1 237568 241664
448 1 155648 159744
318 1 151552 155648
934 1 319488 323584
145 1 465408 466432
223 1 397312 401408
509 1 499712 503808
668 1 380928 389120
368 1 159744 163840
175 1 90112 98304
244 1 86016 90112
335 2 94208 131072 131072 155648
553 1 230400 231424
318 1 163840 167936
604 1 522240 524288
605 1 0 3584
858 1 208896 212992
463 1 393216 397312
572 1 143360 155648
256 1 380928 385024
32 1 479232 487424
927 1 245760 249856
960 1 393216 397312
876 1 192512 196608
258 1 401408 405504
26 1 196608 198144
564 1 53248 57344
112 1 434176 438272
317 1 135168 151552
211 1 65536 69632
211 1 110592 114688
212 1 69632 73728
317 1 151552 155648
938 1 249856 253952
978 1 520192 524288
555 1 221184 225280
549 1 57344 61440
979 1 262144 278528
850 1 491520 503808
96 1 196608 221184
813 1 270336 278528
96 1 221184 225280
357 1 483328 487424
612 1 311296 315392
39 1 159744 172032
914 1 495616 499712
612 1 315392 327680
612 1 327680 331776
39 1 163840 167936
612 1 331776 339968
241 1 90112 94208
612 1 339968 344064
291 1 339968 360448
39 1 163840 167936
263 1 319488 323584
914 1 495616 499712
877 1 356352 360448
223 2 143360 196608 196608 208896
224 2 77824 131072 131072 143360
225 1 77824 111104
225 2 111104 131072 131072 143360
603 1 323584 327680
419 1 516096 524288
420 1 0 16384
604 1 0 4096
32 1 417792 421888
226 2 409600 458752 458752 475136
223 1 393216 397312
227 2 344064 393216 393216 409600
32 1 413696 417792
228 2 409600 458752 458752 475136
223 1 385024 389120
767 1 274432 307200
238 2 16384 65536 65536 81920
742 1 278016 282112
599 1 397312 401408
813 1 204800 212992
813 1 274432 278528
599 1 397312 401408
813 1 208896 212992
59 1 282624 294912
813 1 274432 278528
206 1 385024 389120
91 1 458752 475136
206 1 434176 438272
813 1 208896 212992
91 1 475136 495616
853 1 131072 135168
883 1 483328 487424
853 1 131072 139264
883 1 417792 421888
905 1 368640 372736
95 1 36864 45056
95 1 45056 49152
905 1 368640 372736
814 1 212992 217088
95 1 49152 61440
95 1 61440 65536
639 1 139264 143360
690 1 471040 479232
905 1 368640 372736
336 1 499712 503808
814 1 212992 217088
95 1 65536 77824
95 1 77824 81920
905 1 368640 372736
870 1 102400 106496
870 1 118784 122880
388 1 102400 106496
869 1 450560 454656
870 1 126976 131072
387 1 454656 458752
539 1 159744 192512
870 1 278528 282624
870 1 299008 303104
43 1 229376 237568
865 1 110592 118784
180 1 90112 98304
737 1 487424 495616
332 1 94208 106496
802 1 331776 339968
50 1 229376 233472
865 2 61440 65536 65536 98304
865 1 102400 122880
907 1 245760 249856
520 1 110592 118784
996 1 319488 323584
865 1 122880 126976
484 1 208896 211968
813 1 204800 208896
848 1 221184 241664
245 1 122880 131072
848 1 278528 286720
848 1 241664 245760
833 1 458752 524288
834 6 0 65536 65536 131072 131072 196608 196608 262144 262144 327680 327680 368640
122 1 417792 421888
409 1 397312 401408
446 1 184320 188416
955 1 503808 507904
219 1 262144 266240
143 1 405504 409600
944 1 196608 262144
629 2 368640 393216 393216 454656
688 1 4096 6144
565 3 282624 327680 327680 393216 393216 458752
989 1 499712 524288
990 2 0 65536 65536 98304
564 4 282624 327680 327680 393216 393216 458752 458752 524288
565 5 0 65536 65536 131072 131072 196608 196608 262144 262144 282624
947 6 131072 196608 196608 262144 262144 327680 327680 393216 393216 458752 458752 524288
948 1 0 65536
649 1 241664 245760
990 1 98304 102400
333 1 282624 294912
543 1 286720 319488
333 1 331776 339968
566 6 0 65536 65536 131072 131072 196608 196608 262144 262144 327680 327680 348160
802 1 491520 494592
534 1 339968 342016
803 1 204800 212992
588 1 442368 445440
391 1 32768 61440
391 1 61440 65536
258 6 28672 65536 65536 131072 131072 196608 196608 262144 262144 327680 327680 393216
260 2 196608 262144 262144 315392
167 2 20480 65536 65536 131072
291 1 196608 241664
740 1 200704 245760
46 1 28672 61440
526 1 86016 90112
293 1 180224 184320
503 1 253952 258048
954 1 172032 176128
526 1 90112 94208
176 1 61440 65536
46 2 61440 65536 65536 94208
176 1 159744 163840
987 1 471040 475136
589 1 438272 442368
870 1 81920 86016
956 1 200704 208896
445 1 458752 462848
180 1 8192 12288
46 1 94208 126976
589 1 491520 495616
171 1 356352 360448
872 1 442368 446464
590 1 0 4096
960 1 225280 229376
603 1 147456 151552
813 1 270336 274432
102 1 49152 53248
813 1 204800 208896
138 1 311296 315392
9 1 73728 77824
937 1 409600 410624
583 1 331776 335872
491 1 126976 131072
140 1 229376 233472
599 2 229376 262144 262144 294912
674 1 139264 143360
675 1 90112 94208
674 1 102400 106496
675 1 57344 61440
674 1 118784 122880
675 1 77824 81920
42 1 507904 524288
737 2 376832 393216 393216 425984
23 2 258048 262144 262144 290816
23 1 290816 294912
455 1 102400 110592
455 1 110592 114688
803 1 204800 225280
705 1 241664 242688
0 1 475136 495616
803 1 204800 208896
782 1 81920 86016
782 1 65536 69632
753 1 53248 61440
223 1 397312 401408
223 1 389120 393216
19 1 262144 274432
884 1 434176 442368
961 1 36864 40960
803 1 299008 307200
594 1 282624 286720
901 1 65536 69632
961 1 90112 94208
142 1 245760 249856
901 1 77824 81920
961 1 143360 147456
901 1 86016 90112
803 1 237568 241664
934 1 327680 331776
223 1 393216 397312
145 1 466432 467456
537 1 315392 323584
786 1 98304 102400
998 5 258560 262144 262144 327680 327680 393216 393216 458752 458752 524288
999 1 0 61440
335 1 155648 159744
786 1 110592 118784
537 1 323584 327680
850 1 110592 131072
373 1 237568 245760
803 1 274432 278528
999 2 454656 458752 458752 524288
0 1 0 61440
699 1 319488 327680
699 2 324608 327680 327680 389120
901 1 372736 373760
950 1 442368 446464
7 1 299008 307200
841 1 507904 524288
866 1 483328 503808
866 1 503808 507904
842 1 327680 348160
824 1 129536 130560
24 1 466944 471040
40 1 360448 380928
126 1 200704 204800
125 1 126976 131072
77 1 503808 512000
213 1 278528 294912
572 1 155648 159744
539 1 163840 168448
149 1 40960 45056
215 1 512000 524288
216 1 0 20480
539 2 168448 196608 196608 229376
907 1 376832 380928
57 1 462848 466944
226 1 413696 417792
526 1 45056 48640
483 8 53248 65536 65536 131072 131072 196608 196608 262144 262144 327680 327680 393216 393216 458752 458752 516608
341 1 380416 381440
341 1 381440 381952
483 1 516608 524288
484 8 0 65536 65536 131072 131072 196608 196608 262144 262144 327680 327680 393216 393216 458752 458752 516608
135 1 258048 262144
656 1 86016 90112
651 1 245760 262144
580 1 512000 515584
656 1 110592 131072
135 1 249856 253952
883 1 389120 393216
109 1 208896 212992
575 1 434176 458752
954 1 20480 24576
406 1 495616 497664
38 1 319488 327680
813 1 270336 274432
38 1 327680 331776
813 1 204800 208896
875 1 335872 339968
699 1 425984 430080
896 1 491520 495616
829 1 446464 450560
768 1 339968 344064
357 1 159744 163840
739 1 229376 237568
0 1 135168 147456
40 1 352256 360448
41 1 4096 16384
244 1 397312 401408
236 1 49152 57344
40 1 360448 364544
62 1 28672 32768
739 1 233472 237568
236 1 442368 446464
999 1 294912 311296
40 1 364544 372736
803 1 274432 282624
156 1 389120 393216
709 1 487424 491520
814 1 45056 49152
108 1 344064 348160
63 1 36864 40960
43 1 65536 90112
369 1 278528 282624
90 1 454656 458752
301 1 311296 327680
420 1 77824 98304
600 2 360448 393216 393216 425984
305 1 512000 516096
383 1 356352 360448
911 1 368640 372736
947 1 237568 241664
80 1 417792 421888
77 1 512000 516096
956 1 225280 229376
180 1 24576 28672
46 1 126976 131072
590 1 8192 12288
617 1 516096 520192
180 1 32768 40960
194 1 253952 262144
838 1 36864 40960
43 1 0 28672
194 1 335872 339968
673 1 397312 430080
332 1 94208 114688
194 1 425984 430080
288 1 409600 413696
942 1 196608 200704
180 1 45056 49152
838 1 49152 53248
923 1 135168 139264
787 1 20480 28672
126 1 217088 221184
612 1 344064 356352
16 1 471040 475136
428 1 253952 262144
428 1 323584 327680
612 1 356352 360448
575 1 520192 524288
575 1 512000 516096
447 1 380928 389120
435 1 57344 61440
620 1 98304 102400
447 1 258048 262144
39 1 163840 167936
292 1 462848 471040
291 1 360448 364544
847 1 221184 225280
845 1 69632 86016
813 1 270336 274432
496 1 499712 503296
812 1 380928 385024
176 1 462848 466944
803 1 270336 278528
958 1 81920 86016
959 1 94208 102400
176 1 491520 499712
157 2 389120 393216 393216 409600
178 1 491520 495616
743 1 225280 229376
609 1 28672 32768
179 1 0 8192
743 2 253952 262144 262144 278528
745 1 229376 233472
224 1 172032 180224
609 1 32768 36864
224 1 180224 184320
205 1 339968 356352
865 1 245760 253952
205 1 356352 376832
609 1 36864 40960
900 1 217088 221184
799 7 126976 131072 131072 196608 196608 262144 262144 327680 327680 393216 393216 458752 458752 508416
226 1 328192 328704
598 3 180224 196608 196608 262144 262144 327680
226 1 328704 332800
860 1 159744 160256
226 1 332800 336896
598 3 385024 393216 393216 458752 458752 524288
599 4 0 65536 65536 131072 131072 196608 196608 237568
223 1 393216 397312
796 1 471552 472064
800 8 49664 65536 65536 131072 131072 196608 196608 262144 262144 327680 327680 393216 393216 458752 458752 524288
801 1 0 49664
444 6 168448 196608 196608 262144 262144 327680 327680 393216 393216 458752 458752 524288
445 1 0 16384
754 1 159744 167936
7 1 425984 434176
188 1 31232 31744
599 5 237568 262144 262144 327680 327680 393216 393216 458752 458752 524288
600 4 0 65536 65536 131072 131072 196608 196608 237568
539 1 192512 196608
334 1 475136 479232
160 1 483328 491520
42 1 479232 483328
829 2 258048 262144 262144 266240
961 1 192512 196608
901 1 208896 212992
961 1 212992 217088
901 1 241664 245760
258 1 401408 405504
621 1 520192 521728
901 1 249856 253952
16 1 512000 524288
395 1 98304 102400
803 1 303104 307200
438 1 253952 258048
438 1 290816 294912
848 1 12288 16384
679 1 233472 241664
887 1 90112 94208
438 1 356352 360448
850 1 438272 442368
847 1 278528 282624
495 1 438272 442368
850 1 393216 397312
914 1 495616 499712
343 1 167936 172032
599 1 188416 192512
594 1 188416 192512
218 1 278528 282624
411 1 81920 86016
166 1 434176 438272
245 1 49152 54272
644 1 237568 241664
307 1 471040 475136
443 1 397312 405504
172 1 200704 204800
326 1 307200 323584
172 1 188416 192512
813 1 212992 217088
326 1 323584 327680
327 1 0 12288
106 1 69632 73728
966 1 192000 196096
966 1 192000 196096
966 1 192000 196096
174 1 93696 97792
174 1 93696 97792
174 1 93696 97792
994 1 24576 28672
439 1 81920 86016
439 1 73728 77824
605 1 16384 20480
237 1 286720 290816
408 1 278528 282624
427 1 446464 450560
540 1 294912 303104
942 1 438272 440832
12 1 32768 36864
290 1 249856 253952
220 1 434176 442368
333 1 348160 352256
290 2 258048 262144 262144 266240
559 1 368640 380928
220 1 442368 446464
566 3 348160 393216 393216 458752 458752 524288
567 6 0 65536 65536 131072 131072 196608 196608 262144 262144 327680 327680 348160
567 3 348160 393216 393216 458752 458752 524288
568 5 0 65536 65536 131072 131072 196608 196608 262144 262144 327680
559 1 417792 425984
573 1 393216 413696
559 1 434176 438272
501 1 360448 376832
390 1 512000 516096
425 1 331776 335872
408 1 507904 512000
139 1 303104 307200
573 1 233472 241664
566 1 462848 512000
501 1 376832 380928
566 1 512000 516096
205 2 192512 196608 196608 200704
205 1 200704 204800
960 1 229376 237568
848 1 368640 376832
848 1 409600 421888
622 1 421888 450560
960 1 237568 241664
813 1 274432 282624
622 1 450560 454656
87 1 389120 393216
84 1 454656 458752
824 1 155648 159744
928 1 0 57344
927 4 159744 196608 196608 262144 262144 327680 327680 364544
195 2 180736 196608 196608 208896
927 3 364544 393216 393216 458752 458752 495616
195 4 274432 327680 327680 393216 393216 458752 458752 524288
196 2 0 65536 65536 77824
936 7 49152 65536 65536 131072 131072 196608 196608 262144 262144 327680 327680 393216 393216 442368
196 2 274432 327680 327680 377344
14 1 12288 16384
2 1 0 8192
10 1 4096 16384
293 1 319488 322048
936 2 442368 458752 458752 524288
937 7 0 65536 65536 131072 131072 196608 196608 262144 262144 327680 327680 393216 393216 442368
192 1 53248 65536
196 2 442880 458752 458752 524288
197 7 0 65536 65536 131072 131072 196608 196608 262144 262144 327680 327680 393216 393216 442880
479 1 163840 167936
373 1 249856 253952
838 2 392704 393216 393216 396800
0 2 323584 327680 327680 389632
223 1 397312 401408
373 1 237568 241664
803 1 208896 212992
653 1 110592 118784
0 3 389632 393216 393216 458752 458752 524288
1 2 0 65536 65536 126976
223 1 393216 397312
260 1 516096 519680
417 1 491520 495616
69 1 372736 385024
43 1 90112 94208
154 1 45056 53248
576 2 389120 393216 393216 421888
590 1 28672 32768
588 1 446464 450560
466 1 147456 196608
126 1 245760 249856
485 1 307200 311296
180 1 57344 61440
773 1 413696 417792
576 1 421888 454656
126 1 450560 454656
838 1 217088 221184
466 1 393216 434176
660 1 466944 499712
526 1 94208 98304
180 1 69632 73728
378 1 397312 401408
388 1 315392 319488
838 1 253952 258048
451 1 352256 356352
180 1 86016 90112
252 1 163840 165376
232 1 339968 341504
600 1 389120 393216
150 1 204800 208896
54 1 352256 356352
67 1 98304 102400
642 1 233472 237568
699 1 413696 417792
860 1 303104 307200
261 1 282624 286208
612 1 360448 372736
226 1 86016 90112
264 1 20480 24064
222 1 131072 132608
221 1 278528 282624
605 1 315392 319488
738 1 487424 501760
940 1 499712 501760
291 1 167936 172032
572 1 159744 172032
947 1 245760 249856
990 1 397312 401408
445 1 69632 73728
526 1 380416 384512
149 1 65536 69632
456 1 139264 143360
572 1 172032 176128
447 1 163840 167936
83 1 270336 274432
602 2 32768 65536 65536 98304
406 1 61440 65536
780 1 176128 180224
775 1 413696 417792
813 1 270336 274432
248 1 262144 311296
803 1 204800 208896
192 1 299008 311296
193 1 225280 229376
245 1 122880 126976
803 1 270336 274432
934 1 143360 147456
478 1 438272 442368
557 1 311296 315392
126 1 69632 71168
557 1 221184 229376
485 1 147456 151552
341 1 241664 245760
581 1 90112 98304
40 1 372736 376832
575 1 450560 454656
236 1 442368 446464
236 1 458752 462848
231 1 516096 520192
236 1 466944 471040
671 1 458752 462848
706 1 86016 90112
741 1 307200 311296
236 1 442368 446464
80 1 438272 450560
739 1 233472 237568
788 1 151552 155648
885 2 61440 65536 65536 69632
40 1 376832 393216
964 1 389120 393216
664 1 446464 450560
965 1 425984 430080
523 1 286720 290816
353 1 106496 114688
354 1 401408 405504
76 1 77824 106496
354 1 40960 45056
215 1 397312 400896
76 1 106496 110592
83 1 229376 237568
8 1 12288 16384
83 1 237568 241664
18 2 61440 65536 65536 69632
18 1 69632 73728
714 1 155648 156160
165 1 212992 233472
804 1 327680 335872
17 1 131072 139264
395 1 315392 319488
32 1 417792 425984
813 1 270336 274432
395 1 344064 348160
66 1 376832 380928
395 1 417792 421888
619 1 495616 499712
813 1 200704 204800
408 1 286720 290816
554 1 393216 421888
406 1 110592 114688
154 1 492032 524288
155 8 0 65536 65536 131072 131072 196608 196608 262144 262144 327680 327680 393216 393216 458752 458752 492032
775 1 151552 155648
239 2 81920 131072 131072 147456
304 1 249856 250368
240 2 16384 65536 65536 81920
428 1 349696 350208
240 1 475136 524288
241 1 0 16384
304 1 258048 258560
241 1 417792 451072
304 1 266240 266752
241 2 451072 458752 458752 483328
243 2 155648 196608 196608 221184
397 1 495616 512000
658 1 65536 81920
484 1 516608 524288
485 8 0 65536 65536 131072 131072 196608 196608 262144 262144 327680 327680 393216 393216 458752 458752 516608
848 1 69120 73216
848 2 65024 65536 65536 69120
999 1 220672 224768
462 1 69120 77312
848 1 69120 73216
227 1 344064 348160
358 2 118784 131072 131072 143360
149 1 45056 53248
45 1 376832 380928
845 1 69632 73728
957 1 512000 520192
824 1 130048 131072
25 1 8192 12288
824 2 130560 131072 131072 159744
417 1 507904 512000
74 1 184320 188416
74 1 196608 200704
442 1 339968 348160
82 1 372736 376832
77 1 118784 122880
576 2 454656 458752 458752 487424
684 1 401408 405504
747 1 421888 425984
571 1 184320 188416
379 1 16384 20480
660 1 499712 524288
661 1 0 8192
180 2 122880 131072 131072 147456
823 1 225280 237568
379 1 77824 81920
685 1 77824 81920
576 1 487424 520192
430 1 102400 106496
180 1 159744 180224
803 1 286720 290816
141 1 167936 172032
680 1 147456 151552
379 1 155648 159744
813 1 204800 217088
377 1 24576 28672
160 1 385024 389120
70 1 32768 36864
70 1 126976 131072
70 1 471040 475136
80 1 446464 450560
81 1 446464 450560
80 1 499712 503808
81 1 397312 401408
530 1 69632 73728
530 1 77824 90112
495 1 483328 487424
311 1 36864 40960
530 1 94208 102400
312 1 28672 36864
312 1 69632 73728
530 1 106496 110592
535 1 278528 282624
532 1 294912 299008
566 1 438272 442368
573 1 69632 73728
108 1 28672 32768
104 1 158208 158720
766 1 483328 487424
137 1 438272 442368
460 1 122880 131072
11 2 233472 262144 262144 299008
278 1 405504 409600
11 1 499712 512000
12 1 135168 188416
12 2 32768 65536 65536 98304
460 1 131072 135168
12 1 516096 524288
13 1 0 57344
459 1 499712 524288
460 1 0 49152
460 1 49152 53248
906 1 245760 253952
935 1 512000 524288
936 1 0 8192
936 1 8192 12288
577 1 212992 225280
577 1 225280 229376
858 1 438272 450560
209 1 225280 229376
484 1 172032 180224
484 1 180224 184320
689 1 180224 184320
689 1 241664 245760
834 1 290816 294912
834 1 356352 360448
834 1 385024 389120
403 1 393216 394752
193 1 307200 311296
790 1 520192 524288
612 1 372736 376832
117 1 466944 471040
291 1 188416 196608
226 1 131072 135168
933 1 311296 315392
680 1 462848 466944
250 1 20480 24576
291 1 212992 217088
685 1 200704 204800
39 1 163840 167936
250 1 32768 65536
20 1 106496 110592
685 1 221184 225280
914 1 495616 499712
507 1 16384 20480
470 3 122880 131072 131072 196608 196608 200704
488 1 135168 139264
477 1 167936 172032
330 1 409600 413696
263 1 471040 475136
433 1 299008 302592
263 1 438272 442368
290 1 270336 274432
573 2 413696 458752 458752 524288
574 7 0 65536 65536 131072 131072 196608 196608 262144 262144 327680 327680 393216 393216 413696
498 1 0 4096
744 1 225280 229376
870 2 278528 327680 327680 393216
290 1 290816 294912
241 1 262144 266240
843 1 147456 167936
58 1 196608 241664
803 1 204800 208896
803 1 196608 200704
256 1 253952 262144
258 1 65536 69632
46 1 106496 110080
256 1 290816 311296
130 1 155648 159744
258 1 155648 163840
813 1 204800 208896
950 1 335872 339968
258 1 270336 282624
50 1 360448 364544
761 1 110592 114688
723 1 471040 479232
576 1 520192 524288
577 1 0 28672
653 1 380928 385024
122 1 401408 405504
180 1 184320 188416
526 1 98304 102400
145 1 356352 360448
160 1 466944 471040
686 1 45056 49152
829 1 425984 430080
32 1 339968 344064
373 1 491520 494080
180 1 212992 229376
902 1 36864 40960
577 1 28672 61440
161 1 57344 61440
424 1 503808 507904
817 1 397312 405504
180 1 233472 237568
571 1 258048 262144
686 1 49152 53248
853 1 135168 143360
883 1 483328 487424
988 2 450560 458752 458752 466944
280 1 32768 36864
594 2 101888 131072 131072 138752
358 1 90112 92672
42 2 425984 458752 458752 471040
594 1 138752 142848
853 1 139264 143360
732 1 224768 228864
883 1 417792 421888
484 1 327680 335872
484 1 339968 344064
573 1 90112 98304
512 1 405504 409600
512 1 163840 176128
96 1 258048 262144
538 1 77824 81920
833 1 49152 53248
941 1 270336 274432
889 1 475136 483328
446 1 290816 294912
391 1 315392 319488
885 1 118784 126976
181 1 196608 204800
133 1 12288 16384
338 1 331776 339968
229 1 180224 180736
448 1 495616 524288
449 2 0 65536 65536 123392
801 3 49664 65536 65536 131072 131072 143360
223 1 397312 401408
802 2 163840 196608 196608 217088
430 1 393216 430080
428 1 208896 229376
801 6 143360 196608 196608 262144 262144 327680 327680 393216 393216 458752 458752 520704
785 1 102400 106496
796 1 472064 472576
229 1 184320 188416
600 5 237568 262144 262144 327680 327680 393216 393216 458752 458752 524288
601 4 0 65536 65536 131072 131072 196608 196608 237568
229 1 192512 196608
801 1 520704 524288
802 3 0 65536 65536 131072 131072 163840
449 7 123392 131072 131072 196608 196608 262144 262144 327680 327680 393216 393216 458752 458752 524288
450 1 0 36864
223 1 393216 397312
802 5 217088 262144 262144 327680 327680 393216 393216 458752 458752 524288
803 1 0 49664
474 1 491520 524288
475 1 0 53760
442 1 118784 122880
405 1 417792 421888
155 3 368640 393216 393216 458752 458752 499712
86 1 28672 32768
156 2 172032 196608 196608 238080
65 1 237568 241664
813 1 270336 278528
156 3 303616 327680 327680 393216 393216 434176
65 1 237568 241664
77 1 516096 524288
526 3 384512 393216 393216 458752 458752 524288
527 6 0 65536 65536 131072 131072 196608 196608 262144 262144 327680 327680 331264
115 1 40960 45056
572 1 176128 188416
77 1 503808 512000
78 1 0 4096
145 1 520192 524288
842 1 393216 409600
803 1 204800 212992
842 1 409600 421888
743 1 466944 524288
744 1 0 65536
748 1 122880 131072
809 1 73728 118784
741 1 425984 434176
771 1 360448 368640
748 1 229376 233472
741 1 409600 413696
810 1 81920 94208
940 1 339968 344064
567 1 98304 102400
803 1 237568 241664
803 1 303104 315392
803 1 196608 200704
689 1 286720 303104
7 1 372736 393216
813 1 270336 274432
67 1 458752 471040
351 1 233472 237568
4 1 512000 516608
813 1 196608 200704
433 1 45056 49152
3 1 512512 524288
4 8 0 65536 65536 131072 131072 196608 196608 262144 262144 327680 327680 393216 393216 458752 458752 507904
4 1 516608 524288
5 1 0 49152
13 8 61440 65536 65536 131072 131072 196608 196608 262144 262144 327680 327680 393216 393216 458752 458752 524288
14 1 0 4608
114 1 131072 133632
251 1 151552 155648
14 8 4608 65536 65536 131072 131072 196608 196608 262144 262144 327680 327680 393216 393216 458752 458752 524288
15 1 0 4608
814 1 212992 217088
95 1 81920 94208
95 1 94208 98304
724 1 73728 77824
615 1 503808 524288
620 1 262144 270336
905 1 368640 372736
803 1 270336 274432
341 1 344064 356352
814 1 212992 217088
803 1 196608 200704
95 1 98304 126976
95 1 126976 131072
905 1 368640 376832
814 1 212992 217088
95 1 131072 143360
95 1 143360 147456
530 1 139264 143360
97 1 425984 430080
603 2 163840 196608 196608 229376
912 1 438272 442368
203 1 516096 520192
197 1 491520 499712
201 1 401408 405504
207 1 8192 12288
205 1 438272 446464
197 1 479232 487424
554 1 421888 454656
197 1 466944 475136
194 1 114688 118784
83 1 266240 270336
604 1 229376 229888
224 1 217088 221184
636 1 16384 20480
687 1 253952 262144
977 1 241664 245760
977 1 176128 180224
40 1 393216 397312
199 1 81920 86016
80 1 450560 454656
920 1 262144 266240
944 2 40960 65536 65536 106496
977 2 245760 262144 262144 307200
739 1 233472 237568
647 1 442368 446464
40 1 397312 405504
189 1 495616 524288
190 1 0 36864
999 2 311296 327680 327680 331776
803 1 270336 274432
5 1 389120 393216
6 1 143360 147456
6 1 196608 208896
62 1 466944 471040
737 1 495616 499712
960 1 241664 249856
858 1 208896 212992
960 1 249856 253952
813 1 270336 274432
622 2 454656 458752 458752 462848
769 1 94208 98304
769 1 106496 110592
306 1 8192 28672
848 1 434176 454656
622 1 462848 466944
21 1 221184 225280
960 2 253952 262144 262144 266240
45 1 364544 368640
7 1 233472 253952
883 1 487424 491520
813 1 270336 274432
54 2 233472 262144 262144 266240
200 1 159744 163840
557 1 69632 73728
611 1 290816 294912
638 1 352256 356352
7 1 253952 262144
45 1 364544 368640
8 1 196608 200704
883 1 421888 425984
883 1 401408 405504
213 1 405504 425984
80 1 417792 421888
219 1 81920 86016
713 1 507904 512000
217 1 110592 114688
215 1 188416 192512
225 1 282624 286720
215 1 0 4096
413 1 147456 151552
222 1 180224 184320
793 1 344064 348160
596 1 184320 188416
615 1 352256 356352
615 1 425984 430080
207 1 507904 524288
208 1 65536 69632
359 1 417792 421888
756 1 4096 8192
613 1 466944 471040
25 1 401408 409600
756 1 12288 16384
365 1 507904 512000
365 1 331776 360448
365 2 430080 458752 458752 466944
771 1 180224 184320
440 1 110592 114688
154 1 53248 57344
75 1 4096 12288
803 1 270336 274432
945 1 180224 184320
759 1 339968 344064
330 1 114688 126976
288 1 438272 446464
944 1 172032 176128
944 1 212992 237568
944 1 368640 372736
161 1 512000 516096
703 1 376832 379392
162 1 20480 40960
169 2 126976 131072 131072 135168
169 1 135168 139264
153 1 503808 507904
778 1 180224 184320
839 1 249856 253952
153 1 507904 512000
235 1 450560 454656
171 1 434176 442368
563 1 20480 24576
817 1 438272 442368
425 1 118784 122880
180 1 241664 249856
868 1 102400 106496
567 1 401408 405504
577 2 61440 65536 65536 94208
803 1 221184 229376
218 1 229376 233472
817 1 471040 479232
868 1 151552 155648
567 1 450560 454656
180 1 253952 258048
817 1 516096 524288
530 1 397312 401408
365 1 364544 368640
180 1 401408 405504
433 1 98304 102400
577 1 94208 126976
561 1 434176 438272
24 1 466944 475136
67 1 356352 372736
116 1 344064 352256
116 1 352256 356352
226 1 249856 253952
350 1 286720 290816
824 1 154624 184320
489 1 249856 253952
546 1 331776 335872
428 1 425984 438272
816 1 348160 352256
322 1 311296 315392
685 1 237568 241664
144 1 389120 393216
612 1 376832 389120
84 1 397312 401408
776 1 491520 499712
612 1 389120 393216
686 1 57344 61440
218 1 438272 442368
263 1 319488 327680
186 1 155648 163840
910 1 442368 446464
877 1 290816 299008
574 2 413696 458752 458752 524288
575 7 0 65536 65536 131072 131072 196608 196608 262144 262144 327680 327680 393216 393216 413696
272 1 454656 458752
170 1 65536 126976
290 1 303104 307200
117 1 372736 376832
495 1 94208 98304
188 1 61440 65536
132 1 167936 172032
296 1 491520 495616
529 1 106496 110592
556 1 233472 241664
393 1 516096 524288
394 1 0 45056
826 2 331776 393216 393216 454656
296 1 512000 516096
290 2 311296 327680 327680 331776
107 1 229376 237568
280 1 249856 253952
394 1 45056 49152
897 1 159744 196608
216 1 151552 155648
226 1 315392 319488
777 1 356352 360448
780 1 417792 421888
797 1 32768 36864
783 1 487424 495616
155 1 492032 524288
156 3 0 65536 65536 131072 131072 180224
156 6 184320 196608 196608 262144 262144 327680 327680 393216 393216 458752 458752 496128
554 2 454656 458752 458752 487424
698 1 475136 479232
677 1 421888 425984
980 1 36864 45056
695 1 442368 446464
6 1 327680 348160
300 4 53248 65536 65536 131072 131072 196608 196608 217088
773 2 372736 393216 393216 417792
575 1 229376 262144
983 1 36864 40960
730 1 139264 143360
983 1 344064 348160
741 4 217088 262144 262144 327680 327680 393216 393216 413696
547 1 466944 524288
727 2 393216 458752 458752 524288
728 2 0 65536 65536 131072
140 1 49152 65536
136 4 262144 327680 327680 393216 393216 458752 458752 520192
662 1 163840 196608
542 1 393216 458752
742 1 458752 524288
280 1 311296 315392
584 1 282624 284160
402 2 237568 262144 262144 299008
919 1 499712 503808
91 1 286720 307200
917 1 397312 401408
48 1 487424 491520
848 1 307200 323584
106 1 376832 377344
130 1 204800 212992
564 1 197120 197632
139 1 413696 417792
990 1 147456 148992
2 1 180224 184320
145 1 520192 524288
196 1 442368 446464
146 1 4096 8192
146 1 53248 57344
564 1 197632 198144
572 1 25088 25600
564 1 198144 198656
553 1 274432 278528
553 1 282624 286720
143 2 224768 262144 262144 273920
153 3 187904 196608 196608 262144 262144 286208
663 1 265728 314880
122 2 392704 393216 393216 425472
4 1 520192 524288
987 1 73728 94208
132 2 392704 393216 393216 441856
813 1 204800 208896
572 1 188416 192512
133 2 409088 458752 458752 474624
530 1 409600 417792
180 1 417792 421888
433 1 212992 217088
76 1 327680 331776
330 1 57344 61440
717 1 438272 442368
577 1 126976 131072
583 1 520192 524288
76 1 520192 524288
180 1 446464 450560
256 1 86016 90112
863 1 196608 200704
857 1 262144 290816
446 1 221184 225280
150 1 118784 122880
181 1 8192 12288
525 1 352256 356352
863 1 208896 212992
446 1 278528 282624
796 1 472576 473088
696 1 352256 356352
601 5 237568 262144 262144 327680 327680 393216 393216 458752 458752 524288
602 4 0 65536 65536 131072 131072 196608 196608 237568
229 1 180224 180736
860 1 168448 168960
197 1 221184 229376
803 8 49664 65536 65536 131072 131072 196608 196608 262144 262144 327680 327680 393216 393216 458752 458752 524288
804 1 0 49664
223 1 397312 401408
475 7 53760 65536 65536 131072 131072 196608 196608 262144 262144 327680 327680 393216 393216 425984
796 1 473088 473600
375 1 94208 102400
602 2 237568 262144 262144 286720
681 1 376832 380928
674 1 339968 344064
191 1 110592 114688
692 1 356352 360448
604 2 229888 262144 262144 294912
596 1 434176 438272
37 2 245760 262144 262144 278528
37 1 200704 233472
771 1 106496 110592
157 1 397312 405504
799 1 319488 327680
675 1 221184 245760
675 1 245760 249856
3 1 368640 376832
3 1 376832 380928
262 1 492032 524288
263 8 0 65536 65536 131072 131072 196608 196608 262144 262144 327680 327680 393216 393216 458752 458752 492032
263 1 492032 524288
264 8 0 65536 65536 131072 131072 196608 196608 262144 262144 327680 327680 393216 393216 458752 458752 492032
264 1 492032 524288
265 8 0 65536 65536 131072 131072 196608 196608 262144 262144 327680 327680 393216 393216 458752 458752 492032
813 1 270336 274432
265 1 492032 524288
266 8 0 65536 65536 131072 131072 196608 196608 262144 262144 327680 327680 393216 393216 458752 458752 492032
590 1 90112 94208
720 1 32768 36864
463 1 40960 45056
906 1 98304 106496
734 1 512000 516096
484 2 184320 196608 196608 204800
735 1 90112 114688
484 1 229376 233472
246 1 327168 327680
735 1 114688 118784
246 1 331264 331776
688 1 110592 114688
258 1 417792 421888
803 1 245760 249856
803 1 311296 315392
258 1 417792 421888
121 3 359936 393216 393216 458752 458752 524288
122 5 0 65536 65536 131072 131072 196608 196608 262144 262144 327168
256 1 401408 425984
813 1 204800 208896
813 1 204800 212992
6 1 131072 143360
543 1 413696 417792
0 1 417792 434176
42 1 20480 28672
444 1 24576 28672
891 1 245760 249856
444 1 4096 36864
813 1 208896 212992
158 6 176128 196608 196608 262144 262144 327680 327680 393216 393216 458752 458752 524288
159 1 0 45568
65 1 237568 241664
813 1 274432 278528
813 1 221184 229376
687 1 385024 386560
159 6 45568 65536 65536 131072 131072 196608 196608 262144 262144 327680 327680 372736
596 1 233472 235520
65 1 237568 241664
879 1 122880 126976
128 1 8192 8704
623 1 389120 393216
161 2 176128 196608 196608 241664
660 1 53248 57344
650 1 4096 8192
285 1 364544 368640
285 1 352256 356352
49 1 200704 217088
543 1 376832 380928
850 1 217088 233472
803 1 270336 274432
967 1 507904 512000
86 1 151552 155648
813 1 212992 217088
5 1 323584 327680
6 1 196608 212992
938 1 61440 65536
813 1 237568 245760
938 1 61440 65536
63 1 36864 40960
30 1 241664 242176
844 2 417792 458752 458752 516096
809 1 24576 36864
60 2 106496 131072 131072 140288
808 1 475136 479232
69 1 462848 463360
844 1 516096 524288
845 1 0 32768
50 1 364544 368640
30 1 253952 254464
130 1 303104 303616
927 1 503808 524288
48 1 491520 499712
48 1 499712 503808
609 1 40960 45056
813 1 270336 274432
337 1 212992 229376
848 1 221184 237568
813 1 204800 212992
597 1 266240 270336
803 1 274432 282624
609 1 45056 49152
337 1 229376 245760
321 1 507904 512000
597 1 266240 270336
338 1 53248 57344
900 1 159744 163840
909 1 499712 503808
848 1 237568 245760
524 1 16384 20480
181 1 16384 24576
922 1 154112 154624
766 1 487424 491520
11 1 356352 360448
623 1 266240 270336
7 2 446464 458752 458752 479232
538 1 237568 241664
181 1 65536 77824
759 1 434176 438272
633 1 487424 491520
623 1 450560 454656
101 1 454656 458752
181 1 94208 98304
759 1 462848 466944
634 1 475136 479232
596 1 270336 303104
541 1 311296 315392
332 1 114688 126976
780 1 421888 425984
960 1 331776 352256
858 1 208896 212992
848 1 454656 458752
850 1 131072 139264
603 1 147456 151552
960 1 352256 356352
911 1 368640 372736
622 1 466944 483328
306 1 8192 12288
65 1 520192 524288
64 1 495616 503808
485 1 516608 524288
486 8 0 65536 65536 131072 131072 196608 196608 262144 262144 327680 327680 393216 393216 458752 458752 516608
149 1 53248 57344
568 1 413696 417792
855 1 479232 487424
288 1 65536 131072
145 1 221184 229376
575 2 139264 196608 196608 217088
150 1 65536 131072
575 1 217088 221184
358 1 143360 147456
486 1 516608 524288
487 8 0 65536 65536 131072 131072 196608 196608 262144 262144 327680 327680 393216 393216 458752 458752 516608
765 1 385024 393216
774 1 45056 49152
554 1 487424 520192
6 1 348160 352256
605 2 425984 458752 458752 491520
83 1 270336 274432
481 1 278528 286720
554 1 520192 524288
813 1 204800 208896
25 1 12288 16384
230 1 471040 475136
766 1 217088 221184
824 2 177664 196608 196608 208896
67 1 372736 393216
223 1 393216 397312
24 1 471040 475136
153 1 253952 258048
24 1 458752 462848
380 1 475136 479232
958 1 86016 90112
824 1 201728 202752
134 1 516096 516608
30 1 262144 262656
72 1 372736 376832
267 1 442368 446464
827 1 196608 204800
841 1 196608 200704
827 1 208896 217088
438 1 434176 438272
39 1 163840 167936
644 1 253952 258048
880 1 163840 167936
243 1 102400 114688
285 1 40960 49152
914 1 495616 499712
884 1 389120 393216
964 1 356352 360448
884 1 409600 413696
107 1 237568 241664
290 1 352256 380928
280 1 270336 274432
290 1 393216 397312
898 1 131072 196608
264 1 241664 245760
651 1 495616 499712
290 1 401408 430080
911 1 0 65536
759 1 200704 204800
290 1 434176 442368
898 1 65536 131072
406 1 425984 430080
406 1 446464 450560
950 1 471040 475136
104 1 159232 159744
778 1 258048 259584
517 1 380928 385024
517 1 417792 425984
813 1 208896 221184
848 1 352256 372736
848 1 372736 376832
848 1 409600 417792
735 1 221184 241664
588 1 139264 143360
92 1 192512 196608
412 1 258048 262144
890 1 319488 323584
136 1 446464 450560
166 1 16384 20480
526 1 425984 430080
489 1 487424 491520
252 1 425984 430080
840 1 290816 294912
214 2 319488 327680 327680 368640
596 2 45056 65536 65536 110592
973 1 393216 434176
282 1 237568 240128
305 1 344064 380928
53 1 462848 466944
160 1 73728 77824
241 1 425984 430080
78 1 4096 36864
77 1 512000 516096
572 2 192512 196608 196608 204800
640 1 8192 24576
803 1 204800 212992
543 1 421888 430080
813 1 270336 274432
78 1 36864 40960
71 1 0 16384
803 1 303104 307200
479 1 159744 163840
225 1 430080 442368
937 2 442368 458752 458752 524288
938 6 0 65536 65536 131072 131072 196608 196608 262144 262144 327680 327680 376832
197 2 442880 458752 458752 524288
198 2 0 65536 65536 77824
198 6 143360 196608 196608 262144 262144 327680 327680 393216 393216 458752 458752 508416
396 2 442368 458752 458752 524288
397 2 0 65536 65536 131072
397 6 176128 196608 196608 262144 262144 327680 327680 393216 393216 458752 458752 487424
198 1 508416 524288
199 1 0 12288
199 7 77824 131072 131072 196608 196608 262144 262144 327680 327680 393216 393216 458752 458752 471040
397 1 487424 524288
398 8 0 65536 65536 131072 131072 196608 196608 262144 262144 327680 327680 393216 393216 458752 458752 487424
230 2 159744 196608 196608 225280
230 2 225280 262144 262144 262656
230 1 262656 290816
62 1 466944 471040
54 1 438272 442368
799 1 487424 491520
200 1 36864 45056
377 1 479232 483328
200 1 286720 290816
975 1 450560 454656
897 1 356352 372736
54 1 348160 393216
46 1 20480 24576
304 1 275968 276480
244 2 155648 196608 196608 221184
245 2 221184 262144 262144 275968
428 1 350720 351232
397 1 512000 524288
398 1 0 8192
803 1 245760 249856
803 1 204800 208896
652 2 270336 327680 327680 335872
803 1 270336 278528
652 1 335872 339968
803 1 208896 212992
885 1 110592 114688
803 1 274432 278528
308 1 380928 385024
575 1 225280 229376
577 1 479232 483328
803 1 208896 217088
735 2 410112 458752 458752 524288
736 7 0 65536 65536 131072 131072 196608 196608 262144 262144 327680 327680 393216 393216 410112
803 1 278528 282624
371 1 299008 303104
829 1 258048 262144
829 1 249856 253952
111 1 184320 188416
763 1 348160 352256
394 1 270336 274432
814 1 483328 487424
87 1 131072 135168
317 1 376832 380928
896 1 86016 90112
64 1 53248 54272
896 1 327680 331776
976 1 110592 122880
57 1 479232 483328
29 1 212992 217088
215 1 32768 36864
181 1 126976 131072
526 1 102400 106496
156 1 262144 266240
458 1 131072 135168
899 1 245760 249856
647 1 20480 24576
634 1 454656 458752
899 1 286720 290816
458 1 282624 286720
647 1 36864 40960
252 1 319488 323584
620 1 262144 290816
700 1 176128 180224
956 1 98304 102400
733 1 270336 274432
647 1 45056 53248
202 1 94208 98304
956 1 233472 237568
733 1 380928 385024
647 1 57344 61440
65 1 24576 28672
539 1 196608 262144
602 4 290816 327680 327680 393216 393216 458752 458752 524288
603 3 0 65536 65536 131072 131072 176128
860 1 176128 176640
375 1 102400 106496
49 1 327680 331776
797 1 176128 180224
48 1 512000 516096
869 1 241664 243712
178 1 466944 471040
668 3 245760 262144 262144 327680 327680 332288
796 1 473600 474112
197 1 225280 237568
180 1 16384 20480
804 8 49664 65536 65536 131072 131072 196608 196608 262144 262144 327680 327680 393216 393216 458752 458752 524288
805 1 0 49664
394 1 114688 118784
813 1 208896 212992
745 1 380928 385024
128 1 4096 8192
161 2 307200 327680 327680 372736
651 1 139264 143360
161 1 503808 524288
162 1 0 45568
65 1 237568 241664
988 1 307200 311296
813 1 274432 278528
50 2 294912 327680 327680 339968
606 2 364544 393216 393216 430080
559 1 196608 225280
50 1 471040 483328
156 1 496128 524288
157 8 0 65536 65536 131072 131072 196608 196608 262144 262144 327680 327680 393216 393216 458752 458752 496128
171 1 327680 348160
607 2 299008 327680 327680 364544
83 1 266240 270336
128 1 417792 425984
40 1 405504 409600
298 1 495616 516096
803 1 212992 221184
161 1 24576 28672
739 1 233472 237568
528 1 417792 421888
40 1 409600 417792
135 1 479232 503808
80 1 458752 471040
40 1 417792 421888
135 1 503808 507904
80 1 454656 458752
80 1 471040 475136
739 1 233472 241664
803 1 212992 221184
848 1 278528 290816
321 1 507904 512000
928 1 0 12288
900 1 217088 221184
813 1 360448 368640
0 1 0 4096
1 1 409600 413696
597 1 266240 270336
803 1 282624 286720
64 1 61440 65536
64 1 446464 450560
89 1 61440 65536
88 1 372736 376832
88 1 364544 368640
95 1 483328 484352
66 1 376832 380928
183 1 385024 389120
120 1 122880 131072
348 1 40960 41472
942 1 364544 376832
943 1 196608 217088
224 1 102400 106496
223 1 397312 401408
223 1 393216 397312
38 1 266240 286720
199 2 61440 65536 65536 69632
199 1 69632 73728
38 1 262144 266240
38 1 286720 327680
480 1 262144 327680
80 1 0 65536
223 1 397312 401408
224 1 106496 114688
223 1 393216 397312
153 1 401408 403456
225 1 327680 335872
225 1 335872 339968
898 2 196608 262144 262144 294912
406 2 454656 458752 458752 471040
883 1 208896 262144
406 1 479232 487424
607 1 135168 139264
651 1 192512 196608
174 1 487424 491520
130 1 200704 208896
397 1 36864 49152
564 1 12288 24576
130 1 212992 217088
420 1 65536 81920
298 1 126976 131072
107 1 434176 436736
91 1 307200 319488
868 1 471040 483328
803 1 204800 217088
862 1 299008 303104
848 1 323584 327680
907 1 77824 81920
850 1 196608 212992
736 1 475136 479232
883 1 393216 401408
883 1 401408 405504
119 2 360448 393216 393216 442368
364 1 233472 241664
364 1 241664 245760
761 1 374272 375296
305 1 380928 385024
841 1 217088 221184
572 1 204800 208896
0 1 434176 442368
848 1 278528 290816
149 1 372736 376832
803 1 274432 278528
120 1 32768 36864
798 1 495616 499712
813 1 200704 204800
572 1 208896 221184
299 1 335872 339968
445 1 262144 266240
25 1 12288 16384
851 1 24576 45056
229 1 503808 507904
957 1 516096 520192
824 1 202240 203264
130 1 372736 376832
958 1 290816 299008
127 1 110592 114688
45 1 278528 282624
178 1 376832 380928
103 1 20480 24576
130 1 438272 442368
996 1 8192 12288
88 1 380928 385024
959 2 77824 131072 131072 151552
183 2 454656 458752 458752 475136
959 1 151552 155648
133 1 331776 335872
133 1 262144 266240
453 1 487424 491520
454 1 32768 36864
959 2 155648 196608 196608 200704
959 1 397312 405504
959 1 405504 409600
454 1 32768 36864
18 1 409600 442368
959 1 409600 454656
959 1 454656 458752
848 1 307200 323584
813 1 208896 212992
51 1 299008 303104
848 1 323584 327680
849 1 458752 475136
91 1 143360 151552
960 1 356352 364544
622 1 483328 487424
960 1 364544 368640
858 1 208896 221184
911 1 368640 372736
824 1 155648 159744
165 1 188416 192512
165 1 475136 479232
50 1 483328 487424
608 2 364544 393216 393216 430080
559 1 225280 258048
635 1 0 65536
812 1 36864 40960
812 1 40960 45056
821 1 110592 118784
63 1 36864 40960
97 1 393216 401408
746 1 151552 155648
585 1 270336 274432
317 1 434176 442368
300 1 253952 258048
620 1 290816 323584
124 1 139264 143360
526 1 106496 110592
647 1 90112 98304
787 1 155648 159744
400 1 61440 65536
834 1 122880 126976
812 1 262144 294912
730 1 53248 57344
647 1 110592 114688
738 1 4096 8192
674 1 430080 434176
526 1 110592 114688
730 1 102400 106496
746 1 245760 249856
84 1 270336 274432
44 1 245760 249856
915 1 294912 327680
560 1 266240 270336
83 1 270336 274432
241 1 311296 319488
610 2 364544 393216 393216 430080
559 1 258048 262144
78 1 212992 217088
256 1 401408 405504
686 2 430080 458752 458752 466944
78 1 40960 49152
74 1 233472 237568
841 1 495616 512000
609 1 339968 342528
572 1 221184 225280
425 1 36864 40960
193 1 32768 36864
566 1 278528 282624
223 1 397312 401408
761 1 374784 377344
483 1 503808 507904
625 1 372736 393216
24 1 471040 475136
487 1 516608 524288
488 7 0 65536 65536 131072 131072 196608 196608 262144 262144 327680 327680 393216 393216 451072
723 1 151552 155648
614 1 57344 61440
962 1 483328 487424
227 1 344064 348160
154 1 12288 16384
154 1 65536 73728
962 1 507904 520192
149 1 57344 65536
130 1 229376 233472
79 1 352256 376832
395 1 180224 184320
395 1 163840 172032
130 1 245760 258048
569 1 278528 299008
926 6 131072 196608 196608 262144 262144 327680 327680 393216 393216 458752 458752 524288
927 1 0 65536
79 1 376832 380928
270 1 311296 319488
896 1 393216 405504
569 1 299008 303104
161 1 442368 446464
400 2 126976 131072 131072 139264
402 1 270336 274432
277 1 516096 520192
234 1 65536 73728
883 1 466944 475136
234 1 73728 77824
883 1 405504 409600
402 1 274432 294912
425 1 176128 184320
515 1 393216 397312
284 1 507904 512000
517 1 151552 159744
974 1 77824 81920
653 1 131072 135168
285 1 32768 36864
886 1 274432 286720
974 1 81920 86016
474 1 421888 442368
528 1 73728 77824
211 1 372736 385024
886 1 286720 290816
563 1 49152 53248
474 1 442368 446464
1 1 270336 274432
871 1 131072 147456
258 2 421888 458752 458752 491520
257 2 421888 458752 458752 524288
258 7 0 65536 65536 131072 131072 196608 196608 262144 262144 327680 327680 393216 393216 421888
256 2 421888 458752 458752 524288
257 7 0 65536 65536 131072 131072 196608 196608 262144 262144 327680 327680 393216 393216 421888
181 1 475136 491520
824 1 143360 147456
46 1 454656 458752
406 1 0 4096
700 1 462848 466944
95 1 319488 323584
48 1 417792 425984
99 1 417792 421888
690 1 233472 237568
848 1 352256 372736
813 1 204800 208896
55 1 225280 245760
813 1 270336 274432
848 1 372736 376832
848 1 409600 417792
321 1 507904 512000
900 1 159744 167936
609 1 49152 53248
597 1 266240 270336
321 1 507904 512000
900 1 221184 225280
803 1 217088 221184
321 1 507904 512000
597 1 266240 270336
900 1 163840 167936
803 1 282624 286720
321 1 507904 512000
331 1 258048 262144
900 1 221184 225280
597 1 266240 270336
78 1 49152 53248
330 1 458752 462848
803 1 208896 212992
332 1 221184 225280
803 1 274432 299008
246 1 45056 53248
572 1 225280 237568
223 1 389120 393216
149 1 126976 131072
456 1 131072 135168
293 1 12288 16384
526 1 114688 118784
642 1 491520 495616
22 1 512000 516096
430 1 331776 335872
441 1 155648 159744
602 2 315392 327680 327680 348160
526 1 118784 122880
549 1 466944 471040
850 1 520192 524288
817 1 61440 65536
902 1 327680 331776
526 1 122880 126976
880 1 196608 200704
342 1 212992 217088
817 1 73728 77824
399 1 479232 483328
748 1 479232 512000
817 1 245760 249856
400 1 12288 16384
803 1 311296 315392
285 1 49152 53248
226 1 245760 249856
531 1 413696 417792
610 1 40448 48640
615 1 19968 32256
375 1 106496 114688
860 1 184832 185344
838 1 135168 139264
603 5 241664 262144 262144 327680 327680 393216 393216 458752 458752 524288
604 4 0 65536 65536 131072 131072 196608 196608 241664
375 1 114688 118784
668 3 332288 393216 393216 458752 458752 524288
669 1 0 49152
796 1 474112 474624
228 1 270336 278528
672 3 253952 262144 262144 327680 327680 340480
805 8 49664 65536 65536 131072 131072 196608 196608 262144 262144 327680 327680 393216 393216 458752 458752 524288
806 1 0 49664
197 1 233472 237568
228 1 278528 282624
672 4 57344 65536 65536 131072 131072 196608 196608 253952
860 1 192512 193024
375 1 118784 126976
604 5 241664 262144 262144 327680 327680 393216 393216 458752 458752 524288
605 4 0 65536 65536 131072 131072 196608 196608 241664
647 1 356352 360448
241 1 319488 323584
612 2 102400 131072 131072 167936
50 1 487424 495616
582 1 65536 94208
157 1 496128 524288
158 8 0 65536 65536 131072 131072 196608 196608 262144 262144 327680 327680 393216 393216 458752 458752 496128
613 1 299008 299520
275 1 401408 421888
83 1 266240 270336
50 1 495616 499712
582 1 94208 126976
290 1 303104 307200
162 3 45568 65536 65536 131072 131072 176128
470 1 45056 49152
65 1 237568 241664
174 2 315392 327680 327680 380928
627 1 311296 315392
813 1 208896 212992
346 1 495616 524288
347 3 0 65536 65536 131072 131072 167936
347 2 233472 262144 262144 299008
347 2 364544 393216 393216 430080
349 1 233472 233984
258 1 151552 159744
559 1 356352 360448
64 1 45056 46080
617 1 475136 477696
178 1 294912 295936
54 1 393216 421888
131 3 303104 327680 327680 393216 393216 403456
54 1 344064 348160
270 1 327680 339968
270 1 344064 356352
706 1 159744 180224
270 1 368640 372736
271 1 49152 53248
907 2 237568 262144 262144 294912
850 1 520192 524288
803 1 245760 258048
619 1 404992 413184
740 1 183808 187904
804 1 232960 237056
619 1 413184 417280
883 1 294400 298496
51 2 442368 458752 458752 524288
52 1 0 28672
542 2 86016 131072 131072 196608
163 1 475136 524288
164 1 0 61440
153 3 372736 393216 393216 458752 458752 466944
818 1 462848 524288
819 1 0 32768
81 1 499712 524288
82 1 0 65536
100 3 57344 65536 65536 131072 131072 147456
845 1 245760 262144
536 2 86016 131072 131072 172032
803 1 204800 208896
692 2 102400 131072 131072 180224
196 1 520192 524288
550 2 151552 196608 196608 225280
400 2 65536 131072 131072 139264
312 1 483328 524288
313 1 0 32768
960 1 368640 376832
288 1 8192 12288
921 1 73728 77824
622 1 487424 524288
960 1 376832 380928
129 1 360448 361472
251 1 65536 69632
306 1 28672 53248
960 2 380928 393216 393216 413696
858 1 212992 217088
813 1 204800 208896
960 1 413696 417792
603 1 151552 155648
817 1 196608 204800
624 1 471040 475136
123 1 57344 65536
611 1 458752 479232
803 1 204800 208896
75 1 299008 311296
813 1 225280 229376
907 1 77824 86016
32 1 417792 421888
907 1 90112 94208
907 1 77824 81920
374 1 462848 466944
64 1 475136 479232
66 1 344064 348160
371 1 135168 139264
251 1 339968 348160
252 1 446464 458752
149 1 65536 69632
445 1 73728 77824
246 1 53248 57344
448 1 385024 389120
78 1 53248 61440
572 1 237568 241664
761 1 376832 377344
803 1 274432 278528
116 1 20480 40960
570 1 131072 196608
743 2 327680 393216 393216 417792
687 1 479232 524288
688 1 0 65536
524 1 458752 524288
525 1 0 65536
688 1 65536 131072
525 1 131072 143360
698 1 425984 458752
576 1 131072 143360
500 4 286720 327680 327680 393216 393216 458752 458752 524288
501 2 0 65536 65536 81920
560 2 221184 262144 262144 327680
599 1 458752 524288
708 1 0 65536
560 1 327680 364544
340 2 372736 393216 393216 458752
610 1 48640 56832
245 1 344064 364544
615 1 32256 40448
851 1 393216 409600
302 1 118784 122880
792 1 475136 479232
77 2 274432 327680 327680 339968
87 1 458752 462848
87 1 438272 450560
40 1 421888 430080
944 1 106496 110592
40 1 430080 434176
80 1 479232 491520
80 1 475136 479232
249 5 225280 262144 262144 327680 327680 393216 393216 458752 458752 524288
250 2 0 65536 65536 131072
67 1 405504 421888
25 1 0 8192
612 1 393216 425984
914 1 69632 73728
612 1 425984 430080
215 1 188416 192512
39 1 163840 167936
914 1 495616 499712
612 1 430080 442368
612 1 442368 446464
171 2 315392 327680 327680 331776
128 1 417792 434176
263 1 323584 327680
521 1 389120 393216
877 1 360448 364544
500 1 499712 503808
131 1 294912 299008
506 1 196608 200704
142 1 69632 77824
408 1 417792 446464
799 1 245760 248320
729 1 487424 499712
266 1 492032 524288
267 8 0 65536 65536 131072 131072 196608 196608 262144 262144 327680 327680 393216 393216 458752 458752 492032
915 1 36864 53248
332 1 163840 167936
858 1 393216 397312
332 1 159744 163840
267 1 492032 524288
268 8 0 65536 65536 131072 131072 196608 196608 262144 262144 327680 327680 393216 393216 458752 458752 492032
389 1 229376 245760
258 1 4096 8192
268 1 492032 524288
269 7 0 65536 65536 131072 131072 196608 196608 262144 262144 327680 327680 393216 393216 426496
482 1 372736 376832
531 1 24576 27648
416 1 106496 122880
801 1 450560 454656
870 1 319488 323584
226 1 331776 335872
195 1 204800 208896
97 1 430080 434176
872 1 299008 303104
778 2 36864 65536 65536 69632
83 1 270336 274432
614 2 434688 458752 458752 499712
430 1 372736 376832
493 1 0 4096
526 1 126976 131072
405 1 356352 360448
506 1 249856 253952
430 1 425984 430080
938 1 360448 364544
405 1 475136 479232
223 1 344064 348160
886 1 425984 430080
506 1 364544 368640
341 1 512000 524288
342 1 0 20480
0 1 294912 299008
828 1 323584 327680
526 1 131072 135168
506 1 405504 409600
714 1 196608 200704
131 2 45056 65536 65536 77824
125 1 118784 122880
112 1 483328 491520
308 1 69632 73728
254 1 475136 479232
390 1 4096 12288
813 1 270336 274432
911 1 368640 372736
65 1 520192 524288
306 1 28672 32768
841 1 409600 425984
618 1 40960 44032
434 1 446464 450560
350 3 90112 131072 131072 196608 196608 238080
803 1 204800 208896
349 5 233984 262144 262144 327680 327680 393216 393216 458752 458752 524288
350 2 0 65536 65536 86016
755 1 421888 425984
742 1 495616 499712
837 1 458752 462848
853 2 8192 65536 65536 81920
112 1 483328 491520
297 1 323584 327680
295 1 36864 40960
298 1 262144 266240
318 1 40960 45056
535 1 434176 438272
287 1 69632 73728
262 1 90112 94208
244 1 425984 430080
736 2 410112 458752 458752 524288
737 7 0 65536 65536 131072 131072 196608 196608 262144 262144 327680 327680 393216 393216 410112
693 1 0 4096
397 1 323584 327680
737 2 410112 458752 458752 524288
738 7 0 65536 65536 131072 131072 196608 196608 262144 262144 327680 327680 393216 393216 410112
571 1 331776 334336
398 1 131072 147456
755 1 12288 45056
803 1 212992 217088
0 1 421888 442368
709 2 49152 65536 65536 94208
908 1 229376 237568
793 1 409600 434176
417 1 86016 90112
417 2 61440 65536 65536 77824
80 1 102400 114688
271 1 57344 61440
503 1 204800 237568
116 1 471040 475136
417 1 32768 57344
417 1 155648 159744
360 1 454656 458752
303 1 319488 323584
550 1 0 61440
339 1 221184 241664
611 1 466944 479232
116 1 475136 524288
117 1 0 8192
547 1 28672 36864
996 1 167936 188416
565 1 458752 462848
852 1 81920 86016
208 1 106496 110592
2 1 4096 8192
141 1 36864 40960
229 1 450560 454656
922 1 192512 193536
883 1 450560 454656
739 1 278528 282624
405 2 385024 393216 393216 401408
999 1 380928 393216
205 1 180224 184320
19 1 462848 466944
15 8 4608 65536 65536 131072 131072 196608 196608 262144 262144 327680 327680 393216 393216 458752 458752 524288
16 1 0 4608
105 2 389120 393216 393216 397312
105 1 397312 401408
16 8 4608 65536 65536 131072 131072 196608 196608 262144 262144 327680 327680 393216 393216 458752 458752 524288
17 1 0 4608
954 1 466944 471040
955 1 12288 16384
17 8 4608 65536 65536 131072 131072 196608 196608 262144 262144 327680 327680 393216 393216 458752 458752 524288
18 1 0 4608
482 1 520192 524288
91 1 385024 389120
25 1 73728 126976
25 1 126976 131072
813 1 204800 208896
18 8 4608 65536 65536 131072 131072 196608 196608 262144 262144 327680 327680 393216 393216 458752 458752 524288
19 1 0 4608
3 1 192512 196608
4 1 131072 147456
110 1 376832 385024
813 1 270336 274432
110 1 385024 389120
19 8 4608 65536 65536 131072 131072 196608 196608 262144 262144 327680 327680 393216 393216 458752 458752 463360
398 1 487424 524288
399 8 0 65536 65536 131072 131072 196608 196608 262144 262144 327680 327680 393216 393216 458752 458752 487424
258 2 454656 458752 458752 524288
259 3 0 65536 65536 131072 131072 192512
259 4 192512 196608 196608 262144 262144 327680 327680 389120
259 2 454656 458752 458752 492032
259 1 492032 520192
233 1 24576 32768
399 1 487424 524288
400 8 0 65536 65536 131072 131072 196608 196608 262144 262144 327680 327680 393216 393216 458752 458752 487424
259 1 520192 524288
260 4 0 65536 65536 131072 131072 196608 196608 258048
233 1 32768 36864
264 3 61440 65536 65536 131072 131072 131584
264 1 327680 360448
263 2 454656 458752 458752 524288
264 1 0 61440
833 1 36864 40960
92 1 462848 466944
400 1 487424 524288
401 8 0 65536 65536 131072 131072 196608 196608 262144 262144 327680 327680 393216 393216 458752 458752 487424
264 3 131584 196608 196608 262144 262144 327680
705 1 376832 380928
895 1 217088 221184
207 1 163840 167936
762 1 122880 131072
102 1 409600 410624
803 1 204800 225280
465 1 143360 147456
180 2 327680 393216 393216 405504
138 1 475136 483328
465 1 106496 110592
895 1 274432 282624
697 1 65536 69632
847 1 204800 208896
694 1 32768 35840
13 1 262144 263168
847 1 135168 139264
231 1 311296 315392
360 1 421888 425984
381 1 475136 479232
233 1 208896 212992
78 1 61440 65536
572 1 241664 245760
572 2 389120 393216 393216 397312
813 1 270336 274432
572 1 397312 401408
761 1 376832 379392
414 1 159744 167936
816 1 28672 32768
883 1 462848 466944
301 2 385024 393216 393216 405504
340 1 405504 409600
218 1 102400 126976
223 1 393216 397312
803 1 217088 225280
223 1 385024 389120
488 1 516608 524288
489 8 0 65536 65536 131072 131072 196608 196608 262144 262144 327680 327680 393216 393216 458752 458752 516608
149 1 65536 69632
291 1 339968 356352
71 1 434176 438272
803 1 471040 475136
803 1 458752 462848
241 1 24576 28672
0 1 282624 290816
490 2 434176 458752 458752 516096
833 1 81920 98304
964 1 196608 200704
803 1 491520 507904
146 1 495616 499712
405 1 204800 212992
89 2 8192 65536 65536 86016
489 1 516608 524288
490 7 0 65536 65536 131072 131072 196608 196608 262144 262144 327680 327680 393216 393216 430080
539 1 229376 233984
227 1 344064 352256
495 1 393216 409600
506 1 204800 233472
742 1 450560 454656
893 1 393216 401408
142 1 81920 110592
677 2 233472 262144 262144 266240
747 1 380928 385024
493 1 81920 86016
584 1 364544 368640
721 1 335872 339968
512 1 278528 282624
584 2 311296 327680 327680 360448
236 1 483328 487424
213 1 466944 479232
213 2 413696 458752 458752 462848
552 1 335872 385024
552 2 389120 393216 393216 434176
584 2 368640 393216 393216 458752
893 1 176128 180224
362 1 266240 315392
584 1 462848 507904
327 1 352256 360448
611 1 151552 176128
488 1 77824 106496
491 1 8192 20480
50 2 434176 458752 458752 499712
868 1 434176 438272
522 1 475136 524288
523 1 0 8192
777 2 417792 458752 458752 524288
927 1 405504 409600
869 1 233472 262144
174 2 290816 327680 327680 335872
522 3 389120 393216 393216 458752 458752 471040
175 1 483328 487424
173 2 126976 131072 131072 159744
661 2 389120 393216 393216 421888
718 2 49152 65536 65536 94208
271 1 65536 77824
474 1 40960 57344
717 2 434176 458752 458752 487424
189 2 28672 65536 65536 94208
597 1 204800 208896
223 1 286720 294912
813 1 204800 212992
120 1 135168 139264
229 2 299008 327680 327680 335872
3 1 299008 319488
705 1 132608 133120
705 1 131072 132608
705 1 133120 196608
785 1 262144 266240
460 2 53248 65536 65536 86016
705 1 144896 145408
460 1 86016 90112
32 1 48640 65024
0 1 491008 495104
158 1 496128 524288
159 8 0 65536 65536 131072 131072 196608 196608 262144 262144 327680 327680 393216 393216 458752 458752 496128
57 1 126976 131072
615 2 434176 458752 458752 499712
83 1 266240 270336
116 1 262144 290816
275 1 421888 434176
617 2 40960 65536 65536 106496
854 1 282624 299008
813 1 274432 278528
479 1 81920 86016
542 1 454656 458752
384 1 151552 159744
962 1 0 4096
161 3 258048 262144 262144 327680 327680 339968
961 1 270336 274432
961 1 425984 430080
961 1 512000 520192
854 1 299008 319488
161 1 339968 344064
803 1 196608 200704
724 1 315392 323584
672 1 340480 385024
846 1 20480 24576
375 1 126976 131072
672 3 385024 393216 393216 458752 458752 516096
898 1 32768 61440
96 1 425984 446464
806 8 49664 65536 65536 131072 131072 196608 196608 262144 262144 327680 327680 393216 393216 458752 458752 524288
807 1 0 49664
605 2 241664 262144 262144 307200
614 2 315392 327680 327680 372736
898 1 61440 65536
845 1 487424 491520
605 4 307200 327680 327680 393216 393216 458752 458752 524288
606 3 0 65536 65536 131072 131072 184320
654 5 208896 262144 262144 327680 327680 393216 393216 458752 458752 524288
655 1 0 33280
807 2 49664 65536 65536 126976
807 6 131072 196608 196608 262144 262144 327680 327680 393216 393216 458752 458752 512512
655 2 33280 65536 65536 77824
584 1 200704 245760
584 1 147456 196608
212 1 270336 282624
212 2 217088 262144 262144 266240
585 1 327680 385024
552 1 69632 73728
362 4 319488 327680 327680 393216 393216 458752 458752 466944
844 1 471040 483328
408 1 446464 450560
844 2 417792 458752 458752 466944
893 1 237568 245760
893 1 184320 196608
570 1 176128 180224
893 1 200704 233472
570 1 229376 241664
576 1 32768 53248
575 1 479232 507904
551 3 307200 327680 327680 393216 393216 430080
376 2 253952 262144 262144 303104
0 1 131072 135168
162 1 409600 413696
205 1 184320 188416
803 1 208896 217088
904 1 413696 434176
883 1 479232 483328
372 1 274432 278528
876 1 315392 319488
714 1 327680 331776
706 1 194560 195072
526 1 135168 139264
437 1 319488 323584
714 1 364544 368640
526 1 139264 143360
804 1 360448 368640
431 1 139264 172032
536 1 237568 241664
526 1 143360 147456
876 1 495616 499712
714 1 512000 516096
922 1 114688 118784
467 1 393216 425984
877 1 81920 86016
449 1 331776 335872
922 1 172032 176128
660 1 466944 499712
81 1 491520 495616
889 1 400896 404992
256 1 425984 450560
813 1 196608 200704
803 1 208896 217088
572 1 401408 413696
78 1 65536 98304
572 1 413696 417792
276 1 0 1024
539 2 335872 393216 393216 401408
529 1 147456 151552
853 1 139264 143360
244 2 311296 327680 327680 376832
172 2 270336 327680 327680 335872
883 1 483328 491520
184 2 294912 327680 327680 360448
212 2 143360 196608 196608 208896
853 1 139264 143360
883 1 421888 425984
334 1 503808 507904
334 1 503808 507904
979 1 278528 290816
329 1 425984 434176
329 1 434176 438272
997 1 335872 344064
997 1 344064 348160
118 1 368640 372736
813 1 208896 212992
649 2 40960 65536 65536 69632
351 2 32768 65536 65536 69632
118 1 368640 372736
813 1 274432 278528
236 1 397312 401408
118 1 368640 372736
813 1 208896 217088
59 1 376832 380928
385 1 368640 372736
499 1 159744 192512
496 1 151552 180224
562 2 442368 458752 458752 475136
781 1 487424 491520
666 1 147456 180224
642 2 167936 196608 196608 200704
597 1 479232 524288
598 1 0 20480
873 2 237568 262144 262144 266240
611 2 315392 327680 327680 331776
611 2 389120 393216 393216 458752
173 1 356352 389120
15 1 49152 57344
95 2 262144 327680 327680 393216
718 1 28672 45056
189 1 491520 495616
500 1 110592 114688
190 1 65536 90112
563 1 90112 94208
271 1 90112 106496
181 1 491520 512000
208 1 483328 491520
251 1 262144 278528
736 1 217088 221184
208 1 421888 430080
751 1 409600 411136
852 1 483328 503808
97 1 319488 323584
259 1 24576 40960
259 1 45056 57344
259 1 159744 167936
259 1 225280 237568
259 1 274432 282624
260 1 81920 86016
258 1 319488 327680
258 1 446464 454656
260 2 32768 65536 65536 73728
259 1 102400 106496
260 1 135168 151552
726 1 245760 249856
128 1 446464 450560
557 1 315392 315904
556 1 356352 360448
952 1 258048 262144
416 1 450560 454656
99 1 446464 450560
947 1 262144 266240
848 1 438272 454656
576 1 151552 155648
888 1 229376 233472
86 1 188416 192512
924 1 434176 438272
354 1 348160 352256
919 1 110592 118784
79 2 61440 65536 65536 86016
813 1 212992 233472
562 1 147456 172032
813 1 294912 299008
68 1 491520 495104
86 1 331776 335872
841 1 425984 446464
368 1 159744 163840
350 5 238080 262144 262144 327680 327680 393216 393216 458752 458752 524288
351 4 0 65536 65536 131072 131072 196608 196608 238080
159 1 496128 524288
160 1 0 4096
83 1 270336 274432
116 1 290816 323584
618 2 106496 131072 131072 172032
83 1 266240 270336
160 7 32768 65536 65536 131072 131072 196608 196608 262144 262144 327680 327680 393216 393216 434688
161 1 32768 57344
619 2 40960 65536 65536 106496
803 1 319488 323584
853 1 81920 86016
223 1 397312 401408
813 1 270336 274432
229 2 360448 393216 393216 409600
80 1 491520 495616
442 1 393216 458752
803 1 282624 290816
247 1 458752 499712
480 1 339968 342016
480 1 196608 200704
448 1 307200 323584
58 1 36864 40960
58 1 81920 86016
921 1 483328 487424
67 1 421888 442368
80 1 499712 512000
24 1 462848 466944
382 1 491520 495616
491 1 290816 294912
893 1 376832 389120
212 2 413696 458752 458752 462848
495 1 425984 442368
212 1 466944 479232
911 2 172032 196608 196608 200704
376 3 307200 327680 327680 393216 393216 413696
916 1 241664 253952
593 1 73728 77824
593 2 126976 131072 131072 139264
551 1 172032 184320
593 1 77824 122880
558 1 274432 278528
551 2 434176 458752 458752 524288
552 2 0 65536 65536 69632
551 1 221184 241664
957 2 311296 327680 327680 376832
561 4 110592 131072 131072 196608 196608 262144 262144 286720
604 1 294912 327680
575 2 442368 458752 458752 475136
189 1 499712 503808
642 1 499712 503808
642 1 434176 442368
540 2 40960 65536 65536 126976
500 2 147456 196608 196608 208896
720 3 290816 327680 327680 393216 393216 421888
15 1 57344 61440
539 1 491520 503808
563 2 217088 262144 262144 278528
450 1 176128 180224
652 1 212992 225280
96 2 262144 327680 327680 393216
563 1 466944 471040
563 1 348160 352256
501 1 262144 323584
781 1 483328 487424
992 1 434176 442368
218 1 102400 106496
301 1 405504 417792
943 1 36864 40960
235 1 176128 188416
803 1 286720 290816
206 1 163840 167936
943 1 32768 36864
803 1 204800 212992
739 1 274432 282624
364 2 245760 262144 262144 282624
122 4 270336 327680 327680 393216 393216 458752 458752 524288
439 1 458752 524288
440 4 0 65536 65536 131072 131072 196608 196608 241664
438 1 458752 524288
439 7 0 65536 65536 131072 131072 196608 196608 262144 262144 327680 327680 393216 393216 458752
118 4 0 65536 65536 131072 131072 196608 196608 262144
155 1 458752 524288
364 1 282624 286720
78 1 98304 102400
761 1 378880 379392
572 1 417792 430080
844 1 36864 40960
256 1 425984 430080
803 1 278528 282624
274 1 36864 61440
274 1 61440 65536
883 1 471040 475136
52 1 225280 233472
52 1 233472 237568
336 1 504832 505344
883 1 405504 409600
80 1 483328 491520
883 1 471040 475136
233 1 376832 378880
625 1 122880 126976
625 1 106496 118784
831 1 495616 496128
850 1 233472 253952
12 1 217088 221184
813 1 307200 311296
803 1 204800 208896
938 1 61440 65536
813 1 241664 245760
938 1 61440 65536
813 1 307200 311296
938 1 61440 65536
813 1 241664 249856
938 1 61440 65536
813 1 311296 315392
5 1 454656 458752
6 1 262144 270336
922 1 258048 262144
454 1 110592 114688
660 1 499712 524288
661 1 0 8192
460 1 413696 417792
280 1 110592 114688
72 1 319488 323584
803 1 290816 294912
280 1 118784 122880
318 1 147456 155648
781 1 94208 96768
149 1 118784 120832
12 1 380928 385024
950 1 65536 69632
46 1 425984 434176
45 1 176128 180224
686 1 45056 49152
950 1 86016 90112
864 1 434176 438272
686 1 49152 53248
950 1 151552 155648
966 1 176128 180224
559 1 102400 110592
995 1 81920 83968
293 1 450560 454656
968 1 86016 106496
247 1 462848 471040
269 1 492032 524288
270 8 0 65536 65536 131072 131072 196608 196608 262144 262144 327680 327680 393216 393216 458752 458752 492032
968 1 106496 110592
389 2 245760 262144 262144 266240
3 1 24576 40960
194 1 487424 495616
247 1 471040 475136
194 1 495616 499712
588 1 282624 294912
588 1 356352 360448
590 1 438272 442368
592 1 278528 282624
592 1 212992 217088
592 1 389120 393216
754 1 24576 28672
803 1 253952 262144
227 7 122880 131072 131072 196608 196608 262144 262144 327680 327680 393216 393216 458752 458752 524288
228 1 0 32768
223 1 389120 393216
343 1 262144 270336
75 1 253952 258048
176 1 466944 475136
627 1 233472 237568
676 1 16384 20480
591 1 278528 282624
604 1 335872 339968
591 1 217088 221184
676 1 270336 274432
684 1 20480 24576
478 1 409600 413696
553 1 266240 270336
584 1 385024 389120
811 1 446464 450560
805 1 258048 262144
84 1 442368 450560
571 1 135168 139264
84 1 450560 454656
725 1 393216 397312
48 1 282624 286720
398 1 290816 294912
401 1 159744 163840
111 1 184320 188416
233 1 65536 81920
116 2 323584 327680 327680 356352
83 1 270336 274432
160 1 500224 524288
161 1 0 32768
944 2 454656 458752 458752 520192
83 1 266240 270336
660 1 487424 520192
978 1 12288 13824
149 1 327680 331776
537 1 327680 339968
537 1 339968 344064
813 1 229376 237568
154 1 94208 98304
351 4 238080 262144 262144 327680 327680 393216 393216 434176
368 1 159744 163840
928 1 286720 290816
167 1 319488 323584
650 1 16384 20480
0 1 421888 438272
890 1 249856 253952
420 1 504320 504832
709 1 57344 65536
66 1 196608 204800
251 1 69632 94208
813 1 204800 212992
813 1 270336 278528
39 1 258048 262144
355 1 462848 487424
960 1 417792 425984
202 1 303104 307200
501 1 253952 258048
564 2 32768 65536 65536 90112
510 1 196608 262144
564 1 192512 196608
564 2 294912 327680 327680 356352
460 2 393216 458752 458752 524288
461 1 0 65536
502 1 385024 389120
502 1 397312 458752
642 1 282624 286720
185 1 352256 360448
187 1 102400 106496
471 1 53248 57344
890 1 434176 438272
891 1 143360 147456
565 1 28672 53248
200 1 180224 188416
377 1 442368 446464
200 1 188416 192512
75 1 311296 327680
429 1 502784 503808
595 1 397312 401408
886 1 204800 212992
379 1 274432 278528
429 1 503808 504320
203 1 442368 444416
266 1 188416 189440
564 1 198656 199168
553 1 286720 290816
298 1 479232 499712
161 1 90112 94208
813 1 204800 208896
848 1 352256 372736
848 1 372736 376832
848 1 409600 417792
91 1 290816 299008
572 1 33280 33792
91 1 299008 303104
312 1 94208 102400
7 1 475136 483328
413 2 229376 262144 262144 315392
514 1 282624 286720
514 1 360448 364544
350 1 147456 159744
429 1 53248 61440
287 1 327680 393216
340 1 458752 524288
490 1 159744 164352
765 1 65536 73728
353 1 65536 131072
739 1 278528 303104
223 1 393216 397312
347 1 65536 102400
223 1 385024 389120
739 1 270336 274432
668 3 368640 393216 393216 458752 458752 524288
669 1 0 65536
671 1 393216 438272
711 1 163840 196608
814 1 458752 524288
815 1 0 65536
678 2 393216 458752 458752 524288
679 1 0 24576
659 2 253952 262144 262144 303104
142 1 126976 131072
597 1 204800 208896
3 1 319488 327680
229 1 491520 507904
229 2 32768 65536 65536 122880
803 1 323584 327680
4 1 262144 266240
406 1 4096 8192
756 1 450560 455680
994 1 409600 413696
128 1 307200 311296
128 1 311296 315392
230 1 503808 512000
155 1 167936 172032
230 1 512000 516096
155 1 303104 307200
739 1 344064 348160
149 1 69632 77824
630 1 147456 151552
405 1 368640 372736
149 1 77824 81920
89 1 86016 90112
151 1 159744 167936
539 5 233984 262144 262144 327680 327680 393216 393216 458752 458752 524288
540 4 0 65536 65536 131072 131072 196608 196608 233984
227 1 348160 352256
778 1 139264 143360
151 1 167936 172032
149 1 81920 90112
149 1 90112 94208
57 2 258048 262144 262144 290816
945 2 454656 458752 458752 520192
97 1 434176 438272
161 8 57344 65536 65536 131072 131072 196608 196608 262144 262144 327680 327680 393216 393216 458752 458752 524288
162 1 0 512
406 1 233472 262144
83 1 270336 274432
711 2 323584 327680 327680 393216
392 2 323584 327680 327680 393216
50 2 16384 65536 65536 86016
252 2 364544 393216 393216 434176
271 2 147456 196608 196608 217088
716 1 86016 131072
707 2 356352 393216 393216 421888
707 1 262144 282624
786 2 413696 458752 458752 479232
848 2 57344 65536 65536 122880
436 2 417792 458752 458752 483328
59 1 274432 294912
572 1 430080 434176
78 1 102400 110592
572 1 434176 446464
78 1 110592 114688
572 1 446464 450560
149 1 65536 69632
618 1 266240 270336
336 1 172032 174592
904 1 434176 446464
574 1 434176 438272
64 1 483328 487424
890 1 417792 421888
890 1 512000 516096
878 1 65536 131072
890 1 327680 331776
890 1 446464 450560
891 1 438272 442368
891 1 204800 208896
503 1 102400 106496
892 1 122880 126976
892 1 516096 520192
893 1 147456 151552
892 1 262144 266240
892 1 475136 479232
893 1 28672 32768
893 1 212992 217088
893 1 65536 69632
894 1 49152 53248
894 1 135168 139264
264 3 360448 393216 393216 458752 458752 524288
265 3 0 65536 65536 131072 131072 164352
401 1 487424 524288
402 1 0 61440
265 1 164352 192512
265 1 262144 327680
637 6 20480 65536 65536 131072 131072 196608 196608 262144 262144 327680 327680 348160
637 2 413696 458752 458752 512000
302 6 81920 131072 131072 196608 196608 262144 262144 327680 327680 393216 393216 409600
637 1 512000 524288
638 2 0 65536 65536 86016
841 1 28672 32256
302 1 475136 524288
303 1 0 53760
638 3 348160 393216 393216 458752 458752 479232
644 2 151552 196608 196608 200704
20 1 450560 458752
606 6 184320 196608 196608 262144 262144 327680 327680 393216 393216 458752 458752 524288
607 3 0 65536 65536 131072 131072 184320
655 7 77824 131072 131072 196608 196608 262144 262144 327680 327680 393216 393216 458752 458752 471040
796 1 474624 475136
656 2 36864 65536 65536 123392
808 8 53760 65536 65536 131072 131072 196608 196608 262144 262144 327680 327680 393216 393216 458752 458752 524288
809 1 0 53760
796 1 475648 476160
96 1 446464 458752
607 6 184320 196608 196608 262144 262144 327680 327680 393216 393216 458752 458752 524288
608 3 0 65536 65536 131072 131072 184320
197 1 233472 245760
59 1 196608 204800
188 1 36352 36864
656 7 123392 131072 131072 196608 196608 262144 262144 327680 327680 393216 393216 458752 458752 524288
657 2 0 65536 65536 102400
809 3 53760 65536 65536 131072 131072 147456
818 2 155648 196608 196608 208896
79 1 86016 90112
384 1 16384 28672
918 1 200704 208896
27 1 196608 208896
587 1 24576 36864
773 1 434176 446464
773 1 458752 467968
153 1 503808 507904
406 1 81920 126976
153 1 507904 512000
406 1 126976 131072
236 1 475136 524288
237 1 0 16384
783 1 299008 307200
32 1 417792 421888
783 1 466944 471040
24 1 507904 512000
293 1 143360 180224
293 1 180224 184320
80 1 495616 499712
80 1 512000 516096
928 1 290816 294912
165 1 413696 430080
721 1 118784 126976
627 1 344064 348160
627 1 241664 245760
260 7 81920 131072 131072 196608 196608 262144 262144 327680 327680 393216 393216 458752 458752 524288
421 1 290816 311296
995 1 495616 503808
995 1 503808 507904
421 1 311296 315392
25 1 0 4096
258 1 0 4096
610 1 425984 430080
867 1 8192 12288
10 1 446464 454656
10 1 454656 458752
841 1 368640 372736
537 1 344064 352256
537 1 352256 356352
813 1 299008 303104
145 2 385024 393216 393216 430080
352 5 40960 65536 65536 131072 131072 196608 196608 262144 262144 303104
360 1 466944 524288
361 1 0 8704
481 1 286720 290816
950 1 245760 249856
817 1 200704 204800
803 1 225280 229376
643 1 450560 454656
950 1 266240 270336
727 1 65536 98304
764 1 188416 192512
902 1 503808 507904
618 2 258048 262144 262144 290816
903 1 61440 65536
886 1 73728 77824
49 1 364544 368640
903 1 122880 126976
526 1 147456 151552
441 1 225280 258048
772 1 4096 8192
50 1 278528 282624
59 1 274432 282624
772 1 16384 20480
503 2 126976 131072 131072 188416
893 1 237568 241664
893 1 401408 405504
185 1 360448 364544
894 1 77824 81920
894 1 442368 450560
894 1 69632 73728
894 1 286720 290816
894 1 483328 487424
895 1 110592 114688
895 1 278528 282624
895 1 475136 479232
895 1 77824 81920
895 1 385024 389120
896 1 61440 65536
896 1 245760 249856
897 1 0 4096
897 1 12288 16384
897 1 57344 61440
45 1 131072 135168
738 2 410112 458752 458752 524288
739 7 0 65536 65536 131072 131072 196608 196608 262144 262144 327680 327680 393216 393216 405504
740 1 143360 147968
740 6 147968 196608 196608 262144 262144 327680 327680 393216 393216 458752 458752 524288
741 3 0 65536 65536 131072 131072 147968
741 1 147968 192512
0 1 442368 454656
741 5 196608 262144 262144 327680 327680 393216 393216 458752 458752 524288
742 1 0 16384
57 1 36864 57344
344 1 200704 208896
742 3 212992 262144 262144 327680 327680 348672
40 1 196608 208896
251 1 94208 98304
749 1 155648 167936
339 1 466944 479232
535 1 421888 442368
960 1 425984 430080
314 1 466944 471040
276 2 290816 327680 327680 348160
315 1 8192 12288
315 1 12288 20480
315 2 20480 65536 65536 73728
235 2 4096 65536 65536 69632
65 1 487424 512000
65 1 512000 516096
332 2 159744 196608 196608 225280
276 1 348160 352256
68 1 57344 65536
368 1 290816 294912
835 1 409600 413696
230 2 253952 262144 262144 294912
230 1 294912 299008
151 1 516096 520192
947 2 61440 65536 65536 126976
797 1 8192 12288
948 1 61440 61952
414 1 393216 397312
797 1 61440 65536
35 1 430080 454656
20 6 4608 65536 65536 131072 131072 196608 196608 262144 262144 327680 327680 385024
0 1 417792 438272
27 1 421888 425984
27 1 466944 491520
27 1 512000 524288
28 2 0 65536 65536 78336
28 1 471040 524288
29 2 0 65536 65536 82432
28 7 78336 131072 131072 196608 196608 262144 262144 327680 327680 393216 393216 458752 458752 466944
236 1 290816 294912
243 2 253952 262144 262144 274432
166 1 131072 151552
29 7 82432 131072 131072 196608 196608 262144 262144 327680 327680 393216 393216 458752 458752 524288
30 2 0 65536 65536 82432
32 1 512000 516096
3 1 323584 327680
228 8 32768 65536 65536 131072 131072 196608 196608 262144 262144 327680 327680 393216 393216 458752 458752 524288
229 1 0 32768
66 1 376832 380928
490 2 405504 458752 458752 471040
394 1 122880 126976
183 1 385024 389120
605 1 495616 499712
753 1 520192 524288
596 1 405504 409600
438 1 442368 446464
914 1 8192 12288
233 1 405504 417792
233 1 462848 471040
447 1 262144 266240
270 1 492032 524288
271 8 0 65536 65536 131072 131072 196608 196608 262144 262144 327680 327680 393216 393216 458752 458752 492032
701 1 167936 188416
416 2 122880 131072 131072 139264
418 1 270336 274432
834 1 172032 180224
837 1 356352 360448
695 1 4096 24576
3 1 40960 61440
271 1 492032 524288
272 8 0 65536 65536 131072 131072 196608 196608 262144 262144 327680 327680 393216 393216 458752 458752 492032
695 1 24576 28672
61 2 122880 131072 131072 143360
688 1 221184 229376
374 1 4096 8192
379 1 360448 364544
374 1 393216 397312
681 1 315392 319488
741 1 163840 167936
741 1 327680 331776
743 1 110592 114688
743 1 118784 126976
509 1 466944 471040
905 1 86016 90112
905 1 245760 253952
905 1 512000 516096
906 1 0 4096
951 1 430080 434176
951 1 438272 442368
897 2 385024 393216 393216 405504
45 1 139264 143360
73 1 303104 307200
100 1 409600 417792
767 1 393216 458752
446 1 184320 188416
143 1 405504 409600
839 1 270336 274432
409 1 397312 401408
185 1 442368 446464
606 1 69632 70656
191 1 65536 69632
145 1 139264 143360
178 1 434176 438272
190 1 405504 409600
145 1 147456 151552
190 1 466944 471040
173 1 458752 462848
955 1 503808 507904
131 1 184320 188416
396 1 405504 409600
178 1 331776 335872
522 2 192512 196608 196608 212992
566 1 98304 102400
566 1 122880 126976
156 1 221184 222720
144 1 196608 204800
837 1 483328 487424
89 1 69632 81920
524 1 135168 139264
852 1 503808 516096
80 1 499712 503808
996 1 352256 356352
600 1 266240 270336
251 1 278528 299008
601 1 278528 282624
208 1 491520 499712
856 1 479232 483328
857 1 348160 352256
95 1 155648 159744
411 1 348160 352256
316 2 319488 327680 327680 331776
0 1 516096 520192
396 1 311296 315392
529 1 245760 249856
0 1 454656 458752
355 1 487424 491520
400 1 282624 290816
813 1 274432 278528
824 1 155648 159744
749 1 167936 172032
236 1 434176 442368
209 1 487424 491520
223 1 286720 290816
191 1 118784 122880
196 1 450560 454656
220 1 454656 458752
194 1 200704 204800
210 1 20480 24576
239 1 352256 356352
269 1 286720 290816
303 1 290816 294912
240 1 36864 40960
456 1 253952 258048
285 1 180224 184320
293 1 491520 495616
243 1 229376 237568
240 1 204800 208896
466 1 245760 249856
472 1 159744 163840
472 1 106496 110592
458 1 36864 40960
173 1 503808 507904
975 1 98304 102400
45 1 458752 464896
888 1 393216 397312
145 1 520192 524288
414 1 397312 430080
162 6 512 65536 65536 131072 131072 196608 196608 262144 262144 327680 327680 360448
399 1 73728 77824
948 2 61952 65536 65536 126976
402 1 278528 286720
402 1 196608 204800
149 1 126976 131072
456 1 131072 135168
445 1 73728 77824
448 1 385024 389120
59 1 294912 307200
572 1 450560 454656
572 1 503808 512000
78 1 114688 122880
572 1 512000 516096
78 1 122880 126976
650 1 225280 233472
235 1 184320 196608
739 1 344064 348160
803 1 221184 225280
803 2 245760 262144 262144 270336
0 1 438272 458752
803 1 274432 278528
478 1 430080 434176
803 1 286720 290816
803 1 331776 335872
231 1 24576 32768
231 1 69632 122880
231 1 65536 69632
234 1 4096 12288
26 1 466944 471040
230 1 393216 401408
803 1 258048 262144
144 1 487424 499712
234 1 12288 16384
229 1 409600 425984
584 1 311296 315392
142 1 69632 73728
362 1 221184 262144
576 1 184320 196608
142 1 73728 77824
584 1 315392 319488
570 1 229376 233472
142 1 81920 86016
584 1 319488 323584
54 1 196608 200704
54 3 200704 262144 262144 327680 327680 335872
54 1 335872 339968
263 1 323584 327680
877 1 294912 299008
171 1 331776 352256
128 1 495616 499712
58 1 385024 389120
361 2 8704 65536 65536 73728
362 1 98304 102400
168 1 233472 241664
361 7 73728 131072 131072 196608 196608 262144 262144 327680 327680 393216 393216 458752 458752 524288
362 1 0 4608
467 1 438272 442368
472 1 49152 53248
471 1 163840 167936
470 1 36864 40960
475 1 151552 155648
575 2 413696 458752 458752 524288
576 5 0 65536 65536 131072 131072 196608 196608 262144 262144 307200
479 1 114688 118784
482 1 372736 389120
850 1 491520 495616
479 1 143360 147456
482 1 163840 172032
481 1 393216 397312
482 1 421888 442368
477 1 16384 20480
472 1 364544 368640
580 3 131072 196608 196608 262144 262144 327680
477 1 405504 409600
480 1 438272 442368
482 1 262144 266240
245 1 278528 299008
405 1 176128 184320
405 1 155648 172032
112 1 417792 421888
648 1 16384 20480
666 1 212992 217088
916 1 12288 20480
803 1 204800 208896
813 1 204800 212992
666 2 192512 196608 196608 204800
137 1 188416 192512
544 1 503808 507904
297 1 12288 40960
196 1 167936 176128
761 2 217088 262144 262144 282624
540 2 397312 458752 458752 462848
571 2 143360 196608 196608 208896
609 1 69632 131072
794 2 389120 393216 393216 454656
611 1 458752 462848
938 2 303104 327680 327680 368640
50 2 188416 196608 196608 233472
3 2 282624 327680 327680 348160
942 1 196608 217088
210 2 323584 327680 327680 360448
319 1 266240 270336
34 2 147456 196608 196608 212992
138 1 270336 274432
84 2 167936 196608 196608 229376
85 2 81920 131072 131072 147456
441 2 258048 262144 262144 290816
897 1 184320 188416
62 1 425984 430080
441 1 290816 323584
513 1 495616 499712
123 1 512000 520192
441 2 323584 327680 327680 356352
561 1 188416 192512
129 1 12288 16384
262 1 110592 131072
349 1 110592 114688
235 1 364544 368640
526 1 151552 155648
735 1 196608 208896
235 1 376832 380928
421 1 516096 520192
526 1 155648 159744
526 1 159744 163840
235 1 446464 450560
119 1 512000 520192
119 1 520192 524288
215 2 425984 458752 458752 491520
741 2 28672 65536 65536 73728
853 1 139264 143360
218 2 81920 131072 131072 147456
883 1 487424 491520
223 1 397312 401408
228 2 122880 131072 131072 188416
223 1 389120 393216
809 1 172032 176128
809 2 176128 196608 196608 217088
809 1 217088 237568
230 1 471040 524288
231 1 0 12288
232 1 16384 20480
232 1 65536 126976
233 2 208896 262144 262144 274432
235 1 16384 32768
540 5 233984 262144 262144 327680 327680 393216 393216 458752 458752 524288
541 4 0 65536 65536 131072 131072 196608 196608 233984
316 2 122880 131072 131072 139264
896 1 376320 380416
149 1 94208 102400
468 2 445952 458752 458752 478720
495 1 409600 430080
149 1 102400 106496
468 1 478720 482816
207 1 360448 393216
149 1 106496 114688
541 5 233984 262144 262144 327680 327680 393216 393216 458752 458752 524288
542 4 0 65536 65536 131072 131072 196608 196608 233984
316 1 139264 159744
13 1 172032 180224
149 1 114688 118784
13 1 180224 184320
238 1 196608 204800
238 1 204800 208896
618 1 118784 122880
515 2 106496 131072 131072 135168
617 2 180224 196608 196608 229888
414 1 430080 458752
618 1 98304 118784
617 2 86016 131072 131072 176128
949 2 258048 262144 262144 278016
83 1 266240 270336
450 1 0 4096
515 1 135168 139264
181 1 478720 482816
181 1 478720 482816
365 1 487424 503808
224 1 483328 491520
537 1 81920 86016
128 1 483328 487424
537 1 110592 118784
649 1 49152 50688
943 1 0 4096
229 1 475136 491520
229 1 335872 360448
229 1 507904 524288
230 4 0 65536 65536 131072 131072 196608 196608 204800
144 1 430080 438272
232 2 311296 327680 327680 348160
803 2 323584 327680 327680 331776
394 1 122880 126976
207 1 200704 208896
207 1 327680 344064
487 1 53248 57344
748 1 262144 274432
803 1 204800 212992
519 1 331776 339968
771 1 172032 176128
308 1 69632 77824
987 1 372736 385024
118 1 368640 372736
69 1 229376 233472
422 1 217088 219648
813 1 278528 282624
574 1 233472 237568
118 1 368640 372736
3 1 147456 155648
207 1 499712 507904
813 1 212992 217088
261 1 172032 176128
207 1 507904 512000
118 1 368640 372736
875 1 315392 319488
813 1 278528 282624
418 1 249856 253952
875 1 315392 323584
987 1 393216 397312
875 1 315392 319488
803 1 204800 208896
803 1 204800 208896
32 1 425984 446464
999 1 327680 348160
80 1 520192 524288
81 1 0 8192
803 1 270336 274432
80 1 516096 520192
418 1 471040 475136
81 1 8192 12288
727 2 438272 458752 458752 466944
165 1 430080 450560
406 1 143360 147456
297 1 503808 524288
141 1 98304 102400
299 1 233472 237568
921 1 69632 73728
239 2 245760 262144 262144 307200
215 1 483328 491520
215 2 430080 458752 458752 479232
320 2 385024 393216 393216 421888
305 1 86016 118784
241 1 262144 266240
0 1 421888 438272
261 1 507904 524288
262 1 0 24576
247 2 53248 65536 65536 86016
318 1 303104 307200
265 2 126976 131072 131072 176128
303 1 413696 421888
298 1 4096 8192
257 1 233472 241664
330 2 217088 262144 262144 266240
249 1 417792 430080
483 1 188416 192512
97 2 454656 458752 458752 462848
88 1 48640 52736
831 1 491520 495616
97 1 462848 466944
883 1 405504 413696
754 1 434176 438272
545 1 491520 512000
957 1 315392 323584
883 1 475136 479232
265 1 0 4096
397 2 311296 327680 327680 331776
264 1 458752 466944
103 1 389120 393216
333 1 483328 487424
112 1 413696 417792
448 1 73728 90112
145 1 28672 32768
266 1 126976 131072
43 1 8192 12288
346 1 294912 299008
700 1 266240 267264
169 1 262144 327680
781 1 106496 109056
145 1 61440 65536
901 1 311296 315392
797 1 172032 176128
444 1 12288 20480
444 1 139264 143360
839 1 352256 376832
845 1 12288 32768
485 1 167936 176128
285 1 20480 32768
513 1 311296 319488
515 1 20480 24576
515 1 126976 131072
665 1 458752 462848
671 1 380928 385024
863 1 425984 442368
434 1 356352 360448
863 1 442368 446464
197 1 278528 294912
162 1 409600 413696
883 1 413696 417792
92 1 483328 491520
25 1 0 4096
92 1 491520 495616
354 1 348160 352256
24 1 458752 462848
354 1 348160 352256
25 1 0 4096
354 1 348160 352256
24 1 458752 462848
354 1 348160 352256
25 1 0 4096
354 1 348160 352256
233 1 208896 212992
24 1 458752 462848
872 1 86016 90112
361 1 135168 139264
15 1 266240 270336
473 1 348160 352256
813 1 270336 282624
135 1 233472 258048
699 1 81920 86016
371 1 176128 180224
469 2 0 65536 65536 131072
526 1 360448 363520
137 1 471040 475136
497 1 438272 446464
446 1 466944 468992
459 1 65536 90112
138 1 73728 77824
524 1 24576 53248
303 1 8192 28672
138 1 53248 57344
815 1 225280 229376
524 1 53248 57344
340 1 184320 188416
812 1 184320 186880
144 1 204800 208896
178 1 86016 90112
853 1 69632 71168
97 1 405504 409600
381 1 290816 299008
97 1 458752 471040
98 1 208896 217088
27 1 143360 151552
27 1 151552 155648
833 1 470528 474624
827 1 262144 270336
85 1 270336 274432
145 1 520192 524288
155 1 131072 135168
2 1 180224 184320
803 1 217088 221184
609 1 53248 57344
609 1 57344 61440
609 1 65536 69632
609 1 61440 65536
609 1 69632 73728
609 1 73728 77824
609 1 77824 81920
609 1 81920 86016
68 1 491520 499712
68 1 499712 503808
846 1 45056 49152
104 1 81920 86016
65 1 425984 430080
198 1 106496 110592
838 2 392704 393216 393216 396800
362 2 4608 65536 65536 98304
145 1 430080 434176
168 1 241664 245760
314 1 151552 155648
362 7 102400 131072 131072 196608 196608 262144 262144 327680 327680 393216 393216 458752 458752 467456
96 1 417792 421888
316 1 200704 204800
250 1 24576 32768
117 1 344064 348160
236 1 503808 524288
237 1 0 45056
272 1 492032 524288
273 8 0 65536 65536 131072 131072 196608 196608 262144 262144 327680 327680 393216 393216 458752 458752 492032
265 1 180224 188416
196 1 176128 180224
739 1 393216 397312
318 2 249856 262144 262144 299008
250 1 40960 45056
257 1 266240 290816
330 2 270336 327680 327680 393216
257 1 245760 262144
241 1 278528 327680
241 1 266240 274432
247 1 516096 524288
248 1 0 20480
289 2 368640 393216 393216 401408
336 2 61440 65536 65536 94208
73 1 409600 458752
307 1 172032 176128
73 1 393216 401408
618 3 122880 131072 131072 196608 196608 254464
450 1 4096 36864
617 5 229888 262144 262144 327680 327680 393216 393216 458752 458752 524288
618 2 0 65536 65536 98304
197 1 331776 348160
207 2 241664 262144 262144 282624
998 1 266240 282624
26 1 466944 471040
144 1 499712 503808
597 1 212992 217088
803 1 204800 212992
58 2 245760 262144 262144 299008
57 1 217088 229376
157 1 335872 356352
886 1 516096 524288
698 1 237568 241664
257 8 0 65536 65536 131072 131072 196608 196608 262144 262144 327680 327680 393216 393216 458752 458752 524288
104 1 160256 160768
96 1 110592 118784
136 1 425984 434176
96 1 122880 126976
364 1 286720 299008
364 1 299008 303104
258 1 483328 524288
259 7 0 65536 65536 131072 131072 196608 196608 262144 262144 327680 327680 393216 393216 425984
871 1 131072 163840
364 1 303104 311296
364 1 311296 315392
905 1 0 16384
497 1 471040 479232
497 1 479232 483328
951 1 446464 450560
951 1 454656 458752
951 1 475136 487424
869 1 143360 147456
822 1 196608 204800
822 1 208896 212992
373 1 323584 327680
260 1 159744 163840
111 1 57344 61440
260 1 172032 176128
260 1 196608 200704
111 1 65536 86016
111 1 94208 98304
124 1 475136 491520
712 1 217088 221184
81 1 106496 110592
249 2 192512 196608 196608 217088
572 1 516096 524288
573 1 0 4096
612 1 147456 167936
573 1 4096 8192
844 1 94208 98304
573 1 8192 20480
3 1 12288 20480
166 1 364544 368640
573 1 20480 24576
3 1 20480 24576
573 1 24576 36864
813 1 270336 319488
449 1 290816 294912
888 2 326656 327680 327680 392192
236 1 405504 413696
720 1 417792 450560
236 1 413696 417792
885 1 389120 393216
192 1 266240 274432
63 1 331776 335872
192 1 274432 278528
63 1 331776 335872
50 1 28672 45056
843 1 299008 319488
803 1 278528 286720
843 1 319488 327680
844 1 262144 266240
375 2 61440 65536 65536 94208
466 1 0 4096
735 1 208896 241664
519 1 471040 475136
124 1 200704 233472
565 1 204800 208896
526 1 163840 167936
732 1 192512 196608
258 1 364544 393216
1 1 438272 442368
526 1 167936 172032
119 1 65536 69632
526 1 172032 176128
3 1 40960 45056
19 1 405504 438272
279 1 303104 307200
433 1 20480 24576
222 1 520192 524288
223 1 0 28672
332 2 126976 131072 131072 143360
519 1 126976 131072
526 1 176128 180224
356 2 315392 327680 327680 364544
74 1 393216 438272
305 3 364544 393216 393216 458752 458752 483328
592 1 131072 135168
729 1 397312 413696
726 1 114688 118784
915 1 139264 155648
61 1 143360 155648
728 1 65536 90112
307 2 253952 262144 262144 315392
237 1 122880 126976
915 2 397312 458752 458752 466944
268 1 507904 516096
251 1 131072 143360
238 1 180224 184320
251 1 172032 188416
261 1 487424 503808
251 1 90112 126976
289 1 401408 450560
289 2 454656 458752 458752 524288
290 1 0 57344
586 1 49152 51712
537 1 184320 192512
252 2 442368 458752 458752 475136
738 1 520192 524288
739 1 0 28672
174 1 499712 503808
174 1 503808 507904
107 1 200704 204800
858 1 212992 217088
326 1 339968 344064
499 1 344064 348160
254 1 475136 479232
960 1 430080 438272
813 1 208896 212992
979 1 352256 356352
296 1 139264 143360
236 1 442368 446464
24 1 462848 483328
339 1 466944 471040
839 1 376832 380928
64 1 417792 421888
906 1 102400 122880
529 1 294912 299008
868 1 225280 229376
529 1 303104 311296
55 1 245760 258048
570 1 4096 8192
813 1 204800 212992
91 1 430080 434176
303 1 32768 36864
878 1 81920 86016
399 1 278528 282624
813 1 290816 294912
878 1 81920 86016
813 1 225280 229376
906 2 122880 131072 131072 135168
878 1 81920 86016
868 1 167936 176128
813 1 290816 294912
657 1 364544 385536
809 6 147456 196608 196608 262144 262144 327680 327680 393216 393216 458752 458752 524288
810 1 0 512
59 1 204800 208896
608 6 184320 196608 196608 262144 262144 327680 327680 393216 393216 458752 458752 524288
609 3 0 65536 65536 131072 131072 184320
796 1 476160 476672
657 3 385536 393216 393216 458752 458752 524288
658 5 0 65536 65536 131072 131072 196608 196608 262144 262144 320000
810 8 512 65536 65536 131072 131072 196608 196608 262144 262144 327680 327680 393216 393216 458752 458752 524288
811 1 0 512
609 6 184320 196608 196608 262144 262144 327680 327680 393216 393216 458752 458752 524288
610 3 0 65536 65536 131072 131072 184320
658 2 385536 393216 393216 430080
610 2 184320 196608 196608 233472
813 1 204800 212992
610 5 237568 262144 262144 327680 327680 393216 393216 458752 458752 524288
611 2 0 65536 65536 122880
658 1 495616 524288
659 7 0 65536 65536 131072 131072 196608 196608 262144 262144 327680 327680 393216 393216 451072
811 8 512 65536 65536 131072 131072 196608 196608 262144 262144 327680 327680 393216 393216 458752 458752 524288
812 1 0 512
522 1 274432 278528
144 1 434176 438272
803 1 262144 270336
394 1 122880 126976
57 5 245760 262144 262144 327680 327680 393216 393216 458752 458752 524288
58 4 0 65536 65536 131072 131072 196608 196608 245760
57 1 229376 245760
144 1 499712 503808
813 1 204800 208896
848 1 221184 241664
813 1 270336 274432
144 1 81920 90112
715 1 155648 163840
538 1 77824 81920
742 3 348672 393216 393216 458752 458752 524288
743 6 0 65536 65536 131072 131072 196608 196608 262144 262144 327680 327680 348672
560 1 102400 106496
144 1 65536 81920
743 2 348672 393216 393216 409600
848 1 241664 245760
848 1 278528 286720
57 1 57344 65536
745 4 278528 327680 327680 393216 393216 458752 458752 524288
746 3 0 65536 65536 131072 131072 152064
58 1 131072 135168
344 1 204800 212992
842 1 126976 131072
813 1 204800 208896
843 1 65536 77824
644 4 204800 262144 262144 327680 327680 393216 393216 450560
303 8 53760 65536 65536 131072 131072 196608 196608 262144 262144 327680 327680 393216 393216 458752 458752 475136
304 1 81920 119296
644 2 450560 458752 458752 524288
645 6 0 65536 65536 131072 131072 196608 196608 262144 262144 327680 327680 385024
20 1 458752 462848
438 1 471040 516096
304 6 184832 196608 196608 262144 262144 327680 327680 393216 393216 458752 458752 524288
305 2 0 65536 65536 81920
311 2 151552 196608 196608 254464
438 1 516096 520192
311 2 254464 262144 262144 282624
645 2 450560 458752 458752 524288
646 7 0 65536 65536 131072 131072 196608 196608 262144 262144 327680 327680 393216 393216 450560
311 3 348160 393216 393216 458752 458752 524288
312 4 0 65536 65536 131072 131072 196608 196608 217088
571 1 262144 266240
571 1 270336 274432
450 1 36864 65536
635 1 262144 266240
744 1 393216 397312
83 1 270336 274432
415 1 217088 221184
413 1 315392 319488
543 1 495616 524288
544 1 0 4096
213 1 8192 16384
213 1 16384 20480
8 1 101888 105984
72 1 167424 171520
8 1 167424 171520
0 1 32256 36352
564 1 198656 199168
0 1 36352 40448
468 1 36864 45056
468 1 45056 49152
25 1 450560 458752
25 1 458752 462848
138 1 262144 266240
126 1 61440 65536
183 2 155648 196608 196608 208896
203 2 81920 131072 131072 143360
130 1 0 12288
788 2 331776 393216 393216 397312
795 2 172032 196608 196608 237568
807 2 253952 262144 262144 319488
837 2 135168 196608 196608 200704
847 2 192512 196608 196608 258048
864 2 274432 327680 327680 339968
874 2 4096 65536 65536 69632
871 2 126976 131072 131072 192512
889 1 217088 241664
626 1 139264 147456
100 1 348160 348672
58 1 516096 518144
99 1 266240 270336
722 1 172032 176128
11 1 249856 253952
494 1 98304 102400
553 1 446464 450560
440 1 163840 164864
98 1 397312 401408
875 1 65536 69632
100 1 344064 348160
440 1 159744 163840
48 1 446464 450560
448 1 90112 110592
532 1 163840 167936
818 1 520192 524288
667 1 245760 249856
435 1 356352 358400
819 1 40960 49152
668 1 266240 274432
370 1 262144 266240
905 2 372736 393216 393216 409600
814 1 212992 217088
95 1 147456 159744
95 1 159744 163840
464 1 294912 299008
166 1 225280 228352
834 1 438272 442368
223 1 397312 401408
75 1 282624 286720
232 1 311296 315392
605 1 20480 24576
237 1 278528 282624
227 1 360448 360960
410 1 507904 516096
605 1 176128 180224
672 1 135168 143360
201 2 368640 393216 393216 417792
75 1 81920 90112
75 1 90112 94208
159 1 122880 126976
201 1 417792 421888
443 1 495616 516096
973 1 471040 479232
357 2 335872 393216 393216 397312
813 1 270336 274432
813 1 200704 204800
240 1 483328 487424
70 1 159744 167936
70 1 167936 172032
291 1 278528 294912
999 1 348160 360448
796 1 217088 249856
81 1 16384 28672
81 1 12288 16384
796 1 249856 253952
234 1 98304 106496
512 1 118784 122880
81 1 28672 32768
514 2 253952 262144 262144 266240
162 1 131072 196608
117 2 0 65536 65536 131072
162 1 196608 262144
33 1 65536 118784
692 2 454656 458752 458752 524288
693 1 458752 524288
694 3 0 65536 65536 131072 131072 184320
53 6 98304 131072 131072 196608 196608 262144 262144 327680 327680 393216 393216 417792
45 2 442368 458752 458752 487424
629 2 417792 458752 458752 524288
630 3 0 65536 65536 131072 131072 143360
295 2 110592 131072 131072 180224
87 1 380928 385024
570 2 401408 458752 458752 524288
692 1 196608 233472
26 1 466944 471040
56 1 143360 163840
803 1 331776 335872
877 1 487424 495616
618 5 254464 262144 262144 327680 327680 393216 393216 458752 458752 524288
619 4 0 65536 65536 131072 131072 196608 196608 254464
635 1 266240 299008
83 1 266240 270336
609 1 86016 90112
168 1 413696 434176
136 1 376832 380928
544 1 294912 299008
609 1 90112 94208
511 1 475136 524288
512 1 0 28672
609 1 94208 98304
103 1 450560 451072
512 1 28672 32768
103 1 451072 451584
609 1 98304 102400
103 1 451584 455680
103 1 455680 458752
103 1 499712 500736
168 1 434176 446464
609 1 102400 106496
112 1 204800 208896
70 2 102400 131072 131072 163840
609 1 106496 110592
341 1 372736 376832
229 1 278528 299008
960 1 262144 266240
363 8 8704 65536 65536 131072 131072 196608 196608 262144 262144 327680 327680 393216 393216 458752 458752 524288
364 1 0 8704
341 1 376832 380928
938 1 61440 65536
813 1 245760 253952
59 1 278528 294912
938 1 61440 65536
813 1 315392 319488
938 1 61440 65536
845 1 32768 45056
365 1 503808 524288
73 2 315392 327680 327680 339968
224 1 421888 430080
420 1 512512 513024
570 1 176128 180224
683 1 405504 409600
375 1 462848 466944
729 1 69632 86016
729 1 86016 90112
235 1 192512 196608
917 1 131072 139264
739 1 278528 282624
420 1 520192 520704
390 1 163840 165376
917 1 135168 147456
739 1 344064 348160
542 5 233984 262144 262144 327680 327680 393216 393216 458752 458752 524288
543 4 0 65536 65536 131072 131072 196608 196608 233984
57 5 258048 262144 262144 327680 327680 393216 393216 458752 458752 524288
58 4 0 65536 65536 131072 131072 196608 196608 258048
60 3 262144 327680 327680 393216 393216 458752
58 5 258048 262144 262144 327680 327680 393216 393216 458752 458752 524288
59 4 0 65536 65536 131072 131072 196608 196608 258048
145 1 200704 208896
149 1 118784 126976
145 1 208896 212992
149 1 126976 131072
543 5 233984 262144 262144 327680 327680 393216 393216 458752 458752 524288
544 4 0 65536 65536 131072 131072 196608 196608 233984
3 1 126976 131072
496 1 442368 458752
4 1 65536 77824
507 1 131072 147456
501 2 180224 196608 196608 262144
495 1 278528 311296
493 1 409600 425984
176 1 282624 286720
176 1 372736 376832
130 1 233472 237568
95 1 274432 278528
95 1 262144 266240
573 1 36864 40960
742 1 417792 421888
397 1 163840 167936
742 1 430080 434176
573 1 57344 61440
573 1 40960 49152
573 1 61440 65536
719 1 69632 73728
862 1 86016 90112
530 1 204800 237568
526 1 180224 184320
840 1 208896 212992
803 1 270336 282624
113 1 274432 278528
341 2 446464 458752 458752 479232
510 1 86016 89600
271 1 458752 462848
254 1 225280 229376
32 1 274432 307200
292 1 372736 376832
171 2 311296 327680 327680 331776
13 2 430080 458752 458752 462848
128 1 483328 491520
526 1 184320 188416
853 1 139264 143360
214 1 368640 372736
883 1 421888 425984
853 1 139264 143360
883 1 487424 491520
853 1 139264 143360
909 1 319488 323584
883 1 421888 425984
853 1 139264 147456
479 1 462848 466944
883 1 487424 495616
59 2 257536 262144 262144 269824
59 1 241152 253440
59 1 282112 286208
59 1 273920 278016
58 1 142848 146944
58 1 159232 163328
58 1 192000 196096
171 1 462848 465920
603 1 151552 155648
827 2 372736 393216 393216 409600
573 1 77824 81920
573 1 4096 16384
576 1 327680 331776
538 1 221184 225280
312 2 348160 393216 393216 451072
790 1 49152 53248
580 1 135168 139264
663 1 65536 69632
12 1 139264 143360
555 1 69632 73728
646 2 450560 458752 458752 524288
647 7 0 65536 65536 131072 131072 196608 196608 262144 262144 327680 327680 393216 393216 450560
813 1 237568 241664
547 1 258048 262144
223 2 249856 262144 262144 294912
637 1 479232 487424
848 1 352256 368640
630 1 0 4096
613 2 61440 65536 65536 69632
881 1 483328 487424
548 1 507904 524288
524 1 458752 491520
516 1 393216 442368
547 1 360448 376832
523 2 376832 393216 393216 425984
549 1 81920 114688
784 1 163840 167936
805 1 352256 356352
602 2 323584 327680 327680 331776
537 1 507904 524288
538 1 0 16384
593 1 180224 184320
899 1 503808 507904
168 1 98304 102400
777 1 483328 487424
104 2 126976 131072 131072 135168
670 1 196608 212992
680 2 376832 393216 393216 409600
655 1 81920 114688
578 1 163840 180224
557 1 81920 98304
58 1 212480 216576
59 1 187904 196096
58 1 220672 228864
58 1 200192 204288
853 1 143360 151552
59 1 200192 216576
59 1 314880 318976
59 1 220672 224768
57 1 486912 491008
80 1 69120 73216
150 1 454144 458240
524 1 482816 486912
48 1 278528 282624
589 1 335872 339968
424 1 303104 319488
472 1 483328 487424
48 1 286720 290816
208 1 217088 225280
247 1 446464 450560
576 1 204800 208896
254 1 110592 114688
460 1 188416 192512
525 1 376832 380928
521 1 458752 462848
424 1 319488 323584
208 1 225280 229376
53 2 167936 196608 196608 200704
56 6 172032 196608 196608 262144 262144 327680 327680 393216 393216 458752 458752 491520
144 1 434176 438272
597 1 212992 217088
394 1 122880 126976
419 1 122880 131072
803 1 266240 270336
221 2 430080 458752 458752 462848
299 1 208896 229376
305 1 344064 360448
251 1 221184 229376
266 2 385024 393216 393216 446464
263 2 319488 327680 327680 364544
268 1 491520 507904
915 1 360448 393216
356 1 303104 311296
175 2 188416 196608 196608 253952
304 1 475136 479232
257 1 233472 237568
237 1 122880 126976
257 1 237568 241664
318 1 249856 253952
273 1 492032 524288
274 8 0 65536 65536 131072 131072 196608 196608 262144 262144 327680 327680 393216 393216 458752 458752 492032
822 1 163840 167936
822 3 167936 196608 196608 262144 262144 282624
822 1 282624 286720
80 1 16384 24576
635 2 299008 327680 327680 331776
376 1 520192 524288
197 1 348160 368640
83 1 270336 274432
744 1 393216 397312
80 1 24576 28672
214 1 421888 425984
497 1 454656 458752
271 1 352256 356352
24 1 413696 417792
83 1 110592 114688
878 1 323584 327680
467 1 139264 143360
837 1 442368 446464
234 1 106496 110592
241 1 458752 462848
308 1 77824 81920
241 2 368640 393216 393216 454656
241 1 462848 466944
514 1 266240 286720
813 1 249856 253952
938 1 61440 65536
3 1 458752 466944
26 1 36864 57344
813 1 208896 217088
30 7 82432 131072 131072 196608 196608 262144 262144 327680 327680 393216 393216 458752 458752 524288
31 2 0 65536 65536 82432
166 1 151552 163840
739 1 16384 20480
470 1 110592 114688
26 1 57344 65536
31 7 82432 131072 131072 196608 196608 262144 262144 327680 327680 393216 393216 458752 458752 524288
32 2 0 65536 65536 82432
243 1 274432 286720
27 1 393216 397312
32 7 82432 131072 131072 196608 196608 262144 262144 327680 327680 393216 393216 458752 458752 524288
33 2 0 65536 65536 82432
33 7 82432 131072 131072 196608 196608 262144 262144 327680 327680 393216 393216 458752 458752 524288
34 2 0 65536 65536 82432
635 1 65536 98304
663 1 294912 327680
560 1 491520 524288
561 1 0 49152
684 1 491520 507904
682 1 475136 507904
756 1 278528 311296
544 2 233984 262144 262144 294912
708 2 49152 65536 65536 114688
686 1 278528 327680
724 1 245760 262144
729 1 491520 524288
725 1 262144 311296
854 1 131072 147456
770 1 98304 114688
767 1 425984 442368
852 1 409600 458752
882 1 32768 65536
879 1 262144 294912
880 2 65536 131072 131072 196608
104 1 196608 233472
880 1 331776 335872
229 1 299008 311296
160 1 487424 491520
364 7 8704 65536 65536 131072 131072 196608 196608 262144 262144 327680 327680 393216 393216 401408
358 1 53248 57344
175 1 352256 360448
240 1 135168 139264
175 1 360448 364544
240 1 131072 135168
128 1 49152 53248
204 1 0 8192
155 1 286720 290816
142 1 188416 196608
997 3 323584 327680 327680 393216 393216 405504
412 1 212992 217088
234 1 98304 106496
213 1 77824 81920
404 2 163840 196608 196608 200704
64 1 110592 126976
990 2 102400 131072 131072 172032
731 2 258048 262144 262144 282624
464 5 204800 262144 262144 327680 327680 393216 393216 458752 458752 512000
64 1 167936 172032
404 1 200704 204800
64 1 126976 131072
837 2 397312 458752 458752 524288
838 6 0 65536 65536 131072 131072 196608 196608 262144 262144 327680 327680 389120
862 2 348160 393216 393216 425984
855 1 507904 512000
813 2 102400 131072 131072 135168
848 1 438272 454656
7 1 262144 282624
981 1 151552 159744
813 1 274432 286720
40 1 208896 229376
292 1 24576 32768
960 1 438272 442368
312 1 516096 518656
813 1 204800 208896
383 1 491520 499712
609 1 110592 114688
104 1 32768 33280
331 1 258048 262144
112 1 200704 204800
609 1 114688 118784
900 1 163840 172032
609 1 118784 122880
92 1 262144 274432
609 1 122880 126976
104 1 86016 90112
104 1 94208 98304
331 1 258048 262144
112 1 204800 208896
900 1 225280 233472
609 1 126976 131072
331 1 258048 262144
878 1 24576 28672
83 1 266240 270336
635 1 331776 364544
831 1 327680 356352
813 1 319488 323584
707 1 303104 307200
59 1 347648 351744
59 1 224768 237056
883 1 425984 430080
56 1 491008 495104
853 1 147456 151552
328 1 172032 188416
165 1 303104 307200
377 2 438272 458752 458752 507904
418 1 364544 385024
377 1 507904 512000
418 2 385024 393216 393216 397312
813 1 204800 212992
0 1 417792 438272
364 1 315392 327680
364 1 458752 462848
980 1 376832 393216
871 2 131072 196608 196608 212992
364 1 462848 471040
364 1 471040 475136
430 1 180224 196608
13 1 425984 458752
13 2 376832 393216 393216 409600
364 1 475136 483328
364 1 483328 487424
874 1 131072 139264
645 1 311296 315392
912 1 204800 208896
581 1 200704 204800
782 1 98304 102400
709 1 188416 192512
159 1 331776 348160
978 1 503808 507904
979 1 57344 61440
159 1 348160 352256
984 1 188416 192512
812 1 520192 524288
989 1 344064 348160
992 1 110592 114688
992 1 417792 421888
979 1 180224 184320
10 1 278528 282624
801 1 425984 430080
322 2 122880 131072 131072 167936
813 1 65536 102400
26 1 466944 471040
66 1 376832 380928
521 2 446464 458752 458752 466944
849 1 90112 110592
144 1 483328 487424
183 1 385024 389120
136 1 434176 438272
390 1 409600 413696
856 1 49152 57344
945 2 290816 327680 327680 339968
945 1 339968 344064
803 1 270336 286720
803 1 270336 278528
698 1 90112 131072
59 1 294912 315392
997 1 405504 409600
299 1 307200 311296
813 1 303104 307200
313 2 270336 327680 327680 352256
744 1 356352 360448
312 2 451072 458752 458752 524288
313 5 0 65536 65536 131072 131072 196608 196608 262144 262144 266240
110 1 323584 327680
745 1 98304 102400
764 1 520192 524288
744 1 172032 180224
744 1 90112 94208
743 1 356352 360448
223 1 294912 299008
647 2 450560 458752 458752 524288
648 7 0 65536 65536 131072 131072 196608 196608 262144 262144 327680 327680 393216 393216 450560
765 1 131072 192512
321 2 454656 458752 458752 524288
322 1 0 33280
316 1 8192 16384
103 1 487424 491520
501 1 512000 516096
848 1 409600 417792
0 1 438272 442368
922 1 154624 155136
294 1 512000 516096
660 1 466944 499712
328 1 180224 184320
616 1 45056 49152
660 1 499712 524288
661 1 0 8192
760 1 360448 364544
880 1 389120 393216
803 1 290816 294912
890 1 8192 12288
686 1 45056 49152
891 1 368640 372736
638 1 40960 45056
891 1 389120 393216
686 1 49152 53248
909 1 184320 188416
223 1 393216 397312
803 1 225280 229376
215 1 446464 450560
128 1 90112 98304
128 1 98304 102400
803 1 204800 208896
78 2 258048 262144 262144 266240
78 1 266240 270336
894 2 323584 327680 327680 389120
123 1 65536 106496
2 2 81920 131072 131072 147456
997 2 360448 393216 393216 425984
886 1 0 4096
886 1 32768 45056
56 2 376832 393216 393216 442368
90 2 376832 393216 393216 442368
87 2 208896 262144 262144 274432
118 2 200704 262144 262144 266240
114 2 28672 65536 65536 94208
117 2 245760 262144 262144 311296
163 2 237568 262144 262144 303104
886 1 499712 524288
887 1 0 20480
207 2 57344 65536 65536 118784
715 1 20480 28672
218 4 233472 262144 262144 327680 327680 393216 393216 458752
76 2 393216 458752 458752 487424
239 1 335872 339968
871 1 458752 524288
872 1 0 65536
487 1 307200 311296
7 1 32768 40960
93 1 131072 135168
65 1 110592 131072
65 1 507904 512000
65 1 81920 106496
65 1 483328 495616
659 1 451072 458752
659 1 507904 524288
660 1 0 20480
611 6 188416 196608 196608 262144 262144 327680 327680 393216 393216 458752 458752 524288
612 3 0 65536 65536 131072 131072 188416
112 1 417792 425984
812 8 512 65536 65536 131072 131072 196608 196608 262144 262144 327680 327680 393216 393216 458752 458752 524288
813 1 0 512
663 3 352256 393216 393216 458752 458752 524288
664 5 0 65536 65536 131072 131072 196608 196608 262144 262144 307712
155 1 262144 278528
612 6 188416 196608 196608 262144 262144 327680 327680 393216 393216 458752 458752 524288
613 3 0 65536 65536 131072 131072 188416
112 1 487424 491520
47 1 151552 159744
664 2 307712 327680 327680 352256
813 8 512 65536 65536 131072 131072 196608 196608 262144 262144 327680 327680 393216 393216 458752 458752 524288
814 1 0 512
613 2 188416 196608 196608 253952
47 1 159744 163840
614 2 65536 131072 131072 196608
113 1 196608 200704
51 1 507904 524288
52 1 0 16384
613 5 253952 262144 262144 327680 327680 393216 393216 458752 458752 524288
614 1 0 57344
177 1 24576 28672
495 1 122880 126976
3 1 4096 12288
421 1 6656 7168
177 1 24576 28672
870 1 176128 180224
870 2 180224 196608 196608 208896
870 1 208896 212992
86 1 495616 512000
917 1 143360 155648
739 1 278528 282624
211 1 217088 225280
211 1 225280 229376
240 1 417792 421888
948 1 471040 479232
291 1 278528 299008
240 1 483328 491520
886 1 458752 462848
886 1 450560 454656
256 2 172032 196608 196608 204800
96 1 483328 487424
318 1 397312 397824
291 1 299008 311296
999 1 233472 241664
366 3 274432 327680 327680 393216 393216 406016
372 1 491520 495616
152 2 323584 327680 327680 331776
384 1 208896 212992
626 1 114688 118784
152 1 331776 335872
384 1 262144 266240
366 2 406016 458752 458752 524288
367 4 0 65536 65536 131072 131072 196608 196608 208896
813 1 290816 299008
419 4 151552 196608 196608 262144 262144 327680 327680 372736
117 1 438272 446464
307 1 507904 516096
803 1 331776 335872
564 1 200192 200704
572 1 41472 41984
564 1 201216 201728
564 1 202240 202752
572 1 49664 50176
572 1 58368 58880
564 1 203264 203776
86 1 503808 507904
459 1 192512 196608
60 1 475136 477696
622 1 208896 229376
514 1 380928 393216
957 1 262144 266240
213 1 425984 438272
883 1 409600 413696
80 1 421888 425984
831 1 245760 249856
224 1 507904 512000
878 1 200704 204800
397 1 331776 344064
75 1 299008 307200
75 1 307200 311296
45 1 364544 368640
865 2 393216 458752 458752 491520
466 1 479232 483328
985 1 73728 77824
626 1 503808 512000
984 1 520192 524288
657 1 425984 430080
555 1 131072 135168
650 1 262144 270336
647 1 421888 425984
885 1 303104 307200
658 1 94208 102400
949 1 253952 262144
651 1 147456 155648
689 1 487424 495616
878 1 458752 462848
823 1 77824 81920
908 1 53248 57344
235 1 12288 20480
214 1 98304 102400
619 5 254464 262144 262144 327680 327680 393216 393216 458752 458752 524288
620 4 0 65536 65536 131072 131072 196608 196608 254464
83 1 270336 274432
635 2 364544 393216 393216 397312
744 1 393216 397312
83 1 266240 270336
877 1 491520 495616
635 1 397312 430080
557 1 274432 274944
548 5 258560 262144 262144 327680 327680 393216 393216 458752 458752 524288
549 2 0 65536 65536 102400
97 1 438272 442368
617 1 521216 524288
618 1 0 62464
730 1 118784 122880
842 1 131072 159744
573 1 65536 77824
155 1 303104 323584
573 1 77824 81920
573 1 81920 94208
573 1 94208 98304
192 1 483328 491520
573 1 98304 110592
333 2 311296 327680 327680 331776
344 1 208896 217088
803 1 274432 278528
746 5 217600 262144 262144 327680 327680 393216 393216 458752 458752 524288
747 4 0 65536 65536 131072 131072 196608 196608 217600
813 1 270336 278528
747 5 217600 262144 262144 327680 327680 393216 393216 458752 458752 524288
748 4 0 65536 65536 131072 131072 196608 196608 217600
103 1 93696 97792
977 1 339456 347648
803 1 278528 286720
749 1 200704 221696
64 1 417792 421888
748 5 217600 262144 262144 327680 327680 393216 393216 458752 458752 524288
749 3 0 65536 65536 131072 131072 196608
344 1 212992 221184
107 1 262144 278528
813 1 208896 212992
803 1 217088 221184
803 1 282624 286720
813 1 204800 212992
144 1 417792 421888
115 1 430080 434176
35 1 106496 114688
23 1 405504 430080
394 1 122880 126976
117 1 446464 450560
307 1 516096 520192
379 1 143360 151552
149 1 131072 139264
104 1 233472 237568
216 1 20480 32768
741 7 20480 65536 65536 131072 131072 196608 196608 262144 262144 327680 327680 393216 393216 418304
82 1 20480 28672
149 1 139264 143360
686 2 311296 327680 327680 331776
203 1 462848 466944
227 1 348160 352256
204 1 401408 413696
149 1 143360 151552
149 1 151552 155648
741 1 483840 524288
742 8 0 65536 65536 131072 131072 196608 196608 262144 262144 327680 327680 393216 393216 458752 458752 483840
818 1 425984 430080
730 1 40960 45056
990 1 118784 122880
907 1 57344 61440
143 1 380928 385024
689 1 401408 409600
60 1 184320 188416
464 1 294912 299008
265 1 86016 90112
396 1 401408 405504
809 1 90112 94208
984 1 458752 462848
804 1 8192 12288
805 1 364544 368640
810 1 253952 258048
395 1 372736 376832
810 1 221184 225280
465 1 352256 356352
139 2 311296 327680 327680 331776
96 1 487424 491520
34 7 82432 131072 131072 196608 196608 262144 262144 327680 327680 393216 393216 458752 458752 524288
35 1 0 16896
35 3 82432 131072 131072 196608 196608 225280
315 1 192512 196608
139 1 331776 344064
880 1 434176 438272
35 1 487424 491520
281 1 151552 159744
96 1 421888 425984
35 2 454656 458752 458752 487424
281 1 286720 294912
282 1 442368 450560
281 1 299008 307200
384 1 217088 221696
226 1 57344 61440
233 1 143360 147456
233 1 163840 167936
317 1 0 8192
463 1 458752 462848
288 1 172032 180224
636 1 389120 393216
905 1 405504 442368
649 1 143360 147456
814 1 212992 217088
95 1 163840 176128
649 1 151552 155648
95 1 176128 180224
25 1 520192 524288
860 1 258048 262144
848 1 434176 454656
813 1 270336 274432
213 1 327680 348160
56 1 176128 196608
381 1 413696 430080
813 1 204800 208896
77 2 233472 262144 262144 286720
86 1 512000 524288
590 1 454656 458752
223 1 389120 393216
726 1 120320 120832
626 2 249856 262144 262144 282624
635 1 520192 524288
279 1 311296 319488
805 2 233472 262144 262144 266240
805 1 450560 454656
391 1 65536 90112
75 1 143360 147456
322 1 389120 393216
809 1 397312 430080
592 1 368640 372736
306 2 442368 458752 458752 466944
574 1 417792 421888
129 2 315392 327680 327680 348160
296 1 221184 225280
348 1 499712 503808
119 1 221184 229376
476 1 167936 172032
16 1 466944 471040
938 1 61440 65536
803 1 270336 278528
813 1 253952 258048
876 1 192512 196096
938 1 61440 65536
159 1 32768 33280
159 1 33280 33792
813 1 319488 323584
159 1 33792 36864
159 1 45056 46080
614 1 516096 520192
809 1 311296 315392
804 1 229376 233472
649 1 40960 49152
984 1 471040 475136
614 1 487424 491520
804 1 335872 339968
808 1 385024 389120
810 1 262144 266240
810 1 294912 299008
631 1 36864 45056
650 1 204800 212992
630 1 360448 368640
731 1 471040 483328
732 1 421888 434176
653 1 507904 516096
607 1 65536 69632
232 6 98304 131072 131072 196608 196608 262144 262144 327680 327680 393216 393216 421888
546 1 364544 368640
175 2 36864 65536 65536 102400
200 2 385024 393216 393216 450560
216 1 20480 53248
874 1 151552 155648
875 1 475136 479232
217 2 380928 393216 393216 413696
218 2 311296 327680 327680 376832
843 1 331776 352256
235 1 208896 217088
803 1 270336 278528
235 1 217088 221184
139 1 458752 479232
240 2 40960 65536 65536 106496
803 1 270336 274432
289 2 188416 196608 196608 253952
392 1 512000 516096
849 1 110592 114688
849 1 147456 163840
261 1 249856 250368
144 1 483328 487424
26 1 466944 471040
848 1 454656 458752
813 1 229376 233472
534 1 143360 147456
818 1 458752 524288
819 1 0 4096
56 1 106496 114688
911 1 368640 372736
803 1 274432 278528
251 1 98304 122880
39 1 475136 477184
146 1 4096 8192
146 1 49152 53248
230 1 311296 319488
803 1 204800 208896
230 1 319488 323584
0 1 421888 438272
803 1 270336 278528
93 1 278528 282624
431 1 487424 491520
93 1 290816 299008
0 1 438272 458752
179 1 385024 393216
179 1 393216 397312
999 1 442368 458752
431 1 299008 303104
522 1 212992 233472
719 1 397312 401408
829 1 315392 323584
311 1 462848 466944
446 1 69632 73728
803 1 442368 446464
436 1 401408 403456
870 1 344064 348160
636 1 106496 110592
546 1 372736 376832
202 1 212992 217088
440 1 299008 307200
701 1 200704 204800
440 1 327680 339968
707 1 12288 16384
707 1 466944 471040
657 1 389120 393216
59 1 176128 180224
525 1 446464 450560
446 1 427520 428032
642 1 503808 507904
442 1 405504 442368
981 1 315392 319488
653 1 503808 507904
803 1 217088 225280
998 1 450560 458752
999 1 0 12288
803 1 286720 294912
848 1 516096 524288
140 1 65536 77824
999 1 12288 24576
803 1 204800 212992
803 1 225280 233472
140 1 77824 90112
912 1 282624 286720
915 1 380928 385024
49 1 315392 323584
49 1 323584 327680
159 1 46080 49152
159 1 163840 164864
155 1 278528 299008
905 3 57344 65536 65536 131072 131072 196608
664 2 417792 458752 458752 524288
665 6 0 65536 65536 131072 131072 196608 196608 262144 262144 327680 327680 373248
128 1 0 65536
188 1 39936 40448
614 2 196608 262144 262144 315392
814 8 512 65536 65536 131072 131072 196608 196608 262144 262144 327680 327680 393216 393216 458752 458752 524288
815 1 0 512
197 1 237568 241664
614 3 372736 393216 393216 458752 458752 524288
615 4 0 65536 65536 131072 131072 196608 196608 253952
59 1 208896 217088
796 1 477696 478208
815 2 512 65536 65536 77824
665 3 373248 393216 393216 458752 458752 524288
666 6 0 65536 65536 131072 131072 196608 196608 262144 262144 327680 327680 373248
905 5 196608 262144 262144 327680 327680 393216 393216 458752 458752 524288
378 1 462848 483328
84 1 266240 274432
84 1 274432 278528
378 1 483328 495616
104 1 32768 33280
900 1 172032 176128
112 1 200704 204800
331 1 258048 262144
900 1 229376 233472
207 1 327680 330240
89 1 40960 45056
331 1 258048 262144
900 1 172032 176128
609 1 180224 184320
331 1 258048 262144
900 1 229376 233472
609 1 184320 188416
694 2 258048 262144 262144 266240
621 1 286720 290816
67 1 344064 364544
842 1 159744 163840
25 1 0 4096
477 1 118784 122880
748 1 110592 114688
478 1 360448 364544
662 1 417792 425984
68 1 491520 499712
626 2 184320 196608 196608 217088
67 1 364544 385024
49 1 196608 217088
803 1 196608 200704
728 1 184320 188416
362 1 172032 175104
686 1 417792 421888
728 1 188416 196608
804 1 24576 25600
158 1 45056 49152
20 3 385024 393216 393216 458752 458752 462848
284 2 323584 327680 327680 344064
139 1 57344 61440
285 1 49152 61440
803 1 204800 217088
65 1 516096 520192
64 1 163840 192512
978 1 73728 131072
20 1 466944 524288
21 4 0 65536 65536 131072 131072 196608 196608 209408
130 1 352256 356352
94 1 196608 262144
69 3 225280 262144 262144 327680 327680 364544
487 1 286720 289792
129 2 225280 262144 262144 299008
145 1 229376 233472
154 2 65536 131072 131072 196608
996 1 131072 196608
40 1 77824 81920
389 1 376832 380928
368 1 471040 524288
369 3 0 65536 65536 131072 131072 143872
240 2 45056 65536 65536 69632
832 1 471040 475136
48 1 483328 487424
48 1 409600 413696
369 6 143872 196608 196608 262144 262144 327680 327680 393216 393216 458752 458752 524288
370 3 0 65536 65536 131072 131072 143872
278 1 40960 53248
871 2 131072 196608 196608 212992
364 1 487424 495616
364 1 495616 499712
140 1 131072 163840
364 1 499712 512000
364 1 512000 516096
236 1 81920 131072
573 1 110592 114688
155 2 323584 327680 327680 335872
573 1 172032 180224
573 1 114688 118784
803 1 204800 208896
112 1 417792 421888
573 1 180224 184320
0 1 421888 442368
573 1 184320 196608
803 1 270336 274432
627 1 24576 36864
668 1 245760 249856
233 1 454656 458752
907 1 81920 86016
717 2 389120 393216 393216 397312
190 1 159744 167936
349 1 409600 413696
941 1 53248 57344
913 1 221184 225280
373 1 385024 389120
985 1 0 8192
111 2 114688 131072 131072 180224
984 1 159744 167936
239 1 315392 319488
33 3 299008 327680 327680 393216 393216 458752
638 1 462848 466944
878 1 258048 262144
647 1 126976 131072
549 3 106496 131072 131072 196608 196608 262144
744 1 393216 397312
260 1 520192 524288
83 1 270336 274432
878 1 24576 28672
620 5 254464 262144 262144 327680 327680 393216 393216 458752 458752 524288
621 4 0 65536 65536 131072 131072 196608 196608 254464
803 1 204800 217088
258 1 131072 159744
83 1 266240 270336
321 1 94208 98304
744 1 393216 397312
765 1 192512 196608
648 2 450560 458752 458752 524288
649 3 0 65536 65536 131072 131072 155648
322 5 33280 65536 65536 131072 131072 196608 196608 262144 262144 323584
649 3 352256 393216 393216 458752 458752 524288
650 2 0 65536 65536 122880
322 3 389120 393216 393216 458752 458752 524288
323 1 0 61440
305 1 200704 204800
568 1 221184 224256
20 1 507904 512000
432 1 405504 409600
323 2 192512 196608 196608 229888
848 1 409600 421888
187 1 483328 495616
320 1 208896 212992
848 1 368640 376832
432 1 442368 446464
803 1 270336 274432
320 1 217088 221184
650 7 122880 131072 131072 196608 196608 262144 262144 327680 327680 393216 393216 458752 458752 524288
651 2 0 65536 65536 122880
436 1 421888 426496
813 1 204800 208896
848 1 221184 241664
224 1 417792 421888
787 1 45056 49152
88 1 262144 270336
422 1 147456 163840
115 1 501760 502784
357 1 159744 163840
115 1 502784 503296
400 1 184832 185856
133 1 339968 344064
363 1 243200 243712
133 1 274432 278528
878 1 81920 86016
813 1 225280 229376
878 1 81920 86016
813 1 290816 299008
878 1 81920 86016
813 1 229376 233472
97 1 221184 233472
452 1 90112 94208
452 1 135168 139264
97 1 233472 237568
735 1 241664 253952
878 1 81920 86016
813 1 294912 303104
605 1 176640 196608
878 1 81920 86016
605 5 233472 262144 262144 327680 327680 393216 393216 458752 458752 524288
606 4 0 65536 65536 131072 131072 196608 196608 229888
608 5 229888 262144 262144 327680 327680 393216 393216 458752 458752 524288
609 4 0 65536 65536 131072 131072 196608 196608 229888
714 1 483328 487424
996 1 159744 163840
350 1 233472 237568
540 1 110592 114688
436 1 397312 401408
749 1 270336 274432
856 1 409600 413696
904 1 372736 373760
300 1 253952 262144
729 1 311296 315392
858 1 454656 458752
803 1 462848 466944
159 1 164864 167936
159 1 192512 193536
476 1 163840 167936
928 1 12288 32768
344 1 217088 225280
749 5 221696 262144 262144 327680 327680 393216 393216 458752 458752 524288
750 4 0 65536 65536 131072 131072 196608 196608 221696
803 1 217088 221184
813 1 274432 278528
805 1 86016 90624
803 1 208896 212992
750 3 221696 262144 262144 327680 327680 348160
803 1 282624 294912
791 1 167936 172032
791 1 135168 167936
791 2 106496 131072 131072 135168
107 1 278528 299008
431 2 425984 458752 458752 524288
432 1 0 16384
197 1 380928 385024
198 1 20480 24576
198 1 102400 106496
198 1 237568 241664
199 1 503808 507904
199 1 446464 450560
199 1 4096 8192
200 1 176128 180224
198 1 507904 512000
198 1 397312 401408
198 1 409600 413696
404 1 167936 172032
198 1 274432 278528
200 1 327680 331776
200 1 221184 225280
199 1 290816 294912
199 1 143360 147456
819 1 176128 180224
850 1 458752 475136
144 1 417792 421888
813 1 270336 274432
259 1 139264 143360
394 1 122880 126976
419 2 393216 458752 458752 524288
420 6 0 65536 65536 131072 131072 196608 196608 262144 262144 327680 327680 393216
56 1 114688 118784
827 1 409600 413696
289 1 167936 180224
254 1 475136 483328
813 1 217088 221184
251 1 122880 126976
308 1 73728 77824
306 1 53248 61440
979 1 270336 274432
586 1 475136 479232
568 1 245760 262144
803 1 270336 274432
61 1 233472 253952
189 1 466944 524288
190 1 0 8192
57 1 0 12288
914 1 499712 503808
813 1 200704 204800
152 2 196096 196608 196608 200192
748 1 327680 393216
395 1 417792 421888
274 1 492032 524288
275 8 0 65536 65536 131072 131072 196608 196608 262144 262144 327680 327680 393216 393216 458752 458752 492032
134 2 188416 196608 196608 204800
91 1 225280 233472
275 1 492032 524288
276 8 0 65536 65536 131072 131072 196608 196608 262144 262144 327680 327680 393216 393216 458752 458752 492032
155 1 323584 327680
813 1 253952 258048
401 1 262144 263680
687 1 278528 280064
782 2 446464 458752 458752 462848
155 1 323584 327680
134 1 204800 225280
276 1 492032 524288
277 7 0 65536 65536 131072 131072 196608 196608 262144 262144 327680 327680 393216 393216 426496
813 1 319488 323584
155 1 323584 327680
813 1 253952 258048
813 3 327680 393216 393216 458752 458752 524288
814 1 0 65536
59 1 331776 339968
59 1 339968 344064
239 1 462848 471040
239 1 471040 475136
570 1 233472 245760
670 1 106496 131072
883 1 491520 495616
57 1 147456 151552
909 1 262144 266240
160 3 286720 327680 327680 393216 393216 454656
974 5 4096 65536 65536 131072 131072 196608 196608 262144 262144 266240
977 1 352256 356352
677 1 380928 389120
853 1 147456 151552
670 1 131072 135168
883 1 425984 430080
853 1 147456 155648
883 1 491520 495616
853 1 151552 155648
883 1 425984 430080
813 1 225280 253952
83 1 270336 274432
557 4 274944 327680 327680 393216 393216 458752 458752 524288
558 5 0 65536 65536 131072 131072 196608 196608 262144 262144 274944
877 1 491520 499712
258 1 159744 192512
621 5 254464 262144 262144 327680 327680 393216 393216 458752 458752 524288
622 4 0 65536 65536 131072 131072 196608 196608 254464
97 1 442368 446464
83 1 266240 270336
292 1 122880 126976
216 1 176128 184320
321 1 417792 454656
186 1 397312 430080
325 1 327680 331776
620 1 172032 176128
591 2 57344 65536 65536 90112
181 1 4096 12288
44 1 135168 139264
181 1 12288 16384
45 1 102400 106496
947 1 118784 131072
947 1 196608 217088
126 1 53248 57344
216 1 180224 184320
325 1 331776 335872
947 1 217088 249856
198 1 122880 126976
204 1 135168 139264
869 1 476672 477184
0 1 421888 438272
0 1 438272 458752
27 1 319488 323584
27 1 409600 413696
461 1 327680 331776
478 1 442368 446464
326 1 135168 180224
27 1 409600 413696
326 1 180224 184320
421 1 262144 282624
936 1 200704 204800
438 2 188416 196608 196608 245760
288 1 466944 475136
438 1 245760 249856
118 1 368640 372736
272 2 61440 65536 65536 77824
869 1 339968 352256
803 1 253952 262144
226 1 90112 94208
982 1 405504 409600
982 1 405504 413696
982 1 417792 421888
518 1 282624 286720
982 1 405504 409600
806 1 49152 53248
872 1 65536 69632
870 1 512000 516096
159 1 159744 161280
791 3 237568 262144 262144 327680 327680 368640
871 1 339968 344064
803 1 274432 278528
150 1 253952 258048
805 1 102400 106496
842 1 61440 65536
821 1 69632 73728
844 1 217088 225280
833 1 167936 172032
854 1 319488 323584
27 1 491520 512000
856 1 151552 155648
868 1 208896 212992
21 4 209408 262144 262144 327680 327680 393216 393216 397312
881 1 356352 360448
872 1 45056 49152
883 1 192512 196608
885 1 122880 126976
458 1 409600 413696
454 1 245760 249856
458 1 462848 466944
29 1 57344 61440
986 1 98304 102400
771 1 106496 110592
240 1 106496 110592
845 1 253952 257536
298 1 245760 246272
185 1 372736 389120
416 2 372736 393216 393216 401408
963 1 110592 118784
728 1 262144 274432
493 1 380928 393216
963 1 143360 147456
503 1 262144 266240
552 1 4096 20480
292 1 102400 106496
292 1 94208 98304
609 1 188416 192512
30 1 417792 421888
813 1 299008 311296
657 1 479232 483328
30 1 417792 421888
420 2 393216 458752 458752 524288
421 4 0 65536 65536 131072 131072 196608 196608 237568
26 1 466944 471040
803 1 204800 208896
210 1 413696 421888
619 1 135168 139264
213 1 61440 65536
879 1 274432 276480
554 1 212992 214016
815 7 81920 131072 131072 196608 196608 262144 262144 327680 327680 393216 393216 458752 458752 463360
59 1 217088 221184
212 1 188416 192512
128 1 65536 131072
188 1 44544 45056
615 5 253952 262144 262144 327680 327680 393216 393216 458752 458752 524288
616 4 0 65536 65536 131072 131072 196608 196608 253952
197 1 237568 241664
906 2 0 65536 65536 94208
59 1 221184 229376
666 3 373248 393216 393216 458752 458752 524288
667 6 0 65536 65536 131072 131072 196608 196608 262144 262144 327680 327680 373248
593 1 458752 479232
804 1 323584 327680
771 1 131072 139264
119 1 331776 335872
710 1 200704 204800
803 1 204800 217088
187 1 335872 339968
593 1 479232 483328
551 1 40960 45056
869 1 249344 249856
632 1 393216 397312
459 1 184320 188416
42 1 45056 49152
632 1 368640 372736
432 1 16384 20480
977 1 106496 110592
126 1 319488 323584
135 1 12288 16384
994 1 155648 159744
375 1 45056 49152
194 1 200704 204800
246 1 143360 147456
460 1 126976 131072
460 1 339968 344064
111 1 262144 266240
477 1 184320 188416
112 1 229376 233472
239 1 512000 516096
516 1 36864 40960
586 1 475136 479232
813 1 204800 208896
25 1 12288 16384
803 1 204800 208896
609 1 110592 115200
668 1 299008 303104
668 1 323584 327680
608 7 111104 131072 131072 196608 196608 262144 262144 327680 327680 393216 393216 458752 458752 524288
609 2 0 65536 65536 106496
609 1 115200 131072
23 1 462848 483328
344 1 221184 229376
813 1 208896 212992
803 1 204800 208896
792 3 172032 196608 196608 262144 262144 303104
274 1 53248 57344
370 6 143872 196608 196608 262144 262144 327680 327680 393216 393216 458752 458752 524288
371 2 0 65536 65536 77824
137 1 53248 61440
65 1 237568 241664
371 2 274432 327680 327680 340480
137 1 61440 65536
813 1 204800 208896
792 1 270336 282624
224 1 409600 413696
253 1 139264 143360
475 1 438272 442368
517 1 307200 311296
521 1 20480 24576
585 1 368640 372736
605 1 114688 118784
607 1 32768 36864
587 1 49152 53248
586 1 307200 311296
606 1 102400 106496
35 3 290816 327680 327680 393216 393216 430080
609 1 16384 20480
692 1 233472 237568
712 1 241664 245760
716 1 368640 372736
842 1 0 4096
842 1 8192 12288
708 1 155648 159744
823 1 442368 450560
45 1 106496 114688
31 3 278528 327680 327680 393216 393216 434176
144 1 483328 487424
45 1 114688 118784
540 2 380928 393216 393216 397312
590 1 335872 352256
418 1 413696 430080
418 1 462848 479232
316 2 430080 458752 458752 495616
894 1 385024 389120
550 2 299008 327680 327680 364544
2 1 180224 184320
136 1 212992 217088
318 2 311296 327680 327680 376832
696 2 172032 196608 196608 237568
715 2 40960 65536 65536 106496
714 2 335872 393216 393216 401408
767 2 446464 458752 458752 512000
785 1 143360 196608
883 1 487424 495616
883 1 475136 479232
396 2 450560 458752 458752 466944
192 1 417792 421888
177 1 90112 94208
219 2 323584 327680 327680 339968
425 1 180224 192512
515 1 393216 397312
274 1 65536 90112
27 1 204800 212992
274 1 90112 94208
27 1 212992 217088
219 1 339968 348160
947 1 327680 335872
949 1 352256 356352
932 1 339968 344064
947 1 462848 466944
953 1 65536 69632
35 1 491520 524288
36 3 0 65536 65536 131072 131072 143872
955 1 454656 458752
16 1 28672 49152
423 1 307200 311296
324 1 495616 499712
144 1 405504 417792
842 1 147456 151552
947 1 454656 458752
949 1 417792 421888
936 1 122880 126976
483 1 94208 98304
719 1 110592 114688
954 1 69632 73728
565 1 491520 495616
160 1 196608 197120
476 1 167936 172032
161 1 245760 249856
160 1 229376 233472
704 1 348160 352256
476 1 163840 167936
745 1 65536 94208
739 1 339968 344064
214 1 40960 57344
83 1 180224 184320
960 2 442368 458752 458752 475136
831 3 212992 262144 262144 327680 327680 393216
739 1 270336 274432
937 1 204288 212480
896 1 73728 81920
551 1 348160 350208
671 1 475136 479232
869 1 294912 298496
870 1 339968 344064
850 1 180224 196608
805 1 442368 446464
804 1 241664 245760
869 1 446464 450560
995 1 421888 425984
640 1 368640 370688
813 1 270336 278528
671 1 483328 487424
749 1 278528 282624
700 1 274432 278528
700 1 315392 319488
192 1 417792 421888
700 1 270336 274432
96 1 483328 495616
192 1 413696 417792
96 1 425984 434176
700 1 274432 282624
542 1 466432 507392
96 1 495616 499712
242 1 221184 229376
242 1 339968 352256
700 1 315392 319488
700 1 270336 274432
700 1 270336 274432
241 1 90112 94208
106 1 143360 147456
52 1 196608 217088
833 2 237568 262144 262144 303104
204 1 4096 8192
204 1 413696 417792
205 1 8192 20480
742 1 483840 524288
743 7 0 65536 65536 131072 131072 196608 196608 262144 262144 327680 327680 393216 393216 413696
927 2 167936 196608 196608 238080
5 1 339968 360448
927 3 238080 262144 262144 327680 327680 364544
928 1 393216 430080
927 3 364544 393216 393216 458752 458752 524288
928 4 0 65536 65536 131072 131072 196608 196608 201216
928 3 201216 262144 262144 327680 327680 393216
928 2 430080 458752 458752 524288
929 4 0 65536 65536 131072 131072 196608 196608 238080
5 1 360448 372736
206 1 356352 360448
250 1 204800 221184
261 1 491520 503808
260 1 372736 389120
124 1 491520 512000
81 1 40960 49152
848 1 352256 372736
813 1 241664 245760
586 1 475136 479232
24 1 471040 479232
61 1 253952 262144
803 1 270336 274432
62 1 0 4096
144 1 417792 425984
803 1 270336 274432
216 1 49152 57344
101 1 8192 40960
215 1 507904 512000
869 1 477184 477696
224 1 487424 491520
239 1 380928 389120
803 1 204800 208896
179 1 4096 36864
241 1 266240 270336
239 1 389120 393216
848 1 286720 307200
242 1 434176 438272
260 1 278528 311296
243 1 40960 45056
588 1 326656 327168
106 1 270336 303104
244 1 110592 114688
252 1 172032 176128
869 1 477696 478208
660 1 466944 499712
603 1 110592 114688
148 2 454656 458752 458752 462848
204 2 258048 262144 262144 266240
148 1 462848 466944
733 1 442368 446464
322 1 167936 172032
204 1 266240 270336
733 1 442368 446464
393 1 163840 172032
393 1 172032 176128
721 1 110592 111104
258 2 192512 196608 196608 225280
744 1 393216 397312
428 1 475136 479232
83 1 270336 274432
878 1 28672 32768
950 1 319488 322048
853 1 155648 172032
622 5 254464 262144 262144 327680 327680 393216 393216 458752 458752 524288
623 3 0 65536 65536 131072 131072 188928
258 1 225280 258048
803 1 270336 274432
558 4 274944 327680 327680 393216 393216 458752 458752 524288
559 5 0 65536 65536 131072 131072 196608 196608 262144 262144 274944
83 1 266240 270336
745 1 94208 98304
96 1 413696 417792
999 1 241664 245760
96 1 417792 421888
139 1 262144 282624
274 2 389120 393216 393216 397312
278 1 204800 212992
94 1 507904 512000
674 1 98304 118784
218 1 520192 524288
219 1 0 40960
219 1 40960 45056
813 1 204800 208896
843 1 380928 385024
848 1 221184 237568
32 2 434176 458752 458752 499712
31 2 434176 458752 458752 524288
32 7 0 65536 65536 131072 131072 196608 196608 262144 262144 327680 327680 393216 393216 434176
44 1 327680 331776
273 1 147456 151552
132 1 126976 131072
42 1 106496 110592
162 1 143360 147456
822 1 0 65536
606 1 114688 118784
59 1 335872 339968
741 2 380928 393216 393216 446464
34 1 196608 262144
910 1 106496 110592
767 3 208896 262144 262144 327680 327680 364544
162 1 393216 425984
767 2 430080 458752 458752 524288
768 1 0 20480
942 1 40960 65536
768 1 20480 24576
509 4 274432 327680 327680 393216 393216 458752 458752 524288
510 2 0 65536 65536 73728
49 3 151552 196608 196608 262144 262144 327680
54 2 65536 131072 131072 139264
780 1 401408 405504
796 1 478208 478720
816 8 4608 65536 65536 131072 131072 196608 196608 262144 262144 327680 327680 393216 393216 458752 458752 524288
817 1 0 4608
59 1 229376 233472
860 1 200704 201216
780 1 327680 331776
667 3 373248 393216 393216 458752 458752 467456
667 1 467456 471040
616 5 253952 262144 262144 327680 327680 393216 393216 458752 458752 524288
617 4 0 65536 65536 131072 131072 196608 196608 253952
674 4 98304 131072 131072 196608 196608 262144 262144 266752
673 3 360448 393216 393216 458752 458752 524288
674 2 0 65536 65536 94208
817 2 4608 65536 65536 98304
818 2 98304 131072 131072 151552
796 1 478720 479232
817 7 98304 131072 131072 196608 196608 262144 262144 327680 327680 393216 393216 458752 458752 475648
298 1 126976 131072
467 1 90112 94208
803 1 200704 204800
709 1 114688 115712
363 1 393216 405504
323 5 229888 262144 262144 327680 327680 393216 393216 458752 458752 524288
324 4 0 65536 65536 131072 131072 196608 196608 229888
403 1 245760 249856
741 1 151552 184320
741 1 184320 188416
651 7 122880 131072 131072 196608 196608 262144 262144 327680 327680 393216 393216 458752 458752 524288
652 2 0 65536 65536 122880
324 4 229888 262144 262144 327680 327680 393216 393216 454656
363 1 405504 409600
741 2 188416 196608 196608 212992
324 1 520192 524288
325 5 0 65536 65536 131072 131072 196608 196608 262144 262144 295424
741 1 212992 217088
652 3 122880 131072 131072 196608 196608 204800
652 5 208896 262144 262144 327680 327680 393216 393216 458752 458752 524288
653 2 0 65536 65536 126976
325 1 295424 323584
256 1 374272 374784
573 1 196608 200704
573 1 200704 212992
0 1 442368 458752
333 1 331776 344064
841 1 458752 462848
573 1 212992 217088
573 1 217088 229376
573 1 229376 233472
573 1 233472 245760
889 1 400896 404992
609 6 172032 196608 196608 262144 262144 327680 327680 393216 393216 458752 458752 524288
610 3 0 65536 65536 131072 131072 156160
813 1 233472 237568
609 5 229888 262144 262144 327680 327680 393216 393216 458752 458752 524288
610 4 0 65536 65536 131072 131072 196608 196608 229888
629 1 4096 28672
613 1 12800 16384
309 2 315904 327680 327680 339968
611 5 229888 262144 262144 327680 327680 393216 393216 458752 458752 524288
612 4 0 65536 65536 131072 131072 196608 196608 229888
606 5 229888 262144 262144 327680 327680 393216 393216 458752 458752 524288
607 4 0 65536 65536 131072 131072 196608 196608 229888
607 5 229888 262144 262144 327680 327680 393216 393216 458752 458752 524288
608 4 0 65536 65536 131072 131072 196608 196608 229888
637 1 16384 36864
620 1 520704 524288
621 7 0 65536 65536 131072 131072 196608 196608 262144 262144 327680 327680 393216 393216 401408
610 5 229888 262144 262144 327680 327680 393216 393216 458752 458752 524288
611 4 0 65536 65536 131072 131072 196608 196608 229888
878 1 81920 86016
612 5 229888 262144 262144 327680 327680 393216 393216 458752 458752 524288
613 1 0 12800
813 1 299008 307200
878 1 81920 86016
813 1 237568 241664
640 1 36864 40960
871 1 131072 147456
364 1 516096 524288
365 1 0 4096
140 1 163840 180224
365 1 4096 12288
365 1 12288 16384
871 1 131072 163840
365 1 16384 24576
365 1 24576 28672
281 1 126976 131072
535 1 155648 159744
535 1 339968 348160
700 1 86016 90112
216 1 204800 253952
311 1 163840 167936
700 1 278528 282624
873 1 172032 176128
807 1 397312 401408
118 1 229376 233472
118 1 159744 163840
401 1 196608 212992
751 1 65536 69632
96 1 430080 434176
68 1 430080 434176
823 1 36864 61440
96 1 495616 499712
883 1 196608 200704
700 1 270336 274432
188 1 225280 241664
149 1 69632 90624
13 1 397312 413696
886 1 278528 311296
223 1 393216 397312
223 1 385024 389120
813 1 278528 286720
65 1 237568 241664
371 3 340480 393216 393216 458752 458752 524288
372 1 0 12288
813 1 217088 221184
377 4 81920 131072 131072 196608 196608 262144 262144 278528
65 1 237568 241664
278 1 114688 118784
758 1 45056 49152
827 2 385024 393216 393216 432128
368 1 159744 163840
813 1 282624 286720
413 3 290816 327680 327680 393216 393216 422400
706 1 368640 372736
37 1 245760 249856
883 1 184320 188416
813 1 270336 282624
37 3 12288 65536 65536 131072 131072 147968
303 1 126976 131072
282 1 417792 421888
317 1 421888 442368
801 1 143360 147456
14 1 262144 274432
36 6 143872 196608 196608 262144 262144 327680 327680 393216 393216 458752 458752 524288
37 1 0 8192
364 1 163840 167936
794 1 270336 274432
317 1 266240 266752
480 1 401408 405504
781 1 262144 274432
965 2 53248 65536 65536 118784
49 1 167936 196608
979 1 512000 524288
980 1 0 53248
976 1 413696 417792
366 2 323584 327680 327680 368640
335 1 36864 45056
148 1 393216 430080
366 1 368640 372736
211 2 8192 65536 65536 73728
16 1 0 4096
0 1 8192 12288
0 1 0 4096
231 1 241664 245760
414 1 228864 237056
753 1 89600 93696
721 1 171520 175616
357 1 159744 163840
236 1 4096 7168
269 1 405504 408576
571 1 499712 507904
595 1 507904 516096
589 1 512000 516096
396 1 409600 413696
35 1 212992 221184
601 1 24576 28672
813 1 212992 225280
497 1 122880 126976
824 2 241664 262144 262144 278528
364 1 86016 90112
144 1 69632 73728
176 1 512000 516096
173 1 450560 454656
488 1 421888 425984
118 1 368640 372736
824 1 278528 282624
997 1 442368 458752
813 1 286720 290816
118 1 368640 372736
813 1 221184 225280
831 1 212992 245760
118 1 368640 372736
549 1 57344 61440
25 1 16384 20480
813 1 270336 278528
240 1 483328 499712
78 1 487424 495616
56 1 81920 90112
381 1 360448 380928
78 1 495616 499712
56 1 90112 94208
390 1 221184 224768
64 1 483328 487424
107 1 262144 278528
64 1 417792 421888
849 1 475136 495616
849 1 495616 507904
687 1 262144 270336
98 1 24576 32768
98 1 32768 36864
511 1 163840 167936
511 1 159744 163840
422 1 163840 184320
291 1 339968 360448
288 1 475136 479232
241 1 24576 28672
854 1 77824 94208
896 1 143360 147456
989 1 405504 409600
278 1 516096 520192
896 1 77824 81920
805 1 442368 446464
455 1 438272 450560
755 1 290816 294912
251 1 151552 155648
813 1 270336 274432
160 1 196608 197120
476 1 167936 172032
195 1 413696 417792
216 1 57344 61440
259 1 139264 143360
767 1 475136 479232
803 1 204800 208896
32 1 503808 524288
33 1 0 4096
725 1 28672 32768
144 1 487424 495616
440 1 327680 330752
256 1 65536 69120
195 1 401408 405504
66 1 376832 380928
241 1 380928 382976
258 1 258048 262144
623 5 254464 262144 262144 327680 327680 393216 393216 458752 458752 524288
624 4 0 65536 65536 131072 131072 196608 196608 254464
168 1 122880 126976
870 1 327680 331776
607 1 151552 155648
309 1 94208 98304
97 1 446464 450560
241 1 0 28672
860 1 335872 337920
869 1 446464 450560
403 1 495616 496128
134 1 364544 368640
83 1 270336 274432
559 4 274944 327680 327680 393216 393216 458752 458752 524288
560 5 0 65536 65536 131072 131072 196608 196608 262144 262144 274944
299 1 73728 77824
625 2 184320 196608 196608 233984
586 1 270336 278528
843 1 16384 32768
758 1 118784 126976
23 1 512000 520192
262 1 77824 81920
23 1 520192 524288
757 1 364544 385024
757 1 487424 491520
518 1 237568 241664
757 1 466944 479232
325 1 110592 118784
325 1 253952 258048
213 1 348160 360448
905 2 438272 458752 458752 475136
814 1 212992 217088
848 1 454656 458752
95 1 180224 192512
849 1 393216 401408
95 1 192512 196608
813 1 204800 212992
354 1 348160 352256
25 1 0 12288
531 1 229376 233472
268 1 430080 434176
368 1 8192 12288
869 1 478208 478720
270 1 69632 73728
660 1 499712 524288
661 1 0 8192
270 1 282624 286720
869 1 478720 479232
271 1 229376 233472
803 1 290816 299008
280 1 126976 131072
283 1 327680 331776
686 1 45056 49152
288 1 278528 282624
686 1 49152 53248
297 1 397312 401408
588 1 327168 327680
803 1 229376 233472
300 1 397312 401408
586 1 475136 479232
803 1 204800 212992
813 1 372736 376832
30 1 417792 421888
813 1 307200 311296
30 1 417792 421888
381 1 348160 364544
813 1 372736 376832
657 1 483328 487424
30 1 417792 421888
657 1 487424 491520
657 1 491520 495616
813 1 307200 315392
657 1 495616 499712
657 1 499712 503808
657 1 503808 507904
30 1 417792 421888
657 1 507904 512000
813 1 376832 380928
573 1 245760 249856
197 1 335872 356352
573 1 249856 262144
573 1 262144 266240
278 1 114688 122880
149 1 327680 331776
537 1 356352 368640
435 1 405504 425984
324 1 442368 446464
436 1 4096 40960
65 1 237568 241664
537 1 368640 372736
813 1 217088 221184
858 1 212992 217088
83 1 253952 258048
960 1 475136 479232
251 1 126976 131072
306 1 53248 57344
162 1 217088 225280
162 1 225280 229376
50 1 360448 368640
50 1 368640 372736
32 1 409600 413696
75 1 335872 356352
32 1 438272 442368
75 1 356352 368640
7 1 311296 319488
7 1 319488 323584
68 2 442368 458752 458752 471040
146 1 24576 32768
237 1 323584 327680
146 1 32768 36864
726 1 73728 77824
513 1 262144 264192
404 1 479232 487424
405 1 196608 249856
258 1 12288 20480
691 1 184320 187904
78 1 225280 229376
78 2 258048 262144 262144 270336
279 1 499712 503808
64 2 118784 131072 131072 151552
39 2 163840 196608 196608 204800
914 1 495616 499712
612 1 446464 458752
612 1 458752 462848
263 1 323584 327680
408 1 299008 311296
877 1 360448 364544
223 1 393216 397312
820 1 499712 503808
39 1 196608 229376
914 1 495616 499712
612 1 462848 475136
612 1 475136 479232
199 2 110592 131072 131072 135168
193 1 507904 511488
183 1 385024 389120
637 8 36864 65536 65536 131072 131072 196608 196608 262144 262144 327680 327680 393216 393216 458752 458752 524288
638 1 0 36864
638 8 36864 65536 65536 131072 131072 196608 196608 262144 262144 327680 327680 393216 393216 458752 458752 524288
639 1 0 36864
878 1 81920 86016
643 1 40960 45056
314 2 245760 262144 262144 311296
639 8 36864 65536 65536 131072 131072 196608 196608 262144 262144 327680 327680 393216 393216 458752 458752 524288
640 1 0 36864
643 8 45056 65536 65536 131072 131072 196608 196608 262144 262144 327680 327680 393216 393216 458752 458752 499712
640 8 40960 65536 65536 131072 131072 196608 196608 262144 262144 327680 327680 393216 393216 458752 458752 524288
641 1 0 40960
881 1 393216 413696
705 1 32768 40960
641 8 40960 65536 65536 131072 131072 196608 196608 262144 262144 327680 327680 393216 393216 458752 458752 524288
642 1 0 40960
813 1 303104 307200
644 4 90112 131072 131072 196608 196608 262144 262144 303104
704 2 450560 458752 458752 507904
315 2 180224 196608 196608 245760
289 1 487424 524288
238 1 274432 278528
248 1 405504 413696
56 1 172032 180224
577 2 188416 196608 196608 217088
105 1 98304 106496
93 1 331776 339968
851 1 131072 151552
813 1 274432 278528
533 1 503808 524288
26 1 253952 258048
813 1 208896 217088
896 1 143360 147456
848 1 352256 372736
26 1 393216 397312
420 1 368640 385024
813 1 200704 204800
124 1 380928 385024
896 1 77824 90112
268 1 237568 241664
214 1 385024 393216
780 1 335872 339968
632 1 131072 135168
913 1 237568 241664
92 1 434176 438272
380 1 143360 147456
957 1 196608 208896
591 1 106496 114688
275 2 20480 65536 65536 98304
275 1 98304 102400
172 1 286720 294912
172 1 294912 299008
642 1 446464 450560
482 1 397312 401408
158 1 282624 286720
154 1 106496 114688
324 1 114688 118784
642 2 450560 458752 458752 462848
813 1 212992 217088
159 1 462848 466944
317 1 262144 266240
14 1 126976 131072
14 1 274432 278528
144 1 385024 389120
888 1 393216 397312
37 6 147968 196608 196608 262144 262144 327680 327680 393216 393216 458752 458752 524288
38 2 0 65536 65536 82944
14 1 393216 405504
844 1 126976 128512
844 1 122880 126976
442 1 360448 393216
548 1 114688 122880
442 1 458752 487424
858 1 221184 229376
871 1 311296 319488
358 1 204800 212992
225 1 61440 65536
511 1 131072 135168
395 1 36864 40960
419 1 360448 364544
159 1 208896 209408
775 1 237568 239104
560 2 40960 65536 65536 114688
178 1 413696 421888
645 1 278528 327680
178 1 421888 425984
560 1 114688 118784
645 1 393216 397312
645 1 397312 401408
115 1 503296 504320
115 1 504320 505344
2 1 4096 8192
674 1 49152 53248
2 1 32768 36864
114 1 192512 196608
376 1 106496 110592
114 1 270336 274432
114 1 167936 176128
370 1 233472 237568
370 1 344064 348160
370 1 311296 315392
371 1 253952 262144
586 1 475136 479232
387 1 442368 446464
642 8 40960 65536 65536 131072 131072 196608 196608 262144 262144 327680 327680 393216 393216 458752 458752 524288
643 1 0 40960
869 1 122880 126976
643 1 499712 524288
644 2 0 65536 65536 86016
464 1 368640 372736
288 1 331776 335872
48 1 483328 487424
289 1 8192 12288
309 1 274432 315904
316 2 114688 131072 131072 180224
884 1 266240 294912
878 1 81920 86016
290 1 0 4096
620 1 520192 520704
316 1 507904 524288
317 1 0 49152
621 1 425984 458752
813 1 237568 241664
91 1 262144 282624
447 1 356352 360448
448 1 163840 167936
869 1 479232 479744
383 1 356352 364544
357 1 40960 45056
267 2 446464 458752 458752 479232
806 1 471040 479232
483 1 147456 151552
357 1 73728 81920
404 1 212992 217088
869 1 479744 480256
806 1 479232 483328
716 1 180224 184320
355 1 225280 258048
404 1 204800 208896
869 1 480256 480768
223 1 126976 131072
955 1 331776 335872
878 2 45056 65536 65536 77824
241 1 28672 32768
803 1 270336 278528
827 1 319488 327680
194 1 503808 520192
65 1 24576 28672
610 6 156160 196608 196608 262144 262144 327680 327680 393216 393216 458752 458752 524288
611 3 0 65536 65536 131072 131072 156160
602 1 208384 212480
0 1 183808 187904
620 1 245248 249344
620 1 232960 237056
644 1 245248 249344
620 1 216576 220672
620 1 347648 351744
120 1 138752 142848
86 1 0 65536
761 1 393216 397312
197 1 237568 245760
617 5 253952 262144 262144 327680 327680 393216 393216 458752 458752 524288
618 4 0 65536 65536 131072 131072 196608 196608 253952
860 1 209408 209920
59 1 233472 241664
817 1 475648 524288
818 2 0 65536 65536 98304
818 1 151552 155648
674 4 266752 327680 327680 393216 393216 458752 458752 524288
675 5 0 65536 65536 131072 131072 196608 196608 262144 262144 266752
796 1 479232 479744
59 1 241664 245760
818 5 208896 262144 262144 327680 327680 393216 393216 458752 458752 524288
819 1 0 57856
618 2 253952 262144 262144 303104
307 2 57344 65536 65536 77824
618 4 307200 327680 327680 393216 393216 458752 458752 524288
619 3 0 65536 65536 131072 131072 192512
676 3 110592 131072 131072 196608 196608 221696
675 4 266752 327680 327680 393216 393216 458752 458752 524288
676 2 0 65536 65536 90112
860 1 217088 217600
573 1 266240 278528
105 1 106496 110592
376 1 430080 434176
377 1 339968 344064
376 1 303104 307200
376 1 450560 458752
377 1 348160 352256
376 1 348160 360448
377 1 73728 77824
377 1 471040 483328
577 1 217088 221184
206 1 479232 483328
368 1 159744 163840
278 1 114688 118784
413 2 422400 458752 458752 524288
414 3 0 65536 65536 131072 131072 143360
414 5 147456 196608 196608 262144 262144 327680 327680 393216 393216 426496
264 1 475136 483328
65 1 237568 241664
537 1 372736 380928
833 1 434176 438784
803 1 208896 212992
803 1 196608 200704
833 2 438784 458752 458752 524288
834 1 0 40960
834 2 303104 327680 327680 368640
834 2 434176 458752 458752 499712
875 2 421888 458752 458752 487424
876 2 28672 65536 65536 94208
876 2 356352 393216 393216 421888
876 1 487424 524288
877 1 0 28672
877 1 94208 98816
985 1 241152 242176
877 2 98816 131072 131072 159744
823 1 61440 65536
700 1 315392 319488
700 1 270336 274432
242 1 434176 450560
242 1 352256 356352
700 1 278528 282624
113 1 90112 98304
96 1 430080 438272
568 2 245760 262144 262144 303104
96 1 499712 503808
700 1 315392 319488
903 1 479232 483328
803 1 270336 274432
700 1 270336 274432
700 1 270336 274432
161 1 290816 299008
999 1 204800 225280
813 1 286720 290816
96 1 225280 237568
118 1 368640 372736
96 1 237568 241664
813 1 221184 225280
574 1 417792 421888
493 1 188416 192512
505 1 53248 57344
495 1 503808 507904
495 1 401408 405504
496 1 0 4096
495 1 368640 372736
79 1 520192 524288
80 1 0 61440
333 1 397312 413696
842 1 180224 196608
80 1 61440 65536
118 1 368640 372736
96 1 241664 253952
813 1 286720 294912
251 2 28672 65536 65536 94208
275 1 393216 458752
328 1 458752 524288
371 2 188416 196608 196608 253952
806 1 40960 65536
377 1 335872 376832
575 1 286720 294912
83 1 266240 270336
241 1 28672 61440
626 1 98304 122880
625 2 90112 131072 131072 180224
805 1 442368 446464
624 5 254464 262144 262144 327680 327680 393216 393216 458752 458752 524288
625 2 0 65536 65536 90112
83 1 270336 274432
241 2 61440 65536 65536 94208
97 1 450560 454656
560 4 274944 327680 327680 393216 393216 458752 458752 524288
561 5 0 65536 65536 131072 131072 196608 196608 262144 262144 274944
626 3 122880 131072 131072 196608 196608 258560
241 1 94208 126976
83 1 266240 270336
843 1 32768 53248
262 2 61440 65536 65536 69632
725 1 143360 147456
950 1 503808 524288
951 1 0 49152
650 1 253952 262144
100 1 221184 245760
308 1 311296 323584
325 1 253952 262144
518 1 114688 118784
803 1 270336 274432
869 1 356352 360448
100 1 245760 249856
325 1 266240 270336
348 1 204800 208896
94 4 106496 131072 131072 196608 196608 262144 262144 270336
325 1 253952 258048
844 2 425984 458752 458752 507904
822 1 323584 327680
378 1 225280 241664
360 1 438272 458752
360 1 479232 491520
361 1 98304 114688
826 4 319488 327680 327680 393216 393216 458752 458752 524288
827 5 0 65536 65536 131072 131072 196608 196608 262144 262144 319488
241 1 94208 98304
925 1 487424 491520
240 1 417792 421888
165 1 327680 348160
32 1 442368 446464
420 1 319488 323584
165 1 348160 360448
623 1 270336 278528
813 1 204800 208896
813 1 196608 200704
11 1 114688 115712
932 1 196608 262144
953 1 131072 135168
813 1 270336 274432
813 1 196608 200704
195 1 282624 286720
945 1 503808 507904
586 2 258048 262144 262144 278528
946 1 86016 90112
813 1 282624 286720
803 1 274432 278528
80 1 483328 487424
280 1 98304 99840
813 1 204800 208896
272 1 208384 216576
611 6 156160 196608 196608 262144 262144 327680 327680 393216 393216 458752 458752 524288
612 3 0 65536 65536 131072 131072 156160
325 3 389120 393216 393216 458752 458752 524288
326 3 0 65536 65536 131072 131072 192512
363 1 409600 421888
326 4 258048 262144 262144 327680 327680 393216 393216 426496
653 7 126976 131072 131072 196608 196608 262144 262144 327680 327680 393216 393216 458752 458752 524288
654 1 0 61440
741 1 217088 262144
741 1 262144 266240
326 1 426496 454656
854 1 327680 385024
363 1 421888 425984
853 3 307200 327680 327680 393216 393216 454656
849 1 368640 385024
852 1 512000 524288
853 5 0 65536 65536 131072 131072 196608 196608 262144 262144 307200
741 1 266240 294912
813 1 270336 278528
327 7 126976 131072 131072 196608 196608 262144 262144 327680 327680 393216 393216 458752 458752 524288
328 1 0 33280
741 1 294912 299008
739 1 339968 344064
739 1 266240 270336
2 1 344064 348160
702 1 36864 40960
349 1 118784 126976
527 1 290816 294912
483 1 176128 180224
482 1 401408 405504
116 1 118784 122880
497 1 208896 212992
349 2 126976 131072 131072 135168
642 1 462848 507904
576 1 262656 263168
642 1 503808 507904
337 2 327680 393216 393216 397312
240 1 483328 487424
576 1 270848 271360
337 1 397312 401408
291 1 278528 299008
240 1 417792 421888
214 1 393216 397312
0 1 421888 442368
780 1 401408 409600
198 1 434176 442368
29 1 155648 159744
293 1 159744 196608
821 1 118784 122880
776 1 434176 435200
157 1 188416 191488
907 1 16384 20480
162 1 450560 455168
183 1 434176 438272
969 1 385024 389120
186 1 159744 161280
848 1 409600 417792
848 1 372736 376832
161 1 512000 514560
936 1 163840 167936
58 1 466944 499712
810 1 249856 262144
134 4 286720 327680 327680 393216 393216 458752 458752 524288
135 1 0 65536
66 1 262144 282624
806 2 430080 458752 458752 524288
807 4 0 65536 65536 131072 131072 196608 196608 217088
975 3 172032 196608 196608 262144 262144 270336
0 1 421888 442368
330 1 188416 192512
668 1 471040 479232
330 1 208896 212992
205 1 20480 61440
803 1 270336 274432
205 1 61440 65536
503 2 192512 196608 196608 225280
503 1 225280 229376
155 1 323584 327680
277 1 492032 524288
278 8 0 65536 65536 131072 131072 196608 196608 262144 262144 327680 327680 393216 393216 458752 458752 492032
813 1 319488 327680
155 1 323584 327680
813 1 258048 262144
344 1 114688 131072
298 1 57344 61440
278 1 492032 524288
279 8 0 65536 65536 131072 131072 196608 196608 262144 262144 327680 327680 393216 393216 458752 458752 492032
155 1 323584 327680
813 1 323584 327680
279 1 492032 524288
280 8 0 65536 65536 131072 131072 196608 196608 262144 262144 327680 327680 393216 393216 458752 458752 492032
345 1 0 20480
298 1 122880 126976
280 1 492032 524288
281 7 0 65536 65536 131072 131072 196608 196608 262144 262144 327680 327680 393216 393216 458752
422 1 393216 426496
422 1 426496 458752
139 1 282624 294912
467 1 106496 110592
848 1 237568 245760
848 1 278528 290816
975 1 270336 274432
942 1 458752 462848
934 1 45056 49152
927 1 495616 496640
942 1 512000 520192
1 1 53248 65536
1 1 262144 266240
803 1 204800 212992
447 1 516096 524288
454 1 159744 163328
700 1 278528 282624
161 1 299008 303104
55 1 483328 495616
803 1 204800 212992
789 1 94208 102400
211 1 249856 258048
801 1 520192 524288
802 1 0 4096
112 1 151552 176128
96 1 434176 438272
710 1 491520 524288
711 1 0 36864
202 1 241664 245760
744 1 475136 479232
112 1 176128 180224
96 1 499712 503808
7 1 417792 425984
711 1 36864 40960
700 1 270336 274432
601 2 266240 327680 327680 331776
869 1 405504 417792
602 2 135168 196608 196608 200704
324 1 249856 253952
556 1 438272 442368
803 1 270336 282624
603 2 73728 131072 131072 139264
333 1 458752 462848
630 1 53248 57344
529 1 479232 484352
600 1 327680 330752
204 1 294912 303104
982 1 405504 409600
604 2 8192 65536 65536 73728
246 1 335360 335872
291 1 360448 364544
292 1 462848 471040
997 1 307200 315392
997 1 315392 319488
813 1 208896 229376
956 1 114688 118784
71 1 196608 200704
3 1 258048 262144
575 1 274432 307200
72 1 143360 147456
4 1 196608 212992
588 1 327680 328192
575 2 307200 327680 327680 339968
72 1 208896 212992
72 1 245760 249856
575 1 339968 372736
91 1 303104 307200
869 1 480768 481280
524 1 221184 229376
443 1 319488 323584
443 1 442368 446464
91 1 356352 360448
813 1 282624 290816
537 1 380928 385024
26 1 454656 458752
380 1 221184 225280
414 2 426496 458752 458752 524288
415 6 0 65536 65536 131072 131072 196608 196608 262144 262144 327680 327680 360960
573 1 278528 282624
573 1 282624 294912
773 1 294912 299008
573 1 294912 299008
32 1 466944 475136
803 1 208896 217088
330 1 77824 102400
650 1 188416 193024
275 1 135168 139264
194 1 520192 524288
195 1 0 16384
925 1 479232 483328
586 1 475136 479232
123 1 262144 282624
5 1 389120 393216
625 5 233984 262144 262144 327680 327680 393216 393216 458752 458752 524288
626 2 0 65536 65536 98304
83 1 270336 274432
241 1 126976 131072
744 1 393216 397312
502 1 139264 143360
949 2 376832 393216 393216 442368
853 1 172032 192512
83 1 266240 270336
360 1 458752 462336
803 1 204800 217088
442 1 487424 491520
475 1 442368 442880
475 1 458752 462848
957 1 315392 319488
515 1 176128 180224
167 1 376832 393216
429 2 307200 327680 327680 385024
713 1 180224 184320
230 1 417792 421888
225 1 397312 401408
233 1 311296 315392
718 1 376832 378880
477 1 364544 368640
235 1 274432 282624
803 1 204800 217088
409 1 249856 262144
27 1 389120 393216
235 1 282624 286720
409 1 327680 331776
522 1 311296 314368
27 1 512000 520192
388 1 401408 402944
687 1 241664 245760
813 1 487424 520192
610 1 266240 270336
814 1 57344 65536
813 1 204800 208896
853 1 151552 159744
883 1 491520 495616
848 1 221184 241664
853 1 155648 159744
883 1 425984 434176
25 1 0 8192
853 1 155648 159744
848 1 241664 245760
67 1 303104 319488
848 1 278528 286720
6 1 262144 278528
803 1 208896 212992
877 2 290816 327680 327680 339968
877 2 344064 393216 393216 425984
878 2 98304 131072 131072 163840
284 1 446464 450560
315 1 356352 360448
316 1 126976 131072
998 1 311296 315392
313 1 405504 409600
713 1 282624 286720
713 1 344064 348160
714 1 253952 258048
714 1 274432 282624
447 1 311296 315392
276 1 307200 315392
985 1 242176 242688
312 1 253952 258048
220 1 446464 458752
192 1 413696 417792
632 1 405504 438272
870 1 458752 462848
400 1 405504 409600
712 1 503808 507904
594 1 294912 299008
870 1 475136 487424
594 1 303104 307200
400 1 425984 434176
713 1 0 8192
922 1 65536 77824
883 1 409600 413696
45 1 364544 368640
346 1 303104 307200
444 1 323584 327680
497 1 376832 380928
766 1 401408 405504
444 1 253952 262144
319 1 421888 425984
444 1 507904 512000
877 1 110592 114688
573 1 299008 303104
573 1 360448 368640
455 1 249856 256000
448 1 131072 148992
478 1 172032 177152
653 1 262144 265216
454 1 225280 228864
506 1 208896 213504
478 1 57344 61440
486 1 32768 35840
972 1 172032 174080
452 1 315392 318976
972 1 237568 239616
452 1 249856 253440
506 1 241664 245760
447 1 413696 417792
447 1 241664 244736
636 1 290816 296448
845 1 266240 290816
721 2 389120 393216 393216 397312
845 1 294912 299008
929 5 238080 262144 262144 327680 327680 393216 393216 458752 458752 524288
930 4 0 65536 65536 131072 131072 196608 196608 238080
931 1 221184 242176
33 1 180224 196608
132 1 69632 77824
930 5 238080 262144 262144 327680 327680 393216 393216 458752 458752 524288
931 4 0 65536 65536 131072 131072 196608 196608 217088
813 1 270336 274432
132 1 77824 81920
848 1 221184 241664
83 1 319488 327680
83 1 327680 331776
