#StripeID,rangenumber,BlockOffsetStart,BlockOffsetEnd
0 73 16384 32768 49152 53248 163840 172032 442368 446464 499712 503808 1048576 1077248 1081344 1085440 1089536 1097728 1175552 1179648 1183744 1187840 1196032 1200128 1445888 1449984 1548288 1552384 1912832 1916928 1978368 1982464 2002944 2007040 2494464 2498560 2539520 2543616 3059712 3063808 3268608 3276800 3452928 3461120 3633152 3637248 3710976 3715072 4120576 4124672 4603904 4608000 4755456 4759552 4907008 4911104 5058560 5062656 5210112 5214208 5283840 5287936 5296128 5300224 5308416 5312512 5361664 5365760 5533696 5537792 5566464 5570560 5734400 5738496 6057984 6062080 6172672 6176768 6209536 6213632 6361088 6365184 6430720 6434816 6623232 6639616 6750208 6754304 6799360 6803456 7004160 7008256 7495680 7520256 7958528 7979008 8880128 8884224 10072064 10076160 10838016 10854400 12636160 12640256 14274560 14282752 14475264 14479360 15843328 15847424 16687104 16691200 17207296 17211392 18378752 18391040 19685376 19759104 20336640 20340736 20779008 20783104 21086208 21090304 21094400 21102592 21184512 21188608 21250048 21254144 21360640 21368832 21929984 21934080 21946368 21950464 21962752 21966848 21975040 21983232 22016000 22020096 23556096 23564288 24600576 24608768 24674304 24678400
1 44 40960 45056 1794048 1798144 2224128 2387968 3289088 3293184 3780608 3784704 4657152 4661248 5623808 5799936 6037504 6041600 6914048 6918144 7500800 7504896 7700480 7704576 8081408 8085504 8097792 8105984 8179712 8183808 8810496 10485760 10485760 10543104 12632064 12636160 13811712 13815808 14348288 14680064 14680064 15654912 15728640 15732736 15822848 15826944 16175104 16179200 16183296 16195584 16404480 16408576 16515072 16519168 16773120 16777216 17383424 17551360 17719296 17735680 17739776 17743872 17870848 17989632 18706432 18722816 19177472 19181568 19402752 19419136 20447232 20463616 20578304 20582400 21159936 21164032 21688320 21786624 21880832 21884928 23097344 23101440 23736320 23748608 24121344 24125440 24317952 24326144 24653824 24657920
2 66 438272 442368 909312 917504 1179648 1183744 1667072 1671168 1777664 1781760 2121728 2125824 2404352 2408448 2576384 2580480 2772992 2777088 3031040 3035136 3170304 3174400 3485696 3493888 3944448 3948544 4358144 4362240 4399104 4403200 4411392 4415488 4419584 4423680 4608000 4612096 4968448 4972544 5615616 5619712 6266880 6275072 6467584 6471680 8224768 8228864 8323072 8388608 8388608 8400896 8925184 8929280 9023488 9027584 10022912 10031104 11018240 11022336 11051008 11055104 11165696 11169792 11259904 11264000 11284480 11288576 11452416 11456512 11513856 11517952 13328384 13332480 13500416 13504512 13529088 13537280 16138240 16281600 16809984 16826368 17391616 17399808 17403904 17412096 17604608 17608704 17612800 17625088 17637376 17641472 17715200 17719296 17756160 17764352 17805312 17809408 18006016 18010112 18083840 18087936 18313216 18317312 18493440 18497536 18563072 18567168 18735104 18739200 18870272 18874368 19333120 19337216 19861504 19865600 20090880 20094976 20148224 20160512 20168704 20172800 20189184 20197376 20496384 20500480 21606400 21610496 21651456 21655552 21708800 21712896 23392256 23404544
3 110 237568 241664 262144 266240 593920 602112 684032 688128 729088 733184 921600 925696 1052672 1056768 1441792 1445888 2314240 2330624 3579904 3584000 4206592 4210688 4308992 4325376 4456448 4460544 5558272 5562368 5640192 5641216 6049792 6057984 6410240 6414336 7282688 7290880 7348224 7352320 7409664 7421952 7659520 7663616 9216000 9224192 9887744 9916416 10338304 10342400 10833920 10834944 11579392 11599872 12107776 12111872 13307904 13312000 13320192 13348864 13586432 13594624 14413824 14417920 14675968 14680064 14680064 14684160 14831616 14835712 14934016 14938112 14974976 14979072 14999552 15003648 15028224 15032320 15040512 15056896 15085568 15089664 15306752 15319040 15855616 15888384 16396288 16400384 16703488 16707584 17285120 17289216 17424384 17428480 17915904 17920000 17932288 17948672 18292736 18296832 18542592 18546688 18657280 18661376 18776064 18780160 18898944 18903040 18927616 18931712 18968576 18972672 19705856 19709952 19992576 19996672 20000768 20004864 20094976 20099072 20140032 20144128 20238336 20262912 20451328 20455424 20488192 20492288 20566016 20570112 20606976 20611072 20766720 20770816 20938752 20942848 20955136 20959232 21430272 21446656 21561344 21565440 21659648 21663744 21786624 21798912 22044672 22048768 22196224 22200320 22216704 22220800 22237184 22241280 22327296 22351872 22388736 22392832 22499328 22503424 22523904 22528000 22544384 22548480 22601728 22605824 22634496 22638592 22650880 22654976 22802432 22806528 22867968 22872064 23007232 23011328 23228416 23232512 23740416 23752704 23777280 23781376 23851008 23855104 24055808 24059904 24223744 24227840 24264704 24268800 24272896 24276992 24285184 24309760 24313856 24317952 24346624 24350720 24363008 24367104 24449024 24453120 24506368 24510464 24514560 24518656 24580096 24584192 24633344 24637440 24702976 24707072 24813568 24817664 24825856 24829952 24879104 24883200 25014272 25022464 25067520 25071616
4 81 0 4096 102400 106496 249856 253952 405504 409600 557056 561152 733184 737280 876544 913408 1011712 1015808 1060864 1064960 1110016 1114112 1216512 1220608 1994752 1998848 2142208 2146304 2904064 2908160 2940928 2945024 4997120 5005312 5156864 5160960 5201920 5206016 5410816 5414912 6377472 6381568 6713344 6725632 7335936 7340032 8302592 8306688 8368128 8372224 8388608 8392704 8421376 8425472 8433664 8437760 8572928 8577024 8949760 8953856 9015296 9089024 9396224 9400320 9699328 9707520 9875456 9879552 9895936 9900032 10342400 10346496 10399744 10403840 10473472 10477568 10506240 10510336 10743808 10747904 10854400 10858496 10893312 11034624 11173888 11177984 11218944 11223040 11268096 11272192 11304960 11309056 11333632 11337728 11501568 11505664 11882496 11886592 12267520 12271616 12378112 12382208 12398592 12402688 13045760 13049856 13164544 13176832 13193216 13197312 13287424 13291520 14356480 14364672 15302656 15306752 15392768 15396864 15459328 15520768 15867904 15900672 16125952 16130048 16588800 16601088 17883136 17887232 18489344 18505728 19103744 19111936 19767296 19771392 19795968 19800064 19881984 19886080 20303872 20307968 20414464 20418560 22134784 22138880 22286336 22290432 22671360 22675456 23126016 23130112 23474176 23482368 23490560 23494656 23580672 23584768 24035328 24039424 24215552 24293376 24489984 24915968 24944640 24948736
5 37 233472 237568 704512 708608 872448 876544 880640 1523712 2068480 2080768 2134016 2142208 2244608 2260992 4518912 4523008 5312512 5324800 5804032 5805056 7020544 7028736 9023488 9027584 9478144 9482240 10203136 10207232 10440704 10444800 10862592 10863616 12005376 12017664 14061568 14065664 14536704 14544896 15388672 15392768 15450112 15454208 16302080 16303104 16863232 16867328 17010688 17011712 17424384 17425408 18432000 18452480 19861504 19865600 19877888 19878912 20606976 20611072 21135360 21136384 22310912 23068672 23068672 23080960 23355392 23359488 23778816 23798272 24080384 24084480 24117248 24121344 24313856 24322048
6 34 135168 147456 204800 212992 1208320 1212416 2297856 2301952 2609152 2613248 2932736 2936832 3260416 3276800 4038656 4046848 4091904 4100096 4251648 4255744 4419584 4423680 6799360 6803456 9842688 9846784 10711040 10712064 12304384 12312576 12627968 12632064 12734464 12735488 13123584 13127680 14368768 14369792 15024128 16764928 16777216 16786944 17825792 17829888 17874944 17879040 17960960 17965056 18108416 18112512 18202624 18206720 18485248 18493440 21766144 21770240 21959680 22000640 22564864 22568960 23195648 23203840 23638016 23654400 23814144 23815168 24072192 24088576
7 58 118784 122880 782336 786432 1851392 1867776 4632576 4636672 4837376 4841472 5107712 5136384 5562368 5566464 5886976 5891072 8015872 8017920 8167424 8175616 8933376 8957952 8982528 8986624 9015296 9019392 9281536 9285632 9404416 9408512 9445376 9465856 9687040 9801728 9818112 9932800 9949184 10063872 10080256 10485760 10485760 10604544 10608640 10616832 10625024 10629120 10633216 10637312 11157504 11161600 11223040 11224064 11321344 11341824 11632640 11649024 11841536 11845632 12214272 12215296 12296192 12300288 12734464 12735488 12771328 12779520 12886016 12890112 13029376 13030400 13053952 13054976 13144064 13145088 14073856 14074880 14368768 14369792 14532608 14533632 15011840 15012864 15048704 15049728 15081472 15082496 15462400 15466496 16117760 16121856 17141760 17145856 17567744 17571840 17629184 17645568 18493440 18501632 18509824 18513920 19304448 19345408 19365888 19369984 19869696 19886080 20299776 20303872 21192704 21209088 21315584 21356544 23613440 23617536 24363008 24367104
8 39 647680 651776 1110016 1114112 1327104 1331200 2043904 2072576 2125824 2129920 2842624 2846720 3346432 3350528 3493888 3497984 3633152 3637248 4542464 4546560 4939776 4952064 4997120 5001216 5455872 5459968 5505024 5513216 6184960 6193152 6774784 6778880 7122944 7127040 7294976 7299072 7761920 7766016 8216576 8220672 8671232 8675328 9125888 9129984 9486336 9490432 9523200 9527296 10133504 10137600 10919936 10924032 11685888 11689984 13635584 13636608 15147008 15151104 15405056 15409152 17465344 17469440 19939328 19943424 20398080 20414464 20672512 20676608 21028864 21032960 22020096 22024192 24113152 24117248 24727552 24731648 24838144 24854528
9 44 1048576 1052672 3096576 4194304 4194304 4292608 4382720 4386816 4591616 4603904 5132288 5156864 5450240 6291456 6291456 7000576 7802880 7811072 8437760 8441856 9441280 9449472 9453568 9469952 9474048 9502720 9515008 9531392 9568256 9572352 9891840 9895936 10211328 10215424 10301440 10313728 10612736 10616832 10665984 10670080 10715136 10719232 10874880 10883072 11112448 11116544 11329536 11337728 11706368 11710464 11755520 11763712 11780096 11788288 11907072 11915264 13074432 13078528 13709312 13717504 14790656 14802944 15716352 15720448 15806464 15818752 16547840 16564224 18141184 18173952 19144704 19169280 19218432 19226624 22028288 22044672 22061056 22077440 22224896 22241280 22257664 22274048 23318528 23326720 23687168 23695360 23810560 23818752
10 47 598016 602112 606208 614400 819200 823296 2510848 2514944 3035136 3043328 3362816 3379200 3403776 3407872 4386816 4399104 4530176 4534272 5111808 5120000 5296128 5300224 5365760 5373952 5996544 6000640 6709248 6722560 7082496 7086592 7544832 7548928 7757824 7761920 8216576 8224768 8294400 8310784 9580544 9584640 10485760 10502144 12095488 12111872 12460032 12464128 12693504 12697600 13217792 13242368 13746176 13750272 13996032 14024704 14123008 14139392 14233600 14249984 14417920 14434304 14450688 14454784 15585280 15589376 17702912 17707008 18046976 18048000 18173952 18174976 18186240 18187264 18948096 18952192 20512768 20520960 21090304 21094400 21303296 21307392 21389312 21397504 21954560 21958656 22491136 22503424 23789568 23805952 24379392 24403968 25022464 25034752 25042944 25047040
11 77 868352 880640 995328 999424 1044480 1105920 1204224 1216512 1331200 1335296 1368064 1380352 1490944 1503232 1597440 1622016 2818048 2830336 2924544 2936832 4153344 4157440 4214784 4218880 5476352 5480448 5709824 5722112 6242304 6254592 7266304 7307264 8290304 8298496 8318976 8323072 8597504 8601600 8962048 8970240 9801728 9805824 11317248 11321344 12099584 12103680 12136448 12144640 12328960 12341248 12673024 12677120 12689408 12693504 13676544 13680640 13975552 13979648 14204928 14209024 14774272 14778368 15269888 15273984 15601664 15605760 15654912 15659008 15930368 16319488 16433152 16449536 16617472 16621568 16850944 16855040 17113088 17117184 17567744 17571840 18300928 18305024 18755584 18759680 18878464 18882560 19513344 19517440 19902464 19906560 20299776 20303872 20459520 20463616 20811776 20815872 21626880 21630976 21708800 21712896 21897216 21901312 22642688 22659072 22667264 22671360 22822912 22839296 22966272 22986752 23019520 23052288 23076864 23080960 23113728 23117824 23138304 23142400 23191552 23195648 23326720 23330816 23543808 23547904 23613440 23617536 23629824 23633920 23724032 23728128 23764992 23769088 23789568 23793664 23887872 23908352 23920640 23953408 23957504 23961600 24002560 24006656 24100864 24133632 24166400 24182784 24264704 24281088 24375296 24379392 24539136 24543232 25133056 25165824
12 114 376832 393216 507904 524288 950272 983040 1048576 1064960 1069056 1101824 1245184 1261568 1277952 1294336 1323008 1327104 1343488 1347584 1368064 1372160 1589248 1593344 1736704 1740800 1748992 1757184 1769472 1802240 2207744 2215936 2252800 2269184 3006464 3010560 3117056 3121152 3272704 3276800 3653632 3670016 3846144 3854336 4018176 4026368 4276224 4280320 4358144 4390912 4546560 4550656 4767744 4771840 4837376 4841472 5664768 5672960 6008832 6012928 6123520 6127616 6336512 6340608 6578176 6590464 6619136 6623232 6651904 6656000 6684672 6688768 6750208 6770688 7274496 7307264 7335936 7336960 7577600 7581184 7700480 7733248 7847936 7880704 7979008 7983104 8245248 8249344 8482816 8486912 8765440 8798208 9076736 9109504 9797632 9814016 10076160 10080256 10227712 10235904 10469376 10485760 10571776 10575872 10747904 10752000 11538432 11550720 11698176 11710464 12173312 12206080 12730368 12763136 13041664 13074432 13086720 13090816 13271040 13303808 13680640 13713408 14221312 14254080 14385152 14401536 14581760 14598144 14725120 14729216 14774272 14778368 15024128 15056896 15060992 15065088 15147008 15151104 15179776 15183872 15187968 15192064 15216640 15224832 15306752 15310848 15327232 15331328 15433728 15466496 15548416 15581184 15659008 15683584 16314368 16318464 16388096 16392192 16404480 16408576 16674816 16678912 16728064 16744448 16859136 16863232 17612800 17629184 17809408 17825792 17866752 17870848 18366464 18382848 18448384 18464768 18661376 18694144 18706432 18710528 19345408 19349504 19415040 19447808 19644416 19660800 19972096 19988480 20443136 20447232 20905984 20910080 20955136 20959232 20967424 20971520 21299200 21303296 21614592 21618688 21692416 21708800 21831680 21843968 21848064 21852160 21921792 21938176 21979136 21983232 21987328 21991424 22020096 22044672 22462464 22478848 23171072 23175168 23216128 23248896 23314432 23318528 23691264 23707648 23916544 23920640 24018944 24051712 25149440 25165824
13 71 0 16384 208896 212992 262144 294912 557056 589824 753664 786432 991232 995328 1540096 1572864 1642496 1646592 1929216 1933312 2478080 2482176 2523136 2539520 3883008 3915776 4800512 4816896 4857856 4861952 5640192 5644288 5914624 5918720 5996544 6029312 6111232 6144000 6430720 6438912 6848512 6881280 6930432 6963200 7122944 7127040 7143424 7159808 7438336 7442432 7794688 8388608 8388608 8523776 9125888 9158656 9437184 9453568 9461760 9465856 9736192 9740288 9752576 9756672 9859072 9863168 10256384 10289152 10309632 10313728 10493952 10498048 10584064 10588160 10604544 10616832 10698752 10731520 10907648 10911744 11026432 11030528 11276288 11280384 11382784 11390976 11419648 11436032 11534336 11546624 12042240 12075008 12451840 12484608 12681216 12697600 13221888 13238272 13463552 13467648 16056320 16084992 16318464 16334848 16809984 16826368 17821696 17825792 18051072 18059264 18141184 18145280 18448384 18464768 18874368 18956288 19152896 19169280 19173376 19177472 19365888 19374080 19738624 19742720 20119552 20148224 20652032 20664320 21594112 21659648 22233088 22249472 22392832 22396928 23232512 23236608 23302144 23303680 24412160 24428544 24739840 24743936 25133056 25165824
14 297 114688 131072 196608 200704 557056 573440 610304 618496 663552 667648 1015808 1032192 1073152 1077248 1372160 1376256 1507328 1540096 1695744 1699840 1826816 1830912 1871872 1900544 1974272 2064384 2281472 2285568 2473984 2490368 2539520 2543616 2740224 2744320 2949120 2953216 3489792 3493888 3518464 3530752 3686400 3702784 3936256 3940352 4009984 4014080 4079616 4083712 4087808 4091904 4112384 4116480 4136960 4141056 4382720 4390912 4673536 4677632 4698112 4702208 4956160 4960256 5120000 5124096 5341184 5345280 5386240 5390336 5525504 5529600 5627904 5636096 5652480 5685248 5718016 5750784 6082560 6090752 6537216 6545408 6602752 6635520 6873088 6877184 6995968 7000064 7274496 7278592 7450624 7454720 7458816 7462912 7491584 7495680 7606272 7610368 7905280 7909376 8224768 8228864 8241152 8273920 8359936 8364032 8814592 8818688 8994816 8995840 9060352 9076736 9138176 9142272 9379840 9400320 9437184 9441280 9449472 9457664 9490432 9494528 9502720 9506816 9510912 9515008 9539584 9551872 9584640 9588736 9601024 9605120 9625600 9633792 9637888 9641984 9658368 9662464 9695232 9699328 9707520 9711616 9760768 9764864 9785344 9793536 9805824 9809920 9826304 9834496 9842688 9846784 9859072 9863168 9871360 9875456 9879552 9883648 9887744 9891840 9916416 9920512 9936896 9940992 9949184 9953280 9977856 9981952 9986048 9990144 10010624 10014720 10035200 10039296 10080256 10084352 10129408 10133504 10137600 10141696 10145792 10153984 10178560 10182656 10207232 10223616 10240000 10244096 10248192 10252288 10276864 10285056 10309632 10313728 10317824 10326016 10330112 10334208 10346496 10350592 10354688 10362880 10371072 10403840 10416128 10428416 10432512 10436608 10448896 10452992 10465280 10469376 10477568 10481664 10506240 10510336 10534912 10539008 10551296 10555392 10567680 10600448 10616832 10620928 10649600 10653696 10665984 10670080 10678272 10715136 10739712 10743808 10747904 10752000 10768384 10772480 10780672 10784768 10797056 10813440 10829824 10833920 10866688 10870784 10874880 10878976 10887168 10891264 10932224 10936320 10944512 10985472 10993664 10997760 11010048 11014144 11026432 11063296 11067392 11071488 11124736 11128832 11137024 11141120 11157504 11165696 11169792 11173888 11206656 11227136 11231232 11239424 11255808 11259904 11280384 11284480 11288576 11304960 11345920 11350016 11354112 11362304 11370496 11386880 11399168 11403264 11431936 11436032 11464704 11472896 11481088 11485184 11501568 11522048 11542528 11546624 11554816 11558912 11563008 11567104 11579392 11583488 11591680 11595776 11599872 11608064 11612160 11616256 11620352 11624448 11628544 11640832 11644928 11649024 11673600 11677696 11685888 11698176 11710464 11730944 11796480 11804672 11837440 11841536 11849728 11853824 11882496 11886592 11919360 11931648 11943936 11948032 11952128 11968512 11997184 12001280 12005376 12009472 12017664 12021760 12034048 12038144 12062720 12066816 12075008 12091392 12095488 12107776 12140544 12144640 12161024 12189696 12193792 12197888 12206080 12210176 12230656 12238848 12255232 12259328 12263424 12271616 12275712 12279808 12312576 12316672 12320768 12328960 12390400 12398592 12414976 12419072 12427264 12431360 12439552 12443648 12447744 12455936 12480512 12484608 12517376 12521472 12525568 12529664 12533760 12537856 12546048 12550144 12619776 12623872 12652544 12656640 12693504 12697600 12705792 12709888 12726272 12730368 12783616 12787712 12795904 12820480 12824576 12845056 12873728 12877824 12894208 12898304 12931072 12935168 12947456 12951552 12955648 12959744 12963840 12967936 12972032 12976128 12984320 12988416 13008896 13029376 13033472 13037568 13049856 13053952 13058048 13062144 13139968 13148160 13164544 13176832 13185024 13189120 13242368 13246464 13299712 13303808 13328384 13340672 13418496 13422592 13430784 13432320 13533184 13549568 13606912 13611008 13725696 13737984 13943808 14074880 14274560 14278656 14667776 14671872 14815232 14819328 15073280 15077376 15110144 15114240 16138240 16154624 16158720 16162816 16220160 16236544 16502784 16510976 16531456 16535552 16539648 16543744 16547840 16551936 16564224 16596992 16629760 16646144 16707584 16711680 16773120 16777216 16777216 16789504 16797696 16801792 16924672 16957440 17035264 17039360 17149952 17154048 17186816 17219584 17543168 17547264 17661952 17694720 17723392 17727488 17870848 17874944 17891328 17895424 17915904 17920000 17973248 17977344 18071552 18087936 18182144 18186240 18235392 18494464 18513920 18518016 18632704 18636800 18649088 18653184 18690048 18698240 18706432 18710528 18788352 18792448 18882560 18886656 19098112 19159552 19206144 19210240 19382272 19398656 20054016 20062208 20078592 20094976 20201472 20209664 20217856 20250624 20267008 20299776 20643840 20676608 20959232 20971520 20971520 20979712 21024768 21028864 21069824 21086208 21147648 21151744 21155840 21159936 21168128 21172224 21184512 21188608 21270528 21274624 21278720 21299200 21532672 21536768 21729280 21733376 21745664 21749760 21839872 21856256 22065152 22069248 22278144 22282240 22323200 22327296 22953984 22986752 23019520 23035904 23052288 23060480 23101440 23134208 23371776 24252416 24313856 24317952 25116672 25133056
15 84 0 4096 32768 36864 421888 446464 569344 573440 602112 606208 733184 737280 770048 802816 950272 954368 978944 987136 1495040 1499136 1507328 1540096 1720320 1724416 1982464 1986560 2023424 2027520 2555904 2588672 3309568 3313664 3452928 3461120 4128768 4145152 4218880 4222976 4313088 4317184 4341760 4345856 4370432 4407296 4464640 4468736 4505600 4509696 4571136 4603904 4653056 4657152 4718592 4751360 4788224 4792320 4845568 4849664 4931584 4935680 4947968 4952064 4980736 5128192 5214208 5218304 5410816 5419008 5603328 5607424 5947392 5951488 6066176 6070272 6082560 6086656 6098944 6103040 6242304 6246400 6258688 6262784 6340608 6344704 6541312 6549504 6742016 6746112 6758400 6762496 7520256 7536640 8589312 8593408 8921088 8925184 9535488 10485760 10485760 11177984 11862016 11878400 12775424 12779520 13758464 13770752 15622144 15626240 17158144 17162240 17846272 17850368 17948672 17952768 18497536 18501632 18976768 18980864 19058688 19083264 19091456 19103744 19476480 19480576 19894272 19902464 19951616 19955712 20320256 20324352 20443136 20447232 20500480 20516864 21028864 21049344 21360640 21364736 21594112 21598208 21618688 21622784 21655552 21659648 21721088 21725184 22491136 22495232 22532096 22536192 22827008 22831104 22904832 22908928 23179264 23187456 23371776 23375872 23674880 23678976 24129536 24137728 24424448 24428544 24637440 24641536 24899584 24903680
16 42 8192 12288 462848 466944 688128 720896 770048 774144 802816 806912 917504 921600 1036288 1040384 1130496 1146880 1171456 1175552 1191936 1196032 1343488 1376256 1646592 1650688 2101248 2105344 2400256 2404352 4689920 4698112 5005312 5009408 5427200 5431296 5869568 5873664 8015872 8019968 8167424 8171520 8318976 8323072 8470528 8474624 8622080 8626176 11108352 11112448 11382784 11399168 11874304 11878400 12402688 12406784 12935168 12943360 14229504 14233600 14979072 14983168 15601664 15605760 16257024 16269312 16277504 16281600 16773120 16777216 17903616 17907712 18386944 18391040 19570688 19574784 22228992 22249472 23068672 23085056 23687168 23691264 23859200 23863296 24965120 24981504
17 111 540672 544768 1044480 1052672 1105920 1110016 1118208 1122304 1126400 1134592 1142784 1146880 1179648 1196032 1298432 1302528 1351680 1355776 1449984 1454080 1527808 1531904 1601536 1605632 1687552 1691648 1765376 1773568 1867776 1871872 1884160 1888256 1933312 1937408 1941504 1945600 1998848 2002944 2035712 2043904 2076672 2080768 2142208 2146304 2150400 2154496 2187264 2191360 2265088 2269184 2285568 2289664 2310144 2314240 2367488 2371584 2400256 2404352 2514944 2523136 2568192 2572288 2617344 2621440 2666496 2670592 2715648 2719744 2760704 2768896 2772992 2777088 2818048 2822144 2830336 2834432 2850816 2854912 2985984 2990080 3051520 3055616 3072000 3080192 3092480 3096576 3108864 3112960 3121152 3125248 3149824 3158016 3289088 3293184 3321856 3325952 3383296 3387392 3461120 3465216 3497984 3502080 3514368 3518464 3538944 3543040 3584000 3588096 3629056 3637248 3727360 3731456 3751936 3760128 3821568 3825664 3842048 3846144 3874816 3878912 3952640 3956736 3977216 3981312 4001792 4005888 4018176 4022272 4059136 4063232 4100096 4104192 4124672 4128768 4165632 4169728 4186112 4190208 4194304 4198400 4218880 4227072 4313088 4321280 4325376 4329472 4390912 4599808 4636672 4640768 4644864 4648960 4710400 4714496 4751360 4755456 4759552 4763648 4775936 4796416 4808704 4816896 4837376 4841472 4939776 4960256 4997120 5001216 5169152 5173248 5177344 5185536 5574656 5578752 7856128 7864320 7966720 7970816 7999488 8003584 8388608 8392704 8724480 8728576 9494528 9502720 9515008 9535488 10412032 10416128 11632640 11649024 13156352 13189120 13205504 13209600 14041088 14057472 15413248 15417344 15618048 15622144 15925248 15929344 16322560 16326656 17514496 17526784 17874944 17891328 19791872 19795968 19804160 19812352 22089728 22097920 22355968 22368256 22978560 22982656 25067520 25083904
18 33 1552384 2097152 2097152 2813952 2883584 2985984 3145728 3489792 3919872 3928064 4337664 4349952 5148672 5156864 5779456 5783552 6426624 6430720 6832128 6840320 6983680 6991872 8695808 8704000 11116544 11120640 11280384 11284480 14000128 14004224 14249984 14266368 14495744 14503936 15134720 15335424 15646720 16777216 16777216 17375232 17842176 17846272 17924096 17932288 18857984 18862080 19537920 19542016 20889600 20905984 20955136 20959232 21110784 21114880 22261760 22265856 23175168 23179264 24035328 24047616 24231936 24236032 24305664 24317952 25096192 25108480
19 72 81920 1048576 2019328 2023424 2244608 2252800 3923968 3928064 4825088 4833280 5521408 5529600 5533696 5541888 7409664 7413760 7991296 7999488 10518528 10526720 12386304 12402688 12828672 12836864 13348864 13352960 13471744 13492224 13799424 13803520 13897728 13901824 14708736 14716928 14730240 14742528 14979072 14983168 15114240 15122432 15220736 15241216 15253504 15269888 15872000 15876096 15888384 15892480 15900672 15904768 15912960 15917056 15937536 15941632 15966208 15970304 16011264 16015360 16035840 16039936 16048128 16052224 16060416 16064512 16080896 16084992 16093184 16097280 16109568 16113664 16732160 16736256 16777216 16781312 16809984 16814080 17539072 17543168 17907712 17924096 17936384 17952768 17956864 17960960 17965056 17969152 18067456 18071552 18186240 18190336 18235392 18239488 18403328 18407424 18481152 18485248 18489344 18493440 18509824 18513920 18620416 18624512 18759680 18763776 18776064 18780160 18874368 18878464 18927616 18931712 19251200 19378176 19386368 19390464 19894272 19898368 20099072 20103168 20344832 20361216 20467712 20471808 20488192 20492288 20504576 20508672 20537344 20541440 20557824 20561920 21135360 21139456 21721088 21725184 21823488 21872640 22732800 22740992 23130112 23138304 23519232 23523328 23658496 23670784
20 62 1253376 1302528 1363968 1413120 2105344 2113536 4714496 4722688 6012928 6017024 6258688 6266880 6270976 6275072 7607296 7611392 9404416 9412608 9990144 10100736 10305536 10321920 11034624 11038720 11100160 11108352 11354112 11386880 11444224 11448320 11583488 11616256 11776000 11784192 11980800 11988992 12206080 12238848 12533760 12582912 12582912 12599296 12779520 12783616 13025280 13058048 13410304 13414400 13697024 13713408 14021120 14029312 14045184 14049280 14090240 14106624 14172160 14176256 14209024 14270464 14385152 14389248 14983168 14991360 15167488 15171584 15421440 15425536 15777792 15810560 15884288 16777216 16777216 17174528 17555456 17559552 18087936 18120704 18268160 18284544 18780160 18784256 18907136 18923520 19009536 19030016 19353600 19357696 19558400 19578880 20316160 20348928 20520960 20525056 21159936 21176320 21434368 21446656 21737472 21741568 22310912 22315008 22589440 22593536 22646784 22650880 22708224 22724608 22765568 22769664 23220224 23224320 23674880 23678976 23756800 23773184 23814144 23842816 23986176 24002560 24100864 24117248 24518656 24522752
21 17 557056 573440 696320 700416 737280 770048 1245184 1277952 2506752 2510848 2998272 3002368 4165632 4194304 4194304 6291456 6291456 8388608 8388608 10485760 10485760 12582912 12582912 14680064 14680064 16777216 16777216 18874368 18874368 20971520 20971520 23068672 23068672 25165824
22 22 0 2097152 2097152 4194304 4194304 6291456 6291456 8388608 8388608 9437184 10637312 10641408 10993664 10996224 11259904 11264000 11300864 11313152 11337728 11370496 11845632 11849728 11927552 11960320 12369920 12402688 14647296 14671872 14958592 14974976 15798272 15802368 16105472 16138240 16777216 16781312 17825792 18874368 18874368 20971520 20971520 23068672 23068672 25165824
23 12 0 2097152 2097152 4194304 4194304 6291456 6291456 8388608 8388608 10485760 10485760 12582912 12582912 14680064 14680064 16777216 16777216 18874368 18874368 20971520 20971520 23068672 23068672 25165824
24 18 0 2097152 2097152 4194304 4194304 6291456 6291456 8388608 8388608 10485760 10485760 12582912 12582912 14680064 14680064 16777216 16777216 17825792 19165184 19169280 19488768 19533824 19795968 19800064 20930560 20934656 21377024 21393408 21843968 21848064 22089728 22102016 22179840 22183936 23367680 23437312
25 24 1130496 1146880 2097152 2129920 2736128 2740224 3072000 3076096 3383296 3391488 3481600 3555328 4468736 4472832 4734976 4751360 5570560 5586944 6119424 6172672 6684672 6688768 7766016 7835648 7995392 8011776 8019968 8028160 8454144 8458240 8519680 8523776 9437184 10485760 10485760 12582912 12582912 14680064 14680064 16777216 16777216 18874368 18874368 20971520 20971520 23068672 23068672 25165824
26 36 0 2097152 2097152 4194304 4194304 6291456 6291456 8388608 8388608 9437184 10616832 10620928 13242368 13266944 13385728 13418496 13602816 13611008 13844480 13860864 13926400 13942784 13963264 13967360 14020608 14024704 14036992 14041088 14045184 14057472 14061568 14065664 14102528 14106624 14135296 14139392 14282752 14286848 14512128 14516224 14598144 14606336 14684160 14688256 14774272 14778368 15331328 15343616 15347712 15351808 15523840 15613952 15630336 15634432 16236544 16244736 16596992 16629760 16945152 16953344 16957440 16969728 17629184 17645568 17825792 18874368 18874368 20971520 20971520 23068672 23068672 25165824
27 12 0 2097152 2097152 4194304 4194304 6291456 6291456 8388608 8388608 10485760 10485760 12582912 12582912 14680064 14680064 16777216 16777216 18874368 18874368 20971520 20971520 23068672 23068672 25165824
28 12 0 2097152 2097152 4194304 4194304 6291456 6291456 8388608 8388608 10485760 10485760 12582912 12582912 14680064 14680064 16777216 16777216 18874368 18874368 20971520 20971520 23068672 23068672 25165824
29 21 0 2097152 2097152 4194304 4194304 6291456 6291456 8388608 8388608 9437184 10043392 10047488 10641408 10645504 10985472 10989568 11010048 11296768 13684736 13688832 14004224 14008320 14319616 14327808 14909440 14929920 16134656 16138752 16318464 16777216 16777216 16912384 17485824 17489920 17825792 18874368 18874368 20971520 20971520 23068672 23068672 25165824
30 19 0 2097152 2097152 4194304 4194304 6291456 6291456 8388608 8388608 10485760 10485760 12582912 12582912 14680064 14680064 16777216 16777216 17854464 17891328 17895424 17956864 17960960 18018304 18022400 18853888 18857984 19030016 19034112 19570688 19574784 20045824 20054016 21024768 21041152 22200320 22429696 22917120 22921216
31 12 1048576 2097152 2097152 4194304 4194304 6291456 6291456 8388608 8388608 10485760 10485760 12582912 12582912 14680064 14680064 16777216 16777216 18874368 18874368 20971520 20971520 23068672 23068672 25165824
32 20 0 1048576 1335296 1404928 1699840 1703936 2105344 2109440 2707456 2711552 3096576 3100672 3141632 3145728 3149824 3153920 3502080 3506176 5599232 5603328 6139904 6144000 7954432 7958528 9437184 10485760 10485760 12582912 12582912 14680064 14680064 16777216 16777216 18874368 18874368 20971520 20971520 23068672 23068672 25165824
33 12 0 2097152 2097152 4194304 4194304 6291456 6291456 8388608 8388608 10485760 10485760 12582912 12582912 14680064 14680064 16777216 16777216 18874368 18874368 20971520 20971520 23068672 23068672 25165824
34 12 0 2097152 2097152 4194304 4194304 6291456 6291456 8388608 8388608 10485760 10485760 12582912 12582912 14680064 14680064 16777216 16777216 18874368 18874368 20971520 20971520 23068672 23068672 25165824
35 62 0 1048576 1499136 1503232 1671168 1675264 1761280 1769472 2146304 2150400 2240512 2244608 2547712 2551808 3444736 3448832 4669440 4673536 4870144 4874240 5148672 5173248 5857280 5869568 6504448 6512640 6516736 6520832 7159808 7163904 7168000 7180288 7225344 7229440 7282688 7286784 7393280 7397376 7434240 7438336 7585792 7589888 7647232 7655424 7909888 7918080 8151040 8155136 9019392 9031680 9363456 9367552 9392128 9396224 9437184 10485760 10485760 12582912 12582912 14680064 14680064 15097856 16056320 16072704 17104896 17108992 17805312 17809408 18169856 18173952 18513920 18518016 19226624 19230720 19808256 19809280 19828736 19943424 19959808 20201472 20226048 20230144 20275200 20279296 20426752 20430848 20672512 20676608 21651456 21655552 21831680 21835776 21856256 21872640 21897216 21901312 22048768 22052864 22200320 22204416 22351872 22355968 22503424 22507520 22589440 22720512 22806528 22810624 23543808 23552000 23674880 23678976 23691264 23695360 23941120 23945216 24252416 24260608 24383488 24387584 24526848 24530944 24535040 24539136
36 168 77824 81920 335872 344064 627200 2097152 2097152 4194304 4194304 5206528 5591040 5599232 5681152 5689344 5722112 5726208 5730816 5739008 5771264 5775360 5783552 5791744 6201344 6205440 6242304 6246400 6733824 6746112 7045120 7049216 7143424 7168000 7200768 7204864 7254016 7258112 7290880 7323648 7340032 7344128 7434240 7438336 7454720 7458816 7487488 7536640 7553024 7569408 7639040 7643136 7692288 7696384 7749632 7753728 7782400 7786496 7815168 7847936 7860224 7864320 7970816 7979008 8097792 8101888 8118272 8122368 8126464 8130560 8159232 8192000 8241152 8245248 8323072 8331264 8355840 8372224 8421376 8454144 8585216 8601600 8617984 8634368 8671232 8675328 8765440 8798208 8921088 8925184 8929280 8945664 9019392 9023488 9191424 9224192 9326592 9334784 9363456 9367552 9404416 9437184 9469952 9486336 9572352 9576448 9588736 9592832 9814016 9830400 9953280 9969664 10076160 10092544 10133504 10137600 10264576 10268672 10452992 10485760 10616832 10620928 10715136 10747904 10760192 10764288 10895360 10899456 10928128 10944512 11018240 11022336 11034624 11038720 11075584 11108352 11276288 11280384 11321344 11337728 11354112 11370496 11714560 11747328 11829248 11845632 12034048 12054528 12091392 12107776 12189696 12193792 12369920 12386304 12451840 12472320 12640256 12644352 12812288 12828672 12877824 12894208 13352960 13385728 13414400 13418496 13434880 13467648 13496320 13500416 13729792 13762560 13770752 13774848 13844992 13849088 13950976 13959168 14123008 14155776 14512128 14516224 14548992 14581760 14733312 14737408 14827520 14843904 14880768 14893056 14974976 15007744 15187968 15220736 15679488 15695872 16105472 16121856 16252928 16269312 16334848 16351232 17006592 17039360 17162240 17166336 17215488 17219584 17235968 17252352 17825792 17842176 17973248 17977344 17989632 18022400 18046976 18051072 18202624 18235392 18354176 18358272 18407424 18411520 18432000 18468864 18513920 18518016 18567168 18571264 18579456 18612224 18616320 18620416 18665472 18669568 18718720 18722816 18767872 18771968 18808832 18841600 18857984 18874368 18890752 18907136 18927616 18931712 19181568 19185664 19210240 19214336 19300352 19333120 19427328 19431424 19546112 19578880 19763200 19767296 19841024 19857408 19861504 19865600 20123648 20127744 20332544 20365312 20529152 20545536 20758528 20791296 20897792 20901888 20975616 20979712 21090304 21094400 21135360 21139456 21151744 21184512 21188608 21192704 21233664 21250048 21721088 21729280 21790720 21823488 21987328 22003712 22233088 22249472 22331392 22364160 22413312 22429696 22495232 22528000 22863872 22867968 22892544 22896640 22904832 22908928 22921216 22953984 23003136 23035904 23101440 23117824 23216128 23220224 23838720 23871488 23887872 23920640 24068096 24100864 24301568 24305664 24317952 24322048 24416256 24420352 24449024 24453120 24694784 24702976 24711168 24715264 24723456 24727552 24735744 24743936 24756224 24760320
37 64 311296 315392 458752 462848 491520 524288 671744 704512 786432 819200 966656 999424 1146880 1163264 1327104 1359872 1720320 1753088 1851392 1884160 2015232 2048000 2138112 2146304 2355200 2359296 2686976 2703360 2818048 2850816 2949120 2965504 3604480 3612672 3915776 3948544 3981312 4014080 4846080 4854272 4866048 4898816 5193728 5226496 5242880 5275648 5464064 5476352 5914624 5931008 6029312 6033408 6037504 6045696 6103040 6107136 6270976 6279168 6307840 6324224 7307264 7340032 7536640 7553024 7667712 7684096 7794688 7798784 8560640 8564736 9125888 9158656 9535488 9551872 9572352 9576448 9814016 9830400 9863168 9895936 9924608 9928704 9961472 9994240 10604544 10608640 10616832 10620928 11223040 11239424 11444224 11448320 11681792 11698176 12058624 12091392 12124160 12156928 12566528 12582912 13320704 13328896 13484032 13500416 13512704 13516800 13578240 13582336 14499840 14516224 17235968 17252352 19480576 19484672 19615744 19628032 19668992 19673088 19959808 19963904 20303872 20307968 21135360 21151744 22269952 22274048 23621632 23625728
38 105 118784 126976 1015808 1032192 1081344 1089536 1404928 1409024 1605632 1609728 2031616 2043904 2056192 2060288 2134016 2138112 2191360 2195456 2236416 2240512 2318336 2330624 2441216 2445312 2523136 2539520 2555904 2564096 3026944 3031040 3629056 3633152 3641344 3649536 3948544 3956736 4202496 4206592 4239360 4243456 4354048 4358144 4505600 4509696 4550656 4554752 4657152 4661248 4743168 4747264 4812800 4816896 4968448 4972544 5120000 5124096 5324800 5328896 5410816 5414912 5525504 5529600 5627904 5632000 5636096 5644288 5738496 5742592 5857280 5861376 5881856 5885952 6053888 6057984 6242304 6246400 6406144 6410240 6893568 6901760 7213056 7217152 7331840 7335936 7749632 7753728 7811072 7815168 7852032 7872512 8110080 8114176 8179712 8183808 8400896 8404992 8548352 8552448 8613888 8617984 8663040 8683520 8781824 8785920 9195520 9199616 10866688 10878976 13414400 13418496 15389184 15393280 15527936 15536128 16842752 16850944 16855040 16859136 17645568 17649664 17829888 17866752 17870848 17883136 17891328 17895424 17899520 17903616 17956864 17960960 17973248 17977344 17985536 17993728 18001920 18006016 18014208 18018304 18329600 18333696 18530304 18534400 18784256 18788352 18894848 18898944 18948096 18952192 19169280 19173376 19202048 19206144 19353600 19357696 19423232 19427328 19439616 19443712 19447808 19460096 19476480 19480576 19632128 19636224 19767296 19771392 19804160 19812352 19865600 19881984 19947520 19955712 19963904 19976192 19980288 19988480 20000768 20004864 20013056 20017152 20021248 20049920 20185088 20189184 20254720 20275200 20525056 20529152 20533248 20537344 21114880 21118976 21553152 21561344 21602816 21611008 22298624 22380544 22544384 22609920 22687744 22691840 22732800 22736896 22749184 22757376 22806528 22810624 22814720 22818816
39 40 475136 491520 1183744 1187840 2551808 2555904 4243456 4247552 4325888 4329984 4513792 4517888 4612096 4616192 4714496 4718592 6414336 6488064 6676480 6680576 6926336 6946816 8798208 8896512 9175040 9187328 10362880 10369024 11108352 11141120 11350016 11354112 13320192 13336576 13410304 13414400 13590528 13594624 13811712 13815808 14385152 14401536 14430208 14438400 14606336 14614528 15482880 15499264 16077312 16085504 17006592 17010688 17403904 17408000 17825792 17829888 18874368 18878464 20246528 20250624 20594688 20611072 20971520 20975616 21520384 21532672 21610496 21614592 22856192 22864384 22974464 22978560 23625728 23642112 23908352 23957504 24342528 24346624 24829952 25165824
40 43 0 2097152 2097152 3461120 3833856 3837952 3936256 3940352 4878848 4887040 6242304 6246400 6676480 6680576 6860800 6864896 6909952 6914048 7598080 7602176 8454144 8458240 9584640 9601024 10665984 10682368 10760704 10768896 10772480 10780672 11173888 11206656 11767808 11771904 12042240 12058624 12435456 12451840 13504512 13512704 13611008 13615104 13627392 13631488 13676544 13713408 13877248 14217216 14352384 14356480 14516224 14532608 14573568 14577664 14942208 14958592 17321984 17326080 18006016 18214912 18960384 18976768 19005440 19009536 19226624 19255296 21356544 21569536 21585920 21831680 21848064 21962752 21979136 22093824 22110208 22208512 23810048 23814144 23965696 23969792 24678400 24694784 24932352 24944640 25051136 25063424
41 34 1744896 1748992 2686976 2703360 4878336 4882432 5177344 5193728 5640192 5677056 7032832 7036928 7348224 7356416 8192000 8196096 9019392 9023488 9445376 9453568 9457664 9465856 9469952 9478144 9486336 9502720 9592832 9596928 10694656 10698752 11042816 11046912 11481088 11485184 11505664 11509760 11517952 11522048 12267520 12271616 13427200 13431296 14807040 14819328 15728640 15745024 16957440 16973824 17825792 17907712 19836928 19853312 19881984 19882496 19922944 19927040 19988480 19992576 21557760 21565952 21655552 21659648 21823488 21831680 22192128 22196224 23138304 23146496
42 25 1454080 1458176 2572288 2576384 4542464 4567040 4833280 4841472 5140480 5156864 5201920 5210112 6427136 6435328 7946240 7950336 8454144 8470528 8773632 8781824 9453568 9457664 9641984 9646080 11792896 11801088 14128128 14132224 14376960 14381056 15204352 15224832 15376384 15380480 15515648 15519744 15613952 15618048 16265216 16269312 17555456 17559552 17862656 17870848 17883136 17891328 18812928 18817024 20353024 20357120
43 113 1110016 1118208 1306624 1310720 1916928 1933312 2142208 2146304 2150400 2154496 2170880 2174976 2408448 2412544 2424832 2428928 2646016 2650112 2707456 2711552 2940928 2945024 3145728 3149824 3264512 3284992 3313664 3317760 3346432 3350528 3600384 3604480 3801088 3805184 4063232 4067328 4395008 4399104 4464640 4468736 4567040 4571136 4591616 4595712 4907008 4911104 4960256 4968448 5545984 5550080 5636608 5644800 5951488 5955584 6475776 6479872 6938624 6942720 6983680 6995968 7094272 7102464 7311360 7315456 7364608 7368704 7413760 7417856 7467008 7471104 7516160 7520256 7569408 7573504 7634944 7639040 7675904 7680000 7733248 7737344 7802880 7806976 8122368 8130560 8187904 8192000 8237056 8241152 8286208 8294400 8339456 8343552 8388608 8396800 8441856 8445952 8491008 8495104 8540160 8544256 8589312 8593408 9048064 9052160 9482240 9486336 9711616 9715712 9760768 9764864 9994240 9998336 10084352 10088448 10104832 10108928 10186752 10190848 10395648 10399744 10473472 10477568 10702848 10706944 10711040 10715136 10731520 10735616 10903552 10907648 10964992 10969088 11124736 11128832 11157504 11161600 11214848 11218944 11362304 11366400 11526144 11534336 11612160 11616256 12050432 12054528 12058624 12062720 12066816 12070912 12140544 12144640 12177408 12181504 12255232 12259328 12267520 12271616 12369920 12374016 12419072 12423168 12537856 12546048 12574720 12578816 12685312 12689408 12865536 12869632 12947456 12951552 12996608 13000704 13012992 13017088 13029376 13033472 13066240 13070336 13168640 13189120 13398016 13438976 13602816 13606912 13885440 13889536 14278656 14282752 14303232 14307328 14323712 14327808 14536704 14540800 14618624 14622720 15175680 15179776 15261696 15462400 15630336 15671296 15761408 15765504 16420864 16424960 16912384 16916480 18182144 18186240 19234816 19267584 21082112 21086208 21299712 21307904 22265856 22310912 22323200 22327296 22888448 22900736 24367104 24375296
44 46 1110016 1114112 1605632 1638400 1691648 1695744 1699840 1703936 1822720 1826816 1961984 1966080 1998848 2002944 2007040 2015232 2277376 2285568 2813952 2818048 2912256 2924544 2961408 2969600 3039232 3047424 3072000 3076096 3137536 3141632 3518464 3567616 3612672 3616768 4161536 4169728 4984832 4988928 4997120 5001216 5206016 5210112 5750784 5754880 6291456 8388608 8388608 10485760 11448320 11464704 11542528 11546624 12005888 12014080 12173312 12177408 12320768 12324864 12562432 12566528 13619200 13627392 14684160 14696448 16236544 16244736 17756160 17760256 17809408 17821696 18272256 18276352 19206144 19210240 19685376 20799488 21004288 21008384 21417984 21438464 21499904 21512192 21749760 21757952 21786624 21794816 22634496 22712320 23543808 23560192 24887296 24891392
45 73 786432 798720 1511424 1523712 1556480 1568768 2277376 2281472 2535424 2539520 2560000 2564096 3145728 4194304 4194304 5242880 6098944 6111232 6258688 6291456 6291456 6467584 9437184 9441280 9453568 9461760 9482240 9486336 9494528 9502720 9531392 9535488 9601024 9605120 9609216 9617408 9715712 9719808 9732096 9736192 9842688 9846784 9871360 9875456 9924608 9928704 9973760 9981952 10002432 10006528 10022912 10027008 10076160 10080256 10170368 10174464 10199040 10203136 10493952 10498048 10567680 10571776 10588160 10592256 10608640 10612736 10711040 10715136 10731520 10735616 11026432 11034624 11071488 11075584 11116544 11120640 11128832 11132928 11182080 11194368 11288576 11292672 11509760 11513856 11624448 11628544 11714560 11718656 11726848 11735040 11907072 11911168 11956224 11960320 12226560 12230656 12296192 12300288 12312576 12316672 12464128 12468224 12525568 12529664 12648448 12652544 12795904 12800000 12849152 13533184 13623296 13631488 13815808 13819904 13950976 13955072 14385152 14389248 15020032 15036416 15224832 15228928 15249920 15254016 15765504 15773696 18120704 18124800 18292736 18296832 18874368 20852736 21348352 21352448 21364736 21368832 22220800 22224896 22519808 22523904 23527424 23535616 24100864 24104960 24903680 24911872
46 69 376832 377856 1302528 1314816 1441792 1445888 2265088 2269184 2617344 2633728 3404288 3416576 4194304 4198400 4431872 4435968 4935680 4943872 7417856 7421952 8507392 8511488 9420800 9469952 9957376 9961472 11444224 11448320 11644928 11649024 11739136 11743232 12923392 12931584 13492224 13496320 13643776 13647872 14106624 14114816 14123008 14127104 14553088 14557184 14811136 14815232 16334848 16343040 16826368 16830464 17825792 17842176 17846272 17850368 17891328 17895424 18055168 18149376 18231296 18235392 18345984 18350080 18526208 18530304 18612224 18616320 18657280 18661376 18726912 18731008 18866176 18870272 18927616 18976768 19218432 19243008 19320832 19324928 19345408 19353600 19398656 19415040 19521536 19603456 19677184 19681280 19738624 19759104 19873792 20041728 20062208 20066304 20443136 20471808 20684800 20688896 20750336 20754432 21082624 21090816 21147648 21151744 21606400 21676032 21815296 21819392 21835776 21839872 22061056 22081536 22282240 22298624 22351872 22368256 22540288 22614016 22638592 22642688 22654976 22659072 22675456 22679552 22753280 22769664 23138304 23384064 23392256 23396352 23736320 23810048 23977984 24047616 24088576 24141824 24637440 24682496 25116672 25165824
47 97 0 1445888 1617920 1667072 1880064 1896448 2064384 2084864 2420736 2469888 2772992 2818048 3014656 3076096 3092480 3104768 3149824 3203584 3227648 3256320 3481600 3497984 3805184 3842048 3899392 3907584 4050944 4100096 4120576 4124672 4190208 4194304 4194304 4235264 4313088 4349952 4374528 4636672 4644864 4857856 5013504 5103616 5275648 5292032 5423104 5496832 5840896 5844992 5873664 5890048 6721536 6889472 6987776 7069696 7127040 7143424 7217152 7254016 8003584 8167424 9347072 9379840 9445376 9523200 9670656 9674752 9830400 9850880 9945600 9953792 10096640 10137600 10342400 10485760 10485760 10686464 10838016 10924032 11063296 11067392 11272192 11329536 11337728 11354112 11460608 11534336 11571200 11587584 11829248 11841536 12206080 12210176 12222464 12582912 12582912 12840960 13017088 13021184 13434880 13922304 14180352 14393344 14528512 14573568 14659584 14680064 14680064 14753792 14811136 14815232 15126528 15278080 15798272 15839232 15986688 16121856 16203776 16207872 16424960 16715776 17133568 17137664 17145856 17330176 17543680 17551872 17620992 17637376 17702912 17719296 17809408 17813504 17870848 17891328 18018304 18075648 18259968 18321408 18391040 18423808 18997248 19046400 19066880 19226624 19337216 19353600 19955712 19984384 20705280 20721664 20733952 20787200 20856832 20971520 20971520 21037056 21065728 21110784 21135360 21139456 21196800 21245952 21721088 21753856 21770240 21803008 22085632 22102016 22630400 22663168 22827008 22884352 23035904 23056384 23117824 23166976 23207936 23269376 23490560 23543808 23687168 23920640 24084480 24104960 24178688 24203264 24416256 24432640 24465408 24485888 24584192 24629248 25104384 25108480
48 83 151552 167936 278528 487424 496128 504320 569344 589824 925696 933888 954368 1089536 1163264 1216512 1294336 1388544 1449984 1495040 1761280 1777664 1875968 1949696 1990656 2027520 2207744 2224128 2953216 3088384 3252224 3321856 3502080 3534848 3555328 3571712 3588096 3690496 3801088 3850240 3977216 4026368 4067328 4194304 4194304 4231168 4464640 4481024 4886528 4935680 5021696 5070848 5079040 5480448 5849088 5873664 5894144 5910528 5935104 5955584 6066176 6082560 6189056 6205440 6238208 6242304 6332416 6344704 6381568 6397952 6500352 6569984 7143424 7159808 7307264 7311360 7577600 7761920 7835648 7970816 7979008 7983104 8105984 8163328 8609792 8630272 9015808 9024000 9203712 9265152 9531392 9564160 9687040 9842688 9936896 9990144 10137600 10297344 10723328 10727424 11317248 11489280 11956224 12582912 12582912 13393920 13918208 13979648 14012416 14225408 14233600 14417920 14647296 14680064 14680064 14688256 14696448 14757888 14811136 14962688 15200256 15216640 15355904 15441920 15683584 15699968 16629760 16777216 16777216 16785408 16936960 16953344 17645568 17649664 17723392 17895424 18211328 18223616 18227200 18456576 18644992 18661376 18747392 18767872 19468288 19550208 19648512 19652608 20049920 20217856 20328448 20336640 20340736 20343296 20439040 20541440 20582400 20971520 20971520 23068672 23068672 24428544 24522752 24793088 24809472 24813568 24907776 24911872
49 44 155648 225280 360448 376832 626688 733184 1015808 1093632 1208320 1556480 1765376 1789952 1957888 1978368 2314240 2437120 2543616 2703360 3108864 3129344 3862528 4009984 4329472 4452352 4997120 5032448 5353472 5357568 5595136 5652480 5701632 5722112 5750784 6291456 6291456 8388608 8388608 10371072 10407936 10432512 10452992 10473472 10502144 10543104 10817536 10821632 11145216 11149312 11153408 11157504 11698176 12582912 12582912 13864960 13914112 13918208 14168064 14290944 14368768 14372864 14729216 14827520 15196160 15269888 15663104 15953920 16031744 16777216 16777216 16916480 16961536 17182720 17207296 17223680 17350656 17354752 17416192 17461248 17604608 17629184 17821696 18874368 18874368 20971520 20971520 23068672 23068672 25165824
50 76 0 356352 458752 471040 851968 1376256 1441792 1712128 1896448 1900544 1908736 2015232 2478080 2482176 2609152 2838528 2879488 3309568 3436544 3440640 3518464 3522560 3575808 3579904 3633152 3637248 3760128 3792896 4128768 4145152 4349952 4354048 4497408 4526080 4575232 4579328 4874240 4878336 5025792 5029888 5087232 5267456 5332992 5361664 5521408 5746688 5844992 5849088 5971968 6279168 6348800 6533120 6705152 6815744 6934528 7139328 7229440 7266304 7270400 7286784 7856128 7897088 8667136 8695808 8732672 8773632 9015296 9056256 9248768 9392128 9437184 10485760 10485760 12582912 12582912 14614528 14839808 14872576 14917632 14934016 15511552 16109568 16453632 16465920 16470016 16474112 16596992 16642048 17436672 17469440 17551360 17674240 17735680 17793024 17813504 17817600 17829888 17833984 17842176 17846272 17887232 17891328 17985536 17989632 18063360 18067456 18124800 18132992 18366464 18370560 18493440 18497536 18522112 18526208 18539520 18551808 18608128 18657280 18677760 18681856 18866176 18874368 18874368 18886656 19079168 19169280 19779584 19795968 20541440 20627456 20988416 20996608 21159936 21176320 21291008 21295104 21348352 21585920 21626880 21667840 21729280 21733376 21864448 21868544 21946368 21950464 22020096 23068672 23068672 25145344 25161728 25165824
51 72 0 4096 270336 286720 901120 917504 1110016 1171456 1519616 1545216 1646592 1695744 1744896 1761280 1851392 2056192 2088960 2097152 2097152 2105344 2207744 2244608 2535424 2551808 2670592 2686976 2875392 2876416 3411968 3469312 4050944 4087808 4177920 4194304 4194304 6291456 6291456 6524928 6742016 6778880 6815744 6848512 7249920 7413760 7798784 8065024 8540160 8675328 9297920 9310208 9793536 9854976 9871360 9969664 10231808 10248192 10354688 10485760 10485760 10510336 10657792 10674176 10752000 10756096 11358208 11374592 11386880 11546624 12312576 12402688 12627968 12644352 12816384 12828672 12935168 13004800 13287424 13291520 13299712 13303808 13410304 13426688 13524992 13541376 13975552 14221312 14245888 14262272 14389248 14680064 14680064 14864384 14884864 14954496 15159296 15233024 15708160 15785984 16080896 16093184 16125952 16171008 16207872 16494592 16580608 16654336 17195008 17244160 17375232 17420288 17952768 18055168 18161664 18169856 18849792 18874368 18874368 18976768 18997248 19046400 19111936 19116032 19279872 19283968 19603456 19664896 19677184 20971520 20971520 22179840 22294528 22298624 22323200 22683648 22904832 23068672 23068672 23080960 24023040 24027136 24772608 24776704 24920064 24936448
52 33 77824 81920 110592 114688 188416 319488 786432 1048576 2195456 2199552 2318336 2322432 3366912 3371008 3617792 3638272 4747264 4751360 6283264 6287360 6336512 6348800 6852608 6856704 7335936 7340032 7438336 7442432 7589888 7593984 8163328 8167424 9519616 9527808 11599872 11603968 13701120 13979648 13987840 13991936 14028800 14241792 14258176 14336000 14565376 14581760 14680064 15728640 16158720 16166912 17825792 17829888 18108416 18116608 18731520 18739712 19742720 19746816 20602880 20606976 22077440 22081536 23040000 23044096 24821760 24838144
53 116 1122304 1126400 1241088 1245184 1343488 1347584 1826816 1830912 1913344 1917440 2002944 2007040 2031616 2035712 2084864 2088960 2232320 2236416 2265088 2269184 2375680 2383872 2523136 2527232 2662400 2666496 2785280 2789376 2818048 2822144 2932736 2936832 3149824 3153920 3211264 3215360 3448832 3452928 3538944 3543040 3809280 3813376 3821568 3825664 3874816 3878912 3928064 3932160 4034560 4038656 4182016 4186112 4251648 4255744 4329472 4333568 4337664 4341760 4550656 4554752 4722688 4726784 4759552 4763648 4775936 4792320 4804608 4808704 4956160 4960256 4964352 4972544 5214208 5218304 5816320 5832704 6279168 6283264 7454720 7458816 8519680 8523776 8716288 8720384 9199616 9203712 9236480 9240576 9449472 9453568 9457664 9461760 9465856 9515008 9527296 9539584 9547776 9551872 9568256 9584640 10092544 10100736 10104832 10113024 10117120 10125312 10178560 10186752 10244096 10248192 10428416 10432512 10452992 10457088 10469376 10473472 10608640 10612736 10686464 10690560 10694656 10702848 10706944 10711040 10735616 10743808 10838016 10842112 10903552 10907648 10973184 10977280 11051008 11055104 11059200 11063296 11632640 11636736 11714560 11718656 11919360 11923456 11968512 11997184 12005376 12009472 12017664 12021760 12128256 12132352 12636160 12640256 13242368 13246464 13484032 13488128 13549568 13557760 13594624 13598720 13631488 14139392 14192640 14196736 14209024 14213120 14245888 14249984 14323712 14331904 14356480 14360576 14368768 14372864 14381056 14385152 14389248 14393344 14401536 14413824 14422016 14438400 14520320 14524416 14581760 14598144 14618624 14635008 14639104 14651392 14655488 14663680 14671872 14680064 14680064 14688256 14692352 14700544 14716928 14721024 14770176 14774272 14790656 14794752 14835712 14839808 14864384 14872576 15724544 15732736 17465344 17469440 17924096 17932288 18391040 18415616 19226624 19230720 19341312 19345408 20189184 20193280 20832256 20836352 22159360 22163456 23363584 23367680 23695360 23699456 24113152 24117248
54 82 1081344 1085440 1617920 1622016 2355200 2359296 4734976 4739072 4861952 4866048 5173248 5177344 5406720 5410816 5812224 5816320 6856704 6860800 6868992 6873088 8167424 8171520 9154560 9170944 10321920 10326016 10342400 10346496 10358784 10362880 10661888 10665984 11063296 11067392 11608064 11612160 11870208 11874304 12316672 12320768 12730368 12734464 12972032 12976128 12988416 12992512 13008896 13012992 13684736 13688832 13713408 13717504 14745600 14761984 14770176 14774272 14983168 14995456 14999552 15003648 15085568 15089664 15101952 15110144 15114240 15122432 16379904 16384000 16781312 16789504 16793600 16797696 17555456 17563648 17567744 17575936 17580032 17592320 17596416 17604608 17608704 17620992 17625088 17637376 17641472 17649664 17653760 17657856 17661952 17666048 17670144 17674240 17678336 17682432 17821696 17825792 18124800 18128896 18235392 18239488 18829312 18833408 18989056 18993152 19079168 19083264 19091456 19095552 19128320 19132416 19173376 19193856 19410944 19415040 19533824 19537920 19656704 19660800 19693568 20332544 20590592 20598784 20623360 20627456 20631552 20656128 20660224 20668416 20832256 20836352 21069824 21073920 21127168 21131264 21143552 21147648 21164032 21168128 21360640 21377024 21618688 21622784 21667840 21671936 21721088 21725184 21770240 21774336 21819392 21823488 22253568 22257664 22827008 22831104 23187456 23191552 23351296 23355392 23719936 23724032 24678400 24682496 25022464 25026560
55 66 602112 606208 806912 811008 2367488 2371584 2580480 2588672 2670592 2674688 2736128 2740224 3772416 3776512 5087232 5091328 6541312 6545408 7159808 7163904 7331840 7335936 9887744 9891840 10051584 10055680 10125312 10129408 10137600 10141696 10219520 10223616 10240000 10244096 10502144 10518528 10571776 10575872 10735616 10739712 10743808 10747904 10817536 10821632 10936320 10940416 10989568 10993664 11018240 11022336 11194368 11198464 11300864 11304960 11444224 11448320 11501568 11505664 11624448 11628544 11776000 11780096 11800576 11804672 11849728 11853824 12029952 12058624 12169216 12173312 12660736 12664832 12939264 12943360 13086720 13090816 13135872 13144064 13160448 13164544 13320192 13332480 13545472 13557760 13561856 13565952 13803520 13807616 13819904 13832192 14376960 14385152 15122432 15130624 15462400 15466496 16404480 16408576 16506880 16510976 16666624 16678912 16748544 16756736 16777216 16793600 17829888 17838592 17928192 17932288 18145280 18149376 18378752 18382848 18391040 18395136 19296256 19304448 19652608 19660800 19804160 19808256 20381696 20398080 21053440 21069824 22138880 22142976 22917120 22921216 23662592 23678976
56 86 66048 70144 152064 156160 160256 164352 172544 176640 197120 201216 246272 254464 270848 274944 287232 291328 328192 332288 381440 385536 389632 393728 406016 414208 442880 446976 541184 549376 1048576 1056768 1060864 1101824 1105920 1118208 1179648 1183744 1224704 1228800 1605632 1609728 1638400 1642496 1753088 1757184 2072576 2084864 2093056 2097152 2097152 2109440 3096576 3100672 3121152 3129344 3772416 3776512 3821568 3829760 3899392 3903488 4206592 4210688 4513792 4526080 5283840 5287936 6258688 6262784 7725056 7729152 9506816 9523200 9691136 9695232 9715712 9719808 9908224 9912320 10153984 10158080 10412032 10416128 10424320 10428416 11268096 11272192 12247040 12251136 12468224 12472320 12591104 12595200 12673024 12677120 12824576 12828672 12976128 12980224 13144064 13148160 13508608 13512704 13729792 13733888 13783040 13787136 14344192 14348288 14409728 14413824 14512128 14516224 14671872 14675968 14761984 14766080 14950400 14954496 15106048 15110144 15257600 15261696 15327232 15331328 15450112 15454208 15937536 15941632 16818176 16822272 17375232 17383424 17481728 17485824 17690624 17694720 17711104 17715200 17727488 17731584 17821696 17825792 18128896 18132992 18182144 18186240 19546112 19550208 20434944 20443136 20533248 20557824 21057536 21073920 21102592 21106688 22118400 22122496 22466560 22470656 22753280 22757376 23851008 23855104 24100864 24104960 24117248 24121344 24264704 24268800 25124864 25128960
57 121 8192 12288 180224 184320 1126400 1130496 1134592 1138688 1142784 1146880 1159168 1163264 1175552 1179648 1187840 1191936 1200128 1208320 1228800 1245184 1523712 1531904 2564096 2568192 2732032 2736128 2805760 2813952 3100672 3108864 3948544 3964928 5450240 6291456 6291456 7000576 7778304 7794688 8007680 8024064 8658944 8675328 8823296 8827392 9232384 9244672 9449472 9469952 9486336 9490432 9498624 9502720 9580544 9584640 9592832 9596928 9601024 9605120 9625600 9637888 9678848 9682944 9732096 9736192 9781248 9785344 9830400 9834496 9883648 9887744 9932800 9936896 9981952 9986048 10010624 10014720 10047488 10051584 10510336 10514432 10559488 10563584 10641408 10645504 10969088 10973184 11059200 11063296 11243520 11251712 11440128 11444224 11689984 11710464 11739136 11743232 12701696 12705792 12898304 12902400 12959744 12963840 13058048 13066240 13279232 13299712 13307904 13316096 13762560 13766656 14508032 14512128 14671872 14675968 14942208 14946304 15065088 15069184 15355904 15360000 15413248 15417344 15511552 15515648 15630336 15646720 15884288 15888384 16338944 16343040 16793600 16797696 17248256 17252352 17707008 17711104 17794048 17802240 18505728 18509824 18608128 18628608 18685952 18690048 18739200 18743296 18911232 18915328 19099648 19103744 19263488 19267584 19308544 19316736 19415040 19419136 19492864 19529728 19566592 19570688 19718144 19722240 19869696 19873792 20434944 20439040 20647936 20656128 20901888 20905984 20922368 20926464 21618688 21635072 21766144 21770240 22351872 22355968 22519808 22523904 22708224 22712320 22818816 22822912 23093248 23101440 23310336 23314432 23412736 23416832 23498752 23502848 23552000 23556096 23621632 23625728 23756800 23760896 23887872 23891968 23904256 23908352 23924736 23928832 23941120 23945216 23957504 23961600 23973888 23977984 23990272 23994368 24006656 24010752 24023040 24027136 24047616 24051712 24064000 24068096 24080384 24084480 24096768 24100864 24113152 24117248 24133632 24137728 24154112 24158208 24170496 24174592 24236032 24240128 24551424 24555520 24633344 24637440 24784896 24805376 25120768 25124864
58 162 28672 32768 147456 151552 409600 413696 684032 688128 704512 708608 745472 749568 1732608 1740800 2551808 2560000 2675712 2695680 2737152 2753024 3276800 3547136 4255744 4276224 7229440 7237632 7413760 7417856 10936320 10940416 11550720 11554816 11833344 11837440 12877824 12890112 13373440 13377536 14434304 14450688 15196160 15200256 15613952 15622144 16850944 16855040 16883712 16887808 17215488 17227776 17842176 17846272 17854464 17858560 17862656 17866752 17907712 17911808 17948672 17952768 17956864 17960960 18001920 18006016 18022400 18026496 18030592 18034688 18092032 18096128 18145280 18149376 18161664 18165760 18173952 18178048 18186240 18190336 18219008 18223104 18227200 18235392 18264064 18268160 18374656 18378752 18395136 18399232 18452480 18456576 18530304 18534400 18546688 18550784 18554880 18558976 18571264 18575360 18583552 18587648 18628608 18632704 18653184 18657280 18677760 18681856 18751488 18755584 18792448 18796544 18804736 18808832 18821120 18829312 18849792 18853888 18862080 18866176 18931712 18935808 19017728 19021824 19156992 19161088 19181568 19185664 19214336 19218432 19222528 19226624 19251200 19255296 19267584 19275776 19283968 19288064 19308544 19312640 19386368 19390464 19402752 19415040 19435520 19439616 19443712 19447808 19464192 19472384 19533824 19537920 19542016 19550208 19554304 19558400 19566592 19570688 19619840 19623936 19636224 19640320 19656704 19660800 19677184 19681280 19705856 19709952 19738624 19742720 19750912 19755008 19775488 19779584 19816448 19820544 19861504 19865600 19898368 19902464 19922944 19927040 19931136 19939328 19980288 19984384 20000768 20004864 20008960 20013056 20025344 20029440 20033536 20037632 20049920 20054016 20074496 20078592 20082688 20086784 20156416 20160512 20267008 20271104 20275200 20279296 20287488 20291584 20295680 20307968 20328448 20332544 20361216 20369408 20402176 20406272 20414464 20418560 20471808 20475904 20488192 20496384 20586496 20590592 20611072 20615168 20635648 20639744 20688896 20692992 20697088 20705280 20725760 20729856 20733952 20738048 20742144 20746240 20766720 20774912 20783104 20787200 20819968 20824064 20869120 20873216 20955136 20959232 20963328 20971520 20971520 20975616 20979712 20983808 21041152 21045248 21049344 21057536 21065728 21069824 21102592 21106688 21123072 21127168 21176320 21180416 21192704 21196800 21209088 21217280 21233664 21237760 21241856 21245952 21319680 21323776 21331968 21336064 21340160 21344256 21352448 21356544 21368832 21372928 21377024 21385216 21389312 21393408 21397504 21401600 21426176 21430272 21463040 21467136 21553152 21565440 21581824 21590016 21594112 21602304 21716992 21721088 21733376 21737472 21741568 21745664 21749760 21757952 22147072 22151168 22155264 22159360 22282240 22286336 22532096 22536192 22953984 22958080 23658496 23662592 24268800 24276992 24637440 24641536 24911872 24915968
59 60 45056 49152 376832 380928 393216 397312 925696 929792 999424 1003520 1384448 1384960 1388544 1392640 1589248 1613824 3604480 3608576 4067328 4071424 4263936 4272128 5156864 5160960 5165056 5177344 5615616 5619712 5627904 5632000 5644288 5656576 5668864 5677056 5693440 5701632 5709824 5713920 5718016 5722112 7241728 7245824 7487488 7491584 9527296 9535488 9764864 9773056 11534336 11538432 11689984 11694080 12189696 12193792 13819904 13828096 14057472 14061568 14245888 14249984 14417920 14434304 16191488 16199680 17084416 17092608 17104896 17117184 17555456 17563648 17727488 17743872 18186240 18190336 18849792 18853888 19046400 19050496 19058688 20111360 20164608 20168704 20287488 20295680 20328448 20332544 20422656 20426752 20561920 20570112 20799488 20803584 21147648 21168128 21590016 21610496 21676032 21680128 21749760 21753856 21938176 21946368 22515712 22519808 23044096 23052288 23101440 23105536 23478272 23482368 23486464 23490560 24211456 24215552 24293376 24297472 24354816 24358912 25006080 25034752
60 53 24576 32768 598016 602112 659456 663552 1073152 1077248 1110016 1114112 1433600 1441792 1576960 1581056 1601536 1605632 1777664 1781760 1867776 1871872 1912832 1916928 2011136 2019328 2285568 2297856 2555904 2560000 3383296 3391488 3465216 4194304 4194304 5173248 5275648 5279744 5832704 5840896 6234112 6238208 6811648 6815744 7270400 7274496 7299072 7303168 7409664 7413760 7553024 7557120 7974912 7979008 8163328 8167424 8749056 8753152 8904704 8925184 8929280 8974336 9338880 9342976 12275712 12279808 14295040 14307328 14405632 14409728 15257600 15261696 17154048 17162240 18649088 18657280 18935808 18939904 19202048 19226624 19345408 19349504 19681280 19689472 19808256 19812352 19972096 19976192 20303872 20676608 21012480 21016576 21471232 21475328 21688320 21692416 21823488 21827584 22016000 22020096 22122496 22142976 22548480 22552576 23244800 23248896 24821760 24825856
61 63 135168 139264 1048576 1052672 2646016 2650112 2908160 2920448 4186112 4194304 4194304 4210688 4534272 4538368 6451200 6455296 6680576 6688768 7393280 7397376 7766016 7770112 7913472 7917568 9330688 9334784 9969664 10006528 10493952 10498048 11173888 11177984 11259904 11264000 11554816 11558912 11874304 11878400 12455936 12460032 12529664 12582912 12582912 12603392 12804096 12808192 13148160 13152256 13713408 13725696 13729792 13733888 13836288 13840384 14045184 14049280 15073280 15089664 15147008 15151104 15712256 15732736 16994304 16998400 17190912 17195008 17342464 17416192 17494016 17498112 17936384 17940480 18100224 18104320 18247680 18358272 18792448 18796544 18924032 18928128 18976768 19062784 19124736 19128832 19206144 19214336 19660800 19664896 20033536 20037632 20045824 20049920 20279296 20283392 20475904 20480000 20623360 20627456 20684800 20688896 20787200 20791296 21082112 21086208 21319680 21323776 21471232 21508096 21835776 21856256 22179840 22204416 22233088 22241280 23638016 23642112 23912448 23916544 24289280 24293376 24330240 24334336 24354816 24363008 24948736 24952832
62 82 0 12288 565248 569344 634880 745472 1159168 1163264 1613824 1675264 3174400 3178496 3428352 3436544 3448832 3452928 4067328 4071424 4866048 4890624 5222400 5230592 5668864 5779456 7200768 7204864 7405568 7409664 7643136 7647232 8617984 8626176 8675328 8683520 8708096 8724480 8728576 8736768 8798208 8810496 8830976 8839168 8851456 9834496 10031104 10035200 11419648 11423744 11481088 11501568 11587584 11591680 11599872 11603968 11800576 11804672 12128256 12132352 12189696 12193792 12345344 12361728 12902400 12918784 13230080 13234176 14008320 14012416 14163968 14168064 14290944 14299136 14417920 14422016 14614528 14618624 14675968 14680064 14753792 14942208 17416192 17432576 17903616 17907712 17956864 17960960 18006016 18010112 18132992 18137088 18251776 18255872 18780160 18788352 18948096 18952192 18972672 18976768 19111936 19116032 19177472 19185664 19189760 19193856 19197952 19202048 19402752 19406848 19517440 19529728 19718144 19722240 19738624 19742720 19886080 19890176 19918848 19922944 20033536 20037632 20160512 20164608 20197376 20201472 20279296 20283392 20393984 20398080 20434944 20541440 20631552 20635648 20643840 20652032 20811776 20815872 20959232 20963328 20971520 20975616 21172736 21225984 21331968 21336064 21491712 21495808 21553152 21573632 22675456 22679552 22818816 22827008 23896064 23900160 24117248 24121344 24326144 24334336 24592384 24596480 24932352 24936448 24985600 24989696
63 68 86016 90112 110592 114688 155648 159744 176128 180224 192512 196608 208896 212992 225280 229376 241664 245760 258048 262144 274432 278528 294912 299008 311296 315392 327680 331776 380928 385024 397312 401408 516096 520192 536576 540672 733184 737280 1294336 1298432 2260992 2265088 2269184 2277376 2519040 2535424 2580480 2584576 2678784 2748416 2973696 2977792 3092480 3457024 3604480 3608576 4399104 4403200 4857856 4861952 5242880 5246976 5312512 5316608 5332992 5337088 5681152 5689344 5767168 5771264 6221824 6225920 6254592 6258688 6676480 6680576 6709248 6713344 6975488 6979584 7131136 7135232 7598080 7602176 7843840 7847936 7995392 7999488 8036352 8040448 8384512 8388608 8400896 8404992 8466432 8470528 8810496 8884224 9310208 9314304 9433088 9441280 10338304 10346496 10485760 10489856 11988992 11993088 12148736 12152832 12693504 12697600 12754944 12763136 15507456 15523840 18927616 18931712 19009536 19013632 19562496 19566592 19873792 19947520 20951040 20971520 20971520 21827584 22016000 22024192 22028288 22036480 22110208 22114304 23384064 23388160 23539712 23543808
64 300 1077248 1085440 1089536 1093632 1130496 1138688 1200128 1204224 1216512 1228800 1253376 1261568 1339392 1343488 1359872 1363968 1376256 1380352 1470464 1474560 1490944 1495040 1511424 1515520 1540096 1544192 1560576 1564672 1572864 1576960 1646592 1650688 1654784 1658880 1662976 1667072 1679360 1687552 1716224 1724416 1761280 1765376 1798144 1802240 1822720 1826816 1830912 1835008 1884160 1888256 1933312 1937408 1986560 1990656 2011136 2015232 2035712 2039808 2084864 2088960 2101248 2109440 2134016 2142208 2220032 2224128 2260992 2265088 2273280 2277376 2297856 2306048 2412544 2416640 2420736 2424832 2482176 2486272 2519040 2523136 2531328 2535424 2539520 2543616 2572288 2576384 2727936 2732032 2781184 2785280 2834432 2838528 2846720 2850816 2854912 2859008 2863104 2867200 2908160 2912256 3018752 3022848 3072000 3076096 3080192 3084288 3129344 3133440 3198976 3203072 3215360 3223552 3231744 3235840 3268608 3276800 3334144 3338240 3403776 3407872 3530752 3629056 3637248 3641344 3768320 3772416 3784704 3788800 3792896 3801088 3825664 3829760 3837952 3842048 3846144 3850240 3870720 3874816 3964928 3969024 4018176 4022272 4030464 4034560 4050944 4055040 4128768 4194304 4194304 4251648 4268032 4272128 4292608 4313088 4333568 4341760 4399104 4403200 4427776 4431872 4448256 4452352 4456448 4460544 4505600 4509696 4534272 4538368 4595712 4599808 4661248 4665344 4775936 4784128 4849664 4853760 5046272 5066752 5070848 5087232 5091328 5095424 5103616 5115904 5120000 5140480 5144576 5156864 5160960 5165056 5251072 5312512 5386240 5390336 5529600 5533696 5750784 5754880 5984256 5988352 6045696 6049792 6213632 6217728 6258688 6262784 6348800 6352896 6500352 6504448 6651904 6656000 6803456 6807552 6959104 6963200 7110656 7114752 7127040 7135232 7221248 7237632 7262208 7270400 7991296 8056832 8908800 8912896 8982528 9437184 9445376 9449472 9453568 9457664 9465856 9469952 9490432 9494528 9498624 9502720 9539584 9543680 9555968 9560064 9572352 9576448 9592832 9596928 9621504 9625600 9637888 9650176 9658368 9662464 9728000 9732096 9764864 9773056 9789440 9797632 9801728 9805824 9809920 9818112 9822208 9826304 9838592 9842688 9859072 9863168 9908224 9912320 9916416 9920512 9940992 9945088 9986048 9994240 10039296 10043392 10076160 10080256 10084352 10088448 10096640 10100736 10108928 10113024 10129408 10133504 10137600 10141696 10178560 10182656 10215424 10219520 10235904 10240000 10256384 10260480 10317824 10321920 10403840 10407936 10428416 10432512 10440704 10444800 10461184 10465280 10469376 10473472 10477568 10485760 10485760 10489856 10502144 10506240 10555392 10559488 10575872 10579968 10588160 10592256 10600448 10608640 10612736 10616832 10620928 10625024 10629120 10633216 10645504 10649600 10670080 10674176 10682368 10686464 10715136 10719232 10727424 10731520 10756096 10760192 10768384 10772480 10784768 10788864 10842112 10846208 10850304 10854400 10870784 10874880 10887168 10891264 10895360 10899456 10903552 10907648 10940416 10944512 10948608 10952704 10956800 10960896 10969088 10973184 11001856 11010048 11014144 11018240 11022336 11026432 11055104 11059200 11063296 11067392 11075584 11083776 11100160 11104256 11137024 11141120 11145216 11149312 11153408 11169792 11177984 11182080 11194368 11198464 11206656 11210752 11247616 11251712 11276288 11280384 11284480 11288576 11296768 11304960 11378688 11382784 11395072 11399168 11407360 11411456 11456512 11460608 11464704 11468800 11497472 11501568 11505664 11509760 11526144 11530240 11534336 11538432 11542528 11546624 11571200 11575296 11595776 11599872 11608064 11612160 11661312 11665408 11689984 11694080 11714560 11726848 11780096 11784192 11808768 11812864 11862016 11870208 11890688 11894784 11902976 11907072 11915264 11919360 11956224 11960320 12009472 12013568 12021760 12034048 12046336 12050432 12058624 12062720 12087296 12095488 12120064 12124160 12140544 12144640 12156928 12165120 12206080 12210176 12226560 12234752 12238848 12242944 12263424 12267520 12279808 12283904 12312576 12316672 12357632 12361728 12410880 12414976 12447744 12460032 12464128 12472320 12496896 12500992 12505088 12529664 12533760 12537856 12578816 12582912 12591104 12595200 12632064 12636160 12652544 12656640 12697600 12701696 12754944 12759040 12783616 12787712 12795904 12800000 12804096 12808192 12873728 12877824 12881920 12890112 12910592 12914688 12931072 12935168 12984320 12988416 12992512 12996608 13025280 13029376 13041664 13045760 13062144 13066240 13074432 13078528 13127680 13135872 13144064 13152256 13156352 13160448 13164544 13176832 13189120 13201408 13250560 13266944 13381632 13385728 13541376 13545472 13615104 13619200 13737984 13742080 13934592 13938688 14131200 14135296 14512128 14520320 14548992 14557184 14884864 14888960 15020032 15028224 15237120 15241216 15335424 15339520 15802368 15806464 15831040 15835136 15953920 15958016 16723968 16732160 17416192 17420288 17584128 17588224 18067456 18071552 18386944 18391040 19505152 19509248 20295680 20299776 20516864 20525056 20979712 20983808 21340160 21446656 22745088 22749184 23220224 23224320 23638016 23642112 23748608 23752704 24727552 24842240
65 43 200704 323584 942080 946176 2650112 2748416 2772992 2781184 5246976 5312512 7364608 7507968 8392704 8396800 9441280 9449472 9453568 9498624 9515008 9519104 9527296 9531392 9666560 9670656 9936896 9940992 10301440 10309632 11431936 11436032 11534336 11538432 11706368 11714560 12960768 13071360 13758464 13836288 14614528 14622720 14651392 14655488 15265792 15269888 15286272 15302656 16203776 16207872 16220160 16224256 16265216 16269312 16297984 16322560 16404480 16408576 17158144 17276928 17817600 17821696 17850368 17858560 17944576 18046976 18055168 18087936 18509824 18513920 20180992 20185088 20549632 20553728 20643840 20656128 21729280 21737472 22728704 22732800 22872064 22876160 23683072 23691264 23937024 23941120 24887296 24891392
66 36 122880 131072 1974272 1994752 3108864 3219456 3424256 3543040 3743744 3747840 3756032 3760128 4481024 4542464 5390336 5394432 6094848 6098944 6901760 6905856 6918144 7061504 7364608 7376896 8699904 8704000 9859072 9871360 10739712 10743808 10747904 10752000 12013568 12017664 12316672 12414976 13119488 13123584 15585280 15589376 16777216 16793600 17219584 17227776 17403904 17408000 18255872 18259968 18866176 18870272 19009536 19013632 19120128 19124224 19140608 19479040 19738624 19742720 21102592 21221376 21495808 21893120 22810624 22818816 22884352 22896640 23785472 23789568 24559616 24563712 24989696 24993792
67 73 937984 942080 1433600 1437696 1458176 1462272 2109440 2113536 2543616 2547712 2621440 2625536 4399104 4403200 4968448 4972544 5013504 5144576 8478720 8486912 9388032 9392128 10327040 10331136 10474496 10478592 10653696 10657792 10662912 10667008 10825728 10829824 10888192 10892288 11849728 11853824 12386304 12390400 12398592 12402688 12455936 12464128 12550144 12554240 12664832 12668928 12779520 12783616 12791808 12795904 12800000 12808192 12820480 12828672 12906496 12910592 13041664 13045760 13279232 13283328 13414400 13418496 13623296 13627392 13709312 13713408 13971456 13975552 14598144 14647296 14680064 14688256 14753792 14757888 14909440 14913536 15060992 15065088 15212544 15216640 15368192 15372288 15556608 15560704 15667200 15671296 15716352 15720448 15851520 15855616 15949824 15953920 15998976 16003072 16048128 16052224 16101376 16105472 16150528 16154624 16199680 16207872 16257024 16261120 16367616 16371712 16461824 16465920 16515072 16519168 16564224 16568320 16855040 16859136 16908288 16912384 16957440 16961536 17297408 17301504 17391616 17395712 17416192 17420288 17715200 17719296 17723392 17731584 17813504 17817600 17993728 17997824 18579456 18583552 18604032 18608128 22016000 22020096 22073344 22077440 22380544 22384640 22949888 22953984 24109056 24113152
68 59 495616 503808 942080 946176 1052672 1056768 1077248 1085440 1089536 1093632 1114112 1130496 1179648 1183744 1187840 1191936 1204224 1208320 1212416 1216512 1220608 1228800 1257472 1261568 1298432 1302528 1359872 1363968 1376256 1380352 1409024 1413120 1421312 1425408 1449984 1454080 1482752 1486848 1863680 1871872 1875968 1880064 2080768 2088960 2187264 2195456 2514944 2519040 2543616 2547712 2576384 2580480 2588672 2592768 2641920 2646016 2682880 2686976 2781184 2785280 2891776 2895872 2945024 2949120 2981888 2985984 3022848 3067904 3362816 3366912 3375104 3379200 3600384 3604480 5242880 5246976 5296128 5300224 5496832 5500928 7340032 7344128 7467008 7475200 8282112 8286208 9383936 9388032 9838592 9842688 11079680 11083776 11268096 11272192 14032896 14036992 14118912 14123008 15417344 15425536 15720448 15724544 15945728 15949824 20422656 20426752 21037056 21041152 21917696 21921792 22700032 22704128 23159808 23208960 23425024 23429120 24272896 24276992
69 121 69632 73728 172032 180224 688128 692224 757760 761856 1126400 1134592 1470464 1474560 1572864 1576960 2482176 2490368 2801664 2818048 3146240 3150336 3170816 3174912 4260352 4264448 5337088 5341184 5591040 5595136 6787584 6791680 7327744 7331840 7618560 7622656 7995392 7999488 8388608 8392704 8495104 8503296 8753152 8769536 9469952 9474048 9519104 9527296 9531392 9535488 9568256 9572352 9576448 9580544 9584640 9588736 9592832 9596928 9822208 9826304 9863168 9867264 9904128 9908224 10035200 10039296 10067968 10072064 10203136 10207232 10563584 10567680 10588160 10592256 11014144 11018240 11296768 11300864 11620352 11624448 11653120 11657216 11948032 11952128 11976704 11988992 12668928 12673024 12939264 12947456 13152256 13160448 13164544 13180928 14557184 14561280 15060992 15069184 15208448 15212544 15233024 15237120 15249408 15253504 15446016 15450112 15499264 15511552 15687680 15691776 15728640 15732736 15769600 15773696 15802368 15806464 15818752 15822848 15917056 15921152 15937536 15941632 15953920 15958016 15970304 15974400 15986688 15990784 16003072 16007168 16019456 16023552 16048128 16052224 16064512 16068608 16080896 16084992 16097280 16101376 16113664 16117760 16146432 16150528 16244736 16248832 16449536 16453632 16560128 16564224 16764928 16769024 16789504 16793600 16818176 16822272 16822784 16826880 16867328 16871424 16920576 16924672 16969728 16973824 16974336 16978432 16990720 16994816 17018880 17022976 17089024 17093120 17101312 17105408 17113600 17117696 17158144 17166336 17183232 17187328 17342976 17347072 17383936 17388032 17400320 17404416 17428992 17433088 17436672 17440768 17486336 17490432 17527296 17531392 17543680 17547776 17605120 17609216 17633792 17637888 17641472 17645568 17691136 17695232 17707520 17711616 17719808 17723904 17785344 17789440 17842688 17846784 17859072 17863168 17904128 17908224 17977856 17981952 17998336 18002432 18010624 18014720 18158080 18162176 18256384 18398208 19309056 19317248 19652608 19656704 20267008 20283392 20426752 20430848 20942848 20955136 21221376 21229568 23048704 23052800 24801792 24867840 24969216 24977408
70 28 0 4096 32768 36864 131072 135168 262144 294912 712704 717312 1052672 1056768 1294336 1327104 1617920 1622016 2386944 2387968 3981312 4194304 4194304 5771776 6692864 6705152 6791168 6815744 8617984 8687616 10600448 10616832 11030528 11034624 12918784 12922880 14192640 14217216 15462400 15466496 16453632 16457728 16658432 16777216 16777216 18436096 18571264 18575360 18739200 18747392 19447808 19451904 19574784 19578880 23851008 23855104 24809472 24821760
71 46 503808 507904 532480 544768 884736 995328 1523712 1527808 1929216 2097152 2097152 3170304 4091904 4194304 4194304 6291456 6291456 7159808 8376320 8380416 9785344 9789440 11354112 11362304 11964416 11968512 12013568 12017664 12701696 12705792 13037568 13045760 13676544 13680640 13688832 13692928 14139392 14143488 14594048 14598144 15052800 15056896 15372288 15376384 15507456 15511552 15962112 15966208 16728064 16732160 18681856 18690048 18866176 18870272 18919424 18939904 20914176 20918272 21106688 21110784 21209088 21245952 21767168 21808128 21843968 21852160 22372352 22462464 23142400 23146496 23265280 23269376 23396352 23400448 24117248 24121344 24133632 24137728 24150016 24154112 24170496 24174592 24186880 24190976 24203264 24207360 24219648 24223744 24236032 24240128 24829952 24834048
72 74 0 4096 180224 184320 425984 430080 1073152 1077248 1179648 1183744 1204224 1208320 1220608 1224704 1290240 1294336 1540096 1544192 1732608 1736704 1904640 1921024 2445312 2449408 3399680 3403776 4407296 4423680 4685824 4702208 4861952 4866048 5074944 5079040 5394432 5398528 5840896 5844992 6746112 6750208 6905856 6909952 7073792 7077888 9027584 9031680 9056256 9076736 9474048 9478144 9494528 9498624 9510912 9515008 9527296 9531392 9543680 9547776 9560064 9564160 9621504 9633792 9719808 9723904 9773056 9777152 10121216 10125312 10190848 10194944 10211328 10215424 10346496 10354688 10366976 10371072 10403840 10407936 10948608 10952704 11120640 11124736 11272192 11276288 11677696 11681792 11730944 11735040 12115968 12120064 12242944 12247040 12406784 12410880 12591104 12595200 12689408 12693504 12804096 12808192 12967936 12972032 13066240 13070336 13107200 13111296 14061568 14073856 14077952 14082048 14086144 14094336 14098432 14106624 14462976 14467072 15323136 15327232 15347712 15351808 15589376 15593472 15753216 15757312 16343040 16347136 16490496 16494592 16842752 16846848 16859136 16863232 16986112 16990208 17235968 17240064 17489920 17494016 17584128 17588224 17682432 18874368 18874368 20971520 20971520 23068672 23068672 25165824
73 82 0 2097152 2097152 4194304 4194304 5050368 5062656 5066752 5218304 5222400 5361664 5365760 5619712 5623808 5627904 5632000 5693440 5697536 5738496 5742592 5750784 5754880 6057984 6062080 6500352 6504448 6787072 6791168 6987776 6991872 7237632 7241728 7340032 7344128 7421952 7426048 7503872 7512064 7696384 7700480 7909376 7913472 8126464 8130560 8138752 8155136 8273920 8282112 8438272 8442368 8638464 8642560 8716288 8720384 8728576 8732672 8994816 8998912 9068544 9072640 9232384 9236480 9408512 9412608 9551872 9555968 9875456 9949184 10219520 10223616 10387456 10391552 10555392 10559488 11218944 11223040 11255808 11272192 11563008 11567104 11792384 11796480 11907072 11911168 11993088 12001280 12029952 12034048 12513280 12517376 12570624 12582912 12582912 12734464 12783616 12787712 12894208 12906496 13246464 13471744 13619200 13623296 13701120 13705216 13746176 13750272 13758464 13762560 14667776 14675968 14712832 14716928 15507456 15757312 15917056 15921152 16093184 16097280 16216064 16220160 16236544 16240640 16277504 16281600 16523264 16539648 17027072 17031168 17350656 17477632 17707008 17715200 17760256 17776640 17829888 17838080 17973248 18079744 18964480 18972672 19763200 19767296 20799488 20922368 21000192 21016576 21307392 21311488 21782528 21786624 21843968 21852160 22020096 22024192 22183936 22188032 22806528 23064576 23929856 23974912 24076288 24080384 24100864 24104960
74 38 1048576 1052672 1056768 1060864 1159168 1163264 1167360 1171456 1261568 1265664 1986560 2002944 3141632 3145728 4358144 4370432 4784128 4788224 4849664 4853760 6406144 6410240 6754304 6795264 7139328 7168000 7880704 7897088 8962048 8966144 10637312 10641408 12423168 12427264 15171584 15175680 16150528 16158720 16900096 16904192 17190912 17195008 17711104 17952768 18096128 18112512 18202624 18206720 18223104 18259968 18530304 18538496 18542592 18550784 18960384 19005440 20729856 20746240 21749760 21753856 22077440 22081536 22786048 22802432 23187456 23191552 23662592 23719936 23785472 23793664 24190976 24199168 24223744 24231936 24256512 24264704
75 34 262144 266240 1048576 1056768 2088960 2097152 2097152 2248704 2641920 2646016 3207168 3211264 3403776 3526656 3985408 4009984 5820416 5824512 5906432 5926912 6127616 6283264 7839744 7843840 8445952 8450048 9949184 9953280 10338304 10371072 10518528 10534912 12308480 12312576 13299712 13320192 15368192 15372288 15462400 15466496 16982016 16986624 17514496 17522688 17879040 17895424 19091456 19095552 19566592 19570688 20701184 20705280 21938176 21942272 22081536 22085632 22560768 22573056 22577152 22581248 22802432 22806528 22851584 22859776 23183360 23191552 23437312 23445504
76 181 626688 630784 1146880 1150976 1269760 1273856 1294336 1302528 1449984 1454080 1495040 1499136 1503232 1507328 1646592 1650688 1654784 1662976 1957888 1961984 2015232 2019328 2269184 2273280 2277376 2281472 2469888 2473984 2564096 2568192 2576384 2580480 2617344 2621440 2691072 2695168 3145728 3149824 3235840 3239936 3244032 3248128 3276800 3280896 3293184 3301376 3342336 3346432 3354624 3358720 3416064 3420160 3522560 3526656 3534848 3538944 3555328 3559424 3563520 3567616 3575808 3584000 3604480 3608576 3612672 3616768 3637248 3641344 3694592 3698688 3702784 3706880 3719168 3723264 3756032 3760128 3784704 3792896 3796992 3801088 3870720 3878912 3915776 3923968 3973120 3977216 3985408 3989504 4050944 4055040 4067328 4071424 4190208 4194304 4292608 4313088 4431872 4435968 4513792 4517888 4550656 4554752 4558848 4562944 4567040 4571136 4575232 4579328 4620288 4624384 4653056 4657152 4669440 4673536 4689920 4694016 4698112 4702208 4706304 4710400 4771840 4775936 4849664 4853760 4874240 4878336 5107712 5111808 5120000 5124096 5136384 5140480 5169152 5173248 5390336 5394432 5459968 5464064 5656576 5664768 5783552 5791744 5857280 5861376 5984256 5988352 6008832 6017024 6021120 6045696 6144000 6160384 6172672 6180864 6184960 6193152 6209536 6217728 6221824 6225920 6307840 6311936 6324224 6328320 6356992 6361088 6365184 6369280 6406144 6422528 6434816 6443008 7069696 7077888 7720960 7725056 7741440 7757824 7888896 7892992 8212480 8214016 8499200 8630272 8740864 8744960 8781824 8794112 8921088 8925184 8957952 8962048 9027584 9031680 9363456 9367552 9408512 9412608 9568256 9572352 9580544 9584640 9732096 9744384 9818112 9822208 9830400 9834496 9838592 9842688 9887744 9895936 9904128 9908224 10219520 10223616 10252288 10256384 10461184 10465280 10469376 10473472 10747904 11014144 11018240 11022336 11063296 11067392 11124736 11128832 11157504 11173888 11194368 11198464 11272192 11280384 11292672 11296768 11395072 11415552 11649024 11657216 11685888 11689984 11853824 11857920 11894784 11898880 11927552 11935744 12156928 12165120 12660736 12664832 12681216 12689408 12722176 12726272 12738560 12742656 12750848 12754944 12951552 12959744 12967936 12972032 13021184 13025280 13033472 13041664 13758464 13762560 13799424 13803520 13815808 13819904 14061568 14065664 14356480 14368768 15327232 15335424 16027648 16207872 16281600 16285696 16801792 16809984 16842752 16850944 16879616 16883712 16900096 16904192 17276928 17281024 17285120 17289216 17293312 17297408 17424384 17444864 17473536 17477632 17690624 17694720 17895424 17899520 17903616 17915904 17920000 17924096 18059264 18063360 18075648 18079744 18153472 18329600 18726912 18731008 18927616 18931712 19820544 19824640 19947520 19951616 20013056 20017152 20426752 20430848 20590592 20594688 20705280 20709376 20992000 20996096 21151744 21155840 21331968 21336064 21712896 21721088 22306816 22310912 22761472 22765568 23175168 23179264 23216128 23220224 23670784 23674880 23863296 23871488 24125440 24129536 24580096 24584192 24711168 24715264 25051136 25055232
77 66 110592 118784 389120 393216 634880 647168 921600 925696 1024000 1028096 1064960 1077248 1142784 1183744 1204224 1257472 1458176 1470464 1675264 1679360 2084864 2088960 2396160 2400256 3801088 3805184 4128768 4194304 4194304 4452352 4632576 4636672 5259264 6291456 6291456 6705152 6852608 6856704 6991872 7004160 7012352 7016448 7020544 7024640 7131136 7155712 7680000 7684096 9289728 9293824 9310208 9326592 9490432 9494528 9531392 9535488 9715712 9719808 9760768 9764864 9945088 9949184 10088448 10092544 10203136 10207232 10256384 10260480 10436608 10440704 10752000 10756096 11210752 11214848 11640832 11644928 12275712 12279808 12337152 12353536 12988416 13086720 13094912 13099008 13377536 13381632 13623296 13627392 13680640 13684736 13979648 13983744 14409728 14413824 14475264 14479360 14577664 14589952 14921728 14987264 15036416 15040512 15888384 15892480 15896576 15900672 15978496 15986688 17039360 17043456 17354752 17358848 18522112 18526208 18780160 18784256 20230144 20234240 20283392 20377600 20893696 20910080 23719936 23736320 23957504 23961600 24117248 24121344 25067520 25088000 25096192 25100288
78 85 655360 659456 1376256 1380352 1740800 1744896 1830912 1835008 2285568 2289664 2461696 2465792 2740224 2744320 2842624 2854912 2977792 2981888 3129344 3133440 3162112 3170304 3305472 3309568 3457024 3461120 3608576 3616768 3764224 3768320 4837376 4841472 5255168 5259264 6463488 6467584 6492160 6635520 7200768 7204864 7237632 7245824 7249920 7254016 7548928 7553024 9334784 9342976 9428992 9433088 9670656 9748480 9760768 9768960 10715136 10719232 10792960 10797056 10846208 10850304 11857920 11862016 12136448 12140544 12275712 12279808 12886016 12890112 13135872 13144064 13152256 13180928 13246464 13258752 14163968 14176256 14303232 14315520 14409728 14462976 14594048 14606336 15052800 15056896 15130624 15134720 15921152 15925248 17707008 17711104 17776640 17784832 17883136 17887232 17969152 17973248 18194432 18198528 18202624 18210816 19116032 19161088 19271680 19279872 19775488 19779584 19918848 19922944 20668416 20680704 20713472 20717568 20762624 20766720 20852736 20856832 21004288 21016576 21131264 21143552 21229568 21262336 21352448 21364736 21442560 21471232 21651456 21655552 21749760 21778432 21962752 21983232 21995520 21999616 22016000 22020096 22425600 22429696 22654976 22659072 22732800 22736896 22749184 22753280 22761472 22765568 22790144 22794240 22810624 22814720 22827008 22831104 22847488 22851584 22859776 22863872 22876160 22880256 22913024 22917120 22953984 22958080 23347200 23351296 24113152 24117248 24715264 24719360 24952832 24956928
79 106 90112 114688 131072 147456 229376 241664 303104 307200 364544 389120 421888 434176 581632 593920 700416 741376 753664 757760 765952 778240 1024000 1036288 1044480 1048576 1052672 1056768 1089536 1114112 1261568 1290240 1564672 1568768 1908736 1933312 2019328 2023424 2408448 2420736 2433024 2445312 2449408 2465792 2473984 2478080 2928640 2936832 3227648 3231744 3395584 3399680 3411968 3416064 3899392 3903488 3928064 3932160 4100096 4103680 4337664 4341760 4526080 5836800 5881856 5894144 6045696 6049792 6275072 6279168 6373376 6385664 6713344 6725632 7139328 7143424 7151616 7159808 7401472 7405568 7467008 7471104 7495680 7499776 7606272 7614464 7667712 7692288 7897088 7909376 8028160 8040448 8065024 8069120 8196096 8232960 8318976 8331264 8335360 8339456 8450048 8478720 8519680 8523776 8593408 8597504 8761344 8769536 8814592 8826880 8974336 8978432 9388032 9396224 9428992 9433088 9605120 9609216 9953280 9957376 10113024 10117120 10170368 10174464 10227712 10231808 10260480 10264576 10498048 10526720 11419648 11423744 11526144 11534336 11583488 11599872 11603968 11608064 11698176 11702272 12341248 12406784 12419072 12423168 12636160 12640256 12775424 12828672 12926976 12931072 13758464 13762560 13791232 13795328 14753792 14770176 14983168 15024128 15785984 15790080 15880192 15884288 15904768 15908864 15978496 15982592 16031744 16035840 17870848 17874944 17924096 17928192 18206720 18210816 18272256 18276352 18284544 18288640 18321408 18329600 18374656 18378752 18423808 18427904 18477056 18481152 18526208 18530304 18575360 18608128 19058688 19087360 19931136 19935232 20066304 20074496 20078592 20086784 20127744 20131840 20320256 20344832 21352448 21356544 22757376 22765568 22818816 22822912 23080960 23085056 24182784 24186880 25047040 25051136
80 89 303104 2097152 2142208 2146304 2220032 2224128 2330624 2334720 2338816 2342912 2502656 2506752 2510848 2514944 2523136 2527232 2531328 2535424 2555904 2564096 2580480 2584576 2588672 2596864 2605056 2609152 2789376 2793472 2916352 2920448 3002368 3006464 3145728 3153920 3223552 3227648 3248128 3252224 3375104 3379200 3395584 3399680 3444736 3448832 3452928 3457024 3465216 3469312 3559424 3563520 3575808 3579904 3670016 3682304 3760128 3764224 3792896 3796992 3801088 3805184 3837952 3846144 3878912 3883008 3911680 3915776 4018176 4022272 4030464 4034560 4038656 4042752 4190208 4194304 4206592 4210688 4214784 4218880 4222976 4227072 4325376 4329472 4464640 4468736 4476928 4481024 4501504 4509696 4546560 4550656 4653056 4657152 4673536 4677632 4775936 4784128 4993024 4997120 5017600 5021696 5033984 5042176 5050368 5062656 5066752 5070848 5103616 5115904 5128192 5136384 5144576 5148672 6037504 6041600 6365184 6369280 6758400 6762496 6926336 6930432 6983680 6987776 7061504 7065600 7110656 7114752 7495680 7508480 7929856 7946240 8040448 8052736 10391552 10399744 11255808 11259904 11497472 11501568 12259328 12267520 12455936 12472320 13164544 13168640 14929920 14934016 15155200 15163392 15208448 15986688 16429056 16441344 16474112 16498688 16572416 16670720 17604608 17616896 20582400 20586496 22085632 22089728 22097920 22102016 22843392 22863872 23703552 23732224 23846912 23855104 24072192 24076288 24313856 24342528 24424448 24432640 24440832 24444928
81 42 643072 651264 1531904 1540096 1798144 1802240 1933312 1949696 2523136 2588672 3567616 3575808 3944448 3952640 4603904 4608000 4624384 4628480 7069696 7077888 8310784 8314880 9867264 9916416 9973760 9977856 10473472 10477568 10571776 10575872 10752000 10768384 11296768 11476992 11956224 11960320 12771328 12775424 13099008 13107200 13717504 13721600 14585856 14598144 16318464 16330752 17973248 17977344 18874368 18878464 20107264 20111360 20258816 20262912 20361216 20365312 20414464 20418560 20566016 20570112 21123072 21127168 21479424 21483520 21700608 21704704 22478848 22482944 23724032 23728128 23744512 23748608 23756800 23760896 23855104 23859200 23863296 23875584 24264704 24281088 24666112 24670208 25067520 25083904
82 58 356352 360448 3670016 3682304 4194304 4198400 4206592 4210688 4214784 4218880 4247552 4251648 4263936 4284416 4374528 4378624 4382720 4386816 4464640 4468736 4472832 4476928 4481024 4485120 4489216 4493312 4775936 4780032 6754304 6758400 6766592 6770688 7241728 7245824 7557120 7565312 7577600 7581696 7663616 7700480 10149888 10153984 11526144 11530240 12304384 12337152 12353536 12357632 13467648 13471744 14835712 14843904 15171584 15192064 15724544 15728640 16543744 16551936 16633856 16637952 16691200 16699392 17137664 17141760 17829888 17833984 17846272 17850368 17858560 17870848 17973248 17977344 17985536 17989632 17993728 18001920 18116608 18120704 18128896 18132992 18206720 18210816 18235392 18239488 18255872 18259968 18264064 18268160 18317312 18321408 18747392 18751488 19296256 19300352 19390464 19406848 20164608 20172800 21483520 21487616 21594112 21598208 21811200 21868544 22020096 22028288 22032384 22036480 22110208 22114304 22208512 22212608 24420352 24428544 24928256 24932352
83 20 1331200 1339392 3747840 3772416 4059136 4087808 4698112 4706304 5787648 5791744 6524928 6533120 7610368 7614464 9949184 9994240 12234752 12238848 12419072 12423168 13684736 13688832 14028800 14032896 17473536 17477632 19783680 19787776 19955712 19968000 19976192 19980288 20647936 20652032 22933504 22937600 23453696 23470080 23474176 23478272
84 71 159744 172032 798720 831488 1052672 1056768 1085440 1089536 1093632 1097728 1101824 1105920 1155072 1159168 1175552 1179648 1191936 1196032 1200128 1204224 1232896 1236992 1245184 1249280 1273856 1282048 1368064 1372160 1425408 2097152 2097152 3170304 3235840 3239936 3407872 3411968 3420160 3424256 3596288 3604480 3723264 3727360 3780608 3784704 3813376 3817472 3825664 3829760 4005888 4009984 4030464 4034560 4190208 4194304 4214784 4218880 4251648 4255744 4362240 4366336 4440064 4444160 4468736 4472832 4521984 4526080 4579328 4583424 4599808 4603904 4755456 4759552 4775936 4792320 5083136 5087232 5382144 5390336 6778880 6782976 6819840 6823936 6934528 6938624 7118848 7122944 7290880 7294976 8466432 8470528 8499200 8503296 9117696 9121792 9273344 9281536 9375744 9379840 9789440 9793536 10092544 10096640 10280960 10285056 10612736 10616832 11657216 11661312 12857344 12861440 12926976 12931072 13238272 13246464 14897152 14901248 15060992 16244736 16351232 16363520 16662528 16666624 16678912 16683008 16822272 16830464 17317888 17321984 18219008 18337792 19083264 19197952 19214336 19570688 19574784 19689472 20090880 20094976 21798912 21807104 23724032 23789568
85 29 3137536 3141632 3690496 3702784 6553600 6569984 6631424 6656000 6746112 6750208 7360512 7368704 7499776 7503872 9490432 9494528 9613312 9617408 9998336 10002432 10052096 10056192 10833920 10862592 10883072 10887168 12435456 12451840 12763136 12767232 14192640 14196736 17793024 17797120 18378752 18382848 19349504 19476480 20406272 20410368 21168128 21172224 21188608 21192704 21377024 21381120 21385216 21393408 21397504 21405696 21446656 21450752 23318528 23322624 23670784 23687168 24739840 24743936
86 30 479232 2097152 2097152 2117632 2199552 2220032 5869568 5873664 6631424 6635520 6647808 6651904 8261632 8265728 8773632 8777728 11096064 11108352 12718080 12726272 13443072 13447168 15597568 15609856 15618048 15622144 16015360 16019456 17829888 17833984 17838080 17842176 17862656 17866752 17891328 17895424 17956864 17960960 17989632 17993728 17997824 18001920 18055168 18059264 18071552 18075648 18132992 18137088 18485248 18489344 18518016 18522112 22114304 22118400 23064576 23068672 23068672 23109632 24096768 24100864
87 21 815104 818176 1908736 1912832 4825088 4870144 9101312 9105408 12431360 12439552 14139392 14680064 14680064 16367616 16400384 16404480 16457728 16461824 16510976 16515072 16519168 16527360 16568320 16572416 16625664 16629760 16650240 16658432 16662528 16670720 16683008 16703488 16732160 16744448 18358272 18374656 20160512 20164608 22269952 22278144 24715264 24727552
88 65 8192 12288 32768 36864 126976 131072 1077248 1081344 1437696 1441792 2142208 2146304 2224128 2228224 2502656 2506752 3928064 3932160 4317184 4329472 5029888 5033984 5087232 5103616 5115904 5156864 5242880 5255168 5636096 5640192 6270976 6275072 6643712 6647808 7069696 7073792 8007680 8011776 8015872 8019968 8024064 8028160 8040448 8044544 8351744 8355840 9564160 9568256 11804672 11808768 13647872 13676544 13922304 13926400 14913536 14917632 16535552 16539648 17817600 17821696 18178048 18182144 18595840 18599936 20086784 20090880 21217280 21233664 21282816 21286912 21356544 21360640 21397504 21430272 21475328 21479424 21491712 21495808 21499904 21504000 21512192 21516288 21561344 21565440 21577728 21610496 21630976 21635072 21639168 21647360 21700608 21704704 21774336 21807104 21921792 21938176 21950464 21954560 22216704 22220800 22253568 22257664 22269952 22274048 22331392 22364160 22462464 22495232 22511616 22544384 22609920 22642688 23019520 23035904 23052288 23068672 23142400 23146496 23314432 23318528 23511040 23543808 24051712 24117248 24440832 24444928 24526848 24559616 24708096 25165824
89 76 0 2097152 2097152 4194304 4194304 6291456 6291456 8388608 8388608 8745984 8757248 8761344 9011200 9027584 9428992 9437184 9535488 9551872 9564160 9576448 9682944 9691136 9781248 9814016 10141696 10158080 10190848 10207232 10698752 10706944 10752000 10756096 10862592 10895360 11005952 11010048 11177984 11190272 11194368 11198464 11337728 11354112 11550720 11567104 11943936 11960320 12124160 12156928 12419072 12435456 12505088 12509184 12652544 12656640 12922880 12926976 13303808 13369344 13434880 13455360 13549568 13553664 13565952 13635584 13725696 13729792 13864960 13869056 13910016 13926400 13959168 14008320 15007744 15040512 15171584 15187968 15335424 15351808 15355904 15360000 15745024 15761408 16220160 16236544 16642048 16650240 16760832 16777216 16777216 16793600 17752064 17764352 17858560 17891328 17911808 17915904 17973248 17989632 18104320 18120704 18808832 18841600 18923520 18956288 19021824 19054592 19501056 19517440 20635648 20639744 21630976 21635072 21729280 21733376 22036480 22052864 22241280 22253568 22257664 22269952 22274048 22294528 22298624 22310912 22319104 22323200 22347776 22368256 22372352 22396928 22642688 22659072 22708224 22740992 23130112 23134208 23150592 23183360 23592960 23625728 23937024 23953408 24260608 24272896 24297472 24330240 24358912 24367104 24510464 24559616 25063424 25067520
90 76 0 16384 32768 49152 65536 98304 573440 667648 720896 753664 1474560 1609728 2015232 2031616 2326528 2342912 2551808 2555904 2715648 2752512 3338240 3346432 3362816 3371008 4141056 4153344 4161536 4165632 4169728 4173824 4177920 4190208 4198400 4202496 4214784 4218880 4243456 4247552 4272128 4276224 4292608 4296704 4313088 4337664 4354048 4358144 4931584 4939776 5754880 5869568 5885952 6131712 6180864 6291456 6291456 6295552 6311936 6426624 6443008 6541312 7880704 7897088 7909376 7913472 8335360 8355840 8384512 8388608 8617984 8622080 8749056 8765440 9191424 9195520 9793536 9797632 10174464 10207232 11735040 11747328 12062720 12083200 12165120 12181504 12288000 12292096 12582912 12615680 13275136 13279232 13344768 13352960 13910016 13926400 14381056 14385152 14458880 14462976 14761984 14794752 14811136 14827520 17162240 17166336 17317888 17334272 17956864 17960960 19595264 19611648 19922944 19947520 20242432 20246528 20758528 20762624 20845568 20849664 20967424 20971520 21446656 21463040 21536768 21544960 21585920 21643264 22097920 22102016 22503424 22507520 22601728 22605824 22835200 22839296 22904832 22908928 22962176 22966272 22978560 22982656 23056384 23060480 23207936 23212032 23638016 23642112 23842816 23846912 24764416 24768512 24952832 25001984
91 120 643072 647168 811008 815104 1155072 1159168 1200128 1208320 1314816 1318912 1429504 1474560 1654784 1662976 1794048 1798144 1982464 2015232 2932736 2936832 3825664 3829760 4079616 4100096 4313088 4317184 4571136 4583424 4997120 5005312 5177344 5193728 5320704 5324800 5410816 5439488 5480448 5496832 5668864 5685248 5795840 5799936 5808128 5812224 6615040 6619136 6684672 6717440 7782400 7798784 8077312 8093696 8388608 8392704 8617984 8650752 8781824 8798208 9142272 9158656 9437184 9441280 9740288 9744384 9764864 9797632 9904128 9908224 10186752 10194944 10231808 10235904 10559488 10563584 10842112 11026432 11210752 11214848 11395072 11399168 11444224 11448320 11517952 11522048 11534336 11538432 11567104 11571200 11702272 11706368 11755520 11771904 11796480 11800576 11890688 11898880 11911168 11915264 11948032 11952128 11964416 11972608 12025856 12029952 12099584 12103680 12124160 12140544 12144640 12148736 12161024 12165120 12488704 12492800 12607488 12611584 12669440 12960768 12967936 12972032 13021184 13025280 13107200 13115392 13475840 13479936 13631488 13635584 13930496 13934592 14106624 14110720 14286848 14290944 14327808 14336000 14385152 14389248 14532608 14536704 14561280 14565376 14656000 14664192 14790656 14798848 14811136 14815232 14827520 14831616 14843904 14848000 14864384 14868480 14880768 14884864 14913536 14917632 15052800 15056896 15069184 15073280 15085568 15089664 15101952 15106048 15147008 15151104 15163392 15167488 15179776 15183872 15196160 15200256 15212544 15216640 15249408 15253504 15728640 15732736 15761408 15794176 16220160 16228352 16351232 16355328 16359424 16363520 16498688 16523264 16609280 16613376 16883712 16887808 17072128 17076224 17498112 17502208 17526784 17530880 17825792 17829888 17948672 17952768 18173952 18182144 18337792 18341888 18841600 18845696 19390464 19394560 20414464 20430848 21180416 21184512 21434368 21438464 22401024 22409216 22413312 22417408 22425600 22429696 22437888 22458368 22519808 22532096 22855680 22859776 23105536 23109632 23158784 23228416 23314432 23318528 23875584 23879680 24604672 25165824
92 58 0 1359872 1572864 1576960 2084864 2097152 3141632 3145728 3391488 3407872 3751936 3764224 3833856 3858432 4583424 4689920 8404992 8409088 8450048 8454144 8601600 8605696 8794112 8798208 9412608 9416704 9797632 9801728 10788864 10792960 11010048 11014144 11022336 11051008 11538432 11542528 11591680 11595776 11878400 11882496 12611584 12615680 12976128 12980224 13164544 13176832 13287424 13295616 13762560 13766656 13873664 13877760 13984256 13988352 14045184 14049280 14139904 14144000 14156288 14160384 14242304 14246400 14287360 14291456 14385664 14389760 14397952 14402048 14410240 14414336 14438912 14443008 14455296 14459392 14545408 14549504 14590464 14594560 14606848 14610944 14627328 14631424 14660096 14664192 14962688 14966784 15077376 15081472 15085568 15089664 16060416 16064512 17383424 17399808 18780160 18800640 19050496 19054592 20275200 20295680 20426752 20430848 21577728 21585920 22351872 22364160 22454272 22458368 22880256 22884352 23994368 24002560 24641536 24645632 25116672 25120768
93 79 917504 921600 1036288 1040384 1908736 1912832 2232320 2236416 2269184 2273280 2281472 2285568 2687488 2691584 4313088 4317184 4558848 4562944 4603904 4608000 5328896 5332992 5832704 5836800 6094848 6103040 6348800 6352896 6832128 6836224 7012352 7016448 7421952 7438336 8179712 8183808 8192000 8196096 8978432 8994816 9113600 9117696 9932800 9936896 9949184 9957376 10002432 10006528 10145792 10149888 10153984 10162176 10297344 10301440 10457088 10461184 10493952 10502144 10571776 10575872 10596352 10600448 10645504 10649600 10788864 10792960 10838016 10842112 10952704 10956800 10989568 10993664 11141120 11145216 11288576 11313152 11444224 11448320 11595776 11599872 11755520 11759616 11894784 11898880 11907072 11911168 11993088 11997184 12058624 12062720 12210176 12218368 12349440 12353536 12365824 12369920 12525568 12529664 12693504 12697600 12804096 12808192 13000704 13004800 13025280 13029376 13258752 13262848 13316096 13320192 13365248 13369344 13402112 13406208 13713408 13717504 14008320 14012416 14295040 14299136 14483456 14680064 14680064 15798272 15986688 15990784 16629760 16633856 16637952 16642048 17117184 17121280 17641472 17649664 17682432 17686528 17907712 17920000 19017728 19021824 20549632 20553728 20742144 20746240 21565440 21581824 22302720 22310912 22319104 22323200 22754304 22758400 22844416 22848512 23638016 23646208 23982080 23986176
94 52 405504 409600 1204224 1208320 1753088 1761280 1789952 1794048 1892352 1896448 2150400 2154496 2433024 2437120 3366912 3379200 3674112 3678208 3915776 3928064 3932160 3936256 4308992 4313088 4526080 4530176 7843840 7856128 8249344 8253440 9457664 9469952 9781248 9789440 10031104 10035200 10571776 10579968 13582336 13586432 13803520 13811712 13815808 13824000 14188544 14204928 15020032 15024128 15110144 15118336 17199104 17203200 17825792 17846272 17850368 17891328 17903616 17907712 18063360 18096128 18669568 18673664 18677760 18685952 19017728 19030016 19210240 19214336 19283968 19292160 19353600 19357696 19628032 19632128 19656704 19664896 19845120 19853312 19857408 19865600 19886080 19890176 19972096 19976192 20078592 20082688 20148224 20156416 20389888 20393984 20406272 20410368 20434944 20439040 20586496 20590592 21880832 21884928 24109056 24113152 24780800 24784896 24883200 24887296
95 40 237568 2027520 2813952 2834432 3362816 3366912 4689920 4694016 4808704 4825088 5136384 5140480 5189632 5197824 7049216 7057408 7266304 7270400 8069120 8388608 8388608 9826304 10211328 10215424 10285056 10289152 10489856 10493952 10665984 10670080 10702848 10706944 10813440 10817536 10825728 10829824 11014144 11018240 11030528 11034624 11075584 11079680 11087872 11091968 11431936 11436032 12591104 12595200 12742656 12746752 13119488 13123584 13164544 13185024 13234176 13238272 15060992 15069184 16719872 16723968 17104896 17121280 19575296 19579392 21520384 21528576 21659648 21667840 21762048 21766144 22036480 22044672 23216128 23224320 23326720 23330816 23503360 23507456 25124864 25128960
96 26 1060864 1064960 2580480 2637824 4390912 4395008 6262784 6266880 6733824 6766592 9568256 9572352 9687040 9695232 9699328 9703424 9900032 9904128 13434880 13459456 18862080 18874368 18874368 18898944 19140608 19144704 19197952 19202048 20971520 21037056 21467136 21471232 21839872 21843968 22278144 22282240 22290432 22294528 22298624 22302720 22503424 22507520 22548480 22552576 22814720 22818816 23306240 23314432 23605248 23609344 24170496 24182784
97 49 376832 380928 405504 409600 1540096 1544192 1925120 1929216 2613248 2621440 3510272 3518464 3764224 3768320 3997696 4001792 5812224 5816320 5947392 6012928 8462336 8470528 9191424 9195520 9445376 9465856 9498624 9506816 9568256 9576448 9732096 9748480 9957376 9969664 9981952 9986048 10035200 10039296 10063872 10067968 10248192 10252288 10465280 10473472 10530816 10534912 10780672 10784768 11022336 11026432 11202560 11206656 11497472 11517952 11554816 11558912 11579392 11583488 11636736 11644928 12406784 12410880 12574720 12578816 12673024 12677120 12701696 12709888 17104896 17108992 17637376 17649664 17797120 17801216 18165760 18169856 19152896 19156992 19361792 19365888 19927040 19931136 20516864 20520960 20545536 20549632 20848640 20852736 20856832 20860928 22179840 22183936 22380544 22654976 23474176 23478272 25001984 25014272
98 66 65536 81920 98304 102400 229376 245760 466944 471040 1646592 1658880 2420736 2424832 2506752 2510848 2686976 2691072 2818048 2822144 2932736 2949120 3264512 3268608 4190720 4194304 4194304 4198912 4657152 4669440 6000640 6004736 6856704 6897664 9441280 9445376 9596928 9601024 9670656 9674752 9696256 9712640 9814016 9818112 9916416 9920512 9957376 9961472 10006528 10010624 10039296 10043392 10199040 10203136 10346496 10350592 10354688 10358784 10498048 10502144 10555392 10559488 10575872 10579968 10620928 10625024 10784768 10788864 10821632 10825728 11436032 11440128 11747328 11751424 12156928 12161024 12226560 12230656 12316672 12320768 12632064 12636160 12726272 12730368 12845056 12849152 12865536 12869632 12963840 12967936 13135872 13139968 13164544 13172736 13197312 13201408 13217792 13225984 13443072 13447168 13492224 13496320 13602816 13623296 13824000 13828096 14405632 14409728 15147008 15187968 16351232 16355328 16793600 16797696 17866752 17870848 17956864 17960960 19058688 19091456 19603456 19607552 20852736 20860928 22224896 22228992 23621632 23633920 24051712 24068096 24367104 24371200 24522752 24526848
99 48 0 4096 32768 36864 1150976 1155072 1249280 1269760 1548288 1552384 1818624 1822720 3063808 3067904 4411392 4415488 4681728 4685824 4698112 4702208 4714496 4718592 4730880 4734976 4747264 4751360 4767744 4771840 5701632 5705728 6193152 6197248 6242304 6246400 7671808 7675904 8966144 8970240 8974336 8982528 10813440 10817536 11476992 11493376 12648448 12652544 12873728 12877824 13328384 13332480 13783040 13787136 13934592 13938688 14237696 14241792 14692352 14696448 15147008 15151104 15867904 15876096 16060416 16064512 16596992 16613376 17367040 17383424 17530880 17534976 17920000 17932288 18399232 18403328 18604032 18612224 18644992 18649088 20774912 20783104 20787200 20795392 21557248 21565440 22421504 22425600 22433792 22437888 24642048 24643072 24645632 24662016 24989696 25001984 25006080 25010176
