#StripeID,rangenumber,BlockOffsetStart,BlockOffsetEnd
0 102 0 28672 32256 40448 105984 114176 118272 122368 130560 142848 146944 159232 163328 167424 196608 212992 224768 233472 237056 241152 286208 290304 339968 344064 401408 405504 421888 471040 479232 483328 765952 819200 986624 990720 1097216 1101312 1228800 1232896 1495040 1691648 2383872 2387968 3124736 3128832 3237888 3239424 3600384 3604480 3624960 3629056 3776512 3780608 4009984 4022272 4206592 4210688 4235264 4237824 4255744 4259840 4263936 4268032 4296192 4300288 4329472 4333568 4361728 4365824 4550656 4567040 4620288 4624384 4788224 4792320 4853760 4857856 4881920 4898304 4984832 5018112 5021696 5025792 5074944 5091328 5206016 5209088 5263360 5267456 5689344 5885952 6090752 6094848 6234112 6238208 6447104 6483968 6541312 6672384 7000064 7065600 7282688 7286784 7528448 7532544 7684096 7708672 7983104 8048640 8376320 8388608 8388608 8441856 8585216 8589312 8597504 8609792 8769536 8773632 8814592 8822784 8855552 8867840 8945664 8949760 9031680 9097216 9121792 9162752 9170944 9207808 9314304 9347072 9588736 9592832 9625600 9691136 10018816 10084352 10375168 10395648 10428416 10461184 10465280 10477568 10530816 10539008 10559488 10563584 10608640 10674176 10776576 10780672 11218944 11223040 11329536 11395072 12124160 12136448 12984320 12988416 13041664 13078528 13107200 13115392 13127680 13156352 13389824 13402112 13451264 13459456 13463552 13467648 13561856 13627392 13795328 13799424 13955072 13987840 14012416 14020608 14028800 14036992 14131200 14135296 14217216 14282752 14372864 14376960 15265792 15364096 15556608 15560704 15872000 15880192 15884288 15888384 15921152 15925248 16117760 16183296 16436736 16440832 16736256 16740352
1 95 61440 126976 151552 155648 331776 335872 376832 380928 405504 430080 483328 499712 503808 507904 512000 524288 532480 540672 585728 589824 598016 602112 643072 651264 749568 753664 864256 884736 942080 950272 1073152 1077248 1110016 1114112 1544192 1552384 1622016 1642496 2572288 2576384 2617344 2621440 2723840 2724864 2772992 2781184 2846720 2854912 2912256 2916352 2928640 2994176 3026944 3031040 3137024 4194304 4194304 4914688 4939776 4947968 5099520 5103616 5169152 5173248 5361152 5365248 5484544 5488640 5603328 5607424 6463488 6467584 6475776 6479872 6512640 6524928 6545408 6553600 7266304 7274496 7856128 7860224 8040448 8044544 8466432 8478720 8552448 8564736 8593408 8597504 8601600 8605696 8752640 8760832 8802304 8826880 8855552 8859648 8871936 8884224 8933376 8937472 9003008 9007104 9203712 9207808 9289728 9293824 9588224 9592320 9797632 9805824 9953280 9961472 9977856 9981952 9986048 9990144 9994240 9998336 10006528 10014720 10072064 10080256 10743808 10747904 10784768 10878976 10907648 10911744 10919936 10924032 10989568 10993664 11169792 11177984 11374080 11378176 11640832 11644928 11927552 11997184 12021760 12025856 12193280 12197376 12259328 12292096 12510720 12541440 13032960 13041152 13065728 13090304 13234176 13236224 13266944 13271040 13316096 13344768 13373440 13377536 13578240 13582336 14122496 14126592 14622720 14630912 15228928 15233024 15302656 15306752 15400960 15409152 15654912 15728640 15843328 15855616 16097280 16125952 16130048 16166912 16195584 16199680 16289792 16293888 16437248 16441344 16506880 16510976
2 96 163840 167936 184320 228352 380928 385024 409600 438272 466944 471040 483328 516096 548864 552960 610304 643072 888832 909312 1015808 1019904 1056768 1060864 1445888 1449984 1576960 1589248 1839104 1843200 1847296 1851392 1875968 1896448 1912832 1966080 2134016 2138112 2311168 2312192 2392064 2396160 3018752 3022848 3084288 3084800 3178496 3182592 3272704 3276800 3465216 3469312 3555328 3620864 3817472 3883008 4182016 4194304 4329472 4333568 4361728 4365824 4378624 4386816 4468736 4472832 4481024 4485120 4493312 4558848 5115904 5120000 5357568 5361664 5427200 5431296 5439488 5443584 5603328 5604352 5660672 5664768 5791744 5795840 5828608 5832704 5844992 5847552 5935104 5939200 5988352 5990912 6029312 6066176 6111232 6148096 6373376 6467584 6529024 6565888 6578176 6610944 6807552 6828032 6881280 6885376 6934528 6938624 7114752 7118848 7295488 7831552 7843840 8388608 8388608 8589312 8593408 9396224 9424896 9437184 9461760 9465856 9473536 10079744 10461184 10469376 10637312 10641408 10645504 10653696 10784768 10788864 10846208 10858496 11075584 11079680 11128832 11132928 11177984 11182080 11476992 11481088 11526144 11534336 11587584 11593728 11595776 11599872 11673600 11677696 11845632 11866112 12570624 12574720 12689408 12693504 12779520 12795904 13107200 13115392 13320192 13324288 13348864 13357056 13377536 13381632 13549568 13553664 13926400 13930496 13950976 13959168 14008320 14012416 14352384 14680064 14680064 14708736 14917632 14921728 15261184 15265280 15290368 15298560 15486976 15491072 15622144 15663104 16125952 16158720 16265216 16277504 16744448 16748544
3 115 40960 45056 122880 126976 237568 241664 274432 278528 380928 385024 393216 397312 417792 540672 544768 548864 557056 561152 614400 626688 675840 679936 794624 798720 991232 995328 1458176 1466368 1585152 1593344 1609728 1613824 1634304 1638400 1744896 1748992 1785856 1789952 2052096 2056192 2109440 2621440 2633728 2637824 2793472 2801664 2977792 2981888 3035136 3039232 3055616 3059712 3485696 3489792 3547136 3551232 3727360 3731456 3780608 3784704 3833856 3837952 3894784 3898880 4025856 4029952 4058624 4062720 4136960 4141056 4189696 4193792 4444160 4448256 4919296 4923392 5046272 5107712 5763072 5767168 5828608 5881856 5898240 5902336 5939200 5943296 5984256 5996544 6029312 6070272 6074368 6078464 6082560 6119424 6750208 6787072 6815744 6881280 7110656 7114752 7147520 7148032 7405568 7406080 7421952 7426048 7454720 7458816 7491584 7495680 8396288 8400384 8424960 8429056 8544256 8548352 8658944 8663040 8736768 8740864 8777728 8851456 8871936 8884224 8888320 8892416 8929280 8933376 8937472 8953856 9003008 9019392 9043968 9048064 9113600 9134080 9142272 9158656 9211904 9216000 9220096 9224192 9895936 9957376 10043392 10044416 10067968 10072064 10608640 10674176 10723328 10735616 10952704 10985472 11046912 11047936 11390976 11395072 11399168 11444224 11612160 11616256 11677696 11681792 11923456 11988992 12038144 12050432 12267520 12292096 12496896 12505088 12517376 12521472 12558336 12562432 12570624 12574720 12582912 12591104 12606976 12619776 12635648 12652032 12668928 12673024 12681216 12685312 12943360 12955648 13135872 13139968 13144064 13148160 14417920 14434304 14458880 14495744 14577664 14680064 14831616 14839808 14843904 14856192 14860288 14868480 14876672 14880768 14925824 14929920 15151104 15192064 15196160 15200256 15285760 15289856 15405056 15450112 15724544 15728640 15953920 15958016 15990784 16003072 16125952 16154624 16302080 16306176 16318464 16777216
4 58 0 2097152 2097152 3793408 3858944 4194304 4194304 4497408 4501504 6291456 6291456 8388608 8388608 9707008 9711616 9719808 9797120 9928192 9990144 10022912 10174464 10272768 10428416 10432512 10674176 10678272 10743808 10801152 10944000 10956288 11071488 11079680 11128832 11137024 11173376 11583488 11816960 11825152 12210176 12255232 12517376 12537856 12591104 12603392 12619776 12623872 12660736 12664832 12750336 12763136 12783104 12807680 12914176 12930560 12972032 12980224 13021184 13025280 13045248 13053440 13074432 13078528 13586432 13590528 13606912 13615104 13635072 13639168 13791232 13795328 14000128 14004224 14073856 14139392 14467072 14491648 14630912 14635008 14704640 14708736 14716928 14721024 14815232 14852096 15199744 15203840 15228928 15282176 15319040 15335424 15388672 15425536 15560704 15601664 15671296 15679488 15712256 15740928 15835136 15859712 15912960 15917056 15929344 15933440 16080896 16121856 16125952 16162816 16187392 16211968 16248832 16252928 16707584 16711680 16723968 16728064
5 97 359936 364032 409600 413696 417792 430080 483328 487424 548864 552960 614400 618496 876544 942080 999424 1003520 1200128 1544192 1572864 1576960 1703936 1712128 1720320 1724416 1929216 1933312 2023424 2027008 2117632 2641920 2818048 2854912 2899968 2920448 2994176 3026944 3149824 3162112 3260416 3264512 3325952 3330048 3633152 3686400 4915200 4943872 5271040 5275136 6029312 6066176 6082560 6090752 6094848 6115328 6123520 6127616 6131712 6221824 6283264 6291456 6291456 6320128 6324224 6586368 6651904 6656000 6721536 6725632 6836224 6918144 6995968 7127040 7344128 7348224 7516160 7524352 7618560 7621632 7716864 7737344 7774208 7839744 8105984 8175616 8192000 8237056 8241152 8245248 8323072 8327168 8396800 8409088 8420864 8441344 8445440 8490496 8494592 8859648 8871936 8880128 8900608 8904704 8937472 8994304 8998400 9354752 9400320 9404416 9445376 9449472 9629696 9633792 9814016 9818112 9960960 10010112 10014208 10350080 10493952 10498048 10559488 10563584 11075584 11078656 11173888 11177984 11341824 11378688 11468288 11869696 11923456 11927552 12083200 12091392 12664320 12676608 12976128 12980224 13078528 13094912 13099008 13103104 13930496 13942784 13946880 13959168 13963264 13971968 13979648 13983744 14028800 14032896 14307328 14311424 14360576 14364672 14450688 14454784 14512128 14516224 14548992 14553088 14847488 14859776 14901248 14905344 14917632 14921728 14946304 14950400 15175680 15178752 15196160 15200256 15228928 15233024 15355904 15360000 15400960 15429632 15523840 15527936 15544320 15548416 15577088 15581184 16388096 16392192 16596992 16601088 16650240 16654336 16773120 16777216
6 71 421888 425984 430080 442368 483328 499712 548864 552960 602112 606208 626688 630784 704512 712704 745472 753664 815104 819200 827392 831488 937984 942080 946176 950272 1339392 1343488 1499136 1515520 1552384 1560576 1568768 1572864 1581056 1585152 1593344 1597440 1605632 1642496 1646592 1662976 1667072 1671168 1675264 1679360 1691648 1708032 1822720 2097152 2097152 2301952 2314240 4194304 4194304 4825088 4829184 6291456 6291456 8388608 8388608 8966144 8970240 9019392 9023488 10240000 10272768 10289152 10313728 10317824 10428416 10432512 10559488 10563584 10682368 10731520 10780160 10911232 11288576 11321344 11337728 11395072 11554816 11558912 11964416 11972608 12132352 12140544 12824576 12827648 12865536 12869632 12881920 12886016 12910592 12914688 13029376 13041664 13225984 13283328 13406208 13410304 13778944 13783040 14000128 14004224 14008320 14012416 14266368 14270464 14417920 14454784 14770176 14774272 15044608 15046144 15130624 15142912 15224832 15261696 15335424 15400960 15499264 15503360 15650816 15663104 15728640 15781888 15806464 15810560 16052224 16054784 16187392 16191488 16211968 16252928 16269312 16273408 16396288 16400384 16432640 16436736 16609280 16617472
7 94 0 24576 69632 73728 77824 86528 380928 385024 409600 462848 483328 491520 499712 507904 512000 528384 548864 552960 614400 618496 667648 1576960 1605632 1613824 1728000 1732096 2035712 2039808 2138112 2203648 2207744 2211840 2285568 2289664 2646016 2650112 2682880 2719744 2764800 2781184 2805760 2809856 2818048 2822144 2879488 2887680 2899968 2936832 3256320 3289088 3411968 3624960 3940352 4005888 4493312 4497408 4595712 4599808 4833280 4837376 4873728 4877824 4882432 4886528 5148672 5152768 5427200 5435392 5628416 5628928 5734400 5931008 6029312 6066176 6078464 6119424 6266880 6270976 6283264 6287360 6660096 6725632 6803456 6868992 6938112 6942208 6979072 6983168 7065600 7069696 7213056 7217152 7245824 7249920 7340032 7356416 7421440 7425536 7462400 7466496 7626752 7629312 7757312 7761408 8015872 8019968 8048640 8179712 8503296 8589312 8756736 8760832 8798208 8826880 8855552 8859648 8863744 8867840 8871936 8896512 8933376 8945664 9003008 9019392 9031680 9039872 9084416 9088512 9154560 9158656 9166848 9170944 9547776 9550336 9580544 9584640 9793024 9797120 9994240 10412032 10419712 10423808 10629120 10633216 10776576 10780672 10788864 10792960 10817536 10821632 10911744 10952704 11288576 11304960 11329536 11378688 11542528 11608064 11743232 11751424 11755520 11759616 13049856 13139968 13172736 13176832 13369344 13434880 13926400 13934592 13938688 13946880 14004224 14008320 14077952 14081536 14225408 14229504 14245888 14248448 14295040 14360576 14417920 14680064 14680064 14938112 14942208 16777216
8 27 0 454656 495616 946176 966656 2097152 2097152 2408448 2412544 4194304 4194304 6291456 6291456 8388608 8388608 10485760 10485760 11616768 11709952 11718144 11730944 11742720 11746816 11750912 11853312 11861504 11890176 11898368 12013056 12041728 12451840 12460032 12582400 12582912 12582912 12586496 12730368 12738560 13028864 13053440 13299712 13303808 13590528 13594624 13895168 13895680 14221312 14229504 14655488 14659584 14667776 14680064 14680064 16777216
9 92 0 2097152 2097152 2621440 2686976 2691072 2792960 2846208 3153920 3158016 3207168 3211264 3223552 3227648 3244032 3305472 3346432 3358720 3440640 3444736 3465216 3530752 3805184 3809280 4091904 4093952 4124672 4128768 4186112 4194304 4194304 4251648 4313088 4321280 4386816 4390912 4657152 4661248 4734976 4751360 4763648 4767744 4866048 4870144 4890624 4891648 5124096 5128192 5218304 5226496 5292032 5300224 5308416 5373952 5484544 5505024 5615616 5627904 5648384 5652480 5738496 5791744 5857280 5861376 6115328 6119424 6287360 6291456 6688768 6705152 6762496 6766592 7127040 7143424 7310848 7314944 7389184 7393280 7991296 7995392 8019968 8167424 8421376 8441856 8486912 8491008 8585216 8609792 8781824 8785920 8802304 8835072 8921088 8929280 9269248 9789440 9805824 9818112 9838592 9875456 9891840 9916416 9924608 9949184 9990144 10010624 10022912 10039296 10080256 10088448 10158080 10162176 10178560 10186752 10223616 10227712 10235904 10293248 10309632 10346496 10379264 10416128 10440704 10448896 10551296 10616832 10682368 10694656 10727424 10731520 10735616 10747904 10903552 10960896 11010048 11406848 11472896 11481088 11681280 11682816 11726848 11730944 11984896 12005376 12124160 12132352 12136448 12148736 12156928 12169216 14106624 14131200 14155776 14159872 14340096 14344192 14712832 14714368 14729216 14733312 14822912 14827008 14901248 14905344 15101440 15109632 15425536 15499264 15515648 15552512 15564800 15597568 15683584 15699968 15716352 15724544 15757312 15765504 15908864 15921152 16179200 16191488 16347136 16351232
10 83 151552 217088 688128 753664 819200 884736 950272 1982464 1986560 2002944 2134016 2199552 2215936 2220032 2334720 2367488 2605056 2609152 2625536 2629632 2764800 2772992 2928640 2932736 3137536 3166208 3178496 3215360 3231232 3259904 3342336 3346432 3739648 3751936 3792896 3817472 5107712 5156864 5160960 5177344 5300224 5301248 5558272 5562368 5640192 5644288 5992448 6029312 6078464 6094848 6717440 6750208 6798848 6848000 6852096 7200256 7233536 7249920 7569408 7634944 7684096 7688192 8032256 8036352 8130560 8204800 8240640 8244736 8577024 8581120 8777728 8781824 8945664 8953856 8957952 8962048 8966144 8970240 9011200 9015296 9252864 9256960 9322496 9388032 9773056 9777152 10256384 10259456 10477568 10481664 10600448 10608640 10616832 10620928 10833920 11128832 11423744 11431936 11476992 11481088 11599872 11616256 11697664 11701760 12193792 12197888 12271616 12275712 12374016 12386304 12812288 12816384 12955648 12972032 13070336 13074432 13811200 13815296 13828096 13914112 13926400 13979648 13991936 14049280 14057472 14188544 14229504 14233600 14282752 14286848 14393344 14417920 14479360 14483456 14495744 14516224 14532608 14557184 14581760 14663680 14729216 14794752 14884864 14888960 14925824 15122432 15204352 15269888 15384576 15450112 15515648 15552512 15581184 15712256 15970304 16105472 16138240 16150528 16171008 16367616 16392192 16393728 16433152 16498688 16728064 16732160
11 75 44544 93696 97792 458240 475136 495616 638976 770048 835584 905216 966656 970752 1024000 1097728 1163264 1359872 1420800 1424896 1425408 1476096 1490944 1556480 1687552 1689600 3178496 3702784 4042752 4046848 4050944 4055040 4206592 4210688 4456448 4460544 4730880 4739072 4886528 4890624 5697536 5730304 6180352 6184448 6496256 6500352 6868480 6905344 7032832 7049216 7110656 7147520 7163904 7229440 7303168 7340032 8146944 8151040 8339456 8343552 9289216 9297408 9330688 9334784 9342976 9351168 9486336 9494528 9498624 9502720 9695232 9699328 9703424 9707520 9740288 9744384 9797632 9801728 9891840 9892352 10084352 10113024 10309632 10313728 10317824 10321920 10330112 10334208 10427904 10432000 10505728 10554880 10743808 11304960 11403264 11407360 11472896 11476992 11570688 11603456 11620352 11628544 11661312 11665408 11673600 11685888 11689984 11698176 11960320 11964416 12124160 12189696 12255232 12320768 12345344 12349440 12627968 12713984 12779520 12820480 12873728 12881920 12886016 12898304 13443072 13447168 13533184 13537280 13955072 13975552 14090240 14544896 14548992 14553088 15032320 15036416 15306752 15310848 15372288 15400960 15449600 15453696 15466496 15532032 15642624 15679488 15716352 15724544 16003072 16027648 16179200 16707584
12 114 73216 77312 81920 90112 737280 745472 860160 864256 1396736 1404928 1896448 1904640 1921024 1929216 1937408 2031616 2093056 2097152 2097152 2138112 2158592 2170880 2174976 2183168 2252800 2416640 2482176 2486272 2514432 2645504 2646016 2670592 2854912 2883584 3223552 3227648 3248128 3252224 3371008 3387392 3407872 3428352 3514368 3518464 3543040 3547136 3874816 3883008 4083712 4100096 4132352 4136448 4345856 4386816 4698112 4702208 4755456 4763648 4775936 4780032 4829184 4845568 5124096 5140480 5206016 5222400 5496832 5498368 5517312 5521408 5607424 5613568 5615616 5616640 5627904 5635584 5636096 5668864 5697536 5713920 5984256 6000640 6045696 6066176 7127040 7147520 7315456 7319552 7528448 7532544 7630848 7634944 7876608 7880704 7884288 7904768 7983104 7987200 8085504 8089600 8146944 8151552 8155136 8179712 8323072 8388608 8470528 8474624 8670720 8674816 8843264 8851456 8855552 9293824 9306112 9355264 9363456 9388032 9428992 9437184 9457664 9482240 9498624 9531392 9551872 9592832 9601024 9641984 9654272 9658368 9699328 9707520 9740288 9752576 9773056 9809920 9814016 9838592 9850880 9867264 9879552 9977856 10010624 10039296 10145792 10170368 10600448 10604544 10653696 10674176 10919936 10924032 10997760 11004928 11010048 11018240 11132928 11227136 11230720 11234816 11665408 11673600 11739136 11751424 11952128 11956224 11972608 12124160 12402688 12406784 13025280 13082624 13086720 13369344 13447168 13448192 13451264 13452288 13455360 13469184 13889536 13922304 13967360 13971456 14032896 14065664 14221312 14225408 14311424 14318080 14712832 14721024 14815232 14816768 14819328 14831104 14835712 14837248 14863872 14905344 14979072 14983168 15036416 15050752 15400960 15405056 15486976 15491072 15495168 15499264 15511552 15519744 15945728 15949824 15994880 16011264 16121856 16125952 16285696 16289792 16297984 16303104 16306176 16322560 16379904 16424960 16457728 16540672
13 81 56832 60928 89600 93696 114176 118272 401408 405504 434176 438272 450560 455680 507904 540672 749568 753664 773632 777728 778240 786432 1155072 1159168 1183744 1224704 1519616 1520640 1605632 1638400 1687552 1724416 1921024 1925120 2072576 2097152 2097152 2105344 2121728 2129920 2162688 2207744 2269184 2301952 2310144 2314240 2375680 2379776 2453504 2473984 2637824 2670592 2691072 2695168 2719744 2752512 2834432 2891776 3203072 3239936 3280896 3289088 3358720 3379200 4124672 4169728 4284416 4286464 4349952 4354048 4358144 4362240 4620288 4624384 4849664 4866048 5177344 5275648 5382144 5386240 5427200 5562368 6111232 6119424 6123520 6127616 6164480 6189056 6324224 6328320 6422528 6520832 6574080 6578176 6778880 6782976 6823936 6828032 7479296 7491584 7544832 7548928 7958528 7961088 8142848 8159232 8445440 8449536 8548352 8552448 8658944 8663040 8720384 8724480 9887744 9920512 9981952 9983488 10018816 10031104 10149888 10158080 10444800 10448896 11218944 11223040 11419648 11423744 11440128 11444224 11501056 11550208 11554304 11902464 11931648 11935744 12738560 13262848 13406208 13434880 13598720 13600768 13737984 13754368 14155776 14200832 14237696 14241792 14258176 14266368 14434304 14438400 14782464 14802432 14880768 14893056 14897152 14905344 15294464 15298560 15736832 15900672 16646656 16777216
14 11 0 2097152 2097152 3998208 4063744 4194304 4194304 6291456 6291456 8192512 8258048 8388608 8388608 10485760 10485760 12582912 12582912 14680064 14680064 14823424 14827520 16777216
15 67 0 2097152 2097152 2215936 2220032 4194304 4194304 4243456 4435968 4440064 4489216 4497408 4751360 4755456 5107712 5111808 5177344 5181440 5292032 5300224 5435392 5436416 5479936 5484032 5746688 5754880 5840896 6291456 6291456 6708736 6897664 6909952 6938624 6942720 6959104 6963200 6967296 6971392 6979584 6987776 6991872 6995968 7274496 7389184 7405568 7450624 7589888 7593984 7913472 7917568 7929856 7934464 8208384 8212480 8261632 8310784 8314880 8318976 8323072 8351744 8417280 8458240 8462336 8486912 8491008 8511488 8933376 8945664 9035776 9039872 9232384 9236480 9408512 9424896 9498624 9502720 9654272 9658368 9695232 9699328 9797632 9801728 9846784 9859072 10063872 10067968 10620928 10625024 10641408 10645504 10809344 10821632 10887168 10907648 11104256 11116544 11272192 11273728 11304960 11309056 11755520 11759616 11988992 11993088 12017664 12034048 12161024 12165120 12623872 12627968 12656640 14417920 14442496 14446592 14520320 14524416 14770176 14786560 14815232 14823424 14901248 14917632 14999552 15003648 15257600 15261696 15278080 15286272 15863808 15865344 15908864 15966208 16003072 16777216
16 60 118784 122880 167936 172032 442368 458752 528384 532480 602112 606208 974848 1114112 1384448 1388544 1404928 1409024 1425408 1433600 2113536 2117632 2141696 2145792 2359296 2445312 2543616 2547712 2662400 2666496 2715648 2748416 3162112 3170304 3485184 3489280 4104192 4108288 4128768 4194304 4194304 6291456 6291456 8388608 8388608 9306112 9347072 9363456 9424896 9433088 9834496 9843712 10076160 10080256 10407936 10485760 10485760 10784768 10788864 12410880 12599296 12603392 12746752 12750848 12797952 12799488 12869120 12885504 13033472 13041664 13190144 13191168 13271040 13275136 13586432 13602816 13754368 13758464 13840384 13844480 13914112 13918208 13930496 13934592 13975552 13979648 14217216 14221312 14362624 14366720 14430208 14448640 14757888 14761984 14786560 14790656 14864384 14868480 14974976 14983168 15040512 15073280 15368192 15372288 15413248 15417344 15532032 15536128 15638528 15675392 15970304 15974400 16191488 16261120 16363520 16367616 16371712 16379904 16384000 16449536 16621568 16777216
17 88 0 8192 20480 28672 65536 131072 147456 151552 458752 524288 1957888 1961984 1966080 2031616 2277376 2293760 2359296 2424832 2494464 2502656 2588672 2592768 2621440 2686976 2748416 2764800 2949120 3014656 3674112 3739648 3866624 3874816 4034560 4194304 4194304 4448256 4460544 4587520 4718592 5062656 5189632 5201920 5238784 5246976 5287936 5361664 5419008 5423104 5558272 5562368 5783552 5799936 5836800 5844992 5853184 5857280 5873664 5874176 6209536 6250496 6578176 6586368 6647808 6651904 7344128 7352320 7532032 7536128 7573504 7577600 7680000 7909376 8003584 8019968 8212480 8216576 8228864 8229888 8241152 8249344 8413184 8417280 8445952 8450048 8638464 8642560 8802304 8806400 9027584 9080832 9097216 9109504 9158656 9179136 9187328 9191424 9195520 9203712 9801728 9805824 9814016 9822208 9961472 10092544 10358784 10360320 10403840 10407936 10805248 10821632 11014144 11608064 11653120 11665408 11673600 11681792 11837440 11840000 11993088 12058624 12431360 12435456 12451840 12582912 12582912 12660736 12730368 12742656 12779520 12787712 12926976 12931072 12935168 12939264 12943360 12947456 12951552 12963840 13053952 13107200 13459456 13541376 13590528 13635584 13676544 13680640 13729792 13733888 13836288 13840384 13844480 13852672 14053376 14061568 14090240 14155776 14610432 14614528 14753792 14766080 14983168 14987264 14999552 15020032 15257600 15261696 15360000 15400960 15409152 15410176 16076800 16711680 16715776 16728064 16736256 16756224
18 66 66560 70144 208896 221184 258048 262144 262656 263168 327680 393216 700416 704512 1011712 1032192 1515520 1519616 1667072 1683456 2396160 2490368 2514944 2516992 3448832 3450880 3575808 3641344 3715072 3719168 3801088 3805184 3972608 3976704 4038656 4046848 4136960 4145152 4190208 4194304 4194304 4648960 4657152 4665344 4702208 4812800 4972544 4976640 5328896 5332992 5406720 5410816 5824512 5828608 6410240 6475776 6675968 6680064 6942720 7073792 7175680 7179776 7187968 7192064 7208960 7274496 7290368 7302656 7311360 7340032 7348224 7360512 7864320 7876608 7884288 7888384 7958528 7966720 8048640 8056832 8212480 8216576 8494592 8502784 8634368 8638464 8749056 8753152 8867840 8876032 8921088 8925184 8937472 8957952 8962048 8970240 8978432 8982528 8986624 8990720 9072640 9076736 9318400 9351168 9433088 9441280 9519104 9523200 9723392 9727488 9752576 9758208 9871360 9883648 10014720 10019328 10076672 10485760 10485760 10616832 10645504 12582912 12582912 12939264 12943360 14238208 14275072 14680064 14680064 14811136 14839808 14863872 14925824 16777216
19 77 0 1266176 1556480 1560576 1695744 1699840 1716224 1720320 2109440 2117632 2146304 2150400 2904064 2908160 2920448 2924544 3174400 3190784 3420160 3452928 3469312 3473408 3477504 3518464 3571712 3612672 3895296 3899392 4063232 4071424 4173824 4194304 4194304 4218880 4239360 4243456 4259840 4263936 4268032 4272128 4390912 4395008 4653056 4657152 4849664 5111808 5124096 5135872 5193728 5218304 5414912 5419008 5586944 5636096 5652480 5656576 5705728 5713920 5738496 5743104 5754880 5767168 5828608 5832704 5877248 5881344 6135808 6139904 6295040 6315520 6402048 6422528 6746112 6750208 6811648 6815744 6832128 6836224 8060928 8065024 8163328 8167424 8241152 8253440 8334848 8338944 8367616 8371712 8470528 8474624 8478720 8486912 8642560 8654848 8679424 8773632 8982528 8992256 9011200 9015296 9498624 9502720 9601024 9636352 10354688 10358784 10567680 10571776 10579968 10633216 10698752 10706944 10944512 11186176 11264000 11265024 11468800 11481088 11640832 11649024 11689984 11694080 12165120 12169216 12197888 12200960 12304384 12308480 12435456 12439552 12480512 12488704 12734464 12791808 12873728 12877312 13062144 13066240 13103104 13107200 13209088 14680064 14680064 15547904 16216064 16281600 16347136 16355328 16379904 16489472 16506880 16515072 16666624 16670720
20 87 77824 81920 200704 217088 303104 389120 598016 610304 618496 622592 860160 864256 1310720 1314816 1478656 1490944 1667072 1671168 2154496 2158592 2174464 2178560 2228224 2232320 2240512 2248704 2502656 2510848 2514944 2519040 2527232 2531328 2965504 2969600 3153920 3678208 3948544 3952640 4201984 4206080 4222976 4231168 4239360 4243456 4452352 4472832 4476928 4493312 4653056 4657152 4661248 4665344 4669440 4673536 5251072 5255168 5480448 5484544 5718016 5718528 5906432 5910528 6021120 6025216 6037504 6041600 6172672 6175232 6668288 6680576 7000064 7004160 7118848 7131136 7229440 7233536 7462912 7467008 7515648 7519744 7569408 7569920 7577600 7581696 7610368 7614464 7643136 7659520 7663104 7691776 8441344 8453632 8716288 8720384 8769024 8777216 8822784 8826880 9052160 9056256 9252352 9256448 9322496 9323520 9568256 9633792 9674752 9675776 9695232 9711616 10330112 10485760 10485760 10924032 10993664 10997760 11005952 11075584 11177984 11182080 11386880 11390976 11538432 11571200 11583488 11595776 11755520 11759616 11792384 11816960 11894784 11919360 12238336 12246528 12328960 12378112 12647936 12664320 12972032 12976128 13025280 13028864 13176832 13180928 13271040 13934592 14131200 14135808 14368768 14370304 14450688 14454784 14614528 14680064 14680064 14737408 14843904 14864384 14876672 14950400 14983168 15015936 15056896 15065088 15085568 15110144 15126528 15130624 15486976 15491072 16064512 16072704 16087040 16152576
21 161 77312 93696 126976 128512 327680 393216 655360 720896 1126400 1130496 1146880 1159168 1335296 1343488 1609728 1611264 1716224 1830912 2011136 2015232 2105344 2113536 2359296 2424832 2637824 2641920 2646016 2650112 2752512 2883584 3104256 3108352 3137024 3141120 3276800 3346432 3350528 3362816 3473408 3538944 3629056 3633152 3670016 3735552 4116480 4120576 4349440 4369920 4390912 4395008 4456448 4521984 5337088 5349376 5914624 5918720 5955584 6021120 6246400 6250496 6275072 6291456 6291456 6303744 6504448 6508544 6959104 6991872 6995968 8200192 8445440 8453632 8683520 8687616 8691712 8695808 8736768 8740864 8790016 8794112 8806400 8810496 8818688 8821760 8835072 8839168 9060352 9064448 9211392 9276928 9506816 9510912 9560064 9564160 9764864 9899520 10534912 10616832 10661888 10694656 11001856 11042816 11046912 11055104 11141120 11145216 11218944 11223040 11239424 11247616 11288576 11300864 11341824 11345920 11358208 11382784 11468800 11485184 11509760 11517952 12173312 12177408 12218368 12222464 12238848 12247040 12320256 12324352 12328448 12332544 12344832 12348928 12361216 12365312 12369408 12373504 12389888 12398080 12426752 12430848 12447232 12451328 12492288 12496384 12529152 12533248 12541440 12549632 12566016 12570112 12574208 12578304 12586496 12590592 12594688 12602880 12664320 12668416 12676608 12680704 12681216 12767232 12783104 12791296 12795392 12799488 12803584 12811776 12824064 12836352 12848640 12852736 12869120 12873216 12877312 12881408 12889600 12893696 12897792 12901888 12946944 12959232 12967424 12992000 13004288 13012480 13016576 13020672 13024768 13028864 13037056 13041152 13049344 13053440 13057536 13061632 13069824 13082112 13090304 13123072 13127168 13135360 13147648 13151744 13155840 13159936 13164032 13168128 13172224 13176320 13184512 13192704 13209088 13217280 13221376 13225472 13229568 13233664 13237760 13245952 13262336 13270528 13274624 13278720 13286912 13291008 13295104 13299200 13303296 13311488 13323776 13340160 13344256 13348352 13360640 13368832 13377024 13397504 13401600 13409792 13413888 13422080 13434368 13446656 13450752 13471232 13475328 13479424 13483520 13491712 13495808 13499904 13504000 13508096 13516288 13540864 13544960 13602304 13606400 13676032 13680128 13733376 13745664 13790720 13794816 13803008 13807104 14020096 14130688 14134784 14274048 14278144 14282240 14286336 14294528 14298624 14302720 14306816 14860288 14864384 15416832 15425024 15429120 15453696 15461888 15465984 15502848 15515136 15519232 15707648 15814144 15822336 15871488 15879680 15908352 15916544 15953920 15958016 15986176 15994368 16084480 16154112 16162304 16166400 16170496 16240128 16244224 16248320 16252416 16264704 16281088 16305664 16309760 16313856 16322048 16334336 16338432 16342528 16346624 16473600 16482304 16486400
22 40 192000 216576 270336 294912 339968 342528 376832 393216 401408 405504 610304 614400 716288 720384 770048 806912 897024 898560 1036288 1044480 1048576 1052672 1064960 1081344 1245184 1441792 2207744 2211840 2543616 2686976 2801664 4194304 4194304 4833280 4836864 4849152 4853248 4992512 4996608 5008896 5046272 5111808 5304320 5320704 5373952 5386240 5451264 5484032 5533696 5537792 5680640 5684736 5783552 5799936 5931008 5939200 6119424 6135808 6893568 6926336 6959104 6963200 7081984 7086080 7098368 7102464 7249920 7252992 7352320 7372800 7663616 8388608 8388608 10485760 10485760 12582912 12582912 14680064 14680064 16777216
23 50 0 2097152 2097152 3436544 3547136 3567616 3760128 3768320 3907584 3948544 4034560 4042752 4046848 4050944 4194304 4640768 4702208 4706304 5054464 5055488 5185536 5189120 5238784 5242880 5328896 5332992 5439488 5500928 5758464 5783040 5783552 5849088 6250496 6291456 6291456 6512640 6520832 7028736 7249920 8388608 8388608 8495104 8687616 8753152 8945664 8949760 9240576 9248768 9609216 9633792 9797632 9830400 9879552 9900032 9920512 9924608 9932800 9936896 9965056 9969152 10137600 10276864 10436608 10440704 10489344 10493440 10534912 10600448 10796544 10911232 10973184 10977280 11169792 11173888 11460608 11464704 11522048 11526144 11534336 11538432 12247040 12251136 12398592 12403712 12812288 12877824 12922880 12926976 13422592 13488128 13959168 13960192 14352384 14438400 15306752 15372288 15527936 15536640 16355328 16420864
24 63 0 655360 757760 761856 765952 770048 851456 855552 1077248 1081344 1093632 1094656 1572864 1638400 1708032 1720320 2137600 2186752 2190848 2604544 3309056 3313152 3448832 3461120 3465728 3466240 3604480 4194304 4194304 5705728 6082560 6094848 6307328 6315520 6328320 6340608 6393856 6409728 6471168 6479360 6483456 6487552 6627328 6635520 6659584 6663680 6692864 6701056 6705152 6766592 6790656 6794752 6798848 6807040 6832128 6893568 7004160 7032832 7212544 7216640 7228928 7233024 7294976 7299072 7303168 7311360 7347712 7351808 7360512 7364608 7478784 7482880 7589376 7593472 7613952 7618048 7815168 8089600 8306176 8310272 8499200 8503296 8560128 8564224 8576512 8580608 8609280 8613376 8789504 8793600 8982528 9007104 9149952 9154048 9342976 9956864 10305536 10436608 10866176 11005440 11591680 11595776 11665408 11669504 11816960 11829248 11865600 12197376 12205568 12582912 12582912 14680064 14680064 15531520 16269312 16273408 16281600 16285696 16293888 16297984 16662528 16666624 16695296 16699392 16740352 16748544
25 149 8192 12288 32256 81408 85504 613888 618496 622592 626688 630784 737280 741376 753664 757760 786432 790528 806912 811008 823296 839680 851968 856064 892928 897024 946176 950272 974848 978944 987136 991232 1028096 1032192 1085440 1089536 1101824 1105920 1126400 1138688 1142784 1146880 1236992 1241088 1261568 1265664 1282048 1290240 1298432 1302528 1314816 1318912 1331200 1335296 1441792 1622016 1703936 1753088 1769472 1908736 1933312 1998848 2015232 2019328 2035712 2039808 2154496 2158592 2179072 2195456 2207744 2228224 2232320 2236416 2338816 2342912 2428416 2461184 2465280 2473472 2477568 2493952 2920448 2924544 3063808 3067904 3100672 3112960 3117056 3121152 3133440 3145728 3149824 3153920 3194880 3198976 3551232 3559424 3563520 3567616 3592192 3596288 3608576 3637248 3940352 3960832 4288512 4300800 4304896 4308992 4505600 4513792 4583424 4591616 4657152 4710400 4767744 4771840 4915200 4927488 4947968 4956160 5210112 5218304 5222400 5226496 5337088 5341184 5828608 5832704 6144000 6148096 6209536 6291456 6291456 6365184 6406144 6407168 6422528 6426624 6430720 6434816 6545408 6578176 6828032 6832128 6893568 6905856 6967296 6975488 7012352 7344128 7360512 7372800 7385088 7389184 7483392 7487488 7491584 7495680 7540736 7544832 7565312 7569408 7593984 7598080 7606272 7622656 7634944 7639040 7852032 7856128 8290304 8294400 8343552 8388608 8388608 8421376 8519680 8523776 8564736 8568832 8577024 8581120 8695808 8699904 8708096 8712192 8728576 8732672 8740864 8744960 8777728 8818688 8830976 8835072 8843264 8847360 8859648 8863744 8867840 8892416 9023488 9027584 9216000 9224192 9314304 9318400 9326080 9334272 9351168 9355264 9359360 9363456 9633792 9646080 9740288 9744384 9764864 9785344 9805824 9809920 9838592 9841664 9949184 9953280 10092544 10158080 10178560 10207232 10850304 10854400 10866688 10874880 10960896 10964992 11399168 11403264 11709952 11714048 12361728 12365824 12386304 12451840 12611584 12619776 12648448 12650496 13234176 13242368 13508608 13512704 13524992 13533184 13582336 13584896 13615104 13622784 13692928 13697024 13873152 13877248 14073856 14077952 14147584 14151680 14258176 14266368 14315520 14319616 14344192 14348288 14426112 14430208 14540800 14544896 14606336 14610432 14622720 14643200 14823424 15269888 15351808 15355904 15462400 15466496 15482880 15507456 15519744 15532032 15564800 15577088 16220160 16224256 16289792 16293888 16498688 16502784 16519168 16650240
26 94 19968 24064 36864 40960 45056 49152 69632 73728 237056 241152 397312 401408 552960 556544 593920 602112 757248 761344 835584 839680 921600 925696 1097728 1114112 1130496 1196032 1404928 1409024 2007040 2011136 2482176 2486272 2981888 2985984 3006464 3010560 3203072 3215360 3776512 3796992 4627968 4632064 4660736 4664832 4759552 4780032 4886528 4968448 4993024 5029888 5042176 5287936 5308416 5353472 5361664 5423104 5435392 5439488 5455872 5492736 5505024 5517312 5521408 5558272 5586944 5603328 5648384 5681152 5689344 5705728 5804032 5808128 5873664 5894144 5898240 5926912 6049792 6090752 6094848 6119424 6184960 6189056 6197248 6201344 6221824 6225920 6258688 6262784 6328320 6336512 6385664 6389760 6397952 6402048 6455296 6459392 6512640 6516736 6549504 6553600 6557696 6574080 6766592 6770688 6782976 6791168 6938112 6942208 6983680 6987776 7057408 7061504 7065088 7073280 7102464 7106560 7221248 7225344 7274496 7286784 7307264 7311360 7319552 7323648 7352320 7360512 7376896 7385088 7393280 7397376 7467008 7471104 7491584 7495680 7667712 7737344 7753728 7761920 7884800 7909376 7950336 7954432 7962624 7966720 7995392 8003584 8007680 8011776 8056832 8105984 8491008 8495104 8502784 8503296 8540160 8585216 8609792 8634368 8638464 8855552 9003008 9027584 9060352 9068544 9109504 9125888 9175040 9207808 9232384 9236480 9281536 9297920 9306112 9322496 9371648 9383936 9404928 10485760 10485760 12582912 12582912 12648448 12652544 13537792 13565952 14680064 14680064 16777216
27 109 0 2097152 2097152 3145728 3264512 3268608 3346432 3350528 3362816 3366912 3371008 3379200 3399680 3403776 3543040 3547136 3555328 3559424 3563520 3571712 3743744 3747840 4112384 4116480 4456448 4460544 4468736 4472832 4476928 4481024 4497408 4521984 4739072 4743168 4775936 4780032 4820992 4837376 4849664 4870144 4874240 4894720 4902912 4907008 4911104 4915200 5132288 5140480 5165056 5169152 5308416 5312512 5328896 5337088 5373952 5423104 5492736 5496832 5742592 5746688 5771264 5787648 5791744 5799936 5906432 5910528 5918720 5922816 5959680 5963776 5976064 5984256 6017024 6025216 6041600 6049792 6082560 6090752 6103040 6107136 6148096 6152192 6283264 6291456 6324224 6332416 6426624 6430720 6492160 6496256 6520832 6524928 6557696 6561792 6610944 6615040 6619136 6627328 6635520 6639616 6778880 6787072 6909952 6914048 6930432 6934528 6942720 6946816 7008256 7012352 7094272 7098368 7102464 7106560 7114752 7118848 7147520 7151616 7225344 7229440 7303168 7319552 7323648 7331840 7360512 7376896 7385088 7397376 7434240 7438336 7639040 7643136 7725056 7729152 7733248 7737344 7888896 7892992 7897088 7901184 8249344 8253440 8310784 8312832 8318976 8323072 8400896 8404992 8712192 8716288 8806400 8818688 8822784 8826880 8835072 8839168 9216000 9220096 9232384 9240576 9666560 9682944 9744384 9746944 9748480 9818112 10063872 10067968 10641408 10643968 10645504 10649600 10702848 10711040 11149312 11153408 11276288 11280384 11538432 11542528 12603392 12673024 13795328 13803520 14323712 14327808 14352384 14417920 14491648 14495744 14786560 14794752 14942208 15048704 15470592 15474688 15519744 15532032 15618048 15622144 15650816 15654912 15695872 15699968 15814656 15843328 15896576 15900672 15925248 15929344 16158720 16162816 16171008 16179200 16265216 16269312 16711680 16777216
28 74 32768 57344 73728 90112 98304 102400 139264 147456 151552 176128 196608 262144 446464 450560 999424 1032192 1445888 1449984 1568768 1572864 2011136 2031616 2035712 2056192 2064384 2072576 2093056 2097152 2097152 2129920 2269184 2330624 2338816 2363392 2539520 2543616 3210752 3292672 3313664 3325952 3346432 3350528 3419648 4194304 4194304 5631488 5635584 6291456 6291456 6381056 7073792 7077888 7131136 7135232 7360512 7368704 7847936 7860224 8572928 8577024 8663040 8712192 8826368 8850944 8863232 8883712 9003008 9007104 9019392 9048064 9265152 9277440 9506816 9678848 9863168 9867264 9990144 9994240 10280960 10285056 10362880 10366976 10502144 10518528 10616832 10682368 10686464 10747904 10752000 10780672 10833920 10846208 11051008 11075584 11141120 11145216 11276288 11304960 11333632 11337728 11579392 11644928 11665408 11669504 12746752 12754944 12759040 12763136 12845056 12873728 12890112 13438976 13467648 13508608 13656064 13721600 14282752 14286848 14888960 14934016 15175680 15179776 15233024 15237120 15314944 15527936 15654912 15663104 15683584 15687680 15691776 15716352 15749120 15765504 15777792 15781888 15925248 15941632 16121856 16187392 16211968 16220160 16313856 16317952 16621056 16625152 16642048 16646144
29 102 12288 20480 348160 352256 643072 647168 843776 847872 864256 868352 1048064 1097216 1101312 1683456 1708032 1761280 1773568 1785856 2063872 2097152 2097152 2113024 2117120 2407936 2437120 2441216 2789376 2793472 2887680 2908160 2916352 2917376 3149824 3153920 3158016 3162112 3186688 3190784 3276800 3280896 3301376 3324416 3379200 3383296 3407872 3416064 3428352 3430400 3514368 3518464 3579904 3580928 3624960 3629056 3973120 3973632 4005888 4009984 4055040 4059136 4235264 4239360 4399104 4403200 4665344 4698112 5148672 5152768 5169152 5173248 5414912 5480448 5525504 5570560 5709312 5742080 5746176 5819904 5824000 5918208 5922304 5950976 5955072 5983744 5987840 5991936 5996032 6024704 6193152 6197248 6328320 6332416 6893568 6930432 7065600 7069696 7073792 7077888 7323648 7344128 7458816 7462912 7491584 7753728 7847936 7852032 8364032 8368128 8380416 8388608 8929280 9019392 9072640 9080832 9261056 9265152 9428992 9433088 9527296 9535488 9637888 9646080 9723904 9728000 9986048 10051584 10305536 10371072 10375168 10379264 10412032 10436608 10645504 10653696 10661888 10665984 10682368 10747904 10960896 11026432 11124736 11255808 11382784 11386880 11526144 11530240 11616256 11681792 12124160 12128256 12140544 12206080 12255232 12451840 12733952 12738048 12861440 12926976 12984320 12988416 13058048 13070336 13123584 13127680 13324288 13389824 13459456 13537280 13758464 13766656 13856768 13860864 13864960 13889536 13938688 13959168 13979648 13983744 13991936 13996032 14278656 14282752 14290944 14295040 14368768 14680064 14680064 14716928 14778368 14798848 14987264 14999552 15204352 15216640 15228928 15233024 15519744 15523840 15552512 15555072 15793664 16141824 16145920 16777216
30 116 0 2097152 2097152 2166272 2252800 2260992 2400256 2404352 2514432 2522624 2613248 2646016 3416064 3428352 3510272 3513344 3689984 3706368 3771904 3788288 3960832 3964928 4091904 4096000 4120576 4124672 4210688 4435968 4501504 4505600 4689920 4702208 4833280 4866048 4960256 5222400 5316608 5318144 5488640 5619712 5955584 5959680 6008320 6024704 6144000 6148096 6217728 6218752 6619136 6623232 6635520 6639616 6647808 6651904 6721024 6749696 6778880 6782976 6974976 6991360 7040512 7052800 7056896 7171584 7221248 7225344 7254016 7258112 7467008 7471104 7561216 7565312 7794176 7810560 7827456 7831552 7933952 7942144 8039936 8072704 8118272 8151040 8211968 8216064 8261632 8269824 8306688 8314880 8343552 8347648 8515584 8519680 8527872 8531968 8581120 8585216 8617984 8626176 8642560 8646656 8830464 8834560 8871936 8877056 8933376 8937472 8982528 8986624 8994816 9003008 9064448 9072640 9080832 9084928 9109504 9117696 9121792 9138176 9461760 9465856 9601024 9666560 9895936 9932800 9945088 9949184 9957376 9961472 10305024 10321408 10387456 10452992 10604544 10608640 10653696 10665984 10702848 10719232 10727424 10731520 10846208 10911744 10927616 10948096 11173888 11177984 11304960 11325952 11546624 11554816 11558912 11563008 11915776 11960320 11997184 12001280 12221952 12255232 12308480 12316672 12328960 12333056 12410880 12414976 12464128 12582912 12582912 12632064 13041664 13049856 13078016 13094400 13172736 13176832 13189120 13197312 13274624 13291008 13643776 13647872 13831680 13848064 13864960 13869056 13893632 13897728 14188544 14327808 14331904 14336000 14388736 14405120 14519808 14552576 14798848 14802944 14843904 14848000 15134208 15166976 15171072 15191552 15253504 15257600 15368192 15433728 15437824 15441920 15462400 15470592 15523840 15532032 15597568 15613952 15679488 15683584 15687680 15691776 15958016 16023552 16322560 16326656 16359424 16363520 16375808 16379904 16482304 16547840 16609280 16637952 16769024 16777216
31 149 73728 77824 167424 171520 196608 221184 257536 262144 778240 782336 827392 892928 913408 917504 1286144 1351680 1605632 1671168 1724416 1814528 1855488 1863680 1867264 1871360 1895936 1900032 2063872 2097152 2097152 2113024 2117120 2530816 2563584 2612736 2703360 2740224 2756608 2760704 2949120 2985984 3014656 3080192 3158016 3190784 3198976 3203072 3207168 3210240 3342336 3379200 3395584 3424256 3452928 3567616 3596288 3649536 3670016 3698688 3702784 3706880 3723264 3772416 3784704 4009984 4034560 4128768 4243456 4259840 4325376 4354048 4390912 4427776 4444160 4456448 4567040 4612096 4628480 4743168 4771840 4784128 4849664 4866048 4956160 4960256 4964352 4968448 4980736 5005312 5009408 5017600 5046272 5058560 5160960 5173248 5246976 5312512 5488640 5492736 5640192 5677056 5722112 5727232 5734400 5739520 5746688 5754880 5758976 5767168 5771264 5776384 5783552 5789184 5795840 5800960 5808128 5813248 5820416 5821440 5824512 5825536 5828608 5837824 5844992 5846016 5849088 5858304 5865472 5866496 5869568 5878784 5885952 5886976 5890048 5899264 5906432 5907456 5910528 5919744 5922816 5963776 5967872 5968896 5971968 5981184 5988352 5989376 5992448 6164480 6193152 6242304 6250496 6287360 6291456 6311936 6356992 6373376 6422528 6438912 6488064 6533120 6553600 6565888 6610944 6615040 6680576 6705152 6721536 6750208 6766592 6827520 6848512 6909952 6914048 6963200 6979584 7024640 7045120 7094272 7110656 7372800 7376896 7421952 7467008 7491584 7503872 7688192 7708672 7766016 7798784 7880704 7929856 7946240 7979008 8040448 8060928 8073216 8126464 8159232 8237056 8257536 8273920 8306688 8331264 8388608 8388608 8531968 8552448 8560640 8585216 8589312 8593408 8724480 8847360 8851456 8921088 9015296 9019392 9388032 9465856 9469952 9474048 9478144 9498624 9789440 9797632 9900032 10055680 10059776 10092544 10289152 10350592 10383360 10420224 10424320 10457088 10485760 10493952 10498048 10833920 10841088 10976768 11046400 11272192 11333632 11661312 11665408 11726848 11730944 11771904 11784192 11796480 11812864 11857920 11862016 11927552 11935744 12124160 12152832 12255232 12267520 12271616 12324864 12800000 12804096 12808192 12812288 12873728 12877824 12894208 12906496 13131776 13134336 13242368 13246464 13389824 13398016 13623296 13635584 13647872 13660160 14057472 14123008 14188544 14192640 14204928 14209024 15106048 15269888 15749120 15777792 15945728 15949824 16231936 16248320 16481792 16514560 16773120 16777216
32 128 40448 44544 81408 89600 97792 101888 163328 171520 175616 179712 183808 196096 200192 212480 216576 220672 228864 232960 241152 245248 257536 269824 278016 290304 290816 302592 318976 323072 335360 343552 348160 359936 364032 368128 372224 384512 404992 417280 429568 433664 441856 445952 450048 454144 470528 474624 495104 503296 511488 515584 527872 531968 618496 622592 638976 643072 667136 671232 909312 913408 942080 954368 1134592 1142784 1159168 1163264 1212416 1290240 1413120 1421312 1511424 1576960 2027520 2031616 2105344 2109440 2137600 2186752 2190848 2489856 2572288 2580480 2633728 2637824 2829824 2850304 3338240 3342336 3543040 3547136 3923456 3952128 3956224 4009472 4030464 4034560 4169216 4194304 4194304 4218368 4222464 4722176 5226496 5230592 5496320 5512704 5697536 5701632 5709824 5775360 5881856 5918720 6082560 6086656 6656000 6660096 6799360 6803456 7024640 7028736 7208448 7212544 7262208 7266304 7647232 7655424 8060928 8097792 8146944 8179712 8294400 8298496 8408576 8416768 8437760 8544256 8667136 8671232 8732672 8781824 8912896 8929280 9006592 9039360 9117696 9134080 9138176 9154560 9436672 9485824 9489920 9817600 9879552 9887744 9977856 10043392 10063872 10067968 10076160 10080256 10227200 10231296 10285056 10289152 10489344 10501632 10633216 10698752 10944512 11034624 11198464 11201536 11223040 11288576 11751424 11816960 11857920 11862016 11997184 12001280 12005376 12009472 12464128 12468224 12623872 12627968 12685312 12713984 12738560 12771328 12795904 12800000 12849152 12914688 12967936 13471744 13565952 13627392 13762560 13930496 13959168 13996032 14024704 14057472 14188544 14237696 14336000 14352384 14409728 14417920 14479360 14499840 14548992 14561280 14695936 14720512 14724608 14728704 14811136 14823424 14892544 14942208 14995456 14999552 15003648 15024128 15056896 15069696 15073280 15089664 15822336 15826944 15880192 15882752 15921152 15925248 16015360 16052224 16076800 16089088 16183296 16187392 16257024 16261120 16273408 16277504 16318464 16330752 16392192 16429056 16519168 16523264 16642048 16646144 16730112 16777216
33 112 0 18432 24576 28672 77824 81920 90112 126976 237056 241152 241664 307200 417792 1486848 1589248 1609728 1668096 1733632 2056192 2097152 2097152 3088384 3096576 3100672 3125248 3133440 3145216 3182592 3202560 3210752 3219456 3223552 3231744 3239936 3264512 3268608 3276800 3284992 3350528 3354624 3375104 3387392 3444224 3481600 3522560 3530752 3567616 3571712 3891200 3903488 3932160 3944448 3948544 3952640 4218368 4222464 4313088 4325376 4349952 4354048 4718592 4722688 4751360 4792320 4816896 4837376 4984832 4997120 5165056 5230592 5296128 5300736 5484544 5488640 5558272 5562368 5820416 5853184 6225920 6238208 6520320 6524416 6557184 6602240 6671872 6684160 6717440 6721536 6733824 6762496 6782976 6803456 6811648 6832128 6852608 6881280 7147520 7151616 7196672 7200768 7208960 7213056 7470592 7474688 7478784 7486976 7524352 7528448 7680000 7684096 7991296 8024064 8388608 8392704 8400896 8413184 8560128 8564224 8671232 8675328 8691712 8695808 8785408 8814080 8916480 8924672 8941568 8945664 8949760 8953856 9039872 9043968 9076736 9080832 9089024 9129984 9179136 9186304 9207808 9228288 9440768 9444864 9473536 9481728 9482240 9498112 9555968 9564160 10125312 10158080 10547200 10551296 10579968 10584064 10682368 10702848 11071488 11075584 11112448 11116544 11284480 11288576 11386880 11388928 11489280 11522048 11796480 11816960 11968512 11972608 12054528 12062720 12091392 12148736 12177408 12181504 12189696 12193792 13086720 13090816 13684736 13688832 13717504 13721600 13955072 13959168 14045184 14053376 14315520 14319616 14331904 14336000 14348288 14352384 14364672 14368768 14446592 14450688 14462976 14467072 14479360 14483456 14761984 14763520 14848000 14852096 15233024 15306752 15351808 15355904 15588864 15592960 15917056 15921152 15925248 15929344 16084992 16117760 16494592 16506880 16535552 16539648 16564224 16568320
34 18 36352 52736 81920 98304 171520 175616 827392 851968 1015296 1048064 1048576 1441792 1458176 1462272 1650688 2097152 2097152 4194304 4194304 6291456 6291456 8388608 8388608 10485760 10485760 12582912 12582912 14680064 14680064 16435712 16502784 16515072 16539648 16543744 16723456 16727552
35 81 0 4096 146944 151040 171520 175616 258048 262144 503808 516096 823296 827392 958464 962560 1175552 1179648 1245184 1249280 1400832 1413120 1801728 1805824 1847296 1851392 2563584 2588160 2977792 2981888 3465216 3469312 3567616 3571712 3670016 3674112 4243456 4255744 4325376 4329472 4591616 4595712 4702208 4703232 4722688 4730880 4747264 4751360 4775936 4804608 4861952 4866048 5033984 5038080 5046272 5050368 5079040 5087232 5095424 5099520 5238784 5242880 5279744 5283840 5308416 5312512 5316608 5320704 5382144 5386240 5582848 5586944 5591040 5595136 6348800 6352896 6569984 6713344 6770176 6774272 6901248 6909440 6958592 6962688 7163392 7167488 7228928 7257600 7380992 7385088 8708096 8712192 9560064 9565184 9928192 9977344 9981440 10485760 10485760 10743296 10821632 10825728 11009536 11021824 11227136 11231232 11435520 11439616 11440128 11460608 11468800 11472896 11767808 11771904 11829248 11833344 11923456 11939840 11993088 11997184 12058624 12079104 12480000 12484096 12754432 12758528 13316096 13565952 13787136 13803520 13856768 13860864 14245888 14249984 14295040 14327808 14675968 14680064 14680064 14741504 14860288 14863872 15052800 15155200 15179264 15183360 15200256 15310848 15474688 15478784 15646720 15650816 15724544 15773696 15777792 15794176 15904768 15908864 16371200 16449536 16453120 16649728 16731648 16777216
36 77 0 282112 294912 656384 716800 724992 876544 880640 987136 991232 1048064 1515008 1536000 1540096 1572864 1576960 1646592 1650688 1654784 1658880 1732608 1736704 1740800 1744896 1769472 1777664 1966080 2031616 2063872 2097152 2097152 2121216 2457600 2470912 2490368 2498048 2571776 2584064 2588672 2605056 2621440 2637824 2686976 2691072 2785280 2793472 2801664 2818048 2891264 3026432 3091968 3157504 3161600 3210752 3276288 3341824 3345920 3395072 3747840 3780608 3899392 3993600 4161536 4173824 4280320 4288512 4669440 4677632 4902912 4907008 4923392 4927488 5103616 5107712 5177344 5181440 5660672 5664768 5672960 5676032 5951488 5955584 6275072 6283264 6368768 6372864 6688768 6691840 6766592 6770688 7127040 7131136 7172096 7180288 7647232 7651328 7704576 7708672 8151040 8153088 8237056 8241152 8462336 8466432 8556544 8564736 8802304 8835072 8892416 8896512 9302016 9322496 9723904 9728000 9957376 9961472 10051584 10055680 10227712 10248192 10342400 10346496 10354688 10358784 10588160 10616832 10682368 10739712 11030528 11096064 11157504 11161600 11505664 11508224 11890688 11894784 12558336 12562432 13201408 13205504 14565376 14569472 14897152 14901248 15839232 15843328 16101376 16105472 16269312 16273408 16547840 16551936 16605184 16642048
37 47 32256 81408 85504 335360 503808 507904 523776 572928 577024 1064960 1084928 1445376 1875968 1941504 2113536 2117632 2138112 2203648 2232320 2239488 2342912 2347008 2363392 2367488 2379776 2383872 2387968 2392064 2396160 2400256 2867200 2871296 2989056 2990080 3186176 3190272 3518464 3526656 3567616 3571712 3981312 3989504 3993600 3997696 4390912 4407296 4911104 4915200 4939264 4943360 5414912 5419008 5554176 5558272 6021120 6025216 6246400 6250496 6258688 6262784 6512128 6548992 7290880 7294976 7499776 7503872 7663616 7665152 8163328 8171520 8175616 8179712 8265728 8269824 8420864 8470016 9166848 9187328 9240576 9269248 9436672 9485824 9489920 9494016 10858496 10862592 11350016 11370496 11501056 12582912 12582912 14680064 14680064 16777216
38 79 0 2097152 2097152 4194304 4194304 4289024 4313600 4833280 4837376 4849664 4890624 5943296 5951488 6291456 6291456 6422528 6479872 6533120 6602752 6615040 6688768 6692864 6786560 6790656 6914048 6915584 6918144 6919680 6922240 6961152 6963200 6964736 6967296 7008256 7036928 7041024 7122944 7127552 7131136 7283712 7294976 7311360 7319552 7323648 7340032 7344128 7352320 7356416 7380992 7385088 7401472 7409664 7446528 7450624 7454720 7458816 7475200 7479296 7659520 7671808 7688192 7720960 7749632 7770112 7798784 7802880 7811072 7815168 7839744 7843840 7913472 7917568 7933952 7938048 8122368 8126464 8175616 8179712 8245248 8278016 8470528 8527872 8736768 8740864 8761344 8773632 8777728 8781824 8888320 8896512 8925184 8929280 9121792 9125888 9187328 9191424 9203712 9207808 9252864 9256960 9273344 9277440 9469952 9486336 9576448 9744384 9805824 9809920 9822208 9826304 9904128 9912320 9969664 9977856 10211328 10215424 10510336 10551296 10964992 10969600 10973184 10989568 11042816 11108352 11231232 11235328 11341824 11342848 12886016 12890112 12955648 12959744 13103104 13111296 13529088 13541376 13561856 13565952 13651968 13668352 14045184 14048256 14516224 14520320 14536704 14548992 14622720 14639104 14643200 14647296 14712832 14725120 14983168 14987264 15482880 15483904 16408576 16777216
39 78 0 147456 196608 200704 479232 483328 753664 757760 827392 851968 983040 995328 1040384 1048576 1388544 1392640 1564672 1572864 1773056 1773568 1888256 1892352 1908736 1912832 2134016 2142208 2572288 2574336 2715648 2719744 3219456 3223552 3276800 3280896 3362816 3363840 3383296 3391488 3399680 3403776 4338176 4554752 4558848 5722112 5726208 5853696 5864960 5869056 5919232 6144000 6352896 6356992 6393856 6402048 6631424 6635520 6754304 6766592 6839808 6843904 6872576 6876672 7041024 7057408 7122944 7127040 7319552 7323648 7958528 7974912 8007680 8011776 8396800 8400384 8420864 8470016 8474112 8936960 8978432 8982528 9072640 9084928 9248768 9252864 9326592 9330688 9342976 9347072 9486336 9490432 9494528 9498624 9904128 9912320 9973760 9977856 9981952 9986048 10088448 10485760 10485760 10571776 11030528 11554816 11599872 11628544 11689984 11735040 11739136 11821056 12247040 12251136 12373504 12377600 12435456 12439552 12578816 12582912 12582912 12587008 12791808 12816384 12836864 12840960 13070336 13078528 13295616 13332480 13619200 13623296 14192640 14290944 14716928 14721024 14782464 14786560 15433728 15440896 15499264 15511552 15523840 15527936 15589376 15663104 15826944 15863808 16011264 16023552 16105472 16109568 16224256 16228352 16232448 16236544 16252928 16257024
40 100 32256 36352 52736 60928 69120 73216 266240 274432 684032 686592 1114112 1179648 1433600 2097152 2097152 3481600 3604480 4071424 4214784 4259840 4366336 4370432 4386304 4431360 4509696 4545536 4554752 4558848 4628480 4632576 4763648 4767744 4771840 4775936 4808704 4812800 4857856 4861952 4898816 4902912 4960256 4964352 5070848 5091328 5173248 5177344 5246976 5255168 6127616 6129152 6721536 6737920 6979072 6983168 7073792 7077888 7081984 7086080 7196672 7200768 7208960 7340032 7405568 7467008 7486976 7491072 7630848 7634944 7655424 7708672 8126976 8127488 8290304 8343552 8347648 8388608 8388608 8507392 8691712 8740864 8749056 8756736 9031680 9035776 9490432 9502720 9543680 9547776 9609216 9617408 9887744 9908224 9936896 9969664 9998336 10002432 10231808 10251776 10424320 10436608 10715136 10747904 11153408 11546624 11567104 12156928 12169216 12193792 12558336 12574720 12599296 12603392 12677120 12681216 13139968 13209600 13320192 13324288 13508096 13512192 13647872 13651968 13668352 13680640 13717504 13721600 13963264 13967360 14336000 14467072 14602240 14606336 14921728 14929920 15040512 15044608 15077376 15081472 15114240 15118336 15126528 15130624 15159296 15163392 15179776 15183872 15212544 15216640 15343616 15347712 15388672 15392768 15593472 15597568 15716352 15720448 15867904 15872000 15884288 15888384 15912960 15917056 15925248 15929344 15945728 15949824 16007168 16011264 16113664 16117760 16142336 16146432 16175104 16183296 16216064 16220160 16224256 16232448 16310272 16314368 16396288 16400384 16404480 16404992 16408576 16412672 16449536 16453632 16470016 16482304 16486400 16490496 16515072 16535552 16556032 16560128 16691200 16695296 16723968 16732160
41 86 73728 110592 131072 192512 495616 499712 524288 569344 663552 667648 822784 826880 831488 843776 847872 864256 937472 941568 1355776 1359872 1367552 1371648 1498624 1502720 1507328 2097152 2097152 4194304 4194304 4915200 5259264 5259776 5414912 5480448 5533696 5537792 5558272 5562880 5689344 5693440 5697536 5701632 5726208 5734400 5767168 5771264 6328320 6344704 6529024 6594560 6619136 6651904 6995968 7000064 7045120 7053312 7118848 7184384 7258112 7262208 7274496 7286784 7290880 7294976 7303168 7331840 7581696 7663616 7692288 7704576 7761920 7766016 7802880 7815680 8105984 8171520 8192000 8197632 8306176 8310272 8384512 8388608 8388608 8409088 8429568 8437760 8564736 8630272 8835072 8839168 8892416 9388032 9482240 9547776 9773056 9777152 9789440 9797632 9826304 9830400 9854976 9920512 9957376 9961472 10346496 10354688 10579968 10608640 11083776 11087872 11284480 11321344 11395072 11399168 11468800 11472896 11579392 11583488 11591680 11608064 11771904 12029952 12529152 12549632 12595200 12603392 12713984 12715520 12770816 12774912 12804096 12805120 12931072 12959744 13058048 13062144 13135872 13160448 13193216 13217792 13221888 13230080 13237760 13241856 13627392 13639680 13664256 13733888 14468096 14476288 15257600 15265792 15446016 15609856 15728640 15736832 16015360 16019456 16142336 16146432 16150528 16152576 16224256 16230912 16232448 16236544 16261120 16265216 16572416 16584704 16617472 16625664
42 210 49152 53248 180224 204800 569344 585728 626688 634880 978944 982528 1036288 1047040 1204224 1207808 1552384 1554944 1556480 1559040 1912832 2027520 2138112 2138624 2289664 2306048 2334720 2338816 2506752 2510848 2519040 2535424 2568192 2584576 2682880 2695168 2916352 2945024 3043328 3059712 4108288 4112384 4640768 4648960 4657152 4661248 4681728 4694016 4702208 4706304 4722688 4726784 4730880 4734976 4747264 4751360 4960256 4993024 5025792 5042176 5320704 5337088 5369856 5386240 5570560 5582848 5636096 5644288 5681152 5746688 5812224 5824512 5881856 6012928 6066176 6070272 6131712 6135808 6270976 6291456 6291456 6336512 6356992 6373376 6393856 6397952 6402048 6406144 6664192 6668288 6782976 6787072 6815744 6819840 6860800 6926336 7065600 7069696 7118848 7122944 7163904 7172096 7331840 7335936 7475200 7479296 7663616 7671808 7684096 7692288 7913472 7979008 7991296 7995392 8003584 8007680 8257536 8261632 8290304 8294400 8298496 8302592 8351744 8368128 8474624 8482816 8658944 8663040 8716288 8720384 8777728 8790016 8794112 8822784 8855552 8859648 8884224 8949760 8990720 9007104 9084928 9097216 9101312 9105408 9113600 9117696 9121792 9138176 9150464 9166848 9170944 9179136 9187328 9191424 9199616 9216000 9228288 9232384 9240576 9244672 9256960 9258496 9277440 9281536 9293824 9306112 9322496 9326592 9334784 9338880 9351168 9359360 9363456 9371648 9388032 9392128 9396224 9400320 9408512 9412608 9420800 9441280 9445376 9465856 9478144 9482240 9486336 9490432 9498624 9506816 9523200 9527296 9539584 9543680 9551872 9555968 9560064 9564160 9584640 9588736 9596928 9601024 9621504 9625600 9637888 9654272 9658368 9703424 9707520 9736192 9740288 9744384 9748480 9764864 9768960 9773056 9785344 10317824 10326016 10334208 10346496 10354688 10366976 10375168 10383360 10387456 10391552 10395648 10412032 10416128 10420224 10424320 10440704 10469376 10473472 10485760 10485760 10489856 10506240 10514432 10522624 10530816 10543104 10547200 10551296 10555392 10559488 10567680 10579968 10584064 10592256 10596352 10612736 10616832 10633216 10637312 10649600 10653696 10665984 10670080 10682368 10686464 10690560 10698752 10702848 10706944 10711040 10719232 10727424 10731520 10739712 10747904 10760192 10768384 10776576 10784768 10788864 10797056 10801152 10805248 10809344 10813440 10829824 10833920 10838016 10846208 10858496 10862592 10870784 10878976 10883072 10887168 10895360 10907648 10911744 10915840 10919936 10924032 10932224 10936320 10944512 10960896 10964992 10973184 10985472 10989568 11018240 11030528 11042816 11046912 11051008 11067392 11071488 11079680 11083776 11096064 11100160 11120640 11124736 11137024 11165696 11169792 11173888 11198464 11210752 11218944 11235328 11255808 11259904 11272192 11276288 11284480 11292672 11296768 11304960 11321344 11325440 11341824 11362304 11366400 11489280 11489792 11554816 11558912 11825152 11829248 12177408 12181504 12201984 12206080 12513280 12517376 12754944 12759040 12763136 12767232 13017088 13021184 13328384 13332480 13548544 13549056 13660160 13672448 13930496 13934592 13938688 13942784 14106624 14110720 14254080 14258176 14442496 14446592 14745600 14761984 15040512 15044608 15048704 15052800 15228928 15249408 15347712 15350272 15405056 15421440 15425536 15433728 15466496 15474688 15478784 15499264 15765504 15769600 15912960 15917056 16093184 16125952 16171008 16175104 16236544 16240640 16424960 16428544 16596992 16605184 16609280 16617472 16621568 16625664 16646144 16650240 16658432 16662528 16678912 16691200 16699392 16703488 16707584 16715776 16719872 16777216
43 332 0 73728 94208 102400 118784 139264 163840 167936 172032 176128 196608 200704 208896 221184 225280 229376 233472 237568 266240 278528 282624 290816 299008 303104 311296 315392 319488 331776 335872 339968 577536 581632 798720 806912 815104 831488 851968 856064 868352 872448 876544 880640 884736 888832 892928 897024 921600 925696 929792 933888 946176 954368 966656 970752 1003520 1007616 1011712 1024000 1028096 1036288 1052672 1073152 1077248 1081344 1093632 1101824 1107968 1108480 1110016 1118208 1122304 1138688 1155072 1159168 1163264 1167360 1175552 1212416 1216512 1220608 1224704 1228800 1245184 1253376 1261568 1269760 1273856 1277952 1286144 1290240 1294336 1302528 1306624 1331200 1359872 1368064 1372160 1388544 1392640 1396736 1400832 1404928 1409024 1413120 1433600 1437696 1441792 1445888 1454080 1458176 1462272 1470464 1474560 1478656 1495040 1499136 1511424 1519616 1536000 1548288 1552384 1556480 1560576 1564672 1572864 1576960 1581056 1585152 1589248 1609728 1613824 1626112 1634304 1638400 1646592 1654784 1662976 1667072 1671168 1683456 1687552 1691648 1695744 1703936 1712128 1720320 1724416 1728512 1744896 1748992 1753088 1777664 1785856 1789952 1802240 1806336 1818624 1830912 1835008 1843200 1863680 1867776 2039808 2041344 2084864 2088960 2330624 2334720 2600960 2609152 2768896 2772992 2998272 3063808 3440640 3444736 3821568 3825664 3973120 3977216 4009984 4018176 4042752 4046848 4157440 4161536 4182016 4186112 4443648 4447744 4476928 4534272 4612096 4775936 4874240 4878336 4911104 4947968 5115904 5120000 5140480 5144576 5156864 5160960 5181440 5185536 5193728 5197824 5201920 5210112 5283328 5287424 5312512 5316608 5320704 5324800 5332992 5337088 5349376 5357568 5369856 5373952 5394432 5402624 5410816 5414912 5423104 5439488 5443584 5464064 5468160 5480448 5484544 5488640 5492736 5496832 5599232 5603328 5632000 5644288 5824512 5828608 5849088 5853184 6766592 6803456 6864896 6868992 6873088 6877184 6905856 6914048 6946816 6963200 6975488 6979584 7065600 7079424 7262208 7265792 7278592 7286784 7479296 7479808 7483392 7487488 7675904 7680000 7684096 7688192 8179712 8196096 8351744 8355840 8359936 8384512 9420800 9424896 9428992 9437184 9449472 9453568 9465856 9474048 9478144 9482240 9486336 9506816 9510912 9515008 9527296 9531392 9547776 9551872 9560064 9564160 9572352 9576448 9580544 9584640 9592832 9605120 9613312 9621504 9646080 9650176 9654272 9662464 9682944 9687040 9695232 9699328 9703424 9707520 9715712 9719808 9736192 9748480 9756672 9764864 9768960 9785344 9789440 9797632 9801728 9809920 9814016 9818112 9822208 9826304 9834496 9842688 9854976 9863168 9875456 9879552 9887744 9891840 9895936 9900032 9908224 9912320 9916416 9920512 9924608 9928704 9932800 9940992 9953280 9957376 9961472 9973760 9977856 9981952 9990144 9998336 10002432 10010624 10014720 10022912 10055680 10059776 10063872 10067968 10080256 10088448 10100736 10104832 10113024 10121216 10125312 10137600 10141696 10149888 10178560 10182656 10199040 10211328 10215424 10227712 10231808 10244096 10256384 10260480 10272768 10280960 10289152 10293248 10297344 10305536 10313728 10317824 10326016 10330112 11018240 11022336 11460608 11476992 11587584 11591680 11616256 11620352 11677696 11681792 12005376 12009472 12017664 12025856 12029952 12038144 12046336 12050432 12058624 12070912 12091392 12095488 12099584 12107776 12124160 12128256 12148736 12152832 12161024 12165120 12173312 12177408 12214272 12226560 12242944 12251136 12255232 12263424 12267520 12279808 12283904 12288000 12292096 12296192 12328960 12349440 12353536 12357632 12361728 12365824 12369920 12374016 12382208 12390400 12410880 12419072 12423168 12427264 12431360 12435456 12439552 12443648 12447744 12451840 12472320 12476416 12496896 12521472 12529664 12533760 12537856 12566528 12570624 12574720 12607488 12611584 12615680 12619776 12623872 12627968 12640256 12644352 12648448 12664832 12668928 12673024 12677120 12681216 12685312 12689408 12718080 12722176 12726272 12730368 12734464 12738560 12750848 12754944 12775424 12779520 12812288 12820480 12824576 12832768 12845056 12849152 12861440 12865536 12869632 12881920 12886016 12890112 12894208 12910592 12914688 12926976 12939264 12955648 12959744 12967936 12972032 12976128 12980224 12988416 12992512 12996608 13000704 13004800 13008896 13012992 13029376 13033472 13041664 13045760 13049856 13070336 13086720 13090816 13094912 13099008 13107200 13111296 13123584 13131776 13144064 13148160 13156352 13164544 13180928 13185024 13189120 13197312 13201408 13205504 13213696 13221888 13234176 13242368 13246464 13258752 13262848 13266944 13283328 13291520 13299712 13307904 13316096 13320192 13324288 13332480 13373440 13385728 13422592 13438976 13443072 13451264 13455360 13459456 13463552 13500416 13504512 13508608 13520896 13524992 13529088 13537280 13549568 13561856 13578240 13586432 13611008 13619200 13631488 13635584 13643776 13651968 13668352 13672448 13684736 13688832 13692928 13697024 13709312 13717504 13725696 13729792 13737984 13746176 13754368 13758464 13766656 13770752 13774848 13783040 13787136 13795328 13811712 13815808 13828096 13832192 13840384 13848576 13864960 13885440 13893632 13901824 13905920 13926400 13938688 13946880 13950976 13955072 13971456 13975552 13987840 13991936 14000128 14004224 14016512 14028800 14032896 14041088 14049280 14069760 14086144 14090240 14094336 14098432 14114816 14118912 14123008 14131200 14139392 14143488 14147584 14155776 14159872 14163968 14491648 14493184 14684160 14688256 15413248 15433728 15441920 15446016 15630336 15638528 16330752 16379904
44 214 73728 77824 110592 118784 126976 139264 143360 147456 155648 163840 167936 176128 184320 188416 192512 200704 204800 212992 217088 221184 225280 229376 237568 245760 249856 303104 307200 323584 327680 331776 335872 339968 348160 364544 376832 389120 401408 405504 409600 417792 442368 450560 454656 466944 475136 479232 483328 495616 499712 503808 507904 512000 524288 532480 536576 540672 561152 565248 573440 577536 589824 593920 598016 602112 606208 610304 614400 618496 622592 626688 634880 638976 643072 647168 655360 659456 663552 671744 679936 684032 704512 712704 716800 729088 733184 737280 741376 745472 753664 765952 782336 786432 794624 802816 811008 819200 831488 847872 856064 868352 872448 876544 880640 884736 892928 897024 909312 921600 929792 933888 937984 946176 950272 954368 966656 970752 978944 991232 995328 999424 1003520 1011712 1015808 1040384 1044480 1048576 1056768 1060864 1077248 1089536 1093632 1101824 1105920 1114112 1118208 1122304 1130496 1134592 1146880 1150976 1159168 1171456 1179648 1187840 1196032 1204224 1212416 1236992 1249280 1253376 1257472 1261568 1265664 1269760 1273856 1277952 1282048 1286144 1298432 1302528 1310720 1318912 1323008 1327104 1331200 1339392 1343488 1347584 1355776 1359872 1368064 1372160 1376256 1384448 1396736 1445888 1462272 1470464 1474560 1478656 1482752 1490944 1527808 1531904 1536000 1552384 1556480 1572864 1576960 1581056 1589248 1626112 1638400 1667072 1671168 1679360 1695744 1703936 1716224 1728512 1740800 1748992 1757184 1765376 1769472 1773568 1785856 1802240 1806336 1822720 1835008 1839104 1843200 1847296 1855488 1859584 1863680 1875968 1892352 1900544 1912832 1929216 1937408 1953792 1957888 1978368 1990656 1994752 2002944 2007040 2031616 2043904 2060288 2068480 2125824 2138112 2166272 2170368 2215936 2220032 2248704 2252800 2260992 2265088 2289664 2290688 2534912 2547200 2666496 2732032 2793472 2797568 2867200 2871296 2944512 2948608 3276288 3345920 3661312 3665408 3780608 3788800 3805184 3813376 3842048 3850240 3854336 3858432 3870720 3940352 3948544 3969024 3977216 3985408 3993600 4005888 4022272 4030464 4034560 4038656 4059136 4063232 4079616 4083712 4091904 4096000 4108288 4112384 4116480 4120576 4124672 4141056 4145152 4149248 4165632 4177920 4190208 4194304 4194304 4218880 4411392 4419584 4898816 4915200 4943872 4993024 5099008 5103104 5299712 5307904 5431296 5435392 5439488 5440000 5459968 5464064 5557760 5561856 5705728 5709824 5746688 5844992 6361088 6397952 6922240 6975488 7032832 7036928 7053312 7081984 7282688 7503872 7663616 7725056 7740928 7749120 8539648 8543744 8679424 8683520 9388032 9392128 9715712 9719808 10043392 10055680 10096640 10100736 10129408 10137600 10403840 10407936 10424320 10428416 10432512 10436608 10457088 10465280 10526208 10534400 10620928 10625024 10686464 10690560 10739200 10747392 11112448 11116544 11849728 11853824 12529664 12582912 12582912 12595200 12787712 12791808 12890112 12894208 13099008 13103104 13176832 13179904 13471744 13475840 13684736 13688832 13803520 13807616 13828096 13836288 13889536 13890560 13914112 13926400 14172160 14188544 14233600 14254080 14360576 14364672 14794752 14802944 14921728 14925824 15159296 15163392 15257600 15260672 15413248 15414784 15523840 15532032 15753216 15757312 15831040 15835136 15896576 15897088 15929344 15933440 15937536 15941632 16130048 16134144 16261120 16285696 16728064 16777216
45 76 0 16384 28672 32768 147456 151552 266240 274432 471040 475136 503296 507392 790528 792576 1249280 1257472 1359872 1363968 1400832 1409024 1441792 1458176 1527808 1531904 1560576 1566208 1974272 1974784 1978368 1982464 2076160 2080256 2392064 2396160 2494464 2523136 2695168 2699264 2703360 2707456 3112448 3116544 3268608 3272704 3375104 3440640 3653120 3661312 3780608 3846144 4026368 4030464 4149248 4194304 4194304 4214784 4292608 4452352 5398016 5410304 5476352 5480448 5492736 5494272 5517312 5775360 5865472 5869568 5885952 5890048 6012928 6025216 6443008 6447104 6483968 6561792 6750208 6754304 7143424 7155712 7417856 7421952 7884800 7888896 8200192 8265728 8323072 8388608 8388608 9187328 9248768 9252864 9723904 9732096 9875456 9879552 10223616 10289152 10891264 10899456 10919936 11067392 11488768 11640320 11714560 11718656 12386304 12394496 12529664 12533760 12570624 12574720 12759040 12763136 13075456 13078528 13118976 13123072 13266944 13275648 13283328 13352960 13357056 13361152 13488128 13520896 13635584 13897728 14454784 14458880 14495744 14503936 14610432 14614528 14786560 14807040 14999552 15002624 15040512 15044608 15286272 15294464 15577088 15597568 15633920 15678976 16072704 16080896 16584704 16633856 16715776 16719872
46 51 45056 61440 81920 155648 262144 376832 417792 475136 479232 1323008 1392640 1404928 2076672 2080768 2260992 2269184 2310144 2311168 2371584 2392064 2523136 2527232 3280896 3284992 3313664 3325952 3506176 3510272 3551232 3588096 3629056 3653632 4149248 4194304 4194304 4214784 4427776 4456448 4493312 4497408 4521984 4526080 5165056 5218304 5431296 5447680 5578240 5582336 5681152 5711360 5713920 5715456 5718016 5758976 6078464 6086656 6508544 6553600 6754304 6758400 7065088 7073280 7229440 7233536 7344128 7348224 7467008 7471104 7823360 7827456 8036352 8040448 8658944 8662016 8663040 10219520 10223616 10485760 10485760 11354112 11776000 11784192 11829248 11833344 11845632 11849728 11890688 11894784 11997184 12001280 12021760 12025856 12210176 12214272 12410880 12582912 12582912 13369344 13533184 14680064 14680064 16777216
47 42 0 1228288 1314816 1318912 1404928 1421312 1839104 1867776 2412544 2416640 2457600 2502656 2523136 2535424 2564096 2584576 2723840 2727936 2830336 2838528 3354624 3358720 3534848 3538944 3788800 3821568 4296192 4300288 4337152 4341248 4345344 4349440 4480512 4484608 4488704 4492800 4496896 4505088 4660736 4664832 5029888 5033984 5828608 5832704 6254592 6258688 6356992 6373376 6406144 6410240 6643712 6645760 6656000 6836224 6840320 7118848 7311360 7315456 7446016 7450112 7503872 7507968 7540736 7548928 7725056 7790592 8183808 8192000 8863744 8867840 8974336 8978432 8982528 9019392 9023488 10485760 10485760 12578816 12644352 13217792 13221888 14680064 14680064 16777216
48 22 86016 671744 675840 2097152 2097152 4194304 4194304 4231168 4296704 4870144 4874240 6291456 6291456 8388608 8388608 8429568 8495104 9068544 9072640 10485760 10485760 12582912 12582912 12627968 12693504 13266944 13271040 14417920 14499840 14503936 15204352 15237120 15519744 15527936 15794176 15859712 16023040 16055808 16560128 16564224 16625664 16629760 16773120 16777216
49 103 4096 8192 69632 102400 204800 208896 212992 262144 294912 319488 458752 536576 572928 605696 655360 659456 950272 954368 958464 1019904 1118208 1126400 1282048 1282560 1372160 1376256 1425408 1429504 1445888 1448448 1515520 1523712 1781760 1785856 1794048 1855488 1892352 1900544 2453504 2461696 2465792 2469888 2621440 2625536 2662400 2664960 3137536 3148288 3227648 3239936 3293184 3295232 3543040 3547136 3813376 3878912 4046848 4050944 4124672 4194304 4194304 4247552 5464064 5468160 5754880 5755904 5820416 5821440 5873664 5906432 6139904 6144000 6475776 6483968 6823936 6840320 6844416 6848512 6963200 6964736 7168000 7172096 7274496 7278592 7778304 7781888 7987200 7989248 8392704 8409088 8420864 8424960 8437760 8439296 8798208 8802304 8937472 8941568 8945664 8949760 8957952 8962048 9048064 9051136 9109504 9113600 9228288 9244672 9371648 9379840 9453056 9457152 10035200 10039296 10293248 10297344 10321920 10326016 10334208 10338304 10698752 10702848 10825728 10829824 11182080 11190272 11264000 11276288 11382784 11386880 11927552 11935744 12001280 12017664 12152832 12189696 12374016 12386304 12656640 12660736 12767232 12775424 12926976 12931072 13041664 13107200 13369344 13373440 13409792 13413888 13569536 13581824 13598720 13602816 13606912 13611008 13631488 13651968 13664256 13905920 13910016 13922304 13950976 13955072 14102528 14106624 14450688 14516224 14745600 14749696 14811136 14815232 14876672 14880768 14901248 14909440 15151104 15155200 15179264 15199744 15237120 15302656 15380480 15388672 15433216 15441408 15507456 15509504 15597568 15601664 15609856 15671296 15773184 15797760 15969792 15973888 16023552 16076800 16117760 16130048 16670720 16671232 16728064 16732160 16736256 16740352
50 55 4096 7168 311296 352256 404992 409088 466944 507904 622080 626176 1084928 1093120 1113600 1121792 1712128 1716224 2183168 2186752 2408448 2424832 2453504 2454528 2551808 2555904 2646016 2649088 2928640 2932736 3092480 3095552 3346432 3347456 3473408 3475968 3563520 3566592 3661824 3662848 3723264 3727872 3747840 3751936 3756032 3760128 3805184 3810816 3829760 3837952 3858432 3887104 3997696 4063232 4128768 4153344 4341760 4345856 4370432 4375040 4661248 4665344 4906496 4910592 4919296 4923392 4968448 4994560 5038080 5042176 5050368 5054464 5058560 5062656 5218304 5283840 5816320 5820416 5840896 5865472 5980160 5996544 6340608 6344704 6553600 6950912 7249920 7299072 7352320 7360512 7401472 7405568 7438336 7462912 7614464 7680000 7786496 7790592 8159232 8388608 8388608 10043392 10047488 10485760 10485760 12582912 12582912 14241792 14245888 14680064 14680064 16777216
51 66 0 1417216 1486848 1503232 1523712 1527808 1531904 1536000 1650688 1671168 2211840 2215936 2224128 2228224 2277376 2281472 2334720 2338816 2347008 2351104 2473984 2478080 2768896 2772992 2912256 2916352 3264512 3272704 3620864 3723264 3727360 4145152 4624384 4628480 4800512 4808704 5053952 5070336 5427200 5431296 5435392 5443584 5488640 5513216 5554176 5603328 6189056 6254592 6340608 6344704 6397952 6402048 6422528 6426624 6451200 6455296 6823936 6840320 7060992 7065088 7147520 7151616 7159808 7163904 7360512 7364608 7417856 7495680 7544832 7561216 7565312 7569408 7622656 7626752 7634944 7700480 7806976 7815168 7913472 7921664 7950336 7954432 7983104 8007680 8323072 8327168 9203712 9211904 9261056 10178560 10776576 10780672 10825728 10833920 11468800 11469824 11976704 11980800 12251136 12255232 12267520 12271616 12378112 12394496 12414976 12427264 13291520 13357056 13914112 14071808 14262272 14266368 14467072 14680064 14680064 14725120 14729216 14733312 15007744 15020032 15155200 15159296 15417344 15421440 15564800 15568896 16179200 16236544 16441344 16445440 16588800 16777216
52 48 32768 78336 143872 303104 589824 598016 917504 921600 1536000 1540096 1601536 1605632 1740800 1757184 1952768 1953792 1966080 2084864 2306048 2308096 2535424 2539520 2895872 2916352 2920448 2928640 3321856 3323392 3464704 3476992 3846144 3858432 3993600 3997696 4112384 4194304 4194304 4243456 4317184 4321280 4374528 4382720 4493312 4497408 4726784 4792320 4898816 6127616 6131712 6291456 6291456 8048640 8069120 8073216 8110080 8388608 8388608 8802816 8818688 10387456 10391552 10485760 10485760 12115968 12124160 12582912 12582912 12972032 13532672 13557248 13983744 13985280 14462976 14465536 15011840 15015936 15065088 15077376 15187968 15192064 15241216 15245312 15544320 15585280 15867392 15871488 16015360 16019456 16031232 16035328 16162816 16195584 16567808 16588288 16621568 16629760
53 64 36352 40448 163840 167936 729088 733184 839680 860160 884736 888832 1363968 1368064 1576960 1581056 1966080 1974272 2293760 2297856 2306048 2309632 2375680 2473984 2490368 2527232 2564096 2572288 2670592 2674688 3420160 3424256 3481600 3489792 3514368 3518464 4227072 4243456 4337664 4841472 4935680 4939776 5033984 5066752 5275648 5308416 5726208 5791744 6168576 6172672 6414336 6418432 6455296 6459392 6475776 6479872 6574080 6684672 7069696 7071232 7626752 7630848 7819264 7835648 8368128 8371712 8441856 8445440 9363456 9367552 9412608 9414656 9567744 9592832 9654272 9719808 9928704 9940992 10055680 10076160 10846208 10911744 11046912 11048448 11075584 11210752 11407360 11411456 11485184 11501568 11537920 11542016 11628544 11632640 11665408 11677696 12046336 12054528 12410880 12443648 12853248 12857344 13058048 13062144 13180928 13205504 13230080 13238272 13492224 13496320 13664256 13668352 13698048 13763584 13844480 13860864 13979648 13987840 14430208 14680064 14680064 16068608 16076800 16080896 16089088 16093184 16158720 16162816 16560128 16777216
54 49 0 278528 303104 335872 619008 641536 745472 753664 901120 933888 1073152 1114112 1134080 1142272 1601536 1605632 1806336 1810432 2355200 2646016 2650112 2871296 3014656 3018752 3296768 3300864 3452928 3458560 3629056 3633152 3751936 3756032 3969024 3973120 3997696 4009984 4071424 4075520 4386816 4390912 4489216 4493312 5025792 5824512 7405568 7462912 7741440 7749632 8343552 8347648 8732672 8740864 8761344 8769536 8876032 8884224 8929280 8937472 8998400 9006592 9281536 9289728 9568256 10485760 10485760 10768384 10780672 11145216 11231232 11235328 11382784 11386880 11390976 11395072 11448320 11452416 11476480 11632128 11636224 12582912 12582912 13369344 13639680 13643776 13647872 13656064 13963264 13967360 14131200 14139392 14417920 14462976 14512128 14524416 14811136 14897152 14901248 16777216
55 94 0 225280 356352 421888 782336 1036288 1040384 1101824 1114112 1126400 1585152 1839104 1867776 1875968 2596352 2600448 2818048 2822144 2990080 2992128 3104768 3153920 3158016 3174400 3198976 3199488 3255808 3259904 3260416 3264512 3284992 3289088 3334144 3342336 3346432 3350528 3371008 3375104 3399680 3403776 3407872 3420160 3424256 3457024 3465216 3469312 3543040 3547136 3612672 3661824 3665920 3719168 3772416 3772928 3796992 3798528 3801088 3854848 3866624 3867648 3870720 3900928 3903488 3905024 3907584 3936256 3948544 3949568 3952640 3985408 4542464 4546560 4734976 4739072 4743168 4747264 4759552 4812800 5431296 5435392 5476352 5480448 5615616 5616640 5636096 5660672 5947392 5949952 6086656 6090752 6385664 6389760 6422528 6426624 6832128 7028736 7106560 7109120 7143424 7159808 8024064 8028160 8044544 8048640 8126464 8130560 8286208 8298496 8621568 8625664 8691712 8695808 8925184 8933376 8945664 8978432 9007104 9008128 9093120 9097216 9191424 9195520 9322496 9338880 9482240 9510912 9670656 9674752 9846784 9850880 9998336 10022912 10088448 10096640 10108928 10121216 11182080 11321344 11599872 11657216 11685888 11689984 12308480 12374016 12570624 12582912 12582912 12701696 12767232 12832768 12898304 12963840 13094912 13160448 13225984 13357056 13488128 13619200 13672448 13676544 13815808 13946880 13975552 13979648 14012416 14077952 14200832 14204928 14209024 14274560 14839808 14843904 14970880 15101952 15499264 15527936 15601664 15605760 15785984 15802368 16228352 16236032 16420864 16424960 16588800 16592896 16736256 16744448
56 76 0 4096 65536 131072 905216 917504 1359872 1372160 1404928 1409024 1458176 1462272 1773568 1777664 2023424 2035712 2289664 2633728 2908160 2916352 2920448 2924544 3006464 3010560 3121152 3125248 3444736 3461120 3563520 3567616 3571200 3591680 3719168 3731456 4022272 4034560 4677632 4681728 4845568 4857856 5013504 5017600 6246400 6258688 6397952 6402048 6787072 6791168 6844416 6848512 7004160 7008256 7196672 7208960 7344128 7356416 7380992 7385088 7720960 7725056 8306688 8318976 8749056 8761344 8871936 8876032 8937472 8949760 8974336 8986624 8998912 9003008 9183232 9191424 9285632 9302016 9437184 9506816 9691136 9797632 9830400 9920512 9961472 10076160 10092544 10297344 10354688 10444800 10485760 10711040 10764288 10769408 11239424 11251712 11632640 11644928 11698176 11718656 12083200 12095488 12668928 12673024 12935168 12943360 13328384 13344768 13393920 13410304 13676544 13688832 14159872 14172160 14213120 14217216 14237696 14249984 14389248 14393344 14614528 14618624 14700544 14712832 15462400 15552512 15577088 15589376 15601664 15638528 15646720 15650816 15724544 15728640 15736832 15740928 15790080 15794176 15921152 16064512 16093184 16097280 16416768 16429056 16474112 16478208 16572416 16584704 16617472 16629760 16642048 16646144 16760832 16777216
57 82 0 8192 36352 40448 155648 159744 323584 339968 413696 430080 544768 573440 675840 679936 1126400 1134592 1138688 1150976 1159168 1163264 1200128 1216512 1265664 1277952 1392640 1393664 1568768 1581056 1777664 1781760 1892352 1896448 2027520 2068480 2121728 2138112 2285568 2288128 2453504 2465792 2473984 2486272 2580480 2662400 2686976 2699264 2887680 2899968 2940928 2945024 3354624 3358720 3670016 3682304 3710976 3723264 3940352 3944448 3956736 3960832 4042240 4075008 4124672 4136960 4218880 4222976 4395008 4397056 4456448 4468736 4497408 4498432 4550656 4554752 4591616 4603904 4644864 4648960 4972544 4988928 5038080 5042176 5169152 5173248 5271552 5283840 5324800 5349376 5435392 5439488 6152192 6193152 6676480 6680576 6684672 6688768 7159808 7163904 7217152 7225344 7344128 7348224 7491584 7503872 7516160 7536640 7561216 7565312 7696384 7716864 8339456 8343552 8417280 8445952 8683520 8687616 8826880 8830976 8871936 8884224 8986624 8998912 9740288 9744384 9764864 9777152 9805824 9818112 9900032 9904128 9928704 9945088 10199040 10203136 10227712 10229760 10567680 10571776 10629120 10633216 10932224 10960896 11665408 11677696 11681792 11698176 11702272 11747328 11829248 11948032 12058624 12060160 12165120 12243456 12308992 12582912 12582912 13852672 13856768 14680064 14680064 16011264 16023552 16777216
58 89 0 307200 376320 380416 733184 745472 831488 897024 999424 1007616 1011712 1015808 1093632 1159168 1671168 1683456 1867776 1871872 1998848 2001408 2014720 2018816 2154496 2166784 2174976 2178560 2301952 2310144 2347008 2351104 2584576 2641920 3092480 3104768 3649536 3653632 3698688 3702784 3907072 3911168 4112384 4116480 4403200 4415488 4444160 4456448 4489216 4501504 4517888 4526080 4542464 4554752 4575232 4579328 4833280 4837376 5324800 5337088 5935104 5938688 6053888 6066176 6135808 6144000 6229504 6241792 6475776 6488064 6643200 6651392 6721536 6733824 6762496 6774784 6934528 6946816 7000064 7065600 7147008 7175680 7200768 7213056 8015872 8019968 8028160 8032256 8716288 8720384 8724480 8785920 8814592 8822784 9117696 9120256 9125888 9162752 9170944 9183232 9216000 9228288 9253376 9256960 9613312 9617408 9736192 9740288 9965568 9969664 9994240 10002432 10149888 10153984 10272768 10285056 10366976 10379264 10612736 10616832 10723328 10735616 10846208 10850304 10862592 10863616 10919936 10940416 11022336 11034624 11038720 11153408 11186176 11223040 11268096 11280384 11706368 11718656 11853824 11870208 11874304 11915264 12017664 12021760 12046336 12050432 12111872 12115968 12234752 12238848 12587008 12591104 12640256 12644352 12955648 12967936 13127168 13135360 13410304 13422592 13770752 13774336 14401536 14405632 14430208 14442496 14454784 14467072 14622720 14655488 14684160 14696448 14745600 14753792 14917632 14918656 15093760 15106048 15106560 16777216
59 63 0 2097152 2097152 4194304 4194304 6291456 6291456 6750208 6823936 6828032 7045120 7057408 7138816 7142912 7392768 7409664 7495680 7507968 7569408 7573504 7761920 7770112 7774208 8232960 8245248 8282112 8527872 8531968 8536064 8540160 8601600 8744960 8859136 8863232 8986624 8994816 9146368 9150464 9240576 9244672 9515008 9551872 9572352 9584640 9994240 9998336 10010624 10014720 10100736 10108928 10522624 10547200 11223040 11227136 11378688 11390976 11440128 11452416 11624448 11640832 11665408 12189696 12201984 12214272 12402688 12435456 12521472 12558336 12701696 12881920 12886016 12967936 13015040 13080576 13148160 13160448 13189120 13193216 13332480 13344768 13549568 13635584 13844480 13860864 14188032 14192128 14200832 14213120 14258176 14262272 14381056 14385152 14462976 14475264 14577664 14589952 14716928 14733312 15261696 15263744 15265792 15269888 15527936 15532032 15552512 15618048 15675392 15687680 15843328 15847424 15851520 15853056 15912960 15929344 16003072 16015360 16199680 16207872 16396288 16408576 16486400 16489472 16555520 16580608 16744448 16752640
60 98 36352 40448 93696 97792 216576 220672 294912 299008 323584 327680 405504 409600 831488 839680 1073152 1077248 1093632 1097728 1335296 1363968 1372160 1384448 1511424 1527808 1552384 1564672 1605632 1609728 1658880 1662976 1761280 1835008 1933312 1941504 2002944 2007040 2035712 2048000 2523136 2535424 2539520 2543616 2564096 2568192 2576384 2584576 2711040 2719232 2887680 2891776 2981888 2994176 3039232 3051520 3104768 3137536 3174400 3305472 3661824 3665920 3756032 3760128 3858432 3862528 4501504 4513792 4550656 4554752 4718592 4722688 4808704 4810240 4853760 4857856 5107712 5120000 5214208 5226496 5251072 5263360 5386240 5410816 5414912 5427200 5857280 5967872 6111232 6127616 6307328 6311424 6352896 6356992 6782976 6795264 6848512 6852608 6955008 6959104 6963200 6975488 7204864 7207424 7282688 7294976 7364096 7372288 7434240 7438336 8085504 8093696 8191488 8207872 8220672 8232960 8289792 8355328 8359424 8388608 8388608 9207808 9547776 9555968 9580544 9584640 9773056 9785344 9838080 9846272 9883648 9895936 10170368 10174464 10194944 10207232 10231808 10244096 10301440 10302976 10485760 12582912 12582912 12718080 12914688 13037568 13058048 13070336 13107200 13172736 13201408 13213696 13295616 13299712 13361152 13365248 13471744 13484032 13496320 13500416 13873152 13881344 13893632 13901824 14065664 14069760 14438400 14442496 15106048 15118336 15269888 15282176 15413248 15425536 15482880 15486976 15634432 15646720 15929344 15933440 15958016 15970304 16125952 16129536 16187392 16228352 16334848 16338944 16433152 16445440 16523264 16527360 16576512 16617472 16695296 16707584 16760832 16773120
61 117 77312 81408 1220608 1232896 1687552 1699840 1814528 1826816 1916416 1920512 1990656 1993728 2018816 2022912 2043392 2047488 2154496 2166784 2211840 2224128 2256896 2269184 2416128 2428416 2428928 2433024 2588672 2596864 3473408 3538944 3735552 3747840 3796992 3809280 3883008 3887104 3895296 3896320 4116480 4128768 4194304 4276224 4325376 4521984 4710400 4722688 4750336 4755968 4812800 4825088 5226496 5242880 5353472 5357568 5378048 5382144 5406720 5410816 5447680 5451776 5455872 5459968 5476352 5525504 5529600 5545984 5570560 5582848 5627904 5636096 5820416 5824512 6070272 6074368 6111232 6197248 6299648 6303744 6324224 6352896 6422528 6488064 6766080 6770176 6787072 6799360 6840320 6938624 7069696 7200768 7266304 7405568 7417344 7425536 7430144 7487488 7528448 7602176 7606272 7790592 7983104 7995392 8007168 8011264 8192000 8193024 8400896 8403968 8560128 8564224 8687616 8704000 8720384 8736768 8744960 8749056 8843264 8863744 8876032 8888320 8994816 9019392 9261056 9293824 9338880 9342976 9887744 9900032 10137600 10149888 10272768 10276864 10317824 10321920 10358784 10362880 10371072 10387456 10412032 10420224 10448896 10457088 10465280 10473472 10485760 10489856 10514432 10518528 10547200 10579968 10743808 10784768 10801152 11014144 11042816 11091968 11157504 11223040 11231232 11235328 11272192 11276288 11362304 11366400 11571200 11575296 11685888 11698176 11710464 11722752 11800576 11812864 11943936 12468224 12750848 12763136 12816384 12828672 12890112 12898304 13086720 13090816 13094912 13135872 13139968 13164544 13168640 13377536 13385728 13398016 13402112 13606912 13639168 13643264 13717504 13729792 13815808 13824000 14057472 14061568 14082048 14086144 14123008 14135296 14209024 14254080 14266368 14278656 14307328 14319616 14376960 14381056 14385152 14397440 14475264 14479360 14643200 14647296 14680064 14692352 14802944 14804992 14925824 14938112 15269888 15273984 15536128 15548416 15560704 15564800 15724544 15798272 15990784 16777216
62 88 0 1245184 1273856 1286144 1294336 1298432 1310720 1323008 1327104 1355776 1429504 1495040 1511424 1515520 2101248 2113536 2162688 2166784 2224128 2236416 2281472 2285568 2465792 2473984 2539008 2555392 2879488 2883584 3317760 3342336 3503104 3608576 3710976 3723264 4018176 4030464 4083712 4096000 4165632 4177920 4304896 4407296 4431872 4468736 4530176 4751360 4825088 4829184 5218304 5230592 5390336 5402624 5898240 5906432 5976064 5988352 6254592 6262784 6324224 6328320 6389760 6402048 6533120 6545408 6586368 6588416 6717440 6717952 6750208 6754304 6791168 6987776 7032832 7033856 7041024 7045120 7053312 7118848 7188480 7245824 7307264 7315456 7421952 7425024 7487488 7491584 7527936 7540224 7593984 7606272 8118272 8118784 8138752 8151040 8187904 8192000 8208384 8212480 8216576 8220672 8757248 8760832 8912896 8925184 9003008 9007616 9334784 9400320 9403904 9408000 9474048 9478144 9900032 9912320 9961472 9977856 9998336 10014720 10108928 10113024 10276864 10293248 10354688 10358784 11726848 11730944 11767808 11771904 11870208 11872256 12640256 12644352 12697600 12709888 12750848 12759040 12763136 12767232 13172736 13176832 13238272 13250560 13332480 13393920 13402112 13410304 13688832 13692928 13701120 13705216 13754368 13766656 13807616 14012416 14381056 14413824 14458880 14471168 14557184 14561280 14622720 14635008 15376384 15380480 15646720 15659008 15691776 15704064 15773696 15777792 15953920 15958016 16396288 16400384 16502784 16506880
63 66 0 65536 86016 87552 364544 365568 405504 921600 1015808 1028096 1171456 1183744 1359872 1380352 1437696 1449984 1941504 1953792 2035712 2039808 2625536 2768896 2867200 2875392 3178496 3190784 3276800 3280896 3379200 3387392 3457024 3469312 3497984 3530752 3641344 3653632 3682304 3698688 3874816 3895296 3981312 3993600 4046848 4067328 4112384 4141056 4227072 4239360 4591616 4669440 4718592 6291456 6291456 8388608 8388608 8781824 8847360 8848896 8859648 9142272 9830400 9895936 10124800 10128896 10289152 10293248 10616832 10633216 10731520 10743808 10788864 10792960 10821632 10833920 10948608 11079680 11087872 11350016 11481088 11489280 11816960 11829248 11964416 11976704 12193792 12582912 12582912 12718080 12783616 13041664 13111296 13307904 13344768 13357056 13434880 13451264 13467648 13471744 13713408 13717504 14274560 14417920 14483456 14557184 14622720 14680064 14680064 14794752 14848512 15220736 15233024 15282176 15564800 15577088 15601664 15613952 15638528 15641600 15654912 15659008 15978496 15990784 16203776 16216064 16375808 16379904 16531456 16543744 16547840 16646144 16703488 16715776
64 60 0 4096 262144 327680 368640 372736 393216 1085440 1253376 1257472 1343488 1572864 1609728 1647104 1670656 2096640 2154496 2158592 2334208 2338304 2605056 2609152 2621440 2752512 2818048 4194304 4194304 5111808 5246464 5250560 5718016 5722112 5885952 5890048 5918720 5922816 6258688 6291456 6291456 6324224 6599680 6619136 6803456 6807552 6811648 6873088 6934528 7057408 7757312 7761408 8155136 8159232 8245248 8253440 8605184 8609280 9399808 9403904 9428992 9433088 9515008 9519104 9768960 9781248 9920512 9924608 9932800 9936896 10551296 10625024 10633216 10637312 10928128 10932224 10940416 10944512 11075584 11141120 11149312 11153408 11206656 11272192 11276288 11280384 11337728 11599872 11665408 11730944 11767808 11769856 11862016 11993088 12283904 12288000 12615680 12619776 12713984 12718080 12918784 12984320 13164544 13172736 14123008 14581760 14860288 14864384 15093760 15126528 15400960 15532032 16109568 16121856 16220160 16222720 16470016 16506880 16629760 16760832 16764928 16773120
65 73 114688 249856 380928 945664 1024000 1028096 1183744 1216512 1236992 1245184 1253376 1257472 1675264 1683456 1929216 1933312 2293760 2359296 2547712 2551808 2621440 2752512 2883584 3080192 3534848 3559424 3690496 3694592 3723264 3727360 3829760 3833856 4329472 4337664 4390912 4435968 4481024 4485120 4947968 4952064 5193728 5201920 5537792 5541888 5696512 5702656 5832704 5963776 6082560 6086656 6094848 6160384 6225920 6291456 6291456 6422528 6627328 6946816 6950912 6963200 7077888 7208960 7405568 7471104 7864320 7929856 7979008 8011776 8134656 8138752 8241152 8245248 8323072 8388608 8388608 8650752 8716288 8847360 8912896 8978432 9187328 9191424 9207808 9211904 9224192 9261056 9408512 9412608 9707520 9711616 10043392 10047488 10248192 10272768 10625024 10629120 11259904 11264000 11341824 11345920 11468800 11534336 11599872 11665408 11730944 11862016 11927552 12058624 12189696 12320768 12374016 12378112 12562432 12570624 12664832 12673024 12795904 12808192 12894208 12898304 13352960 13357056 13844480 13848576 13885440 13889536 14110720 14114816 14127104 14131200 14135296 14139392 14254080 14258176 14995456 14999552 15052800 15106048 15618048 15622144 15704064 15708160 16392192 16404480 16580608 16588800
66 77 294912 299008 729088 790528 1048064 1097216 1101312 1175040 1179136 1252864 1892352 1896448 2068480 2097152 2097152 2105344 2129920 2158592 2248704 2252800 2412544 2416640 2457088 2493952 2613248 2617344 2695168 2696704 3080192 3141632 3313664 3317760 3338240 3346432 3608576 3616768 3620864 3633152 3641344 3649536 3706880 3719168 4431872 4435968 4665344 4669440 4804608 4808704 4960256 5025792 5091328 5287936 5332992 5398528 5550080 5591040 5677056 5681152 5828608 5832704 5836800 5840896 5877760 6008832 6062080 6066176 6205440 6291456 6291456 6402048 6909952 6914048 6975488 6991872 7188480 7450624 7712768 7778304 7847936 7856128 7884800 7888896 7909376 7974912 8101888 8105984 8400896 8404992 8409088 8421376 8474624 8634368 8798208 8802304 9265152 9273344 9355264 9359360 9981440 10014208 10174464 10178560 10186752 10190848 10223616 10227712 10534912 10539008 10559488 10563584 10747904 10752000 11304960 11345920 11460608 11530240 12234752 12242944 12357632 12582912 12582912 12787712 12849152 12926976 12988416 13053952 13409792 13422080 13426688 13430784 13631488 13778944 14168064 14172160 14352384 14417920 14745600 14749696 15388672 15429632 15474688 15478784 15572992 15589376 15720448 15724032 15867904 15876096 15884288 15900672 16080896 16084992 16580608 16728064
67 47 24576 28672 32256 81408 85504 413184 778240 782848 831488 847872 921600 925696 2420736 2424832 2518528 2530816 2940928 2945024 3129344 3284992 3395584 3403776 3563520 3567616 3571712 3575808 4005888 4009984 4030464 4038656 4784128 4788224 4849664 4874240 5206016 5214208 5242880 5308416 5811712 6291456 6291456 7540224 8011776 8048640 8343552 8359936 9007104 9023488 9203200 9223680 9232384 9235968 9273344 9277440 9760768 9764864 9846784 9916416 10145792 10153984 10461184 10465280 10874880 10878976 11546624 11554816 12140544 12189696 12193792 12275712 13533184 13537280 13680640 13684736 14045184 14049280 14467072 14471168 14671872 14672384 14897152 14901248 15015936 15044608 15048704 15085568 15151104 15159296 15810560 15843328 15957504 15965696 16769024 16773120
68 67 65024 69120 307200 315392 544768 547840 565248 573440 798720 815104 987136 995328 1409024 1417216 1605632 1609728 2416640 2420224 2465792 2469888 2486272 2490368 2776576 2780672 2797568 2801664 3022848 3026944 3489792 3493888 3567616 3575808 3846144 3850240 4173312 4177408 4554752 4558848 4608000 4610048 4698112 4714496 4894720 4898816 5189632 5193728 5693440 5695488 5980160 6025216 6496256 6754304 7733248 7737344 7798272 7802368 7827456 7830016 8069120 8077312 8310784 8314880 8413184 8417280 8424960 8437248 8704000 8708096 9199616 9265152 9285632 9318400 9490432 9506816 10997760 11001856 11145216 11177984 11194368 11206656 11284480 11288576 11624448 11628544 12263424 12267520 12447744 12451840 12619776 12627968 12812288 12816384 12869632 12873728 13000704 13003776 13160448 13213696 13320192 13324288 13344768 13422592 13426688 13436416 13488128 13791232 13811712 13842432 13910016 14163968 14340096 14405632 14462976 14467072 14602240 14606336 15020032 15056896 15076864 15080960 15159296 15163392 15237120 15241216 15536128 15540224 15585280 15589376 15798272 16031744 16285696 16286720 16519168 16551936
69 47 28672 32768 40448 44544 151552 155648 208896 212992 835584 843776 1122304 1126400 1241088 1290240 1433600 1441792 1499136 1761280 2080768 2084864 2101248 2109440 2232320 2560000 2654208 2657792 2834432 2838528 2895872 2899968 2904064 2908160 2965504 3035136 3325440 3333632 3649536 3657728 3776512 3780608 3784704 3788800 3898880 3902976 4076032 4076544 4763648 4767744 5033984 5038080 5054464 5058560 5087232 5091840 5111808 5177344 5283840 5292032 5390336 5398528 5623808 5627904 6098944 6103040 6189056 6291456 6291456 6717440 6734336 8388608 8388608 10485760 10485760 10911744 10928640 12582912 12582912 13385728 13389824 14537216 14585856 14680064 14680064 15175680 15216640 15254016 15257600 15716864 16257024 16273408 16314368 16384000 16449536 16465920
70 40 704512 708608 945664 1887744 2043904 2052096 2588672 2682880 2772992 2781184 3080192 3186688 3644928 3649024 3829760 3833856 3948544 3952640 3969024 3973120 4997120 4997632 5402624 5427200 6152192 6213632 6361088 6365184 6369280 6373376 6524928 6529024 7258112 7262208 7462912 7473152 7516160 7520256 7548928 8355840 8425472 9015296 9179136 9261056 9277440 9757184 9822720 9867264 9932800 10420224 10469376 10485760 10485760 10506240 10522624 10534912 10551296 10559488 10739712 10743808 11185664 12582912 12582912 12935168 13000704 14626816 14635008 14638080 14729216 14733312 14925824 15253504 15519744 15589376 15859200 16117248 16162816 16171008 16404480 16777216
71 54 0 540672 557056 593920 602112 606208 884736 1142784 1146880 2097152 2097152 2187264 2207744 2318848 2384384 4194304 4194304 5094912 5132288 5140480 5767168 5771264 5804032 5869568 5873664 5877760 5943296 5947392 6000640 6135808 6385664 6619136 6631424 6639616 6656000 6721536 6815744 6819840 6828032 6832128 7245824 7274496 7434240 7471104 7802880 7852032 8212480 8214528 8216576 8217600 8908800 9027584 9048064 9064448 9211904 9224192 9437184 9453568 9936896 10067968 10076160 10461184 10592256 10788864 10903552 10907648 10985472 11247616 11354112 11358208 11362304 11366400 11460608 11476992 11694080 11698176 11837440 11976704 12042240 12062720 12754944 12820480 12845056 12910592 13025280 13033472 13148160 13217792 13348864 13414400 14499840 14503936 14630912 14635008 14712832 14716928 14987264 15183872 15396864 15437824 15482880 15486976 15511552 15514624 15847424 15855616 15884288 15892480
72 48 48640 56832 69120 73216 94208 98304 331264 335360 438272 487424 491520 507904 638976 704512 913408 921600 950272 954368 1097728 1101824 1359872 1490944 1499136 1515520 1519616 1572864 1687552 1884160 1908736 1912832 2076672 2084864 2473984 2539520 2736128 2970112 3035648 4194304 4194304 6291456 6291456 8388608 8388608 10072064 10592256 10596352 10620928 10706944 10985472 11051008 11468800 11472896 12935168 12943360 13520896 13586432 13828096 13832192 14127104 14131200 14155776 14159872 14270464 14278656 14282752 14286848 14315520 14319616 14950400 14954496 14966784 14970880 15343616 15360000 15454208 15458304 15478784 15482880 15552512 15556608 15597568 15600640 15687680 15695872 15818752 15822848 16285696 16289792 16318464 16322560 16453120 16477696 16728064 16732160 16740352 16744448
73 47 131072 159744 266240 270336 1359872 1368064 1900544 1929216 2310144 2318336 2420736 2424832 2469888 2478080 2621440 2682880 2781184 2789376 3198976 3211264 3428352 3444736 3616768 3649536 3657728 3661824 3756032 3760128 3878912 3903488 3997696 4001792 4063232 4128768 4247552 4255744 4263936 4272128 4464128 4480512 4849664 4895232 5210112 5214208 5287936 5292032 5902336 5906432 5984256 5986304 6029312 6291456 6291456 7667712 7917568 7921664 8036352 8040448 8208384 8212480 8269824 8273920 8290304 8294400 8384512 8388608 8404480 8453632 8654336 8670720 8814080 9076736 9080832 9084928 9089024 9097216 9105408 9109504 9113600 9117696 9125888 9134080 9146368 9170944 9183232 9191424 9191936 10485760 10485760 12582912 12582912 14680064 14680064 16777216
74 133 0 921600 925696 929792 937984 950272 958464 962560 970752 978944 983040 987136 999424 1015808 1032192 1040384 1044480 1048576 1052672 1056768 1060864 1064960 1069056 1089536 1101824 1110016 1114112 1126400 1130496 1134592 1396736 1400832 1798144 1945600 2355200 2404352 2777088 2781184 2945024 2949120 3543040 3544576 3715072 3719168 3895296 3899392 4050944 4059136 4120576 4124672 4546560 4550656 4988928 4993024 5136384 5137408 5197824 5201920 5726208 5738496 5943296 5943808 6545408 6549504 6623232 6643712 6656000 6674944 6680576 6686720 6844416 6852608 6905856 6914048 6930432 7016448 7380992 7389184 7438336 7442432 7450624 7454720 7458816 7467008 7471104 7475200 7479296 7487488 7491584 7495680 7499776 7512064 7520256 7536640 7548928 7589888 7606272 7614464 7618560 7622656 7643136 7655424 7659520 7671808 7680000 7688192 7708672 7712768 7725056 7733248 7741440 7745536 7749632 7753728 7757824 7761920 7831552 7835648 7864320 7872512 7958528 7962624 8318464 8322560 8351232 8355328 8531968 8540160 8544256 8552448 8564736 8572928 8581120 8585216 8650752 8663040 8667136 8675328 8687616 8695808 8704000 8708096 8716288 8720384 8744960 8749056 8753152 8757248 8765440 8769536 8777728 8781824 8785920 8790016 8835072 8847360 8855552 8888320 8962048 8970240 8974336 8978432 9064448 9068544 9072640 9076736 9117696 9121792 9244672 9252864 9306112 9310208 9515008 9523200 10326016 10330112 10399744 10412032 10633216 10649600 10809344 10813440 10878976 10883072 10891264 10895360 10907648 10911744 10919936 10924032 10928128 10936320 10944512 10948608 10952704 10956800 11010048 11018240 11108352 11112448 11128832 11132928 11190272 11206656 11243520 11251712 11272192 11276288 11288576 11292672 11337728 11354112 11436032 11440128 11452416 11485184 11501568 11538432 11542528 11546624 11550720 11554816 11563008 11567104 11689984 11714560 11739136 11743232 12075008 12083200 12255232 12333056 12353536 12361728 12664832 12668928 12795904 12800000 12824576 12828672 12861440 12873728 12877824 12881920 13770752 13828096 13881344 13885440 14086144 14094336 14254080 14262784 14430208 14434304 14667776 14671360 14761984 14764032 15138816 15204352 15323136 15327232 15634432 15638528 15663104 16777216
75 48 0 983040 1327104 1343488 1708032 1712128 1720320 1785856 2113536 2183168 2416640 2420736 2711552 2712064 3424256 3428352 3641344 3645440 3809280 3813376 3846144 3850240 4063232 4128768 4595712 4603904 4648960 4657152 5521408 5525504 6553600 6619136 6959104 6960128 7061504 7073792 7364608 7372800 7700480 7702528 8052224 8056320 8359936 8364032 8376320 8384512 8601600 8605696 8663040 8671232 8957952 8978432 9306112 10485760 10485760 11534336 11992576 12058112 12091392 12095488 12177408 12185600 12210176 12214272 12357632 12361728 12549632 12582912 12582912 12615168 13266944 13271040 13283328 13287424 13479936 13484032 13717504 13721600 13766656 13783040 13856768 13864960 13971456 13975552 15138816 15142912 15196160 15197696 15859712 15925248 16367616 16375808 16437248 16502784 16576512 16580608
76 43 0 4096 36864 40960 48640 52736 97792 101888 167424 171520 175616 179712 815104 819200 851968 856064 1084928 2097152 2097152 3116544 3153408 3202560 3206656 3456512 4632576 4673536 4722688 4726784 5701632 5767168 6381568 6402048 6733824 6799360 6860800 6926336 7315456 7323648 7499776 7501312 7806976 7831552 8060928 8167424 8200192 8204288 8212480 8216576 8318976 8388608 8388608 10485760 10485760 12517376 12644352 13697024 13729792 13770752 13774848 13778944 13815808 13856768 13860864 13864960 13897728 13918208 14118912 14120448 14184448 14189568 14254080 14258176 14331904 14340096 14467072 14471168 14516224 14520320 14745600 14811136 14966784 14970880 15523840 15532032 16429056 16494592
77 55 32256 81408 85504 327168 523776 572928 577024 736768 835584 839680 958464 962560 1241088 1269760 1318912 1331200 2605056 2609152 2793472 2826240 2850816 2863104 3289088 3309568 4296704 4306432 4382720 4390912 4431872 4435968 4804608 4808704 5394432 5406720 5492224 5500416 5632000 5636096 5644288 5652480 6164480 6209536 6373376 6406144 6615040 6619136 7208960 7340032 7602176 7667712 7901184 7905280 7909376 7917568 8502784 8506880 9023488 9027584 9436672 9485824 9489920 9829888 10350592 10354688 10465280 10469376 10694656 10698752 10952704 10955264 11243520 11255808 11366400 11366912 11751424 11752448 11759616 11763712 11853824 11857920 11862016 11866112 11882496 11886592 11902976 11911168 13070336 13074432 13418496 13422592 14168064 14172160 14299136 14303232 14331904 14340096 15216640 15228928 15499264 15503360 15564800 15572992 15765504 15769600 16330752 16384000 16416768 16420864 16515072 16527360
78 57 4096 8192 167424 171520 880640 888832 897024 901120 1052672 1060864 1572864 1575936 1593344 1605632 1703936 1706496 1794048 1798144 2580480 2592768 2715648 2748416 2953216 2969600 3067904 3080192 3612672 3616768 3854336 3911680 4018176 4038656 4542464 4546560 4694016 5033984 5152768 5160960 5312512 5360128 5763072 5771264 6148096 6180864 6508544 6520832 6750208 6754304 6782976 6795264 6844416 6856704 7180288 7184384 7340032 8388608 8388608 9306112 9412608 9416704 9605120 9654272 9969664 9970688 10326016 10353664 10399744 10403840 10473472 10485760 10485760 10539008 10571776 10575872 10747904 12517376 12734464 12742656 12775424 12779520 13127680 13131776 13606912 13611008 13688832 13697024 13783040 13787136 14061568 14065664 14212608 14216704 14516224 14520320 14655488 14659584 14688256 14692352 14921728 14929920 14970880 14974976 15085568 15089664 15142912 15146496 15220736 15228928 15380480 15384576 15932928 15937024 16113664 16121856
79 38 12288 14336 458752 2097152 2097152 2359296 3137536 3141632 3166208 3174400 3960832 3977216 4059136 4075520 4304896 4308992 4468736 4476928 4816896 4833280 5369856 5373952 5390336 5394432 5890048 5894144 5926912 5935104 6053888 6057984 6418432 6426624 6434816 6438912 6963200 6965760 7077888 7274496 7278592 7282688 7798784 7995392 8499200 8564736 10350592 10354688 10477568 10479616 10489856 10493952 10710528 10714624 10727424 10792960 11161600 11169792 12054528 12056576 12308480 12320768 12374016 12382208 12451840 12472320 13926400 13950976 14159872 14161920 14188544 14237696 14544896 14548992 14802944 14807040 14855680 16777216
80 51 0 32256 48640 52736 77312 81408 93696 97792 143360 151552 159232 163328 393216 458752 540672 541696 659456 1486336 1708032 1724416 1748992 1769472 2084864 2088960 2162176 4021760 4025856 4194304 4194304 4705792 4784128 4785664 5005312 5025792 5193728 5197824 5206016 5214208 5402624 5406720 5615616 5619712 5648384 5652480 5943296 5947392 6402048 6410240 6414336 6602752 6623232 6627328 6631424 6639616 7077888 7086080 7225344 7229440 7258112 7262208 7819264 7966720 8396800 8400384 8592896 8855040 9232384 9240576 10133504 10137600 10296832 10300928 10399232 10411520 10698752 10727424 10756096 10760192 11001856 11014144 11038720 11042816 11665408 11681792 11763712 11767808 11935744 11938816 12460032 12537856 12689408 12689920 12800000 12804096 12890112 12894208 13258752 13262848 13615104 14680064 14680064 16777216
81 56 0 860160 864256 918016 983552 2097152 2097152 4194304 4194304 4763648 4857856 4861952 5799936 5816320 5869568 5873664 5881856 5918720 5951488 5992448 6577664 6581760 6585856 6589952 6602240 6614528 6618624 6622720 6626816 6630912 6635008 6639104 6746112 6750208 6955008 6956544 6975488 6979584 7143424 7147520 7344128 7364608 7385088 7393280 7438336 7442432 7561216 7757824 7835648 7852032 8081408 8101888 8142848 8314880 8429056 8433152 8503296 8519680 9551872 9555968 10108928 10178560 10625024 10637312 10817536 10829824 10960896 10964992 11239424 11243520 11354112 11358208 11362304 11366400 11399168 11407360 11796480 12320768 12574720 12582912 12582912 12853248 13115392 13119488 13123584 13127680 13299712 13303808 13360640 13757952 13864960 13869568 14348288 14352384 14520320 14680064 14680064 15052800 15462400 15470592 15745024 15749120 15753216 15794176 16080896 16083456 16179200 16183296 16412672 16416768 16613376 16617472
82 50 48640 52736 179712 245248 348160 380928 491520 1024000 1290240 1298432 1490944 1523712 1814528 1880064 2060288 2097152 2097152 2121728 2207232 2317824 2424832 2433024 2912256 2928640 3031040 3039232 3764224 3768320 4235264 4239360 4251648 4255744 4530176 4587520 4595712 4599808 4632576 4640768 4779520 4791808 4800512 4804608 5148672 5181440 5263360 5267456 5791744 5794304 6373376 6406144 6582272 6586368 6803456 6807552 7225344 7229440 7589376 7654912 7995392 8011776 8097792 8101888 8302592 8318976 8429056 8433152 8437248 8441344 8457728 8461824 8593408 8597504 8671232 8675328 8933376 8937472 8982528 8986624 9048064 9052160 9289728 9293824 9486336 9539584 10035200 10039296 10043392 10047488 10317824 10321920 10334720 10485760 10485760 12582912 12582912 14680064 14680064 14800896 14811136 16777216
83 70 0 1966080 2027520 2035712 2068480 2097152 2097152 2134016 2256896 2260992 2330624 2355200 2945024 2949120 3444736 3465216 3756032 3760128 3842048 3846144 4120576 4121600 4431872 4435968 4448256 4481024 5738496 5742592 5808128 5812224 5869568 5873664 6164480 6172672 6332416 6348800 6406144 6418432 6430720 6443008 6454784 6577664 6619136 6635520 6983680 6987776 7000064 7065600 7319552 7561216 7876608 7888896 8593408 8597504 8691712 8708096 8949760 8953856 9080832 9084928 9101312 9105408 9109504 10092544 10149888 10162176 10170368 10194944 10227712 10235904 10739200 11152896 11264000 11268096 11272192 11284480 11288576 11292672 11296768 11399168 11497472 11513856 11735040 11735552 12414976 12419072 12443648 12447744 12627968 12632064 12652544 12653568 12890112 12894208 12910592 12918784 13189120 13193216 13987840 13996032 14000128 14004224 14077952 14163968 14217216 14299136 14331904 14336000 14446592 14454784 14474752 14478848 14540800 14680064 15613952 15618048 15818752 15822848 15831040 15847424 16130048 16134144 16183296 16187392 16191488 16195584 16252928 16257024 16293888 16297984 16306176 16343040 16572416 16576512 16592896 16596992 16642048 16646144 16654336 16658432
84 123 0 4096 56832 61440 89600 93696 221184 299008 389120 393216 397312 401408 495616 499712 749568 753664 859648 863744 897024 901120 946176 983040 1286144 1486336 1572864 1638400 1863680 1900544 2052096 2060288 2064384 2068480 2317824 2321920 2485760 2489856 2523136 2551808 2600960 3035136 3665920 3666944 3829760 3862528 3878912 3887104 3960832 3964928 4014080 4018176 4046848 4050944 4091392 4095488 4100096 4108288 4120576 4124672 4173312 4181504 4198400 4214784 4243456 4247552 4251648 4255744 4333568 4335616 4423680 4431872 4460544 4464640 4550656 4554752 4669440 4673536 4714496 4718592 4751360 4755456 4849664 4853760 4964352 4980736 5062656 5066752 5152768 5156864 5165056 5173248 5206016 5210112 5218304 5222400 5230592 5234688 5251072 5255168 5378048 5382144 5513216 5517312 5541888 5545984 5570560 5574656 5586944 5591040 5660672 5664768 5849088 5853184 5951488 5955584 6012928 6021120 6127616 6131712 6152192 6156288 6164480 6168576 6258688 6291456 6291456 6324224 6332416 6336512 6447104 6451200 6455296 6459392 6578176 6582272 6737920 6742016 6959104 6963200 6983680 6991872 7081984 7086080 7118848 7135232 7139328 7143424 7315456 7319552 7335936 7380992 7581696 7585792 7729152 7733248 7770112 7774720 7798784 7806976 7901184 7905280 7938048 7954432 8007680 8011776 8146944 8151040 8155136 8159232 8527872 8531968 8540160 8544256 8687616 8690688 8704000 8708096 9007104 9011200 9084928 9089024 9097216 9162752 9179136 9183232 9289728 9428992 9600512 9657856 10485760 10551296 10633216 10637312 10924032 10928128 11001856 11005952 11022336 11030528 11218944 11223040 11996672 12000768 12127744 12131840 12439552 12443648 12554240 12582912 12582912 12587008 12926976 13041664 13262336 13266432 13500416 13504512 13512704 13516800 13594624 13643776 13688832 13742080 13828096 13832192 14233600 14249984 14376960 14397440 14413824 14417920 14499840 14528512 14544896 14548992 14696448 14712832 15122432 15487488 15553024 16105472 16400384 16404480 16490496 16568320 16739840 16743936
85 37 36352 40448 65536 77824 663552 667648 790528 794624 802816 806912 835584 839680 970752 2097152 2097152 4194304 4194304 4547072 4612608 5152256 5156864 6291456 6291456 6778880 6852608 6868992 7217152 7221248 7945728 7958016 7962112 7966208 8085504 8118272 8441344 8994304 9101312 9105408 9269248 9273344 9437184 9719808 9883648 9887744 9932800 9936896 10440704 10444800 10481664 10485760 10551296 10985472 10989568 11051008 11337728 11341824 11526144 11530240 11935744 11988992 12427264 12447744 12746240 12819968 13332480 13336576 14331904 14336000 14462976 14610432 14675968 14680064 14680064 16777216
86 86 0 1773568 1785856 1789952 1794048 1802240 1998848 2002944 2007040 2011136 2043904 2052096 2383872 2433024 2752512 2818048 2866688 2870784 2895872 2899968 3039232 3047424 3108864 3112960 3198976 3207168 3260416 3264512 3268608 3375104 3506176 3510272 3575808 3579904 3620864 3624960 3723264 3727360 3751936 3780608 3854336 3858432 4079616 4083712 4280320 4288512 4341760 4345856 4489216 4493312 4644864 4648960 4653056 4657152 4943872 4980736 5033984 5042176 5054464 5058560 5087232 5115904 5279744 5443072 5468160 5472256 5615616 5619712 5758976 5763072 5787648 5931008 5971968 5984256 6062080 6064640 6250496 6254592 6397952 6403584 6455296 6459392 6569472 7020032 7143424 7208960 7626752 7680000 7692288 7696384 7786496 7868416 8388608 8392704 8704000 8712192 9265152 9269248 9306112 9310208 9367552 9371648 9433088 9448448 10038784 10043392 10207232 10211328 10379264 10485760 10485760 10518528 10850304 10854400 10874880 10878976 11112448 11194368 11415552 11489280 13410304 13414400 13529088 13709312 13962752 14310912 14483456 14516224 14671872 14675968 14782464 14815232 14897152 14901248 14979072 14983168 15015936 15020032 15192064 15196160 15228928 15233024 15527936 15544320 15781888 15785984 16097280 16101376 16113664 16117760 16146432 16150528 16343040 16347136 16494592 16498688 16515072 16518656 16519168 16523264 16588800 16596992 16609280 16613376 16621568 16625664 16658432 16662528 16678912 16683008 16687104 16691200
87 117 105984 110080 237568 241664 266240 274432 282624 286720 352256 356352 368640 372736 393216 397312 557056 561152 565248 569344 585728 696320 737280 741376 811008 815104 966656 999424 1052672 1060864 1073152 1077248 1134592 1138688 1155072 1159168 1171456 1175552 1273856 1277952 1339392 1343488 1421312 1425408 1429504 1433600 1536000 1540096 1548288 1552384 1564672 1568768 1597440 1601536 1654784 1658880 1720320 1724416 1757184 1761280 1794048 1798144 1810432 1814528 1818624 1822720 1839104 1843200 1904640 1908736 1990656 1994752 2027520 2031616 2056192 2060288 2080768 2088960 2134016 2146304 2207744 2211840 2220032 2592768 2596864 2736128 2748416 2752512 2789376 2793472 2801664 2805760 2813952 2822144 2879488 2883584 2899968 2904064 2908160 2912256 2957312 2965504 2969600 2973696 2977792 2981888 3026944 3031040 3080192 3084288 3153920 3158016 3194368 3198464 3375104 3379200 3395584 3399680 3497984 3506176 3514368 3518464 3641344 3645440 3678208 3682304 3919872 3928064 4161536 4165632 4202496 4206592 4255744 4258304 4268032 4272128 4546560 4567040 4710400 4714496 5304320 5332992 5500928 5541888 5660672 5664768 5677056 5697536 5910528 5914624 5930496 5955072 6114816 6118912 6172672 6173184 6356480 6438400 6442496 6712832 6823424 7085568 7544832 7605760 7708672 7712768 7794688 7798784 8118272 8130560 8310272 8334848 8347648 8351744 8425472 8429568 8613888 8617984 9453568 9457664 9494528 9662976 9728512 10485760 10485760 12582912 12582912 13279232 13283328 13402624 13524992 13529088 13758464 13762560 13807104 14093824 14139392 14143488 14217216 14221312 14237696 14241792 14299136 14303232 14307328 14311424 14331904 14336000 14430208 14438400 14745600 14749696 14806528 14810624 15097856 15101952 15298560 15335424 15355904 15421440 15659008 15724544 15753216 15765504 16052224 16056320 16186880 16268800 16322560 16330752 16359424 16384000 16531456 16535552 16642048 16646144
88 61 36864 102400 233472 245760 401408 491520 495616 499712 634880 638976 835584 839680 1175552 1179648 1212416 1277952 1535488 1601024 1908736 1909760 2035712 2039808 2453504 2461696 2850304 2891776 2916352 2949120 3264000 3280384 3362304 3411456 3522560 3588096 3633152 3637248 4108288 4116480 4144640 4148736 4435968 4440064 4718592 4722688 4907008 4911104 5693440 5697536 5840384 5844480 6123520 6131712 6361088 6373376 6447104 6451200 6455296 6528512 6532608 6615040 6647296 6712832 6716928 6766080 6831616 6897152 6901248 6950400 7015936 7081472 7085568 7134720 8110080 8114176 8351744 8355840 9064448 9093120 9199616 9207808 9216000 9220096 9375744 9474048 9715712 9719808 9916416 9920512 10235904 10248192 10862592 10864128 11558912 11562496 11894784 11898880 12046336 12050432 12292096 12296192 12763136 12767232 13336576 13402112 13795328 13860864 14090240 14155776 14471168 14475264 14483456 14487552 14516224 14581760 14614528 14680064 14757888 14761984 14873088 16609280 16613376 16777216
89 57 0 131584 197120 2097152 2097152 4030464 4034560 4194304 4194304 4329984 4395520 6291456 6291456 8228864 8232960 8388608 8388608 8511488 8560128 8564224 8765440 8798208 8994816 8999424 9281536 9322496 9990144 9992192 10235392 10464768 10551296 10616832 10768384 10772480 10944512 11145216 11153408 11157504 11173888 11182080 11259904 11262976 11292672 11296768 11444224 11448320 11640832 11643392 11919360 11984896 12181504 12185600 12636160 12644352 12869632 12873728 12886016 13004800 13193216 13195264 13312000 13324288 13402112 13406208 13459456 13475840 13508608 13512704 13762560 13766656 13799424 13803520 13844480 13849088 13881344 13889536 14217216 14221312 14307328 14336000 14491648 14495744 14503936 14520320 14564864 14593536 14635008 14680064 14680064 14761984 14770176 14774272 14938112 14942208 14954496 14957056 15175680 15179776 15257600 15273984 15425536 15429632 15491072 15499264 15548416 15605760 15785984 15794176 16269312 16273408 16728064 16732160 16760832 16764928
90 80 32256 36352 45056 49152 61440 135168 372736 376832 425984 491520 606208 610304 757760 761856 1351680 1355776 1425408 1429504 1806336 1810432 1839104 1847296 1961984 2011136 2015232 2064384 2179072 2182144 2244608 2252800 2535424 2551808 3280896 3284992 3297280 3301376 3997696 3999744 4026880 4027392 4029440 4029952 4030464 4034560 4035072 4035584 4036096 4036608 4037120 4037632 4038144 4038656 4108288 4110336 4407296 4440064 4595712 4599808 4714496 4763648 4767744 4784128 5312512 5337088 5414912 5451776 5729792 5742080 5750784 5758976 6131712 6148096 6524928 6527488 6901760 6955008 7024128 7081472 7200768 7204864 7479296 7487488 7527936 7532032 7544832 7548928 7618560 7622656 7651328 7667712 7745536 7749632 7884800 7888896 8409088 8413184 8474624 8478720 8716288 8720384 8781824 9125888 9269248 9285632 9584640 9617408 9633792 9641984 9826304 9830400 9875456 9883648 10141696 10145792 10407936 10412032 10588160 10592256 11083776 11087872 11124224 11587072 11632640 11649024 11780096 11796480 12009472 12013568 12353536 12357632 12480512 12582912 12582912 12623872 12685312 12718080 13508608 13512704 13684736 13688832 14053376 14057472 14065664 14077952 14155776 14172160 14237696 14254080 14274048 14511616 14565376 14581760 14602240 14680064 14680064 14688256 14978560 15425024 16346624 16347136
91 71 262144 278528 1024000 1089536 1257472 1261568 1363968 1376256 1490944 1499136 1609728 1622016 1679360 1691648 1835008 1933312 2518528 2522624 2633728 2637824 2797568 2798592 3252224 3284992 3293184 3301376 3350528 3362816 3603968 3608064 3846144 3866624 3932160 3952640 4120576 4128768 4206592 4222976 4288000 4730368 4734976 4739072 5246976 5283840 5570560 5591040 6123520 6144000 6295552 6299648 6434816 6438912 7036928 7040000 7294976 7299072 7385088 7471104 7909376 7942144 8007680 8011776 8224768 8228864 8273920 8278016 8335872 8342016 8691200 8941568 8945664 9027584 9187328 9188864 9412608 9428992 9567744 9571840 9682944 9826816 9957376 9969664 10023424 10076160 10297344 10301440 10362880 10366976 10784768 10788864 10903040 11001344 11153408 11157504 11235328 11243520 11292672 11304960 11358208 11370496 11423744 11448320 11702272 11706368 11866112 11870208 11939328 11984384 12251136 12255232 12288000 12292096 12443648 12460032 12640256 12644352 12886016 12918784 13893632 13897728 13901824 13905920 14118912 14127104 14282240 14552576 15728640 15732736 15921152 15924736 16039936 16072704 16195584 16198144 16351232 16371712 16392192 16404480 16564224 16572416 16588800 16596992
92 150 110592 114688 122880 131072 589824 593920 942080 946176 1044480 1048576 1052672 1056768 1085440 1089536 1294336 1298432 1376256 1380352 1454080 1458176 2170880 2172416 2215424 2219520 2269184 2301952 2629632 2662400 2686976 2691072 2748416 2752512 2756608 2785280 2813952 2818048 2850816 2854912 3223552 3227648 3354624 3395584 3407872 3473408 3543040 3551232 3633152 3637248 3776512 3784704 3866624 3932160 4156928 4173312 4325376 4390912 4435968 4440064 4530176 4591616 4595712 4628480 4644864 4784128 4800512 4808704 4825088 4829184 4837376 4845568 4878336 4882432 4890624 4894720 4902912 4907008 4911104 4923392 4927488 4939776 4952064 4956160 4997120 4999680 5046272 5263360 5283840 5287936 5300224 5304320 5308416 5410816 5414912 5419008 5423104 5570560 5668352 5685248 5754880 5758976 5844992 5885952 5890048 5894144 5898240 5939200 5943296 5947392 5951488 5955584 5963776 5971968 5976064 5980160 5984256 6000640 6004736 6012928 6017024 6021120 6025216 6094848 6144000 6148096 6193152 6197248 6213632 6217728 6258688 6275072 6361088 6373888 6414336 6418432 6443008 6451200 6488064 6553600 6590464 6656000 6692864 6696960 6737920 6742016 6745600 6749696 6844416 6848512 6873088 6877184 6987776 6991872 7106560 7110656 7213056 7229440 7327744 7331840 7393280 7417856 7438336 7475200 7626752 7700480 7725056 7729152 7864320 7929856 8323072 8388608 8388608 8396800 8409088 8413184 8421376 8437760 8581120 8585216 8716288 8810496 8818688 8822784 8847360 8863744 9289728 9293824 9306112 9371648 9728000 9744384 9895936 9965568 10121216 10125312 10153984 10170368 10354688 10420224 10473472 10485760 10485760 10510336 10551296 10552832 10559488 10592256 10645504 10694656 10813440 10878976 11276288 11468800 11476992 11481088 11526144 11530240 11534336 11657216 11763712 11780096 11796480 11874304 12124160 12152832 12161024 12169216 12173312 12177408 12218368 12222464 12255232 12263424 12267520 12271616 12275712 12279808 12300288 12333056 12451840 12517376 12570624 12582912 12677120 12681216 12845056 12910592 13238272 13319680 13434880 13438976 13451264 13452288 13631488 13697024 13897728 13930496 14024704 14090240 14180352 14311424 14417920 14483456 14561280 14626816 14704640 14770176 14811136 14876672 14897152 14962688 15069184 15073280 15204352 15269888 15597568 15663104 15753216 15757312 15769600 15843328 15867904 15933440 15937536 16056320 16060416 16105472 16166912 16232448 16281600 16347136 16351232 16449536 16457728 16461824 16474112 16605184 16646144 16648192 16662528 16728064
93 78 0 65536 69632 135168 180224 184320 212992 245760 393216 458752 786432 824320 1048576 1052672 1093632 1097728 1196032 1200128 1810432 1814528 1916928 1922048 2174976 2187264 2338816 2342912 2351104 2355200 2428928 2437120 2596864 2599936 2674688 2678784 2711552 2715648 2842624 3350528 3436544 3440640 3465216 3477504 3645440 3649536 4030464 4096000 4341760 4366336 4628480 4632576 5451776 5464064 5722112 5726208 5865472 5869568 6492160 6524928 6885376 6889472 7008256 7012352 7237632 7241728 7352320 7520256 8134656 8138752 8257536 8294400 8425472 8429568 8638464 8643072 8884224 8888320 8998912 9003008 9211904 9216000 9277440 9281536 9310208 9314304 9367552 9371648 10010624 10076160 10141696 10145792 10170368 10203136 10285056 10287616 10366976 10371072 11079680 11132928 11407360 11411456 11509760 11513856 11800576 11804672 11902976 11911168 12054016 12058112 12109824 12110336 12815872 12881408 13065728 13069824 13073920 13123072 13185024 13245952 13372928 13385216 13430272 13438464 13442560 13491712 13492224 13508608 13557248 13610496 13794816 13807104 13811200 13860352 13925888 13959168 13979648 14045184 14118912 14123008 14147584 14151680 14159872 14163968 14344192 14352384 14766080 14770176 14827008 14847488 14929920 15020032 16068608 16134144 16199680 16203776 16506368 16777216
94 52 0 2092544 2252288 3919360 4014080 4022272 4030464 4032000 4186112 4194304 4194304 4202496 4227072 4276224 4608000 4612096 4644864 4661248 4694016 4698112 4747264 4751360 4829184 4833280 4874240 4876800 4931584 4935680 4939776 4943872 5062656 5128192 5357568 5359104 5431296 5447680 6164480 6168576 6401536 6614528 6680064 6696448 6811648 6909952 6914048 6918144 6926336 6938624 6942720 6950912 6963200 6971392 6975488 6979584 6987776 7024640 7581696 7585792 8228864 8294400 8425472 8429568 8556544 8622080 8671232 8675328 8695808 8712192 8753152 8757248 9408512 9420800 9474048 9478144 9510912 9515008 9715712 9748480 10014208 10018304 10276864 10277888 10842112 10846208 11223040 11227136 11419648 11436032 11595776 11628544 11878400 11927552 12115968 12120064 13201408 13238272 13365248 13381632 13414912 13533184 13561856 14680064 14680064 16777216
95 30 0 8192 12288 274944 340480 2097152 2097152 4194304 4194304 4206592 4210688 4476928 4538880 6291456 6291456 8388608 8388608 8404992 8409088 8671744 8737280 10485760 10485760 12582912 12582912 12603392 12607488 12870144 12910592 12914688 12935680 13541376 13713408 13717504 13901824 13918208 14041088 14114816 15302144 15306240 15323136 15388672 15498752 15556096 15691776 15695872 15740928 15794176 15872000 15884288 15925248 15941632 16334848 16338944 16343040 16347136 16359424 16363520 16576512 16580608
96 49 32768 61440 65536 2097152 2097152 3297280 3301376 3564032 3629568 4194304 4194304 6291456 6291456 7467008 7471104 7733760 7799296 8388608 8388608 8638464 8753152 8757248 8761344 8765440 8769536 8773632 8921088 8925184 8937472 8941568 8974336 8978432 9015296 9060352 9330688 9334784 9670144 9674240 10149888 10158080 10747904 10756096 10772480 10788864 11530240 11534336 11575296 11591680 12132352 12140544 12472320 12505088 12541952 12542976 12607488 12623872 12894208 12947456 13069824 13073920 13283328 13287424 13635584 13639168 13828096 13832192 13844480 13848576 13979648 13983744 13991936 13996032 14098432 14099456 14278144 14282240 14553088 14555136 14893056 14897152 14913536 14921728 14942208 15007744 15011328 15019520 15212544 15245312 15507456 15523840 15806464 16252928 16273408 16277504 16314368 16359424 16363520 16588800
97 28 0 4096 155648 204800 270336 274432 1171456 1174528 1474560 1477120 1556480 1703936 1839104 1843200 1871872 1875968 1974272 1994752 2256896 2260992 2342400 2350592 3244032 3248128 4005888 4009984 4288512 4292608 4456448 4460544 5021696 5025792 5222400 5226496 5296128 5328896 5394432 5398528 5636096 6291456 6291456 8388608 8388608 10485760 10485760 11337728 11395072 11399168 11403264 12255232 12386304 12582912 12582912 14680064 14680064 16777216
98 48 0 589824 786432 2031616 2300416 2310656 2908160 3059712 3358720 3362816 3403776 3407872 3465216 3466752 4210176 4214272 4481024 4485120 4587520 4595712 4603904 4612096 5054464 5173248 5382144 5390336 5455872 5459968 6619136 7602176 7798784 8388608 8388608 10420224 10895360 10899456 11067392 11071488 11419648 11423744 11501568 11505664 11571200 11636736 11776000 11780096 11816960 11821056 11829248 11833344 12091392 12095488 12103680 12107776 12185600 12189696 12222464 12226560 12251136 12252160 12283904 12288000 12374016 12386304 12435456 12439552 12451840 12472320 12558336 12574720 12587008 12591104 12779520 12780032 12812288 12816384 12849152 12853248 12873728 12877824 13041664 14024704 14061568 14065664 14749696 14750208 15335424 15400960 16244736 16265216 16461824 16465920 16650240 16654336 16674816 16683008
99 81 983040 1048576 1253376 1257472 2207744 2215936 2519040 2527232 2588672 2592768 2646016 2686976 2744320 2748416 2813952 2818048 2957312 2961408 3014656 3018752 3223552 3227648 3706880 3712512 3726848 3743232 3747328 4194304 4194304 4746752 5537792 5538816 5619712 5623808 5775360 5777920 6045696 6279168 6291456 6291968 6361088 6426624 6488064 6490624 6504448 6803456 6881280 7929856 8032256 8036352 8073216 8077312 8364032 8368128 8597504 8601600 8609792 8613888 8650752 8654848 8953856 8962048 8970240 8974336 9408512 9424896 9474048 9478144 9633792 9634304 9838592 9842688 9862656 9866752 9932800 9936896 10084352 10086912 10227712 10235904 10276864 10280960 10485760 10551296 10579968 10592256 10633216 10641408 10682368 10686464 10768384 10780672 10788864 10792960 10821632 10825728 10842112 10846208 10997760 11227136 11386880 11390976 11468800 11472896 11501568 11505664 11534336 11538432 11726848 11730944 11747328 11751424 11771904 11776000 11808768 11812864 11825152 11829248 11902976 11936768 11964416 11968512 12046336 12050432 12210176 12218368 12234752 12238848 12259328 12263424 12292096 12582912 12582912 12668928 12726272 12730368 12738560 12742656 12902400 12906496 13643776 13746176 13893632 13922304 13938688 13946880 14548992 14553088 15437824 15441920 15486976 15491072 15507456 15515648 15519744 15523840 15613952 15626240 15990784 16449536 16736256 16740352
