#StripeID,rangenumber,BlockOffsetStart,BlockOffsetEnd
939 1 491520 520704
484 1 106496 107520
776 1 217088 225280
211 1 32768 34304
209 1 499712 501248
666 2 446464 458752 458752 466944
700 1 454656 458752
310 1 622592 626688
998 2 225280 262144 262144 270336
998 1 270336 274432
778 2 573440 589824 589824 647168
778 1 647168 655360
779 2 0 65536 65536 122880
687 1 4096 8192
686 1 651264 655360
228 1 360448 380928
979 1 4096 8192
978 1 647168 651264
14 2 102400 131072 131072 135168
518 2 516096 524288 524288 532480
979 1 0 4096
978 1 647168 651264
491 2 143360 196608 196608 208896
642 1 532480 536576
642 1 458752 462848
639 1 634880 635392
650 1 577536 581632
497 1 57344 61440
308 8 131072 196608 196608 262144 262144 327680 327680 393216 393216 458752 458752 524288 524288 589824 589824 655360
309 8 0 65536 65536 131072 131072 196608 196608 262144 262144 327680 327680 393216 393216 458752 458752 524288
310 4 393216 458752 458752 524288 524288 589824 589824 655360
311 4 0 65536 65536 131072 131072 196608 196608 262144
408 1 131072 196608
108 1 218624 219136
221 1 57344 61440
230 1 73728 77824
145 1 208896 212992
205 1 602112 606208
309 2 524288 589824 589824 655360
310 6 0 65536 65536 131072 131072 196608 196608 262144 262144 327680 327680 393216
342 1 77824 86016
205 1 618496 622592
537 1 512000 516096
311 6 262144 327680 327680 393216 393216 458752 458752 524288 524288 589824 589824 655360
312 2 0 65536 65536 131072
588 1 397312 401408
404 1 196608 262144
251 2 126976 131072 131072 151552
179 1 626688 634880
133 1 49152 53248
40 1 40960 45056
623 2 421888 458752 458752 499712
804 1 634880 635904
970 1 102400 106496
51 1 355328 359424
709 1 393216 397312
40 1 360448 364544
329 1 258048 262144
272 1 139264 151552
904 1 155648 159744
851 1 81920 110592
172 1 335872 380928
172 1 385024 393216
172 1 393216 397312
543 1 589824 598016
543 1 598016 602112
175 1 208896 212992
225 1 319488 323584
703 1 389120 393216
536 1 245760 249856
450 1 491520 495616
614 1 590336 655360
615 8 0 65536 65536 131072 131072 196608 196608 262144 262144 327680 327680 393216 393216 458752 458752 459264
925 1 209408 212992
941 1 323584 327680
881 1 36352 37888
757 1 532480 540672
77 1 8192 12288
978 1 524288 528384
779 1 626688 630784
422 1 532480 536576
86 1 614400 618496
740 1 319488 323584
86 1 622592 626688
779 1 610304 618496
794 1 196608 200704
534 1 569344 573440
740 1 307200 311296
574 1 421888 425984
323 1 87040 88064
172 1 635392 655360
173 7 0 65536 65536 131072 131072 196608 196608 262144 262144 327680 327680 393216 393216 458752
127 1 499712 503808
323 1 88064 89088
707 1 32768 36864
173 3 508416 524288 524288 589824 589824 655360
174 6 0 65536 65536 131072 131072 196608 196608 262144 262144 327680 327680 377344
514 1 323584 324096
309 1 602112 655360
310 1 0 12288
473 1 569344 577536
514 1 331776 332288
310 2 471040 524288 524288 536576
311 1 274432 295424
514 1 339968 340480
675 1 81920 86016
102 1 598016 602112
311 2 295424 327680 327680 339968
812 1 118784 122880
207 1 229376 233472
207 1 253952 258048
876 1 348160 352256
361 1 40960 45056
908 1 425984 430080
438 1 479232 483328
531 2 323584 327680 327680 331776
474 1 640000 640512
879 1 249856 253952
312 1 106496 122880
642 1 532480 544768
251 1 606720 655360
252 8 0 65536 65536 131072 131072 196608 196608 262144 262144 327680 327680 393216 393216 458752 458752 475648
534 1 450560 454656
949 2 323584 327680 327680 360448
985 1 102400 104960
401 1 413184 414208
752 1 229376 233472
167 2 325632 327680 327680 329216
84 1 307200 327680
590 1 212992 221184
240 1 151552 155648
119 1 364544 368640
590 1 221184 225280
497 1 12288 16384
676 1 524288 528384
650 1 524288 528384
283 1 229376 233472
676 1 524288 528384
217 1 512000 516096
131 1 634368 638464
10 1 401408 405504
650 1 462848 466944
529 1 81920 86016
529 1 73728 77824
10 1 262144 274432
393 1 360448 380928
768 1 184320 196608
10 1 643072 655360
11 1 0 8192
781 6 278528 327680 327680 393216 393216 458752 458752 524288 524288 589824 589824 655360
782 3 0 65536 65536 131072 131072 147456
774 3 471040 524288 524288 589824 589824 606720
360 1 208896 233472
884 1 438272 442368
187 1 172032 196608
896 1 135168 139264
187 1 196608 200704
995 1 249856 253952
19 1 606208 610304
20 1 16384 20480
947 1 643072 647168
19 1 606208 614400
20 1 20480 24576
726 1 540672 544768
726 1 565248 569344
190 1 307200 307712
162 1 118784 121344
90 1 225280 229376
53 1 36864 40960
183 1 344064 352256
52 1 622592 626688
230 2 126976 131072 131072 147456
241 2 184320 196608 196608 217088
190 1 307712 308224
249 1 364544 372736
90 1 159744 163840
907 1 32768 36864
674 1 339968 344064
588 1 294912 295936
296 1 94208 98304
610 1 483328 487424
786 1 593920 606208
881 1 442368 446464
469 1 630784 634880
780 1 169984 171520
71 1 114688 118784
271 1 94208 98304
789 1 36864 40960
789 1 45056 49152
944 1 155648 172032
691 1 151552 155648
813 1 36864 40960
266 1 569344 585728
819 1 98304 102400
821 1 4096 8192
0 1 196608 200704
123 1 598016 602112
829 1 483328 491520
123 1 196608 204800
124 1 12288 16384
957 1 294912 299008
830 1 151552 180224
123 1 282624 286720
702 1 106496 110592
702 1 208896 212992
674 1 503808 524288
563 1 466944 475136
437 1 151552 155648
473 1 577536 581632
312 2 77824 131072 131072 143360
313 1 602112 655360
314 1 0 12288
908 1 552960 557056
335 1 471040 479232
922 1 110592 111616
675 1 511488 519680
856 1 356352 360448
675 1 519680 523776
916 1 528384 532480
90 1 389120 393216
312 8 131072 196608 196608 262144 262144 327680 327680 393216 393216 458752 458752 524288 524288 589824 589824 655360
313 2 524288 589824 589824 655360
314 2 0 65536 65536 131072
313 8 0 65536 65536 131072 131072 196608 196608 262144 262144 327680 327680 393216 393216 458752 458752 524288
409 1 196608 262144
407 1 65536 94720
186 1 364544 368640
342 1 86016 90112
307 1 327680 348672
350 1 266240 315392
349 1 253952 258048
800 9 28672 65536 65536 131072 131072 196608 196608 262144 262144 327680 327680 393216 393216 458752 458752 524288 524288 552960
410 1 0 50688
167 1 16384 20480
171 1 103936 104960
700 1 380928 385024
715 1 118784 122880
950 1 630784 634880
700 1 380928 389120
715 2 122880 131072 131072 135168
203 1 548864 552960
298 1 192512 196608
164 4 413696 458752 458752 524288 524288 589824 589824 655360
165 4 0 65536 65536 131072 131072 196608 196608 212992
789 1 524288 528384
702 1 4096 8192
753 1 622592 643072
898 1 204800 208896
492 1 262144 266240
412 1 181760 182272
841 1 100352 110592
734 1 118784 122880
142 1 461824 462336
469 1 308224 308736
687 1 0 4096
157 1 307200 310784
399 1 266240 269312
881 1 37888 39936
206 1 344064 368640
988 1 4096 57344
975 1 585728 588800
80 1 499712 500736
881 1 39936 41984
988 1 57344 61440
80 1 500736 501760
881 1 221184 225280
345 2 528896 589824 589824 655360
346 7 0 65536 65536 131072 131072 196608 196608 262144 262144 327680 327680 393216 393216 397824
187 1 393216 458752
630 6 197120 262144 262144 327680 327680 393216 393216 458752 458752 524288 524288 589824
347 6 266752 327680 327680 393216 393216 458752 458752 524288 524288 589824 589824 655360
348 3 0 65536 65536 131072 131072 135680
348 8 135680 196608 196608 262144 262144 327680 327680 393216 393216 458752 458752 524288 524288 589824 589824 655360
349 1 0 4608
960 1 499712 503808
636 1 589824 655360
188 1 131072 196608
188 1 524288 589824
864 1 65536 131072
189 1 458752 488448
625 2 524288 589824 589824 655360
626 2 0 65536 65536 131072
888 1 131072 139776
631 1 458752 524288
630 1 589824 655360
631 7 0 65536 65536 131072 131072 196608 196608 262144 262144 327680 327680 393216 393216 458752
630 2 131072 196608 196608 197120
688 1 278528 286720
459 1 163840 172032
832 1 253952 258048
408 1 208896 212992
979 1 4096 8192
944 1 308224 315392
944 4 315392 327680 327680 393216 393216 458752 458752 487424
709 1 323584 327680
55 1 528384 532480
50 1 299008 303104
794 1 446464 450560
982 1 135168 143360
549 1 196608 200704
982 1 143360 147456
27 1 610304 611840
616 1 327680 331776
549 1 147456 151552
940 1 225280 229376
460 1 233472 241664
460 1 241664 245760
357 1 569344 571392
156 1 57344 61440
259 1 212992 225280
658 1 172032 188416
323 1 89088 90112
985 1 104960 106496
167 1 329216 330240
642 1 471040 475136
83 1 0 16384
811 1 246272 252416
83 1 16384 53248
485 1 552960 557056
611 1 233472 241664
272 1 151552 155648
700 1 339968 348160
84 1 221184 225280
796 1 393216 397312
322 1 610304 614400
687 1 0 4096
197 2 86016 131072 131072 176128
942 1 499712 516096
30 1 233472 237568
31 1 143360 147456
855 1 532480 536576
724 2 180224 196608 196608 212992
265 1 552960 557056
968 1 483328 516096
343 1 28672 32768
131 1 466944 471040
392 1 307200 311296
362 1 53248 61440
343 1 28672 32768
800 1 368640 393216
570 1 651264 655360
296 1 217088 221184
394 1 110592 114688
956 1 360448 364544
133 1 393216 397312
956 1 348160 352256
118 1 532480 536576
938 1 413696 425984
127 1 393216 397312
133 1 262144 266240
396 1 573440 581632
807 2 253952 262144 262144 311296
158 1 520192 524288
800 1 393216 397312
48 1 294912 299008
560 2 491520 524288 524288 557056
954 2 540672 589824 589824 606208
866 1 528384 532480
866 1 532480 536576
955 2 475136 524288 524288 540672
615 3 459264 524288 524288 589824 589824 655360
616 6 0 65536 65536 131072 131072 196608 196608 262144 262144 327680 327680 328192
956 2 413696 458752 458752 479232
679 1 589824 593920
680 1 53248 57344
680 1 77824 81920
976 1 524288 540672
219 1 502784 504832
667 1 290816 294912
976 1 540672 544768
688 1 626688 630784
409 1 36864 40960
55 1 593920 594432
414 1 204800 208896
852 1 167936 168448
798 1 503808 507904
665 1 114688 118784
701 1 28672 32768
625 1 77824 80896
666 1 466944 471040
417 1 483328 487424
423 1 421888 425984
898 1 147456 151552
520 1 598016 602112
846 1 176128 180224
728 1 532480 536576
985 1 106496 109056
167 1 330240 331264
582 1 521216 522240
811 1 252416 253440
167 1 331264 333312
421 1 200704 204800
421 1 184320 188416
771 1 409600 421888
168 1 229376 253952
150 1 131072 135168
52 1 81920 86016
510 1 98304 102400
407 1 561152 565248
900 1 253952 262144
52 1 65536 77824
13 1 626688 655360
14 1 0 20480
48 1 262144 270336
59 1 409600 413696
86 1 40960 53248
801 1 573440 577536
702 1 630784 634880
431 1 241664 245760
501 1 598016 602112
701 1 81920 86016
431 1 270336 278528
700 1 335872 339968
723 1 192512 196608
701 1 106496 110592
910 1 479232 483328
976 1 0 3584
388 1 479232 483328
389 1 65536 69632
106 1 634880 638976
650 1 524288 528384
103 1 356352 360448
818 1 245760 249856
387 1 282624 286720
164 1 184320 188416
360 1 135168 143360
387 1 356352 360448
985 1 540672 552960
688 1 196608 200704
387 1 380928 389120
238 1 0 65536
115 1 24576 32768
441 1 479232 487424
275 1 192512 196608
220 1 495616 499712
179 1 565248 569344
622 2 552960 589824 589824 655360
623 7 0 65536 65536 131072 131072 196608 196608 262144 262144 327680 327680 393216 393216 421888
499 1 233472 237568
967 1 266240 270336
220 1 499712 503808
970 1 102400 106496
179 1 630784 634880
561 1 446464 458752
561 1 520192 524288
91 1 61440 61952
220 1 495616 499712
970 1 102400 106496
91 1 61952 62464
179 1 565248 569344
499 1 237568 241664
970 1 102400 106496
206 1 344064 348160
882 1 45056 49152
364 1 201216 202752
881 1 221184 225280
988 2 61440 65536 65536 69632
327 2 520192 524288 524288 532480
882 1 53248 57344
314 1 602112 655360
315 1 0 12288
514 1 348160 348672
315 2 471040 524288 524288 536576
514 1 356352 356864
317 2 16384 65536 65536 81920
404 1 143360 147456
400 1 331776 335872
860 1 335872 339968
404 1 73728 81920
247 1 536576 540672
112 1 323584 327680
169 1 364544 368640
910 1 81920 86016
851 1 258048 262144
48 1 270336 274432
294 1 352256 360448
294 1 368640 372736
396 1 581632 585728
937 1 622592 630784
807 1 311296 315392
837 1 479232 483328
838 1 0 4096
837 1 610304 614400
700 1 217088 221184
242 1 462848 471040
388 1 327680 335872
838 1 192512 196608
838 1 53248 57344
872 1 290816 294912
766 1 364544 372736
838 1 323584 327680
1 1 311296 315392
840 1 69632 73728
838 1 237568 241664
840 1 344064 348160
74 1 122880 126976
840 1 266240 270336
411 1 286720 327680
40 1 364544 368640
50 1 458752 483328
50 1 204800 208896
942 1 503808 507904
497 1 57344 65536
299 1 339968 348160
342 1 90112 98304
350 1 315392 319488
342 1 98304 102400
880 2 196608 262144 262144 266240
473 1 395776 396288
497 1 61440 65536
650 1 466944 471040
375 1 561152 561664
595 1 53248 57344
800 2 552960 589824 589824 655360
801 7 0 65536 65536 131072 131072 196608 196608 262144 262144 327680 327680 393216 393216 421888
694 2 290816 327680 327680 352256
342 1 102400 110592
650 1 536576 569344
700 1 380928 385024
700 1 380928 389120
95 1 349696 350208
900 1 106496 110592
190 1 308224 308736
293 1 630784 655360
294 1 65536 94208
294 1 94208 98304
907 1 32768 36864
294 1 98304 106496
604 1 249856 253952
707 1 77824 81920
158 1 225280 237568
604 1 249856 253952
211 1 589824 593920
707 1 12288 16384
560 1 176128 180224
707 1 110592 114688
604 1 249856 253952
329 1 421888 425984
86 1 8192 36864
955 1 8192 12288
14 1 581632 585728
954 1 593920 598016
728 1 102400 131072
50 1 299008 303104
519 1 237568 245760
957 2 282624 327680 327680 348160
616 2 328192 393216 393216 425984
519 1 245760 249856
38 2 389120 393216 393216 454656
617 2 294912 327680 327680 344064
616 4 425984 458752 458752 524288 524288 589824 589824 655360
617 3 0 65536 65536 131072 131072 147968
39 2 258048 262144 262144 323584
355 1 53248 57344
264 4 438784 458752 458752 524288 524288 589824 589824 655360
265 5 0 65536 65536 131072 131072 196608 196608 262144 262144 307712
979 1 0 4096
979 1 4096 8192
979 2 450560 458752 458752 471040
265 6 307712 327680 327680 393216 393216 458752 458752 524288 524288 589824 589824 655360
266 3 0 65536 65536 131072 131072 176640
492 1 405504 409600
177 1 630784 633344
979 1 0 4096
700 1 397312 401408
286 1 114688 118784
655 1 217088 225280
331 1 319488 323584
355 1 57344 65536
266 2 544768 589824 589824 655360
267 1 0 49664
522 1 335872 339968
266 7 176640 196608 196608 262144 262144 327680 327680 393216 393216 458752 458752 524288 524288 540672
655 1 225280 229376
870 1 372736 380928
988 1 69632 73728
886 1 69632 90112
360 1 552960 561152
71 1 376832 380928
881 1 221184 225280
886 1 90112 94208
919 1 196608 200704
71 1 307200 311296
919 1 258048 262144
80 1 501760 502784
973 1 8192 12288
687 1 4096 8192
252 3 475648 524288 524288 589824 589824 655360
253 6 0 65536 65536 131072 131072 196608 196608 262144 262144 327680 327680 344576
813 1 458752 524288
421 1 345088 346112
42 1 159744 196608
141 1 417792 425984
219 1 504320 505344
819 1 475136 479232
125 1 163840 180224
287 1 458752 462848
766 1 290816 293888
125 1 180224 184320
995 1 249856 253952
125 1 184320 192512
125 1 192512 196608
819 1 233472 258048
819 1 229376 233472
53 1 344064 372736
466 1 471040 479232
54 1 0 32768
642 1 536576 544768
687 1 0 4096
575 1 462848 466944
985 1 109056 110080
323 1 593920 594432
811 1 253440 254464
840 1 147456 151552
840 1 565248 569344
840 1 610304 614400
840 1 368640 372736
841 1 106496 110592
841 1 36864 40960
841 1 319488 323584
841 1 98304 102400
841 1 532480 536576
842 1 24576 28672
343 1 28672 32768
843 1 49152 53248
842 1 618496 622592
843 1 86016 90112
842 1 557056 561152
843 1 57344 65536
863 1 552960 557056
870 1 643072 647168
877 1 73728 81920
877 1 270336 274432
19 1 610304 614400
9 1 241664 245760
865 3 81920 131072 131072 196608 196608 262144
303 1 53248 57344
246 1 573440 577536
763 1 606208 643072
555 1 36864 40960
938 1 299008 303104
763 1 643072 647168
309 1 28672 45056
309 1 61440 65536
734 1 524288 528384
642 1 532480 536576
798 1 65536 86016
798 1 86016 98304
0 1 204800 208896
586 2 311296 327680 327680 335872
157 1 331776 348160
174 5 377344 393216 393216 458752 458752 524288 524288 589824 589824 655360
175 4 0 65536 65536 131072 131072 196608 196608 246272
323 1 90112 91136
323 1 91136 92160
323 1 92160 93184
323 1 93184 95232
175 7 246272 262144 262144 327680 327680 393216 393216 458752 458752 524288 524288 589824 589824 655360
176 1 0 49664
323 1 95232 96256
323 1 96256 97280
764 1 118784 131072
883 1 622592 655360
884 1 0 57344
323 1 97280 98304
699 1 327680 331776
176 6 115200 131072 131072 196608 196608 262144 262144 327680 327680 393216 393216 450560
412 2 147456 196608 196608 225280
175 2 258048 262144 262144 315392
687 1 4096 8192
373 1 169984 170496
944 1 155648 172032
687 1 0 4096
687 1 4096 8192
197 1 176128 180224
393 1 28672 36864
360 1 409600 413696
268 1 442368 446464
314 1 380928 385024
270 1 176128 180224
279 1 565248 573440
300 1 557056 561152
316 1 638976 647168
944 2 155648 196608 196608 204800
687 1 0 4096
728 1 131072 135168
56 1 32768 36864
56 1 126976 131072
56 1 471040 475136
64 1 499712 503808
59 1 315392 319488
59 1 327680 331776
65 1 315392 319488
468 1 458752 462848
789 1 102400 106496
509 1 24576 28672
283 1 233472 237568
389 1 16384 65536
789 1 102400 106496
509 1 24576 28672
650 1 532480 536576
650 1 466944 471040
283 1 233472 237568
389 1 65536 69632
164 1 184320 188416
650 1 532480 536576
36 1 143360 176128
685 1 634880 643072
685 1 462848 471040
877 1 163840 167936
879 1 364544 368640
700 1 286720 290816
876 1 643072 647168
877 1 249856 253952
888 1 163840 167936
897 1 135168 139264
512 1 135168 135680
897 1 176128 180224
897 1 159744 163840
897 1 192512 196608
899 1 491520 495616
898 1 0 4096
904 1 430080 434176
915 1 339968 344064
904 1 462848 466944
498 1 462848 466944
926 1 32768 36864
924 1 434176 438272
21 1 380928 389120
162 2 520192 524288 524288 548864
722 1 180224 181248
162 1 548864 552960
563 1 475136 479232
710 1 241664 245760
804 2 512000 524288 524288 544768
642 1 466944 471040
95 1 143360 147456
58 1 106496 110592
545 1 589824 593920
57 1 40960 54272
61 1 49152 49664
96 1 606208 617472
128 1 487424 491520
958 1 204800 205824
62 1 282624 285184
689 1 184320 188416
973 1 241664 245760
973 1 69632 73728
881 1 41984 56832
80 1 502784 503808
38 1 294912 299008
988 1 73728 81920
881 1 56832 58880
988 1 81920 86016
921 1 638976 643072
920 1 176128 184320
89 1 233472 237568
920 1 446464 450560
927 1 229376 233472
515 1 147456 155648
923 1 241664 245760
926 1 102400 106496
80 1 565248 567808
105 1 430080 434176
936 1 274432 278528
937 1 196608 200704
937 1 393216 397312
938 1 335872 339968
938 1 172032 180224
457 1 561152 577536
624 1 606208 655360
512 1 131072 135168
935 1 528384 532480
937 1 311296 315392
919 1 585728 589824
919 1 602112 651264
694 1 352256 356352
473 1 405504 406016
342 1 110592 114688
650 1 458752 462848
474 1 598016 602112
490 1 77824 90112
497 1 61440 65536
342 1 114688 122880
471 1 651264 655360
472 1 0 4096
646 2 307200 327680 327680 348160
801 4 421888 458752 458752 524288 524288 589824 589824 655360
802 5 0 65536 65536 131072 131072 196608 196608 262144 262144 290816
544 1 4096 12288
474 1 598016 602112
65 1 266240 270336
64 1 446464 450560
61 1 512000 516096
66 1 110592 114688
40 1 360448 364544
195 1 204800 208896
133 1 90112 94208
192 1 380928 385024
304 1 618496 622592
192 1 557056 561152
763 1 98304 99840
302 1 565248 569344
707 1 77824 81920
828 1 528384 532480
828 1 548864 552960
588 1 339968 376832
347 1 380928 385024
723 1 561152 589824
304 1 221184 225280
812 1 544768 548864
805 1 430080 434176
735 1 122880 126976
371 2 516096 524288 524288 552960
371 1 552960 557056
501 2 102400 131072 131072 159744
532 1 532480 536576
148 1 204800 217088
621 1 581632 589824
867 1 299008 303104
949 1 94208 114688
104 1 475136 495616
966 1 598016 602112
647 1 425984 430080
668 1 368640 372736
668 1 294912 299008
276 1 589824 630784
98 1 180224 184320
978 1 654848 655360
742 1 372736 376832
451 1 479232 487424
246 1 565248 569344
318 2 81920 131072 131072 147456
451 1 487424 491520
319 2 81920 131072 131072 147456
514 1 364544 365056
320 1 81920 102912
978 1 654848 655360
144 1 237056 241152
162 1 433664 437760
388 1 262144 282624
388 1 282624 286720
719 1 12288 16384
104 2 249856 262144 262144 278528
611 1 237568 241664
5 2 581632 589824 589824 655360
6 1 0 8192
388 1 286720 294912
104 1 278528 282624
130 1 253952 258048
602 1 208896 245760
61 1 614400 655360
62 1 0 28672
9 1 651264 655360
10 1 0 57344
388 1 294912 299008
307 1 577536 579072
10 1 57344 61440
564 1 536576 540672
938 9 119296 131072 131072 196608 196608 262144 262144 327680 327680 393216 393216 458752 458752 524288 524288 589824 589824 614400
939 1 577536 581632
939 2 520704 524288 524288 532480
378 1 450560 454656
938 1 614400 655360
939 8 0 65536 65536 131072 131072 196608 196608 262144 262144 327680 327680 393216 393216 458752 458752 467456
849 1 327680 331776
62 1 344064 372736
939 1 467456 483328
946 8 151552 196608 196608 262144 262144 327680 327680 393216 393216 458752 458752 524288 524288 589824 589824 655360
947 1 0 4608
378 1 450560 454656
536 1 118784 126976
947 9 4608 65536 65536 131072 131072 196608 196608 262144 262144 327680 327680 393216 393216 458752 458752 524288 524288 528896
401 1 414208 415232
167 1 333312 334336
89 1 106496 118784
31 1 270336 274432
642 1 475136 479232
985 1 110080 111104
128 1 430080 458752
728 1 573440 589824
309 1 262144 274432
298 2 0 65536 65536 102400
115 1 507904 512000
40 1 196608 262144
617 3 147968 196608 196608 262144 262144 294912
560 1 557056 561152
41 1 524288 586240
617 5 344064 393216 393216 458752 458752 524288 524288 589824 589824 655360
618 2 0 65536 65536 66048
41 1 586240 589824
42 1 458752 524288
700 1 380928 385024
583 1 647168 651264
542 1 438272 438784
231 1 36864 40960
231 1 53248 61440
57 1 131072 135168
687 1 0 4096
253 5 344576 393216 393216 458752 458752 524288 524288 589824 589824 655360
254 4 0 65536 65536 131072 131072 196608 196608 213504
596 1 110592 118784
596 1 118784 122880
100 1 81920 98304
426 1 393216 401408
128 1 483328 487424
995 1 249856 262144
125 1 262144 270336
442 1 409600 413696
850 1 577536 585728
33 1 122880 131072
697 2 192512 196608 196608 221184
125 1 270336 274432
198 1 212992 217088
707 1 65536 69632
697 1 221184 225280
542 1 372736 380928
542 1 380928 385024
753 1 151552 155648
78 2 192512 196608 196608 204800
411 1 12288 16384
100 1 315392 319488
999 1 557056 573440
165 1 102400 106496
76 1 204800 208896
546 1 237568 262144
68 1 24576 28672
68 1 32768 40960
276 1 630784 634880
165 1 110592 114688
78 1 204800 208896
90 1 241664 249856
59 1 376832 380928
50 1 204800 208896
967 1 233472 241664
516 1 569344 573440
45 1 397312 401408
573 1 434176 438272
110 1 81920 86016
29 1 487424 503808
165 1 212992 217088
700 1 380928 385024
753 1 643072 647168
950 1 630784 634880
624 2 516096 524288 524288 528384
688 1 507904 516096
487 2 569344 589824 589824 634880
418 1 634880 655360
419 1 0 24576
465 1 77824 81920
794 1 573440 577536
62 1 348160 348672
857 1 495616 498688
822 1 253952 258048
76 1 176128 179200
65 2 253952 262144 262144 272384
642 1 462848 466944
108 1 151552 155648
545 1 638976 643072
6 1 274432 278528
216 1 626688 630784
546 1 204800 208896
905 1 118784 122880
950 1 241664 245760
252 1 8192 24576
457 1 212992 221184
546 1 475136 479232
85 1 110592 114688
175 1 540672 541184
650 1 466944 471040
728 1 528384 532480
985 1 135168 139264
470 1 173056 177152
990 1 651264 655360
339 2 258048 262144 262144 278528
478 1 315392 319488
990 1 126976 131072
339 1 212992 217088
312 1 122880 126976
117 1 315392 323584
67 1 303104 307200
972 1 417792 421888
864 1 565248 569344
811 1 254464 255488
401 1 415232 416256
167 1 334336 336384
89 1 118784 122880
985 1 111104 113152
811 1 255488 256512
401 1 416256 417280
938 1 249856 253952
486 1 139264 155648
411 1 294912 299008
938 1 471040 491520
96 1 143360 147456
101 1 557056 561152
95 1 57344 61440
102 1 155648 172032
85 1 192512 196608
95 1 610304 614400
622 1 135168 139264
35 1 643072 651264
578 1 450560 454656
765 1 176128 180224
579 1 458752 462848
343 1 28672 32768
276 1 573440 577536
193 1 221184 225280
269 1 221184 225280
791 1 421888 425984
50 1 299008 303104
447 2 20480 65536 65536 94208
901 1 12288 16384
674 1 131072 151552
642 1 466944 475136
13 1 208896 212992
13 1 274432 282624
956 1 507904 516096
203 1 114688 126976
894 1 266240 270336
203 1 126976 131072
850 1 348160 380928
956 1 512000 516096
221 1 524288 532480
221 1 532480 536576
956 1 512000 516096
615 1 512000 524288
221 1 536576 544768
616 1 0 4096
221 1 544768 548864
528 1 139264 147456
881 2 58880 65536 65536 67584
206 1 368640 389120
988 1 86016 118784
38 1 294912 299008
994 1 602112 606208
994 1 634880 638976
515 1 155648 159744
822 1 344064 352256
173 1 536576 540672
984 1 163840 172032
400 1 126976 131072
653 3 233472 262144 262144 327680 327680 360448
707 1 397312 401408
612 1 651264 655360
613 1 0 12288
36 1 286720 303104
710 1 204800 208896
899 1 516096 520192
236 1 126976 131072
36 1 262144 282624
328 1 557056 561152
542 1 163840 167936
894 1 196608 200704
894 1 221184 225280
625 1 0 4096
342 1 122880 126976
646 1 348160 352256
544 1 12288 16384
497 1 61440 65536
342 1 126976 131072
638 1 491520 494080
108 1 219136 220160
52 1 65536 69632
802 6 290816 327680 327680 393216 393216 458752 458752 524288 524288 589824 589824 655360
803 2 0 65536 65536 94208
52 1 69632 73728
764 1 417792 450560
531 1 331776 335872
728 1 466944 471040
228 1 557056 561152
793 1 630784 634880
201 1 286720 287744
207 1 61440 65536
6 1 331776 335872
545 2 454656 458752 458752 487424
349 1 151552 155648
259 1 352256 360448
109 1 315392 323584
68 1 45056 49152
629 1 376832 377344
76 1 204800 208896
109 1 471040 479232
867 1 307200 319488
90 1 184320 188416
53 1 249856 253952
447 1 94208 98304
979 1 4096 8192
642 1 532480 536576
489 1 167936 168448
791 1 524288 540672
267 9 49664 65536 65536 131072 131072 196608 196608 262144 262144 327680 327680 393216 393216 458752 458752 524288 524288 573952
642 1 466944 475136
489 1 176128 176640
141 2 315392 327680 327680 331776
489 1 184320 184832
791 1 540672 561152
928 1 396800 397312
267 2 573952 589824 589824 655360
268 6 0 65536 65536 131072 131072 196608 196608 262144 262144 327680 327680 377344
254 1 102400 118784
269 1 340480 348160
738 1 397312 401408
751 1 540672 542720
435 2 94208 131072 131072 159744
15 1 598016 630784
927 1 167936 172032
873 1 516096 520192
704 1 491520 495616
414 1 73728 98304
414 1 98304 102400
678 1 569344 585728
642 1 466944 471040
650 1 466944 471040
804 1 618496 634880
650 1 466944 471040
642 1 466944 471040
13 1 290816 294912
82 1 106496 110592
117 1 503808 507904
33 1 217088 221184
267 1 397312 401408
381 1 557056 561152
350 1 319488 323584
118 1 200704 204800
645 1 286720 290816
347 1 0 4096
847 1 471040 475136
619 1 204800 208896
118 1 139264 143360
43 1 327680 393216
676 1 503808 520192
388 1 536576 544768
618 9 66048 131072 131072 196608 196608 262144 262144 327680 327680 393216 393216 458752 458752 524288 524288 589824 589824 590336
44 1 524288 589824
677 1 323584 327680
45 1 458752 524288
886 1 188416 192512
46 1 196608 262144
294 1 106496 110592
907 1 32768 40960
294 1 110592 118784
294 1 118784 122880
476 1 12288 16384
159 1 622592 655360
907 1 36864 40960
160 1 131072 155648
358 1 487424 495616
160 1 155648 159744
358 1 495616 499712
924 1 151552 153088
619 1 20480 24576
924 1 147456 151552
205 1 4096 40960
470 1 177152 181248
666 1 643072 646144
6 1 397312 401408
650 1 462848 466944
550 1 73728 106496
204 1 434176 438272
60 1 65536 69632
839 1 495616 499712
57 1 528384 532480
265 1 135168 139264
979 1 0 4096
78 1 303104 303616
979 1 4096 8192
229 1 397312 417792
229 1 393216 397312
229 1 417792 458752
384 1 262144 327680
91 1 258048 262144
485 1 405504 409600
88 1 180224 192512
864 1 0 65536
55 1 593920 594432
40 1 364544 368640
591 1 491520 495616
236 1 249856 253952
233 1 12288 16384
613 1 462848 466944
311 1 544768 548864
219 1 294912 303104
811 1 430080 434176
346 1 483328 487424
89 1 233472 237568
346 1 348160 352256
537 1 339968 344064
162 1 331776 335872
657 1 540672 544768
162 1 344064 348160
137 1 565248 569344
841 1 122880 126976
843 1 122880 126976
178 1 454656 458752
142 2 49152 65536 65536 102400
142 1 102400 106496
813 1 548864 565248
354 1 344064 348160
311 1 483328 487424
642 1 532480 536576
891 1 520192 524288
495 1 540672 544256
695 1 524288 532480
286 1 40960 53248
126 1 200704 204800
702 1 421888 425984
353 1 462848 487424
536 1 126976 131072
642 1 466944 475136
501 1 237568 241664
141 1 286720 290816
167 1 569344 589824
126 1 192512 196608
947 2 528896 589824 589824 655360
948 7 0 65536 65536 131072 131072 196608 196608 262144 262144 327680 327680 393216 393216 397824
501 1 503808 507904
800 1 0 20480
175 1 393216 413696
642 1 536576 544768
353 1 487424 491520
167 1 336384 337920
575 1 462848 466944
642 1 540672 544768
985 1 113152 115200
401 1 417280 418304
167 1 337920 338432
89 1 122880 131072
674 1 16384 32768
547 1 266240 270336
459 1 585728 589824
457 1 221184 225280
399 1 184320 192512
642 1 466944 471040
551 1 614400 618496
642 1 561152 565248
859 1 36864 45056
399 1 192512 196608
552 1 180224 184320
859 1 45056 49152
624 1 405504 413696
459 1 585728 589824
553 1 385024 389120
642 1 495616 499712
558 1 561152 565248
0 1 438272 458752
252 1 24576 45056
459 1 585728 589824
385 1 630784 634880
681 1 32768 36864
464 1 53248 57344
654 2 491520 524288 524288 528384
115 1 135168 139264
0 1 434176 438272
798 1 212992 217088
650 1 532480 540672
309 1 8192 12288
955 1 348160 352256
622 1 20480 24576
838 1 466944 471040
658 1 221184 229376
783 1 172032 176128
448 1 483328 487424
539 1 36864 40960
84 1 315392 319488
466 1 131072 135168
924 1 77824 118784
257 1 327680 331776
51 1 450560 458752
54 1 32768 36864
908 1 405504 421888
323 1 98304 99328
635 2 307200 327680 327680 339968
176 4 450560 458752 458752 524288 524288 589824 589824 639488
69 1 417792 422400
635 1 339968 344064
323 1 99328 100352
578 1 266240 274432
323 1 100352 101376
111 1 98304 114688
578 1 274432 278528
176 1 639488 655360
177 8 0 65536 65536 131072 131072 196608 196608 262144 262144 327680 327680 393216 393216 458752 458752 508416
784 1 176128 180224
323 1 101376 102400
178 3 241664 262144 262144 327680 327680 381440
177 3 508416 524288 524288 589824 589824 655360
178 4 0 65536 65536 131072 131072 196608 196608 237568
64 1 618496 622592
426 1 401408 405504
445 1 425984 430080
251 1 614400 630784
254 7 213504 262144 262144 327680 327680 393216 393216 458752 458752 524288 524288 589824 589824 655360
255 2 0 65536 65536 82432
141 1 487424 491520
255 2 82432 131072 131072 135168
100 1 98304 118784
848 1 49152 51200
220 1 499712 503808
179 1 630784 634880
970 1 102400 106496
866 1 410624 411136
179 1 565248 573440
91 1 62464 62976
91 1 62976 63488
91 1 63488 64000
866 1 411136 411648
233 1 270336 286720
650 1 466944 471040
137 1 339968 356352
949 1 303104 307200
91 1 64000 64512
804 1 389120 393216
805 1 327680 344064
91 1 64512 65024
91 1 65024 65536
866 1 411648 412160
586 1 266240 269312
611 1 237568 241664
564 1 561152 569344
388 1 299008 307200
388 1 307200 311296
878 2 380928 393216 393216 401408
835 2 57344 65536 65536 73728
611 1 237568 245760
388 1 311296 319488
485 1 552960 557056
388 1 319488 323584
878 1 401408 413696
927 1 339968 340480
611 1 241664 245760
800 1 131072 147456
468 1 458752 462848
36 1 176128 180224
217 1 512000 516096
20 2 167936 196608 196608 200704
478 1 249856 258048
310 1 28672 32768
478 1 258048 262144
20 1 200704 204800
650 1 466944 471040
66 1 536576 552960
625 1 356352 360448
650 1 532480 544768
283 1 237568 241664
650 1 475136 479232
650 1 540672 544768
283 1 237568 241664
267 2 192512 196608 196608 200704
0 1 0 8192
986 1 471040 475136
311 1 45056 53248
650 1 466944 471040
85 1 114688 118784
470 1 181248 185344
388 1 389120 393216
852 1 430080 450560
840 1 94208 98304
728 1 532480 552960
38 1 294912 299008
988 1 118784 122880
240 2 446464 458752 458752 462848
206 1 368640 372736
240 1 462848 466944
988 1 122880 131072
988 1 131072 135168
881 1 67584 70144
687 1 4096 8192
687 1 0 4096
382 1 86016 106496
944 1 155648 172032
642 1 466944 471040
687 1 4096 8192
952 2 57344 65536 65536 73728
642 1 458752 462848
687 1 0 4096
603 1 557056 561152
67 1 229376 237568
387 1 581632 585728
604 1 208896 217088
47 1 98304 102400
407 1 438272 458752
503 1 589824 622592
503 1 622592 626688
554 1 458752 462848
554 1 471040 483328
999 1 589824 593920
999 1 602112 606208
76 1 204800 208896
227 1 286720 290816
227 1 294912 303104
583 1 114688 122880
90 1 249856 253952
252 1 233472 262144
262 1 647168 655360
263 1 0 8192
583 1 122880 126976
674 1 360448 372736
76 1 204800 208896
963 1 618496 651264
90 1 184320 188416
772 1 638976 655360
773 1 0 4096
477 1 233472 241664
477 1 241664 245760
750 1 417792 434176
320 2 102912 131072 131072 147456
746 1 32768 36864
320 1 606208 655360
321 1 0 16384
917 1 208896 212992
884 1 319488 327680
884 1 405504 409600
126 2 122880 131072 131072 175104
322 2 16384 65536 65536 81920
933 1 417792 421888
933 2 446464 458752 458752 462848
420 1 143360 147456
561 1 65536 69632
89 1 233472 237568
623 1 167936 172032
240 1 483328 487424
536 1 360448 364544
849 1 507904 512000
278 1 532480 536576
456 1 221184 225280
102 1 45056 49152
87 1 397312 401408
109 1 364544 368640
876 1 413696 417792
125 1 172032 176128
679 2 188416 196608 196608 204800
747 1 77824 81920
824 2 236544 262144 262144 302080
651 1 524288 525824
236 1 139264 142848
401 1 418304 419328
985 1 115200 116224
167 1 338432 339456
821 1 282624 286720
89 1 131072 135168
866 1 528384 532480
618 1 590336 655360
619 8 0 65536 65536 131072 131072 196608 196608 262144 262144 327680 327680 393216 393216 458752 458752 459264
47 2 69632 131072 131072 135168
866 1 532480 536576
47 2 462848 524288 524288 528384
676 1 520192 524288
48 2 331776 393216 393216 393728
866 1 528384 532480
620 3 217088 262144 262144 327680 327680 332288
677 1 262144 278528
890 1 471040 516096
255 1 212992 229376
399 1 319488 323584
413 1 139264 143360
411 1 442368 446464
336 1 299008 303104
413 1 114688 118784
393 1 155648 159744
202 1 396800 400896
251 1 630784 651264
255 7 245760 262144 262144 327680 327680 393216 393216 458752 458752 524288 524288 589824 589824 655360
256 1 0 45568
546 1 507904 516096
336 1 307200 315392
141 1 421888 425984
798 1 65536 81920
642 1 466944 475136
786 1 536576 540672
786 1 536576 544768
887 1 528384 532480
414 1 630784 634880
751 1 172032 176128
119 1 405504 409600
756 1 540672 544768
200 1 151552 155648
235 1 618496 622592
340 1 446464 450560
650 1 532480 536576
623 1 544768 548864
766 1 454656 458752
900 1 458752 462848
88 1 122880 126976
801 1 290816 294912
849 1 28672 32768
946 1 307200 311296
563 1 626688 630784
210 1 565248 569344
821 1 565248 569344
50 1 204800 208896
50 1 299008 303104
29 1 503808 524288
642 1 466944 471040
698 1 143360 147456
317 1 307200 308224
633 1 634880 638976
277 1 266240 270336
710 1 294912 299008
489 1 102400 122880
131 2 229376 262144 262144 290816
268 4 430080 458752 458752 524288 524288 589824 589824 655360
269 5 0 65536 65536 131072 131072 196608 196608 262144 262144 291328
269 1 348160 364544
269 1 291328 327680
470 2 573440 589824 589824 602112
269 1 409600 425984
916 1 630784 651264
77 1 286720 290816
489 1 192512 193024
979 1 0 4096
973 1 57344 61440
973 1 237568 241664
919 1 196608 200704
881 1 70144 71680
6 1 274432 278528
988 1 135168 143360
38 1 294912 299008
711 1 4096 12288
707 1 0 4096
18 1 503808 516096
18 1 577536 581632
733 1 90112 94208
18 1 581632 589824
18 1 647168 655360
19 1 0 4096
635 1 434176 438272
893 1 147456 151552
586 1 622592 626688
162 1 499712 524288
698 1 262144 266240
698 1 266240 270336
763 1 94208 102400
763 1 69632 77824
215 2 319488 327680 327680 352256
113 1 409600 413696
414 1 155648 163840
414 1 163840 167936
215 1 352256 356352
507 1 360448 368640
507 1 368640 372736
324 1 552960 557056
324 1 561152 565248
553 1 475136 477696
324 1 155648 158208
588 1 458752 459264
524 1 212992 221184
524 1 221184 225280
565 2 585728 589824 589824 593920
804 1 172032 188416
550 1 106496 110592
978 1 503808 507904
650 1 532480 536576
565 1 593920 598016
364 1 626176 630272
678 1 483328 499712
650 1 532480 540672
728 1 552960 557056
966 1 393216 417792
819 1 233472 237568
54 1 36864 40960
61 2 385024 393216 393216 401408
53 1 630784 634880
53 1 634880 638976
40 1 286720 290304
763 1 647168 655360
764 1 0 4096
9 1 241664 245760
764 1 4096 12288
120 1 32768 49152
764 1 12288 16384
13 1 335872 339968
9 1 241664 245760
764 1 16384 24576
764 1 24576 28672
108 1 220160 221184
803 5 159744 196608 196608 262144 262144 327680 327680 393216 393216 450560
804 1 327680 335872
803 4 450560 458752 458752 524288 524288 589824 589824 655360
804 1 0 20480
108 1 221184 222208
804 1 20480 32768
804 5 36864 65536 65536 131072 131072 196608 196608 262144 262144 327680
804 4 335872 393216 393216 458752 458752 524288 524288 557056
9 1 352256 356352
894 1 73728 94208
609 1 614400 618496
98 1 57344 61440
158 1 208896 212992
989 1 204800 208896
802 1 192512 196608
89 1 233472 237568
561 1 143360 151552
441 1 409600 413696
0 1 98304 102400
434 1 69632 73728
434 1 86016 90112
750 1 131072 135168
508 1 647168 651264
0 1 196608 200704
1 1 143360 147456
828 1 491520 495616
513 1 36864 40960
513 1 458752 462848
527 1 389120 393216
527 1 376832 380928
513 1 49152 53248
828 1 479232 483328
513 1 471040 475136
604 1 249856 253952
48 1 626688 643072
707 1 12288 20480
478 2 126976 131072 131072 135168
478 1 135168 139264
90 1 491520 495616
184 1 429568 433664
222 1 348160 352256
90 1 557056 561152
184 1 429568 433664
90 1 491520 495616
863 2 585728 589824 589824 606208
604 1 249856 253952
90 1 557056 561152
707 1 81920 86016
510 1 65536 94208
46 1 634880 638976
443 1 77824 81920
76 1 204800 208896
0 1 94208 102400
995 1 528384 532480
90 1 249856 253952
999 1 16384 20480
0 1 319488 323584
34 1 114688 118784
35 1 356352 360448
76 1 204800 208896
619 3 459264 524288 524288 589824 589824 655360
620 4 0 65536 65536 131072 131072 196608 196608 212992
866 1 532480 536576
48 1 393728 397312
866 1 528384 532480
49 2 135168 196608 196608 200704
866 1 532480 536576
513 1 614400 618496
640 1 212992 217088
528 1 147456 151552
240 1 548864 552960
513 1 626688 630784
779 1 569344 573440
560 1 335872 339968
560 1 323584 327680
640 1 200704 204800
630 1 155648 159744
259 1 290816 294912
779 1 577536 581632
401 1 419328 419840
985 1 116224 117760
167 1 339456 342016
401 1 419840 420864
821 1 286720 294912
65 1 385024 389120
167 1 342016 345600
985 1 117760 121344
401 1 420864 421888
56 1 81920 86016
819 1 565248 569344
497 1 0 65536
500 2 110592 131072 131072 143360
500 1 143360 147456
948 2 397824 458752 458752 524288
948 2 557056 589824 589824 655360
949 5 0 65536 65536 131072 131072 196608 196608 262144 262144 299520
167 1 589824 602112
800 1 20480 32768
949 6 299520 327680 327680 393216 393216 458752 458752 524288 524288 589824 589824 655360
950 3 0 65536 65536 131072 131072 168448
642 1 475136 479232
950 1 168448 188416
950 4 438784 458752 458752 524288 524288 589824 589824 631296
480 1 299008 303104
65 1 569344 571392
236 1 253440 261632
642 1 561152 569344
459 1 585728 589824
674 1 32768 53248
642 1 499712 503808
459 1 585728 589824
642 1 565248 569344
459 1 585728 589824
93 1 589824 598016
956 2 192512 196608 196608 200704
94 1 245760 249856
487 1 634880 638976
154 1 225280 233472
347 1 249856 258048
419 1 24576 28672
240 1 450560 453120
64 1 503808 507904
347 1 253952 258048
64 1 434176 438272
535 1 303104 311296
470 1 185344 189440
85 1 110592 114688
897 1 589824 622592
789 1 221184 225280
339 1 258048 262144
560 1 654848 655360
561 1 0 11776
894 2 503808 524288 524288 573440
117 1 319488 323584
470 1 189440 192512
205 1 36864 45056
550 1 110592 118784
713 1 8192 12288
388 2 323584 327680 327680 331776
673 1 196608 217088
388 1 331776 335872
642 1 487424 491520
415 1 12288 20480
388 1 167936 172032
505 2 389120 393216 393216 397312
611 1 241664 245760
388 1 335872 352256
505 1 397312 401408
726 1 86016 90112
501 1 491520 495616
503 1 602112 606208
295 1 552960 557056
896 1 221184 258048
503 1 401408 405504
142 1 458752 462848
408 1 282624 286720
65 1 593920 595968
954 1 602112 606208
642 1 532480 544768
243 1 528384 529920
333 1 610304 611840
86 1 270336 271872
698 1 253952 259072
713 2 147456 196608 196608 225280
477 1 245760 253952
317 1 622592 623616
642 1 475136 479232
151 1 372736 376832
151 1 311296 315392
267 1 229376 233472
267 1 307200 311296
267 1 290816 294912
814 1 208896 212992
147 1 614400 618496
676 1 233472 237568
319 1 229376 233472
890 1 516096 520192
546 1 516096 520192
843 1 139264 163840
704 1 536576 544768
256 2 45568 65536 65536 81920
219 1 143360 151552
658 1 69632 73728
339 1 512000 516096
870 1 446464 450560
531 1 651264 655360
532 1 0 8192
286 1 364032 372224
286 1 404992 409088
862 1 339456 343552
862 1 450048 458240
862 1 495104 499200
862 1 318976 323072
862 1 646656 650752
862 2 392704 393216 393216 400896
862 1 474624 482816
862 1 581120 585216
863 1 114176 122368
522 1 24576 32768
650 1 532480 536576
679 1 24576 45056
17 1 262144 265216
480 1 45056 45568
164 2 90112 131072 131072 155648
591 1 405504 409600
591 1 471040 479232
591 1 409600 413696
94 1 163840 167936
94 1 561152 565248
94 1 516096 520192
94 1 86016 90112
94 1 339968 344064
95 1 270336 274432
95 1 466944 471040
95 1 114688 118784
95 1 405504 409600
642 1 499712 503808
95 1 544768 548864
96 1 172032 176128
96 1 487424 491520
95 1 606208 610304
96 1 380928 385024
97 1 135168 139264
97 1 552960 557056
97 1 16384 20480
97 1 327680 331776
322 2 479232 524288 524288 544768
933 1 475136 483328
342 2 425984 458752 458752 491520
933 1 503808 507904
318 1 471040 474624
953 1 585728 589824
746 1 65536 69632
343 2 557056 589824 589824 622592
933 1 512000 516096
831 1 0 4096
283 1 0 4096
945 1 81920 86016
344 2 360448 393216 393216 425984
933 1 536576 544768
345 1 163840 184832
265 1 335872 339968
10 1 12288 16384
933 1 548864 552960
712 1 57344 61440
233 1 286720 307200
998 2 404480 458752 458752 470016
91 1 65536 66048
103 1 430080 434176
91 1 66048 66560
86 1 477184 477696
91 1 66560 67072
934 1 352256 360448
150 1 266240 270336
650 1 532480 540672
150 1 282624 290816
960 1 69632 72192
866 1 412160 412672
804 1 520192 524288
805 1 589824 598016
91 1 67072 67584
650 1 471040 475136
86 1 477696 478208
49 1 593920 655360
50 1 0 4096
620 5 332288 393216 393216 458752 458752 524288 524288 589824 589824 655360
621 3 0 65536 65536 131072 131072 135680
51 2 200704 262144 262144 266240
369 1 176128 180224
150 1 471040 475136
953 1 278528 282624
151 1 8192 12288
307 1 212992 221184
129 1 512000 516096
129 1 421888 434176
345 1 462848 466944
346 1 212992 217088
346 1 200704 204800
989 1 557056 561152
650 1 475136 483328
225 2 548864 589824 589824 593920
709 1 65536 102400
66 1 552960 573440
217 1 512000 516096
225 1 593920 598016
709 1 102400 106496
310 1 28672 32768
650 1 544768 548864
739 1 401408 405504
556 1 253952 262144
650 1 479232 487424
286 1 98304 102400
650 1 548864 552960
247 1 491520 495616
641 1 90112 102400
259 1 303104 307200
78 1 622592 626688
690 1 270336 274432
343 1 28672 32768
170 1 90112 94208
27 1 45056 49152
1 1 573440 577536
558 1 552960 561152
502 1 417792 421888
90 1 212992 217088
576 1 618496 622592
1 1 208896 212992
242 1 552960 557056
443 1 135168 139264
802 1 589824 606208
236 1 520192 524288
561 1 151552 155648
650 1 462848 466944
650 1 471040 475136
343 1 28672 32768
802 1 323584 327680
102 2 184320 196608 196608 212992
286 1 417280 425472
864 1 151040 155136
863 1 134656 138752
862 1 384512 388608
864 2 323072 327680 327680 331264
862 1 462336 470528
866 1 286208 290304
866 1 192000 196096
862 1 560640 564736
863 1 48640 52736
863 1 183808 187904
866 1 151040 155136
866 1 421376 425472
866 1 331264 335360
866 1 343552 347648
866 1 536064 540160
867 1 114176 118272
94 1 577536 581632
95 1 303104 307200
95 1 532480 536576
98 1 147456 151552
98 1 376832 380928
98 1 454656 458752
97 1 258048 262144
97 1 462848 466944
97 1 446464 450560
96 1 262144 266240
95 1 581632 585728
98 1 589824 593920
96 1 503808 507904
97 1 143360 147456
97 1 585728 589824
98 1 327680 331776
97 1 569344 573440
98 1 442368 446464
98 1 208896 212992
98 1 385024 389120
607 1 319488 323584
477 1 163840 167936
776 1 421888 425984
797 1 94208 98304
485 2 290816 327680 327680 331776
240 1 409600 417280
643 1 49152 53248
643 1 69632 73728
121 1 651264 655360
53 1 638976 647168
972 1 389120 393216
943 1 516096 520192
713 2 225280 262144 262144 282624
520 1 442368 446464
485 1 331776 335872
53 1 647168 651264
445 1 409600 413696
91 1 105984 114176
897 1 622592 626688
470 1 245760 246784
894 1 573440 577536
728 1 557056 577536
550 1 118784 122880
371 1 81920 82944
713 1 32768 36864
470 1 246784 249856
85 1 114688 118784
35 1 376832 380928
35 1 368640 372736
90 1 184320 188416
294 1 159744 163840
0 1 147456 163840
586 1 339968 352256
640 1 167936 172032
515 1 532480 536576
158 1 4096 8192
283 1 249856 253952
656 1 356352 364544
534 1 339968 344064
467 1 81920 98304
441 1 135168 167936
115 1 323584 327680
400 1 356352 360448
612 1 598016 626688
467 1 98304 102400
866 1 478720 495104
867 1 81408 85504
867 1 294400 298496
867 1 220672 224768
866 1 462336 466432
867 1 56832 65024
867 1 441856 445952
867 1 433664 437760
867 1 511488 515584
867 1 212480 216576
867 1 343552 368128
867 1 499200 503296
868 1 220672 224768
868 1 478720 482816
867 1 548352 552448
868 1 265728 269824
868 1 499200 503296
909 1 626688 628224
867 1 605696 613888
868 1 376320 380416
1 1 638976 643072
11 1 425984 430080
58 1 651264 655360
650 1 483328 491520
22 1 466944 471040
59 1 28672 36864
22 2 450560 458752 458752 462848
22 1 438272 446464
59 1 45056 49152
59 1 12288 20480
87 1 81920 90112
87 1 53248 65536
1 1 643072 655360
2 1 0 8192
484 1 589824 598016
85 1 475136 487424
87 1 98304 106496
87 1 69632 77824
87 1 114688 118784
459 1 172032 176128
424 1 352256 356352
424 1 294912 299008
424 1 24576 28672
498 1 471040 512000
422 1 573440 577536
424 1 507904 512000
292 1 503808 516096
259 2 126976 131072 131072 143360
694 1 561152 565248
498 1 512000 516096
292 2 573440 589824 589824 655360
293 1 0 4096
503 1 184320 196608
15 1 544768 548864
15 1 540672 544768
674 1 405504 425984
503 1 196608 200704
15 1 544768 548864
503 1 200704 204800
65 1 380928 385024
569 1 487424 495616
779 2 90112 131072 131072 139264
167 1 345600 346624
985 1 121344 122368
60 1 40960 61440
401 1 421888 422912
779 1 139264 147456
167 1 346624 347648
985 1 122368 123392
881 1 71680 73728
988 1 143360 147456
206 2 389120 393216 393216 409600
988 1 147456 180224
988 1 180224 184320
415 1 65536 73728
415 1 73728 77824
881 1 73728 76288
206 1 389120 393216
513 1 286208 290304
734 1 3584 7680
550 1 175616 179712
988 1 184320 192512
881 1 76288 77824
104 1 520192 524288
988 1 192512 196608
919 1 585728 589824
919 1 602112 651264
490 1 77824 90112
804 2 557056 589824 589824 655360
805 7 0 65536 65536 131072 131072 196608 196608 262144 262144 327680 327680 393216 393216 425984
646 1 352256 368640
646 1 368640 372736
720 1 94720 95232
805 4 425984 458752 458752 524288 524288 589824 589824 655360
806 5 0 65536 65536 131072 131072 196608 196608 262144 262144 294912
180 1 65536 69632
179 2 192512 196608 196608 246272
178 5 381440 393216 393216 458752 458752 524288 524288 589824 589824 655360
179 3 0 65536 65536 131072 131072 192512
570 1 12288 20480
180 1 69632 119296
179 7 246272 262144 262144 327680 327680 393216 393216 458752 458752 524288 524288 589824 589824 655360
180 1 0 65536
570 1 20480 24576
32 1 335872 352256
192 1 483328 487424
111 2 114688 131072 131072 135168
260 1 565248 569344
784 1 241664 245760
180 9 119296 131072 131072 196608 196608 262144 262144 327680 327680 393216 393216 458752 458752 524288 524288 589824 589824 643584
650 1 466944 471040
192 1 409600 413696
95 1 620032 620544
802 1 434176 450560
98 1 540672 544768
98 1 503808 512000
99 1 167936 172032
99 1 110592 118784
99 1 8192 16384
99 2 319488 327680 327680 331776
99 1 270336 274432
99 1 626688 630784
99 1 176128 180224
99 1 352256 356352
99 1 405504 417792
100 1 61440 65536
100 1 172032 176128
100 1 434176 438272
100 1 462848 466944
100 1 442368 446464
103 1 61440 65536
103 1 172032 176128
103 1 102400 110592
103 1 86016 90112
594 1 634880 647168
705 1 262144 266240
501 1 151552 196608
483 1 618496 622592
750 1 471040 475136
437 1 548864 557056
635 1 348160 352256
501 2 245760 262144 262144 266240
501 1 266240 270336
264 1 544256 544768
373 1 174592 175104
859 1 303104 303616
373 1 175616 176128
691 1 155648 159744
839 9 127488 131072 131072 196608 196608 262144 262144 327680 327680 393216 393216 458752 458752 524288 524288 589824 589824 651776
687 1 4096 8192
252 1 352256 356352
10 1 577536 581632
282 1 278528 282624
790 1 614400 618496
933 1 569344 573440
96 1 368640 376832
514 1 372736 373248
10 1 614400 618496
175 1 143360 147456
471 1 614400 622592
933 1 593920 598016
669 2 446464 458752 458752 487424
346 2 119296 131072 131072 163840
121 1 122880 126976
979 1 0 512
471 1 622592 626688
939 2 389120 393216 393216 405504
347 2 90112 131072 131072 155648
843 1 163840 167936
256 7 86016 131072 131072 196608 196608 262144 262144 327680 327680 393216 393216 458752 458752 508416
532 1 73728 98304
707 1 73728 77824
532 1 98304 102400
135 1 564736 568832
694 1 102400 106496
851 1 139264 143360
222 1 405504 409600
492 1 372736 380928
630 1 159744 163840
492 1 380928 385024
832 1 0 32768
3 2 126976 131072 131072 188416
630 1 163840 167936
81 1 253952 258048
78 1 643072 647168
912 1 57344 61440
184 1 446464 447488
371 1 147456 151552
979 1 4096 8192
301 1 540672 544768
163 1 627200 655360
164 8 0 65536 65536 131072 131072 196608 196608 262144 262144 327680 327680 393216 393216 458752 458752 496128
164 2 496128 524288 524288 589824
457 2 323584 327680 327680 364544
868 1 531968 536064
240 1 36352 40448
240 1 118272 122368
240 1 503296 507392
241 2 60928 65536 65536 69120
667 1 126464 130560
241 2 130560 131072 131072 138752
240 1 355840 359936
241 1 122368 126464
673 1 163840 184320
241 1 216576 220672
241 1 249344 253440
241 1 605696 609792
242 1 126464 130560
242 1 531968 536064
243 1 81408 85504
241 1 142848 151040
243 1 122368 126464
243 1 232960 237056
169 1 270336 274432
950 1 204800 262144
52 2 4096 65536 65536 69632
150 1 462848 466944
79 2 425984 458752 458752 491520
674 1 520192 524288
80 2 491520 524288 524288 557056
866 1 528384 532480
675 1 262144 278528
953 1 65536 122880
81 2 491520 524288 524288 557056
642 1 532480 536576
103 1 274432 278528
103 1 221184 225280
103 1 425984 430080
103 1 323584 327680
103 1 479232 483328
104 1 4096 8192
104 1 151552 155648
104 1 270336 274432
105 1 73728 77824
105 1 225280 229376
106 1 155648 159744
104 1 245760 249856
114 1 483328 487424
103 1 372736 380928
104 1 200704 204800
114 1 532480 561152
104 1 610304 614400
105 1 176128 180224
106 1 131072 135168
104 1 503808 512000
490 1 233472 241664
490 1 241664 245760
757 1 483328 484864
124 1 356352 372736
445 1 475136 479232
696 1 417792 425984
796 1 73728 81920
90 1 221184 229376
775 1 589824 593920
819 2 258048 262144 262144 278528
247 1 491520 495616
775 1 610304 614400
578 1 28672 36864
172 1 16384 24576
231 1 536576 541184
817 1 245760 253952
388 1 352256 356352
265 2 561152 589824 589824 618496
415 1 20480 24576
57 2 512000 524288 524288 548864
578 1 36864 40960
491 1 262144 327680
560 1 528384 532480
265 1 618496 622592
611 1 241664 245760
229 1 131072 196608
57 1 548864 552960
388 1 356352 364544
896 1 258048 262144
388 1 364544 368640
158 1 512000 516096
728 1 577536 581632
662 1 262144 266240
389 1 446464 450560
662 1 360448 364544
698 1 7680 11776
59 1 286720 290816
662 1 8192 12288
67 1 303104 307200
583 1 147456 151552
550 1 122880 131072
698 5 11776 65536 65536 131072 131072 196608 196608 262144 262144 318976
67 1 372736 376832
669 1 380928 389120
438 1 589824 598016
786 1 548864 552960
438 1 598016 602112
786 1 536576 540672
798 1 81920 102400
105 1 122880 126976
114 1 196608 200704
105 1 278528 282624
216 1 143360 155648
103 1 512000 516096
542 1 81920 94208
158 2 385024 393216 393216 397312
123 1 196608 204800
121 1 401408 409600
121 1 471040 475136
130 1 131072 135168
133 1 102400 106496
130 1 139264 143360
123 1 471040 475136
123 1 282624 286720
134 1 458752 462848
20 1 188416 192512
20 1 16384 20480
103 1 221184 225280
36 1 409600 413696
85 1 466944 471040
87 1 147456 155648
87 1 172032 180224
87 2 192512 196608 196608 204800
87 1 208896 249856
101 2 561152 589824 589824 655360
87 2 126976 131072 131072 143360
87 1 188416 192512
54 2 176128 196608 196608 221184
101 4 348160 393216 393216 458752 458752 524288 524288 552960
134 1 430080 434176
124 1 643072 647168
124 1 651264 655360
125 1 8192 16384
135 1 12288 16384
125 2 57344 65536 65536 114688
125 2 126976 131072 131072 184320
125 2 192512 196608 196608 262144
135 1 20480 24576
135 2 253952 262144 262144 307200
418 1 212992 217088
651 1 106496 114688
401 1 422912 423936
65 1 385024 389120
243 1 167424 171520
241 1 486912 491008
242 1 179712 183808
243 1 245248 253440
243 1 335360 339456
243 1 343552 347648
243 1 183808 192000
243 1 110080 118272
243 1 269824 282112
964 2 389120 393216 393216 405504
964 1 405504 409600
135 1 568832 581120
141 1 544256 552448
932 1 622592 626688
494 1 339968 348160
494 1 348160 352256
943 1 172032 176128
245 1 311296 315392
457 1 458752 466944
457 1 466944 471040
278 1 622592 626688
572 1 86016 94208
269 4 446464 458752 458752 524288 524288 589824 589824 655360
270 4 0 65536 65536 131072 131072 196608 196608 246272
254 2 118784 131072 131072 139264
77 1 282624 286720
141 1 352256 368640
489 1 200704 201216
260 1 592896 594432
489 1 208896 209408
270 7 246272 262144 262144 327680 327680 393216 393216 458752 458752 524288 524288 589824 589824 655360
271 2 0 65536 65536 115200
271 9 115200 131072 131072 196608 196608 262144 262144 327680 327680 393216 393216 458752 458752 524288 524288 589824 589824 639488
489 1 217088 217600
659 1 380928 393216
297 1 131072 180224
659 1 458752 479232
500 1 147456 159744
500 1 159744 163840
786 1 327680 344064
497 1 0 65536
500 1 163840 172032
674 1 151552 163840
500 1 172032 176128
721 1 221184 225280
678 1 585728 589824
679 1 393216 409600
650 1 532480 536576
145 1 352256 372736
39 1 90112 94208
759 1 364544 389120
612 1 630784 655360
54 1 217088 221184
792 1 114688 126976
70 1 397312 409600
461 1 540672 544768
456 1 598016 602112
13 1 602112 606208
540 1 638976 655360
541 1 0 4096
114 1 139264 143360
642 1 589824 606208
991 2 126976 131072 131072 151552
904 1 622592 626688
904 1 630784 643072
916 1 159744 163840
43 1 610304 614400
53 1 651264 655360
405 1 335872 339968
54 1 65536 94208
651 1 97792 101888
234 1 278528 282624
823 1 241664 245760
249 1 184320 188416
205 1 40960 45056
865 3 81920 131072 131072 196608 196608 262144
434 1 208896 241664
698 1 318976 323072
550 1 131072 135168
642 1 466944 471040
802 1 434176 450560
471 1 131072 131584
678 1 286720 290816
977 1 454656 458752
294 2 122880 131072 131072 143360
294 1 143360 147456
244 1 495616 496128
907 1 36864 40960
678 1 528384 532480
977 1 454656 458752
294 1 147456 172032
294 1 172032 176128
907 1 36864 40960
678 1 528384 532480
977 1 454656 458752
294 2 176128 196608 196608 208896
244 1 496128 496640
294 1 208896 212992
894 1 446464 450560
621 7 201216 262144 262144 327680 327680 393216 393216 458752 458752 524288 524288 589824 589824 655360
622 2 0 65536 65536 70144
82 1 491520 492544
254 1 217088 221184
953 2 122880 131072 131072 196608
254 1 225280 241664
362 1 159744 163840
101 1 389120 393216
135 2 143360 196608 196608 249856
135 1 335872 344064
135 3 28672 65536 65536 131072 131072 139264
135 1 352256 356352
135 1 315392 319488
135 2 372736 393216 393216 438272
484 1 598016 602112
723 1 131072 172032
138 2 516096 524288 524288 536576
231 1 200704 202240
138 1 462848 466944
135 1 0 8192
286 1 98304 102400
136 1 589824 643072
138 1 475136 479232
232 1 352256 357376
54 1 221184 225280
39 1 90112 94208
650 1 552960 557056
136 6 196608 262144 262144 327680 327680 393216 393216 458752 458752 524288 524288 569344
472 1 303104 311296
28 1 36864 40960
35 1 36864 40960
802 1 458752 466944
558 1 561152 565248
102 1 212992 249856
472 1 311296 315392
263 2 462848 524288 524288 528384
279 1 491520 512000
416 2 126976 131072 131072 135168
167 1 24576 28672
108 1 222208 223232
497 1 61440 65536
473 1 413696 414208
52 1 73728 81920
108 1 223232 224256
52 1 81920 86016
108 1 224256 225280
806 6 294912 327680 327680 393216 393216 458752 458752 524288 524288 589824 589824 655360
807 3 0 65536 65536 131072 131072 163840
211 1 589824 614400
375 1 569344 569856
497 2 61440 65536 65536 73728
779 1 147456 155648
167 1 347648 348672
979 1 4096 8192
985 1 123392 124416
817 1 503808 506880
177 1 544768 569344
149 1 360448 376832
779 1 155648 159744
56 1 86016 94208
561 1 155648 180224
489 1 122880 126976
429 1 602112 604160
413 1 573440 576512
328 1 176128 180224
330 1 204800 221184
359 1 225280 229376
359 1 225280 229376
488 1 139264 147456
350 1 434176 438272
488 1 147456 151552
583 1 49152 65536
54 1 94208 98304
198 1 212992 217088
249 1 204800 208896
341 1 614400 618496
707 1 0 4096
167 1 249856 251904
819 1 258048 262144
518 1 471040 475136
950 5 192512 196608 196608 262144 262144 327680 327680 393216 393216 438784
537 1 516096 524288
627 1 638976 643072
537 1 524288 528384
628 1 8192 12288
952 1 405504 434688
951 9 41472 65536 65536 131072 131072 196608 196608 262144 262144 327680 327680 393216 393216 458752 458752 524288 524288 536576
952 1 434688 450560
147 2 507904 524288 524288 528384
951 2 536576 589824 589824 655360
952 6 0 65536 65536 131072 131072 196608 196608 262144 262144 327680 327680 389632
969 1 507904 520192
960 1 405504 406528
857 1 542720 543232
847 1 339968 360448
147 1 528384 532480
847 1 425984 458752
853 1 475136 483328
952 2 389632 393216 393216 405504
857 1 543232 543744
959 9 45056 65536 65536 131072 131072 196608 196608 262144 262144 327680 327680 393216 393216 458752 458752 524288 524288 553472
135 1 581120 589312
256 2 561664 589824 589824 655360
257 7 0 65536 65536 131072 131072 196608 196608 262144 262144 327680 327680 393216 393216 430592
141 1 552448 564736
535 1 212992 217088
158 1 507904 512000
229 1 458752 462848
113 1 65536 69632
55 1 106496 110592
36 1 462848 475136
38 1 61440 65536
63 1 196608 200704
931 1 61440 65536
63 1 430080 434176
39 1 393216 397312
39 1 458752 462848
529 1 131072 135168
295 1 61440 65536
611 1 241664 245760
229 1 462848 466944
31 1 12288 16384
30 1 593920 606208
388 1 368640 376832
388 1 376832 380928
127 1 237568 245760
123 1 339968 344064
622 9 70144 131072 131072 196608 196608 262144 262144 327680 327680 393216 393216 458752 458752 524288 524288 589824 589824 594432
465 1 196608 225280
198 1 593920 598016
957 2 458752 524288 524288 589824
993 1 647168 655360
994 1 0 8192
889 1 581632 589824
591 1 475136 479232
684 2 49152 65536 65536 73728
873 1 458752 495616
161 1 614400 630784
880 2 32768 65536 65536 102400
591 1 409600 421888
886 2 294912 327680 327680 364544
943 1 176128 180224
20 2 118784 131072 131072 135168
14 1 12288 16384
306 1 450560 454656
55 1 8192 12288
813 1 630784 634880
628 1 282624 286720
256 1 20480 24576
209 1 245760 249856
987 1 356352 364544
43 1 610304 614400
137 1 626688 634880
51 1 200704 208896
13 1 602112 606208
71 2 61440 65536 65536 73728
839 1 24576 28672
89 2 520192 524288 524288 528384
673 1 184320 196608
669 1 487424 491520
780 1 471040 475136
255 1 4096 4608
2 1 167936 172032
351 2 294912 327680 327680 360448
916 1 528384 532480
352 2 229376 262144 262144 294912
280 1 540672 552960
916 1 561152 565248
353 2 98304 131072 131072 163840
979 1 0 4096
354 2 565248 589824 589824 630784
978 1 647168 651264
355 2 368640 393216 393216 434176
312 1 204800 208896
514 1 380928 381440
151 1 208896 217088
357 1 196608 262144
88 1 192512 196608
979 1 0 4096
265 1 139264 147456
979 1 4096 8192
943 1 552960 561152
944 1 308224 308736
979 1 0 4096
941 1 299008 307200
885 1 532480 532992
884 1 646144 655360
885 1 0 56320
944 1 308736 309248
885 1 532992 533504
944 1 309248 309760
104 1 589824 622592
104 1 622592 626688
992 1 397312 401408
919 1 196608 200704
973 1 221184 225280
973 1 61440 65536
803 1 540672 561152
988 1 196608 204800
988 1 204800 208896
206 1 409600 434176
988 1 208896 241664
749 1 499200 503296
702 1 175616 179712
937 1 270336 278528
937 1 278528 282624
800 1 147456 167936
39 1 20480 24576
978 1 569344 573440
867 1 454656 458752
58 1 233472 237568
79 1 344064 352256
978 1 524288 528384
79 1 376832 380928
503 1 143360 147456
531 1 577536 585728
978 1 520192 524288
22 1 430080 438272
476 1 618496 622592
79 1 319488 323584
192 1 155648 159744
443 1 557056 565248
18 1 69632 73728
58 1 331776 335872
217 1 512000 516096
310 1 28672 32768
64 1 421888 430080
127 1 499712 503808
707 1 98304 102400
180 1 643584 655360
181 8 0 65536 65536 131072 131072 196608 196608 262144 262144 327680 327680 393216 393216 458752 458752 512512
98 1 524288 540672
64 1 491520 495616
181 3 512512 524288 524288 589824 589824 655360
182 2 0 65536 65536 123392
182 4 123392 131072 131072 196608 196608 262144 262144 315904
802 1 450560 458752
803 1 327680 339968
956 1 282624 286720
301 1 65536 69632
956 1 294912 299008
132 1 393216 397312
988 1 69632 73728
956 1 151552 155648
517 1 335872 339968
98 1 540672 561152
642 1 532480 536576
565 1 286720 290816
785 1 331776 335872
284 1 262144 266240
205 1 20480 24576
535 1 311296 315392
578 2 229376 262144 262144 307200
205 2 24576 65536 65536 86016
994 1 536576 557056
1 1 0 45056
215 1 495616 512000
535 2 315392 327680 327680 339968
535 1 339968 344064
218 1 409600 413696
68 1 409600 413696
215 2 512000 524288 524288 532480
83 1 606208 655360
84 1 0 16384
578 1 307200 311296
258 1 430080 434176
27 2 454656 458752 458752 462848
570 1 438272 442368
594 2 49152 65536 65536 81920
594 1 81920 86016
27 1 458752 462848
27 1 458752 462848
418 1 233472 241664
418 1 241664 245760
27 1 458752 462848
0 1 376832 380928
0 1 507904 512000
1 1 200704 204800
32 1 65536 69632
52 1 376832 377344
52 1 377344 393216
144 1 458752 463872
144 1 463872 467968
144 1 467968 472064
202 1 278528 282624
958 1 196608 253952
209 1 196608 200704
886 1 192512 196608
622 1 594432 655360
623 1 0 36864
623 1 589824 638976
213 1 376832 380928
54 1 98304 106496
518 1 614400 618496
518 1 622592 626688
198 1 212992 225280
487 1 245760 253952
707 1 65536 69632
525 1 516096 520192
487 1 253952 258048
526 1 0 4096
198 1 221184 229376
651 1 176128 180224
695 1 290816 303104
185 1 626688 638976
979 1 0 4096
687 1 4096 8192
65 1 380928 385024
77 1 286720 290816
707 1 73728 94208
496 1 347648 351744
488 1 552448 556544
488 1 581120 585216
488 1 560640 572928
489 1 7680 15872
488 1 613888 630272
489 1 85504 89600
489 2 65024 65536 65536 73216
489 1 163328 167424
160 1 331776 335872
192 1 69632 77824
192 1 86016 90112
169 1 331776 364544
350 1 434176 438272
714 1 520192 524288
99 2 495616 524288 524288 528384
120 2 49152 65536 65536 69632
13 1 270336 278528
77 1 0 4096
169 1 135168 139264
184 1 299008 307712
878 1 376832 380928
145 1 204800 221184
413 1 610304 622592
70 1 405504 417792
89 1 126976 131072
649 1 532480 540672
14 1 12288 16384
306 1 483328 487424
201 1 167936 172032
91 1 368640 372736
203 1 532480 536576
89 1 397312 405504
297 1 393216 397312
113 1 225280 237568
142 1 106496 110592
113 1 319488 323584
532 1 376832 380928
668 1 364544 368640
532 1 184320 188416
257 1 430592 458752
763 1 389120 393216
873 1 294912 307200
257 3 471040 524288 524288 589824 589824 655360
258 5 0 65536 65536 131072 131072 196608 196608 262144 262144 311808
707 1 348160 356352
489 1 19968 60928
489 1 142848 159232
489 2 97792 131072 131072 138752
489 2 192000 196608 196608 220672
489 1 228864 232960
489 1 400896 404992
489 2 261632 262144 262144 265728
489 1 253440 257536
489 1 368128 372224
489 1 237056 241152
489 1 294400 306688
489 1 413184 417280
489 1 425472 429568
489 2 458240 458752 458752 462336
489 1 552448 560640
489 1 531968 548352
489 1 491008 499200
489 1 577024 581120
489 1 642560 646656
490 1 48640 52736
325 2 548864 589824 589824 655360
326 1 0 8192
145 1 372736 385024
272 1 585728 589824
787 1 106496 110592
787 2 258048 262144 262144 266240
273 1 0 36864
787 1 266240 327680
491 1 196608 262144
888 1 131072 196608
273 1 36864 40960
398 1 454656 458240
642 1 536576 540672
184 1 16384 20480
946 1 446464 450560
440 1 376832 385024
264 1 475136 491520
264 2 512000 524288 524288 532480
637 1 495616 499712
271 1 143360 159744
184 1 16384 20480
259 2 454656 458752 458752 466944
259 1 466944 471040
500 1 176128 196608
90 1 491520 503808
802 1 389120 393216
194 1 339968 360448
803 1 262144 278528
90 1 352256 356352
604 1 249856 253952
707 1 16384 20480
140 1 118784 126976
505 1 212992 221184
569 1 421888 425984
812 1 233472 237568
535 1 65536 94208
91 2 577536 589824 589824 593920
166 2 45056 65536 65536 77824
535 1 94208 98304
194 1 360448 372736
588 1 245760 249856
645 1 569344 577536
641 1 331776 339968
572 1 94208 98304
908 1 155648 159744
809 1 454656 457216
216 1 512000 512512
81 1 438272 442368
478 1 40960 44032
267 1 249856 253952
267 1 528384 532480
586 1 458752 471040
485 1 262144 266240
586 1 483328 487424
586 1 507904 512000
592 1 90112 94208
586 1 491520 503808
591 1 409600 413696
592 1 389120 393216
592 1 122880 126976
593 1 61440 65536
623 7 36864 65536 65536 131072 131072 196608 196608 262144 262144 327680 327680 393216 393216 414208
979 1 8192 65536
866 1 532480 536576
675 1 278528 290816
938 1 344064 356352
243 1 172032 176128
642 1 466944 471040
972 2 524288 589824 589824 655360
973 1 0 49152
243 1 634880 638976
866 1 528384 532480
623 3 414208 458752 458752 524288 524288 589824
110 1 475136 495616
650 1 471040 475136
642 1 458752 462848
205 1 40960 49152
535 1 225280 229376
728 1 581632 585728
550 1 135168 167936
3 1 188416 192512
110 1 245760 249856
52 1 221184 225280
306 1 180224 184320
530 1 622592 626688
78 1 516096 520192
73 1 143360 147456
492 1 405504 409600
655 1 229376 237568
489 1 225280 225792
271 1 639488 655360
272 8 0 65536 65536 131072 131072 196608 196608 262144 262144 327680 327680 393216 393216 458752 458752 508416
655 1 237568 241664
350 1 356352 356864
489 1 233472 233984
273 4 155648 196608 196608 262144 262144 327680 327680 381440
272 3 508416 524288 524288 589824 589824 655360
273 3 0 65536 65536 131072 131072 151552
548 1 249856 253952
519 1 24576 49152
416 1 135168 139264
8 2 434176 458752 458752 466944
561 1 180224 184320
279 1 512000 524288
167 1 90112 94208
22 2 122880 131072 131072 188416
654 1 528384 532480
517 2 61440 65536 65536 69632
517 1 69632 73728
960 1 638976 647168
126 1 606208 610304
701 1 135168 139264
410 1 466944 475136
983 1 237568 241664
900 1 413696 417792
297 1 425984 430080
142 1 606208 614400
819 1 606208 614400
145 1 229376 233472
610 1 90112 94208
410 1 475136 479232
395 1 573440 581632
397 1 163840 172032
581 2 192512 196608 196608 217088
987 1 360448 372736
13 1 602112 606208
489 1 609792 617984
490 1 56832 60928
490 1 85504 89600
490 1 142848 146944
490 1 175616 179712
490 1 241152 245248
490 1 204288 224768
490 1 187904 196096
490 1 249344 253440
490 1 314880 318976
490 2 392704 393216 393216 400896
490 1 433664 437760
490 1 331264 343552
490 1 404992 409088
650 1 466944 471040
52 1 86016 94208
52 1 94208 98304
650 1 458752 462848
807 8 163840 196608 196608 262144 262144 327680 327680 393216 393216 458752 458752 524288 524288 589824 589824 655360
808 1 0 32768
747 2 421888 458752 458752 507904
704 1 65536 69632
703 1 647168 651264
808 9 32768 65536 65536 131072 131072 196608 196608 262144 262144 327680 327680 393216 393216 458752 458752 524288 524288 557056
526 1 20480 24576
707 1 0 8192
644 1 442368 446464
812 1 417792 425984
267 1 32768 49152
154 1 155648 159744
780 1 302592 318976
409 1 36864 40960
863 1 101888 118272
157 1 561152 562688
844 1 335872 340480
988 1 241664 245760
750 1 101888 105984
206 1 409600 413696
988 1 245760 253952
988 1 253952 258048
803 1 561152 573440
555 1 225280 229376
595 1 643072 655360
596 1 0 8192
919 1 196608 200704
973 1 184320 188416
919 1 258048 262144
973 1 122880 126976
973 1 225280 229376
490 2 257536 262144 262144 282112
490 1 527872 540160
490 2 458240 458752 458752 474624
490 1 347648 384512
490 1 421376 429568
490 1 499200 511488
472 1 446464 450560
793 1 634880 638976
835 1 212992 217088
274 1 466944 476160
266 1 131072 135168
275 1 577536 580608
175 1 516096 520192
272 1 36864 38912
273 1 503808 508416
496 1 335872 336384
591 1 471040 479232
625 1 598016 602112
611 1 241664 249856
388 2 380928 393216 393216 397312
388 1 397312 401408
550 1 532480 536576
611 1 245760 249856
388 1 401408 409600
650 1 532480 536576
388 1 409600 413696
485 1 552960 557056
702 1 139264 143360
704 1 151552 155648
684 1 532480 536576
702 1 520192 524288
964 1 421888 454656
961 1 549376 549888
687 1 0 4096
839 1 651776 655360
840 8 0 65536 65536 131072 131072 196608 196608 262144 262144 327680 327680 393216 393216 458752 458752 520704
6 1 331776 335872
349 1 360448 364544
738 1 266240 267776
635 1 421888 425984
228 1 589824 593920
206 1 458752 462848
449 2 385024 393216 393216 425984
840 3 520704 524288 524288 589824 589824 655360
841 6 0 65536 65536 131072 131072 196608 196608 262144 262144 327680 327680 389632
449 1 425984 430080
554 1 487424 495616
554 1 495616 499712
691 1 159744 172032
949 2 446464 458752 458752 512000
841 5 389632 393216 393216 458752 458752 524288 524288 589824 589824 655360
842 4 0 65536 65536 131072 131072 196608 196608 258560
687 1 4096 8192
623 1 638976 655360
624 6 0 65536 65536 131072 131072 196608 196608 262144 262144 327680 327680 332288
642 1 462848 466944
866 1 532480 536576
422 1 311296 315392
823 1 446464 450560
557 1 40960 45056
453 1 122880 126976
61 1 487424 491520
52 2 561152 589824 589824 602112
246 1 114688 118784
163 1 114688 118784
15 1 540672 544768
650 1 466944 475136
674 1 184320 196608
841 1 126976 131072
674 1 589824 593920
842 1 131072 143360
642 1 536576 544768
650 1 536576 540672
841 1 192512 196608
842 1 143360 147456
841 1 524288 536576
624 1 167936 171520
785 1 61440 65536
709 1 331776 335872
673 1 389120 393216
674 1 131072 147456
513 3 409600 458752 458752 524288 524288 536576
650 1 487424 491520
487 1 233472 241664
513 1 536576 540672
115 1 602112 606208
939 1 364544 368640
661 1 73728 77824
447 1 368640 372736
932 1 495616 499712
911 1 253952 258048
911 1 245760 249856
487 1 241664 245760
201 1 77824 81920
476 1 618496 626688
513 1 540672 589824
513 1 589824 593920
807 1 618496 626688
996 1 90112 98304
484 1 81920 86016
592 1 311296 315392
593 1 126976 131072
591 1 417792 421888
593 1 274432 278528
591 1 446464 450560
258 1 4096 20480
757 1 159744 167936
757 1 86016 90112
757 1 172032 176128
258 1 53248 61440
757 1 106496 110592
258 1 32768 36864
757 1 208896 212992
593 1 335872 344064
593 1 376832 380928
757 1 184320 192512
757 1 598016 606208
355 1 614400 618496
885 1 533504 534016
375 2 573440 589824 589824 655360
376 1 0 8192
768 1 536576 540672
709 1 69632 73728
14 1 12288 20480
378 1 471040 475136
80 1 32768 36864
628 1 319488 327680
376 1 8192 12288
775 1 634880 643072
13 1 606208 610304
281 1 344064 348160
978 1 503808 507904
897 1 626688 651264
7 1 561152 577536
471 1 196608 200704
979 1 512 1024
51 1 557056 565248
358 1 131072 152064
151 1 352256 356352
151 1 352256 360448
151 1 364544 368640
358 1 152064 196608
358 1 589824 655360
151 1 352256 356352
359 1 524288 589824
514 1 389120 389632
360 1 458752 524288
979 1 1024 1536
361 2 397312 458752 458752 462848
132 1 356352 372736
363 2 200704 262144 262144 266240
452 1 475136 479232
962 1 16384 20480
276 1 147456 149504
275 1 643072 648192
276 1 282624 285184
870 1 348160 349696
459 1 323584 327680
870 1 98304 100864
870 1 163840 168448
878 1 647168 655360
879 1 0 12288
795 1 155648 159744
452 1 491520 495616
496 1 331776 335872
625 1 614400 622592
262 1 569344 573440
586 1 204800 208896
555 1 237568 241664
357 1 561152 565248
988 2 258048 262144 262144 266240
849 1 462848 466944
988 1 266240 270336
549 1 401408 405504
424 1 425984 430080
60 1 311296 327680
217 1 417792 423936
409 1 24576 28672
69 1 307200 311296
198 1 225280 229376
267 1 159744 163840
128 1 327680 331776
267 1 303104 307200
151 1 311296 315392
707 1 69632 73728
161 1 630784 634880
162 1 196608 200704
162 1 589824 602112
801 1 159744 163840
920 1 110592 111616
920 1 106496 110592
548 1 69632 102400
642 1 466944 471040
642 1 462848 466944
322 2 438272 458752 458752 495616
358 1 192512 196608
158 1 600064 655360
159 1 0 10240
107 1 196608 258048
65 1 253952 262144
642 1 532480 536576
65 1 487424 499712
352 2 430080 458752 458752 466944
591 1 405504 413696
650 1 466944 471040
926 1 360448 364544
507 1 315392 318976
680 1 155648 176128
777 1 8192 12288
328 1 77824 81920
360 1 8192 10752
593 1 536576 540672
593 1 356352 360448
650 1 471040 475136
246 1 442368 446464
52 1 602112 606208
979 1 4096 8192
440 1 618496 622592
866 1 528384 532480
247 1 606208 610304
440 1 626688 630784
128 1 417792 421888
624 5 332288 393216 393216 458752 458752 524288 524288 589824 589824 655360
625 4 0 65536 65536 131072 131072 196608 196608 201216
505 1 221184 225280
408 1 253952 258048
645 1 573440 577536
202 2 233472 262144 262144 278528
202 1 278528 282624
595 1 36864 40960
116 1 282624 286720
931 1 45056 49664
599 1 602112 631808
91 1 593920 614400
920 1 401408 404480
746 1 122880 126976
874 1 57344 65536
758 1 421888 425984
802 1 520192 524288
487 1 507904 512000
63 1 491520 495616
638 1 397312 405504
749 1 651264 655360
828 1 561152 565248
750 1 229376 233472
220 2 499712 524288 524288 573440
220 1 573440 577536
698 1 577536 581632
86 1 478208 479232
591 1 163840 165376
490 1 184320 192512
24 1 506880 507392
650 1 466944 475136
894 1 446464 450560
650 1 536576 540672
894 1 446464 450560
225 1 348160 352256
585 1 208896 212992
475 1 282624 286720
512 1 360448 364544
650 1 471040 475136
894 1 446464 450560
475 1 319488 327680
650 1 536576 540672
894 1 446464 450560
308 1 413696 416768
650 1 471040 479232
894 1 446464 450560
859 1 458752 462848
650 1 540672 544768
783 1 430080 446464
457 1 425984 442368
131 1 634368 638464
712 1 294912 311296
273 1 40960 53248
327 1 344064 360448
332 1 458752 475136
338 2 245760 262144 262144 278528
995 1 32768 49152
273 1 53248 57344
902 1 237568 245760
907 1 294912 307200
902 1 245760 249856
144 1 472064 476160
32 1 69632 73728
145 1 253952 254464
741 1 249856 253952
950 1 131072 135168
32 1 65536 69632
442 1 589824 614400
676 1 491520 495616
443 1 139264 155648
676 1 544768 557056
443 2 40960 65536 65536 86016
596 1 90112 102400
597 1 483328 499712
295 1 167936 180224
838 1 552960 585728
553 1 303104 311296
736 1 626688 630784
711 2 548864 589824 589824 655360
712 3 0 65536 65536 131072 131072 192512
145 1 258048 262144
550 1 167936 172032
471 1 307200 311296
844 1 647168 651264
817 1 126976 131072
854 1 98304 102400
945 1 335872 339968
472 1 397312 401408
7 1 577536 581632
897 1 651264 655360
663 1 389120 393216
642 1 462848 466944
376 1 634880 635392
368 1 180224 192512
700 1 208896 212992
630 1 479232 487424
127 1 499712 507904
182 5 381440 393216 393216 458752 458752 524288 524288 589824 589824 655360
183 4 0 65536 65536 131072 131072 196608 196608 250368
707 1 32768 36864
183 3 516608 524288 524288 589824 589824 655360
184 2 0 65536 65536 119296
183 5 250368 262144 262144 327680 327680 393216 393216 458752 458752 516608
184 3 507904 524288 524288 589824 589824 647680
184 7 119296 131072 131072 196608 196608 262144 262144 327680 327680 393216 393216 458752 458752 503808
167 1 163840 167936
167 1 106496 107520
145 1 327680 348160
39 1 28672 49152
337 1 495616 496640
186 1 360448 364544
185 1 458752 512512
184 1 647680 655360
185 7 0 65536 65536 131072 131072 196608 196608 262144 262144 327680 327680 393216 393216 458752
164 1 593920 655360
165 6 0 65536 65536 131072 131072 196608 196608 262144 262144 327680 327680 369152
398 1 516096 524288
398 1 524288 528384
165 5 369152 393216 393216 458752 458752 524288 524288 589824 589824 655360
166 4 0 65536 65536 131072 131072 196608 196608 238080
166 7 238080 262144 262144 327680 327680 393216 393216 458752 458752 524288 524288 589824 589824 655360
167 2 0 65536 65536 107008
882 1 28672 33792
167 9 107008 131072 131072 196608 196608 262144 262144 327680 327680 393216 393216 458752 458752 524288 524288 589824 589824 631296
832 1 344064 360448
642 1 532480 540672
167 1 631296 655360
168 8 0 65536 65536 131072 131072 196608 196608 262144 262144 327680 327680 393216 393216 458752 458752 500224
19 1 589824 593920
98 1 634880 636416
107 1 376832 380416
368 1 229376 233472
88 1 593920 596992
192 1 552960 565248
611 1 245760 249856
822 1 61440 65536
700 1 335872 339968
705 1 73728 77824
388 1 413696 421888
695 1 0 8192
87 1 225280 229376
832 1 376832 393216
642 1 557056 569344
388 1 421888 425984
642 1 540672 552960
832 1 524288 528384
642 1 466944 471040
785 1 274432 278528
799 1 458752 479232
785 1 274432 282624
611 1 245760 249856
785 1 286720 290816
908 1 385536 386048
48 4 393728 458752 458752 524288 524288 589824 589824 655360
49 5 0 65536 65536 131072 131072 196608 196608 262144 262144 262656
979 1 4096 8192
49 6 262656 327680 327680 393216 393216 458752 458752 524288 524288 589824 589824 655360
50 3 0 65536 65536 131072 131072 131584
50 8 131584 196608 196608 262144 262144 327680 327680 393216 393216 458752 458752 524288 524288 589824 589824 655360
51 1 0 512
51 2 524800 589824 589824 655360
52 7 0 65536 65536 131072 131072 196608 196608 262144 262144 327680 327680 393216 393216 393728
51 9 512 65536 65536 131072 131072 196608 196608 262144 262144 327680 327680 393216 393216 458752 458752 524288 524288 524800
54 5 131584 196608 196608 262144 262144 327680 327680 393216 393216 455168
438 1 339968 344064
206 1 434176 458752
988 1 270336 303104
988 1 303104 307200
69 1 311296 319488
69 1 319488 323584
819 1 278528 299008
595 1 212992 213504
5 1 520192 524288
803 1 327680 335872
724 2 40960 65536 65536 90112
519 1 491520 495616
707 1 425984 427008
5 1 552960 557056
915 1 630784 634880
727 1 557056 561152
411 1 421888 430080
411 1 430080 434176
112 1 552960 557056
112 1 491520 495616
988 1 495616 499712
473 1 307200 323584
797 1 86016 90112
0 1 442368 458752
673 1 524288 544768
64 1 565248 569344
33 1 331776 335872
33 1 479232 483328
360 1 196608 200704
53 1 28672 32768
57 1 626688 630784
458 1 548864 552960
378 1 81920 84992
158 1 397312 401408
155 1 622592 634880
534 1 122880 124928
525 1 167936 168448
307 1 389120 391168
188 1 479232 481280
131 1 356352 358912
525 1 81920 83456
594 1 110592 113152
334 1 212992 217088
584 1 602112 602624
642 1 548864 552960
294 1 561152 563200
906 1 552960 556032
759 1 245760 247296
969 1 557056 565248
985 1 286720 294912
983 1 172032 180224
0 1 163840 180224
341 1 270336 278528
103 2 326656 327680 327680 330240
248 1 229376 233472
866 1 532480 536576
251 1 77824 81920
253 1 512000 512512
220 2 319488 327680 327680 339968
241 1 180224 196608
471 2 520192 524288 524288 528384
471 1 528384 532480
238 1 299008 303104
562 1 81920 90112
154 1 20480 32768
931 1 200704 212992
416 1 65536 98304
650 1 471040 475136
904 1 573440 585728
742 1 352256 372736
787 1 413696 438272
811 1 524288 548864
678 1 483328 503808
761 1 0 8192
186 1 552960 565248
761 1 28672 36864
761 1 12288 24576
519 1 106496 110592
625 1 638976 643072
258 6 311808 327680 327680 393216 393216 458752 458752 524288 524288 589824 589824 655360
259 3 0 65536 65536 131072 131072 180736
248 1 544768 545792
682 1 630784 634880
870 1 446464 450560
964 1 32768 36864
642 1 552960 557056
519 1 126976 131072
147 1 577536 581632
576 2 438272 458752 458752 520192
713 4 262144 327680 327680 393216 393216 458752 458752 524288
978 2 475136 524288 524288 540672
180 3 376832 393216 393216 458752 458752 524288
149 1 94208 98304
762 5 253952 262144 262144 327680 327680 393216 393216 458752 458752 516096
220 5 376832 393216 393216 458752 458752 524288 524288 589824 589824 655360
221 4 0 65536 65536 131072 131072 196608 196608 208896
575 5 225280 262144 262144 327680 327680 393216 393216 458752 458752 524288
553 1 311296 315392
641 1 69632 73728
734 1 282624 294912
735 1 397312 409600
734 1 569344 589824
32 1 69632 73728
187 5 282624 327680 327680 393216 393216 458752 458752 524288 524288 544768
188 2 413696 458752 458752 479232
734 1 339968 360448
319 1 331776 339968
707 1 544768 548864
707 1 552960 557056
695 1 0 8192
708 1 225280 229376
708 1 233472 237568
110 1 475136 479232
945 1 348160 352256
107 1 516096 520192
205 1 45056 53248
4 1 585728 589824
550 1 172032 180224
107 1 393216 401408
863 2 327680 393216 393216 458752
150 1 401408 413696
107 1 524288 528384
650 1 532480 540672
595 1 294912 299008
396 1 487424 495616
80 1 626688 630784
396 1 495616 499712
678 1 483328 503808
682 1 507904 509440
5 1 561152 565248
724 1 90112 94208
927 1 532480 536576
984 1 524288 528384
74 1 356352 360448
604 1 90112 92160
434 1 274432 294912
428 1 8192 12288
412 1 182272 182784
984 1 565248 569344
63 1 180224 184320
53 6 262656 327680 327680 393216 393216 458752 458752 524288 524288 589824 589824 655360
54 3 0 65536 65536 131072 131072 131584
52 4 393728 458752 458752 524288 524288 589824 589824 655360
53 5 0 65536 65536 131072 131072 196608 196608 262144 262144 262656
56 8 193024 196608 196608 262144 262144 327680 327680 393216 393216 458752 458752 524288 524288 589824 589824 655360
57 1 0 61952
54 4 455168 458752 458752 524288 524288 589824 589824 655360
55 5 0 65536 65536 131072 131072 196608 196608 262144 262144 324096
139 2 582144 589824 589824 655360
60 1 193024 196608
55 6 324096 327680 327680 393216 393216 458752 458752 524288 524288 589824 589824 655360
56 3 0 65536 65536 131072 131072 193024
58 4 455168 458752 458752 524288 524288 589824 589824 655360
59 5 0 65536 65536 131072 131072 196608 196608 262144 262144 324096
77 1 282624 286720
638 1 57344 61440
811 1 256512 257536
57 2 586240 589824 589824 655360
58 7 0 65536 65536 131072 131072 196608 196608 262144 262144 327680 327680 393216 393216 455168
809 1 385024 389120
928 1 398848 399360
809 1 311296 315392
928 1 404992 405504
928 1 409088 409600
260 9 90624 131072 131072 196608 196608 262144 262144 327680 327680 393216 393216 458752 458752 524288 524288 589824 589824 614912
928 1 413184 413696
928 1 417280 417792
273 5 381440 393216 393216 458752 458752 524288 524288 589824 589824 655360
274 4 0 65536 65536 131072 131072 196608 196608 250368
206 1 434176 438272
0 1 200704 204800
472 1 262144 266240
988 1 307200 315392
185 1 385024 389120
204 1 0 4096
384 1 462848 466944
208 1 524288 528384
97 1 421888 425984
208 1 393216 397312
988 1 315392 319488
674 1 479232 499712
642 1 532480 540672
674 1 499712 512000
343 1 12288 16384
690 1 319488 322048
642 1 565248 573440
269 1 307200 308224
130 1 237568 239104
110 1 122880 126976
215 1 483328 487424
230 1 319488 327680
230 1 241664 245760
791 1 425984 454656
791 1 454656 458752
456 1 372736 376832
456 1 409600 413696
857 1 167936 176128
853 1 475136 483328
959 2 553472 589824 589824 655360
960 7 0 65536 65536 131072 131072 196608 196608 262144 262144 327680 327680 393216 393216 422400
794 1 598016 602112
802 1 405504 413696
857 1 167936 176128
330 2 176128 196608 196608 204800
853 1 475136 483328
330 1 204800 208896
175 1 413696 425984
342 1 385024 385536
960 4 422400 458752 458752 524288 524288 589824 589824 655360
961 5 0 65536 65536 131072 131072 196608 196608 262144 262144 291328
141 1 352256 360448
961 6 291328 327680 327680 393216 393216 458752 458752 524288 524288 589824 589824 655360
962 3 0 65536 65536 131072 131072 160256
141 1 290816 294912
141 1 356352 360448
962 8 160256 196608 196608 262144 262144 327680 327680 393216 393216 458752 458752 524288 524288 589824 589824 655360
963 1 0 29184
267 1 77824 110592
141 1 290816 294912
963 1 29184 49152
253 1 217088 221184
113 2 57344 65536 65536 90112
34 1 90112 118784
128 1 487424 491520
686 1 372736 376832
686 1 356352 364544
253 1 512512 513024
179 1 618496 626688
253 1 225280 229376
625 7 201216 262144 262144 327680 327680 393216 393216 458752 458752 524288 524288 589824 589824 655360
626 2 0 65536 65536 70144
364 2 135168 196608 196608 200704
365 2 69632 131072 131072 135168
261 1 512000 524288
365 1 593920 614912
283 1 262144 315392
642 1 532480 536576
365 1 614912 655360
366 1 0 4096
367 2 69632 131072 131072 135168
132 1 372736 389120
482 1 557056 561152
696 1 352256 356352
551 1 397312 401408
130 1 249856 253952
463 1 634880 636928
101 1 192512 196608
334 1 450560 454656
276 1 16384 20480
180 1 610304 614400
483 1 118784 122880
641 1 492032 492544
290 1 507904 512000
808 2 557056 589824 589824 655360
809 6 0 65536 65536 131072 131072 196608 196608 262144 262144 327680 327680 360448
290 1 524288 528384
810 1 589824 598016
810 5 61440 65536 65536 131072 131072 196608 196608 262144 262144 286720
809 4 425984 458752 458752 524288 524288 589824 589824 655360
810 1 0 61440
810 1 286720 299008
660 1 204800 206848
54 1 40960 57344
773 1 196608 199680
168 3 500224 524288 524288 589824 589824 655360
169 6 0 65536 65536 131072 131072 196608 196608 262144 262144 327680 327680 369152
54 1 94208 110592
199 1 417280 418304
242 2 430080 458752 458752 462848
801 1 49152 53248
664 1 528384 532480
664 1 528384 532480
781 1 151552 163840
781 1 163840 167936
261 1 327680 335872
261 1 339968 348160
592 1 401408 405504
306 1 434176 438272
306 1 417792 430080
369 1 356352 360448
565 1 167936 170496
594 1 53248 57344
369 1 376832 380928
216 1 540672 544768
815 1 258048 262144
712 1 548864 561152
887 1 319488 323584
222 1 585728 589824
221 1 430080 438272
315 2 192512 196608 196608 212992
315 1 212992 217088
642 1 532480 536576
798 1 262144 282624
994 1 544768 552960
94 1 12288 49152
681 1 40960 61440
650 1 532480 540672
94 1 49152 53248
681 1 61440 65536
681 1 524288 532480
243 1 532480 565248
650 1 483328 487424
328 1 114688 118784
786 1 274432 278528
98 1 319488 323584
208 2 389120 393216 393216 421888
686 2 192512 196608 196608 200704
121 3 311296 327680 327680 393216 393216 442368
98 1 307200 319488
127 1 401408 417792
625 1 413696 417792
129 1 61440 65536
123 1 114688 118784
17 1 622592 655360
18 1 0 24576
18 1 24576 28672
976 2 454656 458752 458752 466944
650 1 532480 536576
53 1 327680 328192
280 1 532480 534528
650 1 462848 466944
377 1 184320 188416
836 1 258048 262144
550 1 516096 524288
409 1 32768 36864
409 1 24576 28672
813 1 471040 475136
479 1 593920 618496
946 1 212992 217088
547 1 53248 57344
419 1 376832 385024
717 2 253952 262144 262144 266240
419 1 385024 389120
267 1 634880 638976
212 1 389120 393216
196 1 307200 311296
774 1 495616 499712
144 2 294912 327680 327680 344064
919 1 196608 200704
973 1 184320 188416
973 1 122880 126976
78 1 147456 151552
919 1 258048 262144
973 1 225280 229376
996 1 442368 446464
995 1 167936 172032
177 1 503808 524288
995 1 126976 131072
111 1 0 36864
111 1 36864 40960
485 1 114688 118784
648 1 176128 180224
329 1 577536 581632
757 6 270336 327680 327680 393216 393216 458752 458752 524288 524288 589824 589824 655360
758 1 0 65536
730 1 28672 32768
128 1 614400 618496
309 2 524288 589824 589824 655360
115 1 512000 516096
118 1 270336 274432
650 1 466944 471040
841 1 487424 491520
984 1 585728 589824
89 1 499712 503808
788 1 577536 581632
285 1 229376 233472
917 1 286720 299008
385 1 618496 655360
386 1 0 8192
407 1 249856 258048
565 1 368640 372736
937 1 548864 552960
551 1 139264 147456
906 1 139264 143360
7 2 581632 589824 589824 602112
785 1 471040 475136
795 1 94208 98304
550 1 180224 184320
758 1 348160 380928
523 1 573440 581632
7 1 602112 606208
526 1 393216 409600
193 1 237568 241664
662 1 401408 405504
158 1 512000 516096
662 1 233472 237568
888 2 229376 262144 262144 270336
867 1 581632 585728
59 1 286720 290816
51 1 172032 176128
57 9 61952 65536 65536 131072 131072 196608 196608 262144 262144 327680 327680 393216 393216 458752 458752 524288 524288 586240
992 4 409600 458752 458752 524288 524288 589824 589824 647168
418 1 217088 225280
79 1 626688 630784
19 1 434176 454656
260 1 221184 225280
59 6 324096 327680 327680 393216 393216 458752 458752 524288 524288 589824 589824 655360
60 3 0 65536 65536 131072 131072 193024
443 1 585728 589824
901 1 589824 655360
902 5 0 65536 65536 131072 131072 196608 196608 262144 262144 301568
993 1 24576 40960
140 1 0 65536
979 1 0 4096
993 1 40960 57344
266 1 573440 577536
707 1 8192 16384
642 1 577536 581632
274 1 69632 73728
176 1 450560 454656
800 1 167936 172032
966 1 634880 638976
274 1 90112 102400
259 8 180736 196608 196608 262144 262144 327680 327680 393216 393216 458752 458752 524288 524288 589824 589824 655360
260 1 0 36864
367 1 598016 655360
368 1 0 8192
607 1 462848 466944
322 1 151552 155648
706 1 364544 368640
700 1 540672 544768
643 1 49152 53248
463 1 630784 634880
841 1 512000 516096
641 1 53248 57344
278 1 552960 557056
483 1 172032 176128
368 2 401408 458752 458752 466944
700 1 557056 561152
498 1 61440 65536
539 1 532480 536576
700 1 581632 589824
369 2 270336 327680 327680 335872
519 1 606208 610304
244 1 397312 401408
312 1 131072 196608
500 1 458752 483328
284 2 32768 65536 65536 110592
471 1 466944 479232
500 1 483328 487424
471 1 544768 577536
497 1 0 65536
510 1 286720 290816
471 1 577536 581632
500 1 487424 503808
500 1 503808 507904
259 1 471040 483328
524 1 229376 262144
259 1 483328 487424
69 2 323584 327680 327680 356352
69 1 356352 360448
758 1 126976 131072
847 1 299008 303104
879 1 36864 45056
819 1 278528 282624
967 1 81920 86016
967 1 90112 118784
69 1 360448 368640
967 1 118784 122880
69 1 368640 372736
807 1 454656 458752
267 1 163840 167936
267 1 331776 335872
45 1 471040 475136
151 1 311296 315392
617 1 253952 258048
186 4 413696 458752 458752 524288 524288 589824 589824 655360
187 1 0 20480
586 5 28672 65536 65536 131072 131072 196608 196608 262144 262144 290816
586 2 552960 589824 589824 655360
587 3 0 65536 65536 131072 131072 159744
611 5 286720 327680 327680 393216 393216 458752 458752 524288 524288 548864
759 2 471040 524288 524288 536576
759 1 647168 655360
760 5 0 65536 65536 131072 131072 196608 196608 262144 262144 290816
905 1 266240 294912
36 6 282624 327680 327680 393216 393216 458752 458752 524288 524288 589824 589824 610304
734 5 167936 196608 196608 262144 262144 327680 327680 393216 393216 430080
712 4 393216 458752 458752 524288 524288 589824 589824 655360
319 1 339968 344064
456 1 229376 233472
456 2 237568 262144 262144 266240
442 1 614400 643072
970 1 593920 655360
971 1 0 4096
714 4 131072 196608 196608 262144 262144 327680 327680 393216
735 2 344064 393216 393216 401408
567 4 450560 458752 458752 524288 524288 589824 589824 655360
568 1 0 57344
763 4 122880 131072 131072 196608 196608 262144 262144 319488
678 1 540672 548864
678 1 503808 507904
190 1 61440 65536
214 1 229376 233472
54 1 512000 516096
687 1 4096 8192
650 1 536576 540672
748 1 237568 245760
250 2 122880 131072 131072 188416
103 1 409600 413696
103 1 466944 471040
89 1 32768 36864
14 1 16384 24576
86 1 20480 32768
991 1 319488 323584
642 1 577536 585728
400 1 65536 69632
33 1 217088 218624
5 1 339968 344064
5 1 40960 45056
6 1 65536 69632
9 1 69632 73728
842 7 258560 262144 262144 327680 327680 393216 393216 458752 458752 524288 524288 589824 589824 655360
843 2 0 65536 65536 127488
136 1 532480 536576
645 1 561152 565248
21 1 237568 258048
562 1 90112 94208
781 4 413696 458752 458752 524288 524288 589824 589824 655360
782 5 0 65536 65536 131072 131072 196608 196608 262144 262144 282624
782 6 282624 327680 327680 393216 393216 458752 458752 524288 524288 589824 589824 606208
562 1 118784 126976
843 9 127488 131072 131072 196608 196608 262144 262144 327680 327680 393216 393216 458752 458752 524288 524288 589824 589824 651776
539 1 180224 188416
253 1 532480 533504
253 1 513024 516096
253 1 598016 602112
866 1 528384 532480
253 1 533504 536576
34 1 118784 122880
196 2 520192 524288 524288 561152
253 1 614400 615424
254 1 0 4096
253 1 615424 619520
136 1 77824 98304
626 3 483328 524288 524288 589824 589824 598528
579 1 614400 622592
196 1 561152 565248
866 1 532480 536576
551 1 147456 151552
386 1 8192 12288
650 1 462848 466944
412 1 182784 183296
652 1 380928 385024
739 1 417792 421888
410 1 569344 577536
739 1 446464 450560
103 1 159744 163840
530 1 626688 630784
398 1 409600 410624
456 1 516096 520192
702 1 122880 131072
630 1 167936 172032
456 1 516096 520192
702 1 61440 65536
630 1 172032 176128
630 1 176128 180224
847 1 393216 413696
6 1 274432 278528
186 1 364544 385536
145 1 348160 360448
185 3 512512 524288 524288 589824 589824 655360
186 2 0 65536 65536 123392
186 5 123392 131072 131072 196608 196608 262144 262144 327680 327680 360448
127 1 503808 507904
707 1 98304 106496
186 5 385536 393216 393216 458752 458752 524288 524288 589824 589824 655360
187 4 0 65536 65536 131072 131072 196608 196608 254464
847 1 413696 425984
179 1 385024 389120
899 1 307200 311296
179 1 225280 233472
853 1 208896 212992
650 1 532480 536576
19 1 454656 458752
974 1 544768 552960
139 4 327680 393216 393216 458752 458752 524288 524288 582144
488 1 253952 262144
169 5 369152 393216 393216 458752 458752 524288 524288 589824 589824 655360
170 3 0 65536 65536 131072 131072 172544
20 1 0 4096
552 1 118784 126976
552 1 126976 131072
650 1 471040 475136
54 2 57344 65536 65536 77824
199 1 417792 418816
170 7 238080 262144 262144 327680 327680 393216 393216 458752 458752 524288 524288 589824 589824 655360
171 2 0 65536 65536 107008
334 1 172032 176128
988 1 319488 327680
144 1 344064 348160
988 1 327680 331776
204 2 491520 524288 524288 544768
812 1 565248 573440
546 1 245760 249856
554 1 24576 26624
711 1 0 4096
710 1 651264 655360
452 1 516096 524288
452 1 524288 528384
388 1 425984 442368
785 1 274432 278528
388 1 442368 446464
832 1 528384 540672
611 1 245760 249856
388 1 446464 454656
26 1 225280 249856
388 1 454656 458752
673 1 212992 229376
16 1 270336 272384
642 1 532480 540672
611 1 245760 253952
388 1 458752 466944
603 1 32768 45056
602 1 622592 626688
334 1 401408 405504
243 1 323584 327680
602 1 622592 630784
603 1 61440 65536
16 1 507904 512000
343 1 233472 238080
511 1 36864 40960
898 1 0 12288
785 1 471040 479232
889 1 73728 98304
550 1 184320 192512
785 1 483328 487424
898 1 12288 16384
471 1 131072 131584
205 1 49152 53248
550 1 192512 196608
363 1 24576 40960
523 1 581632 585728
158 1 507904 512000
785 1 471040 475136
67 1 372736 376832
212 1 122880 126976
110 1 471040 475136
810 1 557056 589824
810 5 303104 327680 327680 393216 393216 458752 458752 524288 524288 557056
810 1 598016 655360
811 3 0 65536 65536 131072 131072 167936
235 2 90112 131072 131072 155648
641 1 493056 493568
808 1 169984 171520
100 1 32768 45056
650 1 532480 548864
827 1 77824 83968
650 1 532480 536576
679 1 45056 61440
715 1 135168 159744
702 1 0 4096
701 1 647168 651264
679 1 61440 65536
681 1 65536 81920
213 2 138752 196608 196608 208384
904 4 397312 458752 458752 524288 524288 589824 589824 655360
905 5 0 65536 65536 131072 131072 196608 196608 262144 262144 266240
979 2 278528 327680 327680 344064
456 1 294912 323584
715 2 528384 589824 589824 655360
716 2 0 65536 65536 69632
949 2 466944 524288 524288 532480
851 2 294912 327680 327680 360448
236 2 139264 196608 196608 204800
177 1 458752 462848
86 1 589824 655360
145 1 253952 254464
721 2 184320 196608 196608 249856
722 1 90112 126976
666 2 77824 131072 131072 143360
950 1 118784 131072
177 2 385024 393216 393216 446464
571 8 163840 196608 196608 262144 262144 327680 327680 393216 393216 458752 458752 524288 524288 589824 589824 651264
713 3 462848 524288 524288 589824 589824 655360
714 5 0 65536 65536 131072 131072 196608 196608 262144 262144 294912
980 2 241664 262144 262144 307200
763 2 159744 196608 196608 225280
627 1 94208 98304
469 1 385024 393216
700 1 274432 282624
847 1 417792 421888
469 1 397312 401408
525 1 544768 557568
700 1 315392 319488
525 2 557568 589824 589824 610304
534 1 598016 602112
459 1 585728 589824
642 1 503808 512000
159 1 32768 40960
444 1 311296 315392
216 1 98304 102400
724 1 180224 184320
199 1 466944 471040
929 1 172032 176128
159 1 200704 204800
157 1 327680 331776
856 1 114688 118784
781 1 491520 495616
141 1 364544 368640
605 1 454656 458752
168 1 372736 380928
459 1 585728 589824
642 1 573440 577536
993 2 126976 131072 131072 196608
811 1 257536 258560
488 1 262144 266240
401 1 423936 427520
989 2 524288 589824 589824 655360
641 1 405504 409600
407 1 249856 258048
253 1 159744 163840
568 1 552960 557056
676 1 581632 589824
764 2 368640 393216 393216 417792
410 1 569344 577536
644 1 258048 262144
414 1 77824 81920
184 1 429568 433664
826 1 282624 286720
107 1 32768 36864
378 1 471040 475136
208 1 282624 286720
412 1 630784 638976
302 1 143360 147456
13 1 610304 614400
904 1 589824 598016
904 1 602112 614400
250 1 122880 126976
733 1 397312 409600
975 1 110592 114688
479 1 618496 622592
709 1 163840 167936
709 2 81920 131072 131072 143360
236 2 401408 458752 458752 466944
852 2 36864 65536 65536 102400
764 2 520192 524288 524288 585728
32 1 65536 69632
627 2 163840 196608 196608 249856
336 1 360448 393216
180 1 524288 589824
335 3 102400 131072 131072 196608 196608 237568
718 1 647168 655360
719 1 0 57344
184 1 581632 589824
585 3 24576 65536 65536 131072 131072 155648
80 2 294912 327680 327680 360448
694 2 143360 196608 196608 208896
236 1 585728 589824
998 1 585728 589824
981 2 110592 131072 131072 176128
862 1 208896 212992
236 1 626688 655360
237 1 0 32768
463 1 442368 446464
219 1 438272 438784
60 1 327680 348160
26 1 204800 217088
681 1 262144 278528
254 1 135168 139264
979 1 0 4096
626 7 70144 131072 131072 196608 196608 262144 262144 327680 327680 393216 393216 458752 458752 479232
866 1 528384 532480
579 1 622592 626688
254 1 159744 188416
362 1 151552 155648
136 1 98304 106496
98 1 12288 20480
37 1 397312 405504
585 1 626688 630784
404 1 389120 393216
593 1 446464 454656
456 1 204800 208896
583 1 307200 327680
396 1 356352 364544
396 1 364544 368640
322 1 495616 499712
949 2 249856 262144 262144 266240
352 1 552960 569344
383 1 299008 303104
700 1 315392 323584
526 2 413696 458752 458752 479232
673 1 147456 163840
678 1 503808 507904
678 1 540672 557056
680 1 176128 188416
298 1 180224 184320
394 1 630784 632320
298 1 229376 241664
449 1 581632 589824
449 1 589824 593920
490 1 192512 196608
503 1 425984 434176
503 1 434176 438272
900 1 479232 524288
91 1 67584 68096
91 1 68096 68608
900 1 589824 655360
901 5 0 65536 65536 131072 131072 196608 196608 262144 262144 327680
919 1 0 28672
251 1 217088 237568
505 1 368640 372736
521 1 114688 118784
637 1 102400 106496
608 1 32768 65536
627 1 274432 278528
137 1 356352 376832
832 1 360448 380928
19 1 589824 593920
171 3 107008 131072 131072 196608 196608 200704
171 7 204800 262144 262144 327680 327680 393216 393216 458752 458752 524288 524288 589824 589824 635392
199 1 418304 418816
805 1 331776 352256
20 1 0 8192
645 1 176128 180224
367 1 487424 491520
764 1 417792 421888
45 1 651264 655360
367 1 512000 516096
184 1 429568 433664
407 1 249856 258048
383 1 143360 147456
46 1 53248 57344
930 1 634880 651264
171 1 0 16384
604 1 249856 258048
184 1 4096 8192
414 1 151552 155648
309 1 602112 606208
520 1 434176 438272
805 1 499712 507904
295 2 348160 393216 393216 397312
13 1 270336 278528
320 1 552960 557056
602 1 634880 638976
609 1 262144 266240
676 1 385024 389120
602 1 622592 626688
659 1 32768 36864
945 1 49152 53248
541 1 73728 77824
541 1 266240 270336
631 1 544768 548864
572 1 479232 512000
210 1 335872 376832
871 1 360448 372736
720 1 94208 98304
202 1 102400 103424
965 1 303104 307200
641 1 494080 494592
811 8 167936 196608 196608 262144 262144 327680 327680 393216 393216 458752 458752 524288 524288 589824 589824 655360
812 1 0 36864
99 1 507904 512000
631 1 577536 581632
650 1 479232 483328
100 1 24576 32768
702 1 503808 507904
707 1 598016 602112
58 1 512000 516096
55 1 413696 417792
51 1 118784 122880
51 1 581632 585728
58 1 4096 8192
57 1 176128 180224
502 2 323584 327680 327680 385024
51 1 131072 135168
109 1 507904 512000
58 1 548864 552960
720 1 344064 352256
602 1 335872 344064
310 1 389120 393216
535 1 630784 638976
310 1 626688 630784
998 2 274432 327680 327680 356352
679 1 593920 610304
998 1 356352 360448
483 1 253952 255488
783 1 69632 73728
370 2 139264 196608 196608 204800
36 1 507904 512000
696 1 618496 622592
299 1 380928 385024
371 2 73728 131072 131072 139264
696 1 651264 655360
299 1 389120 393216
782 1 528384 536576
372 2 335872 393216 393216 401408
299 1 413696 417792
643 1 225280 229376
373 1 139264 160256
299 1 552960 557056
696 1 327680 331776
304 1 405504 413696
304 1 458752 462848
373 2 160256 196608 196608 204800
304 1 466944 479232
866 1 532480 536576
137 1 106496 110592
834 1 249856 253952
574 1 172032 180224
626 1 598528 655360
627 7 0 65536 65536 131072 131072 196608 196608 262144 262144 327680 327680 393216 393216 401920
254 1 225280 225792
886 1 196608 200704
979 1 4096 8192
550 1 524288 528384
110 1 495616 512000
117 1 319488 323584
550 1 196608 229376
205 1 49152 57344
639 1 536576 544768
550 1 229376 233472
212 1 53248 57344
7 1 606208 643072
110 1 471040 475136
550 1 233472 241664
7 1 643072 647168
242 1 233472 249856
675 5 327680 393216 393216 458752 458752 524288 524288 589824 589824 655360
676 2 0 65536 65536 131072
710 1 290816 294912
375 1 368640 372736
476 1 270336 294912
364 1 196608 204800
476 1 294912 299008
584 1 589824 590848
948 1 270336 272384
583 1 520192 524288
785 1 229376 230400
812 1 290816 294912
464 1 339968 344064
642 1 237568 238080
782 1 573440 577536
321 1 241664 244224
65 1 499712 512000
681 2 446464 458752 458752 462848
642 1 532480 536576
356 1 86016 90112
681 1 282624 294912
650 1 466944 471040
187 7 254464 262144 262144 327680 327680 393216 393216 458752 458752 524288 524288 589824 589824 655360
188 2 0 65536 65536 123392
127 1 503808 507904
495 2 131072 196608 196608 217088
707 1 36864 40960
650 1 458752 462848
495 1 217088 221184
188 8 123392 131072 131072 196608 196608 262144 262144 327680 327680 393216 393216 458752 458752 524288 524288 582144
183 1 598016 602112
13 1 282624 286720
13 1 421888 425984
13 1 593920 598016
13 1 552960 557056
13 1 471040 475136
811 1 258560 259584
38 1 458752 475136
649 1 53248 57344
811 1 259584 260608
967 2 516096 524288 524288 548864
650 1 466944 475136
811 1 260608 261632
649 1 53248 57344
862 2 225280 262144 262144 286720
998 1 630784 655360
999 1 0 36864
720 2 380928 393216 393216 446464
706 1 491520 495616
706 1 622592 638976
706 2 499712 524288 524288 544768
764 2 49152 65536 65536 114688
874 2 208896 262144 262144 274432
180 1 589824 655360
707 2 536576 589824 589824 602112
766 1 458752 487424
765 3 36864 65536 65536 131072 131072 139264
705 2 548864 589824 589824 614400
874 1 602112 655360
875 1 0 12288
846 2 573440 589824 589824 634880
875 1 286720 299008
694 2 339968 393216 393216 405504
512 1 479232 483328
720 2 118784 131072 131072 184320
807 1 589824 618496
69 1 372736 380928
69 1 380928 385024
819 1 299008 323584
69 2 385024 393216 393216 417792
69 1 483328 487424
819 1 299008 303104
69 1 487424 491520
69 1 536576 540672
467 1 241664 245760
642 1 516096 520192
887 1 0 4096
3 1 299008 303104
986 1 176128 180224
138 1 159744 163840
138 1 172032 176128
138 1 180224 184320
644 1 266240 270336
147 1 274432 278528
325 1 90112 94208
54 1 434176 438272
147 1 286720 290816
50 1 40960 45056
383 1 45056 49152
54 1 331776 335872
485 1 532480 536576
370 2 585728 589824 589824 622592
370 1 622592 626688
746 1 221184 229376
724 1 118784 122880
131 1 446464 450560
2 1 159744 163840
131 1 561152 565248
15 1 303104 307200
4 1 544768 548864
204 1 610304 614400
181 1 569344 581632
800 2 167936 196608 196608 221184
169 2 286720 327680 327680 352256
170 1 614400 655360
171 2 0 65536 65536 90112
174 3 225280 262144 262144 327680 327680 356352
198 1 274432 294912
212 1 643072 655360
213 1 0 4096
175 4 266240 327680 327680 393216 393216 458752 458752 507904
147 3 405504 458752 458752 524288 524288 536576
46 1 491520 495616
707 1 81920 90112
931 1 0 4096
142 1 462336 462848
432 1 638976 647168
931 1 8192 12288
213 1 471040 475136
110 1 364544 368640
874 2 319488 327680 327680 344064
790 1 65536 69632
527 2 282624 327680 327680 343552
700 1 315392 319488
554 1 73728 77824
379 1 364544 368640
804 1 188416 196608
550 1 241664 245760
806 1 0 12288
213 1 208384 212480
188 1 221184 241664
70 1 483328 491520
678 1 614400 634880
258 1 188416 196608
650 1 532480 536576
43 1 422912 423424
700 1 139264 143360
99 1 12288 13312
27 1 401408 403456
120 1 364544 368640
845 1 98304 118784
268 1 221184 233472
268 1 237568 241664
745 1 16384 36864
745 1 36864 49152
983 1 307200 311296
128 1 618496 622592
162 2 585728 589824 589824 606208
560 1 421888 425984
560 1 274432 278528
90 1 638976 643072
558 1 581632 585728
561 1 4096 8192
642 1 466944 475136
182 1 651264 655360
476 1 307200 310272
536 1 417792 418816
650 1 466944 475136
974 1 184320 188416
467 1 274432 278528
465 1 647168 651264
465 1 450560 454656
453 1 40960 45056
453 1 73728 77824
454 1 413696 417792
454 1 401408 405504
453 1 90112 94208
452 1 630784 634880
454 1 262144 266240
453 1 606208 610304
452 1 552960 557056
453 1 516096 520192
453 1 471040 475136
453 1 430080 434176
479 1 630784 638976
69 1 540672 544768
459 1 585728 589824
421 2 450560 458752 458752 466944
642 1 507904 512000
622 2 446464 458752 458752 462848
291 1 548864 552960
728 1 20480 24576
720 1 163840 167936
308 1 376832 380928
309 1 512000 515584
727 1 614400 618496
459 1 585728 589824
642 1 573440 577536
459 1 585728 589824
742 1 94208 98304
642 1 507904 516096
742 1 159744 180224
459 1 585728 589824
597 1 16384 20480
111 1 598016 602112
866 1 528384 532480
866 1 532480 536576
597 1 28672 32768
632 1 552960 561152
551 1 430080 454656
39 1 24576 28672
642 1 462848 466944
119 1 327680 348160
13 1 339968 344064
650 1 503808 507904
38 1 294912 303104
963 6 53248 65536 65536 131072 131072 196608 196608 262144 262144 327680 327680 367104
875 2 352256 393216 393216 405504
64 1 483328 495616
449 1 36864 45056
766 1 421888 425984
766 2 487424 524288 524288 544768
766 1 454656 458752
838 2 245760 262144 262144 282624
838 1 294912 319488
875 2 471040 524288 524288 536576
449 1 45056 49152
512 1 499712 503808
71 1 139264 142848
326 2 192512 196608 196608 258048
876 2 163840 196608 196608 229376
548 1 503808 520192
551 1 585728 589824
27 1 458752 462848
900 2 585728 589824 589824 593920
398 1 450560 454656
549 1 344064 352256
50 1 327680 331776
380 2 258048 262144 262144 286720
446 1 49152 53248
108 1 118784 126976
445 1 614400 626688
346 1 237568 262144
2 1 327680 331776
642 1 581632 585728
988 1 147456 151552
378 1 77824 86016
346 1 229376 233472
348 1 430080 438272
523 1 614400 618496
473 1 110592 114688
464 1 614400 622592
811 2 261632 262144 262144 264704
650 1 536576 540672
993 1 98304 106496
811 1 264704 265728
401 1 427520 428544
649 1 53248 57344
84 2 147456 196608 196608 221184
650 1 471040 475136
811 1 265728 266752
996 2 405504 458752 458752 462848
962 1 217088 249856
945 1 36864 40960
874 1 348160 352256
363 1 184320 188416
431 1 36864 45056
110 1 368640 372736
874 1 356352 376832
347 1 479232 483328
347 1 118784 122880
407 1 94208 98304
705 1 110592 114688
568 1 638976 643072
479 1 638976 643072
972 3 61440 65536 65536 131072 131072 172032
128 1 417792 421888
764 2 520192 524288 524288 528384
151 1 311296 315392
267 1 299008 303104
151 1 372736 376832
179 1 131072 131584
463 1 28672 65536
424 1 45056 65536
829 1 122880 131072
829 1 131072 135168
190 1 308736 309248
190 1 309248 309760
183 1 344064 352256
190 1 309760 310272
84 1 323584 327680
189 1 606208 610304
183 1 344064 352256
206 1 446464 451584
84 1 323584 327680
128 1 552960 555520
189 1 606208 610304
783 1 446464 458752
183 1 344064 352256
783 1 524288 532480
95 1 350208 350720
539 1 188416 192512
843 1 651776 655360
844 8 0 65536 65536 131072 131072 196608 196608 262144 262144 327680 327680 393216 393216 458752 458752 520704
844 3 520704 524288 524288 589824 589824 655360
845 5 0 65536 65536 131072 131072 196608 196608 262144 262144 324096
128 1 368640 393216
93 1 524288 577536
650 1 532480 536576
311 1 151552 152064
650 1 458752 462848
845 5 389632 393216 393216 458752 458752 524288 524288 589824 589824 655360
846 4 0 65536 65536 131072 131072 196608 196608 258560
373 1 176640 177152
893 1 0 3072
736 1 192512 196608
702 1 241664 245760
383 1 290816 294912
54 1 376832 380928
825 1 163840 167936
38 1 65536 69632
440 1 167936 172032
79 1 569344 573440
36 1 131072 135168
69 1 57344 61440
77 1 176128 180224
39 1 524288 528384
38 1 61440 65536
63 1 94208 98304
774 1 610304 614400
226 1 507904 512000
920 1 290816 311296
530 1 630784 634880
789 1 634880 647168
920 1 311296 315392
782 1 520192 524288
700 1 249856 253952
530 1 634880 638976
867 1 507904 512000
275 1 311296 315392
687 1 610304 643072
859 1 258048 262144
700 1 249856 258048
790 1 0 4096
700 1 249856 253952
411 1 622592 630784
630 1 180224 184320
411 1 630784 634880
630 1 184320 188416
572 1 598016 602112
254 1 229376 233472
656 1 32768 40960
627 3 467456 524288 524288 589824 589824 655360
628 6 0 65536 65536 131072 131072 196608 196608 262144 262144 327680 327680 336384
979 1 0 4096
866 1 528384 532480
551 1 454656 458752
866 1 532480 536576
928 1 421376 421888
260 1 614912 655360
261 8 0 65536 65536 131072 131072 196608 196608 262144 262144 327680 327680 393216 393216 458752 458752 483840
489 1 241664 242176
261 3 483840 524288 524288 589824 589824 655360
262 6 0 65536 65536 131072 131072 196608 196608 262144 262144 327680 327680 352768
262 5 352768 393216 393216 458752 458752 524288 524288 589824 589824 655360
263 4 0 65536 65536 131072 131072 196608 196608 221696
489 1 249856 250368
263 7 221696 262144 262144 327680 327680 393216 393216 458752 458752 524288 524288 589824 589824 655360
264 2 0 65536 65536 90624
480 1 370176 370688
264 9 90624 131072 131072 196608 196608 262144 262144 327680 327680 393216 393216 458752 458752 524288 524288 589824 589824 614912
350 1 356864 357376
804 1 323584 327680
770 1 286720 290304
805 1 65536 81920
649 1 53248 57344
811 1 266752 267776
945 1 28672 32768
650 1 536576 544768
38 3 475136 524288 524288 589824 589824 655360
171 1 635392 655360
172 8 0 65536 65536 131072 131072 196608 196608 262144 262144 327680 327680 393216 393216 458752 458752 504320
199 1 418304 430080
19 1 593920 598016
199 2 422912 458752 458752 471040
172 3 504320 524288 524288 589824 589824 655360
173 6 0 65536 65536 131072 131072 196608 196608 262144 262144 327680 327680 373248
20 1 4096 8192
89 1 233472 237568
145 1 147456 167936
667 1 180224 196608
564 1 151552 167936
673 1 163840 184320
205 1 53248 57344
650 1 471040 479232
662 1 389120 393216
662 1 237568 241664
59 1 286720 290816
332 1 184320 188416
550 1 245760 253952
724 1 454656 458752
937 1 32768 36864
564 1 249856 253952
587 1 327680 335872
205 1 53248 61440
691 1 471040 475136
550 1 253952 258048
101 1 28672 32768
724 1 454656 458752
937 1 32768 36864
7 1 647168 655360
8 1 0 16384
347 1 491520 495616
83 1 413696 417792
431 1 40960 49152
549 1 425984 430080
347 1 524288 528384
110 1 364544 368640
819 1 143360 147456
427 1 102400 106496
119 1 348160 360448
678 1 483328 499712
0 1 417792 434176
608 1 598016 614400
861 1 593920 598016
608 1 614400 618496
124 1 245760 262144
673 1 364544 380928
266 1 651264 655360
267 2 0 65536 65536 106496
220 1 638976 655360
221 6 0 65536 65536 131072 131072 196608 196608 262144 262144 327680 327680 376832
500 1 188416 192512
926 1 385024 389120
44 1 499712 503808
114 1 442368 450560
223 1 274432 286720
939 2 389120 393216 393216 397312
337 2 77824 131072 131072 188416
337 1 188416 192512
155 1 266240 278528
906 1 286720 294912
700 1 139264 143360
497 1 65536 69632
558 1 159744 163840
52 1 98304 106496
812 9 36864 65536 65536 131072 131072 196608 196608 262144 262144 327680 327680 393216 393216 458752 458752 524288 524288 561152
215 1 217088 221184
52 1 106496 110592
442 1 241664 245760
508 1 4096 12288
812 2 561152 589824 589824 655360
813 7 0 65536 65536 131072 131072 196608 196608 262144 262144 327680 327680 393216 393216 430080
771 1 135168 159744
51 1 614400 618496
388 1 466944 471040
828 1 249856 253952
477 1 69632 73728
477 1 135168 139264
476 1 163840 167936
194 2 40960 65536 65536 98304
937 1 458752 524288
568 1 327680 393216
611 1 249856 253952
388 1 471040 479232
194 1 98304 102400
673 1 229376 249856
388 1 479232 483328
642 1 471040 479232
250 1 483328 487424
683 1 393216 409600
650 1 471040 475136
650 1 466944 475136
502 1 647168 651264
681 1 278528 299008
644 1 442368 446464
783 1 376832 380928
827 1 102400 105984
791 1 618496 626688
16 1 0 4096
785 1 466944 471040
305 1 200704 204800
908 1 73728 77824
805 1 143360 147456
609 1 249856 253952
737 1 24576 28672
491 1 192512 193536
606 1 421888 425984
351 1 258048 262144
970 1 98304 102400
108 1 110592 114688
724 1 237568 241664
379 1 12288 28672
953 1 139264 143360
911 1 606208 614400
368 1 167936 172032
642 1 516096 520192
368 1 192512 196608
397 1 139264 143360
288 1 286720 290816
367 1 589824 593920
386 1 532480 544768
513 1 184320 188416
972 1 151552 155648
246 1 643072 647168
452 1 421888 425984
642 1 581632 589824
452 1 430080 434176
758 1 430080 434176
135 1 405504 421888
423 1 458752 472064
463 2 327680 393216 393216 434176
774 1 491520 494592
384 1 598016 610304
684 1 528384 528896
40 1 360448 364544
246 1 176128 176640
179 1 139264 139776
673 1 294912 311296
642 1 536576 540672
760 1 36864 45056
318 1 94208 110592
639 1 618496 622592
902 1 217088 221184
246 1 192512 193024
317 1 196608 200704
436 1 544768 548864
446 1 217088 221184
380 1 634880 647168
423 1 344064 348160
451 1 184320 185344
470 1 626688 630784
451 1 192512 196608
470 1 634880 638976
471 1 192512 196608
760 1 286720 290816
380 1 450560 454656
504 1 372736 376832
542 1 638976 643072
436 1 278528 282624
581 1 28672 65536
649 1 53248 57344
991 4 0 65536 65536 131072 131072 196608 196608 262144
650 1 475136 479232
870 1 446464 450560
707 1 77824 81920
183 1 274432 290816
892 1 217088 221184
811 1 544768 548864
78 1 102400 106496
189 1 57344 61440
1 3 274432 327680 327680 393216 393216 405504
336 1 16384 40960
45 1 155648 159744
45 1 143360 147456
129 1 503808 512000
765 1 106496 110592
598 1 491520 495616
598 1 565248 569344
56 1 417792 454656
56 1 454656 458752
129 1 503808 507904
56 1 458752 462848
56 1 528384 532480
56 1 532480 536576
87 1 339968 344064
163 1 151552 155648
254 1 225280 225792
137 1 196608 217088
207 1 446464 450560
345 1 204800 208896
267 1 282624 286720
267 1 344064 348160
764 1 528384 532480
241 1 180224 196608
154 1 569344 573440
970 1 303104 307200
972 1 172032 176128
69 1 544768 548864
69 1 548864 565248
378 1 192512 196608
821 1 53248 57344
996 1 483328 487424
309 1 270336 274432
320 1 0 4096
522 2 552960 589824 589824 606208
845 1 217088 225280
432 1 548864 557056
123 1 307200 327680
933 1 12288 16384
937 1 393216 397312
975 1 233472 237568
937 1 24576 28672
370 1 626688 647168
123 1 458752 491520
370 1 647168 651264
123 1 491520 495616
295 1 397312 401408
133 1 262144 327680
265 1 20480 65536
321 2 569344 589824 589824 602112
133 1 524288 573440
0 1 434176 442368
678 1 540672 552960
97 1 327680 348160
35 1 323584 327680
215 1 487424 491520
866 1 412672 413184
651 1 286720 290816
934 1 258048 262144
677 2 397312 458752 458752 475136
103 1 24576 32768
107 1 147456 151552
677 1 475136 479232
91 1 68608 69120
107 1 155648 156672
91 1 69120 69632
107 1 156672 157696
91 1 69632 70144
866 1 413184 413696
91 1 70144 70656
91 1 70656 71168
91 1 71168 71680
866 1 413696 414208
647 1 114688 118784
809 1 483328 487424
495 1 405504 409600
145 1 528384 536576
110 1 368640 372736
932 1 446464 450560
132 1 53248 57344
288 1 86016 90112
132 1 69632 77824
604 1 253952 258048
13 1 552960 557056
13 1 282624 286720
247 1 73728 77824
342 1 20480 53248
127 1 503808 507904
989 1 303104 327680
707 1 102400 106496
188 1 647680 655360
189 8 0 65536 65536 131072 131072 196608 196608 262144 262144 327680 327680 393216 393216 458752 458752 516608
989 1 327680 331776
979 1 4096 8192
978 1 647168 651264
189 3 516608 524288 524288 589824 589824 655360
190 6 0 65536 65536 131072 131072 196608 196608 262144 262144 327680 327680 385536
1 1 393216 401408
8 1 135168 139264
191 3 118784 131072 131072 196608 196608 258560
8 1 20480 28672
190 5 385536 393216 393216 458752 458752 524288 524288 589824 589824 655360
191 2 0 65536 65536 114688
41 1 90112 94208
204 1 417280 441856
156 1 225280 241664
354 1 184320 188416
460 1 225280 229376
254 1 552960 557056
494 1 409600 413696
286 1 196608 200704
254 1 565248 569344
98 1 442368 446464
99 1 630784 634880
99 1 585728 589824
252 1 622592 626688
579 1 114688 126976
243 1 212992 217088
532 1 524288 528384
368 1 454656 458752
156 1 241664 245760
462 1 217088 221184
578 1 634880 635392
491 1 188416 192512
792 1 294912 299008
609 1 139264 143360
949 1 466944 471040
729 1 413696 416768
376 1 139264 147456
792 1 462848 466944
712 1 225280 229376
383 1 516096 520192
792 1 471040 475136
509 1 65536 69632
677 1 81920 86016
715 1 274432 278528
309 1 548864 552960
963 1 593920 598016
964 1 8192 12288
0 1 200704 204800
121 1 471040 475136
121 1 401408 409600
55 1 241664 245760
988 1 122880 126976
123 1 356352 360448
585 1 274432 278528
122 1 12288 16384
585 1 364544 372736
457 1 376832 380928
986 1 643072 647168
265 1 139264 143360
585 1 393216 397312
463 1 483328 491520
374 1 208896 231936
304 1 487424 491520
318 1 151552 167936
304 1 499712 503808
211 1 647168 655360
212 1 0 4096
304 1 512000 516096
322 1 147456 151552
643 1 266240 270336
701 1 409600 413696
810 1 139264 143360
810 1 184320 188416
555 1 565248 569344
275 1 184320 188416
318 1 167936 188416
644 1 442368 446464
211 1 589824 593920
675 1 335872 364544
597 1 0 8192
811 1 267776 269312
39 3 0 65536 65536 131072 131072 155648
362 1 12288 16384
649 1 53248 57344
811 1 269312 271360
84 1 274432 299008
650 1 540672 544768
173 5 373248 393216 393216 458752 458752 524288 524288 589824 589824 655360
174 4 0 65536 65536 131072 131072 196608 196608 242176
786 1 122880 123392
154 1 352256 356352
199 1 468992 470528
948 1 217088 221184
947 1 512000 516096
174 7 242176 262144 262144 327680 327680 393216 393216 458752 458752 524288 524288 589824 589824 655360
175 2 0 65536 65536 111104
330 1 528384 532480
824 1 450560 458752
642 1 540672 548864
0 1 421888 438272
642 1 487424 491520
456 1 561152 569344
456 1 569344 573440
468 1 286720 290816
50 1 487424 491520
50 1 487424 491520
562 1 172032 180224
562 1 180224 184320
439 1 216576 220672
346 2 48640 65536 65536 81408
346 1 81408 85504
282 1 483328 487424
892 1 237568 241664
687 1 4096 8192
870 1 446464 450560
284 1 176128 184320
707 1 12288 20480
181 1 618496 634880
439 1 487424 503808
285 1 618496 622592
30 1 356352 372736
30 1 339968 356352
69 1 262144 278528
475 1 356352 364544
642 1 577536 581632
475 1 364544 368640
650 1 532480 536576
678 1 483328 499712
906 1 438272 442368
890 1 524288 528384
890 1 516096 520192
91 1 147456 151552
863 1 12288 16384
91 1 307200 311296
168 1 94208 110592
593 1 307200 311296
110 2 512000 524288 524288 536576
593 2 311296 327680 327680 344064
642 1 466944 471040
8 1 16384 20480
593 1 344064 348160
550 2 258048 262144 262144 290816
168 1 110592 114688
550 1 290816 294912
831 1 327680 344064
205 1 57344 61440
650 1 532480 540672
110 1 512000 516096
550 1 294912 303104
513 1 286208 290304
734 1 3584 7680
550 1 175616 179712
642 1 532480 536576
642 1 466944 471040
678 1 499712 507904
678 1 540672 552960
809 1 37888 38400
587 2 0 65536 65536 86016
763 2 299008 327680 327680 331776
597 1 8192 12288
675 1 364544 368640
792 1 110592 114688
777 1 634880 655360
778 1 0 8192
132 1 86016 90112
469 1 36864 40960
707 1 20480 24576
841 1 49152 53248
518 1 344064 348160
595 1 151552 155648
604 1 253952 258048
240 1 69632 73728
518 1 364544 372736
707 1 86016 90112
140 1 122880 131072
240 1 90112 94208
366 1 278528 282624
83 1 77824 102400
355 1 380928 389120
811 1 271360 272384
442 1 372736 376832
399 1 143360 147456
706 1 618496 622592
877 1 8192 24576
706 1 638976 655360
707 1 0 32768
906 1 180224 184320
876 1 610304 655360
877 1 0 4096
548 1 520192 524288
901 2 98304 131072 131072 143360
883 1 638976 655360
884 1 0 12288
901 1 143360 147456
36 1 610304 614400
596 1 98304 126976
500 1 98304 122880
633 1 217088 229376
710 1 32768 49152
36 1 614400 655360
37 1 0 16384
37 1 16384 20480
950 1 131072 135168
950 1 135168 147456
628 5 336384 393216 393216 458752 458752 524288 524288 589824 589824 655360
629 4 0 65536 65536 131072 131072 196608 196608 205312
979 1 4096 8192
954 7 213504 262144 262144 327680 327680 393216 393216 458752 458752 524288 524288 589824 589824 655360
955 2 0 65536 65536 82432
103 1 94208 98304
866 1 528384 532480
629 2 205312 262144 262144 303104
630 1 196608 245760
316 1 610304 614400
443 1 569344 573440
476 1 483328 484352
501 1 503808 507904
972 1 32768 36864
451 1 577536 581632
470 1 643072 647168
482 1 282624 286720
504 1 438272 442368
40 1 352256 356352
451 1 176128 177152
542 1 557056 558080
491 1 598016 606208
491 1 606208 610304
974 1 573440 589824
579 1 98304 106496
579 1 106496 110592
962 1 196608 217088
174 1 57344 61440
650 1 540672 548864
642 1 520192 524288
369 1 638976 643072
365 1 651264 655360
642 1 585728 589824
589 1 561152 565248
939 1 167936 172032
476 1 380928 385024
935 1 626688 655360
936 1 0 32768
949 2 389120 393216 393216 397312
972 2 454656 458752 458752 462848
593 1 389120 393216
949 1 397312 401408
642 2 520192 524288 524288 528384
86 1 540672 544768
383 1 462848 479232
722 1 450560 454656
814 1 524288 528384
808 1 131072 135168
811 1 327680 331776
461 1 352256 356352
818 1 131072 135168
585 1 385024 389120
381 1 520192 524288
384 1 630784 647168
386 1 458752 466944
791 2 389120 393216 393216 409600
386 1 466944 524288
409 1 270336 278528
409 1 278528 282624
567 1 217088 225280
567 1 225280 229376
981 1 114688 118784
187 1 286720 294912
565 2 172032 196608 196608 217088
445 1 159744 176128
569 2 540672 589824 589824 634880
138 1 389120 393216
565 1 217088 225280
51 1 540672 544768
641 1 495104 495616
813 4 430080 458752 458752 524288 524288 589824 589824 655360
814 5 0 65536 65536 131072 131072 196608 196608 262144 262144 299008
332 1 413696 417792
497 1 65536 69632
317 1 491520 495616
318 1 237568 241664
917 1 196608 200704
333 1 36864 45056
698 1 446464 450560
327 1 12288 16384
804 1 106496 122880
642 1 532480 540672
252 1 262144 266240
650 1 532480 540672
446 1 548864 552960
998 1 360448 389120
998 1 389120 393216
221 1 643072 647168
998 2 393216 458752 458752 471040
679 1 610304 630784
998 1 471040 475136
962 1 339968 344064
962 1 323584 327680
998 2 503808 524288 524288 532480
998 1 475136 499712
998 1 532480 536576
962 1 339968 344064
998 1 536576 581632
998 1 581632 585728
518 1 376832 385024
812 1 233472 237568
569 1 421888 425984
613 1 561152 565248
560 1 176128 180224
604 1 253952 258048
447 1 90112 94208
707 1 45056 49152
707 1 20480 24576
535 1 98304 126976
69 1 565248 569344
212 1 53248 57344
887 1 352256 385024
522 1 606208 610304
369 1 290816 294912
241 1 196608 217088
819 2 323584 327680 327680 339968
764 2 434176 458752 458752 462848
819 1 405504 413696
764 1 462848 466944
69 2 569344 589824 589824 602112
432 1 557056 561152
69 1 602112 606208
330 3 331776 393216 393216 458752 458752 479232
734 1 131072 134656
748 1 487424 488960
714 1 471040 475136
599 1 626688 630784
714 1 479232 484864
264 1 614912 655360
265 8 0 65536 65536 131072 131072 196608 196608 262144 262144 327680 327680 393216 393216 458752 458752 483840
260 1 594432 596992
274 7 250368 262144 262144 327680 327680 393216 393216 458752 458752 524288 524288 589824 589824 655360
275 1 0 53760
276 1 12800 20480
266 4 114688 131072 131072 196608 196608 262144 262144 291328
265 3 483840 524288 524288 589824 589824 655360
266 2 0 65536 65536 110592
260 1 596992 598016
559 1 339968 348160
275 9 106496 131072 131072 196608 196608 262144 262144 327680 327680 393216 393216 458752 458752 524288 524288 589824 589824 623104
559 1 348160 352256
253 2 53248 65536 65536 69632
683 1 409600 430080
53 1 336384 336896
419 1 458752 462848
286 1 77824 81920
687 1 0 4096
286 2 323584 327680 327680 339968
12 1 407040 407552
91 1 143360 147456
776 1 626688 630784
286 1 368640 372736
512 1 589824 593920
462 1 307200 315392
642 1 532480 536576
792 1 208896 212992
778 1 73728 77824
462 1 315392 319488
792 1 335872 339968
196 1 544768 548864
676 1 344064 368640
796 1 45056 49152
642 1 466944 475136
284 1 159744 163840
329 1 8192 12288
329 1 397312 401408
826 1 557056 561152
315 1 184320 188416
332 1 196608 200704
312 1 372736 376832
309 1 61440 65536
309 1 311296 315392
325 1 348160 352256
912 1 20480 24576
52 1 110592 118784
321 1 356352 360448
8 2 245760 262144 262144 327680
331 1 393216 397312
315 1 126976 131072
703 1 131072 139264
226 1 286720 290816
814 6 299008 327680 327680 393216 393216 458752 458752 524288 524288 589824 589824 655360
815 3 0 65536 65536 131072 131072 167936
330 1 69632 73728
373 1 177664 178176
112 1 24576 40960
6 1 266240 270336
846 7 258560 262144 262144 327680 327680 393216 393216 458752 458752 524288 524288 589824 589824 655360
847 2 0 65536 65536 127488
570 1 299008 307200
847 9 127488 131072 131072 196608 196608 262144 262144 327680 327680 393216 393216 458752 458752 524288 524288 589824 589824 651776
834 1 200704 204800
917 1 372736 376832
997 1 401408 413696
380 1 421888 430080
379 1 540672 548864
997 1 364544 376832
112 1 40960 61440
997 1 417792 442368
503 1 409600 417792
44 2 122880 131072 131072 135168
229 1 462848 466944
781 1 585728 589824
575 1 327680 339968
456 1 139264 147456
650 1 544768 548864
489 1 233472 237568
16 1 507904 512000
719 1 372736 373248
239 2 126976 131072 131072 147456
142 1 454656 458752
129 1 565248 569344
6 1 507904 524288
18 1 0 16384
54 2 61440 65536 65536 77824
994 1 548864 575488
19 1 589824 593920
3 1 475136 479232
535 1 126976 131072
920 1 348160 352256
184 1 429568 433664
920 1 372736 376832
26 1 155648 159744
26 1 147456 151552
360 1 380928 393216
360 1 393216 397312
282 1 462848 466944
211 1 565248 569344
211 1 479232 483328
164 1 143360 151552
791 1 643072 655360
792 1 0 16384
655 1 495616 507904
993 1 602112 606208
789 1 105984 110080
50 1 122880 126976
365 1 380928 389120
860 1 400896 404992
973 1 638464 642560
42 1 626176 630272
38 1 626176 634368
471 1 503808 512000
470 1 409088 413184
203 1 359936 380416
471 1 491008 495104
687 1 491520 495616
687 1 503808 512000
879 1 417792 421888
879 1 565248 573440
310 1 425984 446464
600 1 49152 53248
944 1 475136 479232
310 1 446464 450560
444 1 475136 479232
934 1 557056 561152
794 1 208896 212992
150 1 557056 561152
465 1 217088 225280
569 1 634880 638976
739 1 327680 331776
98 1 135168 139264
178 1 253952 258048
705 1 57344 65536
953 1 499712 503296
357 1 131072 135168
826 1 565248 569344
796 1 561152 565248
845 1 57344 61440
556 1 94208 98304
798 1 528384 544768
879 1 294912 299008
650 1 466944 471040
135 1 274432 278528
642 1 466944 475136
702 1 90112 94208
208 1 434176 438272
624 1 540672 548864
633 1 294912 303104
115 1 602112 655360
116 1 0 32768
19 1 593920 598016
722 1 499712 524288
707 1 65536 69632
116 1 32768 36864
706 1 651264 655360
199 1 470016 495616
175 9 111104 131072 131072 196608 196608 262144 262144 327680 327680 393216 393216 458752 458752 524288 524288 589824 589824 635392
20 1 4096 8192
175 1 635392 655360
176 7 0 65536 65536 131072 131072 196608 196608 262144 262144 327680 327680 393216 393216 438784
629 6 303104 327680 327680 393216 393216 458752 458752 524288 524288 589824 589824 655360
630 1 0 25088
955 9 82432 131072 131072 196608 196608 262144 262144 327680 327680 393216 393216 458752 458752 524288 524288 589824 589824 606720
630 3 25088 65536 65536 131072 131072 196608
630 7 245760 262144 262144 327680 327680 393216 393216 458752 458752 524288 524288 589824 589824 598528
132 1 331776 348160
552 1 45056 49152
642 1 532480 536576
809 1 37888 40448
307 1 212992 221184
642 1 466944 475136
129 1 421888 434176
150 1 40960 45056
233 1 622592 626688
958 1 401408 405504
129 1 503808 507904
875 1 430080 434176
988 1 139264 143360
150 1 212992 221184
268 1 159744 163840
150 1 237568 241664
809 1 39936 40960
83 2 53248 65536 65536 77824
908 1 386560 387072
974 1 368640 372736
40 5 372736 393216 393216 458752 458752 524288 524288 589824 589824 593920
840 1 589824 606208
401 1 428544 429568
212 2 552960 589824 589824 606208
687 1 4096 8192
135 2 585216 589824 589824 601600
514 1 544768 548864
212 1 606208 610304
127 1 503808 507904
707 1 36864 40960
192 1 131072 135168
192 1 69632 123392
474 1 266240 270336
223 1 516096 520192
191 7 258560 262144 262144 327680 327680 393216 393216 458752 458752 524288 524288 589824 589824 655360
192 2 0 65536 65536 69632
838 1 589824 634880
341 2 114688 131072 131072 163840
837 2 94208 131072 131072 143360
818 2 258048 262144 262144 319488
192 1 123392 131072
192 2 397312 458752 458752 462848
341 1 163840 167936
359 5 246272 262144 262144 327680 327680 393216 393216 458752 458752 504320
127 1 503808 512000
192 3 266240 327680 327680 393216 393216 397312
174 1 57344 61440
650 1 479232 483328
650 1 471040 475136
550 1 303104 307200
650 1 536576 540672
205 1 57344 61440
522 1 237568 245760
662 1 421888 425984
59 1 286720 290816
662 1 405504 413696
389 1 446464 450560
117 1 319488 327680
67 1 372736 376832
522 1 245760 249856
550 1 307200 315392
941 1 344064 364544
550 1 315392 319488
650 1 471040 475136
908 2 585728 589824 589824 610304
650 1 536576 548864
205 1 57344 61440
998 1 221184 233472
998 1 237568 241664
678 1 634880 638976
679 1 16384 24576
861 1 593920 596480
493 2 573440 589824 589824 638976
418 1 589312 589824
740 1 204800 206848
878 1 122880 124416
167 1 90112 94208
145 1 344064 360448
201 1 131072 147456
39 1 24576 28672
167 1 24576 32768
153 1 270336 274432
920 1 380928 385024
153 1 294912 299008
920 2 389120 393216 393216 405504
848 1 184320 188416
841 1 491520 512000
277 1 364544 385024
297 1 4096 8192
549 1 405504 409600
91 1 405504 438272
479 2 450560 458752 458752 483328
116 1 352256 389120
41 4 16384 65536 65536 131072 131072 196608 196608 208896
53 3 86016 131072 131072 196608 196608 217088
503 1 417792 421888
132 1 618496 655360
133 2 0 65536 65536 77824
133 2 159744 196608 196608 208896
133 2 212992 262144 262144 327680
135 2 503808 524288 524288 532480
572 2 282624 327680 327680 360448
279 1 401408 405504
572 1 544768 569344
572 2 516096 524288 524288 536576
733 1 233472 237568
349 1 65536 94208
573 1 262144 315392
479 1 483328 487424
363 1 204800 208896
446 2 172032 196608 196608 221184
174 1 57344 61440
534 1 4096 5120
90 1 225280 229376
424 1 446464 450560
534 1 0 4096
90 1 159744 163840
894 1 446464 450560
650 1 475136 483328
90 1 225280 233472
894 1 446464 450560
90 1 163840 167936
650 1 544768 548864
894 1 446464 450560
650 1 483328 487424
894 1 446464 450560
650 1 548864 552960
894 1 446464 450560
650 1 483328 487424
894 1 446464 450560
650 1 548864 552960
204 1 441856 445952
952 1 40448 44544
478 1 97792 101888
792 1 16384 20480
210 1 40448 44544
298 1 597504 601600
26 1 564736 568832
892 1 613888 617984
905 1 376832 385024
627 1 245760 249856
471 1 512000 516096
627 1 237568 241664
726 1 0 4096
910 1 45056 49152
471 1 577536 581632
363 1 630784 634880
910 1 323584 327168
642 1 589824 593920
858 1 573440 589824
742 1 180224 192512
650 1 581632 589824
69 1 278528 294912
501 1 327680 331776
69 1 573440 577536
558 1 643072 647168
576 1 204800 208896
727 1 618496 626688
388 1 196608 225280
147 1 462848 466944
312 1 364544 372736
932 1 274432 275968
720 1 221184 225280
147 1 462848 466944
720 1 163840 167936
147 1 462848 466944
720 1 221184 225280
405 1 229376 237568
147 1 462848 466944
434 1 20480 24576
349 1 28672 32768
573 2 319488 327680 327680 360448
739 2 454656 458752 458752 462848
719 1 253952 258048
572 2 229376 262144 262144 278528
780 1 171520 173056
966 1 446464 450560
570 1 307200 311296
890 1 483328 512000
935 2 446464 458752 458752 479232
118 2 61440 65536 65536 126976
966 2 454656 458752 458752 512000
933 1 0 4096
137 1 184320 192512
446 3 225280 262144 262144 327680 327680 352256
437 2 434176 458752 458752 466944
937 1 249856 262144
139 2 270336 327680 327680 335872
819 1 323584 327680
69 1 606208 614400
917 1 389120 393216
995 2 253952 262144 262144 294912
845 1 454656 458752
917 1 397312 401408
845 1 524288 536576
917 1 409600 413696
870 1 385024 389120
650 1 479232 483328
917 1 417792 425984
495 1 532480 536576
917 1 479232 483328
125 1 274432 299008
979 1 651264 655360
980 1 0 4096
125 1 299008 303104
546 1 577536 581632
514 1 606208 610304
506 1 45056 49152
625 1 352256 356352
449 1 372736 376832
695 1 0 4096
164 1 610304 614400
308 1 540672 544768
153 1 352256 356352
294 1 524288 528384
642 1 540672 552960
302 1 544768 548864
484 1 483328 487424
492 1 405504 409600
275 1 623104 655360
589 1 86016 94208
443 1 159744 163840
266 5 356864 393216 393216 458752 458752 524288 524288 589824 589824 655360
267 4 0 65536 65536 131072 131072 196608 196608 225792
372 1 28672 36864
655 1 241664 258048
989 1 356352 372736
589 1 94208 98304
437 1 286720 290816
989 1 458752 462848
276 9 32768 65536 65536 131072 131072 196608 196608 262144 262144 327680 327680 393216 393216 458752 458752 524288 524288 524800
655 1 258048 262144
709 1 561152 565248
892 1 479232 507904
260 1 598016 599040
642 1 532480 540672
674 1 147456 159744
413 1 491520 499712
414 1 20480 24576
954 1 151552 172032
954 1 172032 176128
674 1 118784 131072
556 1 90112 94208
829 1 491520 495616
545 2 61440 65536 65536 69632
545 1 69632 73728
802 1 520192 524288
953 1 397312 405504
803 1 262144 278528
953 1 413696 417792
779 1 159744 163840
992 1 647168 655360
993 1 0 24576
704 1 327680 331776
962 1 249856 253952
927 1 563200 563712
40 1 593920 598016
9 1 614400 655360
538 1 126976 131072
65 1 237568 241664
822 1 188416 192512
579 1 94208 106496
604 1 253952 258048
707 1 86016 90112
791 1 385024 389120
254 1 401408 434176
866 1 532480 536576
411 1 512000 520192
851 1 192512 196608
411 1 520192 524288
156 1 204800 208896
866 1 528384 532480
868 1 262144 327680
164 1 180224 184320
642 1 532480 536576
164 1 184320 188416
298 1 12288 16384
673 1 225280 245760
804 1 454656 458752
650 1 544768 548864
91 1 71680 72192
91 1 72192 72704
91 1 72704 73216
107 1 157696 158720
866 1 414208 414720
91 1 73216 73728
251 1 274432 282624
251 1 290816 307200
91 1 73728 74240
251 1 344064 352256
107 1 158720 159744
91 1 74240 74752
250 2 315392 327680 327680 339968
107 1 159744 160768
881 1 327680 356352
866 1 414720 415232
199 1 493568 520192
176 3 504320 524288 524288 589824 589824 655360
177 6 0 65536 65536 131072 131072 196608 196608 262144 262144 327680 327680 373248
19 1 593920 598016
61 1 176128 192512
650 1 466944 471040
61 1 192512 196608
61 1 393216 405504
36 1 466944 471040
3 1 458752 462848
903 1 471040 479232
903 1 479232 483328
551 1 0 8192
982 1 98304 98816
551 1 8192 12288
938 1 602112 610304
131 1 397312 401408
129 1 487424 491520
849 2 290816 327680 327680 339968
273 1 450560 458752
510 1 475136 483328
510 1 483328 487424
647 1 634880 638976
648 1 73728 81920
496 1 65536 69632
5 1 524288 528384
215 1 212992 221184
882 1 471040 475136
10 1 622592 626688
367 2 479232 524288 524288 557056
367 1 557056 561152
642 1 536576 540672
889 1 593920 610304
675 1 167936 172032
809 1 40448 42496
487 1 647168 655360
642 1 471040 475136
488 1 0 4096
475 1 536576 540672
302 1 192512 196608
302 1 532480 540672
46 1 438272 442368
161 1 225280 253952
809 1 41984 43008
141 1 356352 360448
857 1 543744 544768
857 2 544768 589824 589824 655360
858 2 0 65536 65536 102400
25 1 258048 262144
273 1 606208 607232
979 1 4096 8192
166 1 368640 372736
488 1 642560 644096
161 1 143360 147456
627 1 557056 561152
39 1 24576 28672
628 1 438272 442368
979 1 4096 8192
227 1 638976 643072
811 2 311296 327680 327680 331776
228 1 32768 36864
951 1 593920 598528
752 1 94208 98304
48 1 638976 643072
422 1 335872 339968
112 2 581632 589824 589824 655360
113 1 0 57344
53 3 217088 262144 262144 327680 327680 348160
572 1 425984 430080
443 3 16384 65536 65536 131072 131072 147456
847 1 651776 655360
848 8 0 65536 65536 131072 131072 196608 196608 262144 262144 327680 327680 393216 393216 458752 458752 520704
572 1 491520 507904
350 2 28672 65536 65536 94208
115 2 520192 524288 524288 585728
438 1 204800 241664
650 1 466944 471040
112 2 319488 327680 327680 385024
349 2 356352 393216 393216 421888
719 1 143360 192512
719 1 196608 253952
41 2 208896 262144 262144 278528
350 2 159744 196608 196608 225280
120 2 389120 393216 393216 454656
349 1 32768 36864
114 2 253952 262144 262144 319488
650 1 462848 466944
642 1 536576 540672
469 1 172032 176128
302 1 180224 184320
800 1 94208 98304
554 1 356352 360448
276 1 397312 401408
642 1 471040 475136
583 1 106496 110592
303 1 405504 409600
552 1 540672 544768
553 1 360448 364544
132 1 348160 368640
299 1 593920 598016
846 2 389120 393216 393216 397312
656 1 528384 531968
451 1 491520 499712
273 1 532480 536576
274 1 282624 286720
607 1 618496 622592
618 1 139264 143360
478 1 122880 126976
274 1 311296 315392
275 1 589824 593920
617 1 598016 602112
276 1 167936 172032
953 1 65536 69632
599 1 249856 253952
587 1 200704 204800
835 1 143360 147456
585 1 491520 499712
771 1 610304 614400
992 1 106496 110592
278 1 225280 229376
293 1 233472 237568
148 1 352256 356352
805 1 131072 139264
90 1 163840 180224
560 1 176128 180224
734 1 122880 131072
394 1 319488 323584
610 1 647168 651264
707 1 110592 118784
604 1 253952 258048
394 1 331776 335872
625 1 380928 385024
630 1 188416 192512
687 1 643072 647168
685 1 430080 442368
47 1 180224 188416
622 1 200704 204800
622 1 135168 139264
571 1 8192 57344
516 1 36864 40960
530 1 638976 643072
571 1 57344 61440
530 1 643072 647168
456 1 516096 520192
702 1 126976 131072
791 1 167936 169984
304 1 237568 238592
52 1 225280 241664
176 1 339968 342016
12 1 450560 454656
811 1 561152 565248
553 1 212992 217088
348 1 483328 491520
839 1 65536 81920
610 1 614400 634880
484 2 249856 262144 262144 282624
472 1 65536 69632
93 1 327680 331776
849 2 61440 65536 65536 69632
176 1 282624 284672
48 1 73728 77824
724 1 245760 253952
849 1 69632 73728
550 2 319488 327680 327680 352256
550 1 352256 356352
205 1 57344 65536
908 1 585728 589824
8 1 20480 40960
550 1 356352 364544
852 1 450560 458752
8 1 40960 45056
853 1 262144 266240
388 1 393216 397312
550 1 364544 368640
777 1 618496 630784
650 1 479232 483328
707 1 102400 106496
359 2 184320 196608 196608 246272
341 1 167936 196608
341 1 196608 200704
152 1 352256 352768
833 1 442368 446464
429 1 20480 24576
433 1 24576 28672
493 1 417792 421888
336 1 229376 232448
359 3 504320 524288 524288 589824 589824 655360
360 6 0 65536 65536 131072 131072 196608 196608 262144 262144 327680 327680 373248
560 1 294912 299008
43 4 262144 327680 327680 393216 393216 458752 458752 524288
970 2 393216 458752 458752 524288
687 1 4096 8192
707 1 20480 24576
394 1 360448 364544
990 1 602112 606208
422 1 200704 204800
604 1 253952 262144
372 1 376832 380928
560 1 176128 188416
955 1 606720 655360
956 8 0 65536 65536 131072 131072 196608 196608 262144 262144 327680 327680 393216 393216 458752 458752 475648
296 1 319488 323584
855 1 589824 618496
866 1 532480 536576
630 1 598528 655360
631 8 0 65536 65536 131072 131072 196608 196608 262144 262144 327680 327680 393216 393216 458752 458752 467456
298 1 36864 40960
17 1 270336 274432
299 1 643072 651264
92 1 581632 585728
91 1 319488 323584
93 1 12288 16384
886 1 139264 159744
301 1 634880 638976
589 1 344064 348160
16 1 372736 376832
328 1 503808 512000
108 1 163840 172032
357 2 454656 458752 458752 512000
357 1 512000 516096
104 1 647168 651264
597 1 651264 655360
56 1 536576 557056
56 1 557056 561152
650 1 536576 540672
174 1 57344 61440
350 1 357376 357888
492 1 405504 417792
267 7 225792 262144 262144 327680 327680 393216 393216 458752 458752 524288 524288 589824 589824 655360
268 2 0 65536 65536 94720
892 1 507904 512000
655 1 262144 270336
655 1 270336 274432
489 1 258048 258560
260 1 599040 600064
350 1 357376 357888
268 9 94720 131072 131072 196608 196608 262144 262144 327680 327680 393216 393216 458752 458752 524288 524288 589824 589824 619008
260 1 600064 601600
489 1 266240 266752
804 1 122880 131072
804 1 393216 405504
553 1 454656 458752
51 1 606208 610304
572 1 126976 131072
659 1 503808 504832
20 1 0 4096
720 1 212992 217088
54 1 40960 61440
980 1 12288 16384
980 1 20480 24576
980 1 69632 73728
964 1 622592 626688
980 1 114688 118784
980 1 131072 139264
70 1 167936 172032
417 1 589824 630784
683 1 16384 32768
267 1 282624 286720
151 1 372736 376832
267 1 344064 348160
417 8 65536 131072 131072 196608 196608 262144 262144 327680 327680 393216 393216 458752 458752 524288 524288 589824
650 1 479232 487424
350 2 290816 327680 327680 356352
674 1 405504 406016
826 2 98304 131072 131072 151552
107 2 118784 131072 131072 184320
316 1 110592 114688
113 3 319488 327680 327680 393216 393216 450560
350 2 552960 589824 589824 618496
826 1 151552 155648
721 1 299008 303104
127 1 131072 196608
851 1 569344 589824
351 1 290816 294912
848 3 520704 524288 524288 589824 589824 655360
849 6 0 65536 65536 131072 131072 196608 196608 262144 262144 327680 327680 389632
116 3 258048 262144 262144 327680 327680 352256
852 1 131072 143360
654 1 479232 512000
342 2 253952 262144 262144 266240
443 1 16384 20480
940 2 212992 262144 262144 294912
342 1 266240 270336
156 1 540672 544768
944 1 356352 364544
123 1 303104 307200
155 1 606208 610304
285 1 303104 307200
976 1 307200 309248
422 1 479232 483328
312 1 425984 454656
624 1 401408 405504
624 1 331776 335872
608 2 192512 196608 196608 208896
207 1 454656 458752
731 1 602112 606208
702 1 368640 389120
731 1 585728 589824
207 1 442368 454656
781 2 53248 65536 65536 110592
950 1 614400 619008
338 1 516096 520192
457 1 376832 379392
650 1 536576 544768
174 1 32768 36352
853 1 212992 217088
641 1 495104 495616
52 1 118784 122880
111 1 393216 458752
497 1 65536 69632
119 1 393216 458752
52 1 122880 131072
815 8 167936 196608 196608 262144 262144 327680 327680 393216 393216 458752 458752 524288 524288 589824 589824 626688
8 1 327680 331776
342 1 131072 135168
817 1 229376 237568
816 5 36864 65536 65536 131072 131072 196608 196608 262144 262144 327680
816 4 327680 393216 393216 458752 458752 524288 524288 552960
497 1 65536 69632
45 1 565248 581632
816 2 569344 589824 589824 655360
817 4 0 65536 65536 131072 131072 196608 196608 229376
342 1 135168 143360
707 1 86016 94208
407 1 442368 446464
939 1 299008 303104
707 1 49152 53248
90 2 180224 196608 196608 200704
410 1 528384 536576
733 1 454656 458752
707 1 462848 466944
410 1 536576 540672
733 1 462848 466944
740 1 192512 196608
312 1 180224 184320
866 1 528384 532480
300 1 65536 73728
93 1 61440 65536
631 3 467456 524288 524288 589824 589824 655360
632 6 0 65536 65536 131072 131072 196608 196608 262144 262144 327680 327680 336384
464 1 106496 107520
886 1 487424 495616
886 1 200704 204800
93 1 65536 126976
866 1 532480 536576
547 1 278528 282624
802 1 528384 532480
802 1 552960 557056
500 1 442368 446464
500 1 446464 450560
500 1 450560 454656
79 1 503808 507904
852 1 581632 585728
156 1 258048 260608
80 1 544768 552960
86 1 532480 536576
41 1 94208 98304
398 1 638976 647168
526 1 118784 122880
308 1 446464 454656
379 1 282624 286720
523 1 602112 606208
648 1 356352 360448
920 1 512000 516096
318 1 552960 557056
642 1 466944 471040
321 1 28672 32768
723 1 540672 557056
73 1 94208 98304
677 1 536576 540672
840 1 606208 626688
43 2 524288 589824 589824 655360
44 1 0 65536
642 1 471040 475136
999 3 458752 524288 524288 589824 589824 655360
0 1 0 65536
575 1 462848 466944
933 1 90112 94208
699 1 24576 28672
589 1 24576 28672
599 1 393216 396800
283 1 24576 36864
283 1 40960 45056
145 1 360448 380928
39 1 90112 94208
201 1 147456 167936
80 1 561152 577536
167 1 94208 106496
644 1 200704 204800
322 1 507904 512000
191 1 65536 69632
650 1 466944 479232
602 1 24576 28672
144 1 483328 484352
650 1 532480 536576
678 1 614400 630784
650 1 466944 475136
650 1 532480 536576
839 1 561152 589824
840 1 0 8192
840 1 8192 12288
162 1 606208 610304
163 1 577536 585728
126 2 184320 196608 196608 217088
128 1 548864 552960
128 1 540672 544768
455 1 618496 626688
69 1 573440 577536
455 1 626688 630784
650 1 466944 471040
804 1 61440 65536
805 1 65536 81920
804 1 192512 196608
804 1 589824 598016
475 1 20480 40960
683 2 573440 589824 589824 622592
37 2 20480 65536 65536 81920
37 1 81920 86016
517 1 618496 626688
517 1 626688 630784
37 1 86016 110592
37 1 110592 114688
741 2 253952 262144 262144 270336
950 1 147456 155648
32 1 69632 73728
32 1 61440 65536
37 2 114688 131072 131072 139264
37 1 139264 143360
37 1 143360 151552
37 1 151552 155648
950 1 147456 151552
950 1 135168 139264
950 1 155648 163840
37 2 155648 196608 196608 212992
744 1 0 24576
59 1 286720 290816
662 1 421888 425984
662 1 405504 413696
389 1 446464 450560
205 1 61440 65536
673 1 356352 376832
550 1 368640 376832
777 1 618496 622592
550 1 376832 380928
650 1 544768 548864
205 2 61440 65536 65536 69632
8 1 45056 65536
466 1 442368 446464
996 1 585728 589824
587 1 520192 522240
179 1 622592 626688
54 1 77824 98304
509 1 602112 605696
20 1 0 4096
246 1 241664 245760
515 1 262144 266240
246 1 278528 282624
537 1 290816 294912
103 1 364544 368640
880 3 458752 524288 524288 589824 589824 655360
881 5 0 65536 65536 131072 131072 196608 196608 262144 262144 327680
91 1 74752 75264
242 1 172032 180224
512 1 294912 307200
251 1 196608 208896
103 1 430080 434176
881 1 356352 368640
881 1 405504 425984
881 1 462848 483328
881 2 520192 524288 524288 528384
881 1 536576 540672
881 1 548864 552960
708 1 323584 327680
881 1 565248 569344
250 1 614400 622592
976 1 172032 176128
333 2 581632 589824 589824 593920
572 1 454656 458752
177 3 373248 393216 393216 458752 458752 466944
776 1 217088 221184
177 3 471040 524288 524288 589824 589824 655360
178 4 0 65536 65536 131072 131072 196608 196608 246272
178 7 246272 262144 262144 327680 327680 393216 393216 458752 458752 524288 524288 589824 589824 655360
179 2 0 65536 65536 115200
179 9 115200 131072 131072 196608 196608 262144 262144 327680 327680 393216 393216 458752 458752 524288 524288 589824 589824 639488
279 1 90112 94208
660 1 122880 126976
279 1 114688 118784
171 1 16384 36864
582 1 36864 40960
324 1 196608 208896
604 1 258048 262144
64 1 417792 425984
324 1 225280 229376
707 1 24576 28672
650 1 532480 536576
802 1 454656 458752
803 1 262144 278528
650 1 466944 475136
650 1 466944 471040
807 2 585728 589824 589824 606208
802 1 585728 589824
803 1 65536 73728
323 1 299008 303104
489 1 372736 380928
956 3 475648 524288 524288 589824 589824 655360
957 6 0 65536 65536 131072 131072 196608 196608 262144 262144 327680 327680 344576
620 2 528384 589824 589824 593920
345 1 118784 122880
633 3 94208 131072 131072 196608 196608 209408
901 1 528384 532480
632 5 336384 393216 393216 458752 458752 524288 524288 589824 589824 655360
633 2 0 65536 65536 90112
436 1 622592 630784
572 1 491520 495616
174 1 57344 61440
650 1 548864 552960
174 1 57344 61440
318 2 61440 65536 65536 131072
429 1 327680 356352
429 1 356352 360448
857 1 167936 176128
857 1 543744 544256
141 1 290816 294912
853 1 475136 483328
342 1 385536 386048
8 1 393216 458752
534 1 225280 233472
534 1 233472 237568
965 1 421888 425984
411 1 20480 28672
411 1 28672 32768
642 1 466944 471040
674 1 413696 434176
799 1 57344 65536
642 1 466944 475136
799 1 131072 143360
642 1 532480 540672
944 1 309760 310272
941 1 299008 307200
944 1 310272 310784
943 1 552960 561152
674 1 434176 446464
203 1 380416 384512
252 1 417792 430080
734 1 417792 421888
821 1 61440 65536
529 1 634880 638976
348 1 442368 446464
667 1 253952 258048
476 1 393216 401408
383 1 503808 507904
381 1 77824 81920
678 1 483328 499712
31 1 270336 274432
89 1 135168 147456
972 3 327680 393216 393216 458752 458752 483328
89 1 147456 151552
973 2 352256 393216 393216 417792
260 1 601600 602624
928 1 425472 425984
657 1 245760 253952
350 1 357888 358400
268 1 619008 655360
269 8 0 65536 65536 131072 131072 196608 196608 262144 262144 327680 327680 393216 393216 458752 458752 487936
361 1 57344 61440
657 1 253952 262144
489 1 274432 274944
979 1 4096 8192
374 1 610304 655360
375 1 0 8192
989 1 462848 475136
0 1 94208 98304
922 1 131072 139264
172 1 569344 573440
641 1 585728 589824
798 1 159744 163840
908 1 610304 634880
831 1 344064 364544
466 1 516096 520192
642 1 532480 540672
550 2 380928 393216 393216 413696
8 1 65536 69632
650 1 479232 487424
550 1 413696 417792
911 1 528384 532480
205 1 65536 69632
441 1 458752 466944
440 1 528384 532480
285 1 487424 495616
496 1 20480 32768
856 1 602112 607232
572 1 503808 507904
23 1 536576 540672
436 1 630784 634880
441 1 466944 471040
361 1 262144 266240
361 1 176128 180224
686 1 28672 32768
568 1 528384 532480
9 1 495616 499712
568 1 536576 540672
632 1 323584 327680
383 1 524288 528384
901 1 393216 397312
360 1 438272 442368
984 1 458752 462848
361 1 208896 212992
213 1 360448 364544
214 1 421888 425984
847 1 385024 389120
849 1 344064 348160
850 2 323584 327680 327680 335872
848 1 180224 184320
851 1 69632 73728
650 1 483328 487424
397 1 258048 262144
870 1 446464 458752
723 1 557056 577536
707 1 81920 86016
161 1 253952 258048
642 1 536576 540672
599 1 548864 552960
566 1 405504 413696
902 1 344064 347136
566 1 413696 417792
809 1 42496 43008
642 1 471040 475136
210 1 4096 8192
583 1 131072 151552
182 1 421888 425984
101 2 126976 131072 131072 135168
408 1 278528 282624
674 1 151552 172032
369 1 40960 45056
369 1 98304 102400
50 1 421888 425984
436 1 458752 464384
368 1 512000 516096
499 1 278528 282624
805 1 352256 364544
340 2 573440 589824 589824 626688
938 1 581632 585728
179 1 639488 655360
180 8 0 65536 65536 131072 131072 196608 196608 262144 262144 327680 327680 393216 393216 458752 458752 508416
735 1 266240 270336
369 2 102400 131072 131072 147456
650 1 536576 540672
442 1 274432 278528
523 1 626688 638976
839 1 81920 102400
845 1 454656 458752
427 2 520192 524288 524288 528384
86 1 0 16384
959 1 557056 561152
401 1 610304 618496
51 1 622592 626688
651 1 401408 405504
846 1 393216 409600
851 1 626688 630784
850 1 339968 344064
278 1 495616 499712
412 1 192512 196608
395 1 196608 200704
50 1 528384 532480
895 1 630784 634880
53 1 536576 540672
215 1 466944 471040
844 1 638976 643072
216 1 266240 270336
218 1 315392 319488
215 1 12288 16384
217 1 65536 73728
50 1 626688 630784
220 1 188416 192512
219 1 24576 28672
262 1 483328 487424
222 1 577536 581632
264 1 393216 397312
141 1 225280 233472
72 1 139264 143872
533 1 524288 532480
866 1 528384 532480
957 5 344576 393216 393216 458752 458752 524288 524288 589824 589824 655360
958 4 0 65536 65536 131072 131072 196608 196608 213504
533 1 532480 536576
577 1 618496 643072
633 7 209408 262144 262144 327680 327680 393216 393216 458752 458752 524288 524288 589824 589824 655360
634 1 0 12800
577 1 643072 647168
285 1 495616 499712
573 1 4096 8192
940 1 294912 299008
19 1 499712 503808
561 1 253952 258048
490 1 430080 438272
849 5 389632 393216 393216 458752 458752 524288 524288 589824 589824 655360
850 4 0 65536 65536 131072 131072 196608 196608 258560
528 1 593920 602112
490 1 438272 442368
528 1 602112 606208
802 1 303104 319488
673 1 540672 557056
650 1 466944 471040
311 1 159744 160256
906 1 61440 65536
850 7 258560 262144 262144 327680 327680 393216 393216 458752 458752 524288 524288 589824 589824 655360
851 2 0 65536 65536 127488
360 2 373248 393216 393216 446464
482 1 147456 151552
360 4 446464 458752 458752 524288 524288 589824 589824 655360
361 2 0 65536 65536 118784
369 2 61440 65536 65536 126976
377 1 528384 586240
377 2 586240 589824 589824 655360
378 2 0 65536 65536 69632
379 2 69632 131072 131072 135168
393 1 458752 499712
393 1 368640 393216
127 1 507904 512000
707 1 36864 45056
567 2 499712 524288 524288 565248
567 2 565248 589824 589824 655360
568 1 0 4608
568 1 327680 356352
568 1 356352 368640
568 4 70144 131072 131072 196608 196608 262144 262144 327680
271 1 188416 192512
141 1 139264 143360
494 1 98304 106496
364 1 49152 57344
130 1 12288 36864
271 1 200704 204800
130 1 36864 40960
755 1 565248 577536
270 1 569344 585728
700 1 12288 28672
683 1 618496 651264
737 2 495616 524288 524288 528384
180 3 376832 393216 393216 458752 458752 524288
591 1 471040 479232
736 1 626688 655360
737 8 0 65536 65536 131072 131072 196608 196608 262144 262144 327680 327680 393216 393216 458752 458752 495616
576 5 204800 262144 262144 327680 327680 393216 393216 458752 458752 520192
86 1 589824 655360
642 1 479232 483328
548 2 521216 524288 524288 582656
763 2 319488 327680 327680 368640
763 5 372736 393216 393216 458752 458752 524288 524288 589824 589824 598016
722 1 90112 126976
180 1 524288 589824
998 1 585728 589824
839 1 458752 475136
998 1 630784 655360
999 1 0 36864
145 2 516096 524288 524288 532480
713 3 462848 524288 524288 589824 589824 655360
714 5 0 65536 65536 131072 131072 196608 196608 262144 262144 294912
642 1 544768 552960
180 1 589824 655360
266 1 172032 192512
540 1 241664 249856
316 1 581632 583680
716 1 598016 602112
372 1 638976 655360
650 1 475136 483328
899 1 266240 268800
294 1 401408 405504
294 1 131072 135168
855 1 360448 393216
196 1 413696 425984
431 1 167936 176128
142 1 81920 86016
142 1 77824 81920
776 1 593920 598016
232 1 294912 299008
542 1 327680 331776
510 1 483328 487424
192 1 417792 421888
131 1 397312 401408
776 1 602112 606208
849 1 339968 344064
431 1 176128 180224
305 1 163840 180224
192 1 483328 487424
305 2 180224 196608 196608 200704
450 1 311296 315392
452 1 458752 462848
662 1 200704 208896
782 1 569344 573440
780 1 331776 332800
695 1 221184 225280
40 1 73728 77824
228 1 442368 446464
936 1 364544 368640
558 1 376832 380928
289 1 290816 294912
91 1 430080 434176
474 1 372736 376832
699 1 237568 245760
207 1 638976 655360
501 1 408064 411648
103 1 330240 331264
155 1 638976 655360
64 1 81920 86016
71 1 225280 229376
501 1 411648 412672
544 1 430080 433664
544 1 433664 434688
133 2 61440 65536 65536 81920
26 1 155648 159744
133 1 81920 94208
151 1 311296 315392
267 1 299008 303104
642 1 466944 471040
70 1 172032 180224
70 1 180224 184320
418 1 524288 565248
129 1 131072 172032
418 8 0 65536 65536 131072 131072 196608 196608 262144 262144 327680 327680 393216 393216 458752 458752 524288
128 6 262144 327680 327680 393216 393216 458752 458752 524288 524288 589824 589824 655360
129 2 0 65536 65536 131072
683 1 32768 53248
130 1 65536 106496
642 1 532480 536576
129 7 196608 262144 262144 327680 327680 393216 393216 458752 458752 524288 524288 589824 589824 655360
130 1 0 65536
209 2 409600 458752 458752 466944
209 1 466944 471040
816 1 552960 565248
904 1 204800 208896
817 4 237568 262144 262144 327680 327680 393216 393216 434176
470 1 151040 152064
342 1 143360 147456
470 1 152064 152576
234 2 253952 262144 262144 270336
497 1 65536 73728
817 4 434176 458752 458752 524288 524288 589824 589824 655360
818 5 0 65536 65536 131072 131072 196608 196608 262144 262144 303104
342 1 147456 155648
342 1 155648 159744
323 1 163840 167424
26 1 221184 225280
650 1 466944 475136
547 1 282624 286720
218 1 475136 483328
284 1 118784 122880
77 1 286720 294912
297 1 81920 90112
527 2 249856 262144 262144 270336
450 1 319488 323584
448 1 98304 102400
450 1 524288 525824
218 1 475136 479232
702 1 0 36864
611 1 77824 81920
604 1 192512 196608
166 1 602112 606208
288 1 188416 192512
246 1 311296 315392
575 1 462848 466944
972 3 483328 524288 524288 589824 589824 655360
973 6 0 65536 65536 131072 131072 196608 196608 262144 262144 327680 327680 352256
134 1 364544 372736
908 1 387584 388096
134 1 372736 376832
977 3 155648 196608 196608 262144 262144 327680
627 1 622592 626688
766 1 53248 57344
559 1 638976 643072
101 1 151552 155648
408 1 303104 307200
408 1 311296 315392
101 1 163840 167936
140 1 368640 372736
408 1 319488 327680
101 1 208896 212992
614 1 360448 364544
101 1 217088 221184
554 1 598016 598528
171 1 163840 167936
674 1 589824 593920
231 1 413696 417792
552 1 294912 319488
650 1 548864 552960
908 1 610304 614400
170 1 8192 9728
550 1 417792 425984
354 1 126976 131072
550 1 425984 430080
205 1 65536 69632
662 1 421888 425984
59 1 286720 290816
389 1 446464 450560
662 1 405504 413696
550 1 430080 438272
553 1 131072 135168
493 1 315392 323584
493 1 323584 327680
196 1 344064 364544
90 1 229376 233472
739 1 167936 172032
580 2 507904 524288 524288 544256
382 1 131072 143360
504 1 438272 439296
511 1 577536 578560
625 1 356352 364544
384 1 495616 498176
920 1 73728 77824
900 1 360448 368640
920 1 106496 114688
904 2 40960 65536 65536 77824
920 2 126976 131072 131072 139264
647 1 131072 139264
896 1 376832 380928
351 1 360448 364544
642 1 536576 540672
642 1 471040 475136
642 1 536576 540672
991 1 573440 589824
642 1 471040 475136
345 1 471040 475136
650 1 466944 475136
593 1 401408 405504
452 1 90112 114688
307 1 282624 284672
633 1 253952 258048
364 1 61440 65536
327 1 278528 303104
570 1 434176 438272
20 1 126976 131072
432 1 409600 413696
245 1 471040 475136
678 1 499712 507904
208 1 196608 233472
208 1 233472 237568
526 1 372736 380928
540 1 249856 253952
624 2 241152 262144 262144 290304
979 1 0 4096
680 1 557056 577536
978 1 651264 655360
267 1 626688 651264
211 1 647168 651264
211 1 573440 577536
297 1 53248 65536
297 1 196608 217088
680 1 577536 589824
215 1 151552 167936
694 1 503808 507904
694 1 487424 495616
800 1 516096 520192
524 1 602112 618496
800 1 454656 458752
76 1 360448 364544
207 1 643072 651264
642 2 532480 589824 589824 598016
998 1 442368 446464
156 2 253952 262144 262144 319488
4 1 540672 544768
337 1 360448 363008
781 2 307200 327680 327680 360448
781 1 360448 364544
781 1 364544 372736
781 2 503808 524288 524288 528384
781 1 528384 532480
976 6 286720 327680 327680 393216 393216 458752 458752 524288 524288 589824 589824 655360
977 3 0 65536 65536 131072 131072 155648
994 1 434176 438272
758 1 622592 626688
452 1 638976 641024
867 1 0 17920
45 1 131072 196608
995 1 86016 90112
562 1 81920 90112
857 1 544256 544768
342 1 386048 386560
857 1 544768 545280
342 1 386560 387072
77 1 356352 360448
13 1 167936 172032
607 1 479232 481280
336 1 610304 612352
400 1 180224 181248
405 1 630784 634880
59 1 73728 77824
706 1 241664 262144
134 1 65536 73728
406 1 20480 24576
946 1 282624 290816
572 1 618496 622592
312 1 278528 282624
319 1 565248 569344
216 1 643072 647168
320 1 557056 569344
706 1 262144 266240
946 1 290816 294912
318 1 430080 434176
489 1 380928 385024
820 1 520192 524288
821 1 327680 344064
60 1 262144 282624
650 1 536576 540672
585 1 643072 651264
26 1 155648 159744
585 1 651264 655360
696 1 643072 647168
45 1 581632 589824
643 1 49152 53248
698 1 466944 471040
984 1 167936 172032
887 1 176128 177664
293 1 450560 453120
818 6 303104 327680 327680 393216 393216 458752 458752 524288 524288 589824 589824 655360
819 3 0 65536 65536 131072 131072 172032
36 1 196608 208896
693 1 45056 49152
904 1 139264 147456
865 1 413696 421888
644 1 638976 643072
526 1 380928 385024
552 2 450560 458752 458752 479232
591 1 122880 126976
771 1 73728 77824
743 1 417792 421888
310 1 540672 544768
771 1 389120 393216
609 1 417792 419840
440 1 208896 210432
771 1 126976 131072
928 1 344064 348160
51 1 552960 557056
117 1 356352 364544
86 1 0 16384
633 1 557056 561152
186 1 32768 40960
866 1 532480 536576
866 1 528384 532480
958 7 213504 262144 262144 327680 327680 393216 393216 458752 458752 524288 524288 589824 589824 655360
959 2 0 65536 65536 82432
866 1 532480 536576
787 2 176128 196608 196608 241664
886 1 495616 499712
488 1 528384 536576
911 1 442368 446464
913 1 135168 139264
802 1 319488 327680
570 1 319488 323584
803 1 262144 274432
851 8 127488 131072 131072 196608 196608 262144 262144 327680 327680 393216 393216 458752 458752 524288 524288 586240
311 1 167936 168448
458 1 163840 167936
276 1 634880 638976
31 1 81920 86016
481 1 323584 327680
488 1 536576 540672
673 1 557056 577536
720 1 167936 172032
147 1 462848 466944
720 1 225280 229376
147 1 462848 466944
720 1 167936 172032
388 1 225280 229376
740 1 622592 655360
405 1 237568 241664
584 1 479232 483328
642 1 532480 536576
584 1 483328 487424
455 1 118784 122880
346 1 294912 299008
562 2 126976 131072 131072 135168
562 1 135168 139264
183 1 532480 536576
257 1 299008 300032
50 1 593920 598016
376 1 565248 569344
195 1 20480 24576
293 1 311296 315392
696 1 565248 569344
257 1 294912 299008
86 1 356352 360448
782 1 262144 266240
166 1 184320 192512
318 1 0 4096
644 1 442368 446464
448 1 598016 606208
433 2 192512 196608 196608 237568
833 2 16384 65536 65536 86016
365 1 598016 600576
779 1 163840 167936
989 2 196608 262144 262144 327680
366 1 229376 233472
101 1 274432 278528
101 1 294912 299008
604 1 258048 262144
707 1 90112 94208
101 1 311296 315392
101 2 319488 327680 327680 339968
101 1 364544 368640
583 1 151552 163840
604 1 258048 262144
101 1 376832 380928
765 1 651264 655360
766 1 0 4096
66 1 593920 598016
384 1 409600 413696
222 1 135168 139264
470 1 606208 610304
469 1 651264 655360
489 1 282624 283136
292 1 176128 180224
269 3 487936 524288 524288 589824 589824 655360
270 6 0 65536 65536 131072 131072 196608 196608 262144 262144 327680 327680 356864
489 1 290816 291328
642 1 540672 548864
399 1 344064 348160
642 1 479232 487424
270 5 356864 393216 393216 458752 458752 524288 524288 589824 589824 655360
271 4 0 65536 65536 131072 131072 196608 196608 225792
276 2 524800 589824 589824 655360
277 7 0 65536 65536 131072 131072 196608 196608 262144 262144 327680 327680 393216 393216 393728
560 1 286720 294912
164 2 180224 196608 196608 204800
642 1 548864 552960
585 1 528384 561152
560 1 294912 299008
81 1 385024 393216
399 1 344064 348160
350 1 359424 359936
271 7 225792 262144 262144 327680 327680 393216 393216 458752 458752 524288 524288 589824 589824 655360
272 2 0 65536 65536 94720
678 1 540672 552960
851 1 613888 617984
99 1 69120 73216
642 1 524288 528384
432 1 385024 389120
106 1 220672 228864
651 1 36864 40960
650 1 532480 536576
86 1 16384 36864
920 1 110592 118784
828 1 331776 335872
979 1 434176 438272
414 1 606208 610304
348 1 475136 479232
413 1 393216 397312
846 1 409600 421888
110 1 393216 397312
406 1 131072 135168
979 1 4096 8192
406 1 94208 98304
978 1 651264 655360
419 1 442368 444416
456 1 516096 524288
702 1 61440 65536
31 1 552960 557056
456 1 520192 524288
702 1 126976 131072
453 1 57344 61440
456 1 520192 524288
781 2 122880 131072 131072 188416
716 1 155648 159744
107 1 282624 286720
205 1 65536 69632
908 1 634880 651264
419 1 212992 217088
883 2 307200 327680 327680 331776
870 1 24576 32768
117 1 323584 327680
67 1 372736 376832
972 1 417792 450560
553 1 135168 167936
883 1 331776 335872
166 1 36864 49152
660 1 487424 491520
553 1 167936 172032
963 1 69632 73728
782 1 462848 466944
291 1 163840 167936
438 1 654848 655360
439 1 0 15872
194 1 299008 303104
819 8 172032 196608 196608 262144 262144 327680 327680 393216 393216 458752 458752 524288 524288 589824 589824 655360
820 1 0 40960
963 1 532480 544768
650 1 425984 430080
650 1 450560 451584
624 1 290304 294400
231 1 8192 12288
418 2 237568 262144 262144 266240
266 2 192512 196608 196608 204800
642 1 466944 471040
231 1 0 4096
530 1 360448 364544
205 1 344064 348160
7 1 122880 126976
289 1 266240 307200
148 1 221184 225280
148 1 147456 159744
976 1 368640 372736
465 1 442368 446464
509 1 36864 40960
522 1 286720 290816
33 1 155648 159744
156 1 475136 479232
10 1 503808 507904
156 1 540672 544768
782 1 372736 376832
43 1 630784 634880
832 1 368640 372736
289 1 307200 311296
746 1 491008 495104
659 1 380416 383488
642 1 466944 471040
132 2 319488 327680 327680 335872
0 1 421888 442368
26 1 180224 184320
642 1 532480 536576
956 1 430080 446464
422 1 593920 598016
395 1 516096 520192
115 1 552960 565248
115 1 626688 630784
747 1 393216 393728
184 1 581632 589824
747 1 393728 394240
846 2 573440 589824 589824 638976
747 1 499712 500736
747 1 394240 397312
839 1 475136 495616
600 2 53248 65536 65536 118784
747 1 500736 503808
747 1 565248 566272
47 1 602112 606208
625 1 20480 40960
37 1 212992 217088
748 1 303104 303616
37 2 217088 262144 262144 286720
47 1 598016 602112
683 1 647168 655360
684 1 0 8192
766 5 323584 327680 327680 393216 393216 458752 458752 524288 524288 585728
748 1 385024 389120
748 1 335872 339968
306 1 278528 287744
711 1 8192 9728
807 2 118784 131072 131072 159744
216 1 458752 524288
753 1 356352 364544
806 1 344064 352256
213 1 360448 368640
495 3 503808 524288 524288 589824 589824 638976
440 1 634880 647168
642 1 532480 536576
642 1 458752 462848
502 9 40960 65536 65536 131072 131072 196608 196608 262144 262144 327680 327680 393216 393216 458752 458752 524288 524288 565248
502 2 565248 589824 589824 655360
503 5 0 65536 65536 131072 131072 196608 196608 262144 262144 299008
589 1 430080 438272
833 1 593920 598016
789 1 245760 247808
126 1 583168 583680
562 1 90112 94208
779 1 167936 172032
839 1 487424 493056
995 1 147456 151552
634 9 78336 131072 131072 196608 196608 262144 262144 327680 327680 393216 393216 458752 458752 524288 524288 589824 589824 602624
866 1 528384 532480
866 1 532480 536576
959 9 82432 131072 131072 196608 196608 262144 262144 327680 327680 393216 393216 458752 458752 524288 524288 589824 589824 606720
866 1 528384 532480
634 1 602624 655360
635 8 0 65536 65536 131072 131072 196608 196608 262144 262144 327680 327680 393216 393216 458752 458752 471552
527 1 163840 164352
369 1 163840 180224
361 2 512000 524288 524288 577536
805 1 364544 380928
180 3 508416 524288 524288 589824 589824 655360
181 3 0 65536 65536 131072 131072 183296
674 1 172032 184320
442 1 57344 65536
442 1 65536 69632
441 1 155648 180224
441 1 180224 184320
969 1 606208 609792
317 1 327680 333312
710 1 319488 323584
783 1 647168 655360
784 1 0 16384
568 2 499712 524288 524288 565248
569 2 106496 131072 131072 172032
924 1 642560 655360
925 1 0 60928
667 2 229376 262144 262144 294912
127 1 507904 512000
925 1 60928 65024
110 1 577024 581120
668 2 360448 393216 393216 418304
707 1 106496 110592
668 1 418304 425984
844 2 397312 458752 458752 462848
847 1 598016 655360
848 1 0 8192
959 2 503808 524288 524288 569344
962 2 180224 196608 196608 245760
204 1 8192 10752
783 1 585728 589824
101 2 352256 393216 393216 417792
273 1 184320 188416
273 1 36864 40960
274 1 339968 344064
380 1 73728 77824
21 1 294912 303104
55 2 217088 262144 262144 286720
55 1 286720 290816
867 1 61440 65536
861 1 65536 69632
209 1 376832 380928
532 1 102400 106496
340 1 99840 103424
635 1 184320 187904
45 3 196608 262144 262144 327680 327680 352256
779 1 172032 176128
638 1 118784 119296
941 1 143360 145920
820 1 651264 655360
821 1 393216 401408
707 1 24576 28672
101 1 393216 397312
101 1 413696 421888
212 1 0 4096
604 1 258048 262144
101 1 430080 434176
707 1 90112 94208
101 1 442368 446464
246 1 32768 53248
464 1 212992 217088
101 1 454656 458752
464 1 225280 229376
948 1 323584 327680
695 1 0 8192
717 1 8192 16384
86 1 16384 36864
642 1 532480 536576
51 1 618496 622592
642 1 589824 593920
363 1 561152 565248
363 1 569344 577536
218 1 544768 545280
349 1 577536 581632
377 1 630784 638976
427 1 524288 532480
642 1 524288 532480
650 1 536576 540672
363 1 536576 548864
741 1 622592 626688
346 1 311296 315392
149 1 159744 180224
526 1 593920 598016
427 1 528384 536576
716 1 630784 647168
642 1 593920 598016
242 1 253952 262144
650 1 471040 475136
32 1 7680 11776
107 2 380416 393216 393216 404992
32 1 11776 36352
275 1 486912 511488
275 1 507392 511488
616 2 187904 196608 196608 245248
616 1 245248 249344
527 1 164352 164864
527 1 164864 167936
527 1 176128 177152
527 1 294912 295936
527 1 177152 180224
457 1 536576 544768
527 1 295936 299008
564 1 245760 262144
563 1 286720 294912
563 1 352256 360448
161 1 294912 299008
544 1 372736 376832
31 1 565248 573440
588 1 544768 548864
916 1 184320 188416
509 1 577536 585728
510 1 143360 147456
97 2 561152 589824 589824 606208
97 1 606208 610304
131 1 0 40960
800 1 569344 589824
642 1 532480 536576
872 1 453120 454656
559 1 258048 261632
801 1 196608 208896
755 1 483328 487424
665 1 32768 36864
562 1 438272 440320
646 1 610304 614400
893 1 643072 647168
755 1 466944 471040
750 1 610304 614400
357 1 40960 53248
979 1 0 4096
978 1 647168 651264
701 1 499712 503296
642 1 462848 466944
650 1 466944 471040
803 1 520192 524288
192 1 4096 5120
191 1 634880 637440
191 1 610304 611328
811 1 8192 10752
160 1 262144 265216
65 1 479232 482304
464 1 208896 212992
804 1 196608 208896
501 2 384512 393216 393216 425472
466 2 20480 65536 65536 81920
642 1 532480 536576
995 1 245760 249856
821 1 413696 446464
996 1 135168 139264
45 5 352256 393216 393216 458752 458752 524288 524288 589824 589824 655360
46 1 0 65536
196 1 331776 348160
340 1 103424 104448
90 1 225280 233472
422 1 593920 598016
196 1 503808 507904
657 1 8192 12288
538 1 487424 503808
115 1 561152 565248
395 1 516096 520192
538 1 503808 507904
201 1 548864 552960
115 1 626688 634880
422 1 593920 598016
115 1 565248 569344
19 1 593920 618496
898 1 16384 28672
898 1 28672 32768
908 1 634880 638976
411 1 643072 651264
205 1 65536 73728
553 1 172032 180224
411 1 651264 655360
8 1 69632 90112
553 1 180224 184320
59 1 286720 290816
662 1 421888 425984
662 1 405504 413696
8 1 90112 94208
389 1 446464 450560
553 1 184320 192512
103 1 331264 332288
103 1 332288 333312
103 1 333312 334848
103 1 334848 335872
777 1 147456 180224
702 1 0 4096
811 1 258048 262144
211 1 589824 598016
101 1 487424 491520
464 1 241664 245760
101 1 512000 520192
464 1 274432 278528
358 1 364544 368640
60 1 204800 208896
756 1 163840 167936
604 1 258048 262144
60 1 225280 229376
918 1 274432 278528
659 1 383488 384512
185 3 491520 524288 524288 589824 589824 606208
132 1 335872 356352
0 1 442368 454656
759 1 237568 245760
759 1 266240 274432
12 1 294912 323584
485 1 552960 557056
194 1 139264 172032
650 1 532480 536576
716 1 602112 606208
785 1 602112 606208
482 1 12288 20480
717 1 12288 16384
482 1 20480 24576
739 1 131072 151552
785 1 602112 610304
886 1 204800 208896
866 1 532480 536576
86 2 53248 65536 65536 69632
635 2 471552 524288 524288 569344
51 1 626688 630784
636 1 458752 507904
959 1 606720 655360
960 7 0 65536 65536 131072 131072 196608 196608 262144 262144 327680 327680 393216 393216 410112
635 2 569344 589824 589824 655360
636 5 0 65536 65536 131072 131072 196608 196608 262144 262144 291328
251 1 360448 364544
338 1 573440 585728
310 1 532480 540672
344 1 241664 253952
310 1 548864 557056
311 1 598016 602112
344 1 442368 454656
310 1 417792 421888
677 1 598016 622592
46 1 344064 348160
677 1 552960 557056
385 1 94208 96768
248 1 503808 520192
310 1 425984 434176
642 1 536576 548864
786 1 335872 339968
439 1 15872 19968
194 1 307200 315392
497 1 69632 73728
176 1 368640 372736
342 1 159744 167936
667 1 73728 77824
907 1 241664 258048
342 1 167936 172032
820 8 40960 65536 65536 131072 131072 196608 196608 262144 262144 327680 327680 393216 393216 458752 458752 462848
752 1 610304 613376
792 1 61440 63488
824 2 270336 327680 327680 372736
846 2 450560 458752 458752 483328
907 2 258048 262144 262144 270336
996 1 471040 475136
715 1 110592 111104
696 1 593920 598016
643 1 69632 73728
797 1 94208 98304
643 1 49152 53248
831 1 69632 102400
643 1 372736 376832
715 1 106496 110592
996 1 483328 487424
753 1 417792 421888
650 1 466944 471040
806 1 589824 593920
589 1 438272 442368
213 1 434176 450560
869 4 176128 196608 196608 262144 262144 327680 327680 360448
874 4 430080 458752 458752 524288 524288 589824 589824 655360
875 5 0 65536 65536 131072 131072 196608 196608 262144 262144 299008
875 6 299008 327680 327680 393216 393216 458752 458752 524288 524288 589824 589824 655360
876 3 0 65536 65536 131072 131072 167936
833 1 593920 598016
877 3 36864 65536 65536 131072 131072 188416
720 1 212992 225280
876 8 167936 196608 196608 262144 262144 327680 327680 393216 393216 458752 458752 524288 524288 589824 589824 655360
877 1 0 36864
503 6 299008 327680 327680 393216 393216 458752 458752 524288 524288 589824 589824 655360
504 1 0 16384
965 1 622592 626688
650 1 532480 536576
966 1 36864 40960
457 1 618496 626688
456 2 61440 65536 65536 69632
457 1 626688 630784
456 1 69632 73728
524 1 618496 638976
845 1 118784 131072
694 1 438272 442368
650 1 532480 540672
882 1 188416 192512
650 1 479232 487424
145 1 200704 217088
882 1 188416 192512
39 1 94208 98304
650 1 548864 552960
292 1 487424 503808
179 1 548864 557056
421 1 106496 114688
421 1 114688 118784
292 1 503808 524288
179 1 618496 626688
275 1 507392 511488
775 1 81408 85504
775 1 454144 458240
816 1 409600 413696
616 2 249344 262144 262144 265728
616 1 265728 269824
324 1 200704 208896
323 1 135168 147456
323 1 208896 212992
616 1 269824 278016
704 1 561152 573440
707 1 24576 32768
704 1 573440 577536
246 1 53248 65536
99 1 557056 561152
253 1 167936 180224
102 2 487424 524288 524288 552960
103 2 552960 589824 589824 618496
77 1 446464 454656
886 1 200704 204800
104 2 487424 524288 524288 545280
892 1 65536 67072
181 1 77824 94208
727 1 450560 454656
104 1 545280 552960
90 1 163840 180224
107 2 28672 65536 65536 94208
108 2 425984 458752 458752 491520
56 1 512000 516096
110 2 98304 131072 131072 163840
625 1 32768 40960
263 1 245760 249856
262 1 540672 544768
988 1 8192 24576
264 1 545792 546304
506 1 458752 479232
65 1 561152 565248
506 1 479232 483328
65 1 491520 495616
787 1 486912 491008
760 1 52736 56832
780 1 278016 282112
190 1 294912 299008
851 1 651776 655360
852 8 0 65536 65536 131072 131072 196608 196608 262144 262144 327680 327680 393216 393216 458752 458752 520704
737 1 548864 573440
434 1 593920 602112
852 3 520704 524288 524288 589824 589824 655360
853 6 0 65536 65536 131072 131072 196608 196608 262144 262144 327680 327680 389632
434 1 602112 606208
737 1 573440 581632
125 1 565248 569344
125 1 495616 499712
642 1 466944 471040
304 1 385024 389120
853 1 524288 528384
545 1 524288 532480
106 2 450560 458752 458752 475136
530 2 323584 327680 327680 331776
530 1 331776 335872
106 1 475136 479232
805 1 589824 610304
650 1 466944 471040
557 1 606208 614400
557 1 614400 618496
867 1 90112 94208
196 1 335872 356352
958 1 335872 352256
958 1 352256 372736
196 1 356352 368640
317 1 4096 5120
102 3 516608 524288 524288 589824 589824 655360
103 6 0 65536 65536 131072 131072 196608 196608 262144 262144 327680 327680 385536
803 1 585728 589824
804 1 208896 212992
804 1 262144 274432
650 1 532480 536576
652 1 638976 647168
741 1 598016 602112
380 2 385024 393216 393216 401408
231 2 172032 196608 196608 237568
741 1 606208 610304
545 1 417792 421888
995 1 458752 475136
642 1 466944 471040
156 1 372736 376832
411 1 122880 131072
369 1 589824 593920
381 1 4096 8192
93 1 159744 167936
93 1 110592 122880
349 1 442368 446464
379 1 102400 106496
696 1 176128 184320
67 1 299008 303104
785 1 614400 618496
716 1 602112 606208
785 1 602112 606208
589 1 479232 483328
589 1 475136 479232
198 1 225280 229376
130 8 131072 196608 196608 262144 262144 327680 327680 393216 393216 458752 458752 524288 524288 589824 589824 655360
721 1 348160 352256
707 1 4096 8192
233 1 208896 225280
395 1 516096 520192
115 1 630784 634880
422 1 593920 598016
844 1 303104 319488
115 1 565248 569344
395 1 516096 520192
798 1 389120 391680
233 1 286720 290816
325 1 24576 49152
524 1 503808 512000
325 1 49152 53248
524 1 512000 516096
674 1 593920 614400
43 1 147456 151552
351 1 630784 631296
351 1 626688 630784
506 1 413696 417792
501 1 412672 413696
506 1 417792 421888
506 1 421888 425984
13 1 106496 110592
888 1 212992 221184
866 1 573440 581632
586 1 159744 192512
150 1 69120 73216
591 1 471040 475136
644 1 372736 376832
983 3 458752 524288 524288 589824 589824 655360
984 1 0 24576
997 1 118784 126976
172 1 139264 147456
997 1 335872 339968
591 1 397312 401408
997 1 356352 360448
1 1 524288 528384
8 1 327680 331776
1 1 548864 552960
916 7 221184 262144 262144 327680 327680 393216 393216 458752 458752 524288 524288 589824 589824 655360
842 1 8192 9728
67 1 507904 512000
441 1 20480 28672
441 1 28672 32768
612 1 581632 585728
743 1 499712 503808
409 1 311296 315392
328 1 450560 458752
341 1 458752 462848
328 1 401408 405504
328 1 393216 397312
328 1 589824 593920
941 1 548864 552960
972 1 397312 401408
330 1 69632 73728
387 1 40960 45056
957 1 4096 8192
616 1 278016 282112
965 1 626688 655360
966 1 0 32768
966 1 32768 36864
965 9 98304 131072 131072 196608 196608 262144 262144 327680 327680 393216 393216 458752 458752 524288 524288 589824 589824 622592
213 1 491520 499712
966 5 40960 65536 65536 131072 131072 196608 196608 262144 262144 307200
700 1 401408 405504
2 1 446464 450560
966 1 167936 172032
831 1 278528 286720
17 1 438272 446464
790 1 274432 278528
134 2 520192 524288 524288 589824
978 1 110592 114688
642 1 466944 471040
874 1 577536 581632
683 1 53248 61440
213 2 507904 524288 524288 532480
877 3 188416 196608 196608 262144 262144 264192
42 1 544768 552960
986 1 602112 606208
76 1 69632 73728
882 1 188416 192512
685 1 483328 495616
11 1 565248 569344
37 1 151552 155648
37 1 32768 36864
650 1 483328 487424
76 1 45056 49152
64 1 364032 372224
138 1 642560 646656
235 1 282112 286208
496 1 605696 609792
235 2 261632 262144 262144 265728
235 1 462336 470528
68 1 364032 368128
99 1 606208 622592
650 1 466944 475136
75 2 499712 524288 524288 532480
650 1 536576 544768
192 1 614400 622592
198 1 225280 233472
304 1 409600 412672
375 1 8192 12288
642 1 483328 487424
277 4 393728 458752 458752 524288 524288 589824 589824 655360
278 5 0 65536 65536 131072 131072 196608 196608 262144 262144 262656
840 1 614400 618496
272 4 380928 393216 393216 458752 458752 524288 524288 557568
909 1 536576 540672
272 5 94720 131072 131072 196608 196608 262144 262144 327680 327680 376832
642 1 548864 552960
90 1 159744 163840
278 6 262656 327680 327680 393216 393216 458752 458752 524288 524288 589824 589824 655360
279 3 0 65536 65536 131072 131072 131584
124 1 262144 278528
272 1 623104 655360
273 8 0 65536 65536 131072 131072 196608 196608 262144 262144 327680 327680 393216 393216 458752 458752 492032
642 1 483328 495616
361 1 61440 65536
376 1 0 4096
442 1 102400 106496
642 1 557056 561152
124 1 278528 299008
341 1 106496 110592
99 1 593920 614400
253 1 212992 217088
808 1 274432 286720
589 1 147456 151552
194 1 544768 548864
808 1 290816 299008
589 1 188416 192512
433 2 49152 65536 65536 81920
127 2 323584 327680 327680 331776
333 1 360448 376832
604 1 258048 262144
144 2 261632 262144 262144 265728
586 1 192512 196608
57 1 450048 454144
150 1 11776 15872
470 1 15872 19968
913 1 613888 617984
491 1 359936 364032
471 1 85504 89600
501 1 413696 414720
506 1 425984 430080
702 1 0 4096
107 2 315392 327680 327680 360448
0 1 0 4096
454 1 151552 155648
432 1 0 4096
6 1 274432 278528
0 1 4096 8192
103 1 90112 94208
192 1 614400 622592
215 1 442368 458752
233 1 208896 229376
918 1 270336 274432
104 1 77824 86016
921 1 503808 512000
154 1 159744 163840
188 1 262144 282624
196 1 348160 368640
340 1 104448 105472
537 1 380928 389120
537 1 389120 393216
233 1 200704 217088
192 1 417792 425984
520 1 491520 499712
520 1 499712 503808
678 1 499712 507904
678 1 540672 552960
650 1 466944 475136
233 1 217088 237568
255 1 286720 290816
255 2 323584 327680 327680 331776
264 1 143360 147456
265 1 368640 372736
265 1 114688 118784
267 1 69632 73728
357 1 507904 512000
266 1 245760 249856
266 1 155648 159744
267 1 524288 528384
328 1 434176 438272
294 1 102400 106496
438 1 356352 360448
281 1 425984 431616
534 1 8192 16384
534 1 16384 20480
963 1 135168 139264
497 1 69632 73728
963 1 544768 548864
824 5 372736 393216 393216 458752 458752 524288 524288 589824 589824 655360
825 1 0 8192
909 1 139264 147456
964 1 8192 20480
342 1 172032 180224
342 1 180224 184320
828 4 8192 65536 65536 131072 131072 196608 196608 241664
497 1 69632 73728
342 1 184320 192512
802 1 389120 393216
803 1 196608 208896
347 2 561152 589824 589824 626688
722 1 618496 621056
525 1 352256 356352
154 1 602112 602624
423 1 196608 200704
709 1 548864 552960
340 1 626688 630784
284 1 651264 655360
285 8 0 65536 65536 131072 131072 196608 196608 262144 262144 327680 327680 393216 393216 458752 458752 520192
285 3 520192 524288 524288 589824 589824 655360
286 6 0 65536 65536 131072 131072 196608 196608 262144 262144 327680 327680 389120
286 5 389120 393216 393216 458752 458752 524288 524288 589824 589824 655360
287 4 0 65536 65536 131072 131072 196608 196608 258048
650 1 466944 471040
242 1 557056 558080
288 9 126976 131072 131072 196608 196608 262144 262144 327680 327680 393216 393216 458752 458752 524288 524288 589824 589824 651264
291 2 258048 262144 262144 323584
287 7 258048 262144 262144 327680 327680 393216 393216 458752 458752 524288 524288 589824 589824 655360
288 2 0 65536 65536 126976
267 1 118272 130560
582 1 638976 647168
13 1 294912 315392
582 1 647168 651264
606 1 270336 278528
515 2 94208 131072 131072 135168
65 1 561152 565248
978 1 651264 655360
65 1 552960 557056
108 1 143360 147456
0 1 32256 36352
6 1 364032 368128
57 1 560640 564736
6 1 429568 433664
0 1 36352 40448
167 1 24576 49152
397 1 585728 588288
448 1 585728 589824
118 1 385024 393216
636 3 291328 327680 327680 393216 393216 458752
636 3 507904 524288 524288 589824 589824 655360
637 4 0 65536 65536 131072 131072 196608 196608 209408
960 3 475648 524288 524288 589824 589824 655360
961 6 0 65536 65536 131072 131072 196608 196608 262144 262144 327680 327680 344576
570 1 102400 106496
86 1 69632 90112
892 1 626688 627200
448 1 176128 180224
892 1 622592 626688
561 1 245760 249856
192 1 487424 495616
234 1 499712 501760
538 1 466944 475136
538 1 475136 479232
115 1 630784 634880
422 1 593920 598016
115 1 565248 573440
395 1 516096 520192
115 1 634880 638976
422 1 593920 598016
67 1 389120 393216
368 1 258048 262144
373 1 536576 540672
0 1 434176 454656
384 1 618496 622592
364 1 36864 53248
696 1 184320 188416
427 1 532480 540672
118 1 368640 372736
642 1 475136 491520
380 2 319488 327680 327680 339968
650 1 536576 540672
368 1 204800 212992
955 1 536576 544768
429 1 282624 290816
380 1 45056 49152
645 1 20480 24576
379 1 573440 585728
127 1 335872 348160
707 1 94208 98304
127 1 352256 356352
131 1 315392 319488
131 2 323584 327680 327680 356352
663 1 446464 450560
589 1 483328 487424
717 1 12288 24576
751 1 356352 372736
448 1 24576 28672
964 1 278528 282624
407 1 94208 98304
77 1 290816 294912
458 1 630784 638976
527 1 270336 274432
458 1 638976 643072
192 1 487424 491520
77 1 356352 364544
305 1 163840 184320
192 1 421888 430080
547 1 286720 290816
547 1 290816 294912
547 1 294912 299008
305 1 184320 196608
748 1 188416 196608
310 1 524288 528384
822 1 577536 578560
310 1 540672 544768
311 1 593920 598016
521 1 450560 458752
310 1 376832 380928
357 1 86016 94208
359 1 606208 610304
844 1 151552 155648
543 1 380928 385024
24 1 503808 512000
340 2 499712 524288 524288 528384
248 1 520192 524288
521 1 458752 462848
368 1 643072 655360
235 1 561152 565248
5 1 117760 118272
779 1 176128 180224
644 1 442368 446464
45 1 286720 290816
48 1 344064 348160
48 1 589824 593920
554 1 339968 344064
870 1 32768 57344
554 1 487424 491520
554 1 413696 425984
554 1 344064 360448
554 1 557056 561152
870 1 32768 36864
554 1 561152 569344
205 1 69632 73728
554 1 569344 573440
205 1 69632 73728
59 1 286720 290816
662 1 405504 413696
662 1 421888 425984
389 1 446464 450560
205 1 69632 73728
792 1 376832 380928
35 1 512000 516096
572 1 401408 409600
572 1 409600 413696
679 2 516096 524288 524288 532480
650 1 466944 471040
678 1 630784 638976
679 1 16384 28672
318 1 450560 454656
527 1 323584 324608
457 1 544768 548864
241 1 335872 339968
181 1 36864 40960
528 1 196608 197120
181 1 32768 36864
528 1 229376 233472
529 1 114688 118784
563 1 479232 483328
181 1 36864 40960
174 1 57344 61440
650 1 548864 557056
528 1 196608 197120
181 1 32768 36864
174 1 57344 61440
650 1 487424 495616
192 1 487424 495616
321 1 385024 389120
555 1 643072 647168
511 1 217088 221184
650 1 528384 540672
286 1 307200 310784
511 1 241664 262144
986 1 290816 294912
650 1 466944 475136
676 1 184320 196608
966 4 307200 327680 327680 393216 393216 458752 458752 491520
557 1 327680 331776
111 1 589824 598016
135 1 0 4096
55 1 352256 356352
962 2 487424 524288 524288 552960
650 1 536576 540672
720 1 221184 225280
55 1 393216 401408
786 2 225280 262144 262144 290816
495 1 344064 347648
786 4 294912 327680 327680 393216 393216 458752 458752 495616
688 2 352256 393216 393216 430080
111 2 425984 458752 458752 491520
688 1 430080 434176
127 1 507904 512000
213 2 32768 65536 65536 98304
102 1 491520 524288
181 1 94208 98304
181 1 208896 225280
707 1 40960 45056
214 2 491520 524288 524288 557056
222 1 626688 655360
223 2 0 65536 65536 94720
90 2 180224 196608 196608 200704
223 1 94720 102400
727 1 393216 397312
224 2 499712 524288 524288 565248
232 2 569344 589824 589824 634880
236 2 110592 131072 131072 176128
125 1 561152 577536
1 1 356352 360448
995 1 417792 425984
110 1 73728 98304
895 1 389120 393216
642 1 466944 471040
624 2 184320 196608 196608 212992
624 1 212992 217088
642 1 458752 462848
856 1 512000 516096
271 1 122880 123392
125 2 577536 589824 589824 598016
956 2 446464 458752 458752 466944
12 1 323584 327680
799 1 479232 491520
485 1 552960 557056
157 1 475136 475648
716 2 176128 196608 196608 225280
131 1 360448 372736
184 1 429568 433664
675 1 372736 376832
179 1 49152 53248
604 2 258048 262144 262144 274432
131 1 376832 380928
179 1 57344 61440
707 1 28672 32768
930 1 614400 618496
516 1 57344 65536
417 2 61440 65536 65536 69632
549 1 516096 524288
516 1 65536 69632
417 1 69632 73728
575 1 192512 196608
575 1 159744 163840
575 1 319488 323584
575 1 241664 262144
996 2 524288 589824 589824 655360
997 6 0 65536 65536 131072 131072 196608 196608 262144 262144 327680 327680 393216
49 1 540672 544768
51 1 643072 647168
79 1 65536 131072
853 5 389632 393216 393216 458752 458752 524288 524288 589824 589824 655360
854 4 0 65536 65536 131072 131072 196608 196608 258560
311 1 176128 176640
218 1 421888 425984
650 1 532480 540672
264 1 547840 548352
127 1 409600 413696
847 1 626688 630784
884 1 462848 487424
291 1 208896 212992
675 1 237568 241664
218 1 421888 425984
311 1 184320 184832
117 1 622592 626688
854 7 258560 262144 262144 327680 327680 393216 393216 458752 458752 524288 524288 589824 589824 655360
855 1 0 65536
650 1 471040 475136
884 1 487424 491520
235 1 524288 586240
650 1 532480 536576
342 1 192512 196608
828 7 241664 262144 262144 327680 327680 393216 393216 458752 458752 524288 524288 589824 589824 655360
829 1 0 45056
575 1 344064 352256
575 1 352256 356352
804 1 61440 65536
937 1 348160 352256
805 1 0 16384
829 4 454656 458752 458752 524288 524288 589824 589824 638976
650 1 466944 471040
829 6 110592 131072 131072 196608 196608 262144 262144 327680 327680 393216 393216 450560
211 1 585728 589824
650 1 466944 471040
707 1 69632 73728
133 1 446464 450560
576 1 573440 577536
792 1 225280 229376
844 1 651264 655360
370 1 335872 338944
133 1 446464 450560
680 2 516096 524288 524288 540672
845 1 327680 344064
680 1 540672 544768
845 1 126976 131072
198 1 229376 233472
474 1 528384 532480
418 1 593920 602112
418 1 602112 606208
771 5 364544 393216 393216 458752 458752 524288 524288 589824 589824 655360
772 4 0 65536 65536 131072 131072 196608 196608 233472
772 7 233472 262144 262144 327680 327680 393216 393216 458752 458752 524288 524288 589824 589824 655360
773 2 0 65536 65536 98304
51 1 548864 589824
773 1 126976 131072
158 1 65536 81920
544 1 262144 327680
233 1 196608 217088
51 1 651264 655360
829 1 147456 155648
773 8 163840 196608 196608 262144 262144 327680 327680 393216 393216 458752 458752 524288 524288 589824 589824 655360
774 1 0 32768
774 9 32768 65536 65536 131072 131072 196608 196608 262144 262144 327680 327680 393216 393216 458752 458752 524288 524288 528384
441 1 471040 475136
198 1 360448 364544
149 1 606208 614400
198 1 385024 389120
149 1 344064 352256
844 1 319488 327680
115 1 569344 573440
395 1 516096 520192
845 1 65536 77824
650 1 532480 536576
115 1 634880 638976
951 1 598016 630784
289 3 520192 524288 524288 589824 589824 655360
290 6 0 65536 65536 131072 131072 196608 196608 262144 262144 327680 327680 389120
255 1 364544 368640
20 1 4096 12288
292 8 192512 196608 196608 262144 262144 327680 327680 393216 393216 458752 458752 524288 524288 589824 589824 655360
293 1 0 61440
288 1 651264 655360
289 8 0 65536 65536 131072 131072 196608 196608 262144 262144 327680 327680 393216 393216 458752 458752 520192
293 9 61440 65536 65536 131072 131072 196608 196608 262144 262144 327680 327680 393216 393216 458752 458752 524288 524288 585728
642 1 532480 536576
385 1 217088 233472
294 4 454656 458752 458752 524288 524288 589824 589824 655360
295 5 0 65536 65536 131072 131072 196608 196608 262144 262144 323584
290 5 389120 393216 393216 458752 458752 524288 524288 589824 589824 655360
291 4 0 65536 65536 131072 131072 196608 196608 258048
961 1 237568 241664
849 1 106496 122880
295 3 323584 327680 327680 393216 393216 404480
291 6 323584 327680 327680 393216 393216 458752 458752 524288 524288 589824 589824 655360
292 3 0 65536 65536 131072 131072 192512
154 1 446464 450560
293 2 585728 589824 589824 655360
294 7 0 65536 65536 131072 131072 196608 196608 262144 262144 327680 327680 393216 393216 454656
735 1 20480 36864
255 1 364544 368640
114 1 643072 655360
115 8 0 65536 65536 131072 131072 196608 196608 262144 262144 327680 327680 393216 393216 458752 458752 503808
115 3 503808 524288 524288 589824 589824 655360
116 6 0 65536 65536 131072 131072 196608 196608 262144 262144 327680 327680 372736
116 5 372736 393216 393216 458752 458752 524288 524288 589824 589824 655360
117 4 0 65536 65536 131072 131072 196608 196608 241664
118 9 110592 131072 131072 196608 196608 262144 262144 327680 327680 393216 393216 458752 458752 524288 524288 589824 589824 634880
117 7 241664 262144 262144 327680 327680 393216 393216 458752 458752 524288 524288 589824 589824 655360
118 2 0 65536 65536 110592
118 1 634880 655360
119 8 0 65536 65536 131072 131072 196608 196608 262144 262144 327680 327680 393216 393216 458752 458752 503808
119 3 503808 524288 524288 589824 589824 655360
120 6 0 65536 65536 131072 131072 196608 196608 262144 262144 327680 327680 372736
120 5 372736 393216 393216 458752 458752 524288 524288 589824 589824 655360
121 4 0 65536 65536 131072 131072 196608 196608 241664
501 1 414720 416768
506 1 430080 434176
501 1 416768 417280
506 1 434176 438272
506 1 438272 442368
506 1 442368 446464
90 1 163840 167936
475 1 557056 565248
513 1 286208 290304
734 1 3584 7680
475 1 565248 569344
550 1 175616 179712
642 1 532480 536576
842 1 65536 81920
340 1 105472 107520
340 1 107520 109056
30 1 524288 532480
220 1 397312 401408
220 1 389120 393216
336 1 364544 385024
702 1 323584 327680
637 7 209408 262144 262144 327680 327680 393216 393216 458752 458752 524288 524288 589824 589824 655360
638 2 0 65536 65536 78336
866 1 528384 532480
596 9 115200 131072 131072 196608 196608 262144 262144 327680 327680 393216 393216 458752 458752 524288 524288 589824 589824 639488
866 1 532480 536576
661 2 545280 589824 589824 655360
662 4 0 65536 65536 131072 131072 196608 196608 262144
662 3 294912 327680 327680 393216 393216 446976
570 1 102400 106496
961 5 344576 393216 393216 458752 458752 524288 524288 589824 589824 655360
962 4 0 65536 65536 131072 131072 196608 196608 213504
235 1 314880 318976
236 1 73216 77312
278 1 302592 306688
601 1 482816 486912
74 1 512000 516096
284 1 176128 196608
685 1 495616 499712
882 1 188416 192512
979 1 0 4096
650 1 548864 552960
566 1 126976 131072
882 1 188416 192512
284 7 233472 262144 262144 327680 327680 393216 393216 458752 458752 524288 524288 589824 589824 655360
285 2 0 65536 65536 98816
290 1 332288 335872
650 1 483328 487424
285 9 98816 131072 131072 196608 196608 262144 262144 327680 327680 393216 393216 458752 458752 524288 524288 589824 589824 623104
288 7 229888 262144 262144 327680 327680 393216 393216 458752 458752 524288 524288 589824 589824 655360
289 2 0 65536 65536 98816
916 1 520192 524288
827 1 634880 638976
954 1 245760 246272
969 2 454656 458752 458752 462848
966 1 360448 361984
909 1 81920 86016
273 3 492032 524288 524288 589824 589824 655360
274 6 0 65536 65536 131072 131072 196608 196608 262144 262144 327680 327680 360960
642 1 491520 495616
650 1 532480 536576
442 1 102400 106496
642 1 557056 561152
724 1 335872 339968
826 1 172032 175104
418 1 12288 16384
274 5 360960 393216 393216 458752 458752 524288 524288 589824 589824 655360
275 4 0 65536 65536 131072 131072 196608 196608 229888
492 1 409600 413696
840 1 614400 618496
418 1 45056 53248
443 1 159744 163840
437 1 286720 290816
727 1 143360 147456
897 1 294912 299008
655 1 274432 290816
642 1 491520 495616
364 1 126976 131072
366 1 344064 352256
427 1 536576 544768
638 1 32768 36864
21 1 135168 139264
642 1 532480 536576
385 1 28672 36864
380 1 442368 450560
959 1 356352 364544
650 1 471040 475136
92 1 278528 282624
841 1 589824 610304
211 1 307200 315392
364 1 81920 86016
368 1 245760 253952
90 1 286720 290816
214 1 503808 507904
392 1 290816 303104
52 1 151552 159744
424 1 139264 143360
141 1 524288 548864
773 1 401408 409600
297 1 8192 53248
52 1 172032 176128
646 2 553984 589824 589824 619520
577 1 278528 286720
420 1 622592 630784
577 1 286720 290816
420 1 630784 634880
350 1 446464 450560
231 2 167936 196608 196608 212992
222 1 319488 323584
638 1 389120 393216
638 1 217088 221184
350 1 589824 593920
349 1 487424 491520
350 1 491520 499712
350 1 266240 270336
996 1 131072 184320
348 1 561152 565248
679 1 221184 241664
67 1 372736 376832
117 1 323584 327680
554 1 573440 581632
857 1 212992 245760
205 1 69632 77824
554 1 581632 585728
8 1 94208 114688
870 1 20480 24576
870 2 57344 65536 65536 73728
870 1 73728 77824
613 1 110592 126976
8 1 114688 118784
115 1 552960 561152
613 1 81920 98304
855 1 36864 40960
54 1 94208 110592
930 1 638976 647168
874 1 331776 335872
140 2 126976 131072 131072 139264
812 1 233472 237568
569 1 421888 430080
141 1 417792 421888
535 1 131072 167936
395 1 32768 40960
11 1 585728 589824
716 2 356352 393216 393216 421888
716 1 487424 520192
835 1 536576 542208
166 1 471040 479232
995 1 450560 454656
911 1 577536 581632
663 1 618496 622592
22 1 491520 492544
132 1 589824 593920
804 1 32768 45056
757 1 8192 11264
455 1 32768 47104
233 1 77824 92160
68 1 65536 69632
424 1 364544 368640
593 1 561152 565248
344 1 393216 401408
790 1 401408 405504
642 1 532480 540672
167 1 155648 188416
357 1 270336 274432
810 1 425984 446464
251 1 364544 389120
242 2 233472 262144 262144 270336
947 2 311296 327680 327680 393216
881 2 573440 589824 589824 643072
861 1 327680 393216
746 1 196608 262144
598 1 249856 258048
116 1 532480 565248
892 4 102400 131072 131072 196608 196608 262144 262144 303104
947 1 393216 458752
364 1 98304 110592
364 1 114688 122880
427 1 540672 548864
346 1 274432 278528
346 1 323584 327680
126 1 4096 16384
650 1 536576 544768
722 1 212992 217088
118 2 454656 458752 458752 462848
680 1 475136 499712
430 1 241664 262144
141 1 548864 589824
52 1 188416 192512
183 1 458752 479232
430 1 262144 266240
680 1 499712 503808
52 1 352256 356352
702 1 258048 262144
866 1 528384 532480
638 9 78336 131072 131072 196608 196608 262144 262144 327680 327680 393216 393216 458752 458752 524288 524288 589824 589824 602624
596 1 639488 655360
886 1 208896 212992
662 3 446976 458752 458752 524288 524288 561152
123 1 409600 413696
126 1 536576 552960
535 1 167936 172032
373 1 536576 540672
551 1 290816 291328
805 1 331776 352256
650 1 499712 507904
829 1 638976 655360
830 8 0 65536 65536 131072 131072 196608 196608 262144 262144 327680 327680 393216 393216 458752 458752 507904
117 1 320000 320512
804 1 192512 196608
804 1 90112 94208
805 1 65536 77824
497 1 69632 73728
587 1 110592 122880
502 1 315392 319488
52 1 131072 139264
243 1 262144 266240
956 1 413696 417792
887 1 569344 577536
981 1 516096 520192
956 1 413696 417792
558 1 647168 655360
559 1 0 24576
559 1 24576 28672
510 1 614400 618496
650 1 540672 544768
166 1 192512 196608
203 1 425984 434176
442 1 200704 204800
678 1 208896 221184
397 1 241664 245760
882 1 188416 192512
287 5 360960 393216 393216 458752 458752 524288 524288 589824 589824 655360
288 4 0 65536 65536 131072 131072 196608 196608 229888
522 1 430080 438272
477 1 651264 655360
149 1 32768 34816
477 1 573440 577536
650 1 548864 557056
286 3 492032 524288 524288 589824 589824 655360
287 6 0 65536 65536 131072 131072 196608 196608 262144 262144 327680 327680 360960
522 1 438272 442368
285 1 623104 655360
286 8 0 65536 65536 131072 131072 196608 196608 262144 262144 327680 327680 393216 393216 458752 458752 492032
303 1 135168 159744
297 1 324096 327680
290 1 270848 278528
309 1 409600 430080
289 9 98816 131072 131072 196608 196608 262144 262144 327680 327680 393216 393216 458752 458752 524288 524288 589824 589824 623104
647 2 442880 458752 458752 471040
122 9 45056 65536 65536 131072 131072 196608 196608 262144 262144 327680 327680 393216 393216 458752 458752 524288 524288 569344
121 7 241664 262144 262144 327680 327680 393216 393216 458752 458752 524288 524288 589824 589824 655360
122 1 0 45056
122 2 569344 589824 589824 655360
123 7 0 65536 65536 131072 131072 196608 196608 262144 262144 327680 327680 393216 393216 421888
124 6 290816 327680 327680 393216 393216 458752 458752 524288 524288 589824 589824 655360
125 3 0 65536 65536 131072 131072 159744
126 2 552960 589824 589824 614400
123 4 421888 458752 458752 524288 524288 589824 589824 655360
124 5 0 65536 65536 131072 131072 196608 196608 262144 262144 290816
125 8 159744 196608 196608 262144 262144 327680 327680 393216 393216 458752 458752 524288 524288 589824 589824 655360
126 1 0 28672
126 9 28672 65536 65536 131072 131072 196608 196608 262144 262144 327680 327680 393216 393216 458752 458752 524288 524288 552960
363 1 389120 393216
528 1 417792 425984
562 1 536576 540672
580 1 520192 524288
218 1 159744 176128
38 1 212992 217088
513 1 507904 512000
713 1 598016 602112
914 1 532480 540672
916 1 16384 24576
235 1 229376 233472
582 1 53248 57344
467 1 495616 499712
864 1 376832 380928
56 1 143360 147456
291 1 372736 376832
818 1 647168 651264
105 1 430080 434176
650 1 466944 479232
996 1 184320 188416
408 1 442368 450560
234 1 245760 262144
399 1 49152 57344
408 1 450560 454656
192 1 548864 552960
399 1 57344 61440
819 1 110592 114688
118 1 155648 192512
95 1 610304 614400
46 1 462848 466944
820 1 389120 393216
519 1 200704 204800
832 1 249856 253952
788 1 565248 569344
277 1 634880 638976
556 1 163840 167936
319 1 368640 372736
102 1 172032 184320
823 1 212992 217088
835 1 339968 344064
832 1 188416 192512
832 1 618496 622592
832 1 196608 200704
502 1 630784 638976
587 1 397312 401408
788 1 446464 450560
8 5 131072 196608 196608 262144 262144 327680 327680 393216 393216 458752
53 1 69632 73728
680 1 634880 655360
681 1 0 8192
53 1 159744 163840
5 1 122880 123392
127 1 507904 512000
707 1 106496 110592
239 2 507904 524288 524288 573440
193 1 229376 230912
605 1 98304 101376
240 2 180224 196608 196608 245760
242 2 376832 393216 393216 442368
247 3 315392 327680 327680 393216 393216 438784
650 1 532480 557056
360 1 356352 356864
360 1 585728 589824
247 1 438784 446464
248 2 315392 327680 327680 380928
249 2 385024 393216 393216 450560
250 2 253952 262144 262144 319488
265 1 147456 163840
845 1 458752 466944
707 1 4096 8192
233 1 225280 233472
234 1 200704 212992
192 1 552960 557056
898 1 196608 212992
642 1 466944 471040
265 1 163840 184320
650 1 532480 540672
470 2 110592 131072 131072 135168
19 1 598016 602112
642 1 466944 471040
470 1 135168 139264
20 1 8192 12288
255 1 364544 368640
642 1 532480 536576
255 1 364544 368640
199 1 517120 519168
642 1 466944 475136
19 1 598016 602112
918 1 204800 212992
815 1 446464 450560
537 2 507904 524288 524288 569344
52 1 290816 294912
52 1 217088 221184
215 1 458752 479232
766 1 630784 634880
729 1 184320 188416
965 1 241664 245760
247 1 77824 81920
167 1 573440 585728
167 1 606208 615424
318 1 221184 225280
710 1 270336 274432
355 1 585728 589824
512 1 0 16384
321 1 385024 389120
650 1 602112 606208
522 1 241664 258048
321 1 385024 389120
650 1 536576 540672
321 1 385024 389120
650 1 602112 606208
147 1 462848 466944
720 1 225280 233472
321 1 385024 389120
650 1 536576 544768
147 1 462848 466944
720 1 172032 176128
321 1 385024 389120
218 1 421888 425984
235 1 586240 589824
650 1 536576 540672
264 1 549888 550400
338 1 393216 458752
218 1 421888 425984
454 1 589824 655360
650 1 471040 475136
264 1 556544 557056
455 1 196608 262144
218 1 421888 425984
455 1 393216 458752
650 1 536576 540672
455 1 589824 655360
264 1 560640 561152
183 1 208896 225280
68 1 81920 90112
68 1 102400 106496
68 1 651264 655360
69 1 110592 114688
659 1 384512 385536
69 1 176128 180224
69 1 274432 278528
69 1 315392 319488
69 1 368640 372736
579 2 253952 262144 262144 282624
27 1 16384 20480
792 1 425984 430080
32 1 389120 393216
792 1 319488 327680
991 2 126976 131072 131072 135168
120 1 405504 409600
790 1 147456 151552
591 1 462848 471040
501 1 450560 454656
501 1 483328 487424
501 1 303104 307200
501 1 536576 540672
914 1 499712 503808
895 1 581632 585728
835 1 532480 536576
915 1 335872 339968
501 1 561152 565248
835 1 462848 466944
938 1 638976 643072
802 1 323584 327680
597 9 28672 65536 65536 131072 131072 196608 196608 262144 262144 327680 327680 393216 393216 458752 458752 524288 524288 537088
662 2 565248 589824 589824 655360
663 5 0 65536 65536 131072 131072 196608 196608 262144 262144 320000
642 1 532480 536576
570 1 102400 106496
967 1 462848 464896
702 2 323584 327680 327680 331776
444 1 8192 16384
866 1 532480 536576
639 3 360448 393216 393216 458752 458752 475648
126 1 552960 573440
213 1 528384 544768
91 1 356352 360448
348 1 495616 499712
841 1 610304 622592
78 1 208896 217088
916 1 495616 499712
364 1 20480 28672
642 1 466944 471040
78 1 217088 221184
371 1 274432 282624
741 1 614400 618496
327 1 258048 262144
368 2 520192 524288 524288 528384
99 1 114688 118784
380 1 299008 307200
657 2 258048 262144 262144 266240
574 1 552960 553472
583 1 229376 233472
613 1 126976 131072
205 1 73728 77824
709 1 516096 520192
870 1 57344 61440
205 1 73728 77824
613 1 131072 139264
205 1 73728 77824
613 1 139264 143360
662 1 405504 413696
389 1 446464 450560
205 1 73728 77824
662 1 421888 425984
59 1 286720 290816
336 1 335872 352256
336 1 352256 356352
642 1 466944 471040
799 1 552960 569344
336 2 385024 393216 393216 397312
593 1 90112 98304
593 1 98304 102400
499 1 651264 655360
500 1 0 4096
500 1 4096 8192
395 1 40960 45056
77 1 352256 356352
183 1 409600 430080
811 1 176128 196608
232 1 327680 339968
650 1 475136 479232
382 1 598016 602112
39 7 225792 262144 262144 327680 327680 393216 393216 458752 458752 524288 524288 589824 589824 655360
40 2 0 65536 65536 94720
38 5 356864 393216 393216 458752 458752 524288 524288 589824 589824 655360
39 4 0 65536 65536 131072 131072 196608 196608 225792
40 9 94720 131072 131072 196608 196608 262144 262144 327680 327680 393216 393216 458752 458752 524288 524288 589824 589824 619008
472 1 623104 624640
642 1 532480 536576
40 1 619008 655360
41 8 0 65536 65536 131072 131072 196608 196608 262144 262144 327680 327680 393216 393216 458752 458752 487936
41 3 487936 524288 524288 589824 589824 655360
42 6 0 65536 65536 131072 131072 196608 196608 262144 262144 327680 327680 356864
18 1 552960 557056
68 1 651264 655360
413 1 458752 462848
966 1 196608 200704
236 1 348160 352256
129 1 294912 299008
959 1 393216 397312
466 1 57344 61440
382 1 622592 630784
174 1 57344 61440
650 1 557056 561152
650 1 466944 475136
174 1 57344 61440
650 1 491520 495616
678 1 483328 499712
650 1 536576 540672
174 1 57344 61440
650 1 557056 561152
416 1 483328 491520
174 1 57344 61440
650 1 491520 495616
979 1 0 4096
978 1 651264 655360
678 1 499712 507904
838 1 102400 106496
188 1 516096 520192
54 1 110592 131072
248 1 516096 520192
205 1 290816 294912
32 1 159744 163840
75 1 385024 389120
242 1 53248 57344
95 1 364544 368640
152 1 98304 102400
588 1 430080 434176
102 1 249856 253952
495 1 192512 196608
566 1 466944 471040
302 1 86016 90112
90 1 245760 249856
591 1 471040 475136
579 1 282624 286720
642 1 532480 536576
170 1 589824 610304
9 2 241664 262144 262144 278528
938 1 299008 303104
408 1 536576 540672
205 1 16384 20480
764 1 28672 53248
764 1 53248 57344
679 1 40960 61440
650 1 532480 536576
170 1 610304 622592
679 1 61440 65536
679 1 524288 532480
650 1 466944 471040
679 1 278528 286720
679 1 241664 245760
505 1 12288 20480
505 1 20480 24576
948 1 4096 16384
395 1 516096 520192
560 1 184320 188416
558 1 253952 258048
707 1 114688 118784
483 1 4096 12288
188 1 282624 294912
483 1 12288 16384
13 1 274432 282624
842 1 81920 102400
79 4 262144 327680 327680 393216 393216 458752 458752 483328
817 1 503808 509440
681 1 8192 12288
53 1 262144 270336
79 3 487424 524288 524288 589824 589824 655360
695 1 303104 311296
56 1 483328 487424
466 1 315392 323584
687 1 0 4096
876 1 397312 401408
56 1 495616 499712
399 1 622592 626688
1 1 573440 577536
811 1 110592 114688
250 1 4096 8192
713 1 217088 258048
713 1 258048 262144
257 2 581632 589824 589824 655360
650 1 466944 471040
825 1 577536 581632
294 1 409600 421888
829 1 450560 455168
296 1 172032 172544
296 1 233472 237568
824 1 606208 610304
480 1 184320 192512
480 1 192512 196608
462 1 348160 356352
527 1 151552 159744
46 1 368640 372736
192 1 65536 69632
330 1 180224 184320
462 1 356352 360448
46 1 299008 303104
102 2 253952 262144 262144 315392
255 1 364544 368640
199 1 518656 519680
642 1 536576 540672
20 1 8192 12288
255 1 364544 368640
199 1 519168 520192
642 1 471040 475136
19 1 598016 602112
809 1 49152 53248
13 1 315392 327680
549 1 524288 528384
603 2 53248 65536 65536 94208
644 1 32768 36864
192 1 614400 618496
302 1 487424 507904
143 1 602112 634880
302 1 618496 630784
218 1 421888 425984
456 1 327680 393216
548 1 294912 303104
264 1 564736 565248
397 1 487424 495616
924 1 303104 327680
924 1 524288 544768
73 1 159744 167936
650 1 471040 479232
318 1 331264 335360
456 1 524288 589824
264 1 568832 569344
505 1 131072 140800
924 1 544768 548864
264 1 572928 573440
250 1 421888 454656
742 1 147456 167936
741 1 634880 651264
299 1 139264 147456
598 1 258048 262144
167 1 188416 192512
872 8 65536 131072 131072 196608 196608 262144 262144 327680 327680 393216 393216 458752 458752 524288 524288 589824
790 1 401408 405504
650 1 532480 536576
680 1 401408 421888
948 2 0 65536 65536 131072
650 1 458752 462848
746 1 589824 655360
747 1 0 49152
251 1 393216 405504
251 1 442368 450560
232 1 339968 344064
183 1 430080 442368
77 1 286720 290816
805 1 352256 364544
830 3 507904 524288 524288 589824 589824 655360
831 2 0 65536 65536 77824
52 1 139264 143360
587 1 122880 126976
555 1 266240 274432
842 2 299008 327680 327680 348160
555 1 274432 278528
842 5 352256 393216 393216 458752 458752 524288 524288 589824 589824 602112
842 1 602112 655360
843 8 0 65536 65536 131072 131072 196608 196608 262144 262144 327680 327680 393216 393216 458752 458752 471040
962 7 213504 262144 262144 327680 327680 393216 393216 458752 458752 524288 524288 589824 589824 655360
963 2 0 65536 65536 82432
638 1 602624 655360
639 6 0 65536 65536 131072 131072 196608 196608 262144 262144 327680 327680 356352
838 1 458752 475136
444 1 16384 20480
866 1 528384 532480
642 1 466944 475136
570 1 102400 106496
597 2 537088 589824 589824 655360
598 7 0 65536 65536 131072 131072 196608 196608 262144 262144 327680 327680 393216 393216 406016
866 1 532480 536576
663 6 320000 327680 327680 393216 393216 458752 458752 524288 524288 589824 589824 655360
664 3 0 65536 65536 131072 131072 188928
61 1 217088 221184
61 1 229376 233472
671 1 200704 204800
483 1 552960 557056
892 1 208896 209920
372 1 208896 217088
363 1 638976 655360
364 1 0 16384
748 1 536576 540672
366 1 262144 266240
815 1 643072 647168
121 1 528384 532480
631 1 126976 131072
655 1 176128 184320
403 1 299008 311296
317 1 458752 460288
371 1 331776 335872
378 1 495616 499712
245 1 294912 307200
655 1 290816 294912
275 7 229888 262144 262144 327680 327680 393216 393216 458752 458752 524288 524288 589824 589824 655360
276 2 0 65536 65536 98816
350 1 359936 360448
642 1 557056 569344
279 5 131584 196608 196608 262144 262144 327680 327680 393216 393216 430080
279 4 434176 458752 458752 524288 524288 589824 589824 655360
280 1 0 4608
474 1 294912 299008
642 1 499712 503808
276 9 98816 131072 131072 196608 196608 262144 262144 327680 327680 393216 393216 458752 458752 524288 524288 589824 589824 623104
626 1 647168 651264
633 1 200704 206336
642 1 565248 569344
280 9 4608 65536 65536 131072 131072 196608 196608 262144 262144 327680 327680 393216 393216 458752 458752 524288 524288 528896
920 1 110592 126976
474 1 294912 299008
642 1 499712 507904
276 1 623104 655360
277 8 0 65536 65536 131072 131072 196608 196608 262144 262144 327680 327680 393216 393216 458752 458752 492032
840 1 614400 618496
280 2 528896 589824 589824 655360
281 6 0 65536 65536 131072 131072 196608 196608 262144 262144 327680 327680 332288
510 2 520192 524288 524288 528384
218 1 176128 196608
798 1 643072 655360
69 1 385024 389120
659 1 385536 386560
392 1 270336 274432
659 1 386560 387584
423 1 434176 438272
659 1 387584 388608
424 1 581632 585728
425 1 12288 16384
425 1 57344 65536
537 1 163840 172032
987 1 192512 194560
108 1 192512 196608
131 1 614400 615936
131 1 647168 651264
537 1 172032 176128
230 1 442368 446976
659 1 388608 389632
289 1 623104 655360
290 5 0 65536 65536 131072 131072 196608 196608 262144 262144 270848
747 1 481280 481792
296 3 520192 524288 524288 589824 589824 655360
297 5 0 65536 65536 131072 131072 196608 196608 262144 262144 270336
310 5 299008 327680 327680 393216 393216 458752 458752 524288 524288 532480
309 4 430080 458752 458752 524288 524288 589824 589824 655360
310 5 0 65536 65536 131072 131072 196608 196608 262144 262144 299008
313 1 139264 143360
311 4 401408 458752 458752 524288 524288 589824 589824 655360
312 5 0 65536 65536 131072 131072 196608 196608 262144 262144 270336
310 2 532480 589824 589824 655360
311 7 0 65536 65536 131072 131072 196608 196608 262144 262144 327680 327680 393216 393216 401408
121 1 292352 292864
188 1 241664 253952
364 1 32768 40960
79 2 131072 196608 196608 262144
642 1 552960 569344
5 1 131072 131584
56 1 520192 524288
80 1 0 65536
960 1 466944 467968
649 1 53248 57344
73 1 241664 249856
5 1 139264 139776
855 1 102400 106496
510 1 528384 532480
799 1 327680 335872
134 1 159744 163840
433 2 270336 327680 327680 331776
833 1 86016 90112
756 1 499712 524288
178 1 147456 155648
673 1 483328 499712
642 1 532480 536576
0 1 421888 438272
0 1 438272 458752
10 1 110592 114688
379 1 364544 380928
677 1 532480 557056
3 1 524288 528384
677 1 618496 626688
231 1 212992 217088
115 1 569344 581632
948 1 16384 20480
547 1 401408 409600
547 1 409600 413696
395 1 516096 520192
234 1 262144 282624
115 1 643072 647168
709 1 393216 397312
709 1 323584 327680
650 1 532480 536576
547 1 299008 303104
111 1 593920 614400
678 1 483328 503808
547 1 303104 307200
547 1 307200 311296
678 1 503808 507904
678 1 540672 548864
650 1 589824 593920
800 1 577536 589824
111 1 614400 626688
801 1 131072 135168
642 1 532480 536576
347 1 114688 118784
6 1 274432 278528
145 1 466944 475136
96 1 143360 147456
488 1 606208 610304
488 1 647168 651264
501 1 376832 380928
548 1 290816 294912
548 1 315392 319488
70 1 270336 274432
99 1 622592 643072
64 1 630784 634880
798 1 368128 372224
818 1 401408 409600
198 1 229376 233472
383 1 32768 36864
707 1 69632 73728
650 1 466944 475136
802 1 389120 393216
803 1 327680 344064
818 1 409600 413696
294 2 56832 65536 65536 73216
294 1 73216 77312
218 1 114688 118784
477 1 192512 196608
611 1 176128 180224
731 1 487424 490496
323 1 245760 249856
802 1 520192 524288
613 1 143360 151552
613 1 151552 155648
870 1 77824 86016
909 2 61440 65536 65536 77824
205 1 73728 77824
613 1 155648 188416
205 1 73728 77824
613 1 188416 192512
870 1 77824 81920
613 2 192512 196608 196608 200704
147 1 462848 466944
650 1 606208 610304
720 1 229376 233472
720 1 241664 245760
147 1 462848 466944
720 1 176128 180224
147 1 462848 466944
720 1 241664 245760
147 1 462848 466944
720 1 176128 180224
454 1 143360 167936
126 1 610304 614400
755 2 180224 196608 196608 225280
697 1 4096 8192
446 1 176128 184320
696 1 651264 655360
446 1 184320 188416
544 1 434688 435712
484 1 536576 544768
702 1 4096 8192
544 1 435712 436736
484 1 544768 548864
544 1 436736 438272
544 1 438272 439296
539 2 385024 393216 393216 417792
604 1 270336 274432
86 1 315392 319488
650 1 475136 483328
824 1 581632 585728
917 2 524288 589824 589824 655360
918 1 0 28672
919 1 372736 380928
974 2 421888 458752 458752 471552
466 1 323584 327680
828 1 114688 131072
917 8 0 65536 65536 131072 131072 196608 196608 262144 262144 327680 327680 393216 393216 458752 458752 524288
98 1 229376 233472
791 2 389120 393216 393216 397312
383 1 294912 299008
649 1 53248 57344
812 1 0 12288
650 1 540672 544768
363 2 581632 589824 589824 638976
312 6 270336 327680 327680 393216 393216 458752 458752 524288 524288 589824 589824 655360
313 3 0 65536 65536 131072 131072 139264
315 4 221184 262144 262144 327680 327680 393216 393216 434176
313 7 143360 196608 196608 262144 262144 327680 327680 393216 393216 458752 458752 524288 524288 581632
651 2 376832 393216 393216 442368
882 1 188416 192512
314 4 450560 458752 458752 524288 524288 589824 589824 655360
315 4 0 65536 65536 131072 131072 196608 196608 217088
313 2 581632 589824 589824 655360
314 7 0 65536 65536 131072 131072 196608 196608 262144 262144 327680 327680 393216 393216 450560
70 1 421888 425984
647 1 405504 442880
650 1 487424 495616
652 2 180224 196608 196608 245760
747 1 488960 489472
297 1 294912 324096
652 1 638976 655360
653 1 0 19968
882 1 188416 192512
44 1 418304 458752
44 6 94720 131072 131072 196608 196608 262144 262144 327680 327680 393216 393216 418304
182 1 487936 524288
976 1 8192 12288
42 5 356864 393216 393216 458752 458752 524288 524288 589824 589824 655360
43 4 0 65536 65536 131072 131072 196608 196608 225792
989 1 278528 282624
43 7 225792 262144 262144 327680 327680 393216 393216 458752 458752 524288 524288 589824 589824 655360
44 2 0 65536 65536 94720
44 3 479744 524288 524288 589824 589824 655360
45 4 0 65536 65536 131072 131072 196608 196608 262144
542 2 323584 327680 327680 331776
846 1 131072 147456
989 1 212992 217088
989 2 282624 327680 327680 335872
897 1 344064 356352
642 1 466944 471040
542 1 331776 335872
45 6 262144 327680 327680 393216 393216 458752 458752 524288 524288 589824 589824 655360
46 2 0 65536 65536 131072
429 1 376832 393216
800 1 450560 458752
801 1 196608 204800
185 1 24576 28672
425 1 36864 40960
524 1 163840 172032
425 1 73728 77824
528 1 270336 303104
308 1 225280 229376
638 1 32768 36352
589 1 307200 309760
37 1 286720 290816
322 1 188416 192512
47 1 602112 606208
969 1 167936 196608
748 1 303104 303616
306 1 196608 233472
47 1 598016 602112
745 1 286720 294912
677 1 602112 634880
932 1 491520 495616
551 1 36864 49152
903 1 618496 626688
551 1 49152 53248
903 1 626688 630784
586 1 376832 393216
60 1 442368 450560
162 1 245760 253952
350 1 512000 513024
104 1 307200 311296
91 1 630784 634880
251 1 274432 278528
184 1 266240 270336
333 1 331776 335872
708 1 471040 475136
281 1 573440 581632
240 1 479232 483328
104 1 569344 573440
124 1 434176 438272
836 1 528384 532480
20 1 335872 339968
856 1 483328 487424
856 1 487424 491520
836 1 143360 147456
281 1 585728 589824
877 1 503808 507904
296 1 548864 552960
392 1 593920 598016
50 1 491520 495616
161 2 421888 458752 458752 487424
650 1 532480 536576
650 1 458752 462848
129 1 159744 172032
50 1 487424 491520
650 1 466944 475136
192 1 65536 69632
874 1 409600 413696
678 1 614400 634880
702 1 262144 266240
866 1 528384 532480
639 3 475648 524288 524288 589824 589824 655360
640 5 0 65536 65536 131072 131072 196608 196608 262144 262144 279040
963 9 82432 131072 131072 196608 196608 262144 262144 327680 327680 393216 393216 458752 458752 524288 524288 589824 589824 606720
866 1 532480 536576
570 1 102400 106496
598 4 406016 458752 458752 524288 524288 589824 589824 655360
599 5 0 65536 65536 131072 131072 196608 196608 262144 262144 274944
588 1 98304 106496
664 8 188928 196608 196608 262144 262144 327680 327680 393216 393216 458752 458752 524288 524288 589824 589824 655360
665 1 0 57856
245 1 270336 274432
724 1 200704 204800
378 1 90112 94208
381 1 417792 421888
932 1 311296 315392
400 1 585728 589824
368 1 290816 299008
367 1 241664 245760
436 1 421888 425984
380 1 24576 32768
368 1 180224 184320
372 1 557056 561152
225 1 389120 393216
143 1 405504 409600
143 1 434176 438272
327 1 438272 446464
509 1 532480 540672
427 1 368640 376832
509 1 540672 544768
427 1 376832 380928
69 1 69632 73728
187 1 409600 410112
650 1 466944 479232
471 1 225280 233472
422 1 299008 303104
471 1 233472 237568
533 1 184320 188416
318 1 577536 578560
82 1 0 3584
51 1 548864 552960
252 1 0 4096
744 1 589824 598016
680 1 421888 434176
271 1 32768 36864
21 1 376832 385024
21 1 385024 389120
53 1 401408 405504
650 1 536576 557056
53 1 462848 466944
6 1 503808 512000
937 1 634880 638976
916 1 405504 409600
167 1 90112 106496
813 1 499712 503808
118 1 585728 589824
644 1 348160 356352
457 2 253952 262144 262144 278528
642 1 466944 475136
204 1 393216 401408
457 1 278528 282624
118 1 192512 196608
59 1 20480 24576
90 1 352256 356352
103 1 385536 393216
103 3 458752 524288 524288 589824 589824 655360
104 5 0 65536 65536 131072 131072 196608 196608 262144 262144 320000
642 1 475136 483328
221 1 401408 409600
722 1 86016 90112
134 1 499712 503808
979 1 0 4096
972 1 368640 370688
722 1 106496 114688
134 1 524288 528384
978 1 647168 651264
104 6 320000 327680 327680 393216 393216 458752 458752 524288 524288 589824 589824 655360
105 3 0 65536 65536 131072 131072 188928
105 5 188928 196608 196608 262144 262144 327680 327680 393216 393216 455168
105 4 455168 458752 458752 524288 524288 589824 589824 655360
106 1 0 57856
106 3 446464 458752 458752 524288 524288 586240
106 7 57856 65536 65536 131072 131072 196608 196608 262144 262144 327680 327680 393216 393216 442368
971 1 323584 325632
106 2 586240 589824 589824 655360
107 7 0 65536 65536 131072 131072 196608 196608 262144 262144 327680 327680 393216 393216 455168
107 4 455168 458752 458752 524288 524288 589824 589824 655360
108 5 0 65536 65536 131072 131072 196608 196608 262144 262144 324096
335 1 598016 602112
290 1 200704 208896
453 1 454656 458752
436 1 454656 458752
346 1 610304 614400
807 1 516096 520192
611 1 360448 364544
836 1 536576 540672
988 1 376832 380928
392 1 462848 466944
877 1 516096 520192
365 1 573440 581632
333 1 135168 139264
612 1 344064 352256
393 1 102400 110592
624 1 462848 466944
375 1 36864 40960
809 1 102400 106496
205 1 573440 577536
106 1 581632 585728
985 1 124416 127488
650 1 544768 548864
106 1 589824 593920
383 1 286720 290816
985 1 127488 128512
107 1 98304 102400
355 1 651264 655360
944 1 421888 425984
356 3 32768 65536 65536 131072 131072 151552
233 1 229376 233472
427 2 516096 524288 524288 551936
234 1 200704 208896
284 1 286720 290816
766 1 651264 655360
527 1 552960 557056
914 1 225280 229376
653 1 28672 32768
673 1 143360 163840
642 1 532480 540672
713 1 479232 483328
497 1 233472 241664
497 1 241664 245760
332 1 155648 172032
642 1 466944 475136
143 1 507904 509952
613 1 200704 204800
205 1 73728 77824
676 1 253952 256000
662 1 421888 425984
59 1 286720 290816
662 1 405504 413696
389 1 446464 450560
698 1 262144 266240
711 1 118784 122880
348 1 552960 554496
697 1 53248 57344
613 1 212992 217088
46 8 131072 196608 196608 262144 262144 327680 327680 393216 393216 458752 458752 524288 524288 589824 589824 655360
989 1 335872 344064
47 8 0 65536 65536 131072 131072 196608 196608 262144 262144 327680 327680 393216 393216 458752 458752 524288
47 2 524288 589824 589824 655360
48 6 0 65536 65536 131072 131072 196608 196608 262144 262144 327680 327680 393216
487 1 581632 589824
183 1 327680 393216
48 4 393216 458752 458752 524288 524288 589824 589824 655360
49 4 0 65536 65536 131072 131072 196608 196608 262144
290 1 528384 536576
498 1 327680 331776
303 2 442368 458752 458752 471040
85 1 0 65536
523 1 536576 540672
653 1 372736 376832
49 6 262144 327680 327680 393216 393216 458752 458752 524288 524288 589824 589824 655360
50 2 0 65536 65536 131072
212 1 258048 262144
616 1 192512 196608
50 8 131072 196608 196608 262144 262144 327680 327680 393216 393216 458752 458752 524288 524288 589824 589824 655360
51 4 0 65536 65536 131072 131072 196608 196608 262144
595 1 626688 630784
59 1 20480 24576
131 1 634368 638464
575 1 225280 233472
575 1 233472 237568
587 1 14336 14848
642 1 536576 548864
312 1 36864 53248
187 1 495616 512000
738 1 364544 368640
737 1 323584 326656
51 1 614400 622592
51 1 552960 557056
51 1 618496 622592
697 1 229376 233472
947 1 98304 114688
51 1 552960 557056
51 1 618496 630784
195 1 163840 180224
650 1 466944 471040
650 1 458752 462848
943 2 126976 131072 131072 135168
943 1 110592 118784
662 1 462848 466944
74 2 229376 262144 262144 294912
819 1 94208 98304
522 1 565248 573440
181 2 344064 393216 393216 405504
139 1 561152 565248
454 2 299008 327680 327680 339968
30 1 589824 655360
31 1 0 20480
184 2 405504 458752 458752 471040
128 2 327680 393216 393216 458752
47 2 163840 196608 196608 217088
80 3 462848 524288 524288 589824 589824 655360
81 5 0 65536 65536 131072 131072 196608 196608 262144 262144 327680
188 2 278528 327680 327680 344064
77 1 434176 438272
190 1 348160 352256
190 2 413696 458752 458752 475136
194 1 348160 352256
395 1 516096 520192
115 1 577536 581632
395 1 516096 520192
115 1 643072 647168
395 1 516096 520192
121 1 292864 293376
650 1 557056 561152
201 1 139264 142848
104 1 53248 57344
682 1 552960 557056
882 1 188416 192512
650 1 491520 495616
492 1 245760 249856
882 1 188416 192512
650 1 557056 565248
247 1 409600 413696
420 1 581632 585728
833 1 200704 201216
891 1 151552 163840
363 2 552960 589824 589824 655360
364 1 0 28672
367 2 425984 458752 458752 491520
370 3 32768 65536 65536 131072 131072 156160
370 1 156160 163840
372 3 495616 524288 524288 589824 589824 626688
373 2 430080 458752 458752 495616
390 1 638976 655360
391 1 0 49152
6 1 274432 278528
391 2 311296 327680 327680 376832
419 4 159744 196608 196608 262144 262144 327680 327680 348672
419 2 348672 393216 393216 421888
421 2 552960 589824 589824 618496
127 1 507904 512000
423 2 32768 65536 65536 98304
290 2 237568 262144 262144 270336
158 1 16384 36864
845 1 172032 196608
373 1 179712 180224
183 1 225280 245760
311 1 192512 193024
136 1 86016 106496
311 1 200704 201216
38 1 315392 323584
311 1 209408 209920
373 1 179712 180224
467 2 216576 262144 262144 278016
502 1 118784 122880
413 1 319488 323584
246 1 286720 290816
502 1 217088 221184
43 2 155648 196608 196608 237568
649 1 53248 57344
107 1 106496 110592
423 1 335872 344064
650 1 479232 483328
423 1 344064 348160
649 1 53248 57344
938 1 20480 24576
179 1 163840 172032
678 1 483328 503808
187 1 180224 184320
758 1 303104 307200
326 1 65536 69632
167 1 106496 110592
401 1 602112 606208
401 1 548864 552960
228 1 192512 196608
225 1 557056 561152
815 1 24576 28672
185 1 372736 376832
185 1 565248 569344
148 1 290816 294912
192 1 520192 524288
185 1 561152 565248
228 2 520192 524288 524288 589824
979 1 4096 8192
978 1 651264 655360
435 1 438272 446464
435 1 446464 450560
853 1 405504 409600
845 2 360448 393216 393216 454656
589 1 61440 65536
192 1 491520 503808
693 1 266240 270336
700 1 86016 110592
845 1 454656 458752
859 1 299008 301056
233 1 217088 229376
192 1 434176 438272
282 1 368640 372736
282 1 245760 249856
560 2 319488 327680 327680 356352
560 1 356352 360448
872 1 454656 457216
344 1 602112 655360
595 1 163840 167936
439 1 217088 221184
338 1 593920 598016
311 1 217600 218112
500 1 86016 90112
340 1 487424 491520
501 1 200704 204800
500 1 405504 409600
344 2 385024 393216 393216 397312
497 1 61440 65536
373 1 495616 516096
500 1 147456 151552
501 1 462848 466944
502 1 131072 135168
340 1 569344 573440
502 1 4096 8192
650 1 532480 536576
497 1 577536 581632
497 1 110592 114688
500 1 598016 602112
480 1 188416 192512
743 1 499712 507904
82 1 643072 651264
83 1 0 4096
19 1 311296 319488
21 1 20480 28672
578 2 61440 65536 65536 69632
20 1 393216 401408
120 1 237568 249856
578 1 69632 73728
198 1 40960 45056
366 1 290816 294912
19 1 438272 442368
198 1 49152 65536
941 1 299008 307200
943 1 552960 561152
799 1 143360 155648
941 1 299008 307200
885 1 534016 534528
979 1 4096 8192
979 1 0 4096
265 1 147456 151552
979 1 4096 8192
979 1 0 4096
93 1 438272 442368
265 1 57344 65536
51 1 413696 417792
51 1 393216 409600
51 1 417792 421888
995 1 73728 90112
995 1 94208 98304
624 1 36864 49152
707 1 94208 98304
650 1 466944 471040
678 1 483328 503808
678 1 503808 507904
678 1 540672 548864
650 1 544768 565248
843 3 471040 524288 524288 589824 589824 655360
844 6 0 65536 65536 131072 131072 196608 196608 262144 262144 327680 327680 339968
374 2 237568 262144 262144 327680
377 2 131072 196608 196608 208896
844 5 339968 393216 393216 458752 458752 524288 524288 589824 589824 655360
845 4 0 65536 65536 131072 131072 196608 196608 208896
426 1 442368 458752
205 1 380928 393216
117 1 321024 321536
394 1 450560 454656
161 1 241664 245760
90 1 286720 290816
613 1 204800 208896
644 1 442368 446464
205 1 73728 81920
8 2 118784 131072 131072 139264
613 1 217088 221184
8 1 139264 143360
909 1 77824 102400
613 1 221184 253952
801 1 204800 225280
304 1 471040 475136
119 1 188416 192512
254 1 114688 118784
39 1 73728 77824
869 1 487424 491520
252 1 20480 24576
322 1 389120 393216
18 1 360448 364544
640 1 286720 290816
847 1 606208 610304
944 1 266240 270336
482 1 110592 122880
555 1 458752 466944
727 1 143360 147456
642 1 569344 573440
489 1 300544 301056
282 1 274944 282624
277 3 492032 524288 524288 589824 589824 655360
278 4 0 65536 65536 131072 131072 196608 196608 255488
281 1 643584 655360
282 4 0 65536 65536 131072 131072 196608 196608 246272
281 5 385024 393216 393216 458752 458752 524288 524288 589824 589824 643584
642 1 503808 512000
973 1 536576 540672
282 1 246272 262144
642 1 573440 577536
642 1 507904 516096
282 6 294912 327680 327680 393216 393216 458752 458752 524288 524288 589824 589824 655360
283 3 0 65536 65536 131072 131072 147968
973 1 536576 540672
642 1 577536 581632
840 1 614400 618496
456 1 49152 65536
650 1 532480 536576
881 1 651264 655360
10 1 434176 450560
702 1 327680 331776
640 5 344576 393216 393216 458752 458752 524288 524288 589824 589824 655360
641 4 0 65536 65536 131072 131072 196608 196608 213504
588 1 106496 110592
866 1 528384 532480
866 1 532480 536576
963 1 606720 655360
964 8 0 65536 65536 131072 131072 196608 196608 262144 262144 327680 327680 393216 393216 458752 458752 475648
580 1 622592 638976
570 1 102400 106496
437 2 520192 524288 524288 528384
641 7 213504 262144 262144 327680 327680 393216 393216 458752 458752 524288 524288 589824 589824 655360
642 2 0 65536 65536 82432
665 5 57856 65536 65536 131072 131072 196608 196608 262144 262144 324096
158 1 36864 49152
846 1 196608 204800
535 1 159744 163840
543 1 544768 548864
370 2 520192 524288 524288 532480
650 1 462848 466944
901 1 278528 282624
933 1 4096 12288
979 1 4096 8192
978 1 647168 651264
0 1 421888 442368
642 1 532480 540672
295 1 262144 303104
295 1 303104 307200
650 1 466944 471040
678 1 483328 499712
650 1 466944 471040
536 1 131072 139264
799 1 520192 524288
241 1 172032 174080
751 1 372736 393216
663 2 389120 393216 393216 397312
624 1 335872 339968
566 1 28672 65536
281 1 98304 102400
364 1 532480 540672
0 1 421888 442368
548 1 454656 457216
224 1 4096 61440
224 1 61440 65536
161 1 331776 339968
924 1 155648 157696
984 1 458752 462848
946 1 598016 602112
60 1 282624 303104
232 1 90112 102400
99 1 36864 40960
77 1 188416 196608
629 1 421888 425984
77 1 196608 200704
186 1 20480 53248
996 1 339968 344064
914 1 180224 184320
253 1 503808 507904
352 1 233472 237568
355 1 466944 471040
354 1 311296 315392
968 1 126976 131072
54 1 192512 196608
54 1 229376 233472
354 1 299008 307200
721 1 507904 512000
68 1 339968 344064
21 1 274432 278528
68 1 323584 327680
730 1 430080 434176
968 1 180224 184320
54 1 208896 212992
22 1 233472 237568
978 1 147456 151552
859 1 454656 458752
604 1 331776 335872
429 1 589824 598016
678 1 552960 569344
182 1 458752 487936
183 1 589824 655360
538 1 241664 262144
303 1 471040 475136
44 1 458752 479744
429 1 598016 602112
184 1 458752 524288
650 1 532480 540672
53 2 45056 65536 65536 114688
185 1 262144 327680
53 1 114688 118784
204 1 196608 262144
917 1 233472 237568
897 1 352256 360448
678 1 569344 589824
822 1 204800 207872
808 1 176128 184320
199 2 519680 524288 524288 528384
20 1 8192 16384
244 1 487424 491520
308 1 20480 49152
308 1 49152 53248
949 1 479232 483328
533 1 212992 217088
135 1 86016 90112
443 1 344064 348160
147 1 0 4096
374 2 192512 196608 196608 217088
98 2 573440 589824 589824 593920
939 1 446464 450560
192 1 552960 561152
772 1 409600 413696
381 1 524288 528384
924 1 471040 475136
764 1 258048 262144
765 1 147456 163840
814 1 188416 192512
192 1 614400 618496
673 1 163840 176128
571 1 262144 266240
814 1 204800 208896
814 1 196608 200704
192 1 540672 544768
603 1 405504 409600
139 1 548864 565248
777 1 180224 184320
702 1 0 4096
67 1 413696 438272
855 1 98304 102400
110 2 323584 327680 327680 344064
26 1 221184 233472
558 1 253952 258048
707 1 49152 53248
604 1 270336 274432
702 1 262144 266240
599 6 274944 327680 327680 393216 393216 458752 458752 524288 524288 589824 589824 655360
600 3 0 65536 65536 131072 131072 143872
764 1 303104 307200
97 1 573440 577536
862 1 397312 401408
166 1 167936 176128
665 5 324096 327680 327680 393216 393216 458752 458752 524288 524288 582144
179 1 557056 561152
166 1 573440 577536
317 1 516096 524288
59 1 380928 385024
393 1 618496 626688
881 1 450560 454656
678 1 540672 552960
738 1 237568 245760
662 1 528384 532480
41 1 233472 237568
738 1 245760 249856
662 1 471040 475136
695 1 434176 438272
908 1 614400 617984
719 1 581632 585728
664 1 557056 561152
720 1 167936 172032
213 1 315392 317440
47 1 409600 425984
787 1 618496 655360
788 8 0 65536 65536 131072 131072 196608 196608 262144 262144 327680 327680 393216 393216 458752 458752 487424
787 9 102400 131072 131072 196608 196608 262144 262144 327680 327680 393216 393216 458752 458752 524288 524288 589824 589824 618496
13 1 270336 274432
789 5 356352 393216 393216 458752 458752 524288 524288 589824 589824 655360
790 4 0 65536 65536 131072 131072 196608 196608 225280
788 3 487424 524288 524288 589824 589824 655360
789 6 0 65536 65536 131072 131072 196608 196608 262144 262144 327680 327680 356352
791 9 94208 131072 131072 196608 196608 262144 262144 327680 327680 393216 393216 458752 458752 524288 524288 589824 589824 618496
790 7 225280 262144 262144 327680 327680 393216 393216 458752 458752 524288 524288 589824 589824 655360
791 2 0 65536 65536 94208
333 2 516096 524288 524288 565248
333 1 569344 589824
333 1 622592 655360
334 8 0 65536 65536 131072 131072 196608 196608 262144 262144 327680 327680 393216 393216 458752 458752 491520
336 1 208896 262144
650 1 466944 471040
334 3 491520 524288 524288 589824 589824 655360
335 6 0 65536 65536 131072 131072 196608 196608 262144 262144 327680 327680 360448
415 1 638976 643072
335 5 360448 393216 393216 458752 458752 524288 524288 589824 589824 655360
336 4 0 65536 65536 131072 131072 196608 196608 208896
336 6 294912 327680 327680 393216 393216 458752 458752 524288 524288 589824 589824 655360
337 3 0 65536 65536 131072 131072 163840
338 9 32768 65536 65536 131072 131072 196608 196608 262144 262144 327680 327680 393216 393216 458752 458752 524288 524288 557056
342 1 98304 106496
407 1 409600 413696
19 1 356352 360448
24 1 278528 282624
22 1 618496 622592
170 2 102400 131072 131072 155648
884 1 430080 434176
213 1 262144 266240
392 1 630784 634880
912 1 512000 516096
170 1 155648 159744
393 1 8192 12288
166 1 487424 491520
220 1 593920 598016
572 1 286720 290816
803 1 393216 401408
696 1 20480 24576
765 1 540672 544768
331 1 212480 216576
115 1 577536 585728
395 1 516096 520192
224 1 241664 243712
115 1 647168 651264
784 1 638976 643072
908 1 516096 520192
103 1 98304 106496
882 1 188416 192512
678 1 425984 427520
188 1 491520 495616
650 1 495616 499712
882 1 188416 192512
650 1 561152 565248
43 1 430592 431104
43 1 438784 439296
168 2 524288 589824 589824 655360
546 2 581632 589824 589824 630784
624 1 401408 409600
546 1 630784 634880
568 3 458752 524288 524288 589824 589824 618496
722 1 634880 638976
164 1 40960 45056
595 1 77824 81920
873 2 552960 589824 589824 593920
928 1 339968 344064
219 1 524288 536576
192 1 421888 425984
305 1 163840 184320
192 1 487424 491520
305 1 184320 196608
413 1 57344 61440
393 1 40960 45056
563 1 647168 655360
564 1 0 12288
413 1 98304 106496
949 1 335872 344064
949 1 344064 348160
650 1 471040 475136
678 1 483328 503808
188 2 315392 327680 327680 331776
642 1 471040 475136
22 1 180224 184320
201 1 303104 307200
22 1 561152 565248
22 1 483328 487424
154 1 221184 225280
840 1 393216 413696
707 1 40960 45056
424 1 622592 655360
425 1 0 32768
650 1 565248 569344
426 3 491520 524288 524288 589824 589824 622592
802 1 258048 262144
54 2 180224 196608 196608 200704
431 2 36864 65536 65536 102400
802 1 524288 540672
20 1 4096 8192
432 2 364544 393216 393216 422400
432 1 422400 430080
436 2 303104 327680 327680 368640
10 1 155648 188416
437 2 172032 196608 196608 237568
370 1 532480 536576
613 1 253952 258048
909 1 77824 81920
205 1 77824 81920
613 2 258048 262144 262144 266240
613 1 266240 270336
205 1 77824 86016
825 5 245760 262144 262144 327680 327680 393216 393216 458752 458752 524288
8 1 143360 163840
598 1 458752 462848
641 1 352256 356352
869 1 512000 516096
845 7 208896 262144 262144 327680 327680 393216 393216 458752 458752 524288 524288 589824 589824 655360
846 2 0 65536 65536 77824
650 1 569344 573440
869 1 512000 516096
642 1 466944 471040
468 1 94208 102400
650 1 503808 507904
649 1 53248 57344
650 1 466944 471040
828 1 131072 151552
649 1 53248 57344
650 1 532480 536576
437 1 528384 532480
979 2 176128 196608 196608 258048
974 1 515072 515584
643 1 65536 114688
964 3 475648 524288 524288 589824 589824 655360
965 6 0 65536 65536 131072 131072 196608 196608 262144 262144 327680 327680 344576
642 2 82432 131072 131072 180224
137 1 106496 118784
501 1 69632 73728
501 1 397312 401408
498 1 114688 118784
501 1 266240 270336
501 1 593920 598016
496 1 253952 258048
373 1 180224 180736
38 1 385024 389120
879 1 294912 303104
678 1 483328 499712
43 1 237568 241664
879 1 368640 376832
678 1 499712 507904
373 1 180736 181248
678 1 540672 552960
475 1 45056 49152
865 1 425984 430080
642 1 552960 569344
18 1 532480 544768
512 1 548864 552960
24 1 245760 249856
456 1 16384 20480
213 1 262144 266240
19 1 0 4096
774 1 303104 319488
24 1 229376 233472
642 1 499712 503808
809 1 552960 557056
60 1 303104 323584
179 2 573440 589824 589824 593920
26 1 221184 225280
779 1 163840 180224
60 2 323584 327680 327680 335872
353 1 491520 493056
473 1 389120 393216
487 1 606208 614400
542 2 344064 393216 393216 434176
542 1 434176 438272
229 1 540672 548864
230 1 294912 319488
192 1 417792 421888
192 1 409600 413696
384 1 360448 364544
796 1 303104 307200
79 1 253952 258048
650 1 462848 466944
595 1 65536 67072
626 1 98304 100352
89 1 602112 606208
891 1 528384 540672
454 1 331776 339968
454 1 339968 344064
607 1 81920 86016
193 1 462848 464896
986 1 471040 475136
77 1 458752 462848
347 1 233472 237568
143 1 618496 622592
679 1 57344 65536
662 1 421888 425984
389 1 446464 450560
662 1 405504 413696
59 1 286720 290816
95 1 589824 655360
578 2 389120 393216 393216 397312
8 1 163840 167936
680 1 131072 143360
613 1 270336 278528
673 1 376832 389120
578 1 397312 401408
90 2 327680 393216 393216 458752
650 1 471040 475136
117 1 323584 327680
722 1 290816 294912
722 1 274432 278528
722 1 282624 290816
722 1 409600 413696
110 1 573440 589824
0 1 442368 454656
722 1 561152 573440
452 1 327680 331776
678 1 503808 507904
678 1 540672 548864
584 1 200704 208896
584 1 208896 212992
252 1 405504 413696
744 1 618496 622592
6 1 274432 278528
339 1 299008 303104
339 1 610304 614400
340 1 32768 40960
141 1 36864 40960
200 1 544768 548864
228 1 589824 593920
595 1 131072 135168
707 1 28672 32768
604 1 270336 274432
802 1 430080 450560
707 1 94208 102400
566 1 495616 503808
566 1 503808 507904
642 7 180224 196608 196608 262144 262144 327680 327680 393216 393216 458752 458752 524288 524288 557568
701 2 20480 65536 65536 86016
979 1 323584 327680
177 2 561152 589824 589824 626688
665 2 582144 589824 589824 655360
666 7 0 65536 65536 131072 131072 196608 196608 262144 262144 327680 327680 393216 393216 451072
59 1 372736 376832
939 1 503808 507904
600 4 143872 196608 196608 262144 262144 327680 327680 356352
600 5 360448 393216 393216 458752 458752 524288 524288 589824 589824 655360
601 1 0 16896
866 1 528384 532480
416 1 143360 151552
416 1 151552 155648
444 1 618496 622592
444 1 626688 630784
444 1 630784 634880
846 8 77824 131072 131072 196608 196608 262144 262144 327680 327680 393216 393216 458752 458752 524288 524288 536576
547 1 381952 382464
0 1 421888 442368
869 1 512000 516096
642 1 532480 540672
650 1 569344 577536
421 1 589824 610304
220 2 323584 327680 327680 335872
613 1 212992 217088
468 1 102400 106496
315 1 335872 344064
785 1 0 8192
24 1 253952 258048
818 1 176128 180224
642 1 466944 475136
103 1 36864 40960
768 1 540672 544256
103 1 102400 110592
24 1 253952 258048
337 8 163840 196608 196608 262144 262144 327680 327680 393216 393216 458752 458752 524288 524288 589824 589824 655360
338 1 0 32768
678 1 483328 503808
339 4 425984 458752 458752 524288 524288 589824 589824 655360
340 5 0 65536 65536 131072 131072 196608 196608 262144 262144 294912
340 6 294912 327680 327680 393216 393216 458752 458752 524288 524288 589824 589824 655360
341 2 0 65536 65536 126976
342 1 561152 589824
338 2 557056 589824 589824 655360
339 7 0 65536 65536 131072 131072 196608 196608 262144 262144 327680 327680 393216 393216 425984
342 2 520192 524288 524288 557056
341 1 651264 655360
342 8 0 65536 65536 131072 131072 196608 196608 262144 262144 327680 327680 393216 393216 458752 458752 520192
341 9 126976 131072 131072 196608 196608 262144 262144 327680 327680 393216 393216 458752 458752 524288 524288 589824 589824 651264
393 1 606208 614400
343 9 36864 65536 65536 131072 131072 196608 196608 262144 262144 327680 327680 393216 393216 458752 458752 524288 524288 561152
345 6 299008 327680 327680 393216 393216 458752 458752 524288 524288 589824 589824 655360
346 2 0 65536 65536 131072
343 2 561152 589824 589824 655360
344 7 0 65536 65536 131072 131072 196608 196608 262144 262144 327680 327680 393216 393216 430080
348 6 262144 327680 327680 393216 393216 458752 458752 524288 524288 589824 589824 655360
349 2 0 65536 65536 131072
344 4 430080 458752 458752 524288 524288 589824 589824 655360
345 5 0 65536 65536 131072 131072 196608 196608 262144 262144 299008
349 7 131072 196608 196608 262144 262144 327680 327680 393216 393216 458752 458752 524288 524288 589824
347 8 0 65536 65536 131072 131072 196608 196608 262144 262144 327680 327680 393216 393216 458752 458752 524288
393 1 614400 618496
383 1 339968 352256
949 1 188416 192512
573 1 86016 98304
573 1 98304 102400
383 1 352256 356352
422 1 593920 598016
115 2 581632 589824 589824 598016
422 1 593920 598016
116 1 4096 8192
650 1 466944 471040
802 1 389120 393216
422 1 593920 598016
283 8 147968 196608 196608 262144 262144 327680 327680 393216 393216 458752 458752 524288 524288 589824 589824 655360
284 1 0 16896
350 1 361472 361984
727 1 143360 147456
642 1 512000 516096
642 1 577536 585728
284 9 16896 65536 65536 131072 131072 196608 196608 262144 262144 327680 327680 393216 393216 458752 458752 524288 524288 541184
973 1 544768 548864
642 1 516096 524288
642 1 585728 589824
492 1 409600 413696
284 2 541184 589824 589824 655360
285 7 0 65536 65536 131072 131072 196608 196608 262144 262144 327680 327680 393216 393216 410112
973 1 544768 548864
655 1 294912 303104
690 1 372736 376832
642 1 520192 524288
318 1 495616 516096
979 1 0 4096
572 1 622592 624128
98 1 622592 626688
26 1 221184 225280
978 1 651264 655360
26 1 147456 151552
50 1 491520 495616
192 1 65536 69632
50 1 487424 491520
678 1 634880 638976
679 1 16384 24576
724 1 557056 561152
50 1 491520 495616
192 1 65536 69632
50 1 487424 491520
155 1 102400 114688
19 1 589824 593920
332 2 536576 589824 589824 606208
332 1 606208 610304
22 2 221184 262144 262144 290816
591 1 405504 409600
591 1 401408 405504
885 1 249856 253952
650 1 466944 471040
556 1 94208 96768
678 1 483328 503808
772 1 212992 221184
772 1 221184 225280
678 1 540672 548864
678 1 503808 507904
680 1 565248 585728
851 2 53248 65536 65536 86016
535 1 397312 401408
747 1 466944 499712
121 1 286720 294912
975 1 184320 188416
535 1 409600 413696
611 1 28672 40960
418 1 590848 591360
59 1 20480 24576
198 1 229376 233472
707 1 4096 12288
650 1 466944 483328
650 1 458752 462848
431 1 225280 233472
336 1 630784 643072
762 2 421888 458752 458752 487424
185 2 438272 458752 458752 503808
209 1 532480 540672
21 1 163840 172032
268 2 438272 458752 458752 479232
186 3 110592 131072 131072 196608 196608 241664
20 2 114688 131072 131072 135168
187 5 20480 65536 65536 131072 131072 196608 196608 262144 262144 282624
44 2 294912 327680 327680 360448
169 3 368640 393216 393216 458752 458752 499712
762 6 94208 131072 131072 196608 196608 262144 262144 327680 327680 393216 393216 421888
809 1 548864 552960
537 2 397312 458752 458752 462848
34 2 98304 131072 131072 163840
650 1 495616 503808
205 1 393216 397312
869 1 512000 516096
846 1 602112 655360
847 8 0 65536 65536 131072 131072 196608 196608 262144 262144 327680 327680 393216 393216 458752 458752 471040
467 2 450560 458752 458752 479232
365 1 249856 253440
382 1 532480 537088
650 1 507904 512000
0 1 442368 454656
610 1 487424 491520
676 2 319488 327680 327680 331776
676 1 339968 344064
849 1 131072 147456
67 1 372736 376832
642 1 466944 471040
613 1 278528 282624
205 1 81920 86016
673 1 389120 393216
68 1 589824 655360
69 7 0 65536 65536 131072 131072 196608 196608 262144 262144 327680 327680 393216 393216 458752
205 1 81920 86016
302 1 548864 552960
827 1 524288 573440
439 2 172032 196608 196608 237568
802 1 389120 393216
803 1 131072 139264
459 1 8192 12288
650 1 466944 475136
449 3 180224 196608 196608 262144 262144 311296
451 2 180224 196608 196608 245760
459 1 8192 12288
452 2 245760 262144 262144 303616
650 1 536576 540672
454 1 438784 446464
459 1 8192 12288
457 2 380928 393216 393216 446464
650 1 471040 475136
483 2 180224 196608 196608 245760
518 1 110592 114688
588 1 483328 486912
474 1 344064 346112
801 1 135168 155648
679 1 536576 552960
873 1 593920 598016
68 1 635392 655360
69 8 0 65536 65536 131072 131072 196608 196608 262144 262144 327680 327680 393216 393216 458752 458752 504320
440 1 172032 180224
70 5 373248 393216 393216 458752 458752 524288 524288 589824 589824 655360
71 4 0 65536 65536 131072 131072 196608 196608 242176
72 9 111104 131072 131072 196608 196608 262144 262144 327680 327680 393216 393216 458752 458752 524288 524288 589824 589824 635392
69 3 504320 524288 524288 589824 589824 655360
70 6 0 65536 65536 131072 131072 196608 196608 262144 262144 327680 327680 373248
71 7 242176 262144 262144 327680 327680 393216 393216 458752 458752 524288 524288 589824 589824 655360
72 2 0 65536 65536 111104
74 2 373248 393216 393216 458752
73 3 504320 524288 524288 589824 589824 655360
74 6 0 65536 65536 131072 131072 196608 196608 262144 262144 327680 327680 373248
75 3 500224 524288 524288 589824 589824 655360
76 6 0 65536 65536 131072 131072 196608 196608 262144 262144 327680 327680 369152
383 1 356352 368640
383 1 368640 372736
642 1 466944 471040
383 1 434176 442368
383 1 372736 376832
103 1 40960 45056
103 1 106496 110592
109 1 520192 524288
716 1 598016 602112
678 1 614400 630784
650 1 466944 471040
716 1 593920 598016
870 1 454656 458752
642 2 557568 589824 589824 655360
643 1 0 65536
886 1 212992 217088
643 7 114688 131072 131072 196608 196608 262144 262144 327680 327680 393216 393216 458752 458752 475648
570 1 102400 106496
252 1 413696 425984
742 1 16384 61440
736 1 385024 389120
835 1 626688 647168
367 1 491520 493568
77 1 548864 552960
979 1 593920 598016
835 1 458752 475136
252 1 438272 450560
367 1 487424 491520
252 1 487424 495616
810 1 581632 585728
173 1 212992 217088
252 1 503808 507904
970 1 102400 106496
650 1 532480 536576
873 1 262144 266240
874 1 192512 196608
96 1 348160 352256
680 1 585728 589824
935 1 606208 618496
356 1 245760 249856
681 1 458752 466944
356 1 278528 282624
41 1 524288 528384
357 1 32768 36864
41 1 544768 548864
358 1 12288 20480
41 1 557056 569344
212 2 323584 327680 327680 331776
211 1 458752 524288
212 1 196608 262144
274 1 262144 327680
274 1 589824 655360
276 1 393216 458752
295 1 131072 196608
360 1 327680 393216
361 1 131072 196608
361 1 458752 524288
362 1 524288 589824
363 1 327680 393216
917 1 233472 245760
364 1 196608 262144
212 1 262144 266240
365 1 0 65536
347 2 524288 589824 589824 655360
348 4 0 65536 65536 131072 131072 196608 196608 262144
349 1 589824 655360
350 7 0 65536 65536 131072 131072 196608 196608 262144 262144 327680 327680 393216 393216 458752
346 8 131072 196608 196608 262144 262144 327680 327680 393216 393216 458752 458752 524288 524288 589824 589824 655360
333 1 589824 622592
351 5 327680 393216 393216 458752 458752 524288 524288 589824 589824 655360
352 3 0 65536 65536 131072 131072 196608
336 1 262144 286720
350 3 458752 524288 524288 589824 589824 655360
351 5 0 65536 65536 131072 131072 196608 196608 262144 262144 327680
353 8 65536 131072 131072 196608 196608 262144 262144 327680 327680 393216 393216 458752 458752 524288 524288 589824
480 4 0 65536 65536 131072 131072 196608 196608 258048
352 7 196608 262144 262144 327680 327680 393216 393216 458752 458752 524288 524288 589824 589824 655360
353 1 0 65536
938 1 98304 131072
342 1 589824 655360
343 1 0 12288
802 1 589824 602112
115 1 593920 598016
422 1 593920 598016
87 1 81920 98304
116 1 4096 8192
52 1 90112 94208
183 1 462848 479232
536 1 139264 143360
800 1 65536 81920
678 1 499712 507904
678 1 540672 552960
857 1 545280 545792
853 1 475136 483328
857 1 545792 546304
799 1 651264 655360
857 1 167936 176128
800 1 196608 204800
0 1 442368 454656
853 1 475136 483328
642 1 471040 475136
857 1 167936 176128
853 1 475136 483328
342 1 387072 387584
141 1 356352 364544
651 1 483328 487424
642 1 540672 552960
269 1 450560 452608
213 1 262144 266240
31 2 139264 196608 196608 204800
537 1 593920 655360
538 1 0 4096
491 2 266240 327680 327680 331776
169 1 651264 655360
170 4 0 65536 65536 131072 131072 196608 196608 258048
37 1 12288 32768
184 1 618496 655360
185 1 0 32768
177 3 495616 524288 524288 589824 589824 626688
24 1 303104 307200
29 1 331776 335872
184 4 421888 458752 458752 524288 524288 589824 589824 614400
185 2 307200 327680 327680 372736
186 2 503808 524288 524288 544768
185 2 110592 131072 131072 151552
246 3 28672 65536 65536 131072 131072 159744
267 2 569344 589824 589824 610304
265 2 303104 327680 327680 344064
185 3 503808 524288 524288 589824 589824 655360
186 2 0 65536 65536 110592
700 1 65536 69632
700 1 77824 81920
802 1 434176 450560
602 1 196608 197632
15 1 495616 503808
31 1 237568 249856
751 1 122880 126976
309 1 647168 651264
802 1 450560 458752
415 1 208896 212992
803 1 327680 339968
343 1 544768 548864
596 1 274432 278528
29 1 405504 409600
143 1 233472 237568
248 1 401408 409600
204 1 405504 425984
688 1 368640 376832
650 1 479232 487424
681 2 253952 262144 262144 286720
681 1 286720 290816
93 1 90112 94208
681 1 290816 319488
681 1 319488 323584
595 1 315392 323584
595 1 323584 327680
744 2 24576 65536 65536 90112
783 1 303104 307712
709 1 327680 331776
90 1 352256 360448
752 2 114688 131072 131072 159744
847 1 311296 315392
591 1 405504 413696
72 1 635392 655360
73 8 0 65536 65536 131072 131072 196608 196608 262144 262144 327680 327680 393216 393216 458752 458752 504320
440 1 180224 184320
76 5 369152 393216 393216 458752 458752 524288 524288 589824 589824 655360
77 4 0 65536 65536 131072 131072 196608 196608 238080
78 9 107008 131072 131072 196608 196608 262144 262144 327680 327680 393216 393216 458752 458752 524288 524288 589824 589824 631296
75 3 102912 131072 131072 196608 196608 262144
81 1 238080 262144
78 1 631296 655360
79 8 0 65536 65536 131072 131072 196608 196608 262144 262144 327680 327680 393216 393216 458752 458752 500224
77 7 238080 262144 262144 327680 327680 393216 393216 458752 458752 524288 524288 589824 589824 655360
78 2 0 65536 65536 107008
75 4 262144 327680 327680 393216 393216 458752 458752 500224
800 1 249856 262144
199 2 520192 524288 524288 544768
19 1 602112 606208
650 1 466944 471040
559 1 401408 409600
678 1 483328 503808
559 1 409600 413696
98 1 593920 606208
374 1 217088 221184
229 1 167936 172032
678 1 503808 507904
678 1 540672 548864
979 1 4096 8192
650 1 532480 536576
978 1 647168 651264
5 1 249856 258048
5 1 258048 262144
742 7 45568 65536 65536 131072 131072 196608 196608 262144 262144 327680 327680 393216 393216 446464
255 1 364544 368640
848 2 237568 262144 262144 323584
642 1 540672 548864
467 1 450560 454656
847 3 471040 524288 524288 589824 589824 655360
848 4 0 65536 65536 131072 131072 196608 196608 237568
869 1 512000 516096
676 1 274432 278528
375 1 579072 579584
0 1 421888 442368
650 1 573440 577536
642 1 479232 483328
628 1 81920 86016
849 2 163840 196608 196608 229376
498 1 458752 466944
848 1 602112 655360
849 2 0 65536 65536 131072
498 1 471040 475136
848 6 323584 327680 327680 393216 393216 458752 458752 524288 524288 589824 589824 598016
869 1 512000 516096
233 1 589824 610304
192 1 425984 430080
233 1 610304 622592
643 1 372736 376832
815 1 643072 647168
698 1 552960 557056
10 1 36864 40960
735 1 12288 14848
797 1 94208 98304
10 1 32768 36864
753 1 520192 524288
431 1 233472 237568
0 1 610304 614400
99 1 331776 335872
126 2 516096 524288 524288 581632
6 1 647168 651264
111 1 540672 544768
130 1 270336 278528
780 1 53248 57344
171 1 561152 565248
520 1 471040 475136
0 1 618496 622592
659 1 585728 589824
650 1 65536 69632
524 1 225280 229376
209 1 606208 655360
210 1 0 57344
36 1 32768 45056
30 2 512000 524288 524288 536576
35 1 651264 655360
36 1 0 20480
642 1 565248 569344
538 2 397312 458752 458752 462848
30 2 557056 589824 589824 598016
336 1 372736 376832
23 1 634880 638976
34 1 626688 655360
35 1 0 36864
29 2 299008 327680 327680 364544
38 1 32768 45056
246 1 110592 114688
213 1 262144 266240
246 1 102400 106496
37 1 622592 655360
38 1 0 20480
33 2 69632 131072 131072 135168
0 1 421888 442368
383 1 442368 446464
383 1 446464 458752
383 1 458752 462848
785 1 65536 77824
955 1 86016 90112
955 1 122880 126976
955 1 385024 393216
709 1 327680 331776
916 1 565248 569344
174 1 327680 331776
930 1 147456 151552
930 1 200704 204800
932 1 524288 528384
934 1 516096 520192
947 1 4096 8192
947 1 12288 16384
953 1 278528 282624
954 1 73728 77824
674 1 593920 614400
954 1 270336 274432
642 1 475136 483328
109 1 573440 577536
103 1 40960 45056
479 2 61440 65536 65536 69632
479 1 69632 73728
509 1 458752 466944
77 1 286720 290816
586 1 233472 237568
765 1 647168 651264
131 1 155648 159744
802 1 376832 380928
66 1 593920 598016
128 1 237568 241664
701 1 196608 200704
866 1 532480 536576
666 4 451072 458752 458752 524288 524288 589824 589824 655360
667 5 0 65536 65536 131072 131072 196608 196608 262144 262144 320000
965 5 344576 393216 393216 458752 458752 524288 524288 589824 589824 655360
966 4 0 65536 65536 131072 131072 196608 196608 213504
702 1 327680 339968
601 9 16896 65536 65536 131072 131072 196608 196608 262144 262144 327680 327680 393216 393216 458752 458752 524288 524288 541184
974 1 515584 516096
398 1 98304 102912
279 1 647168 655360
280 1 0 8192
926 7 254464 262144 262144 327680 327680 393216 393216 458752 458752 524288 524288 589824 589824 655360
927 2 0 65536 65536 123392
927 9 123392 131072 131072 196608 196608 262144 262144 327680 327680 393216 393216 458752 458752 524288 524288 589824 589824 647680
927 1 647680 655360
928 8 0 65536 65536 131072 131072 196608 196608 262144 262144 327680 327680 393216 393216 458752 458752 516608
929 5 385536 393216 393216 458752 458752 524288 524288 589824 589824 655360
930 4 0 65536 65536 131072 131072 196608 196608 254464
928 3 516608 524288 524288 589824 589824 655360
929 6 0 65536 65536 131072 131072 196608 196608 262144 262144 327680 327680 385536
22 1 188928 196608
931 1 647680 655360
932 5 0 65536 65536 131072 131072 196608 196608 262144 262144 315904
932 1 315904 327680
930 7 254464 262144 262144 327680 327680 393216 393216 458752 458752 524288 524288 589824 589824 655360
931 2 0 65536 65536 123392
931 9 123392 131072 131072 196608 196608 262144 262144 327680 327680 393216 393216 458752 458752 524288 524288 589824 589824 647680
932 5 377344 393216 393216 458752 458752 524288 524288 589824 589824 655360
933 2 0 65536 65536 131072
22 1 393216 458752
934 8 0 65536 65536 131072 131072 196608 196608 262144 262144 327680 327680 393216 393216 458752 458752 524288
933 8 131072 196608 196608 262144 262144 327680 327680 393216 393216 458752 458752 524288 524288 589824 589824 655360
938 2 524288 589824 589824 655360
939 2 0 65536 65536 131072
164 1 0 65536
934 2 524288 589824 589824 655360
935 6 0 65536 65536 131072 131072 196608 196608 262144 262144 327680 327680 393216
461 1 626688 629760
205 1 81920 86016
205 1 81920 86016
41 1 606208 610304
166 1 446464 450560
802 1 450560 458752
558 1 253952 258048
803 1 327680 331776
707 1 114688 118784
548 1 380928 389120
604 1 270336 274432
707 1 32768 36864
462 1 319488 327680
462 1 327680 331776
604 1 270336 274432
329 1 446464 454656
179 1 634880 647168
979 1 188416 192512
830 1 159744 162304
179 1 577536 581632
173 1 212992 217088
810 1 581632 585728
650 1 471040 475136
944 1 49152 65536
18 1 385024 389120
179 1 643072 651264
970 1 102400 106496
635 1 196608 212992
179 1 581632 585728
173 1 212992 217088
810 1 581632 585728
650 1 536576 540672
179 1 647168 651264
970 1 102400 106496
179 1 581632 585728
188 1 581632 585728
851 1 548864 553472
283 1 348160 368640
15 1 307200 327680
196 1 548864 569344
0 1 442368 454656
75 1 483328 487424
188 1 614400 618496
889 1 454656 458752
780 1 577536 581632
372 1 151552 159744
507 1 339968 344064
727 1 249856 253952
233 1 458752 462848
480 1 323584 327680
928 1 495616 499712
615 1 106496 110592
100 1 110592 118784
735 1 454656 458752
99 2 245760 262144 262144 278528
73 1 602112 606208
928 2 503808 524288 524288 532480
316 1 606208 610304
353 1 593920 655360
323 1 368640 372736
773 1 479232 480768
890 1 589824 592896
85 1 155648 159744
284 1 36864 41472
642 1 532480 536576
707 1 16384 20480
51 1 614400 618496
158 1 16384 36864
870 1 454656 458752
707 1 81920 86016
800 1 176128 180224
165 1 61440 65536
126 1 581632 585728
183 1 630784 651264
95 1 294400 298496
340 1 147456 151552
251 1 81920 86016
74 1 568832 572928
77 1 294912 299008
95 2 298496 327680 327680 347648
471 1 196608 229376
166 1 622592 634880
198 1 229376 237568
166 1 634880 638976
629 1 0 16384
740 1 0 8192
576 1 606208 638976
116 1 483328 524288
116 1 557056 581632
931 2 405504 458752 458752 471040
740 1 12288 16384
325 2 577536 589824 589824 643072
288 1 421888 425984
416 1 557056 573440
328 1 499712 503808
447 2 360448 393216 393216 454656
773 1 434176 438272
194 3 73728 131072 131072 196608 196608 262144
804 2 442368 458752 458752 483328
831 1 626688 655360
954 2 499712 524288 524288 540672
394 2 548864 589824 589824 614400
532 1 643072 647168
932 1 585728 589824
127 1 507904 516096
707 1 106496 110592
39 1 32768 49152
627 2 135168 196608 196608 200704
459 1 8192 12288
650 1 536576 540672
629 2 73728 131072 131072 139264
631 3 73728 131072 131072 196608 196608 204800
459 1 8192 12288
633 2 466944 524288 524288 532480
650 1 471040 475136
635 2 405504 458752 458752 463360
459 1 8192 12288
127 1 512000 516096
650 1 536576 544768
707 1 45056 49152
635 1 463360 471040
39 2 49152 65536 65536 69632
475 1 192512 196608
850 1 53248 57344
281 1 274432 278528
435 1 356352 372736
475 1 233472 237568
556 2 565248 589824 589824 610304
467 1 266240 270336
345 1 176128 180224
437 1 307200 311296
640 1 581632 589824
556 1 610304 614400
879 2 376832 393216 393216 397312
314 1 327680 348160
467 1 278016 282112
314 1 348160 352256
402 1 552448 556544
180 1 131072 135168
218 1 421888 425984
975 1 130048 130560
79 3 500224 524288 524288 589824 589824 655360
80 6 0 65536 65536 131072 131072 196608 196608 262144 262144 327680 327680 369152
80 5 369152 393216 393216 458752 458752 524288 524288 589824 589824 655360
81 4 0 65536 65536 131072 131072 196608 196608 238080
841 4 196608 262144 262144 327680 327680 393216 393216 458752
800 1 524288 528384
673 1 331776 352256
769 1 589824 608768
74 3 458752 524288 524288 589824 589824 655360
75 2 0 65536 65536 102912
975 1 130560 131072
261 1 499712 503808
509 1 466944 471040
650 1 466944 475136
188 1 331776 352256
840 1 413696 425984
