#StripeID,rangenumber,BlockOffsetStart,BlockOffsetEnd
73 2 868352 917504 917504 933888
179 5 32768 131072 131072 262144 262144 393216 393216 524288 524288 557056
76 1 1011712 1019904
71 2 851968 917504 917504 999424
910 1 364544 372736
692 1 147456 155648
981 1 372736 376832
72 1 831488 847872
669 1 487424 491520
534 1 643072 651264
864 1 733184 737280
672 1 569344 585728
862 1 208896 212992
192 1 475136 495616
882 1 794624 798720
745 1 245760 253952
548 1 999424 1003520
760 1 823296 827392
230 1 323584 327680
24 1 151552 196608
969 1 655360 749568
590 1 217088 221184
591 1 770048 778240
591 1 778240 782336
337 1 712704 716800
529 1 229376 233472
101 1 479232 484352
761 2 229376 262144 262144 294912
185 1 749568 757760
185 1 757760 761856
694 1 360448 363520
972 1 860160 861184
739 1 196608 200704
607 1 1003520 1036288
823 1 294912 360448
309 2 503808 524288 524288 602112
659 2 389120 393216 393216 454656
285 2 245760 262144 262144 376832
894 2 651264 655360 655360 782336
616 1 987136 1048576
617 1 0 36864
228 2 753664 786432 786432 835584
308 2 0 131072 131072 262144
691 1 430080 495616
228 3 503808 524288 524288 655360 655360 749568
13 1 679936 745472
4 1 819200 827392
716 1 151552 208896
775 1 819200 827392
4 2 753664 786432 786432 811008
235 1 155648 200704
284 3 765952 786432 786432 917504 917504 1028096
703 1 659456 724992
706 1 12288 20480
775 2 749568 786432 786432 806912
287 1 61440 65536
651 1 626688 630784
728 1 327680 331776
287 1 65536 77824
229 1 475136 479232
478 1 380928 385024
480 1 143360 151552
993 1 278528 303104
956 1 1011712 1015808
957 1 118784 122880
993 1 303104 307200
492 1 606208 614400
451 1 901120 905216
451 1 835584 839680
865 1 638976 643072
222 5 193024 262144 262144 393216 393216 524288 524288 655360 655360 717312
401 1 757760 765952
91 1 548864 557056
244 1 876544 897024
268 1 610304 634880
255 1 688128 692224
277 1 327680 339968
775 1 614400 618496
255 1 679936 684032
21 1 995328 1003520
165 1 196608 200704
92 1 458752 466944
15 1 548864 552960
63 1 507904 516096
872 1 782336 786432
8 1 557056 561152
73 1 274432 278528
948 1 139264 141312
10 1 73728 77824
454 1 856064 856576
449 1 409600 421888
866 1 909312 913408
464 1 532480 540672
541 1 823296 831488
541 1 831488 835584
967 1 860160 868352
632 1 299008 303104
778 1 126976 131072
702 1 557056 561152
745 2 339968 393216 393216 397312
401 1 757760 761856
313 1 1011712 1048576
314 1 0 24576
560 1 593920 630784
24 1 466944 471040
230 1 253952 262144
230 1 647168 651264
230 1 675840 679936
667 1 1007616 1011712
676 1 393216 397312
232 1 245760 249856
356 1 503808 507904
956 1 929792 933888
946 1 655360 659456
427 1 716800 720896
192 1 495616 499712
235 1 454656 462848
956 1 917504 921600
122 1 331776 335872
136 1 872448 876544
737 1 466944 471040
247 1 839168 843264
598 1 561152 565248
699 1 425472 441856
235 1 318976 327168
239 1 314880 323072
244 1 949760 974336
146 1 695808 744960
247 1 843264 859648
146 1 744960 749056
263 1 720896 724992
265 1 397312 397824
265 1 397824 398336
265 1 398336 402432
265 1 402432 406528
620 1 372736 376832
263 1 724992 729088
815 1 802816 819200
361 1 798720 802816
858 1 466944 499712
615 1 593920 598016
96 1 24576 28672
616 1 536576 540672
691 1 897024 901120
834 1 438272 442368
611 1 917504 921600
632 1 237568 241664
727 1 352256 356352
787 1 569344 573440
815 1 847872 851968
729 1 286720 290816
702 1 950272 954368
877 1 331776 335872
237 1 212992 217600
854 1 552960 557056
78 1 401408 405504
917 1 548864 551424
78 1 581632 585728
941 1 958464 962560
79 1 344064 348160
254 1 532480 536576
582 1 495616 503808
963 1 913408 917504
288 1 1011712 1015808
230 1 77824 81920
302 1 851968 856064
477 1 294912 315392
250 1 102400 106496
252 1 40960 45056
938 1 552960 614400
235 1 647168 651264
995 1 417792 421888
665 1 335872 339968
8 1 380928 385024
284 1 434176 438272
420 1 753664 765952
34 1 65536 131072
892 1 1032192 1048576
893 4 0 131072 131072 262144 262144 393216 393216 471552
238 1 1004032 1048576
239 4 0 131072 131072 262144 262144 393216 393216 479744
34 1 917504 1040384
378 1 942080 950272
680 1 421888 434176
34 1 1040384 1048576
202 1 319488 323584
510 1 921600 925696
201 1 671744 737280
996 1 458752 524288
406 1 823296 835584
910 1 966656 970752
406 1 765952 770048
406 1 831488 835584
910 1 966656 970752
406 1 765952 770048
783 1 831488 835584
783 1 897024 901120
297 1 81920 86016
441 1 425984 430080
83 1 114688 118784
441 3 430080 524288 524288 655360 655360 729088
553 1 495616 499712
137 1 1019904 1024000
627 1 131072 135168
461 2 798720 917504 917504 1048576
462 3 0 131072 131072 262144 262144 274432
796 1 73728 77824
523 1 462848 466944
462 5 274432 393216 393216 524288 524288 655360 655360 786432 786432 798720
523 1 471040 475136
636 1 274432 278528
761 1 118784 122880
444 1 401408 405504
818 1 815104 819200
406 1 786432 794624
502 1 454656 458752
516 1 843776 847872
992 1 880640 884736
287 1 77824 81920
382 1 106496 112128
571 1 212992 217088
509 1 856064 860160
950 1 102400 110592
287 1 81920 94208
350 1 32768 36864
25 1 360448 364544
32 1 163840 164352
909 2 888832 917504 917504 1048576
910 3 0 131072 131072 262144 262144 364544
67 2 823296 917504 917504 1048576
68 2 0 131072 131072 135168
90 1 8192 12288
396 1 499712 503808
27 1 344064 346624
158 1 49152 53248
170 1 602112 603648
88 1 512000 516096
157 1 524288 528384
452 1 32768 36864
197 1 12288 114688
912 1 1015808 1024000
207 1 24576 32768
471 1 561152 565248
941 1 950272 954368
761 2 491520 524288 524288 557056
405 1 613888 617984
761 1 819200 884736
474 2 638976 655360 655360 704512
752 1 458752 462848
752 1 581632 585728
372 1 749568 753664
179 1 712704 716800
216 1 651264 655360
196 1 8192 12288
196 1 516096 520192
111 1 540672 544768
157 1 626688 630784
304 1 634880 638976
111 1 667648 671744
188 1 860160 864256
173 1 434176 438272
291 1 569344 573440
669 1 921600 925696
293 1 163840 167936
110 2 782336 786432 786432 790528
115 1 811008 815104
105 1 114688 118784
259 1 983040 987136
615 1 16384 24576
615 1 24576 28672
420 1 376832 380928
771 1 737280 741376
523 1 167936 172032
674 1 1032192 1040384
116 2 832000 917504 917504 950272
853 1 331776 335872
839 1 888832 892928
774 1 434176 438272
810 1 593920 598016
116 1 978944 1048576
117 3 0 131072 131072 262144 262144 336384
808 1 450560 455680
587 1 974848 978944
117 5 336384 393216 393216 524288 524288 655360 655360 786432 786432 860672
465 1 24576 28672
670 2 765952 786432 786432 831488
243 1 741376 741888
66 1 872448 876544
239 1 688128 692224
680 1 405504 421888
679 1 1011712 1028096
680 1 733184 749568
680 1 602112 618496
66 1 806912 811008
243 1 745472 749568
243 1 753664 757760
671 1 311296 344064
239 1 692224 696320
670 2 765952 786432 786432 815104
66 1 872448 876544
243 1 741376 741888
681 1 454656 471040
961 1 12288 28672
239 1 688128 692224
948 1 266240 270336
111 1 499712 503808
111 1 880640 888832
337 1 299008 303104
572 1 573440 577536
597 1 434176 438272
384 1 606208 610304
216 1 815104 819200
760 1 958464 962560
496 1 610304 614400
205 1 761856 765952
994 1 65536 69632
517 1 839680 843776
305 1 507904 512000
998 1 749568 753664
755 1 307200 311296
979 1 700416 704512
528 1 147456 151552
437 1 905216 909312
278 4 631296 655360 655360 786432 786432 917504 917504 1048576
279 1 0 107008
279 5 107008 131072 131072 262144 262144 393216 393216 524288 524288 631296
547 1 204800 212992
547 1 212992 217088
279 1 1011712 1048576
280 1 0 74240
280 1 98304 131072
279 4 631296 655360 655360 786432 786432 917504 917504 1011712
280 1 74240 98304
280 1 131072 225280
280 2 356352 393216 393216 421888
787 1 81920 94208
281 1 65536 77824
280 2 782336 786432 786432 847872
36 1 188416 196608
280 2 847872 917504 917504 1036288
280 1 1040384 1048576
281 1 0 53248
570 1 203264 204288
129 1 241664 249856
528 1 962560 1048576
529 4 0 131072 131072 262144 262144 393216 393216 438272
528 5 438272 524288 524288 655360 655360 786432 786432 917504 917504 962560
529 1 1007616 1048576
530 4 0 131072 131072 262144 262144 393216 393216 483328
503 1 380928 385024
530 5 483328 524288 524288 655360 655360 786432 786432 917504 917504 991232
834 1 458752 524288
246 1 192512 258048
308 2 655360 786432 786432 917504
834 1 917504 1048576
189 1 839680 851968
948 1 237568 241664
598 1 983040 1048576
599 4 0 131072 131072 262144 262144 393216 393216 458752
599 5 458752 524288 524288 655360 655360 786432 786432 917504 917504 983040
355 4 131072 262144 262144 393216 393216 524288 524288 655360
615 1 131072 196608
600 5 458752 524288 524288 655360 655360 786432 786432 917504 917504 983040
599 1 983040 1048576
600 4 0 131072 131072 262144 262144 393216 393216 458752
624 4 524288 655360 655360 786432 786432 917504 917504 1032192
624 4 0 131072 131072 262144 262144 393216 393216 524288
296 1 479232 483328
406 1 667648 668672
441 1 729088 733184
106 1 786432 847872
672 1 540672 544768
933 1 421888 425984
954 1 110592 114688
325 1 8192 12288
967 1 94208 98304
256 1 663552 667648
166 1 663552 667648
401 1 794624 798720
296 1 479232 487424
612 1 249856 253952
401 1 823296 835584
830 1 308224 309248
165 1 413184 414208
85 1 188416 192512
560 4 634880 655360 655360 786432 786432 917504 917504 1048576
561 1 0 73728
464 1 619008 621056
467 1 162304 163328
830 1 309248 312832
165 1 414208 415232
425 1 233472 237568
235 2 204800 262144 262144 286720
890 1 696320 786432
923 5 8192 131072 131072 262144 262144 393216 393216 524288 524288 532480
616 1 552960 556544
678 1 299008 364544
382 1 77312 81408
361 2 466944 524288 524288 634880
877 2 638976 655360 655360 770048
597 1 262144 290816
265 1 40960 106496
286 2 217088 262144 262144 282624
503 2 290816 393216 393216 421888
223 2 331776 393216 393216 397312
705 3 450560 524288 524288 655360 655360 712704
878 1 1036288 1040384
820 2 520192 524288 524288 528384
360 1 991232 1048576
361 4 0 131072 131072 262144 262144 393216 393216 466944
310 1 655360 720896
690 1 299008 364544
921 1 618496 622592
921 1 618496 622592
856 1 876544 880640
540 1 942080 946176
305 1 36864 40960
856 1 876544 880640
130 1 569344 577536
305 1 28672 32768
54 1 298496 355840
54 1 355840 359936
78 1 921600 937984
611 1 917504 921600
611 1 909312 913408
558 1 806912 811008
815 1 638976 643072
641 1 1024000 1032192
558 1 831488 851968
401 1 729088 733184
566 1 393216 397312
533 1 811008 819200
533 1 819200 823296
194 1 950272 954368
196 1 241664 245760
464 1 876544 880640
400 1 737280 741376
65 1 217088 237568
103 2 90112 131072 131072 151552
103 1 151552 155648
498 1 307200 311296
466 1 565248 569344
787 1 356352 360448
125 1 159744 180224
125 1 180224 184320
80 1 20480 24576
613 1 311296 315392
642 1 442368 446464
302 1 684032 688128
547 1 684032 688128
451 1 667648 671744
694 1 581632 585728
381 1 868352 872448
937 1 790528 794624
386 1 356352 364544
710 1 700416 704512
166 1 577536 581632
912 5 491520 524288 524288 655360 655360 786432 786432 917504 917504 1015808
88 1 380928 385024
95 1 12288 24576
200 2 765952 786432 786432 819200
547 1 704512 712704
396 1 319488 323072
239 1 479744 491520
38 2 720896 786432 786432 851968
893 5 471552 524288 524288 655360 655360 786432 786432 917504 917504 995840
42 1 196608 262144
239 5 503808 524288 524288 655360 655360 786432 786432 917504 917504 1016320
773 1 966656 1032192
674 1 421888 434176
862 1 1003520 1007616
835 1 712704 716800
774 1 311296 376832
354 1 450560 475136
674 1 434176 438272
361 1 802816 868352
853 2 704512 786432 786432 835584
437 1 716800 720896
879 1 53248 77824
821 1 458752 524288
225 1 565248 630784
879 1 294912 360448
962 1 684032 749568
448 1 729088 733184
702 1 671744 737280
969 1 299008 364544
879 2 98304 131072 131072 135168
452 2 360448 393216 393216 421888
508 2 139264 262144 262144 270336
271 3 151552 262144 262144 393216 393216 413696
117 2 356352 393216 393216 421888
793 1 827392 892928
790 3 212992 262144 262144 393216 393216 512000
913 2 643072 655360 655360 708608
815 1 348160 380928
311 1 364544 368640
902 1 663552 665088
401 1 794624 798720
734 1 692224 696320
462 1 552960 557056
733 1 921600 929792
25 1 839680 843776
407 1 20480 32768
462 1 753664 761856
306 1 135168 196608
25 1 860160 864256
834 1 110592 114688
25 1 339968 344064
13 1 450560 454656
324 1 802816 803328
723 1 122880 126976
407 1 512000 516096
407 1 151552 155648
644 1 663552 667648
866 1 368640 372736
346 1 729088 733184
542 1 831488 835584
674 1 1040384 1044480
523 1 167936 172032
674 1 1044480 1048576
675 1 0 4096
675 1 4096 8192
702 1 954368 958464
702 1 950272 954368
39 1 741376 778240
608 1 724992 729088
268 1 303104 335872
79 1 1028096 1036288
941 1 987136 995328
80 1 0 8192
854 1 552960 557056
80 1 32768 49152
941 1 1024000 1028096
370 2 523776 524288 524288 527872
80 1 393216 421888
303 1 741376 749568
757 1 651264 655360
80 1 430080 434176
138 1 901120 903168
719 1 585728 610304
77 1 901120 905216
963 2 913408 917504 917504 921600
279 1 348160 352256
996 1 262144 266240
725 1 294912 299008
134 1 950272 954368
640 1 434176 438272
640 1 417792 430080
14 1 200704 208896
17 1 958464 962560
14 1 450560 475136
14 1 475136 479232
674 1 40960 41472
641 1 176128 196608
401 1 794624 798720
401 1 724992 729088
863 1 393216 458752
171 1 233472 237568
861 1 16384 16896
945 1 815104 851968
941 1 921600 925696
941 1 913408 917504
698 1 659456 663552
611 1 917504 921600
611 1 921600 925696
625 5 507904 524288 524288 655360 655360 786432 786432 917504 917504 1032192
624 1 1032192 1048576
625 4 0 131072 131072 262144 262144 393216 393216 507904
626 5 507904 524288 524288 655360 655360 786432 786432 917504 917504 1032192
834 1 0 131072
416 1 585728 589824
624 1 581632 602112
686 1 544768 622592
135 2 909312 917504 917504 929792
401 1 720896 724992
915 1 901120 905216
74 2 475136 524288 524288 540672
401 1 806912 815104
75 1 81920 102912
411 1 998912 1003008
957 1 782336 786432
427 1 880640 888832
861 1 434176 438272
427 1 888832 892928
905 1 339968 352256
279 1 237568 245760
561 1 323584 331776
75 2 102912 131072 131072 147456
533 1 81920 90112
401 1 745472 749568
561 1 331776 335872
533 1 90112 94208
75 2 606208 655360 655360 671744
76 1 278528 344064
486 1 389120 393216
698 1 1032192 1036288
973 1 988160 994816
828 2 143872 262144 262144 360448
828 4 364544 393216 393216 524288 524288 655360 655360 672256
333 1 241664 245760
829 1 491520 499712
13 1 942080 946176
937 1 77824 81920
829 2 45056 131072 131072 139776
828 3 672256 786432 786432 917504 917504 1048576
829 1 0 45056
13 1 995328 1003520
937 1 98304 110592
829 1 483328 491520
238 1 180224 184320
503 1 626176 626688
503 1 630272 630784
0 1 466944 471040
503 1 634368 634880
0 1 458752 462848
5 1 991232 995328
838 2 909312 917504 917504 925696
4 1 790528 794624
4 1 593920 598016
4 1 659456 663552
53 1 585728 589824
838 1 819200 831488
525 1 557056 589824
4 1 12288 16384
541 1 798720 806912
287 1 94208 98304
952 1 241664 245760
541 1 806912 811008
859 1 94208 98304
287 1 98304 110592
232 2 523776 524288 524288 527872
232 1 527872 572928
256 1 32256 36352
685 1 978944 983040
328 1 790528 798720
212 1 524288 528384
328 1 798720 802816
97 1 360448 364544
840 1 446464 450560
712 1 69632 73728
117 2 860672 917504 917504 1048576
118 3 0 131072 131072 262144 262144 336384
479 1 995328 999424
871 1 352256 356352
465 1 24576 28672
681 1 274432 290816
66 1 806912 811008
868 1 622592 626688
66 1 872448 876544
30 1 974848 983040
138 1 425984 430080
144 1 937984 942080
998 1 700416 708608
843 1 278528 323584
401 1 802816 811008
533 1 155648 159744
552 1 487424 489472
838 1 589824 593920
848 1 40960 45056
237 1 921600 962560
848 1 237568 241664
848 1 122880 126976
891 1 151552 155648
902 1 106496 110592
848 1 274432 278528
566 1 491520 499712
237 1 962560 966656
843 1 323584 327680
566 1 499712 503808
499 1 12288 32768
596 1 196608 212992
464 1 621056 623616
22 1 958464 961536
165 1 415232 418816
830 1 312832 313856
467 1 163328 165888
401 1 765952 770048
464 1 623616 624640
611 1 921600 925696
616 1 389120 393216
616 1 380928 385024
611 1 917504 921600
616 1 376832 377344
611 1 921600 925696
392 1 622592 626688
793 1 360448 364544
222 3 717312 786432 786432 917504 917504 1048576
223 2 0 131072 131072 193024
401 1 827392 831488
401 1 761856 770048
223 5 193024 262144 262144 393216 393216 524288 524288 655360 655360 717312
906 1 475136 479232
101 1 319488 327680
401 1 831488 839680
830 1 61440 65536
538 1 360448 364544
345 2 327680 393216 393216 442368
897 1 581632 582144
531 1 966656 970752
125 1 327680 331776
16 1 348160 352256
164 1 356352 360448
236 1 208896 229376
834 1 180224 258048
124 1 786432 790528
881 1 282624 286720
728 1 860160 864256
49 1 528384 532480
471 1 1024000 1028096
897 1 577536 581632
444 1 487424 491520
236 1 229376 233472
241 1 626688 630784
21 1 946176 1011712
938 1 614400 618496
74 1 188416 192512
292 1 495616 499712
877 1 630784 631296
285 1 1044480 1048576
286 1 0 512
542 2 651264 655360 655360 659456
42 1 524288 581632
794 1 40960 106496
894 2 290816 393216 393216 421888
816 2 81920 131072 131072 139264
969 1 294912 299008
307 4 262144 393216 393216 524288 524288 655360 655360 786432
824 1 950272 974848
826 1 819200 860160
969 2 208896 262144 262144 270336
835 1 409600 475136
162 2 499712 524288 524288 565248
2 2 647168 655360 655360 712704
705 1 45056 110592
80 2 876544 917504 917504 942080
891 1 1044480 1048576
892 4 0 131072 131072 262144 262144 393216 393216 454656
97 1 573440 638976
836 1 299008 364544
485 1 929792 995328
740 1 970752 999424
890 2 901120 917504 917504 966656
891 1 991232 995328
72 1 462848 475136
280 1 413696 417792
89 1 192512 196608
278 1 286720 294912
854 1 552960 557056
725 1 307200 315392
93 1 356352 360448
908 1 45056 49152
519 1 176128 184320
941 1 925696 929792
827 1 573440 577536
309 1 217088 221184
582 1 503808 507904
278 1 356352 360448
485 1 372736 373760
941 1 958464 966656
114 1 974848 978944
519 1 184320 188416
719 1 610304 614400
753 1 376832 380928
337 1 430080 438272
820 1 823296 851968
849 1 217088 221184
857 1 335872 339968
137 1 1024000 1028096
914 3 458752 524288 524288 655360 655360 700416
857 1 356352 360448
857 1 376832 385024
463 1 274432 339968
869 1 122880 126976
337 1 438272 450560
462 2 798720 917504 917504 1048576
463 3 0 131072 131072 262144 262144 274432
21 1 905216 917504
83 1 643072 647168
112 2 311296 393216 393216 397312
478 1 815104 819200
472 1 110592 114688
112 1 397312 401408
506 1 348160 355328
480 1 339968 348160
472 1 122880 131072
774 2 901120 917504 917504 966656
775 1 311296 376832
775 1 573440 638976
249 1 524288 527360
481 1 151552 172032
32 1 164352 166912
32 1 166912 167936
32 1 184320 187392
32 1 187392 191488
32 1 191488 195584
32 1 195584 199680
286 1 679936 720896
32 1 199680 203776
32 1 203776 207872
548 1 262144 327680
32 1 207872 211968
257 1 131072 155648
32 1 211968 216064
570 1 323584 327680
571 1 610304 614400
319 1 688128 692224
698 1 663552 671744
959 1 618496 622592
930 1 507904 512000
578 1 159744 167936
578 1 167936 172032
513 1 978944 983040
153 1 49152 53248
838 1 925696 983040
48 1 196608 262144
360 1 393216 405504
534 1 651264 655360
195 1 282624 294912
195 3 757760 786432 786432 917504 917504 1048576
196 1 0 86016
189 1 577536 602112
95 1 24576 28672
195 1 532480 557056
192 1 954368 1048576
193 2 0 131072 131072 221184
201 2 393216 524288 524288 573440
360 1 471040 495616
551 1 581120 585216
96 2 897024 917504 917504 929792
4 1 12288 16384
959 1 163840 167936
232 2 577024 655360 655360 736768
232 1 32256 81408
898 1 700416 704512
137 1 667648 692224
256 2 85504 131072 131072 257536
32 1 483328 487424
256 2 523776 524288 524288 572928
256 1 36352 81408
287 1 110592 114688
296 1 32256 81408
232 3 85504 131072 131072 262144 262144 327168
523 1 167936 180224
969 1 143360 147456
675 1 8192 16384
956 1 692224 696320
664 1 409600 413696
153 1 450560 466944
153 1 471040 520192
153 1 520192 524288
267 1 774144 774656
613 1 561152 565248
613 1 557056 561152
263 1 720896 724992
613 1 565248 569344
267 1 778240 782336
425 1 409600 425984
267 1 786432 790528
263 1 724992 729088
267 1 774144 774656
263 1 720896 724992
649 2 499712 524288 524288 532480
772 1 372736 389120
114 1 1040384 1044480
114 1 966656 970752
165 1 418816 419840
830 1 313856 317440
467 1 165888 166912
464 1 624640 627712
165 1 419840 422400
455 1 274432 282624
668 1 221184 222208
455 1 278528 282624
596 1 294912 299008
293 1 638976 647168
759 1 552960 573440
759 1 573440 577536
635 1 901120 905216
542 1 659456 663552
384 1 757760 761856
384 1 765952 770048
893 1 995840 1048576
894 4 0 131072 131072 262144 262144 393216 393216 471552
42 1 581632 655360
995 1 1044480 1048576
996 1 0 24576
32 1 216064 220160
891 1 303104 305152
987 1 1024000 1028096
32 1 220160 224256
905 1 45056 49152
996 1 24576 28672
383 1 921600 925696
32 1 224256 228352
159 1 180224 192512
94 1 376832 380928
12 1 524288 532480
776 1 180224 245760
398 1 749568 753664
199 1 692224 696320
577 1 638976 647168
337 1 712704 716800
471 1 565248 569344
94 1 405504 409600
537 1 557056 565248
577 1 647168 651264
401 1 835584 860160
80 1 868352 869888
399 1 368640 372736
275 1 520192 522240
776 1 704512 770048
941 1 1019904 1024000
24 1 262144 315392
698 1 1036288 1048576
699 1 0 49152
324 2 217088 262144 262144 282624
486 1 389120 393216
406 1 831488 835584
41 1 917504 921600
212 1 28672 32768
303 1 221184 233472
303 1 233472 237568
406 1 765952 778240
910 1 1044480 1048576
646 1 884736 892928
406 1 839680 843776
713 1 163840 192512
797 1 139264 196608
45 1 749568 753664
636 1 102400 103936
32 1 380928 385024
983 1 286720 303104
819 1 167936 170496
281 1 757760 770560
208 1 811008 897024
281 1 819200 827392
281 2 770560 786432 786432 790528
475 1 131072 139264
344 1 270336 273408
281 2 536576 655360 655360 757760
990 1 413696 475136
990 1 540672 593920
311 2 192512 262144 262144 323584
570 1 204288 205312
665 1 417792 479232
990 1 593920 598016
323 2 630784 655360 655360 709120
490 1 217088 229376
665 1 479232 483328
93 1 344064 348160
570 1 205312 206336
490 1 167936 172032
646 1 917504 925696
670 3 765952 786432 786432 917504 917504 929792
66 1 806912 815104
646 1 925696 929792
178 1 684032 688128
674 1 471040 487424
673 1 864256 897024
673 2 897024 917504 917504 929792
673 1 929792 962560
673 1 962560 978944
674 1 192512 208896
674 1 421888 438272
658 2 359936 393216 393216 396800
968 2 86016 131072 131072 167936
66 1 876544 880640
264 1 507904 512000
420 1 376832 380928
702 1 954368 958464
970 1 159744 188416
943 1 524288 528384
702 1 950272 954368
943 1 454656 458752
420 1 376832 380928
401 1 831488 835584
561 5 73728 131072 131072 262144 262144 393216 393216 524288 524288 598016
340 1 876544 888832
830 1 317440 318464
916 1 442368 475136
223 2 106496 131072 131072 172032
0 1 614400 619008
423 1 716800 720896
872 1 782336 786432
834 1 258048 262144
408 1 442368 446464
471 1 1040384 1048576
124 1 790528 794624
407 1 253952 258048
472 1 540672 544768
534 1 294912 299008
510 1 921600 933888
406 1 32768 40960
839 1 274432 278528
472 1 872448 876544
345 1 442368 458752
327 1 1044480 1048576
467 1 4096 8192
472 1 1040384 1044480
124 1 794624 819200
595 1 57344 61440
9 1 548864 552960
367 1 790528 839680
496 1 905216 913408
367 1 839680 843776
496 1 913408 917504
796 2 110592 131072 131072 139264
452 1 32768 36864
12 2 257536 262144 262144 265728
340 1 445952 458240
644 1 192000 212480
726 1 577024 581120
991 1 974848 978944
130 1 249856 253952
532 1 118784 131072
538 1 94208 98304
271 1 241664 245760
833 1 917504 987136
419 1 512000 516096
406 1 794624 798720
252 1 925184 937472
271 1 888832 897024
997 1 798720 802816
572 1 229376 233472
328 1 802816 811008
588 1 233472 241664
760 1 446464 450560
89 1 815104 819200
740 1 503808 507904
513 1 36864 40960
190 1 196608 199168
967 1 372736 376832
256 3 577024 655360 655360 786432 786432 867840
296 3 85504 131072 131072 262144 262144 392704
82 1 790528 831488
373 1 212992 217088
494 1 163840 167936
45 1 599552 602112
675 1 16384 20480
969 1 143360 147456
523 1 172032 176128
315 1 770048 774144
434 1 458752 466944
401 1 823296 827392
514 1 692224 704512
514 1 720896 724992
517 1 57344 61440
517 1 24576 28672
646 1 790528 794624
517 1 73728 77824
646 1 905216 909312
654 1 360448 364544
654 1 397312 401408
654 1 434176 438272
654 1 446464 450560
654 1 1036288 1040384
626 1 1032192 1048576
627 4 0 131072 131072 262144 262144 393216 393216 507904
625 1 1032192 1048576
626 4 0 131072 131072 262144 262144 393216 393216 507904
425 2 294912 393216 393216 524288
834 2 655360 786432 786432 917504
627 5 507904 524288 524288 655360 655360 786432 786432 917504 917504 983040
303 4 589824 655360 655360 786432 786432 917504 917504 1048576
304 1 0 65536
370 4 0 131072 131072 262144 262144 393216 393216 524288
370 4 524288 655360 655360 786432 786432 917504 917504 1048576
371 4 524288 655360 655360 786432 786432 917504 917504 983040
412 4 524288 655360 655360 786432 786432 917504 917504 1048576
101 1 491520 496640
529 1 253952 258048
733 1 729088 732160
418 1 376832 378368
777 2 114688 131072 131072 180224
471 1 561152 565248
326 1 258048 262144
401 1 966656 970752
401 1 987136 991232
484 1 307200 311296
339 1 909312 913408
136 1 790528 797696
498 1 225280 229376
357 1 913408 917504
537 1 528384 532480
366 1 913408 915968
450 1 442368 446464
777 2 376832 393216 393216 427520
952 1 708608 774144
719 2 487424 524288 524288 552960
704 2 360448 393216 393216 425984
472 2 110592 131072 131072 176128
279 1 671744 708608
789 2 802816 917504 917504 1036288
40 1 425984 491520
814 1 839680 905216
606 1 978944 1044480
364 1 937984 1003520
387 1 667648 733184
981 1 286720 303104
658 2 122880 131072 131072 188416
981 2 233472 262144 262144 282624
748 1 548864 618496
135 1 929792 933888
686 1 622592 626688
190 1 352256 356352
191 1 528384 532480
190 1 626688 630784
190 1 1036288 1044480
967 1 94208 98304
111 1 450560 454656
191 1 880640 884736
254 2 372736 393216 393216 421888
672 1 540672 544768
254 1 421888 425984
22 1 303104 307200
46 1 536576 544768
672 1 540672 544768
46 1 544768 548864
574 1 622592 626688
574 1 651264 655360
360 1 495616 499712
437 1 598016 602112
749 1 917504 921600
727 1 323072 339456
534 1 528384 532480
340 1 458240 470528
188 1 868352 872448
727 1 339456 347648
4 1 135168 139264
644 1 212480 232960
7 1 913408 917504
0 1 0 8192
36 1 135168 139264
900 1 331776 344064
176 2 803328 917504 917504 1048576
177 3 0 131072 131072 262144 262144 279040
997 1 1036288 1039872
112 1 815104 819200
113 1 180224 184320
854 1 552960 557056
56 1 753664 761856
509 1 147456 155648
108 1 196608 200704
603 1 798720 802816
82 2 516096 524288 524288 544768
941 1 1028096 1032192
56 1 823296 827392
82 1 544768 548864
56 1 757760 761856
963 1 917504 921600
98 1 1011712 1024000
176 1 184320 188416
854 1 552960 557056
86 1 929792 933888
219 3 60928 131072 131072 262144 262144 306688
467 1 166912 168960
464 1 627712 628736
369 1 802816 806912
310 1 630784 647168
413 1 499712 503808
165 1 422400 423936
830 1 318464 319488
425 1 233472 237568
655 1 196608 200704
654 1 499712 503808
655 1 184320 188416
654 1 479232 483328
655 1 139264 143360
655 1 217088 221184
655 1 446464 454656
655 1 581632 585728
655 1 385024 389120
655 1 487424 491520
655 1 667648 671744
655 1 413696 417792
655 1 495616 503808
655 1 720896 724992
233 1 679936 684032
655 1 786432 790528
655 1 745472 753664
655 1 827392 831488
655 1 679936 684032
655 1 757760 761856
890 1 786432 835584
835 1 671744 737280
503 3 684032 786432 786432 917504 917504 946176
740 1 999424 1003520
418 3 602112 655360 655360 786432 786432 864256
779 1 421888 425984
504 2 684032 786432 786432 798720
497 1 557056 622592
504 2 802816 917504 917504 950272
368 1 667648 733184
294 2 118784 131072 131072 184320
14 1 487424 524288
574 1 954368 962560
324 1 28672 36864
4 1 454656 462848
868 1 622592 626688
923 2 229376 262144 262144 294912
950 2 479232 524288 524288 528384
670 2 765952 786432 786432 815104
614 2 892928 917504 917504 987136
646 1 929792 937984
66 1 811008 815104
614 1 987136 991232
646 1 937984 942080
251 1 483328 499712
319 1 962560 978944
674 1 946176 962560
178 1 684032 688128
501 1 679936 692224
502 1 729088 733184
615 1 28672 53248
615 1 53248 57344
353 1 860160 864256
843 1 319488 323584
925 1 475136 475648
82 1 831488 835584
219 1 7680 56832
293 1 581632 585728
45 1 602112 603648
221 1 241664 245760
695 1 1019904 1040384
760 1 458752 462848
588 1 241664 245760
123 1 880640 884736
839 1 561152 565248
328 1 811008 815104
675 1 20480 32768
675 1 32768 36864
523 1 172032 180224
611 1 921600 925696
529 5 258048 262144 262144 393216 393216 524288 524288 655360 655360 782336
530 2 786432 917504 917504 1048576
531 1 0 131072
528 3 782336 786432 786432 917504 917504 1048576
529 2 0 131072 131072 258048
530 4 262144 393216 393216 524288 524288 655360 655360 786432
499 1 258048 262144
401 1 770048 774144
223 2 717312 786432 786432 880640
611 1 917504 921600
223 2 884736 917504 917504 1048576
224 2 0 131072 131072 131584
520 1 704512 712704
499 1 458752 487424
499 1 557056 561152
520 1 712704 716800
906 1 475136 479232
224 1 983040 1040384
800 1 851968 860160
224 3 197120 262144 262144 393216 393216 442368
224 3 442368 524288 524288 655360 655360 664064
494 1 917504 933888
672 1 540672 552960
839 1 577536 581632
743 1 393216 397312
269 1 147456 151552
269 1 126976 131072
891 1 499712 503808
670 1 851968 860160
890 2 516096 524288 524288 528384
618 1 843776 847872
618 1 884736 888832
676 1 1003520 1007616
279 1 598016 602112
907 1 749568 753664
908 1 65536 69632
137 1 1019904 1024000
380 1 929792 983040
908 1 73728 77824
137 1 1024000 1028096
579 1 327680 393216
912 1 81920 86016
924 1 45056 49152
329 1 786432 851968
924 1 458752 462848
924 1 466944 471040
244 1 286720 290816
381 3 393216 524288 524288 655360 655360 786432
292 1 995328 999424
835 1 143360 163840
956 1 274432 278528
28 1 733184 737280
28 1 737280 757760
28 1 757760 761856
678 1 548864 602112
824 1 983040 995328
30 1 512000 516096
813 1 225280 233472
713 1 192512 196608
406 1 774144 778240
665 1 520192 524288
366 1 819200 823296
381 1 544768 577536
376 1 331776 335872
910 1 1044480 1048576
381 1 577536 581632
406 1 839680 843776
783 1 831488 835584
783 1 897024 901120
589 1 491520 499712
723 2 585728 655360 655360 716800
387 1 978944 1048576
388 1 0 53248
286 2 540672 655360 655360 737280
655 1 962560 966656
236 1 970752 974848
205 1 303104 307200
235 1 966656 970752
205 1 274432 278528
233 1 700416 704512
205 1 266240 270336
205 1 319488 323584
491 1 12288 16384
205 1 352256 356352
205 1 380928 385024
205 1 507904 512000
205 1 389120 393216
205 1 585728 589824
205 1 675840 679936
205 1 667648 671744
205 1 430080 434176
205 1 606208 610304
354 1 446464 450560
435 1 397312 401408
198 2 499712 524288 524288 552960
29 1 884736 888832
337 1 712704 716800
435 1 409600 413696
570 1 425984 442368
780 1 839680 843776
941 1 954368 958464
198 1 552960 557056
180 1 12288 16384
435 1 417792 425984
167 1 806912 815104
780 1 860160 864256
369 1 24064 28160
991 5 450560 524288 524288 655360 655360 786432 786432 917504 917504 974848
538 1 61440 65536
250 1 323584 335872
654 1 937984 942080
95 1 28672 36864
90 1 679424 683520
533 1 315392 319488
714 1 110592 114688
4 1 69632 73728
796 1 139264 143360
749 4 393216 524288 524288 655360 655360 786432 786432 917504
553 1 135168 143360
406 1 798720 802816
464 1 628736 630784
401 1 765952 770048
165 1 423936 424960
467 1 168960 169984
163 1 196608 200704
104 1 524288 528384
929 1 397312 401408
105 1 602112 618496
883 1 458752 524288
40 1 548864 552960
692 1 417792 446464
692 1 446464 450560
88 1 614400 622592
602 1 516096 519168
141 1 958464 961024
296 1 827392 831488
671 1 118784 122880
210 1 737280 753664
938 2 618496 655360 655360 663552
938 1 663552 667648
449 1 655360 657920
21 1 946176 950272
702 1 954368 958464
197 1 1011712 1019904
984 1 606208 626688
256 2 523776 524288 524288 527872
137 1 667648 671744
256 1 527872 531968
984 1 626688 630784
45 1 603648 605696
375 1 577536 581632
926 1 192512 249856
927 1 815104 819200
926 1 249856 253952
551 1 77824 86016
551 1 86016 90112
927 1 815104 819200
202 1 1019904 1024000
203 1 405504 413696
202 1 1003520 1015808
203 1 4096 8192
203 1 417792 421888
202 1 1036288 1048576
201 1 901120 909312
201 1 913408 917504
551 1 90112 98304
183 1 356352 372736
79 1 200704 204800
79 1 409600 434176
239 1 1016320 1048576
240 2 0 131072 131072 200704
240 3 204800 262144 262144 393216 393216 496128
42 2 786432 917504 917504 974848
42 1 974848 983040
497 1 311296 319488
46 1 0 65536
497 1 319488 323584
47 1 65536 131072
240 5 496128 524288 524288 655360 655360 786432 786432 917504 917504 1007616
47 1 524288 589824
721 1 540672 553472
369 1 45056 61440
714 1 815104 831488
794 1 401408 417792
704 1 114688 131072
314 1 933888 950272
792 1 966656 999424
710 1 303104 319488
401 1 835584 839680
743 1 102400 118784
750 1 827392 843776
748 1 4096 20480
724 1 155648 188416
751 1 598016 614400
738 1 1011712 1028096
748 1 770048 786432
757 1 602112 618496
761 1 348160 364544
758 1 602112 618496
725 1 454656 471040
155 1 90112 106496
525 3 274432 393216 393216 524288 524288 532480
339 1 880640 884736
872 1 270336 278528
795 1 618496 655360
66 1 876544 880640
868 1 622592 626688
66 1 811008 815104
646 1 942080 950272
160 1 176128 196608
409 1 135168 176128
409 1 557056 589824
410 1 172032 204800
409 1 1024000 1048576
410 1 0 8192
410 1 540672 573440
410 1 622592 655360
411 1 57344 94208
76 1 1032192 1048576
77 1 0 4096
77 1 172032 176128
77 1 135168 167936
77 1 180224 253952
77 1 65536 131072
77 1 602112 606208
77 1 626688 643072
77 1 258048 262144
110 1 585728 618496
571 1 585728 593920
571 1 593920 598016
864 2 114688 131072 131072 147456
78 1 991232 999424
864 1 380928 385024
500 1 49152 65536
854 1 90112 106496
737 1 638976 640512
315 1 770048 774144
675 1 36864 49152
177 5 279040 393216 393216 524288 524288 655360 655360 786432 786432 803328
177 2 803328 917504 917504 1048576
178 3 0 131072 131072 262144 262144 279040
178 5 279040 393216 393216 524288 524288 655360 655360 786432 786432 803328
180 1 602624 655360
464 1 876544 884736
103 1 155648 176128
103 1 176128 180224
854 1 163840 167936
854 1 184320 188416
99 1 626688 630784
365 1 868352 884736
96 1 913408 917504
935 1 335872 344064
309 1 16384 28672
616 1 798720 802816
313 1 172032 237568
638 1 950272 954368
313 1 237568 241664
611 1 921600 925696
681 1 270336 274432
663 1 401408 405504
634 1 933888 937984
634 1 937984 942080
819 1 978944 983040
820 1 12288 16384
25 1 364544 368640
819 1 991232 1015808
34 1 921600 925696
820 1 16384 20480
31 1 561152 565248
34 1 987136 987648
25 1 360448 364544
813 1 139264 143360
31 1 466944 471040
941 1 991232 995328
577 1 172032 180224
84 1 811008 831488
334 1 208896 245760
941 1 962560 966656
577 1 180224 184320
330 1 737280 765952
56 1 823296 827392
596 1 73728 77824
689 1 24576 28672
204 1 425984 430080
160 2 253952 262144 262144 282624
595 1 1015808 1019904
865 1 606208 610304
854 1 552960 561152
160 1 282624 286720
155 1 991232 1007616
781 1 36864 69632
776 2 106496 131072 131072 139264
763 2 364544 393216 393216 397312
450 1 856064 872448
434 1 696320 729088
390 1 692224 724992
786 1 929792 946176
467 1 815104 831488
732 2 253952 262144 262144 286720
845 1 73728 90112
802 1 532480 548864
172 1 548864 565248
838 1 577536 593920
806 1 675840 741376
831 1 1028096 1044480
727 1 999424 1032192
611 1 921600 925696
734 1 327680 344064
845 1 888832 905216
743 1 155648 159744
765 1 847872 851968
34 2 126976 131072 131072 139264
590 1 925696 929792
618 1 929792 933888
338 1 827392 831488
672 1 544768 548864
845 1 598016 602112
742 1 679936 684032
672 1 544768 548864
205 1 700416 704512
298 1 921600 925696
296 1 36864 40960
852 1 663552 667648
876 1 544768 548864
296 1 888832 892928
299 1 368640 376832
391 1 630784 634880
431 1 94208 98304
568 1 868352 872448
568 1 897024 901120
777 1 372736 376832
777 1 339968 344064
432 1 122880 126976
777 1 831488 835584
217 1 86016 90112
2 1 57344 61440
310 2 647168 655360 655360 684032
464 1 630784 631808
830 1 319488 320512
165 1 424960 425984
118 5 336384 393216 393216 524288 524288 655360 655360 786432 786432 860672
695 1 1040384 1044480
772 1 417792 421888
839 1 569344 573440
465 1 24576 28672
838 1 745472 749568
104 1 942080 966656
481 1 172032 188416
354 1 450560 454656
527 1 647168 651264
401 1 847872 851968
403 1 49152 53248
402 1 696320 700416
172 2 860160 917504 917504 937984
172 1 937984 942080
402 1 700416 708608
83 1 397312 401408
172 1 942080 974848
90 1 679424 683520
644 1 228864 232960
95 1 36864 40960
553 1 143360 147456
189 1 577536 581632
502 1 847872 851968
346 1 425984 454656
796 1 143360 151552
346 2 503808 524288 524288 614400
14 1 430080 434176
64 1 302592 306688
503 1 655360 667648
758 1 671744 675840
222 1 974848 978944
812 1 401408 405504
228 1 434176 438272
830 1 4096 36864
830 1 36864 40960
110 1 544768 561152
295 1 917504 933888
82 1 835584 843776
567 1 40960 45056
76 1 495616 499712
593 1 69632 73216
76 1 634880 638976
82 1 843776 847872
287 1 139264 151552
485 1 458752 524288
503 1 638464 638976
810 3 651264 655360 655360 786432 786432 913408
525 1 589824 593920
361 1 688128 692224
678 1 36864 40960
678 1 24576 28672
770 1 118784 122880
770 1 131072 135168
361 1 696320 700416
16 1 827392 831488
16 1 811008 819200
503 1 642560 643072
185 1 204800 208896
230 1 720896 729088
543 1 356352 376832
133 5 90112 131072 131072 262144 262144 393216 393216 524288 524288 614400
456 1 12288 49152
968 1 782336 786432
702 1 278528 344064
915 2 282624 393216 393216 479232
863 1 430080 434176
147 1 385024 389120
804 1 786432 798720
797 2 225280 262144 262144 274432
797 1 278528 290816
148 1 442368 450560
10 1 356352 364544
148 1 765952 770048
847 1 593920 594432
208 1 831488 835584
66 1 876544 880640
146 1 974848 991232
646 1 950272 954368
722 1 290816 294912
208 1 827392 831488
713 1 278528 282624
208 1 471040 475136
198 1 135168 139264
594 1 696320 704512
764 1 307200 319488
161 1 589824 634880
62 1 860160 876544
62 1 827392 843776
237 1 1003520 1048576
238 1 0 36864
63 1 352256 368640
670 1 765952 782336
847 1 589824 593920
500 1 196608 200704
946 2 647168 655360 655360 712704
104 1 897024 913408
840 1 1036288 1044480
401 1 798720 815104
104 2 126976 131072 131072 135168
929 1 897024 913408
158 1 884736 905216
179 1 606208 630784
24 1 315392 319488
314 1 606208 610304
110 2 651264 655360 655360 659456
110 1 544768 565248
407 1 729088 761856
110 1 622592 626688
110 1 671744 679936
110 1 634880 647168
110 1 684032 688128
410 1 65536 110592
77 1 610304 622592
77 1 798720 802816
77 1 761856 770048
110 1 524288 528384
77 1 647168 651264
77 1 720896 729088
77 1 655360 696320
77 1 700416 704512
77 1 708608 712704
148 1 389120 393216
675 1 860160 864256
220 1 528384 532480
844 1 172032 176128
844 1 577536 581632
842 1 520192 524288
844 1 569344 573440
843 1 266240 270336
844 1 204800 208896
757 1 872448 888832
844 1 978944 983040
210 1 827392 831488
201 1 278528 294912
406 1 798720 802816
308 1 327680 331776
127 1 503808 507904
713 1 606208 618496
24 1 614400 618496
730 1 774144 774656
730 1 770048 774144
139 1 917504 925696
150 1 397312 413696
206 1 815104 819200
847 1 311296 327680
401 1 729088 737280
808 1 458752 491520
852 2 102400 131072 131072 135168
864 1 356352 372736
849 1 147456 180224
863 1 569344 602112
860 1 12288 28672
864 1 1024000 1040384
867 2 909312 917504 917504 925696
881 1 290816 307200
874 1 172032 204800
881 1 716800 733184
877 1 606208 638976
883 1 229376 245760
905 1 53248 65536
882 1 172032 188416
920 1 811008 827392
908 1 450560 466944
880 1 458752 475136
561 4 598016 655360 655360 786432 786432 917504 917504 1048576
562 1 0 73728
420 1 847872 851968
467 1 169984 171008
716 1 839680 843776
716 2 782336 786432 786432 798720
464 1 631808 633856
716 1 868352 905216
962 1 442368 446464
830 1 320512 321536
165 1 425984 427008
609 1 872448 876544
406 1 774144 782336
589 1 499712 503808
603 1 192512 196608
360 1 196608 204800
904 1 77824 110592
573 1 663552 667648
303 2 237568 262144 262144 282624
220 1 884736 888832
328 1 815104 823296
430 1 929792 933888
80 1 417792 425984
636 1 103424 104960
831 1 778240 782336
33 1 8192 12288
225 1 671744 675840
344 1 430080 433152
157 1 479232 499712
150 1 471040 475136
206 1 806912 811008
766 1 286720 290816
207 1 393216 397312
263 1 544768 548864
742 1 524288 528384
742 1 536576 540672
796 1 786432 790528
282 1 327680 331776
311 1 790528 794624
753 1 1028096 1036288
282 1 356352 360448
282 1 458752 462848
760 1 548864 552960
756 1 827392 831488
991 1 565248 569344
522 1 57344 61440
343 1 86016 90112
206 1 720896 724992
208 1 401408 405504
498 1 851968 872448
503 1 897024 917504
533 1 983040 995328
192 1 856064 864256
194 1 524288 532480
839 1 417792 421888
56 1 729088 786432
56 1 786432 790528
343 1 245760 249856
498 1 872448 884736
401 1 729088 733184
90 1 700416 704512
85 1 1040384 1040896
837 1 249344 253440
837 1 249344 253440
39 1 282624 327680
84 1 720896 749568
948 1 700416 704512
198 1 557056 565248
4 1 12288 16384
416 1 0 4096
0 1 12288 16384
104 1 966656 970752
0 1 0 4096
337 1 712704 716800
471 1 565248 569344
949 1 196608 200704
672 1 544768 548864
23 1 159744 161280
672 1 544768 548864
56 1 757760 770048
941 1 1028096 1032192
963 1 917504 921600
30 1 692224 733184
370 2 523776 524288 524288 531968
998 1 458752 462848
941 1 925696 929792
301 1 241664 245760
406 1 729088 733184
73 1 552960 569344
308 1 241664 244736
69 1 106496 110592
702 1 950272 954368
420 1 376832 380928
401 1 729088 737280
729 1 290816 294912
0 1 421888 438272
21 1 950272 1011712
406 1 729088 737280
616 1 864256 868352
424 1 221184 237568
477 1 311296 319488
504 1 315392 327680
47 1 983040 1040384
721 1 553472 606208
722 1 147456 212992
894 5 471552 524288 524288 655360 655360 786432 786432 917504 917504 995840
0 1 442368 458752
409 1 1011712 1044480
47 1 1040384 1048576
48 2 0 131072 131072 253952
180 3 279040 393216 393216 524288 524288 602624
364 1 279040 327680
178 2 803328 917504 917504 1048576
179 3 0 131072 131072 262144 262144 279040
179 5 279040 393216 393216 524288 524288 655360 655360 786432 786432 803328
406 1 729088 733184
179 2 803328 917504 917504 1048576
180 3 0 131072 131072 262144 262144 279040
574 1 962560 966656
180 3 664064 786432 786432 917504 917504 1048576
181 1 0 65536
252 1 937472 941568
74 1 974848 991232
675 1 49152 53248
523 1 176128 180224
675 1 53248 61440
675 1 61440 65536
467 1 12288 16384
467 1 40960 45056
124 1 819200 823296
407 1 294912 299008
279 1 118784 131072
510 1 925696 929792
124 1 823296 831488
611 1 917504 921600
548 2 389120 393216 393216 405504
124 1 831488 835584
104 1 823296 827392
611 1 913408 917504
510 1 925696 929792
860 1 270336 274432
124 1 835584 847872
611 1 917504 921600
698 1 671744 684032
611 1 921600 925696
514 1 376832 385024
514 1 385024 389120
611 1 917504 921600
518 1 147456 172032
611 1 921600 925696
70 1 552960 561152
698 1 684032 692224
611 1 917504 921600
492 1 434176 438272
641 1 307200 309760
56 1 270336 274432
143 1 266240 270336
56 1 348160 352256
674 1 409600 413696
56 1 655360 659456
179 1 897024 901120
180 1 262144 266240
335 1 434176 442368
898 1 700416 704512
287 1 151552 155648
483 1 139264 143360
483 1 200704 204800
483 1 262144 266240
74 1 651264 655360
74 1 589824 593920
76 1 688128 724992
82 1 847872 856064
551 1 98304 102400
88 1 212992 241664
79 1 397312 409600
936 1 950272 1048576
937 1 0 32768
369 1 864256 872448
450 1 135168 139264
88 1 241664 245760
369 1 802816 811008
927 1 815104 819200
88 1 262144 266240
551 1 102400 110592
88 1 245760 258048
369 1 872448 876544
938 1 434176 450560
551 1 110592 114688
938 1 450560 454656
31 1 561152 565248
813 1 204800 217088
35 1 126976 131072
35 1 471040 475136
35 1 32768 36864
37 1 196608 200704
37 1 184320 188416
41 1 372736 376832
38 1 643072 647168
40 1 970752 974848
40 1 446464 450560
40 1 499712 503808
616 1 372736 376832
614 1 983040 983552
614 1 983552 984064
614 1 984064 988160
614 1 988160 992256
611 1 917504 921600
3 1 417792 421888
21 1 626688 634880
543 1 741376 761856
543 1 761856 765952
616 1 376832 377344
611 1 921600 925696
584 1 171520 175616
616 1 389120 393216
616 1 380928 385024
663 1 307200 323584
611 1 917504 921600
616 1 376832 377344
611 1 921600 925696
853 1 970752 1019904
77 1 741376 757760
77 1 831488 835584
77 1 733184 737280
77 1 823296 827392
77 1 806912 819200
77 1 839680 843776
75 1 208896 249856
76 2 335872 393216 393216 397312
77 1 774144 778240
77 2 782336 786432 786432 794624
77 1 57344 61440
110 1 696320 733184
407 2 651264 655360 655360 696320
76 2 450560 524288 524288 585728
76 1 643072 651264
76 1 241664 245760
76 1 757760 761856
909 1 188416 204800
882 1 73728 106496
894 1 200704 233472
232 1 114688 131072
932 1 0 16384
922 1 806912 823296
933 1 270336 286720
927 1 991232 1024000
950 1 532480 565248
925 1 839680 856064
775 1 614400 618496
892 1 503808 520192
932 1 147456 163840
950 1 827392 843776
958 1 659456 675840
224 1 1040384 1048576
225 2 0 131072 131072 197120
970 1 872448 905216
1 1 839680 856064
951 1 585728 602112
108 1 745472 761856
371 4 0 131072 131072 262144 262144 393216 393216 524288
413 4 524288 655360 655360 786432 786432 917504 917504 1048576
414 4 0 131072 131072 262144 262144 393216 393216 524288
413 4 0 131072 131072 262144 262144 393216 393216 524288
415 4 0 131072 131072 262144 262144 393216 393216 524288
414 4 524288 655360 655360 786432 786432 917504 917504 1048576
415 4 524288 655360 655360 786432 786432 917504 917504 1048576
416 3 0 131072 131072 262144 262144 393216
179 1 905216 909312
391 4 262144 393216 393216 524288 524288 655360 655360 786432
391 2 786432 917504 917504 1048576
392 2 0 131072 131072 262144
428 2 696320 786432 786432 917504
64 1 425984 446464
66 1 811008 815104
238 1 36864 40960
868 1 622592 630784
710 1 540672 544768
646 1 954368 962560
197 1 741376 757760
931 1 49152 61440
179 1 630784 634880
492 1 548864 557056
77 1 348160 352256
401 1 741376 757760
64 2 306688 393216 393216 409088
452 1 32768 36864
692 1 151552 159744
406 1 733184 737280
796 1 151552 155648
567 1 774144 775168
349 1 1015808 1048576
350 1 0 32768
669 1 487424 491520
64 1 409088 413184
117 1 491520 495616
95 1 40960 49152
702 1 954368 958464
198 1 565248 569344
949 1 212992 217088
941 1 1019904 1024000
101 1 503808 508928
529 1 290816 294912
949 1 348160 352256
38 2 516096 524288 524288 532480
481 1 188416 192512
88 1 483328 487424
939 1 413696 430080
927 1 303104 319488
173 1 638976 655360
213 1 135168 151552
224 3 664064 786432 786432 917504 917504 983040
931 1 1036288 1048576
932 1 0 20480
970 1 937984 954368
958 1 397312 413696
192 1 4096 20480
339 1 188416 200704
190 1 532480 548864
209 1 475136 491520
67 1 57344 73728
862 1 684032 700416
547 1 24576 57344
744 1 659456 675840
233 1 692224 708608
62 1 327680 360448
732 1 241664 245760
930 1 507904 512000
790 1 253952 258048
491 1 12288 20480
525 1 212992 217088
138 1 974848 978944
424 1 221184 241664
491 1 24576 28672
148 1 389120 393216
930 1 507904 512000
278 1 446464 450560
277 1 253952 258048
115 1 315392 319488
278 1 151552 159744
647 1 573440 577536
648 1 552960 557056
570 1 206336 207360
490 1 225280 229376
323 3 774656 786432 786432 917504 917504 1048576
324 2 0 131072 131072 250368
93 1 344064 348160
570 1 207360 208384
503 1 393216 425984
167 1 954368 958464
404 1 241664 242688
570 1 208384 209408
490 1 167936 176128
324 5 250368 262144 262144 393216 393216 524288 524288 655360 655360 774656
570 1 209408 210432
570 1 210432 211456
325 1 225280 254464
324 3 774656 786432 786432 917504 917504 1048576
325 2 0 131072 131072 221184
570 1 211456 212480
570 1 212480 213504
467 1 171008 172032
96 1 315392 319488
40 1 1040384 1044480
165 1 427008 428032
603 1 479232 483328
830 1 321536 322560
464 1 633856 635904
76 1 659456 679936
898 1 700416 704512
287 1 155648 167936
941 1 921600 929792
340 1 937984 946176
82 1 856064 860160
576 1 655360 656384
722 2 737280 786432 786432 802816
401 1 733184 745472
328 1 663552 667648
678 1 827392 831488
101 1 1032192 1036288
723 2 217088 262144 262144 282624
208 1 434176 438272
244 1 524288 532480
594 1 28672 36864
513 1 978944 987136
594 1 77824 81920
594 1 61440 73728
513 1 987136 991232
542 1 675840 684032
594 1 81920 86016
803 1 92160 93696
542 1 684032 688128
199 1 847872 851968
663 1 405504 413696
539 1 352256 360448
539 1 360448 364544
634 1 933888 937984
663 1 413696 425984
983 1 303104 311296
891 1 90112 94208
170 1 741376 745472
56 1 483328 491520
105 1 618496 638976
88 1 8192 11776
925 1 995328 998400
525 1 942080 987136
891 1 98304 102400
949 1 360448 364544
16 1 598016 602112
917 1 94208 102400
844 1 765952 770048
844 1 704512 708608
178 1 233472 237568
471 1 561152 565248
953 1 790528 794624
40 1 921600 925696
25 1 364544 368640
31 1 466944 471040
76 1 737280 741376
76 1 684032 688128
76 1 606208 614400
76 1 630784 634880
76 1 696320 700416
74 1 532480 565248
76 1 401408 434176
406 1 794624 798720
408 2 507904 524288 524288 540672
76 1 720896 729088
76 1 708608 712704
77 1 40960 45056
77 1 425984 442368
406 1 729088 733184
251 1 282624 290816
546 1 143360 147456
356 1 94208 98304
29 1 16384 20480
406 1 794624 798720
233 1 831488 835584
967 1 864256 868352
384 1 294912 315392
384 1 315392 319488
825 1 987136 995328
826 1 4096 32768
249 1 544768 557056
77 1 225280 229376
104 2 913408 917504 917504 933888
313 1 319488 323584
580 2 131072 262144 262144 327680
137 1 1019904 1024000
337 1 450560 458752
134 1 1040384 1048576
135 1 0 8192
327 1 983040 1048576
328 2 0 131072 131072 208896
503 1 933888 954368
137 1 1024000 1028096
190 1 962560 978944
311 1 24576 65536
19 1 217088 221184
847 1 868352 872448
328 2 733184 786432 786432 798720
406 1 794624 798720
741 1 524288 528384
328 5 208896 262144 262144 393216 393216 524288 524288 655360 655360 733184
854 1 557056 561152
406 1 724992 729088
941 1 962560 966656
69 1 36864 40960
621 1 20480 36864
854 1 557056 561152
461 2 90112 131072 131072 155648
891 1 991232 995328
864 1 303104 335872
805 1 737280 753664
797 1 819200 884736
368 2 733184 786432 786432 864256
798 1 557056 622592
327 2 860160 917504 917504 925696
891 1 991232 999424
799 2 389120 393216 393216 401408
799 1 294912 348160
740 1 1003520 1019904
59 1 45056 110592
800 1 466944 507904
740 1 1019904 1024000
501 1 708608 774144
75 1 630784 634880
681 1 0 4096
504 1 458752 462848
423 1 720896 761856
406 1 798720 802816
739 1 167936 172032
423 1 761856 765952
812 1 266240 270336
862 1 605696 609792
682 5 20480 131072 131072 262144 262144 393216 393216 524288 524288 544768
346 1 622592 638976
412 1 155648 159744
743 1 577536 581632
117 1 495616 499712
95 1 49152 53248
346 1 614400 622592
413 1 794624 798720
406 1 794624 798720
413 1 999424 1003520
346 2 638976 655360 655360 745472
413 1 684032 688128
423 3 684032 786432 786432 917504 917504 1048576
424 2 0 131072 131072 147456
157 1 1011712 1015808
985 1 835584 839680
293 1 139264 143360
985 1 880640 884736
985 1 933888 946176
963 1 610304 614400
12 1 241664 245760
740 1 442368 446464
102 2 249856 262144 262144 319488
498 1 233472 241664
498 1 208896 217088
524 1 434176 450560
102 1 319488 323584
475 1 77824 81920
773 1 155648 172032
985 1 946176 950272
421 1 278528 294912
401 1 794624 798720
390 1 335872 339968
0 1 438272 458752
110 1 561152 581632
169 1 851968 876544
83 1 4096 8192
172 1 974848 978944
95 1 499712 503808
267 1 196608 197120
457 1 925696 929792
169 1 876544 880640
401 1 729088 733184
615 1 450560 458752
421 1 212992 229376
615 1 458752 462848
401 1 794624 802816
829 2 499712 524288 524288 610816
829 3 139776 262144 262144 393216 393216 479232
56 1 724992 745472
829 2 676352 786432 786432 901120
406 1 794624 798720
850 2 860160 917504 917504 991232
406 1 720896 724992
850 1 1015808 1048576
851 1 0 12288
850 2 667648 786432 786432 791040
850 1 991232 1015808
850 1 791040 860160
851 1 557056 598016
851 4 32768 131072 131072 262144 262144 393216 393216 422400
947 1 241664 249856
851 1 598016 622592
851 2 422400 524288 524288 557056
944 3 274432 393216 393216 524288 524288 639488
939 1 200704 201216
969 1 495616 499712
448 3 393216 524288 524288 655360 655360 737280
450 1 802816 819200
451 1 98304 114688
451 1 245760 262144
450 1 917504 933888
453 1 606208 622592
442 1 438272 454656
499 1 32768 45056
401 1 794624 798720
672 1 544768 552960
426 1 102400 122880
129 1 0 16384
406 1 823296 835584
672 1 548864 552960
672 1 548864 552960
672 1 548864 561152
467 1 172032 173056
873 1 917504 921600
165 1 428032 429056
420 1 851968 856064
401 1 831488 835584
287 1 167936 172032
373 1 921600 925696
137 1 692224 712704
960 1 65536 77824
287 1 172032 184320
177 1 770048 786432
192 1 839680 856064
800 1 860160 868352
793 1 360448 364544
216 1 335872 352256
613 1 393216 397312
255 1 479232 495616
369 1 802816 806912
401 1 770048 774144
611 1 917504 921600
520 1 716800 724992
158 1 835584 851968
520 1 724992 729088
339 1 196608 208896
401 1 835584 847872
800 1 868352 872448
369 1 868352 872448
118 2 860672 917504 917504 1048576
119 3 0 131072 131072 262144 262144 336384
328 1 823296 827392
755 1 450560 454656
465 1 24576 32768
119 3 336384 393216 393216 524288 524288 602624
76 2 741376 786432 786432 806912
89 1 163840 229376
89 1 950272 1015808
401 1 811008 819200
90 2 360448 393216 393216 425984
90 1 819200 840192
534 1 430080 438272
534 1 438272 442368
91 2 381440 393216 393216 425984
91 1 1007616 1048576
92 1 0 24576
94 1 688128 753664
95 2 229376 262144 262144 294912
238 1 40960 77824
552 1 581632 598016
66 1 876544 880640
646 1 962560 966656
238 1 77824 81920
670 2 765952 786432 786432 847872
566 1 991232 999424
66 1 811008 815104
566 1 999424 1003520
868 1 626688 630784
676 1 765952 782336
677 2 126976 131072 131072 143360
198 1 569344 577536
402 1 966656 970752
702 1 950272 954368
420 1 376832 380928
31 1 561152 565248
295 1 933888 954368
163 1 602112 606208
168 1 557056 565248
168 1 569344 573440
168 1 622592 626688
169 1 335872 339968
21 1 929792 933888
169 1 1040384 1044480
40 1 327680 331776
603 1 659456 663552
525 1 544768 548864
437 1 139264 143360
437 1 65536 69632
48 1 253952 262144
773 1 1044480 1048576
774 1 0 61440
894 1 995840 1048576
895 4 0 131072 131072 262144 262144 393216 393216 471552
48 1 327680 393216
774 2 520192 524288 524288 585728
181 5 65536 131072 131072 262144 262144 393216 393216 524288 524288 589824
181 4 589824 655360 655360 786432 786432 917504 917504 1048576
182 1 0 65536
182 5 65536 131072 131072 262144 262144 393216 393216 524288 524288 589824
182 4 589824 655360 655360 786432 786432 917504 917504 1048576
183 1 0 65536
666 1 798720 815104
662 1 921600 962560
364 1 655360 720896
183 5 65536 131072 131072 262144 262144 393216 393216 524288 524288 589824
303 1 282624 286720
406 1 843776 851968
911 1 8192 12288
406 1 782336 786432
406 1 847872 851968
431 1 0 4096
72 1 147456 151552
911 1 8192 12288
24 1 417792 421888
500 1 200704 212992
158 1 905216 917504
24 1 413696 417792
945 1 69632 73728
401 1 745472 749568
885 1 45056 49152
144 1 69632 81920
589 1 675840 684032
95 1 1044480 1048576
563 1 712704 716800
948 1 1036288 1040384
67 1 962560 966656
406 1 733184 741376
987 1 320000 320512
757 1 888832 909312
435 1 1036288 1044480
830 1 322560 323584
467 1 173056 174080
507 1 548864 557056
562 5 73728 131072 131072 262144 262144 393216 393216 524288 524288 598016
464 1 635904 636928
611 1 917504 921600
291 1 421888 430080
941 1 983040 987136
281 1 323584 327680
82 1 860160 892928
142 1 937984 942080
757 1 827392 831488
634 1 937984 942080
634 1 933888 937984
609 1 741376 770048
624 1 827392 843776
941 1 1028096 1032192
370 1 527872 531968
305 1 835584 851968
384 1 524288 540672
963 1 917504 921600
891 1 94208 98304
983 1 311296 319488
891 1 102400 106496
995 1 77824 81920
123 1 208896 217088
619 1 720384 724480
526 1 4096 24576
515 1 344064 393216
638 1 102400 106496
886 1 471040 479232
772 1 991232 994816
676 1 876544 880640
101 1 831488 835584
63 1 602112 630784
148 1 1018368 1018880
448 1 81920 86016
458 1 159744 163840
63 1 630784 634880
503 1 646656 647168
636 1 712704 729088
148 1 1018880 1019392
463 1 995840 997888
463 1 997888 1001984
846 1 884736 885248
523 1 823296 831488
543 1 376832 389120
148 1 1018880 1019392
523 1 831488 835584
453 1 524288 540672
453 1 688128 704512
453 1 933888 950272
819 1 950272 966656
17 1 32768 49152
194 1 966656 999424
194 1 704512 720896
820 1 327680 344064
194 1 1015808 1048576
820 1 81920 98304
195 1 163840 180224
916 2 778240 786432 786432 794624
194 1 851968 868352
252 1 770048 774144
384 1 172032 176128
812 1 274432 278528
424 1 278528 290816
424 1 237568 245760
854 1 122880 126976
337 1 712704 716800
265 1 352256 360448
505 1 53248 61440
264 1 954368 962560
265 1 389120 393216
505 2 724992 786432 786432 847872
498 1 552960 581632
677 1 77824 94208
676 2 782336 786432 786432 798720
676 1 831488 847872
646 1 966656 974848
269 1 344064 348160
905 1 696320 700416
795 1 393216 401408
794 1 897024 901120
320 1 507904 512000
66 1 876544 880640
812 1 671744 675840
900 1 819200 823296
416 1 643072 651264
646 1 974848 978944
499 1 913408 917504
500 1 131072 147456
639 1 962560 966656
409 1 860160 861184
386 1 524288 528384
369 1 798720 802816
369 1 790528 794624
158 1 1036288 1044480
239 1 409600 413696
391 1 708608 716800
159 1 28672 32768
492 1 946176 950272
683 1 319488 323584
67 1 716800 720896
292 1 700416 704512
837 1 249344 253440
837 1 249344 253440
244 1 20480 61440
159 1 28672 36864
162 1 831488 835584
513 1 839680 840704
378 1 589824 593920
81 3 36352 131072 131072 262144 262144 380416
424 1 352256 372736
796 1 155648 163840
452 1 32768 36864
90 1 679424 683520
644 1 232960 237056
451 1 667648 671744
796 1 163840 167936
14 1 434176 442368
4 1 942080 946176
95 1 53248 65536
346 1 811008 876544
598 1 933888 937984
841 1 626688 634880
347 1 659456 663552
599 1 147456 151552
114 1 659456 675840
13 1 757760 765952
265 1 434176 458752
15 1 319488 331776
15 1 499712 503808
941 1 954368 958464
198 1 577536 581632
270 1 577536 585728
114 1 634880 655360
971 1 53248 65536
14 1 65536 73728
13 1 864256 868352
267 1 753664 757760
114 1 667648 684032
576 1 557056 578048
258 1 561152 562176
401 1 794624 802816
898 1 765952 768000
501 1 147456 159744
638 1 36864 40960
184 3 589824 655360 655360 786432 786432 851968
391 1 20480 24576
183 4 589824 655360 655360 786432 786432 917504 917504 1048576
184 1 0 65536
206 1 262144 327680
184 5 65536 131072 131072 262144 262144 393216 393216 524288 524288 589824
959 1 307200 315392
365 1 131072 196608
364 1 262144 279040
29 1 815104 860160
180 1 655360 664064
390 1 1003520 1007616
365 1 589824 655360
29 1 860160 864256
366 1 0 65536
103 1 851968 880640
41 1 790528 794624
775 1 49152 65536
774 1 1044480 1048576
775 1 0 45056
775 1 655360 720896
421 1 655360 675840
980 1 831488 835584
884 1 868352 872448
88 1 66560 70144
165 1 429056 430080
507 1 557056 561152
40 1 1036288 1040384
830 1 323584 324608
855 1 180224 192512
992 1 585728 626688
264 1 901120 905216
287 1 184320 188416
941 1 913408 917504
339 1 225280 229376
280 1 1048064 1048576
281 1 0 3584
240 1 1048064 1048576
241 1 0 48640
281 1 3584 48640
702 1 954368 958464
34 1 987136 987648
25 1 360448 364544
31 1 466944 471040
31 1 561152 565248
491 1 12288 16384
104 1 786432 790528
385 1 700416 712704
837 1 941056 942592
941 1 983040 1007616
406 1 786432 790528
360 2 200704 262144 262144 327680
783 1 831488 835584
220 1 884736 888832
573 1 663552 696320
783 1 897024 901120
303 1 286720 372736
225 5 197120 262144 262144 393216 393216 524288 524288 655360 655360 721408
87 1 221184 225280
528 2 782336 786432 786432 798720
611 1 921600 925696
401 1 778240 782336
520 1 729088 737280
158 1 851968 872448
632 1 647168 655360
232 1 131072 139264
401 1 843776 847872
233 1 270336 282624
463 1 196608 212992
520 1 737280 741376
225 3 721408 786432 786432 917504 917504 1048576
226 2 0 131072 131072 197120
87 1 221184 225280
611 1 917504 921600
466 1 262144 266240
406 1 729088 733184
927 1 815104 819200
369 1 806912 815104
424 1 417792 438272
551 1 114688 122880
551 1 122880 126976
369 1 876544 892928
369 1 823296 831488
927 1 815104 827392
551 2 126976 131072 131072 135168
369 1 892928 897024
406 1 729088 737280
551 1 135168 139264
224 1 114176 114688
621 2 245760 262144 262144 270336
601 1 212992 217088
589 1 684032 688128
914 2 483328 524288 524288 561152
914 1 561152 565248
282 1 319488 335872
719 1 208896 212992
706 1 28672 40960
465 1 757760 761856
719 1 401408 405504
841 1 462848 466944
605 1 925696 929792
841 1 475136 479232
611 1 917504 921600
841 1 69632 73728
868 1 688128 692224
706 1 118784 122880
719 1 200704 204800
401 1 806912 811008
776 1 589824 602624
24 1 544768 548864
392 2 786432 917504 917504 1048576
393 2 0 131072 131072 196608
392 4 262144 393216 393216 524288 524288 655360 655360 786432
428 5 172032 262144 262144 393216 393216 524288 524288 655360 655360 696320
578 4 262144 393216 393216 524288 524288 655360 655360 786432
401 1 794624 806912
578 2 786432 917504 917504 1048576
579 2 0 131072 131072 262144
656 4 131072 262144 262144 393216 393216 524288 524288 655360
434 1 491520 524288
656 2 655360 786432 786432 917504
579 4 262144 393216 393216 524288 524288 655360 655360 786432
579 2 786432 917504 917504 1048576
580 2 0 131072 131072 196608
671 2 458752 524288 524288 655360
630 1 65536 131072
154 1 835584 901120
382 1 131072 196608
368 4 0 131072 131072 262144 262144 393216 393216 524288
420 2 327680 393216 393216 458752
368 3 524288 655360 655360 786432 786432 819200
401 1 729088 733184
424 1 1015808 1018880
868 1 626688 630784
367 1 692224 696320
817 1 53248 57344
90 1 679424 683520
134 1 638976 643072
64 1 413184 441856
189 1 602112 622592
117 1 491520 495616
634 4 544768 655360 655360 786432 786432 917504 917504 1048576
635 1 0 20480
522 1 983040 995328
346 2 745472 786432 786432 811008
95 1 65536 69632
500 1 929792 1048576
501 2 0 131072 131072 147456
603 1 335872 337920
201 1 520192 524288
834 1 774144 777216
891 1 114688 118784
113 1 299008 303104
891 1 106496 110592
401 1 733184 737280
114 1 585728 589824
891 1 110592 114688
604 2 774144 786432 786432 800256
883 1 458752 524288
77 1 307200 327680
825 1 917504 921600
825 1 528384 557056
336 1 561152 565248
826 1 249856 258048
570 1 102400 106496
801 2 376832 393216 393216 401408
85 1 835584 839680
941 1 700416 704512
8 1 495616 499712
21 1 946176 1011712
938 1 876544 884736
119 3 602624 655360 655360 786432 786432 860672
205 1 798720 806912
375 1 241664 245760
428 1 815104 823296
328 1 827392 851968
375 1 270336 274432
120 1 12288 82432
126 1 131072 135168
485 1 73728 75264
120 3 82432 131072 131072 262144 262144 274944
119 2 860672 917504 917504 1048576
120 1 0 8192
465 1 28672 32768
517 1 454656 458752
307 1 647168 651264
194 1 393216 397312
307 1 729088 733184
15 1 409600 430080
481 1 192512 204800
354 1 475136 507904
471 1 565248 569344
198 1 581632 614400
337 1 712704 716800
979 1 868352 869376
979 1 864256 868352
672 1 552960 557056
672 1 552960 557056
426 1 122880 131072
294 1 139264 147456
426 1 589824 593920
672 1 552960 561152
313 1 241664 249856
466 1 499712 503808
68 1 471040 499712
394 1 139264 142336
30 2 520192 524288 524288 573440
30 1 573440 577536
195 2 357376 393216 393216 422912
594 1 282624 286720
185 1 761856 770048
974 1 589824 593920
74 1 991232 1003520
974 1 589824 593920
171 1 65536 81920
256 1 531968 572928
229 1 163840 167936
82 1 892928 897024
462 1 405504 409600
995 1 835584 843776
611 1 921600 925696
165 1 430080 431104
464 1 636928 638464
467 1 174080 174592
854 1 282624 327680
124 1 847872 851968
799 1 778240 778752
510 1 925696 933888
860 1 270336 274432
306 1 196608 212992
306 1 212992 217088
799 1 778240 778752
510 1 929792 933888
860 1 270336 274432
201 1 659456 663552
903 1 4096 8192
306 1 217088 241664
224 1 1016320 1048576
225 4 0 131072 131072 262144 262144 393216 393216 492032
479 1 286720 299008
479 1 299008 303104
453 1 421888 425984
225 5 492032 524288 524288 655360 655360 786432 786432 917504 917504 1016320
20 1 1015808 1017856
195 1 225280 241664
16 1 417792 421888
215 1 708608 737280
421 1 229376 249856
224 1 77824 86016
107 1 430080 434176
94 1 757760 761856
525 1 372736 380928
525 1 380928 385024
107 1 434176 438272
224 1 86016 90112
401 1 794624 811008
421 1 294912 315392
747 1 598016 602112
401 1 741376 745472
401 1 806912 811008
747 1 598016 602112
401 1 741376 745472
54 1 217088 229376
401 1 806912 811008
72 1 749568 753664
747 1 598016 602112
101 1 516096 521216
529 1 331776 335872
241 3 52736 131072 131072 262144 262144 388608
462 1 540672 548864
256 3 577024 655360 655360 786432 786432 826880
281 4 52736 131072 131072 262144 262144 393216 393216 433664
219 1 306688 310784
462 1 241664 249856
287 1 188416 200704
995 1 847872 851968
192 1 81920 90112
895 5 471552 524288 524288 655360 655360 786432 786432 917504 917504 995840
776 1 602624 655360
47 1 786944 787456
141 1 671744 675840
830 1 324608 325632
847 1 405504 409600
488 1 483328 487424
165 1 431104 432128
278 1 524288 528384
406 1 806912 815104
697 1 434176 446464
431 1 0 4096
303 1 372736 376832
360 2 323584 393216 393216 434176
588 1 389120 393216
490 1 229376 233472
325 5 254464 262144 262144 393216 393216 524288 524288 655360 655360 778752
877 1 176128 180224
490 1 172032 180224
694 1 475136 491520
325 3 778752 786432 786432 917504 917504 1048576
326 1 0 45056
326 2 765952 786432 786432 831488
326 2 45056 131072 131072 188928
505 1 557056 569344
823 1 20480 24576
505 1 569344 573440
326 5 188928 262144 262144 393216 393216 524288 524288 655360 655360 713216
40 1 417792 421888
845 1 667648 671744
48 1 819200 823296
845 1 700416 708608
106 1 167936 172032
45 1 1044480 1048576
46 1 0 16384
194 1 446464 450560
335 1 847872 851968
209 1 356352 360448
194 1 643072 647168
307 1 450560 454656
194 1 323584 327680
209 1 380928 385024
431 1 86016 90112
589 1 634880 643072
181 1 880640 884224
128 1 36864 45056
67 1 323584 327680
252 1 475136 479232
252 1 430080 434176
979 1 778240 782336
283 1 978944 983040
941 1 1019904 1024000
874 1 73728 75264
933 1 839680 851968
198 1 614400 618496
681 1 974848 978432
434 1 507904 512000
646 1 819200 823296
29 1 487424 488960
481 1 204800 208896
578 1 491520 499712
378 1 655360 720896
611 1 917504 921600
382 1 393216 458752
611 1 913408 917504
538 1 536576 544768
382 1 851968 917504
538 1 544768 548864
525 1 778240 786432
246 1 983040 1036288
154 2 901120 917504 917504 1048576
155 3 0 131072 131072 262144 262144 376832
155 5 376832 393216 393216 524288 524288 655360 655360 786432 786432 901120
656 1 0 131072
156 3 376832 393216 393216 524288 524288 638976
525 1 917504 929792
155 2 901120 917504 917504 1048576
156 3 0 131072 131072 262144 262144 376832
423 1 851968 917504
670 2 786432 917504 917504 983040
737 1 344064 356352
347 2 876544 917504 917504 1048576
348 3 0 131072 131072 262144 262144 352256
348 4 352256 393216 393216 524288 524288 655360 655360 786432
40 1 417792 421888
190 1 978944 999424
580 1 0 81920
40 1 409600 413696
55 1 856064 860160
503 1 954368 966656
991 1 684032 688640
409 2 761856 786432 786432 790528
40 1 831488 839680
40 1 720896 724992
40 1 856064 860160
949 1 614400 618496
998 1 32768 36864
209 1 987136 991232
209 2 626688 655360 655360 700416
461 1 1024000 1028096
45 1 605696 612864
232 1 589824 593920
947 1 487424 491520
137 1 692224 696320
945 1 106496 114688
279 1 589824 593920
282 1 876544 880640
372 1 90112 94208
496 1 823296 827392
975 1 1044480 1048576
941 1 937984 962560
125 1 860160 880640
316 1 57344 61440
269 1 299008 303104
252 1 925696 929792
316 1 40960 45056
269 1 282624 286720
98 1 278528 286720
733 1 864256 864768
372 1 15872 19968
278 1 696320 700416
580 1 692224 696320
144 1 126976 131072
521 1 598016 602112
891 1 65536 77824
692 1 450560 487424
387 1 147456 149504
401 1 798720 802816
737 1 425984 430080
114 1 188416 192512
636 1 104448 105984
933 1 856064 864256
848 1 614400 615936
834 1 442368 443904
906 1 569344 634880
308 1 86016 90112
992 1 626688 630784
447 1 86016 102400
562 4 598016 655360 655360 786432 786432 917504 917504 1048576
563 1 0 73728
464 1 638464 639488
850 1 491520 495616
855 1 192512 196608
488 1 544768 548864
467 1 174592 175616
434 1 282624 286720
830 1 325632 326656
420 1 856064 860160
931 1 595968 597504
165 1 432128 433152
369 1 864256 868352
95 2 753664 786432 786432 819200
198 1 425984 426496
96 1 827392 892928
97 2 237568 262144 262144 303104
13 1 163840 167936
98 1 327680 393216
30 1 843776 851968
680 1 40960 45056
371 1 294912 299008
850 1 774144 778240
13 1 741376 745472
98 1 917504 938496
744 2 626688 655360 655360 667648
98 1 938496 983040
809 1 106496 110592
744 1 667648 671744
16 1 417792 425984
931 1 802816 806912
931 1 786432 798720
385 1 602112 606208
255 1 692224 696320
854 1 557056 561152
941 1 991232 995328
624 1 843776 851968
648 1 81920 94208
941 1 962560 970752
572 1 888832 897024
854 1 557056 561152
963 1 917504 921600
941 1 925696 929792
941 1 1032192 1036288
572 1 897024 901120
854 1 557056 561152
425 1 741376 761856
160 1 761856 774144
777 1 0 65536
462 1 1011712 1019904
646 1 73728 77824
646 1 155648 159744
646 1 57344 61440
895 1 995840 1048576
896 4 0 131072 131072 262144 262144 393216 393216 471552
645 1 897024 905216
490 1 577536 581632
64 1 441856 445952
796 1 167936 204800
346 2 876544 917504 917504 937984
490 1 614400 618496
14 1 442368 454656
452 1 32768 40960
87 1 454144 470528
87 1 699904 716288
87 2 781824 786432 786432 798208
772 1 269824 286208
424 1 294912 311296
86 1 683520 699904
613 1 909312 913408
317 1 978944 983040
148 1 192512 196608
786 1 286720 290816
205 1 589824 593920
672 1 557056 561152
394 1 135168 139264
467 1 331776 335872
680 1 192512 196608
68 1 499712 503808
463 1 884736 888832
476 1 528384 532480
672 1 557056 561152
476 1 585728 589824
518 1 827392 831488
672 1 557056 561152
234 1 589824 593920
287 1 200704 204800
222 1 61440 65536
455 1 663552 675840
82 1 897024 905216
45 1 612864 615424
24 1 421888 425984
616 1 503808 507904
613 1 118784 122880
872 2 782336 786432 786432 794624
805 1 749568 782336
155 1 1007616 1024000
401 1 778240 786432
520 1 741376 749568
800 1 872448 880640
775 1 614400 618496
520 1 749568 753664
611 1 921600 925696
430 1 737280 741376
401 1 847872 851968
528 3 782336 786432 786432 917504 917504 962560
520 1 753664 761856
823 1 8192 65536
520 1 761856 765952
401 1 729088 733184
303 1 114688 115712
800 4 466944 524288 524288 655360 655360 786432 786432 905216
801 1 442368 458752
800 1 983040 999424
303 1 376832 385024
401 1 737280 749568
662 1 704512 708608
406 1 729088 733184
406 1 786432 794624
331 1 995328 999424
307 1 663552 667648
589 1 643072 647168
116 1 401408 405504
71 1 294912 323584
301 1 708608 733184
301 1 733184 749568
104 1 442368 446464
733 1 864768 865280
75 1 630784 638976
574 1 544768 548864
3 1 737280 737792
733 1 865280 869376
941 1 1024000 1032192
985 1 974848 983040
985 1 1011712 1019904
405 1 786432 790528
790 1 122880 124928
424 1 139264 143360
524 1 450560 458752
157 1 1011712 1015808
524 1 589824 602112
740 1 442368 446464
102 1 323584 335872
102 1 335872 339968
986 1 987136 991232
930 1 757760 761856
270 1 708608 745472
270 1 745472 749568
38 1 811008 819200
226 1 774144 777216
881 1 921600 923136
38 2 868352 917504 917504 925696
205 1 802816 806912
120 1 950272 978944
126 1 135168 147456
120 5 340480 393216 393216 524288 524288 655360 655360 786432 786432 836096
126 1 147456 151552
465 1 28672 32768
126 1 151552 159744
120 2 836096 917504 917504 950272
712 2 253952 262144 262144 266240
712 1 622592 626688
716 1 819200 868352
309 1 983040 987136
471 1 561152 565248
122 1 843776 860160
539 1 319488 327680
354 1 475136 479232
13 1 819200 823296
367 1 122880 126976
198 1 618496 626688
56 1 491520 495616
311 1 745472 749568
421 1 458752 524288
627 1 131072 196608
574 1 503808 507904
889 1 991232 992768
892 1 921600 925696
421 1 983040 1048576
574 1 606208 614400
434 1 65536 131072
80 2 118272 131072 131072 134656
93 1 200192 216576
87 1 716288 732672
80 1 151040 167424
93 1 757248 773632
92 1 495104 511488
85 1 765440 781824
92 1 691712 708096
95 1 69632 81920
83 1 626176 642560
796 1 204800 208896
91 1 687616 704000
83 1 544256 560640
84 1 929280 945664
89 1 867840 884224
820 1 859648 876032
93 1 888320 904704
93 2 904704 917504 917504 921088
681 5 356352 393216 393216 524288 524288 655360 655360 786432 786432 880640
886 1 303104 307200
715 1 61440 90112
645 1 1024000 1028096
777 1 917504 983040
800 1 831488 851968
537 1 688128 708608
778 1 393216 400896
800 1 917504 933888
873 1 290816 294912
702 1 950272 954368
420 1 376832 380928
702 1 954368 958464
0 1 438272 458752
401 1 798720 802816
655 4 0 131072 131072 262144 262144 393216 393216 524288
356 1 851968 917504
655 4 524288 655360 655360 786432 786432 917504 917504 1048576
401 1 737280 741376
424 1 262144 327680
154 2 704512 786432 786432 835584
407 1 45056 49152
934 1 319488 322560
467 1 175616 176640
464 1 639488 640512
884 1 868352 880640
992 1 630784 638976
401 1 729088 733184
873 1 921600 929792
564 1 65536 77824
323 1 491520 503808
915 1 208896 212992
446 1 839680 851968
303 1 385024 389120
633 1 32768 34304
662 1 753664 761856
633 1 69632 73728
797 1 139264 196608
577 1 692224 696320
911 1 61440 65536
979 2 122880 131072 131072 229376
692 1 487424 491520
489 1 491520 495616
737 1 569344 573440
929 1 393216 397312
489 1 507904 512000
941 1 983040 987136
738 1 299008 303104
929 1 397312 401408
284 2 45056 131072 131072 241664
275 2 888832 917504 917504 1048576
276 2 0 131072 131072 253952
306 3 679424 786432 786432 917504 917504 978432
306 5 155136 262144 262144 393216 393216 524288 524288 655360 655360 679424
434 1 458752 524288
209 1 700416 704512
837 1 167936 172032
369 1 798720 802816
501 1 954368 974848
287 1 208896 221184
45 1 615424 617472
82 1 905216 909312
384 1 991232 1048576
738 1 262144 327680
738 1 655360 786432
739 1 131072 196608
739 1 327680 393216
739 1 524288 589824
740 1 262144 327680
68 1 974848 978944
772 2 0 131072 131072 262144
57 5 458752 524288 524288 655360 655360 786432 786432 917504 917504 983040
57 1 983040 1048576
58 4 0 131072 131072 262144 262144 393216 393216 458752
58 5 458752 524288 524288 655360 655360 786432 786432 917504 917504 983040
800 1 1040384 1048576
801 1 335872 372736
801 1 20480 45056
880 1 540672 541696
185 1 770048 774144
594 1 282624 294912
383 1 307200 311296
185 1 774144 782336
462 1 286720 291840
245 1 453632 454656
381 1 708608 712704
185 1 782336 786432
574 1 589824 598016
245 1 454656 455168
594 1 286720 290816
574 1 598016 602112
185 1 786432 794624
435 1 1044480 1048576
733 1 869376 872448
229 1 552960 553984
229 1 553984 558080
104 1 786432 790528
704 1 663552 667648
505 2 253952 262144 262144 278528
401 1 741376 745472
401 1 806912 811008
747 1 598016 602112
401 1 741376 745472
499 1 471040 491520
401 1 806912 815104
504 1 995328 999424
747 1 598016 602112
954 1 626688 630784
312 1 155648 159744
481 1 208896 221184
198 1 626688 630784
505 1 847872 851968
471 1 565248 569344
279 1 233472 237568
830 1 327680 339968
917 1 28672 32768
860 1 909312 913408
917 1 102400 106496
175 1 958464 1048576
176 1 0 106496
623 1 983040 1048576
184 1 524288 655360
424 1 393216 524288
174 1 958464 1048576
175 4 0 131072 131072 262144 262144 393216 393216 434176
175 5 434176 524288 524288 655360 655360 786432 786432 917504 917504 958464
696 1 0 4096
775 1 200704 204800
184 4 0 131072 131072 262144 262144 393216 393216 524288
187 1 983040 1048576
188 1 0 8192
451 1 667648 671744
117 1 495616 499712
189 1 602112 606208
164 1 610304 614400
90 1 679424 683520
987 5 409600 524288 524288 655360 655360 786432 786432 917504 917504 933888
727 1 343552 351744
95 1 81920 86016
117 1 491520 495616
796 1 237568 241664
796 1 208896 212992
175 1 831488 835584
463 1 24576 32768
896 2 471552 524288 524288 565248
897 1 65536 81920
896 2 864256 917504 917504 918016
442 1 159744 167936
229 1 700416 708608
701 1 876544 880640
184 1 983040 1011712
199 1 1007616 1011712
108 1 1040384 1048576
646 1 978944 991232
646 1 991232 995328
575 1 229376 237568
690 1 368640 372736
109 1 0 4096
575 1 237568 241664
634 1 937984 942080
663 1 483328 491520
634 1 933888 937984
421 1 446464 458752
421 1 851968 856064
401 1 733184 745472
679 1 352256 393216
159 1 28672 32768
208 1 208896 217088
208 1 217088 221184
659 2 106496 131072 131072 139264
837 1 249344 253440
957 1 196608 200704
837 1 249344 253440
944 1 397312 401408
944 1 389120 393216
244 1 61440 65536
165 1 57344 58368
837 1 249344 253440
837 1 249344 253440
830 1 326656 327680
855 1 196608 204800
40 1 1040384 1044480
467 1 176640 177664
464 1 640512 641536
929 1 393216 397312
563 5 73728 131072 131072 262144 262144 393216 393216 524288 524288 585728
611 1 917504 921600
813 1 53248 58880
120 1 978944 1048576
121 3 0 131072 131072 262144 262144 340480
126 1 159744 163840
406 1 794624 798720
844 1 557056 561152
287 1 221184 225280
336 1 602112 606208
872 1 790528 794624
872 1 790528 794624
415 2 905216 917504 917504 937984
46 1 16384 28672
872 1 790528 794624
74 1 1003520 1015808
12 1 466944 479232
331 1 299008 319488
8 1 466944 479232
446 1 790528 794624
5 1 94208 98304
941 1 966656 970752
554 1 954368 962560
621 1 897024 905216
474 1 217088 221184
554 1 962560 966656
78 1 708608 724992
621 1 905216 909312
963 1 917504 921600
474 1 159744 167936
56 1 548864 557056
664 1 700416 704000
941 1 995328 999424
474 1 659456 675840
854 1 557056 561152
941 1 1032192 1036288
474 1 221184 225280
813 1 225280 233472
665 1 524288 528384
858 1 589824 655360
406 1 794624 798720
381 1 581632 647168
712 1 36864 40960
701 2 348160 393216 393216 413696
703 2 339968 393216 393216 405504
518 1 876544 880640
547 1 945664 949760
518 1 1044480 1048576
901 1 1007616 1011712
18 1 638976 643072
672 1 557056 569344
672 1 561152 565248
475 1 262144 327680
489 1 520192 524288
738 1 692224 696320
636 1 105472 106496
524 1 983040 999424
401 1 811008 819200
190 1 589824 593920
986 1 917504 921600
483 1 188416 192512
45 1 617472 619520
483 1 270336 274432
74 1 589824 593920
244 1 614400 618496
941 1 962560 978944
401 1 794624 798720
401 1 724992 729088
217 1 327680 328192
0 1 20480 24576
0 1 0 4096
187 5 458752 524288 524288 655360 655360 786432 786432 917504 917504 983040
770 1 831488 839680
203 1 851968 917504
426 1 524288 655360
166 2 892928 917504 917504 958464
359 1 458752 524288
405 2 258048 262144 262144 270336
426 1 720896 786432
805 1 573440 577536
855 1 204800 208896
467 1 177664 178688
401 1 794624 798720
992 1 638976 643072
447 1 102400 114688
420 1 860160 872448
884 1 872448 876544
406 1 729088 733184
502 1 204800 221184
326 1 713216 765952
327 2 831488 917504 917504 1048576
328 2 0 131072 131072 254464
694 1 491520 512000
614 1 462848 471040
490 1 241664 245760
328 2 254464 262144 262144 307200
502 1 221184 241664
328 1 831488 897024
406 1 794624 798720
329 1 45056 110592
61 1 786432 802816
614 1 471040 475136
83 1 684032 688128
844 1 704512 708608
529 1 372736 376832
279 1 4096 8192
101 1 528384 533504
198 1 630784 638976
498 1 659456 663552
198 1 638976 643072
481 1 221184 225280
672 1 561152 565248
475 1 720896 786432
927 1 819200 823296
369 1 827392 831488
551 1 139264 147456
369 1 892928 905216
551 1 147456 151552
726 1 221184 237568
500 1 815104 823296
927 1 819200 823296
551 1 151552 159744
551 1 159744 163840
927 1 819200 823296
551 1 163840 172032
551 1 172032 176128
927 1 819200 823296
40 2 860160 917504 917504 921600
347 1 638976 643072
148 1 552960 557056
445 1 172032 204800
949 1 872448 876544
603 1 917504 983040
445 1 204800 208896
499 1 577536 589824
401 1 798720 802816
543 2 258048 262144 262144 282624
114 1 548864 552960
543 1 282624 286720
572 1 114688 122880
106 1 557056 560640
572 1 122880 126976
104 1 28672 32768
104 1 151552 155648
207 1 344064 356352
58 1 274432 278528
614 1 1028096 1032192
64 1 445952 478720
424 1 311296 327680
90 1 679424 683520
452 1 36864 49152
827 1 475136 487424
424 1 983040 987136
562 2 757760 786432 786432 790528
796 1 241664 245760
64 1 478720 482816
104 1 749568 753664
306 1 241664 245760
510 1 929792 933888
903 1 8192 12288
860 1 270336 274432
406 1 823296 835584
510 2 425984 524288 524288 557056
306 2 245760 262144 262144 286720
353 1 798720 802816
306 1 286720 290816
406 1 765952 770048
406 1 831488 835584
510 1 929792 933888
860 1 270336 274432
353 1 798720 802816
306 1 290816 319488
800 1 933888 937984
896 3 565248 655360 655360 786432 786432 860160
462 1 1019904 1024000
184 1 1011712 1015808
175 1 798720 802816
873 1 290816 294912
620 1 761856 770048
896 1 983552 1048576
897 1 0 65536
463 1 28672 32768
620 1 770048 774144
897 4 81920 131072 131072 262144 262144 393216 393216 475648
887 1 110592 111104
888 1 557056 585728
544 1 118784 122880
544 1 110592 114688
971 1 888832 897024
544 1 122880 126976
513 1 61440 65536
904 1 835584 843776
321 1 49152 98304
481 1 364544 368640
321 1 98304 102400
440 1 45056 49152
703 1 1040384 1044480
704 1 0 61440
406 1 729088 733184
911 1 61440 65536
487 1 81920 114688
406 1 794624 798720
702 1 761856 765952
702 1 749568 753664
209 1 151552 155648
985 1 348160 352256
82 1 909312 917504
287 1 225280 237568
211 2 118272 131072 131072 134656
210 1 753152 769536
342 1 413696 417792
211 2 216576 262144 262144 265728
281 1 433664 437760
717 1 1003520 1007616
82 1 917504 921600
877 1 1015808 1032192
887 1 40960 90112
964 1 327680 344064
734 1 40960 57344
108 1 811008 827392
288 1 798720 815104
943 1 462848 512000
83 1 815104 819200
520 1 765952 774144
401 1 794624 802816
520 1 774144 778240
401 1 733184 737280
83 1 815104 819200
401 1 798720 802816
775 1 614400 618496
430 1 737280 741376
401 1 733184 737280
401 1 798720 811008
944 4 639488 655360 655360 786432 786432 917504 917504 1048576
945 1 0 115200
945 5 115200 131072 131072 262144 262144 393216 393216 524288 524288 639488
945 2 639488 655360 655360 782336
945 2 786432 917504 917504 1048576
946 1 0 16384
946 1 802816 868352
946 1 16384 53760
945 1 323584 331776
938 1 790528 794624
938 1 778240 782336
946 5 53760 131072 131072 262144 262144 393216 393216 524288 524288 578048
946 3 578048 655360 655360 786432 786432 802816
32 1 32768 78336
67 1 700416 708608
31 2 860160 917504 917504 1048576
437 1 528384 532480
580 1 618496 626688
739 1 69632 73728
891 1 73728 77824
803 2 438272 524288 524288 589824
824 3 720896 786432 786432 917504 917504 1048576
825 1 0 122880
447 1 442368 450560
992 1 643072 647168
855 1 208896 217088
873 1 929792 942080
434 1 282624 286720
40 1 1036288 1040384
406 1 1028096 1032192
899 1 950272 1048576
900 4 0 131072 131072 262144 262144 393216 393216 425984
95 1 86016 94208
207 1 266240 282624
669 1 487424 491520
551 1 581120 585216
117 1 495616 499712
413 1 626688 630784
31 1 999424 1048576
32 4 0 131072 131072 262144 262144 393216 393216 475136
413 1 241664 245760
412 1 163840 167936
412 1 925696 929792
412 1 155648 159744
413 1 995328 999424
42 1 450560 454656
58 1 983040 1048576
59 4 0 131072 131072 262144 262144 393216 393216 458752
59 5 458752 524288 524288 655360 655360 786432 786432 917504 917504 983040
60 3 458752 524288 524288 655360 655360 716800
59 1 983040 1048576
60 4 0 131072 131072 262144 262144 393216 393216 458752
60 1 716800 720896
60 1 716800 720896
273 1 909312 913408
417 1 106496 110592
406 1 729088 737280
914 1 188416 190976
145 1 524288 589824
417 1 356352 360448
37 1 692224 696320
263 1 655360 720896
28 1 790528 794624
450 1 466944 475136
715 1 90112 94208
573 1 245760 246784
632 1 385024 393216
674 1 4096 8192
216 1 331776 335872
643 1 696320 704512
219 1 397312 401408
350 1 1044480 1048576
351 1 0 36864
351 1 36864 40960
448 1 73728 77824
258 1 446464 450560
687 1 1019904 1024000
518 1 307200 339968
442 1 159744 163840
518 1 405504 438272
518 1 356352 389120
184 1 851968 917504
580 1 626688 630784
274 2 651264 655360 655360 667648
253 2 520192 524288 524288 536576
929 1 393216 397312
107 1 598016 606208
0 1 339968 344064
885 1 421888 425984
672 1 561152 565248
192 1 507904 512512
685 1 413696 417792
847 1 626688 630784
283 1 720896 729088
225 1 1016320 1048576
226 4 0 131072 131072 262144 262144 393216 393216 492032
238 1 81920 114688
62 1 471040 475136
226 5 492032 524288 524288 655360 655360 786432 786432 917504 917504 1016320
515 1 565248 573440
515 1 573440 577536
226 1 1016320 1048576
227 4 0 131072 131072 262144 262144 393216 393216 492032
7 1 143360 147456
30 1 927744 928256
12 1 544768 552960
227 5 492032 524288 524288 655360 655360 786432 786432 917504 917504 1016320
30 1 927744 928768
227 1 1016320 1048576
228 1 0 57856
12 1 483328 487424
88 1 262656 263168
704 1 667648 671744
217 1 536576 540672
217 1 331776 335872
60 1 237568 241664
424 1 303104 323584
406 1 794624 798720
476 1 131072 196608
651 1 634880 647168
381 1 647168 651264
783 1 831488 835584
138 1 311296 315392
142 1 446464 450560
327 1 544768 548864
142 1 319488 323584
499 1 311296 315392
450 1 196608 200704
142 1 344064 348160
610 1 581632 585728
610 1 589824 593920
178 2 421888 524288 524288 548864
445 1 651264 652288
309 1 147456 151552
280 1 249856 253952
471 1 561152 565248
354 2 507904 524288 524288 540672
167 1 708608 729088
167 1 839680 843776
462 1 1003520 1007616
474 1 716800 720896
474 1 675840 688128
963 1 917504 921600
57 1 425984 430080
941 1 929792 933888
78 1 724992 745472
522 1 712704 715776
5 1 241664 245760
881 1 708608 716800
24 1 856064 860160
854 1 557056 561152
370 1 527872 531968
858 1 516096 520192
262 1 491520 499712
262 1 499712 503808
7 1 774144 778240
204 1 57344 61440
177 1 290816 294912
769 1 864256 876544
401 1 745472 749568
401 1 811008 815104
747 1 598016 602112
401 1 745472 749568
916 1 303104 304128
499 1 491520 503808
401 1 794624 798720
325 1 483328 503808
784 1 454656 475136
718 1 536576 539136
804 1 1011712 1014784
667 1 282624 284672
724 1 475136 479232
128 1 966656 969728
128 1 49152 51712
462 1 1019904 1024000
157 1 131072 143360
537 1 708608 720896
401 1 794624 802816
287 1 237568 241664
501 1 974848 983040
256 1 826880 830976
241 1 388608 392704
126 1 69632 73728
255 1 155648 159744
137 1 712704 733184
879 1 91136 92160
185 1 794624 798720
401 1 737280 745472
552 1 532480 540672
555 1 192512 196608
481 1 524288 528384
481 1 479232 487424
985 1 28672 32768
857 1 630784 643072
964 2 98304 131072 131072 221184
488 1 192512 196608
4 1 536064 537600
964 1 221184 225280
405 1 270336 274432
434 1 589824 655360
627 1 720896 786432
608 1 917504 1048576
609 3 0 131072 131072 262144 262144 393216
777 1 319488 323584
609 1 917504 1048576
610 3 0 131072 131072 262144 262144 393216
609 4 393216 524288 524288 655360 655360 786432 786432 917504
610 4 393216 524288 524288 655360 655360 786432 786432 917504
519 1 307200 315392
373 1 651264 655360
762 1 880640 884736
27 1 237568 241664
228 1 135168 139264
0 1 196608 200704
712 1 290816 294912
111 1 458752 462848
852 1 180224 184320
710 1 741376 745472
832 1 872448 876544
741 1 937984 942080
437 1 536576 544768
941 1 917504 925696
194 1 147456 155648
45 1 507904 516096
524 1 794624 798720
114 1 720896 724992
198 2 643072 655360 655360 675840
457 1 512000 516096
161 1 778240 782336
510 1 819200 823296
864 1 299008 303104
563 4 585728 655360 655360 786432 786432 917504 917504 1044480
855 1 217088 221184
401 1 729088 737280
611 1 921600 925696
40 1 1040384 1044480
884 1 872448 876544
611 1 917504 921600
89 1 753664 757760
637 1 548864 552960
88 1 380928 385024
783 1 897024 901120
637 1 417792 421888
89 1 8192 12288
389 1 106496 131072
406 1 729088 733184
966 1 0 12288
148 1 540672 557056
530 1 851968 860160
8 1 733184 737280
76 1 1028096 1032192
98 1 884736 888320
911 1 704000 708096
32 2 143872 262144 262144 303104
76 1 1024000 1028096
946 1 220672 224768
847 1 146944 151040
786 1 56832 65024
906 1 847360 851456
848 1 364032 368128
307 1 179712 183808
90 1 851456 855552
77 1 245248 249344
920 1 368128 372224
35 1 966656 1048576
36 1 0 49152
744 1 56832 65024
801 1 303104 315392
876 1 266240 393216
171 1 8192 12288
719 1 0 12288
170 1 991232 995328
476 1 851968 917504
281 1 581632 585728
481 1 225280 237568
166 1 942080 958464
341 2 589824 655360 655360 663552
218 1 933888 937984
253 1 811008 815104
198 1 675840 679936
595 1 937984 946176
222 1 53248 57344
287 1 241664 253952
502 1 393216 397312
850 1 598016 602112
126 1 77824 81920
183 1 331776 335872
998 1 221184 229376
222 1 65536 69632
595 1 946176 950272
82 1 921600 954368
742 1 475136 479232
771 1 733184 757760
437 1 548864 557056
799 1 159744 163840
636 1 105984 107520
95 1 94208 98304
81 1 36352 69120
14 1 454656 462848
796 1 245760 253952
117 1 491520 495616
289 1 962048 974336
91 1 1015296 1031680
289 1 859648 863744
528 1 704512 716800
33 5 151552 262144 262144 393216 393216 524288 524288 655360 655360 675840
819 2 475136 524288 524288 577536
331 1 794624 843776
798 1 196608 200704
923 1 131072 135168
561 1 884736 892928
947 1 675840 679936
722 1 143360 147456
157 1 540672 557056
897 5 475648 524288 524288 655360 655360 786432 786432 917504 917504 999936
106 1 536576 540672
463 1 28672 32768
705 1 888832 892928
604 1 830976 835072
604 1 830976 835072
100 1 184320 188416
845 1 192512 193536
179 1 905216 909312
887 1 684032 688128
284 1 745472 749568
74 1 585728 589824
129 1 385024 389120
73 1 274432 282624
740 1 376832 380928
919 1 999424 1003520
520 1 376832 393216
520 1 524288 528384
310 1 520192 524288
121 5 340480 393216 393216 524288 524288 655360 655360 786432 786432 864768
252 1 958464 966656
195 1 540672 548864
518 1 536576 540672
714 1 626688 630784
405 1 401408 409600
18 1 131072 147456
121 2 864768 917504 917504 1048576
122 3 0 131072 131072 262144 262144 340480
360 1 606208 638976
448 1 32768 57344
447 1 1007616 1048576
877 1 786432 827392
207 1 274432 339968
828 1 708608 774144
963 1 917504 921600
425 1 761856 774144
941 1 966656 970752
881 1 712704 716800
941 1 995328 999424
406 1 794624 798720
220 1 438272 475136
220 1 475136 479232
854 1 557056 561152
941 1 1032192 1036288
963 1 917504 921600
896 1 1044480 1048576
897 1 0 4096
25 1 1044480 1048576
26 1 0 32768
864 2 901120 917504 917504 929792
197 1 454656 455168
704 1 663552 667648
104 1 786432 790528
417 1 49152 65536
983 2 450560 524288 524288 528384
217 1 327680 328192
727 1 675840 692224
941 1 983040 987136
704 1 667648 671744
406 1 794624 798720
424 1 303104 323584
250 1 163840 196608
575 1 1032192 1040384
253 1 589824 638976
369 1 864256 868352
406 2 253952 262144 262144 274432
369 1 790528 794624
379 1 0 4096
942 1 462848 466944
59 1 512000 520192
627 1 843776 860160
883 1 458752 524288
549 1 368640 385024
983 1 319488 323584
96 1 430080 442368
337 1 712704 716800
354 1 507904 512000
672 1 561152 565248
672 1 561152 569344
426 1 557056 577536
672 1 565248 569344
564 1 61440 65536
962 1 442368 446464
512 1 430080 458752
855 1 221184 233472
264 1 901120 905216
715 1 266240 290816
562 1 942080 950272
191 1 843264 859648
191 1 859648 863744
379 1 978432 982528
16 1 413696 417792
107 1 430080 434176
94 1 757760 761856
107 1 434176 438272
107 1 430080 434176
94 1 757760 761856
107 1 434176 438272
107 1 430080 434176
94 1 757760 761856
107 1 434176 438272
844 1 8192 12288
866 1 49152 53248
804 1 94208 106496
804 1 110592 114688
687 1 507904 512000
932 1 1028096 1032192
214 1 32768 36864
683 1 20480 24576
168 1 188416 192512
599 1 876544 880640
687 1 442368 446464
677 1 569344 581632
677 1 643072 647168
96 1 946176 950272
287 1 253952 258048
984 1 983040 987136
82 1 954368 958464
844 1 913408 917504
477 1 262144 327680
719 1 12288 16384
477 1 786432 851968
779 1 987136 990208
406 1 798720 802816
406 1 733184 737280
426 1 684032 688128
839 1 462848 471040
406 1 798720 802816
427 1 884736 892928
792 1 565248 573440
406 1 733184 737280
406 1 798720 802816
459 1 94208 98304
406 1 733184 737280
786 1 421888 430080
943 1 401408 405504
406 1 798720 806912
188 1 503808 507904
876 3 524288 655360 655360 786432 786432 868352
800 1 454656 462848
876 1 995328 1007616
876 1 1044480 1048576
877 1 0 4096
939 1 339968 376832
939 1 376832 380928
614 1 831488 835584
613 1 262144 262656
613 1 262656 263168
613 1 263168 267264
613 1 267264 271360
611 1 917504 921600
507 1 323584 327680
480 1 257536 261632
614 1 835584 836096
611 1 921600 925696
614 1 839680 843776
614 1 847872 851968
611 1 917504 921600
614 1 835584 836096
611 1 921600 925696
613 1 884736 885248
941 1 929792 933888
361 1 897024 905216
58 1 44544 48640
58 1 421376 425472
727 1 790016 794112
906 1 69120 73216
555 1 622592 630784
77 1 249344 253440
207 1 188416 192512
307 1 183808 187904
271 1 192512 196096
69 1 855552 859648
523 1 909312 917504
523 1 917504 921600
203 1 278528 282624
559 1 774144 782336
562 1 245760 249856
420 1 995328 1015808
726 1 237568 241664
551 1 176128 184320
726 1 458752 462848
726 1 851968 864256
551 1 184320 188416
500 1 761856 765952
927 1 819200 823296
93 1 12288 16384
551 1 188416 196608
551 1 196608 200704
927 1 819200 823296
551 1 200704 208896
551 1 208896 212992
607 1 278528 282624
80 1 884736 888832
420 1 737280 753664
401 1 733184 745472
184 1 954368 962560
401 1 802816 815104
401 1 794624 798720
185 1 49152 53248
796 1 253952 258048
424 1 409600 417792
90 1 679424 683520
424 1 372736 376832
88 1 749568 757760
819 4 581632 655360 655360 786432 786432 917504 917504 999424
401 1 794624 802816
406 1 794624 798720
742 1 483328 487424
858 1 561152 562688
309 1 40960 49152
575 1 966656 974848
588 1 884736 892928
401 1 794624 815104
205 1 471040 473600
178 1 544768 548864
483 2 727040 786432 786432 792576
414 1 167424 187904
239 1 573440 577536
288 1 847872 851968
325 1 81920 86016
823 1 872448 876544
420 1 753664 761856
575 1 1040384 1044480
390 1 184320 192512
672 1 565248 569344
373 1 438272 442368
512 1 348160 352256
363 1 593920 602112
854 1 557056 565248
325 1 659456 672768
864 1 135168 143360
321 1 741376 745472
577 1 999424 1003520
864 1 143360 147456
369 1 905216 909312
542 1 413696 421888
877 1 827392 831488
866 1 143360 155648
510 1 557056 573440
646 1 647168 651264
120 1 643072 651264
4 1 401408 409600
752 1 950272 954368
649 1 626688 630784
336 1 815104 860160
122 3 340480 393216 393216 524288 524288 606720
495 1 839680 856064
894 1 1019904 1048576
542 1 421888 425984
858 1 565248 569344
971 2 761856 786432 786432 802816
176 1 1044480 1048576
177 1 0 20480
32 1 483328 487424
966 1 8192 20480
8 1 798720 802816
406 1 794624 798720
902 1 479232 483328
32 1 413696 417792
8 1 733184 737280
424 1 221184 241664
406 1 794624 806912
8 1 798720 802816
499 1 575488 576000
406 1 729088 741376
941 1 917504 925696
424 1 323584 327680
532 1 348160 356352
742 1 0 4096
543 1 69632 77824
425 1 196608 204800
5 1 401408 434176
532 1 356352 360448
941 1 987136 991232
406 1 729088 733184
543 1 974848 983040
402 1 339968 348160
74 1 188416 192512
837 1 249344 257536
604 1 830976 839168
679 1 458752 479232
525 1 782336 786432
679 1 479232 483328
526 1 393216 405504
406 1 794624 802816
421 1 856064 876544
989 1 221184 225280
525 1 847872 851968
526 1 405504 409600
526 1 131072 143360
421 1 405504 425984
218 1 954368 958464
280 1 24576 28672
941 1 954368 962560
198 1 679936 688128
471 1 565248 569344
341 1 663552 667648
564 5 77824 131072 131072 262144 262144 393216 393216 524288 524288 598016
96 1 315392 319488
420 1 872448 880640
464 1 700416 710144
664 1 765952 770048
855 1 233472 237568
7 2 819712 917504 917504 1048576
8 3 0 131072 131072 262144 262144 295424
5 1 278528 282624
263 1 221184 229376
108 1 217088 225280
287 2 258048 262144 262144 270336
478 1 524288 536576
164 1 659456 663552
137 1 712704 716800
624 1 815104 823296
134 1 286720 335872
478 1 548864 552960
625 1 708608 712704
137 1 794624 798720
451 1 475136 479232
311 1 901120 913408
286 1 303104 307200
835 1 589824 593920
620 1 311296 315392
835 1 577536 581632
311 1 909312 913408
150 1 716800 753664
150 1 753664 757760
539 1 172032 180224
539 1 180224 184320
885 1 901120 905216
258 1 598016 599552
406 1 765952 770048
306 1 319488 323584
406 1 831488 835584
353 1 798720 802816
406 1 765952 770048
406 1 831488 835584
353 1 798720 802816
406 1 765952 774144
226 1 507904 512000
489 1 458752 475136
639 1 98304 131072
406 1 835584 839680
639 1 131072 135168
353 1 798720 802816
801 1 61440 65536
802 1 675840 741376
864 1 958464 974848
859 1 458240 462336
617 1 687616 691712
478 1 196608 262144
479 1 524288 589824
479 1 983040 1048576
660 1 471040 475136
442 1 217088 225280
929 1 397312 401408
575 1 974848 978944
588 1 892928 897024
552 1 155648 204800
406 1 724992 729088
982 1 278016 282112
982 1 282112 318976
414 1 782336 786432
173 1 741376 743424
173 1 659456 663552
341 1 263680 264192
12 1 548864 552960
228 1 57856 65536
890 1 831488 832512
520 1 344064 360448
829 1 356352 358912
401 1 794624 798720
228 4 69632 131072 131072 262144 262144 393216 393216 496128
30 1 928256 928768
228 5 496128 524288 524288 655360 655360 786432 786432 917504 917504 954880
90 1 679424 683520
406 1 729088 733184
995 1 884736 888832
64 1 482816 495104
692 1 155648 159744
522 1 995328 1015808
982 1 32768 57344
169 1 753664 757760
142 1 528384 532480
210 1 753664 765952
40 1 483328 487424
864 2 503808 524288 524288 552960
864 1 557056 638976
865 2 245760 262144 262144 389632
865 1 586240 638976
5 2 446464 524288 524288 643072
931 1 552960 557056
6 2 249856 262144 262144 380928
45 1 983040 1003520
6 1 708608 774144
7 2 643072 655360 655360 708608
7 1 1036288 1048576
8 1 0 512
8 1 512 53248
8 2 643072 655360 655360 708608
9 1 188416 253952
56 1 753664 757760
895 1 729088 737280
649 1 917504 925696
617 1 483328 487424
535 1 204800 212992
785 1 1028096 1036288
788 1 307200 315392
60 1 151552 159744
898 1 512000 516096
693 1 569344 573440
56 1 827392 831488
899 1 913408 917504
614 2 651264 655360 655360 671744
927 1 819200 823296
899 1 913408 917504
551 1 212992 221184
100 1 577536 581632
100 1 581632 630784
551 1 221184 225280
522 1 303104 307200
29 1 995328 999424
562 1 950272 954368
0 1 196608 204800
913 1 278528 311296
76 1 77824 81920
81 1 524288 528384
81 1 655360 663552
76 1 8192 20480
975 1 950272 954368
549 1 868352 872448
974 1 253952 258048
975 1 696320 700416
897 1 999936 1048576
898 4 0 131072 131072 262144 262144 393216 393216 475648
182 1 901120 917504
80 1 483328 487424
150 1 835584 851968
122 3 606720 655360 655360 786432 786432 864768
496 1 811008 876544
779 2 753664 786432 786432 847872
658 1 655360 659456
287 1 24576 28672
129 1 679936 729088
877 1 966656 1007616
199 1 933888 937984
246 2 335872 393216 393216 524288
97 1 704512 708608
866 1 679936 692224
96 1 495616 499712
275 1 589824 593920
973 1 540672 606208
336 1 991232 999424
888 1 585728 589824
505 1 487424 503808
976 1 299008 364544
267 1 155648 167936
369 1 839680 843776
165 1 356352 368640
10 1 356352 360448
188 2 512000 524288 524288 552960
188 1 557056 581632
188 1 802816 815104
406 1 737280 741376
424 1 131072 135168
188 3 585728 655360 655360 786432 786432 794624
424 1 135168 147456
188 2 819200 917504 917504 1024000
406 1 802816 806912
2 1 831488 835584
630 1 966656 970752
772 1 90112 106496
738 1 749568 757760
739 1 376832 393216
59 1 270336 278528
954 1 315392 319488
82 1 958464 966656
287 1 270336 274432
279 1 626688 634880
553 1 667648 671744
717 1 1024000 1028096
8 1 295424 327680
328 2 233472 262144 262144 299008
989 1 425984 430080
82 1 966656 970752
0 1 421888 438272
185 1 49152 57344
684 1 965632 966144
401 1 729088 741376
185 1 61440 65536
921 1 761856 762880
916 1 954368 958464
66 1 815104 819200
597 1 733184 741376
185 1 49152 53248
681 1 767488 768000
420 1 753664 774144
864 1 929792 933888
770 1 835584 839680
26 1 32768 36864
197 1 455168 471040
639 1 262144 327680
222 1 102400 105984
405 1 274432 286720
434 1 720896 786432
939 1 442368 446464
99 1 327680 393216
99 1 917504 983040
37 1 786432 802816
100 1 458752 524288
609 2 389120 393216 393216 397312
101 1 4096 69632
609 1 397312 401408
102 1 69632 79872
37 1 802816 823296
16 1 487424 491520
704 1 1024000 1032192
53 1 856064 860160
53 1 831488 835584
384 1 0 4096
611 1 917504 921600
923 1 135168 143360
923 1 147456 163840
510 1 159744 163840
0 1 737280 741376
923 2 294912 393216 393216 409600
923 1 409600 413696
507 1 930304 930816
401 1 745472 765952
636 1 107008 107520
891 1 73728 77824
929 1 393216 397312
692 2 491520 524288 524288 577536
552 1 270336 274432
732 1 774144 778240
59 1 647168 651264
57 1 479232 503808
59 1 110592 114688
59 1 466944 475136
785 1 659456 663552
740 1 315392 327680
60 1 159744 176128
60 1 630784 634880
756 1 8192 12288
58 1 643072 651264
59 1 847872 860160
59 1 172032 208896
59 1 602112 610304
59 1 929792 946176
58 1 499712 524288
58 1 851968 856064
217 1 1007616 1011712
60 1 598016 602112
60 1 294912 303104
60 1 675840 679936
941 1 966656 974848
504 1 548864 557056
504 1 557056 561152
854 1 561152 565248
370 1 527872 531968
769 1 876544 880640
743 1 98304 131072
545 1 0 16384
401 1 798720 802816
477 1 528384 530432
611 1 921600 925696
383 1 733184 737280
40 1 1036288 1040384
664 1 806912 815104
493 1 233472 237568
864 1 458752 471040
800 1 933888 966656
801 1 65536 90112
20 5 159744 262144 262144 393216 393216 524288 524288 655360 655360 679936
64 1 495104 499200
796 2 258048 262144 262144 274432
324 1 212992 217088
796 1 335872 356352
112 1 667136 671232
913 1 729088 733184
902 1 479232 483328
86 1 233472 241664
5 1 901120 905216
949 1 331776 335872
613 1 323584 327680
617 1 225280 241664
406 1 737280 741376
8 1 733184 741376
8 1 802816 806912
406 1 802816 806912
913 1 729088 733184
613 1 323584 348160
797 1 139264 196608
406 1 737280 741376
982 1 318976 323072
665 1 913408 917504
982 1 323072 327168
666 1 94208 110592
414 1 839680 851968
414 1 187904 192000
414 1 241152 257536
414 1 192000 237056
406 1 753664 757760
502 1 389120 393216
502 1 786432 798720
672 1 565248 569344
572 1 618496 626688
672 1 565248 569344
672 1 569344 577536
672 1 569344 573440
636 1 729088 749568
458 1 217088 221184
846 1 892928 893440
4 1 12288 16384
148 1 1020416 1020928
88 1 802816 806912
642 1 151552 155648
406 1 794624 798720
287 1 331776 344064
328 1 299008 303104
989 1 450560 454656
135 1 475136 479232
863 1 667648 671744
45 1 619520 621568
74 1 589824 593920
8 5 376832 393216 393216 524288 524288 655360 655360 786432 786432 868864
422 1 94208 98304
995 1 397312 401408
301 1 253952 258048
198 1 688128 692224
564 1 598016 634880
58 1 729088 737280
58 1 1028096 1048576
59 1 0 12288
785 1 663552 667648
352 1 843776 847872
816 1 270336 274432
739 1 524288 532480
698 1 884736 888832
223 1 12288 16384
217 1 1007616 1011712
352 1 847872 851968
352 1 851968 860160
739 1 356352 360448
58 1 331776 335872
59 1 901120 905216
58 1 626688 630784
59 1 327680 339968
59 1 970752 983040
59 1 393216 413696
60 1 225280 233472
57 1 606208 614400
480 1 327680 393216
841 1 974848 975872
80 1 417792 430080
898 5 475648 524288 524288 655360 655360 786432 786432 917504 917504 999936
704 2 253952 262144 262144 294912
430 1 720896 724992
157 1 290816 294912
36 3 704512 786432 786432 917504 917504 938496
266 1 417280 515584
267 1 404992 450048
555 1 630784 634880
525 1 1011712 1040384
529 1 126976 131072
36 1 938496 1048576
37 4 0 131072 131072 262144 262144 393216 393216 414208
81 1 671744 675840
281 1 516096 520192
912 1 307200 315392
912 1 1019904 1032192
467 1 262144 262656
633 1 77824 81920
467 1 262656 263168
634 1 790528 794624
404 1 319488 339968
467 1 263168 266240
467 1 368640 369664
404 1 339968 344064
467 1 369664 372736
467 1 434176 435200
941 1 987136 991232
799 1 159744 163840
521 1 491520 495616
929 1 397312 401408
692 1 577536 581632
401 1 827392 831488
396 1 503808 507904
393 1 1044480 1048576
394 1 0 40960
83 1 946176 950272
401 1 741376 745472
401 1 806912 811008
83 1 946176 950272
401 1 741376 745472
775 1 614400 618496
222 4 168448 262144 262144 393216 393216 524288 524288 540672
693 1 667648 671744
401 1 806912 815104
224 2 495616 524288 524288 647680
431 1 593920 598016
665 1 405504 407040
224 4 647680 655360 655360 786432 786432 917504 917504 1048576
225 1 0 36864
237 2 491520 524288 524288 578048
142 1 520192 524288
406 1 274432 286720
420 1 757760 761856
537 1 929792 937984
982 1 57344 61440
537 1 937984 942080
78 1 880640 897024
12 1 483328 487424
534 1 909312 917504
12 1 548864 552960
534 1 917504 921600
228 1 1020416 1048576
229 4 0 131072 131072 262144 262144 393216 393216 496128
30 1 928256 929280
424 1 278528 286720
424 1 241664 245760
8 1 737280 745472
813 1 225280 233472
406 1 729088 733184
970 1 1040384 1044480
116 1 335872 393216
665 1 524288 532480
440 1 45056 49152
712 1 36864 40960
703 1 1040384 1044480
381 2 651264 655360 655360 684032
704 1 0 61440
783 1 831488 835584
701 2 348160 393216 393216 413696
672 1 569344 573440
502 1 520192 524288
502 1 798720 802816
887 1 278528 281600
503 1 0 12288
572 1 626688 630784
529 1 479232 483328
101 1 540672 546304
337 1 712704 716800
826 1 258048 262144
800 1 974848 983040
27 1 487424 491520
801 1 262144 270336
946 1 983040 999424
558 1 142848 146944
946 1 561152 569344
483 1 192512 196608
281 1 1036288 1040384
303 1 647168 651264
483 1 266240 270336
818 1 135168 143360
163 1 516096 520192
318 1 225280 241664
406 1 720896 724992
82 1 970752 978944
29 1 991232 995328
930 1 221184 225280
9 1 581632 647168
45 1 1003520 1015808
10 2 122880 131072 131072 188416
983 1 77312 85504
136 1 73216 77312
136 1 77312 93696
10 1 843776 909312
983 1 81408 85504
87 1 228864 237056
710 1 3584 7680
96 1 36352 48640
710 1 7680 24064
780 1 339456 351744
12 1 978944 1044480
13 1 585728 651264
59 1 61440 69632
739 1 155648 196608
58 1 471040 479232
58 1 811008 815104
59 1 446464 454656
59 1 786432 790528
69 1 0 4096
59 1 618496 626688
59 1 995328 1003520
59 1 561152 569344
59 1 950272 958464
60 1 368640 385024
738 1 716800 745472
738 1 770048 782336
60 1 688128 692224
60 1 417792 421888
69 1 4096 57344
58 1 376832 380928
59 1 888832 897024
618 1 24576 61440
58 1 315392 319488
157 1 458752 479232
480 1 917504 983040
538 1 593920 602112
262 1 262144 327680
538 1 602112 606208
409 1 790528 794624
618 1 626688 627712
210 1 745472 765952
144 1 471040 475136
210 1 765952 778240
704 1 294912 299008
898 1 999936 1048576
899 4 0 131072 131072 262144 262144 393216 393216 475648
182 1 917504 937984
548 1 405504 421888
406 1 770048 774144
406 1 835584 839680
54 1 376832 380928
353 1 798720 802816
427 1 73728 77824
352 1 241664 245760
427 1 237568 245760
427 1 253952 258048
432 1 151552 167936
432 1 192512 200704
432 1 360448 364544
432 1 409600 417792
184 1 835584 839680
432 1 860160 864256
432 1 684032 696320
432 1 954368 958464
781 1 163840 167936
433 1 49152 53248
104 1 786432 790528
941 1 921600 937984
424 1 323584 327680
425 1 131072 139264
615 1 491520 499712
3 1 737792 738304
615 1 499712 503808
425 1 139264 155648
684 1 1015808 1048576
104 1 786432 790528
570 1 471040 479232
425 1 696320 716800
425 1 716800 720896
426 1 131072 139264
989 1 868352 872448
966 1 327680 331776
966 1 319488 323584
536 1 126976 128512
537 1 561152 562688
104 1 909312 917504
885 1 393216 417792
873 1 942080 950272
32 1 1015808 1019904
564 4 638976 655360 655360 786432 786432 917504 917504 1048576
565 1 0 77824
401 1 733184 741376
544 1 86016 98304
611 1 917504 921600
544 1 81920 86016
848 1 1019904 1036288
538 1 212992 217088
60 1 204800 212992
60 1 278528 290816
57 1 950272 954368
772 1 32768 49152
60 1 28672 57344
60 1 483328 491520
58 1 536576 561152
58 1 593920 602112
69 1 57344 61440
58 1 688128 696320
58 1 798720 802816
58 1 786432 790528
58 1 827392 831488
59 1 229376 237568
59 1 364544 372736
59 1 28672 49152
982 1 327168 364032
982 1 364032 368128
414 1 187904 204288
414 2 257536 262144 262144 290304
593 1 839680 843776
608 1 425984 434176
997 1 671744 673792
137 1 917504 921600
405 1 57344 61440
395 1 262144 282624
269 1 731136 732672
405 1 69632 73728
45 1 860160 864256
396 1 561152 569344
891 1 73728 81920
487 1 921600 925696
693 1 397312 401408
12 1 483328 487424
844 1 753664 757760
982 1 688128 690176
30 1 928768 929792
33 1 880640 897024
229 5 496128 524288 524288 655360 655360 786432 786432 917504 917504 1020416
144 2 520192 524288 524288 638976
90 1 679424 683520
727 1 347648 351744
796 1 356352 360448
64 1 499200 515584
26 1 655360 720896
934 1 708608 733184
941 1 1036288 1040384
929 1 393216 397312
854 1 561152 565248
955 2 643072 655360 655360 675840
941 1 970752 974848
982 1 368128 392704
281 1 1019904 1024000
281 1 1040384 1048576
282 1 0 4096
230 1 774144 778240
315 1 16384 20480
595 1 872448 880640
82 1 978944 983040
45 1 621568 628736
595 1 880640 884736
962 1 667648 675840
56 1 118784 122880
14 1 495104 499200
919 1 675328 679424
606 1 155648 188416
928 1 863744 867840
606 1 188416 192512
145 1 864256 880640
658 1 655360 659456
129 1 729088 733184
978 1 49152 114688
122 2 864768 917504 917504 1048576
123 3 0 131072 131072 262144 262144 340480
980 1 839680 905216
526 1 110592 118784
967 1 442368 487424
763 2 647168 655360 655360 671744
70 1 233472 249856
18 1 872448 897024
475 1 851968 876544
979 1 77824 102400
246 1 524288 655360
310 1 991232 1048576
311 2 0 131072 131072 163840
123 5 340480 393216 393216 524288 524288 655360 655360 786432 786432 864768
553 1 925696 946176
781 1 135168 139264
174 1 204800 208896
917 1 262144 266240
406 1 770048 774144
659 1 397312 401408
592 1 729088 733184
582 1 483328 487424
740 1 45056 49152
482 1 389120 393216
590 1 552960 561152
595 1 765952 770048
591 1 618496 622592
741 1 602112 606208
790 1 217088 221184
790 1 299008 303104
789 1 573440 577536
790 1 548864 552960
790 1 512000 516096
791 1 385024 389120
791 1 53248 57344
519 1 307200 311296
553 2 507904 524288 524288 655360
560 5 335872 393216 393216 524288 524288 655360 655360 786432 786432 860160
167 1 90112 94208
560 2 860160 917504 917504 1048576
561 3 0 131072 131072 262144 262144 335872
166 1 917504 920576
405 1 286720 290816
222 1 105984 110080
26 1 36864 45056
561 2 835584 917504 917504 1048576
562 1 0 65536
561 5 335872 393216 393216 524288 524288 655360 655360 786432 786432 835584
580 4 196608 262144 262144 393216 393216 524288 524288 643072
434 1 851968 917504
421 1 425984 438272
415 2 737280 786432 786432 819200
151 1 425984 430080
259 1 958464 962560
315 1 770048 774144
675 1 65536 90112
837 1 253440 257536
604 1 835072 839168
956 1 1011712 1048576
957 1 0 12288
358 2 745472 786432 786432 819200
543 1 65536 73728
811 1 851968 917504
718 1 81920 114688
815 2 790528 917504 917504 921600
543 1 73728 77824
59 2 851968 917504 917504 1048576
60 3 0 131072 131072 262144 262144 327680
837 1 253440 257536
837 1 253440 257536
966 1 327680 331776
703 2 339968 393216 393216 405504
119 1 655360 671744
962 1 135168 144896
783 1 1044480 1048576
401 1 729088 737280
381 1 684032 688128
966 1 319488 323584
361 2 425984 524288 524288 532480
956 1 344064 385024
360 5 425984 524288 524288 655360 655360 786432 786432 917504 917504 950272
406 1 802816 811008
974 1 983040 984064
986 1 937984 1003520
116 1 335872 339968
956 1 385024 393216
250 1 880640 884736
963 1 917504 925696
15 1 806912 811008
877 1 45056 118784
879 3 339968 393216 393216 524288 524288 569344
801 1 413696 430080
59 1 483328 491520
59 1 880640 884736
59 1 827392 831488
59 1 499712 507904
60 1 245760 258048
60 1 352256 364544
60 1 4096 8192
336 1 729088 731648
79 1 663552 667648
60 1 266240 274432
79 1 667648 679936
217 1 1007616 1011712
59 1 16384 24576
58 1 606208 610304
58 1 106496 114688
59 1 700416 708608
772 1 196608 225280
60 1 118784 131072
58 1 876544 880640
58 1 749568 757760
157 1 479232 483328
481 1 458752 524288
672 1 569344 573440
672 1 569344 573440
242 1 1040384 1044480
242 1 991232 995328
104 1 143360 147456
973 1 1007616 1048576
974 2 0 131072 131072 208896
90 1 679424 683520
481 1 237568 241664
982 1 475136 479232
649 1 61440 65536
696 1 360448 364544
982 2 392704 393216 393216 396800
984 1 503808 507904
221 1 802816 806912
351 1 430080 434688
570 2 651264 655360 655360 659456
570 1 659456 663552
226 1 167424 171520
607 1 1036288 1048576
608 1 0 20480
839 1 376832 380928
40 1 331776 335872
735 1 339968 344064
543 1 983040 987136
405 1 598016 602112
40 1 331776 335872
405 1 602112 618496
405 1 618496 622592
104 1 73728 77824
35 1 708608 720896
130 1 655360 696320
520 1 528384 540672
597 1 741376 745472
66 1 880640 884736
401 1 806912 811008
178 1 684032 688128
0 1 438272 458752
401 1 802816 811008
585 1 790528 811008
0 1 204800 212992
941 1 995328 999424
56 1 274432 323584
812 1 65536 67584
854 1 561152 565248
375 1 692224 696320
227 1 811008 819200
941 1 921600 933888
14 1 282624 286720
375 1 704512 712704
651 1 73728 77824
215 1 1007616 1011712
899 5 475648 524288 524288 655360 655360 786432 786432 917504 917504 999936
307 1 28672 45056
144 1 409600 417792
420 1 880640 888832
40 1 1040384 1044480
401 1 729088 733184
401 1 802816 806912
565 5 77824 131072 131072 262144 262144 393216 393216 524288 524288 602112
941 1 1024000 1028096
364 1 585728 589824
455 1 1028096 1031680
917 1 90112 94208
844 1 704512 708608
903 1 602112 614400
64 1 266240 270336
917 1 32768 36864
941 1 999424 1015808
570 1 479232 483328
245 1 294912 299008
461 1 172032 237568
941 1 946176 954368
245 1 376832 380928
742 1 585728 589824
794 1 548864 557056
794 1 557056 561152
467 1 827392 827904
885 1 425984 430080
282 1 4096 8192
534 1 184320 192512
128 1 1019904 1020928
45 1 628736 641536
229 1 675840 679936
8 2 868864 917504 917504 1048576
9 3 0 131072 131072 262144 262144 344576
534 1 192512 196608
549 1 1044480 1048576
137 1 733184 757760
128 1 1020928 1021440
282 1 8192 20480
585 1 450560 458752
481 1 917504 983040
58 1 122880 131072
772 1 126976 131072
60 1 61440 65536
59 1 712704 720896
59 1 286720 299008
60 1 237568 241664
59 1 352256 356352
58 1 962560 999424
60 1 327680 331776
739 1 552960 561152
739 1 544768 548864
59 1 745472 749568
58 1 860160 864256
739 1 565248 573440
57 1 593920 598016
69 1 61440 65536
69 1 65536 86016
426 1 688128 692224
59 1 921600 925696
1 1 917504 921600
169 1 122880 128000
62 1 462848 466432
613 1 49152 53248
941 1 1036288 1040384
883 1 425984 430080
573 1 143360 147456
103 1 241664 262144
103 1 262144 266240
927 1 819200 823296
551 1 225280 233472
551 1 233472 237568
927 1 819200 823296
551 1 237568 245760
535 1 143360 147456
551 1 245760 249856
535 1 208896 212992
927 1 819200 823296
535 1 143360 147456
551 1 249856 258048
593 1 327680 348160
401 1 729088 737280
752 2 778240 786432 786432 806912
669 1 487424 495616
522 1 995328 999424
64 1 515584 519680
973 1 196608 258048
145 4 638976 655360 655360 786432 786432 917504 917504 974848
992 1 860160 864256
822 1 49152 53248
972 3 237568 262144 262144 393216 393216 446464
675 1 90112 94208
879 1 106496 131072
871 1 65536 122880
588 1 167936 176128
675 1 94208 102400
37 2 888832 917504 917504 942592
559 1 274432 282624
37 4 414208 524288 524288 655360 655360 786432 786432 884736
973 1 994816 1001472
559 1 282624 286720
37 1 942592 1048576
38 4 0 131072 131072 262144 262144 393216 393216 418304
529 1 53248 57344
59 1 102400 106496
59 1 733184 737280
739 1 344064 348160
59 1 77824 81920
60 1 12288 24576
740 1 278528 286720
58 1 135168 184320
772 1 184320 192512
738 1 679936 684032
59 1 1044480 1048576
58 1 888832 901120
738 1 303104 307200
60 1 77824 81920
58 1 299008 303104
739 1 536576 540672
69 1 86016 90112
59 1 315392 319488
58 1 434176 438272
58 1 319488 327680
58 1 573440 589824
360 1 950272 1048576
361 4 0 131072 131072 262144 262144 393216 393216 425984
312 1 999424 1003520
401 1 798720 802816
956 1 393216 397312
303 2 389120 393216 393216 397312
613 1 344064 352256
800 1 225280 229376
8 1 806912 811008
967 1 143360 147456
885 1 843776 847872
303 1 397312 401408
967 1 155648 159744
74 1 491520 495616
575 1 847872 856064
198 1 692224 696320
481 1 241664 245760
337 1 712704 720896
575 1 856064 860160
86 1 73728 86016
198 1 761856 765952
296 1 131072 172032
932 1 790528 802816
5 1 90112 98304
949 1 352256 372736
178 1 405504 409600
241 1 966656 983040
401 1 729088 733184
178 1 651264 655360
666 1 110592 122880
564 5 327680 393216 393216 524288 524288 655360 655360 786432 786432 851968
222 1 110080 114176
565 5 327680 393216 393216 524288 524288 655360 655360 786432 786432 851968
565 2 851968 917504 917504 1048576
566 3 0 131072 131072 262144 262144 327680
563 2 851968 917504 917504 1048576
564 3 0 131072 131072 262144 262144 327680
202 1 524288 532480
552 1 200704 204800
845 1 536576 540672
482 1 327680 393216
932 1 696320 700416
77 1 159744 163840
77 1 999424 1003520
78 1 729088 733184
718 1 512000 516096
105 1 876544 880640
808 1 176128 180224
808 1 188416 192512
523 1 323584 327680
808 1 319488 323584
511 1 16384 20480
611 1 495616 503808
891 1 77824 81920
654 1 888832 892928
941 1 995328 999424
611 1 503808 507904
401 1 761856 765952
636 1 107008 108544
184 1 860160 868352
791 1 417792 421888
791 1 614400 618496
791 1 790528 794624
791 1 880640 884736
791 1 892928 897024
791 1 929792 933888
791 1 950272 954368
791 1 958464 962560
792 1 270336 274432
792 1 282624 286720
792 1 393216 397312
792 1 352256 356352
792 1 557056 561152
792 1 368640 372736
792 1 565248 569344
792 1 589824 593920
792 1 983040 991232
792 1 737280 741376
793 1 86016 90112
579 2 651264 655360 655360 659456
444 1 434176 438272
375 1 606208 610304
374 1 552960 557056
259 1 16384 24576
313 1 987136 991232
958 1 32768 34304
401 1 724992 729088
560 1 0 4096
401 1 737280 745472
376 1 557056 561152
579 1 659456 663552
45 1 641536 643072
346 1 868352 872448
83 1 0 32768
128 1 1021440 1021952
612 1 32768 40960
282 1 20480 24576
45 1 643072 645120
442 1 757760 770048
128 1 1021952 1022976
612 1 40960 45056
968 2 52736 131072 131072 192000
14 1 585728 598528
968 1 192000 196096
968 1 196096 200192
14 1 598528 651264
136 1 93696 101888
15 2 389120 393216 393216 454656
136 1 335360 351744
136 2 249344 262144 262144 265728
136 1 105984 130560
968 1 200192 204288
968 1 204288 237056
16 1 61440 126976
968 1 237056 241152
164 1 966656 983040
164 2 913408 917504 917504 962560
136 1 93696 101888
136 1 105984 114176
341 1 712704 778240
546 1 245760 249344
401 1 741376 757760
225 1 679936 684032
498 1 565248 569344
273 1 245760 249856
499 1 679936 684032
499 1 778240 782336
272 1 942080 946176
496 1 745472 749568
495 1 659456 663552
494 1 864256 868352
498 1 581632 585728
498 1 81920 86016
493 1 819200 823296
496 1 704512 712704
499 1 4096 8192
305 1 749568 753664
499 1 311296 315392
493 1 675840 679936
499 1 712704 716800
498 1 712704 716800
75 1 397312 405504
941 1 1015808 1019904
104 1 786432 790528
510 1 450560 462848
336 1 999424 1003520
526 1 118784 122880
252 2 114688 131072 131072 139264
27 1 90112 110592
41 1 188416 196608
123 2 864768 917504 917504 1048576
124 1 0 12288
27 1 131072 155648
767 2 229376 262144 262144 294912
681 1 417792 442368
246 1 659456 671744
429 1 1015808 1048576
430 1 0 32768
124 3 16384 131072 131072 262144 262144 279040
811 1 978944 1024000
159 1 77824 98304
475 1 839680 851968
979 1 36864 77824
605 1 544768 610304
793 1 24576 28672
792 1 966656 970752
793 1 4096 12288
793 1 106496 110592
793 1 122880 126976
793 1 225280 229376
793 1 380928 385024
793 1 548864 552960
793 1 372736 376832
793 1 516096 520192
793 1 290816 294912
793 1 487424 491520
793 1 606208 610304
793 1 745472 749568
793 1 761856 765952
793 1 671744 675840
793 1 770048 774144
793 1 790528 794624
793 1 856064 860160
793 1 978944 983040
946 1 589824 593920
59 1 376832 380928
59 1 421888 430080
321 1 462848 466944
59 1 794624 798720
206 1 49152 53248
59 1 1011712 1019904
948 1 671744 675840
948 1 569344 573440
925 1 372736 376832
206 1 491520 495616
925 1 299008 303104
803 1 495616 499712
610 1 770048 778240
361 1 90112 94208
206 1 958464 962560
330 1 286720 290816
330 1 577536 581632
330 1 692224 696320
330 1 520192 524288
202 1 434176 438272
845 1 884736 886272
0 1 479232 483328
201 1 446464 450560
4 1 311296 319488
604 1 512000 516096
34 1 806912 811008
566 2 851968 917504 917504 1048576
567 2 0 131072 131072 196608
367 1 589824 593920
34 1 958464 962560
549 1 49152 57344
151 1 585728 589824
269 1 208896 212992
4 2 389120 393216 393216 397312
157 1 585728 589824
34 1 655360 659456
631 1 667648 671744
0 1 462848 466944
38 1 90112 94208
29 1 995328 999424
467 1 909312 913408
467 1 860160 864256
78 1 897024 917504
509 1 606208 614400
604 1 114688 122880
12 1 548864 552960
509 1 614400 618496
604 1 122880 126976
229 1 1020416 1048576
230 4 0 131072 131072 262144 262144 393216 393216 496128
30 1 929280 983040
360 1 405504 409600
12 1 487424 491520
759 1 282624 286720
406 1 729088 733184
20 1 65536 69632
230 5 496128 524288 524288 655360 655360 786432 786432 917504 917504 1020416
503 1 466944 483328
33 1 897024 917504
565 3 602112 655360 655360 786432 786432 868352
395 1 131072 135168
565 2 868352 917504 917504 1048576
566 1 0 77824
538 1 212992 217088
618 1 61440 65536
585 1 458752 462848
482 1 917504 983040
934 1 733184 741376
614 1 397312 401408
424 1 368640 372736
73 1 569344 585728
929 1 397312 401408
963 1 921600 925696
611 1 917504 921600
941 1 929792 937984
971 1 892928 913408
854 1 561152 565248
941 1 970752 974848
859 1 962560 970752
710 1 69632 90112
899 1 999936 1048576
900 4 0 131072 131072 262144 262144 393216 393216 475648
609 1 892928 901120
564 2 851968 917504 917504 1048576
565 3 0 131072 131072 262144 262144 327680
40 1 606208 610304
222 1 114176 118272
268 1 868352 872448
618 1 303104 307200
40 1 454656 458752
268 1 835584 839680
26 1 45056 49152
268 1 884736 888832
38 1 258048 262144
40 1 757760 761856
218 1 733184 737280
268 1 851968 856064
268 1 905216 909312
566 5 327680 393216 393216 524288 524288 655360 655360 786432 786432 851968
40 1 372736 376832
272 1 45056 49152
271 1 942080 946176
271 1 790528 794624
273 1 225280 229376
964 1 77824 86016
420 1 798720 815104
406 1 794624 802816
401 1 733184 745472
424 1 352256 372736
941 1 958464 962560
198 1 765952 770048
86 1 319488 339968
337 1 716800 720896
369 1 798720 806912
125 1 237568 241664
941 1 1024000 1028096
354 1 540672 565248
739 1 438272 442368
126 1 184320 192512
803 1 663552 667648
401 1 733184 737280
778 1 835584 839680
778 1 745472 757760
406 1 741376 749568
742 1 671744 675840
126 1 176128 180224
913 1 843776 847872
808 1 307200 311296
808 1 352256 356352
808 1 339968 344064
262 1 8192 12288
86 1 610304 614400
294 1 684032 688128
315 1 155648 159744
319 1 495616 499712
315 1 106496 114688
530 1 159744 163840
319 1 778240 786432
321 1 262144 266240
322 1 131072 135168
585 1 905216 909312
585 1 917504 921600
77 1 659456 663552
77 1 647168 651264
281 1 1024000 1028096
83 1 32768 36864
594 2 126976 131072 131072 135168
502 1 520192 524288
9 3 344576 393216 393216 524288 524288 606208
128 1 1022976 1023488
282 1 159744 172032
824 1 208896 212992
9 3 610304 655360 655360 786432 786432 872960
594 1 135168 139264
45 2 645120 655360 655360 706560
503 1 131072 143360
984 1 950272 954368
137 1 733184 737280
237 4 578048 655360 655360 786432 786432 917504 917504 950272
269 1 720896 786432
334 2 245760 262144 262144 332288
401 1 745472 753664
83 1 974848 978944
334 3 332288 393216 393216 524288 524288 573440
401 1 815104 819200
336 2 253952 262144 262144 340480
336 2 57344 131072 131072 253952
401 1 749568 753664
558 1 552448 556544
83 1 974848 978944
929 1 393216 397312
687 1 966656 970752
696 1 258048 262144
210 2 778240 786432 786432 794624
135 1 8192 28672
64 2 520192 524288 524288 528384
788 1 45056 65536
26 1 479232 487424
407 1 225280 229376
408 1 634880 638976
407 1 200704 204800
667 1 602112 606208
313 1 659456 663552
474 1 540672 548864
137 1 966656 970752
327 1 753664 757760
296 1 462848 499712
954 1 987136 991232
330 1 901120 905216
176 1 716800 720896
180 1 86016 94208
924 1 589824 593920
173 1 225280 229376
666 1 724992 729088
177 1 487424 491520
209 1 454656 458752
166 1 57344 61440
173 1 614400 618496
177 1 524288 528384
670 1 466944 471040
69 1 90112 98304
240 1 221184 225280
210 1 12288 16384
209 1 622592 626688
931 1 421888 425984
796 1 360448 368640
642 1 151552 229376
796 1 368640 372736
775 1 409600 421888
672 1 569344 573440
672 1 569344 577536
367 1 745472 765952
672 1 573440 577536
672 1 573440 577536
401 1 724992 729088
634 1 753664 765952
281 1 344064 348160
839 1 389120 393216
133 1 495616 499712
24 1 815104 819200
133 1 565248 569344
303 1 151552 172032
303 1 172032 176128
281 1 344064 356352
281 1 352256 356352
971 1 331776 364544
281 1 352256 364544
281 1 360448 364544
281 1 360448 368640
274 1 741376 745472
276 1 36864 40960
274 1 892928 897024
275 1 286720 290816
450 1 155648 159744
274 1 589824 593920
449 1 360448 364544
276 1 491520 495616
450 1 819200 823296
454 1 319488 323584
638 1 823296 827392
453 1 684032 688128
222 1 118272 122368
451 1 221184 225280
355 1 503808 507904
158 1 65536 81920
891 1 77824 81920
636 1 108032 109056
971 1 299008 303104
509 1 45056 53248
401 1 798720 802816
559 1 782336 786432
347 1 946176 948224
438 1 1011712 1019904
26 1 73728 75776
420 1 1015808 1028096
700 1 126976 131072
49 1 561152 565248
207 1 225280 229376
547 1 200704 212992
879 1 507904 512000
941 1 413696 421888
912 1 290816 380928
912 1 380928 385024
406 1 729088 733184
502 1 782336 786432
503 1 131072 147456
675 1 102400 106496
254 1 708608 712704
201 1 233472 241664
588 1 176128 180224
829 1 708608 712704
275 1 417792 421888
713 1 794624 802816
174 2 372736 393216 393216 471040
275 1 425984 430080
174 1 471040 475136
782 1 835584 839680
282 1 172032 176128
157 1 274432 278528
150 1 532480 536576
406 1 729088 733184
937 1 421888 425984
411 1 823296 827392
248 1 884736 888832
45 1 706560 741376
712 1 675840 679936
314 1 933888 942080
660 1 544768 548864
453 1 253952 258048
170 1 413696 417792
229 1 643072 647168
246 1 667648 671744
88 1 303104 307200
246 1 647168 651264
560 1 790528 794624
227 1 655360 659456
218 1 237568 241664
772 1 229376 233472
58 1 724992 729088
218 1 114688 118784
58 1 741376 745472
59 1 819200 823296
58 1 655360 659456
59 1 987136 991232
59 1 1036288 1040384
58 1 765952 774144
218 1 376832 380928
218 1 671744 675840
119 1 954368 958464
218 1 249856 253952
181 1 1007616 1011712
229 1 524288 532480
387 1 397312 401408
60 1 192512 196608
793 1 942080 946176
793 1 1007616 1011712
794 1 110592 114688
794 1 159744 163840
794 1 282624 286720
793 1 1032192 1040384
794 1 196608 200704
794 1 245760 249856
794 1 348160 352256
852 1 839680 872448
794 1 557056 561152
794 1 651264 655360
794 1 569344 573440
794 1 360448 364544
794 1 692224 696320
794 1 598016 602112
794 1 716800 724992
794 1 704512 708608
794 1 811008 815104
794 1 782336 786432
529 1 1003520 1004032
952 1 212992 253952
595 2 368640 393216 393216 402432
483 1 262144 327680
824 1 541184 541696
298 1 532480 536576
375 1 679936 684032
644 1 573440 589824
401 1 806912 811008
683 1 12288 28672
644 2 520192 524288 524288 569344
683 1 278528 311296
609 1 901120 905216
900 2 475648 524288 524288 569344
425 1 1015808 1024000
157 1 688128 696320
710 1 90112 102400
872 1 790528 794624
872 1 790528 794624
217 1 61440 65536
216 1 942080 950272
216 1 864256 884736
38 5 418304 524288 524288 655360 655360 786432 786432 917504 917504 942592
672 1 573440 585728
426 1 577536 589824
219 1 507904 512000
263 1 1036288 1040384
198 2 770048 786432 786432 802816
17 1 475136 479232
859 1 1036288 1040384
60 1 651264 655360
120 1 278528 282624
60 1 503808 507904
58 1 528384 532480
58 1 208896 212992
739 1 143360 151552
60 1 524288 528384
739 1 335872 339968
174 1 794624 798720
179 1 749568 753664
179 1 901120 905216
58 1 679936 684032
175 1 176128 180224
906 1 49152 53248
59 1 589824 593920
180 1 4096 8192
637 1 114688 118784
906 1 806912 811008
58 1 925696 929792
617 1 532480 532992
61 1 827392 843776
370 1 527872 531968
617 1 532992 538112
40 1 417792 421888
617 1 538112 540672
854 1 561152 565248
303 1 745472 753664
941 1 1036288 1044480
963 1 921600 925696
561 1 933888 937984
757 1 651264 655360
721 1 200704 202240
941 1 999424 1003520
560 1 393216 417792
794 1 802816 806912
794 1 860160 868352
794 1 880640 884736
794 1 872448 876544
794 1 929792 933888
794 1 983040 987136
795 1 249856 253952
795 1 8192 12288
795 1 495616 499712
795 1 352256 360448
795 1 532480 536576
801 1 438272 442368
795 1 229376 233472
795 1 368640 372736
801 1 872448 884736
801 1 860160 864256
801 1 946176 950272
801 1 888832 892928
801 1 937984 942080
16 1 483328 487424
82 1 720896 737280
16 1 417792 430080
215 1 737280 741376
499 1 262144 278528
107 1 430080 434176
401 1 729088 741376
94 1 757760 761856
107 1 434176 438272
511 1 352256 354816
107 1 430080 434176
94 1 757760 761856
82 1 737280 757760
16 1 491520 499712
107 1 434176 438272
643 1 577536 581632
313 1 692224 700416
313 1 987136 991232
313 1 995328 999424
287 1 36864 40960
909 1 233472 238080
120 1 417792 430080
314 1 200704 204800
401 1 806912 819200
313 1 1019904 1028096
762 1 282624 319488
186 1 102400 131072
186 1 196608 249856
283 1 888832 890880
836 1 376832 377856
732 1 917504 921600
789 4 458752 524288 524288 655360 655360 786432 786432 913408
232 1 937984 942080
307 1 1040384 1048576
308 1 0 16384
903 1 839680 905216
311 1 323584 385024
120 1 548864 552960
124 2 344576 393216 393216 425984
967 1 487424 495616
120 1 544768 548864
811 1 827392 831488
124 1 950272 978944
298 2 520192 524288 524288 536576
18 1 831488 872448
847 1 950272 1003520
848 1 303104 352256
873 1 548864 614400
298 3 192512 262144 262144 393216 393216 516096
252 1 73728 86016
124 4 425984 524288 524288 655360 655360 786432 786432 840192
425 1 843776 847872
415 2 737280 786432 786432 819200
430 1 274432 282624
642 1 229376 233472
432 2 794624 917504 917504 1048576
433 2 0 131072 131072 262144
692 1 155648 163840
369 1 1044480 1048576
370 1 851968 856064
370 2 65536 131072 131072 217088
412 1 155648 159744
413 1 630784 634880
370 2 503808 524288 524288 565248
43 2 389120 393216 393216 409600
465 1 552960 557056
170 1 765952 770048
790 1 614400 622592
401 1 798720 802816
406 1 811008 815104
470 1 794624 798720
444 1 999424 1007616
623 1 270336 274432
654 1 380928 385024
55 1 286720 290816
406 1 745472 749568
787 1 749568 753664
195 1 839680 843776
788 1 1003520 1007616
913 1 843776 847872
551 1 258048 262144
408 1 131072 135168
409 1 512000 516096
535 1 208896 212992
730 2 434176 524288 524288 581632
927 1 819200 823296
551 1 262144 270336
535 1 143360 155648
551 1 270336 274432
927 1 819200 823296
619 1 282624 290816
941 1 929792 933888
929 1 397312 401408
509 1 53248 57344
499 1 909312 917504
410 1 888832 890880
617 1 385024 389120
741 1 835584 843776
540 1 57344 60928
401 1 794624 811008
136 1 499200 515584
136 1 458240 474624
343 2 651264 655360 655360 716800
968 2 241152 262144 262144 265728
380 2 229376 262144 262144 294912
968 1 265728 269824
382 2 626688 655360 655360 692224
412 1 1032192 1036288
425 1 921600 942080
383 1 626688 639488
406 1 729088 737280
383 2 639488 655360 655360 692224
647 1 397312 430080
387 1 696320 761856
406 1 729088 733184
576 1 294912 360448
38 1 942592 970752
83 1 36864 45056
827 1 147456 151552
246 1 675840 679936
40 1 462848 475136
406 1 729088 733184
692 1 393216 397312
778 1 364544 372736
246 1 688128 696320
477 1 196608 200704
427 1 851968 856064
45 1 741376 745472
706 1 737280 741376
246 1 700416 704512
778 1 487424 491520
706 1 405504 409600
443 1 225280 229376
932 1 176128 180224
666 1 753664 757760
152 1 0 4096
622 1 921600 929792
60 1 69632 73728
60 1 561152 565248
60 1 393216 397312
60 1 638976 643072
60 1 425984 458752
915 1 630784 634880
906 1 823296 827392
322 1 675840 684032
914 1 983040 995328
296 1 499712 503808
69 1 98304 102400
58 1 253952 258048
58 1 835584 839680
60 1 606208 610304
60 1 622592 626688
58 1 225280 249856
58 1 262144 290816
58 1 454656 458752
41 1 794624 798720
958 4 442368 524288 524288 655360 655360 786432 786432 807424
80 1 614400 618496
877 1 888832 892928
149 1 241664 262144
611 1 917504 921600
611 1 913408 917504
619 1 430080 438272
608 1 655360 663552
619 1 438272 442368
608 1 663552 667648
149 1 372736 385024
195 1 733184 737280
554 1 733184 737280
637 1 933376 962048
86 1 577536 581632
178 1 53248 57344
47 1 794624 798720
159 1 147456 253952
159 1 253952 258048
383 2 516096 524288 524288 528384
96 1 815104 819200
12 1 524288 528384
20 1 69632 73728
489 1 45056 61440
230 1 1020416 1048576
231 4 0 131072 131072 262144 262144 393216 393216 496128
198 1 802816 806912
282 1 167936 176128
274 1 106496 110592
209 1 368640 372736
958 1 16384 32768
725 1 1015808 1048576
726 1 0 32768
67 3 237568 262144 262144 393216 393216 495616
604 1 835072 839168
604 1 835072 839168
139 2 368640 393216 393216 401408
610 1 933888 937984
729 1 1019904 1048576
730 1 0 36864
730 1 233472 258048
610 1 929792 933888
79 1 122880 126976
837 1 86016 94208
78 1 307200 319488
470 1 987136 991232
816 1 69632 73728
952 2 253952 262144 262144 356352
520 1 617984 626176
982 1 396800 404992
100 1 286720 290816
100 1 36864 45056
188 1 1003520 1007616
399 1 1011712 1015808
611 1 917504 921600
448 1 880640 897024
959 1 114688 118784
39 1 458752 516096
413 1 991232 995328
82 1 708608 712704
370 3 217088 262144 262144 393216 393216 499712
52 1 212992 225280
499 1 626688 630784
54 1 585728 589824
705 1 73728 77824
405 1 585728 589824
634 1 499712 503808
648 1 360448 364544
886 1 487424 491520
487 1 593920 602112
289 1 696320 700416
894 1 1040384 1044480
46 1 937984 942080
648 1 643072 647168
248 1 647168 651264
762 1 983040 987136
895 1 8192 20480
248 1 843776 847872
282 1 176128 188416
24 1 483328 491520
941 1 950272 966656
45 1 786432 806912
520 1 598016 606208
520 1 606208 610304
45 1 806912 819200
385 1 708608 712704
58 1 151552 155648
834 1 798720 819200
285 1 372736 376832
6 1 806912 811008
285 1 405504 409600
6 1 831488 839680
886 1 851968 856064
406 1 839680 851968
886 1 856064 868352
801 1 962560 966656
801 1 970752 974848
801 1 1028096 1032192
802 1 131072 135168
906 1 651264 655360
897 1 593920 598016
894 1 946176 950272
894 1 716800 720896
802 1 253952 258048
896 1 921600 925696
907 1 208896 212992
980 1 290816 294912
994 1 0 4096
994 1 335872 339968
981 1 430080 434176
919 1 364544 368640
980 1 573440 577536
994 1 196608 200704
994 1 303104 307200
994 1 356352 360448
579 1 970752 978944
500 1 131072 143360
579 1 978944 983040
636 1 108544 109568
891 1 77824 81920
613 1 311296 315392
154 3 524288 655360 655360 786432 786432 917504
571 1 565248 569344
907 1 327680 329216
208 1 86016 87552
477 1 720896 721408
528 1 987136 987648
522 1 802816 806912
529 1 12288 12800
532 1 53248 54272
532 1 61440 65536
544 1 364544 368640
544 1 372736 376832
547 1 1007616 1008640
544 1 585728 589824
523 1 20480 24576
488 1 110592 122880
582 1 69632 70144
565 1 438272 442368
563 1 634880 638976
982 1 404992 409088
544 1 380928 385024
532 1 446464 450560
551 1 544768 548864
336 1 340480 385024
336 2 385024 393216 393216 516096
401 1 815104 823296
775 1 614400 618496
226 5 197120 262144 262144 393216 393216 524288 524288 655360 655360 721408
327 4 208896 262144 262144 393216 393216 524288 524288 557568
239 1 877568 888832
693 1 667648 671744
41 1 880640 884736
237 1 802816 819200
732 1 622592 638976
401 1 753664 757760
327 1 557568 602112
483 1 917504 983040
484 1 262144 327680
484 1 655360 720896
682 1 1007616 1048576
683 1 0 8192
683 1 466944 516096
683 2 520192 524288 524288 573440
721 2 491520 524288 524288 552960
962 1 442368 446464
566 5 77824 131072 131072 262144 262144 393216 393216 524288 524288 602112
23 1 647168 651264
721 1 552960 557056
401 1 741376 745472
406 1 729088 741376
903 1 741376 742912
813 1 339968 344064
117 1 131072 135168
117 1 139264 143360
116 1 958464 966656
656 1 73728 90112
406 1 794624 802816
672 1 577536 581632
672 1 577536 581632
672 1 577536 581632
974 1 589824 593920
721 1 202240 206336
719 1 614400 638976
562 1 180224 184320
681 1 794624 796160
721 1 206336 208896
370 1 527872 531968
719 1 638976 643072
681 1 796160 798720
721 1 311296 312832
854 1 561152 565248
721 1 352256 353792
721 1 312832 315392
941 1 974848 978944
721 1 393216 394752
721 1 353792 360448
721 1 394752 398848
406 1 729088 737280
423 1 552960 569344
614 1 831488 835584
613 1 262144 262656
613 1 262656 263168
613 1 263168 267264
613 1 267264 271360
611 1 917504 921600
614 1 835584 836096
105 1 991232 995328
611 1 921600 925696
614 1 847872 851968
614 1 839680 843776
611 1 917504 921600
584 1 171520 175616
614 1 835584 836096
611 1 921600 925696
355 1 409600 412672
618 1 749568 757760
634 1 937984 942080
634 1 933888 937984
994 1 532480 536576
994 1 548864 552960
994 1 626688 630784
994 1 618496 622592
994 1 651264 655360
994 1 659456 663552
994 1 679936 684032
489 1 475136 495616
994 1 688128 692224
995 1 0 4096
994 1 1015808 1019904
995 1 212992 217088
995 1 192512 196608
995 1 274432 278528
994 1 983040 987136
995 1 237568 241664
995 1 290816 294912
995 1 724992 729088
44 1 106496 110592
995 1 892928 897024
354 1 540672 544768
864 1 249856 253952
978 1 286720 335872
649 1 536576 544768
249 1 258048 262144
420 1 1028096 1044480
879 1 184320 188416
727 1 229376 229888
83 1 45056 49152
527 1 192512 196608
64 1 28672 32768
401 1 815104 823296
45 2 749568 786432 786432 811008
9 2 872960 917504 917504 1048576
10 3 0 131072 131072 262144 262144 348672
493 1 917504 921600
493 1 729088 733184
496 1 937984 942080
273 1 327680 331776
494 1 516096 520192
494 1 843776 847872
284 1 94208 98304
494 1 221184 225280
494 1 548864 552960
494 1 266240 270336
495 1 868352 872448
494 1 745472 749568
406 1 753664 761856
814 1 954368 956416
56 1 1024000 1026048
401 1 806912 819200
581 1 430080 433152
783 1 806912 811008
622 1 929792 933888
243 1 139264 143360
796 1 372736 380928
43 1 409600 413696
50 1 970752 978944
76 1 856064 860160
41 1 790528 794624
41 1 794624 798720
823 1 918016 1048576
824 4 0 131072 131072 262144 262144 393216 393216 393728
401 1 733184 737280
962 1 143360 151040
401 1 798720 806912
406 1 811008 819200
613 1 348160 356352
828 1 536576 540672
956 1 397312 405504
8 1 741376 745472
401 1 737280 741376
956 1 405504 409600
783 1 831488 835584
401 1 802816 811008
147 1 1027584 1031680
141 1 843264 847360
155 1 593408 597504
783 1 1044480 1048576
406 1 749568 753664
557 1 393216 458752
977 1 20480 24576
557 5 458752 524288 524288 655360 655360 786432 786432 917504 917504 983040
38 1 970752 1048576
39 3 0 131072 131072 262144 262144 360960
39 2 360960 393216 393216 458752
536 1 737280 770048
223 1 253952 258048
536 1 770048 774144
30 1 980480 981504
231 5 496128 524288 524288 655360 655360 786432 786432 917504 917504 1020416
12 1 552960 557056
520 1 360448 380928
401 1 729088 737280
30 1 393216 397312
1 1 81920 86528
231 1 1020416 1048576
232 1 0 61952
30 1 417792 421888
30 1 980992 982016
650 1 786432 787968
147 1 520192 521216
959 1 122880 124416
401 1 794624 802816
420 1 815104 835584
438 1 319488 323584
561 1 196608 200704
322 1 143360 147456
584 1 73728 77824
667 1 479232 483328
604 1 749568 757760
604 1 757760 761856
868 1 626688 630784
646 1 995328 1048576
30 1 983040 991232
30 1 991232 995328
149 1 495616 516096
565 1 372736 376832
532 1 45056 46080
493 1 479232 483328
527 1 438272 442368
414 1 355840 359936
527 1 131072 136192
414 1 359936 372224
528 1 1003520 1007616
448 1 86016 90112
487 1 974848 978944
514 1 737280 741376
589 1 376832 380928
448 1 327680 331776
607 1 557056 561152
601 2 450560 524288 524288 643072
151 1 471040 487424
485 1 0 65536
747 1 618496 622592
689 1 233472 237568
485 1 393216 458752
728 1 315392 339968
401 1 729088 733184
941 1 917504 921600
198 1 806912 815104
718 1 204800 262144
401 1 827392 835584
941 1 995328 999424
983 1 323584 327680
87 1 413696 415232
613 1 712704 716800
102 1 704512 708608
282 1 188416 192512
527 1 589824 602112
69 1 446464 450560
251 1 454656 458752
225 1 618496 622592
44 1 737280 741376
995 1 512000 516096
995 1 913408 917504
44 1 794624 798720
57 1 630784 634880
60 1 86016 90112
56 1 155648 159744
58 1 925696 929792
56 1 499712 503808
60 1 32768 36864
60 1 98304 102400
72 1 806912 811008
73 1 258048 262144
73 1 237568 241664
91 1 389120 393216
91 1 20480 24576
93 1 880640 884736
100 1 974848 978944
101 1 114688 118784
29 1 991232 995328
332 2 905216 917504 917504 933888
637 1 172032 180224
332 1 933888 937984
467 1 827392 827904
29 1 995328 999424
65 1 671744 675840
975 1 397312 400896
35 1 174080 176128
35 1 176128 176640
912 1 835584 847872
424 1 790528 794624
896 1 626688 627712
899 1 519680 523776
424 1 131072 147456
426 1 884736 901120
421 1 106496 110592
421 1 110592 122880
424 1 135168 147456
424 1 131072 135168
424 1 868352 872448
424 1 872448 884736
424 1 131072 135168
424 1 135168 147456
344 1 221184 229376
687 1 4096 8192
689 1 884736 888832
687 1 393216 397312
840 1 839680 843776
870 1 851968 856064
870 1 688128 692224
871 1 634880 638976
75 1 851968 856064
69 1 950272 954368
74 1 589824 593920
483 1 253952 258048
74 1 651264 655360
483 1 282624 286720
721 1 398848 407040
721 1 407040 409600
721 1 512000 513536
466 1 937984 958464
721 1 513536 517632
694 1 917504 983040
854 1 561152 565248
466 1 958464 962560
941 1 1040384 1044480
611 1 921600 925696
370 1 527872 531968
77 1 647168 651776
802 1 311296 327680
145 1 626688 630784
796 1 380928 385024
95 2 98304 131072 131072 135168
406 1 729088 737280
145 1 557056 561152
964 1 552960 557056
401 1 794624 806912
982 1 409088 437760
982 1 437760 441856
337 1 716800 720896
941 1 909312 913408
209 1 655360 659456
80 1 483328 487424
198 1 815104 819200
586 1 716800 720896
587 1 655360 692224
618 1 847872 897024
672 1 577536 585728
278 1 262144 327680
672 1 581632 585728
992 1 593920 618496
406 1 729088 733184
112 1 483328 487424
406 1 720896 724992
672 1 581632 585728
112 1 409600 413696
76 1 860160 868352
958 2 872960 917504 917504 1048576
959 3 0 131072 131072 262144 262144 348672
912 1 835584 839680
561 1 286720 311296
907 1 868352 876544
76 1 868352 872448
53 1 16384 20480
527 1 1024000 1028096
823 1 544768 552960
937 1 712704 716800
885 1 712704 716800
862 1 647168 651264
851 1 368640 372736
912 1 290816 294912
835 1 253952 258048
93 2 557056 655360 655360 692224
837 1 253440 257536
604 1 835072 839168
93 1 692224 696320
837 1 253440 257536
604 1 835072 839168
664 1 12288 20480
106 1 987136 991232
401 1 806912 815104
566 4 602112 655360 655360 786432 786432 917504 917504 1048576
567 1 0 77824
406 1 741376 778240
482 1 991232 995328
102 1 708608 712704
929 1 393216 397312
401 1 765952 774144
186 1 274432 278528
269 1 732160 733184
130 1 696320 700416
424 1 290816 307200
406 1 794624 802816
768 1 389120 393216
787 1 749568 753664
424 1 307200 327680
406 1 733184 741376
150 1 614400 618496
591 1 958464 966656
974 1 589824 593920
132 1 520192 524288
543 1 143360 151552
282 1 192512 204800
45 1 811008 823808
483 1 225280 229376
884 1 348160 352256
898 1 700416 704512
65 1 978944 983040
880 1 901120 905216
83 1 49152 57344
100 1 1044480 1048576
101 1 1040384 1044480
101 1 434176 438272
110 1 90112 94208
101 1 499712 503808
111 1 77824 81920
776 1 180224 184320
776 1 204800 208896
776 2 258048 262144 262144 266240
776 1 446464 450560
776 1 479232 483328
776 1 294912 299008
776 1 835584 839680
776 1 888832 892928
776 1 897024 901120
776 1 860160 864256
776 1 905216 909312
776 1 958464 962560
776 1 966656 970752
891 1 995328 999424
578 1 360448 373760
406 1 720896 724992
66 1 339968 344064
425 1 942080 954368
641 1 216576 224768
635 1 319488 323584
780 1 347648 351744
968 1 269824 282112
968 1 282112 286208
136 1 568832 572928
136 1 953856 966144
803 1 983040 1007616
964 1 581632 610304
258 1 618496 651264
435 1 65536 94208
408 5 405504 524288 524288 655360 655360 786432 786432 917504 917504 921600
451 1 667648 671744
401 1 794624 798720
401 1 729088 733184
669 1 491520 495616
401 1 794624 798720
112 1 417792 421888
158 1 188416 196608
502 1 1044480 1048576
503 1 0 16384
500 2 651264 655360 655360 659456
406 1 794624 802816
500 1 659456 663552
401 1 720896 724992
941 1 983040 987136
471 1 561152 565248
718 1 327680 335872
101 1 552960 558080
529 1 499712 503808
41 1 135168 167936
150 1 835584 851968
844 1 765952 770048
844 1 704512 708608
12 1 487424 491520
503 1 483328 495616
30 1 981504 983040
551 1 274432 282624
551 1 282624 286720
927 1 819200 823296
19 1 757760 761856
551 1 286720 294912
32 1 888832 905216
716 1 606208 610304
619 1 290816 294912
551 1 294912 299008
32 1 905216 909312
927 1 819200 823296
706 1 331776 344064
551 1 299008 307200
369 1 835584 839680
551 1 307200 311296
927 1 819200 823296
871 1 643072 651264
754 1 991232 995328
952 1 610304 614400
952 1 770048 778240
952 1 1036288 1040384
558 5 458752 524288 524288 655360 655360 786432 786432 917504 917504 983040
558 1 983040 1048576
559 4 0 131072 131072 262144 262144 393216 393216 458752
557 1 983040 1048576
558 4 0 131072 131072 262144 262144 393216 393216 458752
574 2 327680 393216 393216 524288
559 5 458752 524288 524288 655360 655360 786432 786432 917504 917504 983040
434 1 983040 1048576
435 1 0 65536
559 1 983040 1048576
560 3 0 131072 131072 262144 262144 335872
435 1 131072 196608
4 1 823296 823808
532 1 208896 217088
562 2 655360 786432 786432 851968
195 1 729088 733184
532 1 217088 221184
344 1 45056 49152
309 1 368640 372736
598 1 294912 296960
453 1 53248 57344
406 1 798720 802816
406 1 733184 737280
326 1 974848 978944
58 1 151552 155648
554 1 962560 966656
775 1 720896 737280
611 1 32768 40960
611 1 40960 45056
775 1 737280 741376
173 1 495616 516096
104 1 614400 618496
930 1 507904 512000
656 1 434176 438272
936 1 184320 192512
733 1 978944 983040
891 1 77824 81920
538 1 1003520 1007616
199 1 290816 294912
46 1 331776 335872
656 1 262144 278528
589 1 294912 295936
582 1 577024 609792
582 1 609792 613888
942 1 892928 897024
607 1 266240 278528
421 1 815104 835584
968 1 690688 691712
607 1 278528 282624
968 1 691712 699392
561 1 126976 131072
500 1 749568 753664
406 1 729088 765952
401 1 729088 745472
857 2 217088 262144 262144 282624
485 1 786432 851968
728 1 339968 344064
486 1 131072 196608
486 1 524288 589824
486 1 917504 983040
401 1 720896 724992
777 1 184320 188416
776 1 987136 995328
777 1 221184 225280
777 1 299008 303104
777 1 290816 294912
777 1 307200 311296
777 1 565248 569344
777 1 471040 475136
777 1 630784 634880
777 1 385024 389120
777 1 737280 741376
777 1 573440 577536
777 1 950272 954368
777 1 745472 753664
777 1 995328 1003520
779 1 53248 61440
778 1 798720 802816
777 1 958464 962560
41 1 790528 794624
561 1 311296 315392
53 1 36864 49152
959 1 348672 376832
430 1 454656 458752
426 1 237568 241664
824 5 393728 524288 524288 655360 655360 786432 786432 917504 917504 918016
76 1 872448 876544
401 1 819200 827392
327 4 602112 655360 655360 786432 786432 917504 917504 995328
87 1 487424 491520
401 1 757760 765952
328 1 36864 123392
401 1 827392 831488
590 1 245760 253952
87 1 487424 491520
590 1 253952 258048
919 1 618496 626688
401 1 761856 765952
618 1 487424 503808
328 5 123392 131072 131072 262144 262144 393216 393216 524288 524288 626688
618 1 589824 593920
775 1 614400 618496
328 1 888832 909824
693 1 667648 671744
917 1 81920 90112
917 1 36864 40960
186 1 0 4096
209 1 659456 720896
401 1 729088 733184
164 1 507904 508928
80 1 417792 421888
337 1 716800 720896
198 1 819200 827392
120 1 65536 131072
721 1 925696 926208
934 1 741376 749568
611 1 917504 921600
854 1 561152 565248
929 1 393216 397312
941 1 974848 978944
406 1 733184 741376
722 1 598016 602112
722 1 606208 610304
721 1 929792 933888
621 1 360448 364544
189 1 667648 671744
370 1 527872 531968
189 1 675840 679936
620 1 745472 753664
437 1 860160 864256
854 1 561152 565248
433 4 651264 655360 655360 786432 786432 917504 917504 1048576
434 1 0 86016
406 1 798720 802816
522 1 1015808 1040384
95 1 135168 139264
796 2 385024 393216 393216 417792
519 1 720896 737280
750 1 749568 753664
357 1 1007616 1011712
672 1 581632 585728
104 1 483328 487424
174 1 835584 851968
672 1 581632 585728
90 1 999424 1015808
104 1 417792 430080
543 1 151552 155648
46 1 909312 913408
45 1 823808 825856
282 1 204800 208896
283 1 180224 184320
825 1 217088 221184
83 1 57344 61440
401 1 729088 745472
45 1 825856 827904
979 1 651264 655360
287 1 360448 372736
982 1 441856 445952
207 1 352256 364544
401 1 745472 753664
743 1 872448 874496
743 1 876544 877568
851 1 503808 505344
568 1 98304 110592
401 1 794624 798720
401 1 815104 819200
567 5 77824 131072 131072 262144 262144 393216 393216 524288 524288 589824
980 1 204800 208896
706 1 917504 921600
152 1 757760 761856
558 1 585728 589824
674 1 745472 749568
19 1 847872 851968
616 1 593920 602112
941 1 929792 937984
57 1 458752 520192
565 1 528384 532480
413 1 266240 270336
200 1 684032 688128
4 1 827392 831488
309 1 376832 380928
78 1 884736 901120
868 1 626688 634880
12 1 524288 528384
30 1 995328 1015808
30 1 1015808 1019904
868 1 630784 634880
30 1 1019904 1036288
575 1 704512 712704
426 1 73728 77824
921 1 479232 483328
826 1 126976 131072
30 1 1036288 1040384
470 1 782336 786432
470 1 774144 778240
406 1 794624 798720
837 1 253440 257536
501 1 716800 720896
837 1 253440 257536
502 1 905216 909312
329 1 827392 828928
502 1 131072 147456
775 1 663552 665088
569 1 225280 229376
426 1 679936 684032
158 1 262144 266240
112 1 413696 417792
569 1 253952 262144
181 1 1015808 1019904
779 1 360448 364544
779 1 114688 118784
779 1 577536 581632
779 1 475136 479232
778 1 1011712 1015808
779 1 933888 937984
780 1 86016 94208
779 1 430080 434176
779 1 708608 712704
780 1 458752 462848
780 1 450560 454656
926 1 49152 53248
780 1 294912 299008
780 1 843776 847872
952 1 851968 856064
283 1 897024 901120
313 1 86016 94208
313 1 364544 368640
327 1 176128 180224
340 1 507904 512000
302 1 532480 536576
453 1 53248 57344
424 1 372736 376832
424 1 409600 417792
406 1 798720 802816
414 1 425472 441856
58 1 208896 221184
414 2 372224 393216 393216 421376
999 1 970240 982528
997 1 687616 699904
401 1 835584 843776
10 5 348672 393216 393216 524288 524288 655360 655360 786432 786432 872960
380 1 556032 556544
378 1 806912 811008
137 1 757760 782336
422 1 36864 40960
401 1 806912 811008
949 1 389120 393216
936 1 307200 319488
936 1 303104 307200
424 1 135168 147456
424 1 131072 135168
455 1 278528 282624
426 1 901120 917504
427 1 262144 266240
12 1 458752 462848
448 1 28672 32768
412 1 659456 671744
448 1 32768 65536
406 1 729088 737280
455 5 282624 393216 393216 524288 524288 655360 655360 786432 786432 806912
455 2 806912 917504 917504 1048576
33 1 827392 847872
412 1 655360 659456
460 4 32768 131072 131072 262144 262144 393216 393216 507904
424 1 131072 135168
186 1 28672 32768
471 1 565248 569344
941 1 917504 921600
187 1 36864 40960
406 1 815104 823296
306 1 798720 802816
406 1 753664 761856
406 1 823296 827392
306 1 798720 802816
525 1 589824 606208
482 1 991232 995328
44 1 196608 237568
519 1 806912 839680
507 1 192512 196608
557 1 569344 577536
557 1 577536 581632
656 1 90112 110592
965 1 557056 569344
72 1 749568 753664
406 1 835584 839680
501 1 520192 524288
968 1 286208 314880
968 1 314880 318976
551 1 57344 65536
448 1 839680 856064
516 1 307200 311296
968 1 318976 323072
517 1 258048 259072
551 1 65536 69632
448 1 856064 860160
137 1 48640 56832
137 1 19968 44544
136 1 1039872 1048576
137 1 0 15872
137 1 339456 347648
968 1 323072 327168
968 1 327168 359936
968 1 359936 364032
136 1 1039872 1048576
137 1 0 7680
85 1 851968 872448
76 1 876544 880640
960 1 970752 1048576
961 4 0 131072 131072 262144 262144 393216 393216 418304
76 1 880640 892928
401 1 720896 724992
406 1 733184 737280
525 1 991232 999424
597 1 778240 782336
491 1 1011712 1032192
43 1 368640 376832
54 1 225280 229376
72 1 815104 819200
547 1 827392 851968
450 1 225280 233472
547 1 851968 864256
491 1 1032192 1044480
455 1 20480 28672
401 1 811008 823296
52 1 851968 913408
237 1 102400 118784
574 1 524288 589824
899 1 425984 430080
603 1 864256 876544
888 1 933888 950272
920 1 598016 610304
237 1 143360 151552
238 1 86016 94208
239 1 815104 823296
238 2 651264 655360 655360 659456
239 1 274432 282624
489 1 561152 585728
503 1 16384 28672
973 1 598016 602112
698 1 811008 819200
215 1 110592 114688
300 1 229376 233472
312 1 368640 376832
309 1 380928 385024
330 1 65536 73728
306 1 4096 12288
83 1 61440 94208
287 1 372736 376832
318 1 868352 872448
781 1 327680 328704
318 1 925696 933888
456 1 53248 56832
401 1 798720 802816
263 1 1044480 1048576
264 1 0 16384
158 1 266240 270336
312 1 990720 994816
368 1 966144 970240
489 1 61440 73728
12 1 552960 557056
232 1 61952 69632
232 4 73728 131072 131072 262144 262144 393216 393216 500224
554 1 954368 956416
30 1 982528 1015808
31 1 163840 180224
160 1 811008 815104
982 1 445952 450048
982 1 450048 482816
382 1 77312 81408
538 1 237568 245760
542 2 823296 917504 917504 1048576
543 2 0 131072 131072 262144
538 1 245760 249856
847 1 1007616 1048576
848 1 0 118784
618 1 245760 253952
618 1 253952 258048
716 1 954368 987136
124 2 840192 917504 917504 950272
124 1 978944 1048576
125 3 0 131072 131072 262144 262144 344576
642 1 638976 643072
125 5 344576 393216 393216 524288 524288 655360 655360 786432 786432 868864
672 1 581632 593920
868 1 110592 114688
24 1 483328 495616
873 1 1040384 1042432
672 1 585728 589824
672 1 585728 589824
837 1 602112 604672
611 1 917504 921600
501 1 245760 249856
438 1 823296 827392
382 1 712704 716800
384 1 978944 983040
487 1 925696 929792
955 1 139264 147456
291 1 344064 348160
393 1 708608 712704
393 1 499712 503808
397 1 417792 421888
394 1 524288 528384
397 1 61440 90112
882 1 1040384 1044480
257 1 856064 860160
258 1 376832 380928
392 1 409600 413696
392 1 557056 561152
392 1 548864 552960
393 1 856064 860160
392 1 720896 724992
392 1 569344 573440
393 1 897024 901120
393 1 884736 888832
397 1 471040 475136
611 1 913408 917504
145 1 393216 397824
577 1 765952 774144
577 1 774144 778240
153 1 942080 958464
132 1 458752 462848
153 1 958464 978944
132 1 524288 528384
997 1 667648 671744
941 1 593920 598016
941 1 585728 589824
184 1 376832 377856
633 1 958464 961024
655 1 786432 806912
347 1 454656 471040
796 1 417792 421888
656 1 524288 569344
0 1 421888 438272
198 1 897024 901120
234 1 147456 151552
188 1 520192 524288
824 1 918016 1048576
825 4 0 131072 131072 262144 262144 393216 393216 393728
76 1 892928 901120
915 1 851968 880640
401 1 749568 753664
401 1 729088 737280
507 1 589824 618496
44 1 237568 241664
567 4 589824 655360 655360 786432 786432 917504 917504 1048576
424 1 135168 147456
441 1 4096 8192
434 1 528384 557056
223 1 16384 20480
471 1 835584 843776
419 1 360448 364544
432 1 1015808 1048576
433 1 0 20480
466 2 909312 917504 917504 1048576
467 3 0 131072 131072 262144 262144 356352
471 1 860160 868352
106 2 868352 917504 917504 933888
146 1 630784 647168
358 1 536576 540672
785 1 663552 671744
265 1 925696 929792
424 1 131072 135168
867 1 913408 917504
985 1 946176 950272
941 1 1040384 1044480
862 1 118784 122880
862 1 90112 94208
862 1 53248 61440
611 1 921600 925696
370 1 527872 531968
721 1 925696 926208
867 1 913408 917504
611 1 917504 921600
941 1 974848 978944
963 1 921600 925696
941 1 933888 937984
406 1 733184 737280
406 1 733184 737280
453 1 53248 57344
569 1 794624 802816
232 5 500224 524288 524288 655360 655360 786432 786432 917504 917504 958976
268 1 1015808 1019904
12 1 487424 491520
160 1 794624 811008
439 1 1032192 1036288
268 1 1003520 1015808
463 1 761856 765952
113 1 12288 32768
177 1 339968 344064
173 1 45056 49152
175 1 868352 872448
557 1 77824 81920
174 1 483328 487424
162 1 106496 110592
372 1 1044480 1048576
196 1 81920 86016
113 1 69120 73216
604 1 167936 176128
643 1 24576 36864
264 1 16384 20480
604 1 180224 184320
402 1 135168 139264
435 1 598016 602112
86 1 729088 730112
406 1 757760 761856
617 1 798720 806912
617 1 806912 811008
783 1 831488 835584
498 1 729088 733184
494 1 237568 241664
496 1 602112 606208
501 1 397312 413696
401 1 794624 798720
630 1 36864 40960
55 1 507904 516096
630 1 0 4096
55 1 516096 520192
548 1 237568 245760
548 1 245760 249856
614 1 671744 684032
551 1 311296 319488
148 1 696320 697344
406 1 794624 806912
551 1 319488 323584
949 1 4096 7680
169 1 880640 881664
927 1 819200 823296
551 1 323584 331776
551 1 331776 335872
874 1 962560 966656
218 1 262144 266240
137 1 720896 724992
0 1 401408 405504
178 1 1015808 1019904
952 1 98304 102400
146 1 0 4096
406 1 733184 737280
424 1 352256 368640
487 1 262144 327680
487 1 655360 720896
501 1 1003520 1011712
488 1 0 65536
501 1 1011712 1015808
488 1 393216 458752
488 1 786432 824320
419 1 512000 516096
270 1 294912 303104
538 1 708608 716800
83 1 94208 98304
8 1 466944 475136
48 1 425984 442368
525 1 999424 1003520
982 1 482816 486912
337 1 716800 724992
401 1 794624 798720
575 1 860160 884736
329 1 647168 655360
178 1 454656 512000
424 1 307200 323584
891 1 77824 81920
401 1 774144 778240
636 1 109056 111104
955 1 147456 151552
941 1 999424 1007616
929 1 397312 401408
19 1 847872 851968
559 1 667648 675840
110 1 786432 798720
559 1 675840 679936
678 1 548864 602112
824 1 983040 995328
741 1 815104 823296
30 1 577536 581632
30 2 643072 655360 655360 733184
406 1 798720 802816
505 1 618496 622592
435 1 118784 122880
611 1 921600 925696
217 1 774144 778240
470 1 36864 40960
401 1 966656 970752
872 1 790528 794624
402 1 966656 970752
611 1 913408 917504
50 4 12288 131072 131072 262144 262144 393216 393216 524288
347 2 520192 524288 524288 536576
522 1 1015808 1019904
355 1 868352 901120
195 1 733184 737280
4 1 823296 823808
195 1 729088 733184
779 1 602112 634880
424 1 438272 454656
502 1 65536 77824
117 1 290816 294912
117 1 294912 299008
264 1 716800 720896
264 1 851968 864256
949 1 909312 913408
401 1 827392 831488
160 1 983040 1044480
86 1 430080 434176
328 2 909824 917504 917504 1048576
329 3 0 131072 131072 262144 262144 320000
401 1 761856 774144
226 3 721408 786432 786432 917504 917504 1048576
227 2 0 131072 131072 197120
86 1 360448 364544
87 1 720896 724992
941 1 983040 1003520
401 1 835584 839680
4 1 687616 704000
329 2 385536 393216 393216 430080
401 1 770048 774144
656 2 389120 393216 393216 430080
163 1 172032 188416
656 1 438272 442368
38 1 237568 253952
631 1 618496 619008
631 1 619008 634880
780 1 126976 128000
780 2 128000 131072 131072 132096
780 1 132096 136192
780 1 136192 140288
680 1 814592 835072
41 1 794624 798720
691 1 229376 233472
556 1 262144 266240
503 1 487424 491520
95 1 962560 966656
349 1 69632 122880
481 1 245760 262144
941 1 983040 991232
354 1 565248 589824
725 1 446464 450048
437 1 860160 864256
672 1 585728 593920
9 1 303104 307200
328 1 851968 856064
857 1 618496 638976
672 1 589824 593920
132 1 516096 520192
90 1 1015808 1036288
672 1 589824 593920
174 1 851968 872448
853 1 86016 90112
666 1 73728 77824
690 1 118784 122880
348 1 118784 126976
401 1 946176 950272
78 2 901120 917504 917504 921600
12 1 458752 462848
575 1 712704 716800
769 1 176128 200704
868 1 630784 634880
769 1 200704 204800
30 1 1040384 1048576
528 1 987136 991232
647 1 65536 69632
528 1 1024000 1028096
460 1 905216 909312
195 1 102400 106496
80 1 999424 1003520
783 1 1044480 1048576
406 1 823296 827392
401 1 741376 745472
926 1 212480 237568
0 1 421888 442368
569 1 802816 806912
108 1 352256 356352
10 2 872960 917504 917504 1048576
11 3 0 131072 131072 262144 262144 348672
538 1 716800 720896
287 1 344064 356352
380 1 556032 558592
422 1 94208 98304
853 1 729088 737280
137 1 757760 761856
401 1 741376 745472
727 1 471040 475136
83 1 98304 106496
287 1 356352 360448
962 1 442368 446464
23 1 647168 651264
401 1 815104 819200
144 1 466944 471040
406 1 794624 798720
137 1 347648 359936
137 1 364032 384512
968 1 364032 388608
59 1 192512 196608
968 1 388608 392704
973 1 831488 905216
656 1 495616 499712
641 1 220672 232960
941 1 917504 921600
49 1 970752 974848
138 1 499200 503296
137 1 749056 753152
137 1 491008 499200
968 2 392704 393216 393216 421376
973 1 905216 909312
968 1 421376 425472
406 1 729088 733184
414 1 372224 388608
414 1 441856 474624
982 1 486912 511488
668 1 607232 607744
867 1 913408 917504
460 1 647168 655360
460 1 598016 622592
50 1 208896 212480
941 1 1040384 1048576
569 1 757760 765952
985 1 454656 455168
569 1 765952 770048
555 1 987136 995328
269 1 732672 733184
401 1 839680 843776
636 1 110592 111104
487 1 921600 925696
983 1 327680 331776
891 1 77824 81920
941 1 937984 946176
168 1 864256 868352
796 1 421888 430080
657 4 569344 655360 655360 786432 786432 917504 917504 1015808
745 1 0 16384
503 1 786432 806912
406 1 798720 811008
80 1 548864 552960
406 1 729088 733184
502 1 585728 589824
503 1 196608 212992
502 1 716800 720896
503 1 65536 73728
664 1 798720 800256
459 1 974848 983040
406 1 794624 815104
296 1 978944 983040
106 1 864256 909312
45 1 827904 835072
74 1 720896 741376
21 1 884736 888832
45 1 835072 843776
314 1 331776 335872
502 1 397312 413696
160 1 790528 794624
616 2 471040 524288 524288 638976
31 1 177152 178176
12 1 552960 561152
616 1 638976 643072
17 1 278528 282624
966 1 331776 335872
160 1 811008 815104
232 1 1024512 1048576
233 4 0 131072 131072 262144 262144 393216 393216 500224
966 1 319488 323584
160 1 815104 827392
31 1 177664 178688
147 1 978944 983040
309 1 172032 176128
761 1 118784 122880
692 1 679936 684032
421 1 192512 196608
421 1 655360 671744
401 1 729088 737280
401 1 794624 798720
499 1 450560 458752
499 1 524288 536576
281 1 364544 368640
401 1 729088 745472
281 1 364544 376832
281 1 372736 376832
281 1 372736 376832
421 1 671744 684032
686 1 786432 794624
281 1 372736 385024
281 1 380928 385024
232 1 335872 339968
956 1 409600 413696
617 1 573440 593920
929 1 393216 397312
702 1 733184 749568
872 1 790528 794624
197 1 249856 253952
624 1 102400 106496
999 1 323584 325120
182 1 1011712 1028096
112 1 483328 491520
547 1 864256 884736
747 1 598016 602112
406 1 729088 737280
450 1 172032 176128
401 1 753664 757760
424 1 221184 237568
401 1 819200 823296
406 1 798720 806912
747 1 598016 602112
401 1 753664 757760
401 1 819200 823296
584 1 413696 434176
747 1 598016 602112
401 1 753664 757760
112 1 417792 430080
406 1 733184 737280
281 1 880640 884736
471 1 1003520 1007616
548 1 286720 327680
982 1 511488 515584
257 1 131072 155648
947 1 974848 978944
575 1 884736 888832
198 2 901120 917504 917504 933888
337 1 720896 724992
349 1 122880 126976
481 1 262144 274432
144 1 393216 397312
812 1 897024 901120
961 5 418304 524288 524288 655360 655360 786432 786432 917504 917504 942592
76 2 901120 917504 917504 929792
627 1 217088 218112
825 5 393728 524288 524288 655360 655360 786432 786432 917504 917504 918016
76 1 929792 942080
156 1 385024 389120
243 1 458752 524288
198 1 933888 937984
912 1 323584 339968
912 1 413696 430080
818 1 815104 819200
568 5 110592 131072 131072 262144 262144 393216 393216 524288 524288 634880
568 2 634880 655360 655360 671744
401 1 749568 761856
64 1 750592 751104
963 1 921600 925696
572 1 897024 901120
406 1 729088 745472
555 1 995328 999424
867 1 913408 917504
941 1 999424 1003520
572 1 913408 917504
941 1 978944 983040
553 1 425984 428544
594 1 16384 20480
553 1 122880 125952
326 1 151552 155648
438 1 802816 806912
883 1 114688 118784
288 1 843776 847872
370 1 527872 531968
972 1 778240 782336
132 1 528384 536576
934 1 749568 761856
701 1 970752 974848
502 1 77824 81920
175 1 761856 774144
501 1 651264 655360
502 1 262144 274432
175 1 774144 778240
446 1 1015808 1019904
643 1 53248 59392
138 1 126976 131072
511 1 843776 851968
545 1 331776 332288
315 1 851968 856064
16 1 331776 335872
16 1 405504 413696
224 1 917504 921600
227 1 53248 57344
581 1 827392 831488
39 3 516096 524288 524288 655360 655360 708608
39 3 770048 786432 786432 917504 917504 1004032
39 1 1004032 1048576
40 4 0 131072 131072 262144 262144 393216 393216 414208
40 5 479744 524288 524288 655360 655360 786432 786432 917504 917504 1004032
40 1 1004032 1048576
41 4 0 131072 131072 262144 262144 393216 393216 479744
41 1 954368 1008128
41 5 479744 524288 524288 655360 655360 786432 786432 917504 917504 950272
41 1 1008128 1048576
42 4 0 131072 131072 262144 262144 393216 393216 483840
929 1 393216 397312
45 1 860160 864256
636 1 110592 112128
962 1 1007616 1040384
700 1 86016 90112
32 1 483328 487424
287 1 438272 450560
380 1 558080 558592
45 1 843776 846848
83 1 106496 110592
11 5 348672 393216 393216 524288 524288 655360 655360 786432 786432 807424
401 1 806912 811008
274 1 323584 327680
287 1 450560 454656
410 1 802816 806912
305 1 167936 172032
318 1 364544 368640
492 1 360448 364544
436 2 303104 393216 393216 401408
176 1 851968 860160
514 1 28672 36864
715 1 581632 585728
571 1 917504 925696
562 1 589824 655360
435 2 327680 393216 393216 458752
870 1 884736 888832
868 1 475136 479232
562 5 65536 131072 131072 262144 262144 393216 393216 524288 524288 589824
941 1 921600 925696
830 1 991232 1048576
831 3 0 131072 131072 262144 262144 315392
521 1 839680 847872
796 1 430080 434176
50 1 978944 983040
835 2 385024 393216 393216 450560
412 1 155648 159744
424 1 135168 147456
69 1 102400 106496
69 1 106496 131072
106 1 933888 937984
958 1 1003520 1007616
69 1 131072 135168
958 1 1007616 1019904
69 1 135168 143360
467 1 352256 356352
69 1 143360 147456
467 5 356352 393216 393216 524288 524288 655360 655360 786432 786432 843776
433 4 548864 655360 655360 786432 786432 917504 917504 995328
433 1 544768 548864
441 1 8192 24576
941 1 983040 987136
968 1 425472 429568
959 1 1015808 1019904
59 1 462848 471040
138 2 503296 524288 524288 527872
138 1 638464 642560
138 1 572928 581120
138 1 544256 568832
138 1 658944 663040
941 1 917504 921600
968 1 429568 433664
968 1 433664 466432
968 1 466432 470528
138 1 503296 519680
59 1 192512 196608
138 1 921088 929280
138 1 663040 687616
941 1 983040 999424
104 1 491520 499712
672 1 589824 593920
734 1 106496 126976
542 1 823296 831488
672 1 589824 602112
406 1 794624 798720
542 1 831488 835584
672 1 593920 598016
406 1 724992 729088
672 1 593920 598016
569 1 446464 454656
569 1 454656 458752
132 1 446464 450560
384 1 950272 954368
384 1 958464 1019904
384 1 655360 659456
385 2 745472 786432 786432 806912
385 1 733184 737280
398 1 65536 69632
571 1 851968 856064
406 1 794624 798720
406 1 757760 770048
406 1 724992 729088
306 1 806912 811008
406 1 831488 835584
983 1 331776 335872
891 1 77824 81920
236 1 1036288 1040384
557 1 946176 954368
941 1 1007616 1011712
961 1 868352 872448
760 1 585728 589824
30 1 733184 737280
392 1 237568 241664
903 1 696320 712704
815 1 204800 208896
605 1 122880 131072
6 1 536576 540672
883 1 364544 367616
541 1 86016 90112
74 1 589824 593920
483 1 225280 229376
483 1 253952 258048
74 1 651264 655360
45 1 846848 848384
483 1 282624 286720
406 1 729088 733184
113 1 151552 155648
45 1 848384 850432
83 1 110592 118784
967 1 884736 888832
589 1 753664 761856
589 1 761856 765952
424 1 323584 327680
425 1 327680 344064
178 1 512000 516096
406 1 794624 798720
561 1 999424 1003520
756 1 491520 495616
134 1 856064 860160
413 1 1003520 1011712
413 1 974848 978944
95 1 139264 176128
743 1 577536 581632
406 1 741376 757760
394 1 757760 786432
157 1 229376 237568
961 1 942592 1048576
962 4 0 131072 131072 262144 262144 393216 393216 418304
76 1 942080 950272
912 1 86016 90112
679 1 385024 389120
679 1 319488 327680
51 1 425984 430080
76 1 950272 954368
650 1 401408 413696
369 1 864256 868352
144 1 479232 483328
538 1 585728 589824
849 1 696320 700416
821 1 561152 565248
402 1 966656 970752
406 1 794624 798720
604 1 835072 839168
9 1 987136 991232
604 1 835072 839168
837 1 253440 257536
837 1 253440 257536
132 1 40960 45056
604 1 835072 839168
604 1 835072 839168
16 1 421888 430080
406 1 729088 737280
406 1 794624 802816
186 1 249856 253952
182 1 204800 208896
852 1 962560 1048576
853 4 0 131072 131072 262144 262144 393216 393216 438272
852 5 438272 524288 524288 655360 655360 786432 786432 917504 917504 962560
7 1 962560 964608
603 1 241664 245760
603 1 282624 294912
853 3 438272 524288 524288 655360 655360 720896
776 1 262144 393216
853 1 720896 786432
167 1 724480 749056
47 1 983040 1048576
934 1 953856 957952
570 1 323584 327680
383 1 65536 131072
996 1 28672 90112
571 1 610304 614400
492 1 360448 364544
57 1 442368 450560
360 1 483328 487424
121 1 20480 24576
568 3 675840 786432 786432 917504 917504 1048576
569 1 0 114688
401 1 823296 827392
80 1 359936 364032
774 1 8192 12288
407 1 307200 310272
877 1 8192 12288
508 1 53248 55296
385 1 323584 327680
574 1 966656 970752
905 1 45056 49152
412 1 942080 950272
219 1 782336 786432
918 1 778240 782336
443 1 4096 8192
934 1 806912 811008
385 1 872448 876544
868 1 630784 634880
647 1 69632 86016
647 1 86016 90112
868 1 630784 634880
647 1 90112 98304
397 1 273920 282112
647 1 98304 102400
837 1 942592 944128
534 1 491520 495616
780 1 140288 144384
400 1 1015296 1019392
936 1 491008 519680
38 2 253952 262144 262144 274432
780 1 144384 148480
936 1 519680 523776
136 1 421888 438272
630 1 106496 110592
609 1 315392 323584
780 1 458752 459264
609 1 323584 327680
630 1 102400 106496
450 1 229376 233472
450 1 241664 245760
424 1 278528 290816
424 1 237568 245760
449 1 389120 393216
945 1 385024 389120
416 1 159744 163840
450 1 176128 180224
401 1 819200 827392
450 1 241664 249856
58 1 262144 266240
449 1 389120 393216
584 1 434176 446464
401 1 757760 761856
945 1 385024 389120
58 1 266240 270336
450 1 180224 184320
58 1 270336 274432
986 2 258048 262144 262144 307200
319 1 167936 168448
133 1 53248 57856
406 1 765952 770048
956 1 413696 417792
424 1 221184 237568
529 1 540672 544768
101 1 565248 570368
354 1 565248 569344
718 1 335872 339968
87 1 720896 724992
329 5 495616 524288 524288 655360 655360 786432 786432 917504 917504 975360
401 1 835584 839680
618 1 593920 606208
227 5 197120 262144 262144 393216 393216 524288 524288 655360 655360 721408
422 1 1015808 1019904
329 1 975360 983040
745 4 602112 655360 655360 786432 786432 917504 917504 1048576
746 1 0 77824
329 1 1032192 1048576
330 1 0 20480
775 1 614400 618496
693 1 667648 671744
746 5 77824 131072 131072 262144 262144 393216 393216 524288 524288 602112
401 1 770048 778240
746 4 602112 655360 655360 786432 786432 917504 917504 1048576
747 1 0 77824
747 5 77824 131072 131072 262144 262144 393216 393216 524288 524288 602112
331 2 876544 917504 917504 1048576
332 3 0 131072 131072 262144 262144 307712
747 4 602112 655360 655360 786432 786432 917504 917504 1048576
748 1 0 77824
227 2 888832 917504 917504 1048576
228 2 0 131072 131072 135680
227 2 721408 786432 786432 884736
437 1 663552 667648
929 1 397312 401408
963 1 921600 925696
153 1 819200 839680
941 1 933888 937984
867 1 913408 917504
132 1 466944 475136
941 1 1044480 1048576
554 1 73728 94208
862 1 999424 1003520
840 2 61440 131072 131072 135168
796 1 434176 442368
394 4 122880 131072 131072 262144 262144 393216 393216 495616
96 1 626688 630784
862 1 1015808 1019904
862 1 983040 995328
862 1 1024000 1032192
576 1 655360 659456
104 1 380928 385024
453 1 53248 57344
406 1 798720 802816
406 1 737280 741376
453 1 53248 57344
406 1 802816 806912
642 1 299008 303104
983 1 335872 339968
753 1 663552 671744
760 1 610304 630784
642 1 360448 372736
591 1 966656 970752
153 1 823296 827392
615 1 356352 360448
571 1 901120 905216
657 1 1028096 1032192
63 1 913408 917504
29 1 630784 634880
598 1 929792 991232
162 1 610304 614400
699 1 143360 147456
169 1 733184 737280
178 1 684032 688128
762 1 159744 160256
447 1 167936 172032
447 1 196608 200704
447 1 430080 434176
823 1 282624 286720
578 1 409600 413696
509 1 557056 561152
446 1 970752 974848
357 1 437760 441856
362 1 826880 830976
401 1 757760 761856
123 1 786432 790528
198 1 937984 946176
471 1 561152 565248
876 1 557056 655360
539 1 323584 327680
337 1 720896 724992
406 1 737280 741376
293 1 335872 340480
520 1 622080 634368
514 1 36864 40960
571 1 925696 983040
835 1 143360 208896
395 2 720896 786432 786432 798720
522 1 446464 471040
530 1 57344 65536
436 1 401408 405504
336 1 131072 196608
522 1 471040 475136
835 1 208896 212992
414 1 540160 556544
530 1 65536 69632
947 1 974848 978944
436 1 405504 417792
315 1 397312 401408
584 1 823296 827392
894 1 720896 749568
394 2 499712 524288 524288 638976
576 1 638976 651264
576 1 684032 688128
584 1 847872 856064
576 1 667648 679936
576 1 716800 720896
584 1 835584 843776
576 1 700416 708608
584 1 831488 835584
576 1 692224 696320
592 1 266240 274432
592 1 299008 307200
576 1 724992 729088
592 1 155648 163840
716 1 294912 296960
51 1 888832 913408
825 1 918016 1048576
826 4 0 131072 131072 262144 262144 393216 393216 393728
76 1 954368 958464
13 1 212992 221184
407 1 593920 602112
961 1 348160 352256
511 1 851968 856064
264 1 864256 876544
223 1 860160 864256
872 1 790528 798720
144 1 413696 421888
872 1 794624 798720
144 1 483328 487424
287 1 454656 466944
380 1 558080 559104
499 1 536576 552960
695 1 180224 184320
401 1 741376 745472
721 1 479232 483328
287 1 466944 471040
83 1 118784 122880
45 1 850432 852480
566 1 671744 679936
11 2 823808 917504 917504 1048576
12 3 0 131072 131072 262144 262144 299520
344 1 823296 835584
616 2 643072 655360 655360 659456
530 1 307200 311296
12 1 491520 495616
616 1 659456 663552
20 1 65536 69632
616 1 663552 684032
233 5 500224 524288 524288 655360 655360 786432 786432 917504 917504 1024512
522 1 991232 995328
587 1 561152 566784
616 1 684032 688128
160 1 827392 835584
616 1 688128 704512
551 1 155648 163840
233 1 1024512 1048576
234 4 0 131072 131072 262144 262144 393216 393216 500224
551 1 163840 167936
616 1 704512 708608
160 1 827392 831488
968 1 470528 495104
968 1 495104 499200
641 1 228864 241152
138 1 1019392 1035776
324 1 565248 569344
758 1 786432 794624
968 1 499200 503296
968 2 503296 524288 524288 527872
324 1 573440 577536
667 1 368640 370688
968 1 527872 531968
810 1 663552 667648
401 1 729088 733184
198 1 946176 950272
718 1 339968 348160
941 1 987136 991232
125 2 868864 917504 917504 1048576
126 3 0 131072 131072 262144 262144 344576
126 5 344576 393216 393216 524288 524288 655360 655360 786432 786432 868864
782 1 741376 757760
428 1 757760 761856
567 1 880640 888832
428 1 753664 757760
126 2 868864 917504 917504 1048576
127 3 0 131072 131072 262144 262144 344576
759 1 405504 409600
590 1 876544 880640
64 1 516096 520192
749 1 491520 495616
232 1 81920 90112
746 1 208896 212992
599 1 307200 311296
232 1 94208 98304
116 1 458752 462848
762 1 155648 159744
221 1 413696 416768
283 1 16384 20480
666 1 1040384 1043968
231 1 114688 122880
676 1 589824 593920
433 1 606208 610304
293 1 450560 452608
883 2 765952 786432 786432 798720
231 1 122880 126976
4 1 12288 16384
625 1 196608 204800
625 1 204800 208896
569 1 864256 865792
122 1 868352 888832
56 1 417792 425984
982 1 515584 519680
466 1 135168 139264
54 1 524288 589824
982 2 519680 524288 524288 544256
81 1 684032 688128
407 1 24576 32768
603 1 233472 237568
120 1 475136 479232
406 1 733184 749568
219 1 118784 126976
672 1 626688 634880
927 1 819200 827392
406 1 798720 811008
551 1 335872 344064
551 1 344064 348160
927 1 823296 827392
551 1 348160 356352
551 1 356352 360448
877 1 16384 24576
58 1 983040 1044480
927 1 823296 827392
551 1 360448 368640
62 1 974848 1044480
551 1 368640 372736
66 1 974848 1044480
184 1 323584 324608
548 1 499712 507904
927 1 823296 827392
385 1 880640 884736
279 1 958464 962560
896 1 532480 536576
260 1 552960 557056
624 1 196608 200704
219 1 495616 499712
251 1 1024000 1040384
814 1 487424 491520
292 1 290816 299008
435 1 106496 109056
385 1 892928 897024
814 1 532480 536576
896 1 548864 552960
219 1 520192 524288
401 1 765952 782336
135 1 184320 188416
583 1 897024 901120
219 1 712704 716800
392 1 581632 585728
401 1 794624 798720
524 1 851968 868352
408 1 749568 753664
569 5 114688 131072 131072 262144 262144 393216 393216 524288 524288 638976
982 1 839680 847872
527 1 237568 241664
130 1 204800 212992
30 1 49152 53248
828 1 684032 688128
499 1 683520 687616
134 1 651264 655360
510 2 782336 786432 786432 790528
761 1 827392 847872
891 1 77824 81920
423 1 610304 614400
557 1 954368 958464
10 1 290816 294912
510 1 790528 794624
941 1 942080 946176
452 1 372736 389120
592 1 278528 286720
592 1 573440 577536
592 1 143360 151552
576 1 737280 745472
592 1 315392 319488
297 1 699904 704000
592 1 176128 184320
576 1 794624 802816
592 1 192512 196608
576 1 757760 782336
592 1 446464 458752
592 1 466944 475136
592 1 483328 487424
592 1 491520 495616
584 1 856064 864256
672 1 593920 598016
134 1 872448 888832
672 1 593920 598016
147 2 303104 393216 393216 442368
503 1 368640 393216
147 2 507904 524288 524288 528384
64 1 417792 421888
535 2 651264 655360 655360 684032
392 1 1019904 1036288
672 1 593920 602112
812 1 536576 540672
136 1 438272 458752
780 1 532480 536576
780 1 520192 524288
659 1 143360 147456
659 1 77824 81920
166 1 425984 446464
144 1 405504 409600
534 1 425984 430080
207 1 557056 561152
630 1 106496 110592
555 1 860160 864256
453 1 53248 57344
456 1 184320 188416
326 1 839680 843776
306 1 806912 811008
929 1 397312 401408
528 1 561152 581632
500 1 679936 688128
406 1 737280 745472
406 1 831488 835584
406 1 729088 733184
783 1 831488 835584
42 1 663552 667648
783 1 1044480 1048576
406 1 765952 770048
499 1 970752 983040
500 1 393216 397312
401 1 729088 733184
869 1 811008 815104
934 1 957952 982528
847 1 65536 110592
934 1 982528 986624
608 1 741376 774144
783 1 454656 458752
608 2 782336 786432 786432 819200
782 1 458752 462848
609 1 937984 958464
782 1 1011712 1015808
783 1 303104 307200
946 1 49152 131072
46 1 262144 327680
499 1 536576 548864
281 1 380928 385024
686 1 724992 729088
401 1 806912 815104
686 1 790528 794624
232 1 335872 339968
623 1 475136 483328
686 1 724992 729088
623 1 483328 487424
166 1 774144 778240
130 1 847872 851968
686 1 790528 794624
686 1 724992 737280
303 1 147456 151552
194 1 339968 344064
686 1 798720 802816
26 1 49152 57344
445 2 589824 655360 655360 720896
445 1 851968 917504
568 2 786432 917504 917504 1048576
569 2 0 131072 131072 262144
26 1 57344 61440
445 1 983040 1048576
562 1 917504 1048576
563 1 0 131072
446 1 65536 131072
917 1 36864 40960
657 1 532480 533504
122 1 81920 86016
52 1 741376 745472
51 1 368640 372736
567 1 888832 892928
808 1 303104 307200
637 1 200704 204800
759 1 204800 208896
755 1 450560 454656
759 1 200704 204800
467 1 233472 237568
311 1 217088 221184
745 1 987136 999424
218 1 745472 749568
75 1 643072 651264
51 1 335872 344064
807 1 843776 847872
127 5 344576 393216 393216 524288 524288 655360 655360 786432 786432 868864
184 1 589824 593920
85 1 786432 802816
764 1 352256 360448
953 1 0 4096
975 1 954368 958464
975 1 962560 966656
975 1 970752 974848
975 1 978944 983040
975 1 999424 1011712
434 1 667648 671744
911 1 196608 204800
911 1 208896 212992
186 1 847872 851968
555 1 581632 585728
555 1 589824 610304
555 1 618496 622592
190 1 0 512
605 1 131072 135168
834 1 745472 749056
544 1 827392 843776
189 1 729088 745472
120 1 618496 622592
383 1 524288 536576
96 1 749568 753664
759 1 847872 851968
758 1 114688 118784
102 1 487424 491520
968 1 531968 536064
761 1 4096 8192
759 1 843776 847872
139 1 175616 183808
139 1 212480 216576
139 1 318976 327168
138 1 1035776 1048576
139 1 0 19968
139 1 200192 208384
139 1 355840 359936
968 1 536064 540160
968 1 540160 572928
59 1 192512 196608
968 1 572928 577024
941 1 929792 950272
406 1 729088 737280
406 1 798720 806912
968 1 540672 544768
563 1 40960 49152
406 1 737280 741376
563 1 49152 53248
406 1 802816 811008
968 1 540672 544768
406 1 741376 745472
761 1 118784 122880
576 1 806912 811008
584 1 925696 929792
584 1 970752 978944
584 2 888832 917504 917504 921600
584 1 958464 962560
584 1 868352 884736
584 1 937984 950272
406 1 819200 823296
519 1 737280 757760
515 1 663552 666624
502 1 696320 712704
436 1 417792 421888
982 1 544256 548352
996 1 90112 94208
982 1 548352 552448
876 2 876544 917504 917504 954368
401 1 729088 737280
449 1 389120 393216
450 1 245760 249856
401 1 823296 827392
58 1 274432 278528
945 1 385024 389120
58 1 278528 282624
450 1 180224 184320
58 1 282624 286720
450 1 245760 249856
58 1 286720 290816
945 1 385024 389120
450 1 180224 184320
844 1 765952 770048
718 1 348160 352256
844 1 704512 708608
481 1 274432 290816
917 1 81920 90112
401 1 729088 741376
401 1 720896 724992
16 1 532480 540672
198 1 1015808 1019904
198 1 950272 954368
200 1 81920 86016
174 1 204800 208896
104 1 557056 561152
541 1 139264 142848
170 1 524288 585728
106 1 73728 77824
406 1 802816 806912
352 1 999424 1003520
223 1 860160 864256
144 1 417792 421888
182 1 1028096 1048576
872 1 794624 802816
112 1 421888 434176
144 1 483328 487424
896 1 557056 565248
105 1 1019904 1048576
755 2 507904 524288 524288 539136
318 1 45056 49152
896 1 573440 581632
87 1 917504 919552
429 1 622592 626688
896 1 589824 593920
224 1 516096 524288
4 1 101888 105984
0 1 32256 36352
4 1 167424 171520
36 1 167424 171520
896 1 598016 602112
262 1 4096 8192
0 1 36352 40448
993 1 401408 405504
812 1 397312 475136
654 1 888832 892928
423 1 667648 671744
401 1 774144 786432
32 1 409600 413696
891 1 77824 86016
941 1 1007616 1011712
868 1 630784 638976
647 1 102400 110592
247 1 536576 544768
647 1 110592 114688
247 1 544768 548864
868 1 634880 638976
287 1 471040 483328
532 1 249856 258048
566 1 679936 684032
380 1 558592 560640
253 1 622592 626688
401 1 806912 811008
311 1 0 4096
532 1 258048 262144
287 1 483328 487424
12 1 299520 327680
868 1 215040 216576
341 1 860160 864256
38 1 12288 20480
121 1 20480 24576
638 1 618496 622592
401 1 823296 827392
19 1 724992 774144
71 1 495616 502272
71 1 843776 856064
71 1 503808 507904
73 1 503808 506368
142 1 557056 561152
142 1 561152 577536
105 1 700416 708608
142 1 577536 581632
122 1 843776 864256
122 1 864256 876544
632 1 917504 983040
535 2 358400 393216 393216 423936
529 1 438272 442368
645 1 319488 327680
993 1 647168 649728
470 1 892928 909312
867 1 913408 917504
963 1 921600 925696
941 1 978944 983040
941 1 999424 1003520
153 1 839680 851968
867 1 913408 917504
668 1 607744 608256
941 1 1044480 1048576
963 1 921600 925696
941 1 933888 942080
51 1 913408 917504
962 5 418304 524288 524288 655360 655360 786432 786432 917504 917504 942592
76 1 958464 966656
721 2 897536 917504 917504 1048576
722 3 0 131072 131072 262144 262144 373248
500 1 966656 978944
30 1 520192 524288
414 1 556544 585216
414 1 609792 626176
414 1 585216 605696
446 1 524288 589824
575 1 983040 1048576
576 1 0 131072
106 1 851968 872448
447 1 536576 540672
776 1 901120 905216
780 1 909312 917504
448 1 446464 450560
748 5 77824 131072 131072 262144 262144 393216 393216 524288 524288 602112
749 2 602112 655360 655360 667648
56 1 483328 487424
748 4 602112 655360 655360 786432 786432 917504 917504 1048576
749 1 0 77824
979 1 839680 851968
332 1 307712 352256
401 1 839680 847872
749 5 77824 131072 131072 262144 262144 393216 393216 524288 524288 602112
749 3 667648 786432 786432 917504 917504 1048576
750 2 0 131072 131072 143360
750 5 143360 262144 262144 393216 393216 524288 524288 655360 655360 667648
750 3 667648 786432 786432 917504 917504 1048576
751 2 0 131072 131072 143360
122 1 802816 819200
228 3 201216 262144 262144 393216 393216 446464
369 1 864256 872448
228 1 983040 1040384
751 3 667648 786432 786432 917504 917504 1048576
752 2 0 131072 131072 143360
751 5 143360 262144 262144 393216 393216 524288 524288 655360 655360 667648
228 3 446464 524288 524288 655360 655360 668160
678 1 548864 602112
575 1 794624 798720
307 1 20480 24576
121 1 430080 442368
824 1 983040 995328
544 1 843776 851968
564 1 49152 61440
776 1 270336 274432
319 1 937984 942080
668 1 442368 446464
207 1 950272 954368
913 1 81920 86016
913 1 90112 98304
913 1 98304 102400
37 1 532480 544768
369 1 798720 802816
792 1 987136 991232
535 1 856064 905216
241 5 385024 393216 393216 524288 524288 655360 655360 786432 786432 909312
241 2 909312 917504 917504 1048576
242 3 0 131072 131072 262144 262144 385024
242 2 909312 917504 917504 1048576
243 3 0 131072 131072 262144 262144 335872
242 5 385024 393216 393216 524288 524288 655360 655360 786432 786432 909312
259 1 872448 874496
425 1 516096 524288
489 2 651264 655360 655360 659456
239 1 299008 307200
421 1 835584 847872
238 2 512000 524288 524288 536576
238 1 1028096 1036288
968 1 699392 699904
967 1 745472 753664
237 1 167936 176128
380 1 339968 344064
595 1 565248 573440
595 1 573440 577536
436 1 282624 286720
646 1 610304 618496
936 1 864768 865280
936 1 865280 865792
936 1 865792 866304
936 1 866304 866816
32 1 483328 487424
539 1 323584 327680
471 1 565248 569344
666 1 692224 696320
822 1 802816 803840
337 1 720896 724992
73 1 991232 995328
198 1 1019904 1024000
341 1 446464 499712
718 1 352256 360448
101 1 585728 594944
941 1 921600 925696
818 1 995328 1003520
269 1 732672 733184
215 1 741376 749568
274 1 819200 843776
587 1 266240 274432
107 1 430080 434176
575 5 458752 524288 524288 655360 655360 786432 786432 917504 917504 983040
446 1 786432 917504
926 1 376832 389632
73 1 155648 159232
72 1 1036288 1047040
72 1 978944 982528
135 1 606208 610304
962 1 442368 446464
569 4 638976 655360 655360 786432 786432 917504 917504 1048576
570 1 0 114688
73 1 507904 510464
135 1 614400 618496
514 1 536576 540672
524 1 868352 888832
306 1 974336 1048576
307 4 0 131072 131072 262144 262144 393216 393216 450048
307 3 450048 524288 524288 655360 655360 773632
738 1 163840 167936
170 1 581632 585728
471 1 561152 565248
292 1 778240 782336
718 1 360448 364544
341 1 495616 499712
548 1 716800 720896
241 1 204800 208896
287 1 487424 499712
61 1 843776 860160
12 5 376832 393216 393216 524288 524288 655360 655360 786432 786432 872960
380 1 560128 561152
132 1 450560 458752
368 1 266240 270336
401 1 741376 749568
287 1 499712 503808
574 1 499712 503808
425 1 831488 832512
3 1 610304 614400
823 1 700416 704512
17 1 438272 454656
822 1 974848 983040
584 1 999424 1015808
585 1 4096 8192
591 1 118784 126976
584 1 1032192 1040384
591 1 98304 102400
591 1 131072 135168
591 1 110592 114688
584 1 1044480 1048576
796 1 442368 446464
299 1 228864 237056
591 1 159744 172032
895 1 503296 507392
723 2 897536 917504 917504 1048576
724 3 0 131072 131072 262144 262144 373248
722 5 373248 393216 393216 524288 524288 655360 655360 786432 786432 897536
722 2 897536 917504 917504 1048576
723 3 0 131072 131072 262144 262144 373248
723 5 373248 393216 393216 524288 524288 655360 655360 786432 786432 897536
725 1 696832 720896
725 4 373248 393216 393216 524288 524288 655360 655360 696832
724 5 373248 393216 393216 524288 524288 655360 655360 786432 786432 897536
721 1 995328 1003520
162 1 561152 565248
45 1 49152 57344
271 1 0 8192
610 1 32768 36864
831 1 450560 507904
829 1 835584 864256
829 1 864256 868352
848 1 880640 884736
829 1 868352 897024
829 1 897024 901120
32 1 483328 487424
528 1 581632 589824
98 1 802816 819200
529 1 131072 135168
406 1 831488 843776
766 1 872448 876544
500 1 684032 692224
115 1 192512 196608
499 1 696320 716800
424 1 237568 245760
424 1 278528 290816
612 1 925696 933888
982 1 552448 556544
982 1 556544 589312
982 1 589312 593408
612 1 933888 937984
414 1 556544 572928
414 2 626176 655360 655360 658944
475 1 831488 835584
891 1 81920 86016
487 1 925696 929792
941 1 942080 946176
32 1 483328 487424
872 1 798720 802816
223 1 860160 864256
144 1 417792 421888
530 1 995328 1003520
144 1 483328 487424
530 1 1003520 1007616
591 1 229376 237568
296 1 937472 941568
299 1 351744 355840
294 1 998912 1011200
299 1 97792 101888
591 1 151552 155648
300 1 445952 450048
591 1 208896 217088
591 1 266240 274432
692 1 249344 253440
591 1 139264 147456
591 1 180224 196608
591 1 241664 249856
844 1 241664 245760
404 1 573440 577536
420 2 909312 917504 917504 918528
666 4 258048 262144 262144 393216 393216 524288 524288 548864
95 1 176128 180224
666 2 552960 655360 655360 774144
303 1 471040 475136
450 1 245760 249856
945 1 385024 389120
58 1 290816 294912
58 1 303104 307200
58 1 315392 319488
58 1 294912 299008
58 1 307200 311296
58 1 319488 323584
58 1 299008 303104
450 1 180224 184320
58 1 311296 315392
406 1 790528 802816
450 1 245760 249856
37 1 786432 802816
424 1 352256 372736
406 1 798720 806912
504 1 978944 999424
406 1 733184 741376
277 1 913408 917504
604 1 835072 839168
604 1 835072 839168
37 1 802816 823296
424 1 409600 417792
424 1 372736 376832
16 1 491520 495616
505 1 61440 73728
604 1 835072 839168
604 1 835072 839168
818 1 815104 819200
599 1 798720 806912
406 1 806912 811008
599 1 806912 811008
406 1 741376 749568
269 1 647168 650752
964 1 524288 528384
689 1 417792 421888
950 1 8192 12288
949 1 1044480 1048576
941 1 987136 991232
138 1 1035776 1048576
139 1 0 3584
753 1 356352 372736
139 1 359936 364032
139 1 478720 507392
941 1 1011712 1019904
968 1 577024 601600
739 1 970752 974848
968 1 601600 605696
59 1 475136 487424
941 1 950272 954368
641 1 237056 249344
45 1 1015808 1032192
59 1 192512 196608
67 1 20480 28672
941 1 1015808 1032192
138 1 974848 983040
867 1 913408 917504
554 1 94208 106496
941 1 978944 983040
478 1 839680 843776
56 1 425984 442368
963 1 921600 925696
61 1 843776 864256
334 1 208896 245760
867 1 913408 917504
941 1 1003520 1007616
40 1 483328 495616
330 1 737280 765952
961 1 274432 339968
401 1 757760 765952
957 1 57344 110592
550 1 753664 761856
137 1 12288 16384
780 1 458752 459264
884 1 540672 544768
630 1 102400 106496
166 1 446464 458752
574 1 733184 741376
144 1 598016 602112
358 1 790528 794624
574 1 741376 745472
358 1 806912 811008
9 1 315392 316928
100 2 909312 917504 917504 925696
941 1 995328 999424
764 1 614400 615936
950 1 1015808 1029120
730 1 172032 175104
38 1 286720 307200
16 1 512000 524288
42 5 483840 524288 524288 655360 655360 786432 786432 917504 917504 1008128
42 1 1008128 1036288
43 1 524288 581632
42 1 1036288 1048576
43 4 0 131072 131072 262144 262144 393216 393216 426496
38 1 307200 319488
43 1 426496 524288
43 4 589824 655360 655360 786432 786432 917504 917504 1016320
43 1 1016320 1048576
44 3 0 131072 131072 262144 262144 389120
222 1 557056 569344
350 1 315392 319488
350 1 212992 217088
122 2 491520 524288 524288 540672
274 1 843776 847872
587 1 274432 278528
94 1 757760 761856
107 1 434176 438272
824 1 163840 176128
305 1 573440 638976
48 1 393216 397312
29 1 835584 839680
287 1 552960 565248
32 1 557056 561152
305 1 491520 495616
380 1 560640 561152
135 1 933888 958464
499 1 876544 884736
134 1 888832 909312
672 1 598016 602112
135 1 958464 962560
499 1 884736 888832
503 1 458752 471040
672 1 598016 602112
672 1 598016 602112
672 1 598016 602112
938 1 815104 851968
305 1 671744 737280
305 1 737280 741376
127 2 868864 917504 917504 1048576
128 1 0 16384
128 3 20480 131072 131072 262144 262144 283136
415 2 737280 786432 786432 802816
201 1 16384 20480
128 2 348672 393216 393216 430080
850 1 573440 577536
128 1 983040 1011712
205 1 802816 806912
128 4 430080 524288 524288 655360 655360 786432 786432 844288
126 1 163840 188416
229 1 282624 286720
264 1 876544 888832
500 1 397312 417792
406 1 770048 782336
150 1 802816 806912
770 1 548864 552960
737 1 192512 196608
752 1 393216 397312
737 1 1028096 1032192
406 1 843776 847872
872 1 49152 53248
406 1 778240 782336
160 1 815104 819200
515 1 565248 573440
160 1 835584 843776
234 5 500224 524288 524288 655360 655360 786432 786432 917504 917504 1007104
515 1 573440 577536
616 1 708608 724992
616 1 724992 729088
911 1 823296 827392
920 1 438272 442368
616 1 729088 749568
616 1 749568 753664
636 1 819200 823296
499 1 888832 913408
865 1 749568 753664
865 1 786432 790528
499 1 913408 917504
53 1 786432 802816
269 1 732672 733696
561 1 987136 995328
891 1 81920 86016
982 1 593408 597504
982 1 597504 617984
407 1 32768 36864
647 1 114688 122880
647 1 122880 126976
401 1 729088 733184
174 1 262144 282624
368 1 319488 323584
450 1 278528 376832
701 1 860160 861696
548 1 507904 512000
551 1 372736 380928
551 1 380928 385024
927 1 823296 827392
614 1 458752 466944
551 1 385024 393216
614 1 466944 471040
551 1 393216 397312
766 1 61440 65536
927 1 823296 827392
551 1 397312 405504
551 1 405504 409600
424 1 368640 376832
424 1 409600 421888
927 1 823296 827392
499 1 589824 606208
406 1 811008 819200
320 1 282624 286720
406 1 749568 753664
324 1 65536 69632
501 1 413696 434176
56 1 442368 462848
941 1 983040 987136
514 1 81920 86016
595 1 774144 782336
507 1 1028096 1048576
508 1 0 24576
514 2 94208 131072 131072 147456
447 1 278528 282624
885 1 49152 53248
160 1 286720 327680
134 1 708608 774144
514 1 212992 221184
570 5 114688 131072 131072 262144 262144 393216 393216 524288 524288 638976
401 1 827392 835584
151 1 688128 692224
69 1 835584 856064
352 1 696320 700416
19 1 774144 778240
106 1 872448 884736
554 1 249856 262144
576 1 356352 358912
498 1 200704 204800
718 2 512000 524288 524288 557056
761 1 253952 258048
752 5 143360 262144 262144 393216 393216 524288 524288 655360 655360 667648
753 3 143360 262144 262144 393216 393216 466944
919 2 651264 655360 655360 760832
332 4 417792 524288 524288 655360 655360 786432 786432 897536
753 1 991232 1048576
754 4 0 131072 131072 262144 262144 393216 393216 466944
752 3 667648 786432 786432 917504 917504 1048576
753 2 0 131072 131072 143360
754 5 466944 524288 524288 655360 655360 786432 786432 917504 917504 991232
401 1 778240 782336
56 1 417792 421888
753 5 466944 524288 524288 655360 655360 786432 786432 917504 917504 991232
754 1 991232 1048576
755 4 0 131072 131072 262144 262144 393216 393216 466944
755 5 466944 524288 524288 655360 655360 786432 786432 917504 917504 991232
756 5 466944 524288 524288 655360 655360 786432 786432 917504 917504 991232
755 1 991232 1048576
756 4 0 131072 131072 262144 262144 393216 393216 466944
756 1 991232 1048576
757 3 0 131072 131072 262144 262144 266240
757 5 266240 393216 393216 524288 524288 655360 655360 786432 786432 790528
355 1 409600 412672
634 1 937984 942080
634 1 933888 937984
62 1 40960 45056
62 1 90112 94208
480 1 257536 261632
634 1 937984 942080
120 1 483328 491520
145 1 802816 819200
120 1 421888 430080
145 1 819200 839680
725 1 770048 782336
406 1 724992 729088
717 1 602112 622592
252 1 94208 98304
252 1 16384 20480
250 1 618496 647168
579 1 557056 557568
579 1 557568 558080
579 1 569344 570368
579 1 558080 561152
579 1 570368 573440
223 1 860160 864256
144 1 417792 421888
194 1 778240 782336
487 1 921600 925696
448 1 139264 147456
941 1 1007616 1015808
43 1 684032 688128
982 1 617984 622080
491 1 929792 1048576
492 1 0 49152
617 2 139264 262144 262144 307200
520 1 630272 642560
341 1 495616 499712
481 1 290816 307200
718 1 364544 372736
799 1 643072 647168
502 1 634880 655360
81 1 306688 323072
406 1 798720 802816
81 1 323072 327168
581 1 577536 581632
903 1 712704 720896
30 1 737280 761856
897 1 720896 733184
815 1 139264 151552
30 1 761856 765952
503 1 0 12288
406 1 733184 737280
218 1 385024 389120
427 1 483328 491520
703 3 720896 786432 786432 917504 917504 1048576
704 2 0 131072 131072 184320
880 1 159232 163328
567 1 622080 626176
427 1 609792 613888
576 1 335360 339456
567 1 605696 617984
427 1 667136 671232
759 1 994816 998912
591 1 278528 282624
591 1 303104 315392
591 1 339968 348160
591 1 368640 372736
132 1 536064 540160
324 1 122880 131072
247 1 36864 40960
152 1 196608 221184
450 1 983040 1048576
579 1 688128 689152
568 1 733184 741376
568 1 741376 745472
936 1 866816 867328
98 1 856064 872448
936 1 867328 867840
936 1 867840 868352
959 1 761856 782336
833 1 904192 904704
79 1 329216 331264
671 1 413696 417792
959 2 782336 786432 786432 839680
920 1 303104 385024
98 1 872448 892928
671 1 421888 422400
32 1 417792 425984
833 1 904704 905216
991 1 1007616 1048576
992 1 0 24576
671 1 422400 422912
709 1 188416 192512
953 1 266240 270336
287 1 565248 569344
401 1 811008 815104
502 1 651264 655360
503 1 143360 147456
868 1 163840 167936
503 1 65536 77824
739 1 483328 487424
287 1 569344 581632
56 1 1024000 1048576
57 1 0 40960
591 1 409600 413696
591 1 401408 405504
591 1 319488 331776
401 1 794624 802816
591 1 385024 393216
175 1 245760 249856
812 1 1035776 1039872
692 1 159744 163840
556 1 679424 683520
116 1 679424 683520
94 1 736768 740864
592 1 364544 368640
592 1 585728 589824
74 1 826880 830976
669 1 491520 495616
592 1 356352 360448
592 1 389120 393216
406 1 753664 757760
592 1 684032 688128
513 1 577024 581120
724 2 897536 917504 917504 1048576
725 3 0 131072 131072 262144 262144 373248
725 3 758272 786432 786432 917504 917504 1048576
726 1 0 120832
76 1 966656 974848
826 5 393728 524288 524288 655360 655360 786432 786432 917504 917504 918016
439 1 20480 32768
579 1 716800 717824
579 1 689152 692224
629 1 487424 512000
475 1 45056 49152
400 1 36864 40960
801 1 36864 40960
742 1 65536 73728
650 1 696320 704512
731 1 53248 61440
629 1 577536 602112
460 1 684032 692224
437 1 499712 503808
126 1 188416 192512
894 1 819200 843776
128 2 844288 917504 917504 983040
72 1 425984 446464
509 1 495616 500224
708 1 0 24576
925 1 344064 348160
107 1 430080 434176
424 1 438272 454656
925 1 692224 700416
884 1 147456 150016
445 1 831488 834048
94 1 757760 761856
406 1 794624 798720
166 1 188416 192512
165 1 913408 917504
166 1 294912 299008
337 1 733184 753664
448 1 77824 81920
414 1 724480 740864
548 1 286720 327680
271 2 892928 917504 917504 1048576
272 1 0 8192
525 2 139264 262144 262144 299008
406 1 794624 798720
406 1 774144 778240
401 1 811008 815104
406 1 839680 843776
500 1 688128 696320
0 1 442368 454656
115 1 192512 196608
208 1 274432 282624
401 1 806912 811008
406 1 774144 782336
98 1 819200 839680
170 1 372736 376832
406 1 729088 733184
783 1 831488 835584
783 1 1044480 1048576
170 1 376832 380928
406 1 843776 847872
945 1 385024 389120
27 1 516096 520192
450 1 180224 188416
145 1 856064 872448
120 1 421888 425984
83 2 487424 524288 524288 540672
406 1 839680 847872
11 2 516096 524288 524288 544768
151 1 749568 753664
550 1 761856 765952
157 1 151552 155648
401 1 765952 770048
157 1 679936 684032
570 4 638976 655360 655360 786432 786432 917504 917504 1048576
571 1 0 114688
549 1 987136 991232
563 1 131072 196608
716 1 401408 405504
986 1 647168 651264
144 1 483328 487424
562 1 425984 434176
254 1 221184 237568
562 1 434176 438272
223 1 860160 864256
31 1 905216 913408
487 1 598016 602112
449 1 196608 204800
677 1 880640 888832
672 1 892928 901120
576 1 61440 65536
229 1 1036288 1040384
815 1 753664 757760
33 1 552960 557056
576 1 126976 131072
33 1 487424 491520
258 1 593920 598016
961 1 712704 782336
961 1 782336 786432
941 1 921600 929792
471 1 565248 569344
718 1 372736 376832
290 1 589824 592896
996 1 212992 217088
101 1 606208 615424
453 1 32768 65536
361 1 749568 753664
471 1 561152 565248
406 1 794624 798720
93 1 40960 45056
386 1 544768 610304
17 1 602112 622592
77 1 835584 856064
326 1 966656 970752
145 1 98304 102400
12 2 872960 917504 917504 1048576
13 3 0 131072 131072 262144 262144 348672
287 1 581632 585728
45 1 852480 855552
117 1 835584 856064
608 1 966656 970752
45 1 720896 786432
729 1 131072 196608
46 1 327680 368640
608 1 925696 958464
607 1 364544 368640
753 1 454656 479232
752 2 880640 917504 917504 1048576
753 3 0 131072 131072 262144 262144 270336
753 1 552960 573440
489 1 868352 873472
753 1 585728 602112
753 1 643072 651264
753 1 401408 438272
753 1 487424 512000
14 4 143360 262144 262144 393216 393216 524288 524288 589824
176 1 475136 491520
425 1 983040 987136
406 1 794624 802816
406 1 835584 847872
353 1 798720 802816
406 1 778240 782336
165 1 749568 770048
406 1 843776 847872
144 1 471040 479232
353 1 798720 802816
406 1 778240 782336
425 1 987136 1003520
406 1 843776 847872
353 1 798720 802816
406 1 778240 782336
70 1 319488 323584
24 1 483328 487424
609 1 122880 131072
922 1 921600 922624
59 1 192512 196608
609 1 131072 135168
941 1 962560 966656
454 1 839680 843776
555 1 991232 999424
555 1 999424 1003520
56 1 425984 442368
59 1 192512 196608
941 1 1028096 1036288
191 1 471040 487424
316 1 278528 282624
198 1 417792 421888
416 1 376832 380928
266 1 749568 757760
161 1 65536 69632
370 1 527872 531968
370 1 531968 536064
510 1 110592 131072
614 1 69632 81920
56 1 831488 835584
161 1 69632 73728
963 1 921600 1011712
684 1 16384 65536
19 1 630784 647168
605 1 966656 1048576
606 1 0 73728
548 1 1032192 1040384
941 1 937984 942080
548 1 1040384 1044480
19 1 647168 651264
684 1 61440 65536
941 1 1003520 1011712
121 1 761856 765952
406 1 811008 819200
406 1 749568 753664
964 1 524288 528384
406 1 815104 819200
125 1 278528 282624
761 1 118784 122880
349 1 884736 888832
350 1 163840 167936
287 1 663552 692224
660 1 704512 708608
257 1 131072 155648
982 1 622080 650752
982 1 650752 654848
988 2 335872 393216 393216 495616
337 1 753664 757760
475 1 827392 831488
369 1 815104 823296
561 1 995328 999424
891 1 81920 86016
448 1 143360 147456
53 1 802816 823296
458 1 999424 1015808
752 1 356352 360448
461 1 212992 229376
341 1 495616 499712
885 1 974848 977920
951 1 36864 49152
48 1 483328 503808
462 1 65536 66560
48 1 434176 438272
555 1 389120 393216
372 1 15872 19968
48 1 499712 512000
514 1 24576 32768
514 1 32768 36864
48 1 442368 450560
603 1 446464 450560
502 1 897024 913408
555 1 389120 393216
498 1 516096 524288
601 1 474624 478720
591 1 417792 421888
592 1 376832 380928
592 1 675840 679936
844 1 294912 303104
594 1 434176 438272
594 1 466944 471040
594 1 421888 425984
594 1 458752 462848
594 1 802816 806912
594 1 786432 790528
726 3 655360 786432 786432 917504 917504 1048576
727 1 0 131072
726 4 131072 262144 262144 393216 393216 524288 524288 655360
962 1 942592 1048576
963 4 0 131072 131072 262144 262144 393216 393216 418304
727 4 131072 262144 262144 393216 393216 524288 524288 655360
76 1 974848 983040
727 3 655360 786432 786432 917504 917504 1048576
728 1 0 131072
728 4 131072 262144 262144 393216 393216 524288 524288 655360
728 3 655360 786432 786432 917504 917504 1048576
729 1 0 131072
729 4 131072 262144 262144 393216 393216 524288 524288 655360
729 2 655360 786432 786432 917504
41 1 790528 794624
95 1 921600 925696
460 1 475136 479232
738 1 167936 172032
871 1 294912 307200
646 2 610304 655360 655360 663552
120 1 483328 487424
536 1 950272 954368
190 1 819200 839680
120 1 417792 425984
963 1 208896 212992
943 1 524288 528384
943 1 454656 458752
190 1 839680 851968
844 1 217088 233472
611 1 921600 925696
611 1 909312 913408
608 1 1024000 1033216
586 1 548864 589824
56 1 417792 425984
45 1 855552 858112
96 1 421888 425984
798 1 741376 742400
45 1 864768 865280
45 1 858112 864768
287 1 585728 598016
401 1 729088 733184
45 1 865280 868864
45 1 868864 870400
622 1 569344 577536
107 1 434176 438272
647 1 315392 364544
622 1 577536 581632
647 1 364544 368640
107 1 430080 434176
622 1 532480 548864
745 1 847872 851968
619 1 987136 995328
619 1 995328 999424
166 1 1007616 1015808
559 1 839680 847872
503 1 4096 12288
668 1 638976 647168
559 1 847872 851968
840 1 69632 72192
861 1 315392 320000
686 1 548864 569344
167 1 344064 348160
662 1 245760 249856
224 1 73728 90112
503 1 12288 16384
666 1 983040 987136
245 1 455168 456192
245 1 456192 457216
245 1 457216 457728
322 1 405504 413696
322 1 417792 421888
322 1 430080 434176
832 1 212992 221184
105 1 479232 483328
832 1 917504 921600
108 1 839680 843776
158 1 200704 204800
401 1 831488 839680
814 1 53248 99840
813 1 57344 118784
69 1 856064 868352
158 1 737280 741376
352 1 696320 700416
48 1 417792 421888
572 1 131072 143360
406 1 729088 733184
941 1 991232 995328
112 1 864256 880640
481 1 307200 323584
672 1 598016 602112
434 1 217088 225280
953 1 77824 94208
672 1 598016 602112
672 1 602112 610304
644 1 196608 208896
672 1 602112 606208
644 1 208896 212992
406 1 729088 737280
672 1 602112 606208
632 1 1040384 1044480
672 1 602112 606208
406 1 798720 802816
506 1 753664 761856
982 2 654848 655360 655360 658944
566 2 278528 393216 393216 421888
377 2 700416 786432 786432 839680
414 1 740864 769536
414 2 769536 786432 786432 790016
941 1 946176 950272
215 1 782336 786432
884 1 565248 614400
888 1 987136 995328
142 5 426496 524288 524288 655360 655360 786432 786432 917504 917504 950784
137 1 118784 126976
698 1 974848 991232
933 2 163840 262144 262144 303104
932 3 688128 786432 786432 917504 917504 1048576
933 2 0 131072 131072 163840
502 1 905216 913408
801 1 90112 94208
502 1 913408 917504
969 1 294912 380928
977 1 483328 487424
971 1 401408 421888
107 1 630784 634880
544 1 532480 536576
544 1 585728 589824
373 1 139264 143360
442 1 118784 122880
832 1 200704 208896
4 1 61440 65536
107 1 638976 643072
834 1 806912 811008
544 1 548864 552960
51 1 339968 344064
214 1 155648 159744
586 1 671744 675840
836 1 299008 303104
490 1 688128 692224
943 1 520192 524288
839 1 729088 733184
856 1 876544 888832
551 1 49152 53248
255 1 696320 712704
144 1 417792 421888
64 1 483328 487424
144 1 483328 487424
64 1 409600 413696
568 1 444928 445440
223 1 860160 864256
872 1 798720 806912
401 1 794624 798720
401 1 729088 733184
401 1 794624 802816
512 1 544768 573440
401 1 733184 737280
401 1 798720 806912
32 1 417792 421888
98 1 802816 819200
253 1 475136 483328
32 1 483328 495616
32 1 425984 430080
32 1 491520 495616
825 1 180224 184320
150 1 802816 806912
353 1 479232 503808
63 1 811008 819200
406 1 843776 847872
406 1 729088 749568
406 1 778240 782336
409 1 486912 491008
353 1 479232 483328
150 1 802816 806912
406 1 843776 847872
202 1 16384 86016
725 1 720896 758272
532 1 638976 643072
41 1 794624 798720
53 1 839680 856064
826 1 918016 1048576
827 4 0 131072 131072 262144 262144 393216 393216 393728
438 1 1019904 1024000
716 1 438272 446464
549 1 999424 1036288
912 1 348160 380928
110 1 970752 983040
128 1 1011712 1048576
129 3 0 131072 131072 262144 262144 348672
894 1 843776 847872
111 1 0 53248
126 1 192512 196608
952 2 901120 917504 917504 987136
328 1 851968 856064
938 1 851968 856064
129 5 348672 393216 393216 524288 524288 655360 655360 786432 786432 872960
328 1 856064 860160
755 1 589824 598016
471 1 565248 569344
718 1 376832 393216
424 1 352256 368640
711 1 741376 757760
101 1 626688 635904
580 1 196608 197120
72 1 507904 516096
615 1 69632 73728
401 1 729088 745472
987 1 909312 917504
94 1 757760 761856
786 1 1019904 1022464
555 1 1036288 1040384
59 1 192512 196608
56 1 442368 462848
67 1 994816 1007104
941 1 966656 970752
454 1 782336 786432
488 1 69120 73216
488 1 32256 36352
349 1 671232 675328
349 1 122368 126464
356 1 343552 351744
356 1 237056 241152
533 1 343552 355840
356 1 323072 331264
559 1 1011200 1015296
892 1 462848 471040
891 1 892928 901120
271 1 618496 622592
737 1 45056 49152
594 1 442368 446464
594 1 757760 765952
692 1 159744 163840
594 1 1024000 1028096
594 1 1015808 1019904
595 1 0 4096
594 1 1040384 1044480
595 1 8192 12288
595 1 28672 32768
74 1 643072 651264
592 1 327680 331776
595 1 16384 20480
522 1 1040384 1048576
523 1 0 16384
238 1 438272 450560
583 1 364544 368640
13 3 348672 393216 393216 524288 524288 610304
44 1 770048 774144
287 1 598016 602112
511 1 1044480 1048576
512 1 0 4096
13 3 614400 655360 655360 786432 786432 877056
401 1 794624 798720
45 1 870400 872960
414 1 794112 810496
430 1 860160 917504
545 1 122880 131072
982 1 658944 663040
982 1 663040 695808
384 1 204800 208896
385 1 733184 737280
384 1 950272 954368
571 1 917504 925696
384 1 212992 262144
384 1 655360 659456
384 1 958464 1019904
385 2 745472 786432 786432 806912
766 1 872448 876544
170 1 372736 376832
630 1 839680 864256
630 1 999424 1024000
962 1 147456 153088
401 1 741376 749568
438 1 638976 643072
693 2 389120 393216 393216 401408
956 1 417792 434176
107 1 200704 204800
401 1 811008 815104
403 1 794624 815104
929 1 393216 397312
500 1 692224 700416
170 1 376832 380928
406 1 778240 786432
361 3 524288 655360 655360 786432 786432 917504
401 1 745472 749568
162 1 450560 454656
935 2 130560 131072 131072 134656
347 1 794112 798208
118 1 32768 36864
348 1 3584 7680
348 1 220672 224768
349 1 36352 44544
440 1 782336 786432
347 2 785920 786432 786432 790016
934 1 466432 470528
331 1 704000 708096
533 1 355840 392704
347 1 835072 839168
349 1 278016 282112
348 1 93696 97792
348 1 880128 884224
349 1 196096 200192
356 1 11776 15872
356 1 241152 249344
356 1 310784 323072
551 1 409600 417792
24 1 753664 757760
401 1 729088 737280
294 1 970752 974336
424 1 892928 909312
551 1 417792 421888
406 1 729088 733184
927 1 823296 827392
551 1 421888 430080
551 1 430080 434176
927 1 823296 827392
551 1 434176 442368
499 1 606208 626688
401 1 798720 806912
551 1 442368 446464
433 5 20480 131072 131072 262144 262144 393216 393216 524288 524288 544768
887 1 946176 958464
401 1 794624 798720
401 1 724992 729088
406 1 729088 733184
334 1 114688 126976
502 1 389120 393216
406 1 786432 790528
655 1 617984 618496
58 1 323584 327680
58 1 327680 331776
27 1 516096 520192
145 1 872448 892928
406 1 843776 847872
120 1 487424 491520
58 1 331776 335872
406 1 786432 790528
27 1 516096 520192
58 1 335872 339968
404 1 720896 733184
496 1 0 4096
369 1 802816 806912
56 1 421888 430080
406 1 843776 851968
781 1 385024 393216
404 1 1015808 1019904
50 1 73728 77824
258 1 643072 646144
496 1 0 4096
371 1 458752 462848
48 1 380928 385024
18 1 815104 819200
113 1 282624 286720
604 1 40960 43520
49 1 585728 589824
406 1 782336 786432
404 1 1015808 1024000
279 1 872448 876544
161 1 442368 446464
992 2 647168 655360 655360 679936
401 1 770048 774144
571 5 114688 131072 131072 262144 262144 393216 393216 524288 524288 626688
929 1 397312 401408
839 1 954368 966656
170 1 897024 905216
383 1 65536 131072
398 1 65536 69632
398 1 131072 135168
384 1 458752 524288
996 1 94208 131072
161 2 614400 655360 655360 749568
428 1 983040 1048576
429 1 0 16384
384 1 524288 536576
982 1 695808 699904
757 2 790528 917504 917504 1048576
758 3 0 131072 131072 262144 262144 266240
758 5 266240 393216 393216 524288 524288 655360 655360 786432 786432 790528
228 1 1040384 1048576
229 2 0 131072 131072 201216
758 2 790528 917504 917504 1048576
759 3 0 131072 131072 262144 262144 266240
401 1 843776 851968
759 4 266240 393216 393216 524288 524288 655360 655360 707072
228 3 668160 786432 786432 917504 917504 983040
761 1 253952 258048
332 2 897536 917504 917504 1048576
333 3 0 131072 131072 262144 262144 373248
401 1 782336 786432
775 1 614400 618496
693 1 667648 671744
229 5 201216 262144 262144 393216 393216 524288 524288 655360 655360 725504
401 1 847872 851968
333 5 373248 393216 393216 524288 524288 655360 655360 786432 786432 897536
401 2 782336 786432 786432 794624
229 3 725504 786432 786432 917504 917504 1048576
230 2 0 131072 131072 201216
527 1 913408 917504
506 1 761856 765952
523 1 176128 212992
187 1 397312 398848
718 1 557056 561152
391 1 610304 626688
108 1 823296 827392
513 1 917504 921600
90 1 499712 502784
471 1 561152 565248
718 1 458752 462848
341 1 495616 503808
356 1 376320 384512
347 1 892416 896512
350 1 757248 761344
348 1 101888 105984
356 1 97792 101888
349 1 212480 216576
356 1 253440 257536
356 1 335360 343552
356 2 392704 393216 393216 396800
348 1 1048064 1048576
349 1 0 3584
355 1 994816 998912
356 1 208384 216576
356 1 290304 302592
356 1 429568 433664
356 1 368128 372224
356 1 404992 409088
356 1 437760 445952
349 1 351744 355840
356 1 482816 486912
623 1 249856 258048
32 1 417792 421888
504 1 794624 802816
142 1 950784 1048576
143 4 0 131072 131072 262144 262144 393216 393216 426496
143 5 426496 524288 524288 655360 655360 786432 786432 917504 917504 950784
406 1 729088 733184
891 1 81920 86016
356 1 331264 335360
356 1 450048 458240
349 1 359936 364032
356 1 527872 531968
356 1 417280 421376
349 1 376320 380416
709 1 462848 466944
349 1 318976 323072
349 1 253440 261632
349 1 200192 204288
349 1 118272 122368
348 1 1023488 1039872
349 1 343552 347648
349 1 290304 302592
349 1 331264 339456
349 1 241152 249344
349 1 269824 278016
349 1 187904 192000
349 1 85504 89600
349 1 216576 220672
549 1 462848 471040
549 1 471040 475136
48 1 512000 516096
498 1 524288 528384
48 1 446464 450560
555 1 389120 393216
48 1 512000 516096
421 1 131072 180224
502 1 913408 917504
936 1 282624 286720
56 1 548864 552960
778 1 720896 770048
44 1 835584 839680
48 1 446464 450560
503 1 65536 81920
137 1 286720 294912
276 1 700416 704512
276 1 626688 638976
914 1 843776 847872
107 1 434176 438272
120 1 548864 552960
988 1 65536 122880
424 1 454656 458752
72 1 446464 450560
425 1 458752 475136
145 1 864256 880640
72 1 512000 516096
209 1 471040 472064
120 1 614400 622592
576 1 626688 630784
93 1 331776 339968
93 1 348160 352256
97 1 520192 524288
93 1 315392 327680
97 1 532480 536576
97 1 503808 512000
97 1 544768 548864
685 1 28672 40960
444 1 212992 241664
692 1 159744 163840
521 1 368640 376832
97 1 557056 565248
97 1 581632 593920
97 1 626688 630784
97 1 598016 614400
12 1 475136 491520
158 1 147456 163840
425 1 974848 983040
426 1 393216 401408
629 1 192512 200704
144 1 417792 425984
807 1 1019904 1024000
45 1 163840 172032
499 1 196608 212992
807 1 1036288 1044480
401 1 729088 733184
650 1 409600 421888
369 1 798720 811008
977 1 360448 393216
962 2 880640 917504 917504 925696
977 1 442368 462848
942 1 884736 888832
971 1 614400 622592
76 1 983040 987136
515 1 524288 532480
32 1 417792 421888
963 5 418304 524288 524288 655360 655360 786432 786432 917504 917504 942592
38 1 606208 610304
76 1 987136 991232
146 1 585728 589824
41 1 397312 401408
439 1 28672 32768
76 1 991232 995328
497 4 639488 655360 655360 786432 786432 917504 917504 1048576
498 1 0 115200
50 1 536576 540672
257 1 167936 217088
538 2 782336 786432 786432 790528
538 1 790528 794624
36 1 286720 290816
36 1 274432 278528
370 1 527872 536064
867 2 913408 917504 917504 921600
941 1 917504 921600
684 1 61440 77824
941 1 942080 946176
867 1 917504 921600
941 1 983040 987136
316 1 974848 978944
469 1 585728 593920
452 1 335872 344064
684 1 73728 81920
868 1 1044480 1048576
869 1 0 8192
348 1 1015296 1019392
348 1 970240 986624
652 1 557056 622592
348 1 912896 916992
348 1 884224 888320
348 1 949760 957952
349 1 146944 159232
348 1 904704 908800
349 1 15872 19968
348 1 994816 998912
348 1 921088 925184
348 1 798208 814592
348 1 835072 839168
348 1 724480 728576
348 1 777728 781824
348 1 704000 708096
348 1 646656 650752
348 1 892416 896512
348 1 818688 826880
545 1 131072 135168
1 1 655360 700416
414 1 740864 757248
1 1 700416 704512
213 2 184320 262144 262144 319488
369 1 823296 831488
177 1 40960 45056
962 1 442368 446464
514 1 536576 540672
940 1 331776 335872
743 1 483328 487424
348 1 761344 765440
348 1 691712 695808
348 1 601600 609792
348 1 638464 642560
348 1 626176 630272
348 1 548352 552448
348 1 507392 515584
348 1 589312 593408
348 1 531968 540160
348 1 421376 429568
348 1 306688 310784
348 1 200192 204288
348 1 564736 568832
348 1 519680 523776
348 2 384512 393216 393216 400896
348 1 314880 318976
348 1 364032 376320
348 1 245248 249344
348 1 212480 216576
348 1 175616 179712
675 2 106496 131072 131072 135168
675 1 135168 139264
594 1 282624 286720
451 1 65536 131072
574 2 524288 655360 655360 786432
269 1 733184 733696
623 1 258048 262144
437 1 872448 888832
144 5 426496 524288 524288 655360 655360 786432 786432 917504 917504 950784
424 1 352256 368640
143 1 950784 1048576
144 4 0 131072 131072 262144 262144 393216 393216 426496
116 1 299008 303104
146 1 225792 262144
401 1 794624 806912
970 1 937984 946176
970 1 991232 995328
37 1 675840 700416
37 1 700416 704512
174 1 282624 294912
37 1 868352 884736
965 1 565248 577536
406 1 778240 786432
72 1 815104 819200
150 1 802816 806912
406 1 847872 851968
406 1 811008 815104
527 1 663552 679936
809 1 573440 577536
367 1 479232 483328
605 1 151552 155648
737 1 954368 958464
941 1 630784 634880
936 1 303104 307200
274 1 528384 532480
33 1 483328 487424
560 1 258048 262144
369 1 1003520 1007616
120 1 475136 479232
33 1 495616 499712
406 1 794624 798720
406 1 794624 798720
480 1 618496 622592
56 1 540672 544768
555 1 389120 393216
738 1 163840 167936
580 1 770048 774144
580 1 229376 233472
852 1 348160 352256
738 1 167936 172032
671 1 422912 423424
120 1 417792 425984
709 1 196608 197120
671 1 423424 423936
145 1 802816 823296
568 1 745472 770048
568 1 770048 774144
145 1 823296 835584
4 1 1024000 1048576
5 1 0 40960
120 1 487424 491520
8 2 389120 393216 393216 430080
796 1 184320 192512
8 1 479232 499712
331 1 688128 696320
920 1 385024 389120
8 1 499712 503808
79 1 331264 332288
367 1 765952 778240
406 1 733184 737280
294 1 208896 221184
672 1 602112 610304
632 1 1040384 1044480
672 1 606208 610304
406 1 798720 802816
953 1 94208 114688
406 1 733184 737280
672 1 606208 610304
695 1 393216 397312
632 1 1040384 1044480
672 1 606208 610304
406 1 802816 806912
960 1 475136 479232
611 1 921600 925696
403 1 602112 606208
490 1 331776 339968
130 2 385024 393216 393216 417792
20 1 565248 585728
69 1 270336 274432
369 1 864256 868352
69 1 262144 266240
369 1 790528 794624
471 1 466944 469504
392 1 503808 507904
476 1 802816 805376
478 1 122880 126976
478 1 69632 82432
558 1 36864 45056
401 1 724992 729088
581 1 327680 335872
512 1 4096 8192
526 1 327680 344064
287 1 602112 614400
581 1 335872 339968
747 1 937984 938496
117 1 856064 868352
68 1 839680 877056
350 1 262144 315392
350 1 319488 327680
336 1 131072 196608
68 1 942592 1048576
69 4 0 131072 131072 262144 262144 393216 393216 418304
336 1 327680 393216
122 1 540672 544768
69 2 418304 524288 524288 581632
73 3 131072 262144 262144 393216 393216 492032
74 1 262144 282624
73 3 492032 524288 524288 655360 655360 782336
73 3 782336 786432 786432 917504 917504 995840
74 2 294912 393216 393216 504320
73 1 995840 1048576
74 2 0 131072 131072 262144
74 1 623104 626688
78 1 131072 217088
74 2 504320 524288 524288 623104
406 1 749568 753664
287 1 692224 696320
874 2 626688 655360 655360 659456
401 1 794624 798720
0 1 421888 438272
941 1 925696 929792
341 1 499712 503808
481 1 323584 339968
539 1 323584 327680
941 1 991232 995328
424 1 409600 421888
424 1 368640 376832
718 1 462848 471040
471 1 565248 569344
144 1 401408 405504
348 1 105984 110080
347 1 957952 962048
348 1 134656 138752
349 1 114176 118272
349 1 89600 93696
347 1 1039872 1043968
347 1 1031680 1035776
349 1 97792 101888
349 1 163328 171520
349 2 126464 131072 131072 146944
349 1 192000 196096
975 1 900608 904704
349 1 175616 179712
349 1 183808 187904
669 1 777728 781824
349 1 232960 237056
533 2 392704 393216 393216 417280
652 1 622592 626688
347 1 810496 814592
347 1 855552 859648
835 1 700416 712704
62 2 655360 786432 786432 847872
611 1 921600 925696
611 1 913408 917504
753 1 368640 380928
610 1 45056 53248
565 1 155648 163840
930 2 368640 393216 393216 438272
929 2 892928 917504 917504 1048576
930 3 0 131072 131072 262144 262144 368640
176 1 491520 495616
565 1 163840 167936
425 1 720896 753664
503 1 913408 917504
6 1 602112 614400
504 1 65536 81920
6 1 675840 684032
406 1 729088 733184
144 1 950784 1048576
145 4 0 131072 131072 262144 262144 393216 393216 426496
145 1 950784 1048576
146 2 0 131072 131072 225792
565 1 172032 180224
487 1 925696 929792
146 4 287232 393216 393216 524288 524288 655360 655360 720896
941 1 1011712 1015808
217 1 426496 458752
406 1 724992 729088
406 1 794624 802816
145 5 426496 524288 524288 655360 655360 786432 786432 917504 917504 950784
406 1 794624 798720
962 1 151552 155136
924 1 802816 806912
929 1 397312 401408
406 1 847872 851968
500 1 696320 704512
962 1 151552 157184
343 2 720896 786432 786432 860160
542 1 167936 172032
406 2 782336 786432 786432 790528
342 3 720896 786432 786432 917504 917504 1048576
343 2 0 131072 131072 196608
112 1 798720 802816
406 1 729088 737280
929 1 393216 397312
146 1 487424 507904
500 1 794112 798208
348 1 81408 85504
347 1 994816 998912
533 1 486912 491008
348 1 204288 208384
348 1 241152 245248
348 1 404992 409088
348 1 744960 749056
348 1 830976 835072
348 1 249344 253440
348 1 433664 437760
348 1 753152 757248
348 1 720384 724480
348 1 781824 785920
348 1 933376 941568
349 1 3584 7680
348 1 900608 904704
349 1 48640 52736
349 1 19968 36352
349 1 179712 183808
62 1 475136 491520
663 2 782336 786432 786432 815104
406 1 794624 798720
406 1 724992 729088
538 1 745472 757760
112 1 815104 819200
686 1 733184 737280
303 1 147456 151552
686 1 798720 806912
166 1 774144 778240
332 1 155648 159744
733 1 692224 695808
281 1 380928 385024
769 1 700416 704512
401 1 798720 811008
974 1 446464 450560
883 1 303104 305664
686 1 737280 741376
757 1 786432 790528
819 1 212992 245760
819 1 245760 249856
129 2 619520 655360 655360 685056
857 1 561152 573440
414 1 810496 843264
224 2 286720 393216 393216 417792
12 1 868352 876544
982 1 704000 724480
982 1 699904 704000
119 2 708608 786432 786432 839680
370 2 815104 917504 917504 946176
982 1 724480 728576
942 1 667648 700416
961 2 520192 524288 524288 569344
60 1 0 8192
88 1 307200 315392
343 1 761856 765952
422 1 581632 585728
564 1 397312 401408
494 1 1007616 1011712
494 1 999424 1003520
87 1 1040384 1044480
156 1 229376 233472
97 2 643072 655360 655360 659456
99 1 86016 90112
97 1 573440 577536
99 1 65536 69632
97 1 618496 622592
99 1 40960 45056
908 1 532480 536576
99 1 49152 57344
776 1 1024000 1036288
99 1 102400 106496
3 1 462848 491520
526 1 479232 491520
699 1 90112 94208
672 1 606208 610304
643 1 151552 155648
784 1 167936 172032
606 1 114688 115712
47 1 249856 253952
333 1 471040 475136
923 1 319488 323584
253 1 970752 974848
795 1 610304 618496
725 1 1015808 1018880
526 1 495616 503808
248 1 798720 802816
142 1 958464 962560
930 1 196608 199680
923 2 237568 262144 262144 315392
406 1 737280 741376
672 1 606208 618496
332 1 327680 331776
41 1 790528 794624
41 1 397312 401408
827 4 393728 524288 524288 655360 655360 786432 786432 852480
963 1 942592 1048576
964 3 0 131072 131072 262144 262144 352768
532 1 638976 643072
41 1 794624 798720
498 1 115200 131072
58 1 339968 344064
58 1 344064 348160
406 1 843776 847872
21 1 524288 528384
406 1 786432 790528
21 1 528384 532480
27 1 516096 520192
21 1 532480 536576
21 1 536576 540672
406 1 843776 851968
21 1 540672 544768
21 1 544768 548864
811 1 212992 233472
105 1 843776 851968
21 1 548864 552960
406 1 790528 794624
21 1 552960 557056
925 1 614400 616960
593 1 245760 249856
593 1 262144 274432
336 1 425984 434176
443 1 135168 139264
297 1 860160 864256
59 1 786432 806912
341 1 593920 598016
349 1 208384 212480
349 1 11776 15872
356 1 204288 208384
349 1 368128 372224
349 1 56832 85504
349 1 249344 253440
935 1 138752 142848
347 1 1007104 1011200
356 1 216576 220672
348 1 658944 663040
348 1 630272 634368
348 1 740864 744960
348 1 749056 753152
348 1 794112 798208
348 1 941568 945664
348 1 855552 859648
348 1 1003008 1007104
348 1 871936 876032
349 1 204288 208384
349 1 52736 56832
215 1 749568 753664
555 1 1036288 1040384
633 1 208896 221184
107 1 430080 434176
88 1 815104 819200
72 1 446464 450560
72 1 512000 520192
209 1 471040 472064
349 2 261632 262144 262144 269824
349 1 237056 241152
348 1 1011200 1015296
349 1 7680 11776
349 1 220672 232960
349 1 282112 290304
349 1 323072 331264
349 1 364032 368128
349 1 302592 318976
349 1 339456 343552
349 1 372224 376320
349 1 355840 359936
349 1 642560 646656
349 1 650752 654848
350 1 749056 757248
350 1 736768 744960
349 1 380416 388608
349 1 663040 667136
350 1 781824 785920
350 1 761344 773632
404 1 1028096 1032192
681 1 253952 258048
496 1 0 4096
590 1 880640 884736
406 1 847872 851968
124 1 151552 155648
404 1 1015808 1019904
124 1 159744 163840
803 1 454656 458752
114 1 188416 192512
45 1 872960 876032
287 1 614400 618496
44 1 765952 770048
13 2 877056 917504 917504 1048576
14 3 0 131072 131072 262144 262144 352768
287 1 622592 634880
718 1 471040 475136
101 2 647168 655360 655360 656384
471 1 561152 565248
165 1 749568 765952
539 1 323584 335872
718 1 475136 487424
986 1 368640 372736
486 1 290816 311296
482 1 892928 894976
184 1 12288 15360
508 1 745472 749568
508 1 679936 682496
243 1 348160 352256
106 1 278528 283648
486 1 331776 335872
142 1 237568 238592
171 1 839680 851968
343 5 196608 262144 262144 393216 393216 524288 524288 655360 655360 720896
183 1 851968 852992
401 1 811008 823296
924 1 802816 806912
483 1 53248 53760
597 1 1003520 1007616
961 1 630784 647168
597 1 1015808 1019904
984 1 798720 802816
393 2 868352 917504 917504 999424
520 1 638464 650752
86 1 131072 135168
84 1 548864 552960
85 1 233472 237568
86 1 94208 98304
944 2 253952 262144 262144 299008
938 1 786432 790528
48 1 417792 421888
938 1 778240 782336
114 1 802816 823296
381 1 1032192 1040384
794 1 782336 786432
805 1 176128 184320
150 1 1024000 1028096
946 1 876544 880640
726 1 49152 53248
571 4 626688 655360 655360 786432 786432 917504 917504 1048576
572 1 0 36864
685 1 622592 626688
401 1 835584 839680
179 1 53248 57344
688 1 319488 327680
186 1 491520 495616
191 1 692224 696320
572 1 102400 131072
401 1 770048 778240
83 1 638976 643072
776 1 966656 970752
83 1 950272 954368
99 1 94208 98304
908 1 540672 544768
592 1 577536 581632
83 1 741376 745472
862 1 966656 970752
796 1 446464 479232
83 1 733184 737280
83 1 974848 978944
521 1 376832 380928
280 1 712704 716800
451 2 196608 262144 262144 327680
451 1 393216 524288
563 4 262144 393216 393216 524288 524288 655360 655360 720896
225 1 196608 262144
563 1 196608 262144
500 1 196608 204800
415 1 770048 774144
406 1 729088 733184
530 1 761856 778240
79 1 413696 417792
774 1 626688 630784
406 1 794624 806912
20 1 69632 73728
554 1 892928 901120
554 1 901120 905216
530 1 778240 786432
531 1 0 12288
406 1 737280 745472
401 1 729088 741376
447 1 688128 692224
348 1 572928 577024
350 1 822784 835072
348 1 544256 548352
350 1 957952 1027584
348 1 441856 445952
348 1 265728 269824
351 1 142848 151040
347 1 1011200 1015296
348 1 527872 531968
348 1 294400 298496
348 1 286208 290304
350 2 839168 917504 917504 953856
351 1 179712 187904
351 1 433664 437760
351 1 85504 93696
351 2 257536 262144 262144 265728
351 2 355840 393216 393216 421376
351 1 441856 511488
351 2 523776 524288 524288 536064
351 1 515584 519680
962 1 155648 158720
738 1 245760 249856
351 1 458752 466944
0 1 208896 212992
460 1 540672 544768
243 1 217088 218112
129 1 950272 952832
359 1 655360 659456
318 1 479232 483328
41 1 917504 921600
509 1 114688 116224
215 1 184320 187904
242 1 880640 881152
242 1 466944 469504
212 1 28672 32768
486 2 159744 262144 262144 290816
406 1 794624 798720
500 1 700416 704512
431 1 0 4096
961 2 647168 655360 655360 679936
587 1 614400 618496
532 1 258048 262144
350 1 692224 700416
384 1 241664 245760
386 1 565248 567808
248 1 835584 851968
447 1 544768 548864
295 1 970752 974848
632 1 1040384 1044480
304 1 208896 212992
138 1 32768 36864
672 1 610304 614400
817 1 712704 720896
501 1 851968 856064
406 1 802816 806912
672 1 610304 614400
280 1 622592 634880
318 1 290816 294912
53 1 856064 876544
128 1 417792 454656
438 1 1019904 1024000
476 1 638976 643072
515 1 532480 536576
76 1 995328 999424
664 2 32768 131072 131072 184832
85 1 839680 847872
406 1 782336 786432
141 1 323584 327680
150 1 802816 806912
126 2 241152 262144 262144 270336
406 1 847872 851968
981 1 729088 737280
569 1 335872 344064
351 1 593408 605696
351 1 552448 577024
351 1 609792 613888
351 1 581120 585216
351 1 675328 708096
351 1 740864 744960
351 2 617984 655360 655360 658944
356 1 7680 11776
356 1 44544 52736
355 1 982528 994816
355 1 863744 908800
355 2 912896 917504 917504 978432
356 1 15872 36352
355 1 998912 1003008
355 1 1023488 1035776
356 1 142848 146944
356 1 56832 97792
356 1 179712 183808
356 1 249344 253440
356 1 101888 118272
146 1 462848 475136
145 1 880640 888832
107 1 434176 438272
984 1 831488 835584
45 1 864256 868352
904 1 483328 487424
157 1 708608 712704
45 1 839680 843776
333 1 991744 995328
333 2 897536 917504 917504 991744
401 1 856064 860160
337 3 98304 131072 131072 262144 262144 266752
336 2 884736 917504 917504 1048576
337 1 0 94208
254 1 458752 462848
752 1 94208 98304
815 1 143360 151552
248 1 4096 8192
80 1 344064 380928
80 1 380928 385024
401 1 790528 794624
581 1 417792 421888
230 5 201216 262144 262144 393216 393216 524288 524288 655360 655360 725504
527 1 913408 917504
401 1 856064 860160
337 5 266752 393216 393216 524288 524288 655360 655360 786432 786432 791040
775 1 614400 618496
954 1 536576 540672
230 3 725504 786432 786432 917504 917504 1048576
231 2 0 131072 131072 201216
663 1 360448 364544
663 1 348160 352256
773 1 1032192 1040384
941 1 1007616 1011712
869 1 32768 98304
409 1 696320 700416
334 1 208896 245760
259 1 700416 702976
867 1 917504 921600
869 1 98304 102400
330 1 737280 765952
941 1 917504 921600
678 1 872448 875008
867 1 917504 921600
684 1 77824 81920
