#StripeID,rangenumber,BlockOffsetStart,BlockOffsetEnd
415 1 573440 577536
316 2 122880 131072 131072 139264
316 1 139264 143360
102 1 16384 20480
356 1 356352 360448
468 1 311296 323584
486 1 24576 57344
325 1 204800 212992
486 1 57344 61440
246 1 327680 331776
468 1 323584 327680
80 1 471040 475136
325 1 208896 212992
442 2 311296 327680 327680 372736
230 2 475136 524288 524288 540672
325 1 208896 212992
442 1 372736 376832
61 1 331776 339968
845 1 286720 290816
693 1 172032 176128
246 1 327680 331776
230 1 540672 544768
392 1 638976 655360
393 1 0 4096
937 1 552960 569344
442 1 376832 389120
393 1 4096 8192
442 1 389120 393216
571 1 483328 487424
442 1 393216 409600
325 1 208896 212992
442 1 409600 413696
355 1 557056 561152
178 1 503808 516096
442 1 413696 446464
442 1 446464 450560
286 1 356352 360448
499 1 634880 655360
500 3 0 65536 65536 131072 131072 172032
257 1 163840 167936
102 1 16384 20480
500 1 172032 176128
468 1 327680 344064
468 1 344064 348160
622 1 102400 106496
168 1 143360 147456
1 1 393216 405504
745 1 98304 106496
171 1 196608 208896
171 1 212992 217088
555 1 196608 200704
287 1 471040 479232
581 1 151552 155648
555 1 262144 266240
556 1 389120 393216
833 1 397312 405504
606 1 393216 397312
859 1 102400 106496
776 1 131072 135168
777 1 40960 45056
484 1 581632 585728
777 1 61440 65536
769 1 462848 466944
777 1 69632 73728
773 1 253952 258048
773 1 307200 311296
159 1 466944 471040
770 1 397312 401408
823 1 573440 577536
842 1 155648 159744
46 1 307200 315392
890 1 602112 606208
153 1 401408 405504
153 1 454656 458752
473 1 528384 540672
430 1 282624 286720
430 1 290816 294912
723 1 327680 393216
473 1 540672 544768
875 1 266240 270336
707 1 253952 258048
452 1 487424 503808
287 1 479232 483328
325 1 208896 212992
473 1 544768 552960
452 1 503808 507904
745 6 225280 262144 262144 327680 327680 393216 393216 458752 458752 524288 524288 532480
473 1 552960 557056
325 1 208896 212992
503 1 102400 126976
692 1 630784 634880
503 1 126976 131072
325 1 208896 212992
956 1 143360 155648
467 1 184320 192512
318 2 585728 589824 589824 606208
318 1 606208 610304
596 1 475136 479232
325 1 208896 221184
124 2 245760 262144 262144 270336
393 1 8192 28672
393 1 28672 32768
64 1 98304 102400
741 1 49152 53248
672 1 86016 90112
325 1 212992 217088
124 1 266240 274432
393 1 32768 53248
393 1 53248 57344
325 1 212992 217088
454 2 61440 65536 65536 98304
124 1 270336 290816
325 1 212992 217088
393 2 57344 65536 65536 77824
454 1 98304 102400
206 1 294912 299008
393 1 77824 81920
325 1 212992 221184
844 1 32768 36864
325 1 217088 221184
829 1 335872 344064
325 1 217088 221184
325 1 217088 221184
325 1 217088 221184
325 1 217088 221184
392 1 348160 352256
442 1 450560 458752
442 1 458752 462848
281 1 499712 503808
124 1 286720 294912
325 1 217088 221184
393 1 81920 102400
393 1 102400 106496
707 1 585728 589824
968 1 290816 294912
495 1 487424 491520
57 1 8192 12288
193 1 172032 176128
999 2 446464 458752 458752 479232
393 1 106496 122880
393 1 122880 126976
750 1 151552 163840
702 1 483328 487424
780 1 233472 241664
325 1 217088 221184
429 1 282624 286720
493 2 475136 524288 524288 552960
593 1 512000 516096
325 1 217088 221184
493 1 552960 557056
924 1 401408 409600
393 2 126976 131072 131072 147456
393 1 147456 151552
325 1 217088 221184
969 1 348160 352256
325 1 217088 229376
45 1 344064 360448
124 1 290816 299008
393 1 151552 180224
25 1 503808 507904
393 1 180224 184320
325 1 221184 225280
124 1 294912 307200
838 1 540672 544768
393 2 184320 196608 196608 204800
325 1 221184 225280
393 1 204800 208896
401 1 32768 53248
401 1 53248 57344
325 1 221184 225280
325 1 221184 225280
492 1 499712 503808
135 1 69632 73728
230 1 45056 49152
950 1 544768 548864
75 1 282624 286720
914 1 589824 593920
731 1 237568 241664
964 1 532480 538112
325 1 221184 225280
914 1 626688 630784
1 1 409600 413696
914 1 634880 638976
127 1 274432 278528
520 1 135168 139264
915 1 12288 16384
915 1 299008 303104
914 1 573440 577536
446 1 397312 401408
325 1 221184 225280
325 1 221184 225280
325 1 221184 225280
325 1 221184 225280
325 1 221184 229376
325 1 225280 229376
278 1 184320 188416
325 1 225280 229376
556 1 401408 405504
999 1 475136 503808
393 1 208896 225280
962 1 106496 110592
325 1 225280 229376
45 1 356352 372736
393 1 225280 229376
325 1 225280 229376
393 1 229376 249856
393 1 249856 253952
387 1 159744 163840
534 1 471040 475136
30 1 245760 262144
132 1 524288 528384
325 1 225280 229376
999 2 499712 524288 524288 532480
393 2 253952 262144 262144 274432
325 1 225280 229376
45 1 368640 389120
124 2 303104 327680 327680 331776
393 1 274432 278528
325 1 225280 229376
393 1 278528 307200
393 1 307200 311296
325 1 225280 237568
325 1 229376 233472
999 1 528384 561152
325 1 229376 233472
393 1 311296 327680
395 1 98304 106496
393 1 327680 331776
325 1 229376 233472
325 1 229376 233472
325 1 229376 233472
53 1 286720 290816
596 1 479232 487424
361 4 24576 65536 65536 131072 131072 196608 196608 221184
325 1 229376 237568
28 1 626688 630784
647 1 77824 81920
31 1 106496 110592
427 1 90112 94208
361 1 221184 225280
325 1 233472 237568
999 1 557056 585728
693 1 176128 184320
393 1 331776 348160
393 1 348160 352256
325 1 233472 237568
921 1 24576 28672
465 1 376832 393216
465 1 393216 397312
325 1 233472 237568
325 1 233472 237568
325 1 233472 237568
325 1 233472 237568
325 1 233472 237568
11 1 163840 167936
398 1 425984 434176
325 1 233472 245760
398 1 434176 438272
999 2 581632 589824 589824 614400
393 1 352256 368640
325 1 237568 241664
393 1 368640 372736
325 1 237568 241664
999 1 610304 630784
393 1 372736 389120
486 1 135168 163840
325 1 237568 241664
393 1 389120 393216
486 1 163840 167936
413 2 155648 196608 196608 221184
325 1 237568 241664
413 2 221184 262144 262144 270336
470 1 106496 110592
413 1 270336 274432
325 1 237568 241664
495 1 118784 126976
999 1 626688 655360
325 1 237568 241664
479 3 503808 524288 524288 589824 589824 593920
393 1 393216 409600
479 1 593920 598016
325 1 237568 241664
393 1 409600 413696
0 1 0 28672
999 1 651264 655360
325 1 237568 241664
393 1 413696 430080
708 1 270336 274432
393 1 430080 434176
325 1 237568 241664
325 1 237568 241664
413 1 274432 303104
413 1 303104 307200
325 1 237568 245760
0 1 24576 57344
393 1 434176 450560
325 1 241664 245760
945 1 196608 204800
393 1 450560 454656
325 1 241664 245760
340 1 638976 643072
908 1 528384 532480
727 1 487424 491520
0 2 53248 65536 65536 81920
636 1 315392 323584
325 1 241664 245760
393 2 454656 458752 458752 471040
393 1 471040 475136
325 1 241664 245760
996 1 237568 241664
413 2 307200 327680 327680 335872
413 1 335872 339968
325 1 241664 245760
770 1 225280 245760
990 1 262144 327680
325 1 241664 245760
753 1 208896 217088
286 1 270336 274432
805 1 352256 364544
286 1 335872 339968
286 1 344064 348160
990 2 184320 196608 196608 262144
124 1 327680 356352
0 1 77824 106496
286 1 380928 385024
393 1 475136 499712
289 1 434176 438272
286 1 442368 446464
837 1 282624 286720
286 1 462848 471040
286 1 512000 516096
289 1 442368 446464
286 1 573440 577536
285 1 118784 122880
289 1 471040 475136
286 1 598016 602112
285 1 131072 135168
286 1 614400 618496
289 1 483328 487424
287 1 0 8192
285 1 172032 176128
287 1 102400 106496
289 1 495616 499712
287 1 135168 139264
285 1 200704 208896
287 1 163840 172032
289 1 532480 536576
287 1 221184 225280
285 1 212992 217088
289 1 548864 552960
287 1 241664 245760
285 1 221184 225280
289 1 561152 565248
285 1 237568 241664
289 1 589824 593920
287 1 311296 315392
285 1 409600 413696
289 1 622592 626688
287 1 327680 331776
285 1 425984 430080
287 1 352256 356352
289 1 630784 634880
287 1 389120 393216
285 1 446464 450560
287 1 430080 434176
290 1 49152 53248
290 1 73728 77824
290 1 81920 86016
290 1 102400 106496
393 1 499712 503808
285 1 479232 483328
290 1 163840 172032
285 1 532480 540672
285 1 552960 557056
290 1 196608 200704
285 1 577536 585728
290 1 237568 241664
285 1 589824 593920
285 1 622592 626688
287 1 487424 491520
287 1 532480 544768
287 1 589824 593920
290 1 286720 290816
325 1 241664 245760
287 1 610304 618496
287 1 638976 643072
287 1 647168 651264
288 1 8192 12288
288 1 49152 53248
288 1 98304 102400
288 1 114688 118784
288 1 126976 131072
290 1 299008 303104
285 1 634880 638976
290 1 335872 339968
286 1 12288 16384
290 2 389120 393216 393216 397312
62 1 372736 376832
286 1 24576 28672
290 1 413696 417792
286 1 114688 118784
286 1 131072 139264
290 1 458752 466944
286 1 159744 163840
288 1 135168 139264
286 1 188416 192512
345 1 475136 479232
288 1 180224 184320
291 1 73728 81920
286 1 208896 212992
288 1 200704 204800
286 1 225280 229376
288 1 237568 241664
291 1 86016 110592
288 1 253952 258048
286 1 253952 258048
291 1 114688 118784
288 1 290816 294912
288 1 356352 360448
288 1 385024 389120
288 1 401408 409600
390 1 274432 278528
288 1 417792 421888
288 1 462848 466944
95 1 184320 188416
288 1 483328 487424
288 1 524288 528384
288 1 593920 598016
288 1 622592 626688
606 1 393216 397312
288 1 651264 655360
175 1 139264 143360
289 1 40960 45056
291 1 135168 147456
289 1 57344 61440
291 1 151552 188416
289 1 143360 147456
291 1 192512 196608
289 1 188416 192512
289 1 204800 208896
289 1 221184 229376
289 1 237568 241664
291 3 258048 262144 262144 327680 327680 335872
957 1 86016 118784
832 1 65536 69632
971 1 466944 471040
769 1 458752 462848
776 1 196608 204800
588 1 139264 143360
776 1 311296 315392
770 1 417792 425984
196 1 385024 389120
289 1 311296 315392
777 1 409600 413696
776 1 327680 335872
289 1 356352 360448
833 1 393216 401408
289 1 368640 372736
289 1 389120 393216
130 1 409600 413696
776 1 413696 417792
384 1 81920 86016
46 1 311296 315392
773 1 303104 307200
243 1 360448 364544
153 1 405504 409600
159 1 540672 544768
823 1 577536 581632
153 1 450560 454656
880 1 520192 524288
263 1 266240 270336
817 1 360448 368640
817 1 372736 376832
810 1 524288 532480
934 1 311296 315392
325 1 241664 245760
944 1 409600 413696
950 1 569344 573440
948 1 516096 520192
946 1 462848 466944
986 1 28672 32768
953 1 40960 45056
988 1 294912 299008
982 1 548864 552960
991 1 188416 192512
122 1 446464 450560
102 1 12288 16384
955 1 94208 98304
97 1 557056 561152
993 1 241664 245760
142 1 241664 245760
104 1 65536 69632
99 1 610304 614400
106 1 118784 122880
5 1 131072 135168
5 1 413696 417792
6 1 49152 53248
108 1 172032 176128
789 1 344064 352256
477 2 503808 524288 524288 589824
325 1 241664 245760
477 1 589824 593920
325 1 241664 245760
325 1 241664 253952
713 1 610304 614400
337 1 471040 475136
347 1 139264 143360
713 1 618496 622592
325 1 245760 249856
28 1 565248 577536
413 1 339968 372736
325 1 245760 249856
413 1 372736 376832
559 1 196608 200704
325 1 245760 249856
869 1 413696 417792
45 2 385024 393216 393216 401408
325 1 245760 249856
393 1 503808 524288
393 1 524288 528384
15 1 536576 569344
45 1 397312 413696
325 1 245760 253952
393 1 528384 548864
393 1 548864 552960
449 1 20480 24576
325 1 249856 253952
45 1 409600 425984
393 1 552960 573440
393 1 573440 577536
909 1 606208 610304
997 1 90112 94208
45 1 421888 438272
393 2 577536 589824 589824 598016
429 1 225280 229376
393 1 598016 602112
325 1 249856 253952
850 1 610304 614400
45 2 434176 458752 458752 466944
102 1 94208 98304
821 1 36864 40960
393 1 602112 622592
393 1 622592 626688
45 1 462848 479232
393 1 626688 647168
693 1 184320 188416
623 1 81920 86016
325 1 598016 602112
833 1 471040 475136
393 1 647168 651264
243 1 315392 319488
325 1 249856 253952
306 1 139264 143360
45 1 475136 491520
393 1 651264 655360
394 1 0 16384
325 1 249856 253952
394 1 16384 20480
1 1 425984 430080
513 1 536576 540672
305 1 401408 405504
45 1 487424 499712
394 1 20480 40960
394 1 40960 45056
45 1 495616 512000
394 1 45056 65536
394 1 65536 69632
45 1 507904 524288
394 1 69632 90112
394 1 90112 94208
325 1 249856 253952
464 1 249856 253952
257 1 167936 172032
866 1 110592 118784
325 1 249856 253952
45 2 520192 524288 524288 536576
394 1 94208 114688
394 1 114688 118784
240 1 0 16384
442 1 462848 471040
442 1 471040 475136
325 1 249856 253952
641 2 520192 524288 524288 532480
588 2 118784 131072 131072 135168
339 1 69632 77824
442 1 475136 483328
45 1 532480 548864
339 1 77824 81920
442 1 483328 487424
394 2 118784 131072 131072 139264
641 1 524288 528384
394 1 139264 143360
325 1 249856 253952
339 1 81920 90112
339 1 90112 94208
641 1 524288 528384
339 1 94208 102400
339 1 102400 106496
714 1 385024 389120
45 1 544768 561152
394 1 143360 163840
394 1 163840 167936
325 1 249856 253952
1 1 401408 405504
556 1 389120 393216
121 1 86016 94208
833 1 368640 372736
833 1 393216 397312
770 1 397312 401408
773 1 307200 311296
46 1 282624 286720
70 1 335872 339968
777 1 544768 548864
776 1 204800 208896
776 1 339968 344064
325 1 249856 253952
600 1 24576 28672
301 1 585728 589824
439 1 192512 196608
0 1 102400 131072
877 1 573440 577536
325 1 249856 253952
28 1 581632 585728
394 1 167936 184320
919 1 532480 536576
124 1 352256 360448
394 1 184320 188416
394 2 188416 196608 196608 208896
45 1 557056 569344
235 1 262144 266240
394 1 208896 212992
394 1 212992 233472
394 1 233472 237568
325 1 249856 262144
571 1 483328 487424
325 1 253952 258048
625 1 159744 163840
506 1 274432 278528
112 1 393216 397312
1 1 393216 397312
1 1 401408 405504
533 1 589824 598016
385 1 524288 528384
533 1 606208 610304
492 1 569344 573440
976 1 114688 118784
46 1 413696 417792
600 1 159744 163840
600 1 294912 299008
600 1 319488 323584
505 1 77824 122880
805 1 438272 442368
805 1 450560 454656
707 1 581632 585728
503 1 159744 163840
503 1 172032 176128
505 1 122880 126976
124 1 356352 385024
995 1 8192 12288
394 1 237568 262144
394 1 262144 266240
764 1 315392 319488
325 1 253952 258048
633 1 438272 442368
208 1 16384 20480
325 1 253952 258048
607 1 98304 102400
490 1 184320 188416
960 1 610304 614400
382 1 331776 344064
124 2 380928 393216 393216 397312
325 1 253952 258048
394 1 266240 286720
394 1 286720 290816
1 1 393216 397312
1 1 401408 409600
555 1 196608 200704
606 1 393216 397312
833 1 397312 401408
785 1 253952 258048
108 1 552960 557056
773 1 253952 258048
773 1 303104 307200
385 1 393216 401408
773 1 311296 319488
392 1 81920 90112
0 2 126976 131072 131072 147456
53 1 286720 290816
385 1 425984 430080
773 1 327680 331776
823 1 573440 577536
385 1 438272 442368
776 1 311296 319488
769 1 458752 466944
769 1 536576 540672
776 1 327680 331776
770 1 397312 401408
479 1 0 4096
776 1 389120 393216
770 1 421888 425984
776 1 581632 585728
777 1 36864 45056
637 1 262144 266240
154 1 602112 606208
777 1 57344 61440
260 1 528384 532480
777 1 118784 122880
329 1 507904 512000
394 1 290816 307200
394 1 307200 311296
264 1 90112 94208
66 1 524288 528384
66 1 532480 544768
75 1 131072 135168
75 1 143360 147456
74 1 262144 274432
75 1 151552 155648
75 1 184320 188416
79 1 69632 73728
79 1 81920 86016
75 1 200704 208896
66 1 393216 397312
75 1 217088 221184
75 1 311296 315392
75 1 319488 323584
75 1 401408 405504
75 1 409600 413696
75 1 417792 421888
75 1 425984 430080
76 1 57344 61440
66 1 425984 430080
945 1 204800 208896
732 1 241664 245760
325 1 253952 258048
585 1 335872 339968
66 1 524288 528384
75 1 131072 135168
75 1 143360 147456
74 1 262144 274432
75 1 151552 155648
75 1 184320 188416
66 1 532480 544768
75 1 200704 208896
79 1 69632 73728
75 1 212992 217088
79 1 81920 86016
75 1 311296 315392
788 1 573440 589824
75 1 319488 323584
75 1 401408 405504
75 1 409600 413696
75 1 417792 421888
124 1 393216 405504
75 1 425984 430080
394 2 311296 327680 327680 331776
977 1 610304 614400
76 1 57344 61440
66 1 393216 397312
66 1 425984 430080
394 1 331776 335872
142 1 32768 45056
263 1 94208 106496
720 1 49152 65536
442 1 565248 569344
47 1 163840 167936
325 1 253952 258048
342 1 147456 151552
342 1 159744 163840
580 1 290816 294912
662 1 274432 282624
662 1 294912 299008
369 1 163840 192512
779 1 503808 507904
664 1 81920 86016
666 1 94208 98304
780 1 65536 69632
662 1 307200 311296
743 1 28672 32768
662 1 327680 331776
780 1 262144 266240
662 1 471040 475136
256 1 438272 442368
288 1 180224 184320
330 1 331776 335872
925 1 618496 622592
465 1 585728 589824
325 1 253952 258048
1 1 397312 401408
1 1 405504 409600
66 1 393216 397312
75 1 131072 135168
75 1 143360 147456
75 1 151552 155648
75 1 184320 188416
74 1 262144 274432
10 1 380928 385024
66 1 425984 430080
75 1 200704 204800
66 1 524288 528384
75 1 208896 217088
555 1 155648 159744
66 1 532480 544768
555 1 552960 557056
75 1 311296 315392
170 1 45056 49152
833 1 397312 401408
75 1 319488 323584
773 1 311296 315392
79 1 69632 73728
75 1 401408 405504
590 1 557056 561152
601 1 565248 569344
75 1 409600 413696
79 1 81920 86016
484 1 532480 536576
75 1 417792 421888
484 1 565248 569344
777 1 548864 552960
153 1 532480 536576
75 1 425984 430080
76 1 57344 61440
933 1 4096 8192
430 1 262144 266240
430 1 290816 294912
385 1 602112 655360
386 1 0 32768
498 1 573440 577536
66 1 524288 528384
919 1 532480 536576
386 1 32768 36864
66 1 532480 544768
79 1 69632 73728
75 1 131072 135168
79 1 81920 86016
75 1 143360 147456
74 1 262144 274432
75 1 151552 155648
955 1 585728 589824
75 1 184320 188416
75 1 200704 204800
75 1 208896 217088
480 1 376832 380928
75 1 311296 315392
75 1 319488 323584
75 1 401408 405504
75 1 409600 413696
75 1 417792 421888
75 1 425984 430080
76 1 57344 61440
66 1 393216 397312
66 1 425984 430080
75 1 131072 135168
75 1 143360 147456
75 1 151552 155648
66 1 524288 528384
75 1 184320 188416
66 1 532480 544768
79 1 69632 73728
74 1 262144 274432
79 1 81920 86016
75 1 200704 204800
75 1 208896 217088
75 1 311296 315392
75 1 319488 323584
75 1 401408 405504
75 1 409600 413696
75 1 417792 421888
75 1 425984 430080
76 1 57344 61440
325 1 253952 258048
66 1 393216 397312
66 1 425984 430080
0 1 143360 172032
394 1 335872 352256
394 1 352256 356352
389 1 626688 634880
479 1 569344 573440
308 1 77824 81920
697 1 278528 282624
588 1 290816 294912
138 3 131072 196608 196608 262144 262144 290816
830 1 450560 454656
726 1 413696 421888
325 1 253952 258048
726 1 421888 425984
310 1 462848 466944
966 1 106496 110592
886 1 479232 487424
919 1 532480 536576
370 2 49152 65536 65536 90112
370 1 90112 94208
919 1 532480 540672
66 1 393216 397312
66 1 425984 430080
528 1 466944 471040
226 1 524288 528384
224 1 598016 602112
66 1 524288 528384
75 1 131072 135168
225 1 204800 208896
229 2 450560 458752 458752 462848
74 1 262144 274432
75 1 143360 147456
225 1 217088 221184
66 1 532480 544768
75 1 151552 155648
79 1 69632 73728
75 1 184320 188416
79 1 81920 86016
75 1 200704 212992
315 1 28672 32768
96 1 393216 397312
75 1 311296 315392
320 1 0 4096
234 1 163840 167936
75 1 319488 323584
976 1 352256 356352
75 1 401408 405504
75 1 409600 413696
347 1 589824 618496
75 1 417792 421888
75 1 425984 430080
76 1 57344 61440
347 1 618496 622592
0 2 167936 196608 196608 200704
394 1 356352 372736
394 1 372736 376832
705 1 417792 421888
0 1 196608 225280
394 1 376832 393216
394 1 393216 397312
370 1 94208 122880
777 1 327680 331776
370 1 122880 126976
0 1 221184 253952
394 1 397312 413696
394 1 413696 417792
314 2 221184 262144 262144 307200
314 1 307200 311296
414 1 233472 237568
101 1 28672 57344
394 1 417792 434176
394 1 434176 438272
0 2 249856 262144 262144 282624
953 1 401408 409600
370 2 126976 131072 131072 155648
394 1 438272 454656
370 1 155648 159744
394 1 454656 458752
433 2 258048 262144 262144 282624
433 1 299008 307200
433 1 311296 315392
433 1 323584 327680
62 1 372736 376832
655 1 421888 425984
850 1 548864 557056
936 1 143360 176128
943 2 471040 524288 524288 532480
850 1 557056 561152
655 1 425984 430080
936 2 176128 196608 196608 225280
943 2 532480 589824 589824 630784
733 1 397312 417792
943 1 630784 655360
944 2 0 65536 65536 90112
655 1 430080 438272
936 2 225280 262144 262144 266240
818 1 167936 176128
944 2 90112 131072 131072 155648
655 1 438272 442368
936 1 266240 294912
0 1 278528 307200
394 1 458752 475136
325 1 602112 606208
394 1 475136 479232
818 1 167936 172032
325 2 253952 262144 262144 270336
510 1 602112 610304
370 1 159744 188416
693 1 188416 192512
422 1 200704 204800
0 2 303104 327680 327680 335872
370 1 188416 192512
510 1 610304 614400
394 1 479232 495616
325 1 262144 266240
355 1 626688 655360
356 1 0 61440
394 1 495616 499712
356 1 61440 65536
194 1 376832 380928
576 1 380928 385024
124 1 401408 417792
394 1 499712 520192
394 1 520192 524288
190 1 483328 491520
190 1 499712 507904
468 3 114688 131072 131072 196608 196608 241664
367 1 462848 466944
468 1 241664 245760
739 1 557056 561152
325 1 262144 270336
45 1 565248 585728
394 1 524288 544768
58 1 49152 57344
0 1 331776 360448
342 1 114688 118784
394 1 544768 548864
278 1 69632 73728
394 1 548864 565248
388 1 405504 430080
239 1 552960 557056
394 1 565248 569344
388 1 430080 434176
0 1 356352 385024
388 2 434176 458752 458752 462848
394 1 569344 585728
388 1 462848 466944
394 1 585728 589824
637 1 376832 380928
325 1 266240 278528
478 1 253952 262144
907 1 499712 503808
783 1 643072 647168
478 1 262144 274432
325 1 270336 274432
478 1 274432 278528
124 1 413696 434176
394 1 589824 610304
739 1 491520 495616
253 1 356352 360448
348 1 557056 577536
394 1 610304 614400
739 1 557056 561152
348 1 577536 581632
0 2 380928 393216 393216 413696
357 1 155648 184320
938 1 393216 397312
394 1 614400 630784
739 1 491520 495616
394 1 630784 634880
75 1 131072 135168
75 1 143360 147456
74 1 262144 274432
75 1 151552 155648
262 1 225280 229376
75 1 184320 188416
75 1 200704 204800
75 1 208896 212992
75 1 217088 221184
75 1 311296 315392
75 1 319488 323584
75 1 401408 405504
66 1 524288 528384
739 1 557056 569344
66 1 532480 544768
75 1 409600 413696
75 1 417792 421888
79 1 69632 73728
75 1 425984 430080
79 1 81920 86016
76 1 57344 61440
189 1 241664 245760
419 2 217088 262144 262144 274432
540 1 638976 643072
66 1 393216 397312
66 1 425984 430080
419 1 274432 278528
484 1 344064 352256
682 1 598016 602112
325 1 270336 274432
302 1 335872 339968
325 1 270336 274432
606 1 643072 655360
96 1 143360 147456
970 1 233472 237568
501 1 36864 40960
501 3 40960 65536 65536 131072 131072 176128
325 1 270336 274432
0 1 409600 442368
938 1 397312 401408
501 1 176128 180224
394 1 634880 651264
394 1 651264 655360
468 1 0 8192
325 1 270336 278528
938 1 401408 405504
598 1 499712 503808
325 1 274432 278528
544 1 524288 528384
66 1 524288 528384
919 1 536576 540672
66 1 532480 544768
75 1 131072 135168
79 1 69632 73728
75 1 143360 147456
79 1 81920 86016
75 1 151552 155648
74 1 262144 274432
75 1 184320 188416
75 1 200704 204800
75 1 208896 217088
75 1 311296 315392
75 1 319488 323584
75 1 401408 405504
75 1 409600 413696
75 1 417792 421888
75 1 425984 430080
76 1 57344 61440
66 1 393216 397312
66 1 425984 430080
417 2 516096 524288 524288 540672
831 1 110592 114688
417 1 540672 544768
351 1 413696 425984
351 1 425984 430080
171 1 348160 360448
325 1 274432 278528
325 1 274432 278528
320 1 634880 638976
683 1 385024 389120
66 1 393216 397312
980 1 147456 151552
66 1 524288 528384
66 1 532480 544768
75 1 131072 135168
75 1 143360 147456
74 1 262144 274432
75 1 151552 155648
79 1 69632 73728
75 1 184320 188416
79 1 81920 86016
75 1 200704 208896
75 1 212992 217088
75 1 311296 315392
75 1 319488 323584
75 1 401408 405504
75 1 409600 413696
75 1 417792 421888
75 1 425984 430080
76 1 57344 61440
708 1 274432 278528
808 1 229376 233472
325 1 274432 278528
66 1 425984 430080
325 1 274432 278528
841 1 135168 147456
814 1 266240 270336
814 1 253952 258048
489 1 389120 393216
325 1 274432 278528
66 1 524288 528384
66 1 532480 544768
79 1 69632 73728
74 1 262144 274432
79 1 81920 86016
75 1 131072 135168
75 1 143360 147456
75 1 151552 155648
75 1 184320 188416
75 1 200704 204800
75 1 208896 212992
75 1 217088 221184
75 1 311296 315392
75 1 319488 323584
75 1 401408 405504
325 1 274432 278528
75 1 409600 413696
75 1 417792 421888
124 1 430080 458752
75 1 425984 430080
76 1 57344 61440
206 1 294912 299008
66 1 393216 397312
66 1 425984 430080
395 1 0 20480
395 1 20480 24576
565 1 200704 204800
918 1 438272 442368
686 1 368640 380928
325 1 274432 278528
10 1 188416 192512
325 1 274432 278528
257 1 172032 176128
24 1 516096 524288
395 1 24576 45056
325 1 274432 278528
395 1 45056 49152
489 1 499712 503808
325 1 274432 286720
124 2 454656 458752 458752 466944
395 2 49152 65536 65536 69632
75 1 131072 135168
74 1 262144 274432
66 1 524288 528384
75 1 143360 147456
75 1 151552 155648
66 1 532480 544768
75 1 184320 188416
79 1 69632 73728
75 1 200704 204800
79 1 81920 86016
302 1 352256 356352
75 1 212992 221184
75 1 311296 315392
75 1 319488 323584
75 1 401408 405504
75 1 409600 413696
395 1 69632 73728
75 1 417792 421888
75 1 425984 430080
76 1 57344 61440
162 1 106496 114688
66 1 393216 397312
66 1 425984 430080
924 1 626688 630784
387 1 159744 167936
0 2 438272 458752 458752 471040
66 1 393216 397312
66 1 425984 430080
75 1 131072 135168
75 1 143360 147456
66 1 524288 528384
75 1 151552 155648
74 1 262144 274432
66 1 532480 544768
75 1 184320 188416
79 1 69632 73728
75 1 200704 208896
395 1 73728 90112
75 1 212992 217088
75 1 311296 315392
75 1 319488 323584
75 1 401408 405504
75 1 409600 413696
75 1 417792 421888
75 1 425984 430080
395 1 90112 94208
76 1 57344 61440
79 1 81920 86016
487 1 471040 475136
325 1 278528 282624
452 1 405504 409600
66 1 393216 397312
66 1 524288 528384
74 1 262144 274432
66 1 532480 544768
79 1 69632 73728
75 1 131072 135168
79 1 81920 86016
75 1 143360 147456
75 1 151552 155648
75 1 184320 188416
75 1 200704 208896
75 1 217088 221184
75 1 311296 315392
75 1 319488 323584
75 1 401408 405504
75 1 409600 413696
75 1 417792 421888
75 1 425984 430080
76 1 57344 61440
325 1 278528 282624
0 1 466944 495616
66 1 425984 430080
630 1 417792 421888
395 1 94208 110592
395 1 110592 114688
5 1 102400 106496
66 1 524288 528384
66 1 532480 544768
75 1 131072 135168
79 1 69632 73728
74 1 262144 274432
75 1 143360 147456
75 1 151552 155648
79 1 81920 86016
75 1 184320 188416
75 1 200704 204800
75 1 208896 217088
75 1 311296 315392
75 1 319488 323584
75 1 401408 405504
75 1 409600 413696
75 1 417792 421888
75 1 425984 430080
76 1 57344 61440
694 1 229376 233472
66 1 393216 397312
66 1 425984 430080
341 1 532480 536576
241 1 335872 344064
0 1 491520 524288
395 1 114688 131072
395 1 131072 135168
325 1 278528 282624
0 2 520192 524288 524288 528384
395 1 135168 151552
983 1 241664 249856
395 1 151552 155648
0 1 524288 536576
325 1 278528 282624
121 1 356352 364544
395 1 155648 172032
395 1 172032 176128
404 1 69632 81920
647 1 335872 339968
625 1 159744 163840
4 1 204800 208896
325 1 278528 282624
0 1 532480 565248
739 1 561152 569344
954 1 139264 147456
395 1 176128 192512
395 1 192512 196608
917 1 483328 487424
749 1 393216 395776
330 1 532480 536576
915 1 217088 221184
804 1 307200 311296
325 1 278528 282624
964 1 102400 106496
914 1 524288 528384
423 1 520192 524288
714 1 385024 389120
706 1 380928 385024
11 1 634880 638976
919 1 262144 278528
368 3 69632 131072 131072 196608 196608 200704
915 1 524288 540672
87 1 286720 290816
957 1 397312 401408
368 1 200704 204800
124 1 462848 487424
0 2 561152 589824 589824 593920
395 1 196608 221184
395 1 221184 225280
325 1 278528 282624
702 1 483328 491520
325 1 278528 282624
625 1 294912 299008
575 1 274432 282624
228 1 151552 155648
735 3 323584 327680 327680 393216 393216 454656
723 1 569344 573440
350 1 532480 561152
190 1 491520 495616
335 1 81920 90112
735 1 454656 458752
335 1 90112 94208
350 1 561152 565248
367 1 458752 462848
174 1 278528 282624
418 1 565248 585728
489 3 520192 524288 524288 589824 589824 626688
671 1 573440 577536
596 1 487424 491520
325 1 278528 282624
418 1 585728 589824
859 1 622592 626688
128 1 122880 126976
913 1 528384 532480
668 1 204800 212992
489 1 626688 630784
325 1 278528 286720
325 1 282624 294912
325 1 286720 294912
0 1 589824 618496
395 1 225280 241664
395 1 241664 245760
560 1 266240 270336
296 1 303104 307200
814 1 245760 258048
814 1 266240 270336
775 1 159744 172032
775 1 180224 184320
328 2 413696 458752 458752 491520
736 1 163840 176128
736 1 184320 188416
325 1 290816 311296
845 1 286720 290816
328 1 491520 495616
325 1 303104 311296
59 1 126976 131072
939 1 565248 569344
325 1 307200 311296
695 1 221184 225280
325 1 307200 311296
70 1 634880 638976
504 1 475136 483328
413 2 376832 393216 393216 442368
413 2 442368 458752 458752 507904
504 1 483328 487424
413 2 507904 524288 524288 532480
325 1 307200 311296
440 1 434176 438272
413 1 532480 536576
325 1 307200 311296
325 1 307200 311296
541 1 167936 172032
725 1 540672 548864
325 1 307200 311296
239 1 557056 561152
693 1 626688 630784
915 1 94208 98304
330 1 532480 536576
127 1 143360 147456
325 1 307200 311296
124 1 610304 612352
128 1 327680 331776
325 1 307200 319488
708 1 278528 282624
451 1 315392 319488
629 2 557056 589824 589824 655360
630 1 0 16384
923 1 249856 253952
0 1 614400 647168
325 1 311296 315392
395 1 245760 262144
630 1 16384 20480
395 1 262144 266240
739 1 561152 569344
325 1 311296 315392
103 1 532480 533504
325 1 311296 315392
138 8 176128 196608 196608 262144 262144 327680 327680 393216 393216 458752 458752 524288 524288 589824 589824 606208
325 1 311296 315392
1 1 397312 401408
278 1 274432 278528
771 1 53248 57344
170 1 167936 172032
728 1 188416 192512
640 1 45056 49152
325 1 311296 315392
138 1 606208 610304
0 1 643072 655360
1 1 0 16384
421 1 32768 36864
325 1 311296 315392
395 1 266240 282624
15 1 98304 102400
395 1 282624 286720
395 1 286720 294912
395 1 294912 299008
74 1 262144 266240
66 1 524288 528384
66 1 532480 544768
74 1 266240 274432
79 1 69632 73728
66 1 393216 397312
75 1 131072 135168
79 1 81920 86016
75 1 143360 147456
75 1 151552 155648
75 1 184320 188416
75 1 200704 208896
757 1 458752 466944
75 1 212992 217088
75 1 311296 315392
75 1 319488 323584
75 1 401408 405504
75 1 409600 413696
75 1 417792 421888
66 1 425984 430080
75 1 425984 430080
76 1 57344 61440
325 1 311296 315392
325 1 311296 315392
325 1 311296 315392
106 1 352256 356352
81 1 159744 163840
28 1 507904 512000
659 1 237568 241664
169 1 393216 397312
325 1 311296 315392
311 3 311296 327680 327680 393216 393216 458752
147 1 409600 413696
77 1 610304 614400
220 1 311296 315392
693 2 192512 196608 196608 200704
571 1 217088 221184
773 1 262144 274432
623 1 81920 86016
1 1 397312 401408
645 1 184320 188416
645 1 196608 200704
609 1 172032 176128
108 1 544768 548864
770 1 622592 626688
771 1 45056 49152
771 1 86016 90112
324 1 151552 155648
124 1 483328 507904
534 1 368640 372736
353 1 319488 323584
395 1 299008 319488
96 1 147456 151552
395 1 319488 323584
57 1 540672 548864
273 1 24576 28672
395 2 323584 327680 327680 344064
325 1 311296 319488
395 1 344064 348160
1 1 12288 45056
325 1 315392 319488
395 1 348160 364544
138 1 610304 655360
139 1 0 8192
171 1 212992 217088
120 1 131072 135168
395 1 364544 368640
121 1 397312 401408
121 1 487424 491520
120 1 155648 159744
122 1 40960 45056
120 1 245760 249856
139 1 8192 12288
122 1 53248 57344
120 1 335872 339968
122 1 94208 98304
120 1 520192 524288
122 1 151552 155648
120 1 528384 532480
122 1 229376 233472
122 1 323584 327680
120 1 589824 593920
122 1 339968 344064
120 1 598016 602112
325 1 315392 319488
123 1 49152 53248
121 1 32768 36864
123 1 61440 65536
121 2 57344 65536 65536 69632
123 1 69632 73728
121 1 151552 155648
123 1 102400 106496
121 1 229376 233472
123 1 159744 163840
121 1 286720 290816
123 1 204800 208896
123 1 299008 303104
123 1 307200 311296
123 1 360448 364544
257 1 176128 180224
421 1 77824 81920
124 1 548864 552960
145 1 299008 303104
128 1 294912 303104
124 1 569344 573440
123 1 466944 471040
146 1 8192 12288
124 1 634880 638976
142 1 614400 618496
147 1 90112 94208
125 1 65536 69632
157 1 626688 630784
159 1 221184 225280
153 1 532480 536576
125 1 151552 155648
125 1 278528 282624
154 1 86016 90112
125 1 348160 352256
125 1 389120 393216
156 1 196608 200704
124 1 98304 102400
125 1 405504 409600
124 1 184320 188416
125 2 446464 458752 458752 462848
156 1 466944 471040
138 1 135168 139264
167 1 0 4096
124 1 196608 200704
150 1 581632 585728
167 1 454656 458752
124 1 352256 356352
170 1 184320 188416
124 1 503808 507904
168 1 262144 266240
148 1 581632 585728
170 1 638976 643072
173 1 36864 40960
171 1 438272 442368
173 1 491520 495616
172 1 237568 241664
151 1 466944 475136
174 1 106496 110592
184 1 634880 638976
174 1 258048 262144
153 1 299008 303104
210 1 380928 385024
174 1 425984 430080
174 1 577536 581632
163 1 344064 348160
168 1 532480 536576
175 1 73728 77824
175 1 225280 229376
169 1 28672 32768
200 1 622592 626688
212 1 221184 225280
213 1 135168 139264
169 1 385024 389120
225 1 442368 446464
179 1 495616 507904
225 1 651264 655360
164 1 143360 147456
226 1 385024 389120
164 1 602112 606208
165 1 401408 405504
166 1 200704 204800
176 1 229376 233472
177 1 446464 450560
178 1 192512 196608
178 1 647168 651264
190 1 36864 40960
437 2 8192 65536 65536 81920
190 1 544768 548864
191 1 344064 348160
214 1 417792 421888
192 1 143360 147456
194 1 450560 454656
195 1 57344 61440
218 1 221184 225280
437 1 81920 86016
66 1 393216 397312
66 1 524288 528384
74 1 262144 274432
66 1 532480 544768
1 2 40960 65536 65536 73728
79 1 69632 73728
79 1 81920 86016
75 1 131072 135168
75 1 143360 147456
75 1 151552 155648
75 1 184320 188416
75 1 200704 208896
75 1 212992 217088
75 1 311296 315392
75 1 319488 323584
75 1 401408 405504
395 1 368640 385024
75 1 409600 413696
75 1 417792 421888
75 1 425984 430080
76 1 57344 61440
395 1 385024 389120
66 1 425984 430080
150 2 139264 196608 196608 262144
150 1 262144 266240
325 1 315392 319488
395 2 389120 393216 393216 405504
921 1 630784 634880
395 1 405504 409600
325 1 315392 319488
325 1 315392 319488
124 1 503808 524288
124 1 524288 532480
395 1 409600 430080
395 1 430080 434176
161 1 557056 561152
1 1 69632 94208
395 1 434176 450560
395 1 450560 454656
714 1 385024 389120
325 1 315392 319488
448 1 638976 643072
325 1 315392 319488
1 1 90112 122880
139 2 12288 65536 65536 73728
395 2 454656 458752 458752 471040
325 1 315392 319488
139 1 73728 77824
395 1 471040 475136
444 1 217088 221184
421 1 77824 81920
449 1 20480 24576
74 1 262144 274432
75 1 131072 135168
66 1 524288 528384
75 1 143360 147456
75 1 151552 155648
66 1 532480 544768
75 1 184320 188416
79 1 69632 73728
75 1 200704 204800
79 1 81920 86016
75 1 208896 212992
75 1 217088 221184
75 1 311296 315392
75 1 319488 323584
75 1 401408 405504
75 1 409600 413696
75 1 417792 421888
75 1 425984 430080
76 1 57344 61440
66 1 393216 397312
66 1 425984 430080
871 1 483328 487424
673 1 131072 135168
325 1 315392 319488
325 1 315392 319488
844 1 32768 36864
325 1 315392 327680
827 1 32768 36864
1 2 118784 131072 131072 151552
395 1 475136 491520
325 1 319488 323584
395 1 491520 495616
411 1 131072 143360
325 1 319488 323584
411 1 98304 131072
139 2 77824 131072 131072 135168
411 1 143360 147456
139 1 135168 139264
208 1 16384 20480
421 1 77824 81920
534 1 233472 237568
405 1 53248 57344
325 1 319488 323584
1 1 147456 176128
395 1 495616 512000
325 1 319488 323584
395 1 512000 516096
239 1 12288 16384
703 1 167936 172032
325 1 319488 323584
325 1 319488 327680
332 1 487424 491520
431 1 487424 495616
432 1 606208 655360
433 1 0 65536
438 1 262144 311296
438 3 114688 131072 131072 196608 196608 262144
919 1 536576 540672
919 1 536576 540672
338 1 385024 393216
332 1 491520 507904
796 1 98304 102400
1 2 172032 196608 196608 204800
325 1 323584 327680
338 1 393216 397312
395 2 516096 524288 524288 532480
882 1 618496 622592
395 1 532480 536576
325 1 323584 327680
648 1 299008 307200
66 1 393216 397312
66 1 524288 528384
325 2 323584 327680 327680 335872
296 1 303104 307200
74 1 262144 274432
75 1 131072 135168
66 1 532480 544768
75 1 143360 147456
75 1 151552 155648
79 1 69632 73728
79 1 81920 86016
75 1 184320 188416
75 1 200704 204800
75 1 212992 217088
75 1 311296 315392
75 1 319488 323584
75 1 401408 405504
75 1 409600 413696
919 1 536576 540672
75 1 417792 421888
75 1 425984 430080
76 1 57344 61440
1 1 200704 229376
395 1 536576 552960
66 1 425984 430080
764 1 466944 471040
325 1 327680 335872
395 1 552960 557056
139 1 139264 196608
317 1 561152 565248
325 1 331776 335872
139 1 196608 200704
421 1 32768 36864
503 1 372736 380928
325 1 331776 344064
503 1 380928 385024
1 1 225280 237568
395 1 557056 573440
395 1 573440 577536
795 1 65536 69632
1 1 393216 401408
832 1 12288 20480
442 1 565248 569344
832 1 24576 28672
3 1 323584 327680
832 1 212992 225280
769 1 552960 557056
325 1 339968 352256
47 1 163840 167936
190 1 503808 507904
190 1 512000 516096
190 1 520192 524288
190 1 532480 536576
325 1 344064 348160
367 1 462848 466944
1 1 233472 262144
395 2 577536 589824 589824 593920
325 1 344064 348160
506 1 274432 278528
395 1 593920 598016
628 1 528384 536576
628 1 540672 577536
544 1 524288 528384
325 1 344064 348160
628 2 585728 589824 589824 630784
628 1 638976 655360
629 1 0 49152
629 1 53248 61440
630 1 262144 282624
66 1 524288 528384
74 1 262144 274432
75 1 131072 135168
629 1 65536 106496
66 1 532480 544768
75 1 143360 147456
75 1 151552 155648
79 1 69632 73728
75 1 184320 188416
79 1 81920 86016
75 1 200704 204800
75 1 208896 217088
75 1 311296 315392
75 1 319488 323584
75 1 401408 405504
75 1 409600 413696
75 1 417792 421888
75 1 425984 430080
76 1 57344 61440
630 2 286720 327680 327680 364544
630 2 368640 393216 393216 417792
404 1 122880 131072
66 1 393216 397312
66 1 425984 430080
633 1 397312 413696
636 1 638976 643072
404 1 131072 135168
629 3 110592 131072 131072 196608 196608 204800
637 1 143360 147456
630 1 421888 425984
633 2 417792 458752 458752 466944
637 1 159744 163840
637 1 176128 180224
637 1 573440 577536
629 1 208896 217088
637 1 589824 593920
1 2 258048 262144 262144 286720
633 1 471040 503808
630 1 430080 450560
638 1 45056 49152
638 1 102400 106496
638 1 110592 114688
630 2 454656 458752 458752 483328
630 2 487424 524288 524288 536576
638 1 294912 303104
629 3 221184 262144 262144 327680 327680 380928
638 1 360448 364544
638 1 389120 393216
633 3 507904 524288 524288 589824 589824 655360
634 1 0 20480
639 1 319488 323584
630 1 540672 557056
630 1 561152 565248
630 2 569344 589824 589824 622592
201 1 393216 397312
629 3 385024 393216 393216 458752 458752 466944
634 1 24576 49152
634 2 53248 65536 65536 77824
395 1 598016 614400
629 1 471040 524288
630 1 626688 655360
631 1 0 4096
631 1 16384 20480
631 1 28672 40960
634 1 81920 126976
629 1 528384 569344
175 1 4096 8192
631 2 45056 65536 65536 114688
629 2 573440 589824 589824 606208
634 2 131072 196608 196608 204800
634 1 208896 221184
631 2 118784 131072 131072 155648
634 1 225280 229376
629 1 610304 655360
630 1 0 4096
630 1 8192 12288
631 1 159744 172032
395 1 614400 618496
630 1 20480 49152
631 2 176128 196608 196608 221184
630 2 53248 65536 65536 102400
634 2 233472 262144 262144 303104
631 1 225280 262144
630 1 106496 131072
631 1 266240 303104
634 2 307200 327680 327680 335872
630 1 135168 155648
634 1 405504 413696
635 1 106496 110592
631 1 307200 319488
635 1 147456 151552
635 1 221184 225280
630 2 159744 196608 196608 204800
635 1 303104 307200
631 2 323584 327680 327680 356352
630 1 208896 225280
635 1 323584 327680
631 1 360448 364544
635 1 409600 413696
635 1 512000 516096
630 1 229376 262144
635 1 520192 524288
552 1 421888 425984
631 2 368640 393216 393216 413696
635 1 569344 573440
552 1 507904 512000
552 1 557056 561152
553 1 98304 102400
553 1 135168 139264
553 1 212992 217088
631 2 417792 458752 458752 487424
553 1 266240 270336
553 1 282624 290816
640 1 143360 147456
640 1 294912 299008
631 1 491520 524288
640 1 323584 327680
631 1 528384 569344
325 1 344064 348160
640 1 368640 372736
640 1 376832 380928
631 2 573440 589824 589824 610304
640 1 462848 471040
640 1 520192 524288
640 1 643072 647168
631 1 618496 622592
641 1 344064 348160
631 1 626688 655360
632 1 0 4096
632 1 8192 40960
632 2 45056 65536 65536 73728
632 1 77824 122880
632 2 126976 131072 131072 184320
632 2 188416 196608 196608 212992
632 1 217088 262144
632 1 266240 307200
632 1 311296 315392
632 2 319488 327680 327680 385024
632 2 389120 393216 393216 438272
632 2 442368 458752 458752 491520
632 3 495616 524288 524288 589824 589824 614400
325 1 344064 348160
522 1 368640 372736
632 1 618496 634880
124 1 528384 557056
632 1 638976 655360
633 2 0 65536 65536 73728
633 1 77824 118784
561 1 397312 401408
556 1 598016 602112
561 1 634880 647168
562 1 73728 77824
557 1 20480 24576
557 1 172032 176128
557 1 192512 196608
557 1 212992 221184
557 1 454656 458752
559 1 462848 466944
559 1 495616 503808
395 1 618496 638976
562 1 106496 110592
562 1 135168 143360
563 1 131072 147456
562 1 180224 188416
562 1 266240 278528
563 1 188416 192512
563 1 253952 258048
562 1 417792 421888
325 1 344064 348160
563 1 385024 389120
562 1 475136 487424
563 1 401408 409600
563 1 491520 495616
633 3 122880 131072 131072 196608 196608 212992
563 1 647168 651264
564 1 69632 73728
562 1 569344 581632
395 1 638976 643072
564 1 155648 159744
564 1 270336 274432
563 1 0 8192
564 1 282624 286720
563 1 61440 65536
564 1 331776 335872
563 1 69632 86016
564 1 520192 524288
577 1 491520 495616
577 1 499712 503808
633 2 217088 262144 262144 266240
563 1 90112 94208
563 1 126976 131072
577 1 528384 532480
577 1 544768 548864
633 1 270336 282624
577 1 552960 561152
577 1 565248 577536
633 1 290816 299008
705 1 425984 430080
705 1 540672 544768
633 2 307200 327680 327680 389120
705 1 573440 577536
706 1 65536 69632
553 1 528384 532480
706 1 90112 94208
553 1 602112 606208
706 1 135168 139264
706 1 245760 249856
706 1 360448 364544
553 1 634880 638976
554 1 61440 65536
706 1 405504 409600
554 1 126976 131072
706 1 528384 532480
706 1 614400 618496
554 1 159744 163840
707 1 4096 8192
554 1 180224 184320
554 1 200704 204800
554 1 540672 544768
555 1 49152 53248
555 1 143360 147456
1 1 282624 315392
555 1 184320 188416
555 1 212992 217088
555 1 311296 315392
555 1 335872 339968
555 1 389120 393216
555 1 544768 548864
555 1 552960 557056
556 1 24576 28672
556 1 221184 225280
707 1 139264 143360
395 1 643072 655360
396 1 0 4096
707 1 167936 172032
707 1 241664 245760
707 1 335872 339968
707 1 512000 516096
708 1 57344 61440
357 1 327680 335872
124 1 552960 561152
325 1 344064 348160
396 1 4096 8192
357 1 335872 339968
396 1 8192 28672
556 1 401408 405504
281 1 532480 540672
396 1 28672 32768
708 1 544768 548864
708 1 622592 626688
709 1 12288 16384
709 1 36864 40960
709 1 86016 90112
709 1 147456 151552
709 1 217088 221184
709 1 241664 245760
709 1 262144 266240
709 1 290816 299008
709 1 405504 409600
709 1 466944 471040
709 1 479232 483328
668 1 524288 528384
1 2 311296 327680 327680 339968
396 1 32768 49152
589 1 184320 188416
577 1 651264 655360
396 1 49152 53248
325 1 344064 352256
1 1 397312 401408
555 1 196608 200704
387 1 163840 167936
555 1 262144 266240
268 1 454656 458752
556 1 389120 393216
610 1 364544 368640
606 1 393216 397312
162 1 290816 294912
776 1 327680 331776
582 1 270336 274432
832 1 40960 45056
776 1 339968 344064
833 1 393216 397312
832 1 49152 53248
833 1 401408 405504
461 1 475136 479232
773 1 303104 307200
438 1 196608 204800
832 1 65536 69632
971 1 466944 471040
484 1 581632 585728
637 1 90112 94208
842 1 217088 221184
46 1 315392 319488
325 1 348160 352256
153 1 438272 442368
154 1 602112 606208
559 1 495616 499712
461 1 479232 483328
325 1 348160 352256
45 1 151552 155648
325 1 348160 352256
710 1 290816 294912
713 1 454656 458752
713 1 499712 503808
714 1 204800 208896
714 1 258048 262144
710 1 299008 303104
577 2 581632 589824 589824 593920
710 1 176128 180224
710 1 475136 479232
578 1 110592 114688
710 1 237568 241664
710 1 499712 503808
578 1 180224 184320
579 1 135168 139264
710 1 540672 544768
578 1 278528 282624
714 1 270336 274432
710 1 593920 598016
578 1 397312 401408
714 1 282624 286720
711 1 0 4096
711 1 45056 49152
714 1 319488 323584
579 1 180224 184320
711 1 131072 135168
714 1 405504 409600
711 1 286720 290816
579 1 217088 221184
714 1 466944 471040
578 1 540672 544768
711 1 409600 413696
579 1 307200 311296
714 1 495616 499712
578 1 618496 622592
711 1 475136 479232
579 1 389120 393216
714 1 503808 507904
716 1 540672 544768
711 1 569344 573440
579 1 413696 417792
714 1 548864 552960
716 1 573440 577536
579 1 421888 425984
714 1 573440 577536
716 1 614400 618496
711 1 589824 593920
579 1 438272 442368
715 1 212992 217088
716 1 626688 630784
579 1 462848 466944
716 1 638976 643072
712 1 12288 16384
579 1 495616 499712
715 1 266240 270336
579 1 585728 589824
712 1 212992 217088
715 1 348160 352256
717 1 57344 61440
579 1 618496 622592
717 1 131072 135168
712 1 278528 282624
580 1 32768 36864
715 1 598016 602112
717 1 147456 151552
580 1 126976 131072
712 1 368640 372736
716 1 94208 98304
580 1 180224 184320
717 1 159744 163840
580 1 344064 348160
712 1 561152 565248
717 1 200704 204800
716 1 163840 167936
580 1 487424 491520
717 1 258048 262144
713 1 28672 32768
717 1 385024 389120
718 1 20480 24576
580 1 589824 593920
581 1 61440 65536
713 1 184320 188416
581 1 73728 77824
716 1 200704 204800
716 1 348160 352256
716 1 512000 516096
713 1 266240 270336
718 1 45056 49152
913 1 532480 536576
718 1 163840 167936
713 1 294912 303104
718 1 176128 180224
718 1 204800 208896
718 1 212992 217088
713 1 307200 311296
581 1 94208 98304
713 1 344064 348160
581 1 110592 118784
581 1 122880 126976
579 1 12288 16384
581 1 135168 143360
579 1 57344 61440
581 1 159744 163840
579 1 65536 69632
581 1 237568 253952
579 1 77824 86016
579 1 122880 126976
581 1 270336 278528
581 1 286720 290816
581 1 303104 311296
581 1 327680 335872
581 1 364544 385024
581 1 389120 393216
581 1 421888 425984
581 1 430080 434176
581 1 446464 450560
581 1 466944 471040
582 1 331776 339968
582 1 483328 491520
582 1 634880 643072
581 1 507904 516096
583 1 4096 12288
581 1 487424 495616
586 1 65536 81920
581 1 622592 634880
583 1 49152 61440
582 1 8192 16384
583 1 81920 86016
582 1 180224 188416
586 1 524288 536576
587 2 323584 327680 327680 335872
583 1 143360 151552
588 2 122880 131072 131072 135168
583 1 176128 184320
325 1 348160 352256
583 1 192512 196608
583 1 212992 217088
583 1 253952 258048
376 1 450560 454656
945 1 208896 212992
584 1 12288 28672
584 1 466944 483328
585 1 266240 282624
595 1 233472 237568
588 2 581632 589824 589824 593920
589 1 167936 172032
595 1 385024 389120
589 1 176128 180224
595 1 409600 417792
595 1 430080 434176
595 1 450560 458752
589 1 638976 655360
595 1 585728 589824
592 1 36864 53248
590 1 438272 454656
591 1 237568 253952
592 1 495616 507904
593 1 294912 307200
594 1 94208 106496
594 1 352256 356352
594 1 438272 442368
594 1 577536 585728
595 1 73728 81920
325 1 348160 352256
598 1 270336 274432
598 1 319488 323584
595 1 602112 606208
598 1 352256 356352
601 1 548864 552960
595 1 643072 647168
601 1 565248 569344
598 1 466944 471040
596 1 53248 57344
596 1 172032 176128
599 1 24576 28672
596 1 212992 217088
599 1 57344 61440
596 1 278528 282624
599 1 65536 69632
596 1 303104 307200
599 1 139264 143360
596 1 339968 348160
599 1 212992 217088
596 1 430080 434176
599 1 385024 389120
599 1 393216 397312
597 1 155648 159744
599 1 487424 491520
599 1 585728 589824
599 1 638976 643072
600 1 28672 32768
597 1 172032 176128
600 1 114688 118784
597 1 184320 188416
600 1 151552 155648
597 1 208896 212992
600 1 237568 241664
597 1 319488 323584
600 1 266240 270336
601 1 610304 614400
597 1 430080 434176
597 1 442368 446464
601 1 647168 651264
597 1 450560 454656
602 1 36864 40960
597 1 483328 487424
602 1 249856 253952
600 1 331776 335872
600 1 385024 389120
600 1 618496 622592
597 1 491520 495616
598 1 118784 122880
598 1 143360 147456
598 1 204800 208896
600 1 626688 630784
601 1 45056 49152
601 1 98304 102400
429 1 282624 286720
601 1 163840 167936
601 1 282624 286720
601 1 385024 389120
912 1 24576 28672
960 1 397312 401408
325 1 348160 352256
913 1 536576 540672
325 1 348160 352256
1 1 335872 368640
66 1 524288 528384
396 2 53248 65536 65536 69632
396 1 69632 73728
325 1 348160 360448
66 1 532480 544768
75 1 131072 135168
75 1 143360 147456
74 1 262144 274432
75 1 151552 155648
79 1 69632 73728
79 1 81920 86016
75 1 184320 188416
66 1 393216 397312
75 1 200704 208896
571 1 483328 487424
75 1 217088 221184
75 1 311296 315392
66 1 425984 430080
75 1 319488 323584
75 1 401408 405504
75 1 409600 413696
75 1 417792 421888
75 1 425984 430080
76 1 57344 61440
325 1 352256 356352
1 2 364544 393216 393216 397312
396 1 73728 90112
396 1 90112 94208
66 1 393216 397312
66 1 524288 528384
325 1 352256 356352
74 1 262144 274432
75 1 131072 135168
75 1 143360 147456
75 1 151552 155648
75 1 184320 188416
75 1 200704 204800
75 1 212992 217088
75 1 311296 315392
75 1 319488 323584
75 1 401408 405504
75 1 409600 413696
75 1 417792 421888
75 1 425984 430080
76 1 57344 61440
66 1 532480 544768
130 1 409600 413696
79 1 69632 73728
257 1 180224 184320
79 1 81920 86016
66 1 425984 430080
325 1 352256 356352
849 1 110592 114688
30 1 614400 618496
510 1 208896 212992
951 1 221184 225280
1 1 393216 425984
396 1 94208 110592
396 1 110592 114688
938 1 405504 409600
325 1 352256 356352
278 1 188416 196608
342 1 114688 118784
325 1 352256 356352
124 2 557056 589824 589824 593920
396 2 114688 131072 131072 135168
396 1 135168 139264
627 1 196608 204800
325 1 352256 356352
1 1 421888 450560
66 1 393216 397312
396 1 139264 155648
66 1 524288 528384
66 1 532480 544768
74 1 262144 274432
75 1 131072 135168
79 1 69632 73728
75 1 143360 147456
79 1 81920 86016
75 1 151552 155648
75 1 184320 188416
75 1 200704 208896
75 1 212992 217088
75 1 311296 315392
396 1 155648 159744
75 1 319488 323584
75 1 401408 405504
75 1 409600 413696
75 1 417792 421888
75 1 425984 430080
76 1 57344 61440
859 1 622592 626688
1 1 446464 454656
66 1 425984 430080
270 1 454656 458752
270 1 462848 466944
325 1 352256 360448
396 1 159744 176128
396 1 176128 180224
641 1 524288 528384
572 4 0 65536 65536 131072 131072 196608 196608 262144
339 1 106496 114688
325 1 356352 360448
325 1 356352 360448
644 1 348160 352256
90 1 602112 610304
747 1 180224 184320
393 3 110592 131072 131072 196608 196608 221184
418 1 352256 356352
325 1 356352 360448
393 1 221184 225280
439 1 24576 36864
326 1 307200 319488
502 1 610304 655360
503 2 0 65536 65536 81920
833 1 471040 475136
235 1 262144 266240
1 1 450560 458752
396 2 180224 196608 196608 200704
121 1 364544 368640
503 1 81920 86016
124 1 589824 598016
325 1 356352 360448
396 1 200704 204800
396 1 204800 225280
396 1 225280 229376
825 1 335872 339968
124 1 593920 602112
325 1 356352 360448
396 1 229376 249856
803 1 614400 626688
396 1 249856 253952
325 1 356352 360448
325 1 356352 360448
747 1 184320 188416
339 1 114688 118784
1 2 454656 458752 458752 487424
125 1 643072 647168
608 1 344064 348160
396 2 253952 262144 262144 270336
396 1 270336 274432
792 2 49152 65536 65536 77824
777 1 163840 167936
733 1 208896 212992
800 2 32768 65536 65536 98304
777 1 167936 172032
792 1 77824 110592
733 1 212992 217088
325 1 356352 360448
777 1 172032 176128
800 2 98304 131072 131072 167936
792 2 110592 131072 131072 143360
47 1 8192 12288
792 1 143360 176128
733 1 217088 221184
800 2 167936 196608 196608 245760
800 2 245760 262144 262144 311296
517 1 122880 131072
777 1 176128 188416
733 1 221184 233472
325 1 356352 368640
517 1 131072 135168
792 3 176128 196608 196608 262144 262144 266240
800 4 311296 327680 327680 393216 393216 458752 458752 471040
792 1 274432 323584
792 1 327680 331776
325 1 360448 364544
792 1 262144 266240
792 1 327680 331776
325 1 360448 364544
864 2 122880 131072 131072 135168
641 1 524288 528384
575 1 282624 286720
339 1 118784 126976
134 1 122880 131072
223 1 135168 139264
325 1 360448 364544
266 1 438272 442368
901 1 49152 57344
325 1 360448 364544
325 1 360448 364544
906 1 557056 561152
1 1 483328 491520
396 1 274432 290816
396 1 290816 294912
596 1 491520 495616
66 1 524288 528384
75 1 131072 135168
66 1 532480 544768
74 1 262144 274432
75 1 143360 147456
75 1 151552 155648
75 1 184320 188416
79 1 69632 73728
79 1 81920 86016
75 1 200704 208896
66 1 393216 397312
75 1 212992 217088
75 1 311296 315392
75 1 319488 323584
75 1 401408 405504
75 1 409600 413696
75 1 417792 421888
75 1 425984 430080
76 1 57344 61440
325 1 360448 364544
370 1 90112 94208
66 1 425984 430080
325 1 360448 364544
526 1 184320 188416
339 1 126976 131072
45 2 581632 589824 589824 593920
325 1 360448 364544
396 1 294912 315392
325 1 606208 610304
243 1 315392 319488
1 1 487424 495616
325 1 360448 368640
396 1 315392 319488
396 2 319488 327680 327680 335872
396 1 335872 339968
325 1 364544 368640
1 1 491520 524288
325 1 364544 368640
396 1 339968 356352
396 1 356352 360448
1 2 520192 524288 524288 548864
396 1 360448 376832
296 1 430080 434176
396 1 376832 380928
325 1 364544 368640
62 1 372736 376832
325 1 364544 368640
325 1 364544 368640
325 1 364544 376832
151 1 528384 532480
641 1 524288 528384
738 1 364544 368640
325 1 368640 372736
339 1 131072 139264
101 1 32768 36864
693 1 626688 630784
463 1 376832 378368
325 1 368640 372736
915 1 380928 385024
58 1 602112 606208
919 1 294912 299008
325 1 368640 372736
956 1 147456 151552
325 1 368640 376832
532 1 303104 307200
817 1 610304 614400
1 1 544768 552960
325 1 372736 376832
396 2 380928 393216 393216 397312
396 1 397312 401408
325 1 372736 385024
739 1 557056 569344
707 1 253952 258048
451 1 421888 425984
855 1 0 4096
460 1 438272 442368
325 1 376832 380928
739 1 491520 495616
739 1 499712 503808
999 1 208896 210944
325 1 376832 380928
739 1 565248 569344
451 1 421888 425984
739 1 499712 503808
339 1 139264 143360
739 1 565248 569344
325 1 376832 380928
420 1 573440 577536
561 1 499712 503808
45 1 409600 413696
454 1 491520 507904
695 1 376832 380928
392 1 36864 49152
325 1 376832 380928
451 1 335872 339968
392 1 49152 53248
739 1 499712 503808
325 1 376832 380928
739 1 565248 577536
1 1 548864 581632
325 1 376832 385024
396 1 401408 417792
776 1 245760 249856
451 1 516096 524288
396 1 417792 421888
325 1 380928 385024
739 1 507904 516096
739 1 577536 581632
681 1 176128 184320
199 1 151552 159744
325 1 380928 385024
776 1 245760 249856
739 1 512000 516096
695 1 376832 380928
932 1 421888 425984
451 1 335872 339968
478 2 569344 589824 589824 651264
325 1 380928 385024
739 1 577536 581632
478 1 651264 655360
121 1 368640 376832
325 1 380928 385024
325 1 380928 385024
641 1 524288 528384
325 1 380928 385024
608 1 4096 8192
602 1 356352 360448
611 1 204800 208896
611 1 417792 430080
608 1 94208 98304
602 1 417792 421888
325 1 380928 385024
608 1 237568 245760
602 1 491520 495616
608 1 331776 335872
602 1 532480 536576
608 1 598016 602112
604 1 561152 565248
603 1 0 4096
609 1 0 4096
612 1 217088 229376
603 1 8192 16384
609 1 176128 180224
604 1 585728 589824
603 1 139264 143360
609 1 430080 434176
613 1 16384 28672
605 1 45056 49152
609 1 634880 647168
603 1 147456 151552
603 1 155648 159744
610 1 348160 356352
613 1 327680 331776
605 1 176128 180224
603 1 323584 327680
610 1 471040 475136
610 1 503808 507904
603 1 372736 376832
605 1 282624 286720
1 1 577536 585728
613 1 344064 348160
610 1 548864 552960
603 1 462848 466944
610 1 557056 561152
603 1 626688 630784
605 1 339968 344064
613 1 401408 405504
610 1 593920 598016
603 1 647168 651264
605 1 446464 450560
613 1 540672 544768
604 1 77824 81920
611 1 16384 20480
605 1 602112 606208
604 1 151552 155648
611 1 73728 77824
613 1 548864 552960
605 1 626688 630784
604 1 225280 229376
613 1 634880 638976
604 1 376832 380928
606 1 0 4096
614 1 0 8192
606 1 20480 24576
611 1 126976 131072
604 1 507904 512000
606 1 114688 118784
614 1 331776 335872
614 1 40960 49152
614 1 364544 380928
614 1 61440 65536
606 1 40960 45056
614 1 81920 86016
614 2 389120 393216 393216 397312
606 1 122880 126976
614 1 118784 122880
614 1 401408 405504
606 1 139264 143360
614 1 462848 471040
606 1 176128 180224
614 1 495616 507904
396 1 421888 438272
606 1 192512 196608
614 1 544768 548864
606 1 233472 237568
614 1 569344 573440
614 1 585728 589824
606 1 241664 245760
614 1 598016 602112
606 1 274432 278528
614 2 126976 131072 131072 143360
614 1 618496 622592
607 1 16384 20480
614 1 159744 167936
614 1 184320 192512
607 1 45056 49152
614 1 200704 221184
607 1 61440 65536
607 1 81920 86016
607 1 126976 131072
607 1 163840 167936
607 1 176128 180224
607 1 249856 253952
614 1 225280 245760
607 1 319488 323584
607 1 516096 520192
396 1 438272 442368
614 1 626688 630784
615 1 32768 40960
615 1 49152 57344
615 1 61440 65536
615 1 81920 98304
615 1 118784 122880
615 1 135168 139264
615 1 331776 335872
615 1 425984 430080
272 1 8192 53248
615 1 446464 450560
615 1 585728 589824
641 1 409600 413696
641 1 483328 487424
325 1 380928 393216
641 1 499712 503808
641 1 524288 528384
643 1 249856 253952
641 1 647168 651264
643 1 262144 266240
643 1 303104 307200
643 1 311296 315392
684 1 176128 180224
642 1 77824 81920
642 1 143360 147456
642 1 155648 159744
642 1 270336 274432
643 1 335872 339968
642 1 286720 290816
642 1 307200 311296
642 1 405504 413696
642 1 430080 434176
642 1 446464 450560
642 1 458752 462848
642 1 499712 503808
642 1 540672 544768
643 1 77824 81920
272 1 53248 57344
15 1 94208 98304
325 1 385024 389120
396 1 442368 450560
646 1 327680 331776
649 1 458752 462848
649 1 524288 528384
649 1 585728 589824
646 1 389120 393216
649 1 630784 634880
646 1 454656 458752
643 1 466944 471040
646 1 528384 532480
646 1 630784 634880
650 1 77824 81920
647 1 94208 98304
650 1 233472 237568
647 1 106496 110592
643 1 483328 487424
650 1 618496 622592
647 1 184320 188416
643 1 512000 516096
651 1 81920 86016
647 1 253952 258048
643 1 569344 573440
647 1 344064 348160
644 1 106496 110592
647 1 393216 397312
652 1 524288 528384
644 1 270336 274432
651 1 204800 208896
647 1 446464 450560
652 1 581632 585728
644 1 278528 282624
396 1 450560 454656
651 1 241664 245760
644 1 368640 372736
651 1 348160 352256
644 1 417792 421888
651 1 475136 479232
652 1 630784 638976
644 1 434176 442368
651 1 503808 507904
653 1 12288 16384
644 1 458752 462848
651 1 528384 532480
653 1 73728 77824
647 1 458752 462848
644 1 479232 483328
653 1 98304 102400
651 1 552960 557056
644 1 598016 602112
647 1 577536 581632
653 1 143360 151552
645 1 126976 131072
647 1 606208 610304
652 1 8192 16384
653 1 172032 176128
645 1 200704 204800
648 1 8192 12288
648 1 28672 32768
645 1 212992 217088
652 1 73728 77824
645 1 311296 315392
648 1 73728 77824
648 1 94208 98304
652 1 81920 86016
652 1 180224 184320
652 1 376832 380928
648 1 131072 135168
645 1 557056 561152
652 1 438272 442368
646 1 73728 77824
648 1 147456 151552
646 1 106496 110592
648 1 258048 262144
646 2 126976 131072 131072 135168
648 1 270336 274432
648 1 299008 303104
648 1 405504 409600
648 1 442368 446464
459 2 4096 65536 65536 98304
648 1 479232 483328
648 1 544768 548864
648 1 552960 557056
649 1 163840 167936
649 1 335872 339968
649 1 380928 385024
325 1 385024 389120
359 1 155648 163840
66 1 524288 528384
74 1 262144 274432
66 1 532480 544768
75 1 131072 135168
79 1 69632 73728
75 1 143360 147456
79 1 81920 86016
75 1 151552 155648
75 1 184320 188416
75 1 200704 208896
75 1 212992 217088
75 1 311296 315392
75 1 319488 323584
75 1 401408 405504
75 1 409600 413696
459 1 98304 102400
75 1 417792 421888
565 1 487424 491520
706 1 585728 589824
75 1 425984 430080
376 1 348160 352256
325 1 385024 389120
66 1 393216 397312
76 1 57344 61440
66 1 425984 430080
325 1 385024 389120
325 1 385024 389120
1 2 581632 589824 589824 614400
325 1 385024 389120
396 2 454656 458752 458752 471040
339 1 143360 151552
396 1 471040 475136
325 1 385024 389120
325 1 385024 389120
325 1 385024 393216
325 1 389120 393216
938 1 409600 413696
325 1 389120 393216
124 1 598016 622592
325 1 389120 393216
396 1 475136 495616
396 1 495616 499712
105 1 81920 86016
797 1 458752 466944
325 1 389120 393216
461 1 483328 487424
325 1 389120 393216
345 1 634880 638976
878 1 622592 630784
672 1 65536 69632
878 1 638976 643072
325 1 389120 393216
339 1 151552 155648
240 1 155648 159744
217 1 581632 585728
612 2 389120 393216 393216 401408
379 1 184320 188416
240 1 208896 212992
243 1 401408 409600
59 1 167936 172032
570 1 77824 81920
857 1 393216 397312
323 1 155648 159744
495 1 65536 69632
375 1 24576 28672
771 1 626688 630784
772 1 458752 462848
143 1 348160 352256
325 1 155648 159744
325 1 221184 233472
325 1 389120 393216
344 2 389120 393216 393216 409600
8 1 45056 49152
8 1 61440 65536
644 1 544768 548864
767 1 548864 552960
644 1 561152 565248
283 1 159744 163840
610 1 167936 172032
1 1 409600 413696
217 1 520192 524288
217 1 528384 532480
217 1 536576 544768
835 1 344064 348160
278 1 278528 282624
278 1 315392 319488
395 1 102400 106496
555 1 159744 163840
555 1 176128 180224
555 1 196608 200704
555 1 516096 520192
556 1 8192 12288
556 1 16384 20480
556 1 24576 32768
556 1 45056 65536
216 1 4096 8192
216 1 12288 16384
103 1 487424 491520
344 1 409600 413696
572 1 208896 212992
653 2 573440 589824 589824 651264
678 2 425984 458752 458752 475136
325 1 389120 393216
566 1 372736 376832
169 1 393216 397312
585 1 335872 339968
31 1 106496 114688
325 1 389120 393216
846 1 208896 212992
325 2 389120 393216 393216 401408
325 1 393216 397312
45 1 589824 606208
938 1 413696 417792
1 1 610304 618496
396 1 499712 524288
306 1 102400 106496
325 1 393216 397312
396 1 524288 528384
325 1 393216 401408
45 1 602112 622592
396 1 528384 548864
396 1 548864 552960
325 1 397312 401408
733 1 368640 372736
45 1 618496 630784
396 1 552960 573440
396 1 573440 577536
278 1 196608 200704
325 1 397312 409600
124 1 618496 647168
392 1 20480 24576
833 1 393216 397312
396 2 577536 589824 589824 598016
1 1 393216 409600
556 1 389120 393216
832 1 24576 28672
832 1 65536 69632
776 1 327680 331776
833 1 401408 405504
971 1 458752 462848
770 1 393216 397312
776 1 348160 352256
384 1 81920 86016
162 1 204800 208896
612 1 577536 581632
396 1 598016 602112
817 1 397312 401408
46 1 274432 278528
661 1 442368 446464
876 1 540672 544768
154 1 602112 606208
430 1 319488 323584
124 1 643072 655360
125 1 0 8192
706 1 380928 389120
990 1 106496 110592
707 1 139264 147456
984 1 245760 249856
396 1 602112 622592
325 1 401408 405504
396 1 622592 626688
325 1 401408 405504
125 1 4096 32768
396 1 626688 647168
396 1 647168 651264
325 1 401408 405504
1 1 614400 643072
862 1 106496 110592
623 1 81920 86016
121 1 376832 380928
168 1 413696 417792
466 4 53248 65536 65536 131072 131072 196608 196608 229376
396 1 651264 655360
397 1 0 12288
945 1 212992 217088
630 1 417792 421888
397 1 12288 16384
125 1 28672 57344
397 1 16384 36864
466 1 229376 233472
397 1 36864 40960
441 1 385024 389120
1 1 393216 397312
1 1 401408 405504
555 1 196608 200704
555 1 262144 266240
555 1 552960 557056
556 1 389120 393216
644 1 348160 352256
776 1 122880 126976
606 1 393216 397312
777 1 94208 98304
777 1 143360 147456
832 1 24576 28672
474 1 417792 421888
832 1 45056 49152
832 1 61440 65536
155 1 614400 618496
769 1 454656 458752
769 1 524288 528384
842 1 159744 163840
456 1 176128 180224
325 1 401408 405504
155 1 622592 630784
125 2 53248 65536 65536 77824
397 1 40960 61440
397 1 61440 65536
325 1 401408 409600
325 1 405504 409600
355 1 139264 147456
355 1 147456 151552
1 1 638976 655360
2 1 0 16384
325 1 405504 409600
397 1 65536 81920
397 1 81920 86016
2 1 12288 45056
397 1 86016 102400
397 1 102400 106496
239 1 557056 561152
473 1 266240 294912
325 1 405504 409600
473 1 294912 299008
413 2 536576 589824 589824 602112
413 1 602112 655360
414 1 0 12288
125 1 73728 98304
414 2 12288 65536 65536 77824
414 2 77824 131072 131072 143360
414 1 143360 163840
397 1 106496 126976
325 1 405504 417792
397 1 126976 131072
414 1 163840 167936
325 1 409600 413696
296 1 303104 307200
325 1 409600 413696
919 2 389120 393216 393216 401408
492 1 598016 655360
493 1 0 8192
325 1 409600 413696
493 1 8192 12288
629 1 307200 311296
493 1 12288 49152
325 1 409600 413696
493 1 49152 53248
2 2 40960 65536 65536 73728
325 1 409600 417792
397 1 131072 147456
935 1 200704 204800
487 1 471040 475136
397 1 147456 151552
736 1 110592 114688
325 1 413696 417792
2 1 69632 102400
397 1 151552 167936
356 2 65536 131072 131072 139264
397 1 167936 172032
325 1 413696 417792
356 1 139264 143360
596 1 495616 503808
786 1 229376 233472
772 1 507904 520192
913 1 372736 380928
296 1 303104 307200
325 1 413696 417792
45 1 626688 647168
125 1 94208 106496
397 2 172032 196608 196608 200704
397 1 200704 204800
325 1 413696 417792
96 1 393216 397312
325 1 413696 417792
325 1 610304 614400
4 1 204800 208896
356 1 143360 172032
45 1 643072 655360
46 1 0 4096
325 1 413696 417792
397 1 204800 225280
356 1 172032 176128
414 1 262144 294912
414 2 167936 196608 196608 233472
96 1 147456 151552
414 1 233472 262144
2 1 98304 126976
325 1 413696 417792
273 1 24576 28672
414 1 294912 299008
397 1 225280 229376
397 1 229376 245760
46 1 0 16384
520 1 135168 139264
397 1 245760 249856
259 1 126976 131072
325 1 413696 425984
397 2 249856 262144 262144 270336
72 1 417792 421888
1 1 393216 401408
528 1 0 32768
832 1 8192 12288
414 2 299008 327680 327680 360448
832 1 20480 24576
832 1 131072 135168
832 1 176128 180224
397 1 270336 274432
832 1 212992 225280
2 2 122880 131072 131072 180224
325 1 417792 421888
414 1 360448 364544
397 1 274432 290816
477 1 626688 634880
397 1 290816 294912
477 1 634880 638976
46 1 12288 28672
397 1 294912 315392
397 1 315392 319488
780 1 12288 16384
1 1 397312 401408
278 1 294912 299008
325 1 417792 421888
325 1 417792 421888
492 1 475136 479232
414 1 364544 389120
325 1 417792 421888
414 1 389120 393216
46 1 24576 36864
356 2 176128 196608 196608 204800
397 2 319488 327680 327680 339968
325 1 417792 421888
397 1 339968 344064
356 1 204800 208896
374 1 651264 655360
375 1 0 53248
325 1 417792 425984
375 1 53248 57344
659 1 155648 159744
653 1 184320 192512
653 1 212992 217088
662 1 372736 380928
659 1 294912 299008
662 1 450560 454656
659 1 331776 335872
662 1 462848 466944
653 1 245760 249856
656 1 24576 28672
659 1 520192 524288
662 1 479232 483328
653 1 299008 303104
656 1 45056 49152
659 1 634880 638976
662 1 503808 507904
656 1 135168 139264
653 1 372736 376832
660 1 69632 73728
660 1 147456 151552
653 1 446464 450560
656 1 196608 200704
660 1 176128 180224
849 1 110592 114688
653 1 536576 540672
660 1 192512 196608
653 1 552960 557056
660 1 286720 290816
653 1 561152 565248
660 1 356352 360448
656 1 212992 217088
660 1 372736 376832
653 1 630784 634880
660 1 409600 413696
654 1 8192 12288
656 1 233472 237568
660 1 442368 446464
654 1 65536 69632
656 1 258048 262144
660 1 458752 462848
46 1 32768 49152
654 1 204800 208896
660 1 475136 479232
656 1 270336 274432
660 1 487424 491520
654 1 258048 262144
656 1 430080 434176
660 1 524288 532480
654 1 303104 307200
656 1 512000 516096
654 1 319488 323584
656 1 536576 540672
654 1 409600 413696
656 1 581632 585728
654 1 479232 483328
657 1 32768 40960
660 1 540672 544768
657 1 69632 73728
657 1 110592 122880
660 1 548864 557056
657 1 126976 131072
661 1 12288 16384
654 1 540672 544768
661 1 122880 126976
654 1 552960 557056
661 1 143360 147456
654 1 577536 581632
661 1 274432 278528
661 1 376832 380928
661 1 405504 409600
657 1 135168 143360
397 1 344064 364544
661 1 425984 430080
657 1 167936 172032
657 1 200704 204800
661 1 446464 450560
661 1 458752 462848
661 1 512000 516096
654 1 589824 593920
654 1 614400 618496
661 1 524288 528384
654 1 643072 647168
655 1 16384 20480
661 1 532480 536576
655 1 32768 36864
655 1 40960 49152
661 1 614400 618496
655 1 102400 106496
655 1 135168 139264
662 1 32768 36864
655 1 229376 233472
662 1 94208 98304
655 1 249856 253952
657 1 225280 229376
662 1 176128 180224
655 1 299008 303104
657 1 389120 393216
657 1 401408 409600
655 1 401408 405504
657 1 471040 483328
655 1 425984 430080
657 1 495616 499712
325 1 421888 425984
657 1 536576 540672
655 1 524288 532480
657 1 561152 565248
657 1 573440 581632
655 1 602112 606208
657 1 589824 593920
657 1 618496 626688
655 1 614400 618496
397 1 364544 368640
657 1 638976 643072
658 1 40960 45056
658 1 53248 57344
658 1 77824 86016
658 1 98304 102400
658 1 106496 110592
658 1 131072 139264
658 1 176128 180224
658 1 294912 299008
658 1 352256 356352
658 1 405504 409600
658 1 442368 446464
658 1 475136 479232
658 1 540672 544768
523 1 28672 32768
658 1 565248 569344
658 1 585728 589824
658 1 626688 630784
659 1 90112 94208
662 1 524288 528384
662 1 536576 540672
662 1 565248 569344
662 1 602112 606208
662 1 610304 614400
663 1 57344 61440
663 2 126976 131072 131072 135168
663 1 143360 147456
663 1 184320 188416
663 1 196608 200704
663 1 225280 233472
663 1 364544 368640
663 1 425984 430080
663 1 446464 450560
663 1 536576 540672
663 1 589824 598016
339 1 155648 167936
663 1 630784 634880
663 1 647168 651264
664 1 53248 57344
664 1 61440 65536
665 1 393216 397312
665 1 516096 524288
665 1 528384 532480
664 1 73728 77824
664 1 102400 106496
664 1 118784 122880
664 1 245760 253952
664 1 290816 294912
664 1 311296 315392
450 1 143360 147456
637 1 376832 380928
664 1 327680 331776
664 1 356352 360448
664 1 372736 376832
500 1 622592 626688
325 1 421888 425984
664 1 430080 434176
664 1 466944 471040
500 1 634880 643072
665 1 540672 544768
665 1 565248 569344
664 1 524288 528384
665 2 585728 589824 589824 593920
664 1 606208 610304
665 1 602112 606208
664 1 634880 638976
665 1 638976 643072
665 1 647168 651264
666 1 0 4096
666 1 73728 77824
666 1 163840 167936
666 1 172032 180224
2 2 176128 196608 196608 204800
665 1 28672 32768
666 1 208896 212992
665 1 90112 94208
665 1 155648 159744
665 1 253952 258048
666 1 221184 225280
665 1 274432 278528
666 1 344064 348160
665 1 286720 290816
666 1 356352 360448
665 1 303104 307200
502 1 311296 315392
502 1 389120 393216
666 1 389120 393216
666 1 430080 434176
666 1 479232 483328
666 1 520192 524288
666 1 573440 577536
667 1 81920 86016
667 1 110592 114688
501 1 8192 12288
501 1 28672 32768
575 1 286720 294912
397 1 368640 385024
668 1 417792 421888
501 1 106496 110592
755 1 335872 339968
501 1 155648 159744
501 1 176128 180224
501 1 192512 196608
501 1 225280 229376
501 1 245760 249856
501 1 344064 348160
501 1 417792 421888
501 1 442368 446464
501 1 483328 487424
501 1 512000 516096
501 1 606208 610304
502 1 49152 53248
502 1 65536 69632
502 1 77824 81920
325 1 421888 425984
502 1 118784 122880
502 1 135168 139264
502 1 208896 212992
397 1 385024 389120
274 1 536576 540672
325 1 421888 425984
198 1 49152 53248
325 1 421888 425984
207 1 180224 184320
325 1 421888 425984
66 1 393216 397312
859 1 622592 626688
66 1 425984 430080
74 1 262144 274432
75 1 131072 135168
75 1 143360 147456
66 1 524288 528384
75 1 151552 155648
66 1 532480 544768
79 1 69632 73728
75 1 184320 188416
79 1 81920 86016
75 1 200704 212992
75 1 311296 315392
75 1 319488 323584
75 1 401408 405504
75 1 409600 413696
75 1 417792 421888
75 1 425984 430080
76 1 57344 61440
325 1 421888 434176
945 1 217088 221184
356 1 208896 237568
125 1 102400 126976
356 1 237568 241664
397 2 389120 393216 393216 409600
325 1 425984 430080
397 1 409600 413696
325 1 425984 430080
339 1 167936 172032
909 1 16384 24576
679 1 569344 573440
325 1 425984 430080
46 1 45056 61440
397 1 413696 434176
948 1 569344 573440
397 1 434176 438272
325 1 425984 430080
2 1 200704 233472
397 1 438272 454656
325 1 425984 430080
502 1 479232 487424
397 1 454656 458752
306 1 139264 143360
325 1 425984 430080
125 1 122880 131072
777 1 331776 335872
833 1 393216 405504
1 1 393216 409600
162 1 372736 376832
777 1 339968 344064
556 1 389120 393216
261 1 233472 237568
832 1 49152 53248
832 1 65536 69632
397 1 458752 479232
971 1 466944 471040
484 1 548864 552960
651 1 225280 229376
61 1 86016 90112
46 1 299008 303104
154 1 602112 606208
506 1 274432 278528
430 1 315392 319488
317 1 435200 439296
397 1 479232 483328
325 1 425984 430080
317 1 435200 439296
325 1 425984 434176
325 1 430080 434176
277 1 294912 299008
325 1 430080 434176
464 1 249856 253952
257 1 184320 192512
325 1 430080 434176
942 1 57344 61440
46 2 57344 65536 65536 73728
492 1 32768 49152
541 1 475136 491520
397 1 483328 503808
339 1 172032 180224
397 1 503808 507904
819 1 49152 53248
339 1 180224 184320
425 1 12288 24576
325 1 430080 434176
425 1 24576 28672
325 1 430080 434176
2 1 229376 262144
397 1 507904 524288
325 1 430080 434176
397 1 524288 528384
24 1 520192 524288
977 1 544768 548864
662 1 393216 397312
662 1 499712 503808
663 1 159744 163840
868 1 507904 512000
707 1 135168 139264
664 1 126976 131072
707 1 196608 200704
666 1 466944 471040
397 1 528384 536576
325 1 430080 434176
129 1 217088 221184
667 1 45056 49152
708 1 466944 471040
710 1 286720 290816
984 1 4096 8192
984 1 69632 73728
990 1 135168 147456
761 1 548864 552960
984 1 368640 372736
984 1 544768 548864
990 1 172032 176128
36 1 98304 102400
36 1 491520 495616
921 1 544768 548864
126 1 389120 393216
397 1 536576 540672
325 1 430080 434176
325 1 430080 442368
973 1 528384 532480
720 1 516096 520192
759 1 634880 638976
60 1 8192 12288
325 1 434176 438272
1 1 393216 401408
339 1 225280 229376
1 1 405504 409600
1 1 413696 438272
1 1 466944 471040
284 1 0 4096
1 1 495616 507904
278 1 331776 335872
278 1 421888 425984
406 1 393216 401408
406 1 401408 405504
139 1 200704 258048
139 1 258048 262144
325 1 434176 438272
421 1 77824 81920
576 1 569344 573440
325 1 434176 438272
205 1 450560 454656
909 1 36864 40960
163 1 73728 77824
325 1 434176 438272
629 1 311296 315392
325 1 434176 438272
325 1 434176 438272
429 1 225280 229376
341 1 532480 536576
1 1 393216 397312
1 1 401408 405504
216 1 65536 69632
227 1 471040 475136
276 1 159744 163840
218 1 421888 425984
46 1 282624 286720
218 1 430080 434176
49 1 458752 462848
46 1 294912 299008
879 1 548864 557056
933 1 299008 303104
46 1 327680 331776
46 1 405504 413696
881 1 360448 364544
97 1 593920 598016
876 1 528384 532480
876 1 589824 593920
325 1 434176 438272
871 1 483328 487424
109 1 507904 512000
325 1 434176 438272
375 1 90112 94208
960 1 409600 413696
319 1 507904 512000
403 1 409600 454656
403 1 454656 458752
325 1 434176 442368
125 2 126976 131072 131072 139264
397 1 540672 561152
397 1 561152 565248
325 1 438272 442368
325 1 438272 442368
760 1 352256 356352
325 1 438272 442368
387 1 598016 606208
325 1 438272 442368
387 1 606208 610304
325 1 438272 442368
325 1 438272 442368
278 1 200704 208896
468 3 245760 262144 262144 327680 327680 389120
468 1 389120 393216
383 1 4096 8192
113 1 647168 655360
2 2 258048 262144 262144 286720
397 1 565248 581632
397 1 581632 585728
325 1 438272 442368
325 1 438272 442368
461 1 487424 495616
66 1 393216 397312
66 1 524288 528384
66 1 532480 544768
79 1 69632 73728
75 1 131072 135168
74 1 262144 274432
79 1 81920 86016
75 1 143360 147456
75 1 151552 155648
75 1 184320 188416
75 1 200704 208896
75 1 212992 217088
75 1 311296 315392
75 1 319488 323584
75 1 401408 405504
75 1 409600 413696
75 1 417792 421888
75 1 425984 430080
76 1 57344 61440
66 1 425984 430080
556 1 401408 405504
1 1 393216 401408
8 1 327680 331776
1 1 409600 413696
1 1 610304 614400
8 1 393216 397312
878 1 131072 135168
207 1 155648 159744
59 1 524288 528384
153 1 397312 401408
153 1 458752 462848
154 1 557056 561152
154 1 638976 643072
125 1 135168 147456
397 2 585728 589824 589824 606208
397 1 606208 610304
75 1 253952 258048
832 1 36864 40960
832 1 53248 57344
325 1 438272 442368
875 1 360448 372736
833 1 389120 393216
60 1 638976 643072
769 1 458752 466944
833 1 393216 397312
776 1 311296 319488
769 1 528384 532480
773 1 253952 258048
773 1 303104 307200
776 1 327680 335872
770 1 397312 401408
773 1 311296 315392
777 1 81920 86016
770 1 409600 413696
770 1 417792 425984
777 1 90112 94208
773 1 352256 356352
46 1 311296 315392
823 1 573440 581632
480 1 98304 102400
879 1 393216 397312
953 1 229376 237568
325 1 438272 442368
2 1 282624 311296
397 1 610304 626688
671 1 573440 577536
596 1 503808 507904
206 1 294912 299008
397 1 626688 630784
983 1 249856 258048
2 2 307200 327680 327680 339968
397 1 630784 647168
397 1 647168 651264
353 1 319488 323584
325 1 438272 450560
325 1 442368 446464
777 1 327680 331776
725 2 131072 196608 196608 249856
391 2 16384 65536 65536 86016
739 1 491520 499712
425 1 634880 655360
426 1 0 49152
391 1 86016 90112
739 1 561152 565248
426 1 49152 53248
739 1 495616 503808
325 1 442368 446464
268 1 532480 536576
476 1 561152 569344
552 1 548864 577536
390 1 483328 503808
268 1 536576 540672
386 1 221184 262144
552 2 577536 589824 589824 610304
559 2 303104 327680 327680 360448
467 1 335872 339968
386 1 262144 315392
23 2 176128 196608 196608 200704
552 1 610304 634880
390 2 503808 524288 524288 532480
559 2 360448 393216 393216 430080
476 1 569344 573440
268 1 540672 548864
559 2 430080 458752 458752 491520
386 2 315392 327680 327680 372736
552 1 634880 655360
553 1 0 12288
559 2 491520 524288 524288 557056
390 1 532480 569344
386 2 372736 393216 393216 430080
390 2 569344 589824 589824 598016
476 1 573440 581632
739 1 565248 569344
553 1 12288 57344
559 1 557056 573440
559 2 577536 589824 589824 610304
553 2 61440 65536 65536 110592
386 2 430080 458752 458752 503808
553 1 114688 131072
325 1 442368 446464
390 1 598016 643072
773 1 282624 286720
553 1 53248 57344
397 1 651264 655360
398 1 0 4096
398 1 4096 8192
739 1 499712 512000
2 1 335872 368640
398 1 8192 24576
398 1 24576 28672
1 1 393216 405504
1 1 409600 413696
495 1 98304 102400
552 1 569344 573440
97 1 81920 86016
495 1 126976 131072
708 1 303104 307200
832 1 135168 139264
495 1 159744 163840
152 1 12288 16384
939 1 196608 200704
495 1 454656 458752
939 1 262144 266240
83 1 425984 430080
940 1 73728 77824
990 1 393216 397312
492 1 528384 532480
492 1 589824 593920
493 1 12288 16384
46 1 266240 270336
46 1 417792 421888
764 1 499712 503808
28 1 528384 532480
28 1 589824 593920
29 1 20480 40960
29 2 258048 262144 262144 270336
29 1 274432 278528
29 1 409600 413696
29 1 462848 466944
29 1 544768 548864
305 1 561152 565248
305 1 589824 593920
305 1 643072 647168
249 1 217088 221184
325 1 442368 446464
817 1 360448 368640
817 1 372736 376832
605 1 626688 630784
923 1 413696 417792
990 1 548864 552960
990 1 610304 614400
789 1 348160 352256
824 1 339968 344064
1 1 393216 397312
1 1 421888 425984
330 1 516096 520192
921 1 450560 454656
325 1 442368 446464
505 1 417792 421888
508 2 524288 589824 589824 622592
502 1 462848 466944
505 1 450560 454656
505 1 499712 503808
502 1 557056 561152
503 1 24576 28672
505 1 516096 520192
503 1 53248 57344
505 1 532480 536576
505 1 552960 557056
505 1 569344 577536
503 1 69632 73728
505 1 581632 589824
503 1 77824 81920
506 1 212992 217088
503 1 90112 94208
503 1 139264 143360
506 1 225280 229376
503 1 200704 204800
506 1 278528 282624
574 4 45056 65536 65536 131072 131072 196608 196608 200704
503 1 258048 262144
503 1 278528 286720
506 1 311296 315392
503 1 299008 303104
506 1 430080 434176
503 1 344064 348160
506 1 462848 466944
503 1 471040 475136
506 1 487424 491520
503 1 548864 552960
506 1 520192 524288
503 1 557056 561152
506 1 569344 577536
503 1 618496 622592
504 1 8192 12288
506 1 622592 626688
507 1 28672 32768
504 1 24576 28672
504 1 176128 180224
504 1 221184 225280
504 1 229376 233472
507 1 65536 69632
507 1 81920 86016
507 1 135168 139264
507 1 151552 155648
507 1 217088 221184
507 1 344064 348160
507 1 397312 401408
458 1 335872 339968
504 1 274432 282624
504 1 331776 335872
504 1 409600 413696
504 1 417792 421888
969 1 348160 352256
504 1 466944 471040
504 1 475136 479232
504 1 487424 491520
504 1 520192 524288
504 1 565248 569344
505 1 40960 45056
505 1 49152 53248
505 1 114688 118784
505 1 159744 163840
505 1 262144 266240
505 1 290816 294912
337 1 499712 507904
324 1 397312 401408
449 1 20480 24576
505 1 331776 335872
155 2 315392 327680 327680 331776
507 4 446464 458752 458752 524288 524288 589824 589824 655360
508 5 0 65536 65536 131072 131072 196608 196608 262144 262144 307200
66 1 524288 528384
341 1 184320 192512
75 1 131072 135168
508 4 307200 327680 327680 393216 393216 458752 458752 524288
75 1 143360 147456
74 1 262144 274432
75 1 151552 155648
66 1 532480 544768
79 1 69632 73728
75 1 184320 188416
75 1 200704 204800
79 1 81920 86016
75 1 208896 217088
75 1 311296 315392
125 1 143360 159744
75 1 319488 323584
75 1 401408 405504
75 1 409600 413696
75 1 417792 421888
75 1 425984 430080
341 1 192512 196608
76 1 57344 61440
398 1 28672 49152
66 1 393216 397312
66 1 425984 430080
398 1 49152 53248
325 1 442368 446464
442 1 565248 569344
865 1 577536 589824
325 1 442368 446464
125 1 155648 172032
398 2 53248 65536 65536 73728
398 1 73728 77824
985 1 581632 585728
2 1 364544 393216
325 1 442368 446464
334 1 208896 212992
66 1 393216 397312
398 1 77824 94208
66 1 524288 528384
75 1 131072 135168
75 1 143360 147456
75 1 151552 155648
74 1 262144 274432
66 1 532480 544768
75 1 184320 188416
79 1 69632 73728
79 1 81920 86016
75 1 200704 204800
75 1 208896 212992
75 1 311296 315392
75 1 319488 323584
75 1 401408 405504
75 1 409600 413696
398 1 94208 98304
75 1 417792 421888
75 1 425984 430080
76 1 57344 61440
66 1 425984 430080
822 1 446464 450560
416 1 65536 77824
586 1 147456 151552
371 1 61440 65536
305 1 270336 274432
706 1 385024 389120
406 1 372736 376832
830 1 450560 454656
196 1 331776 339968
254 1 647168 651264
325 1 442368 446464
429 1 385024 393216
256 1 409600 413696
807 1 335872 339968
429 1 393216 397312
338 3 520192 524288 524288 589824 589824 593920
764 1 466944 471040
87 1 458752 462848
188 1 290816 294912
680 1 122880 126976
46 1 69632 86016
338 1 593920 598016
398 1 98304 118784
398 1 118784 122880
636 1 524288 528384
781 1 69632 73728
416 1 544768 557056
836 1 241664 245760
109 1 438272 442368
364 1 253952 262144
128 1 331776 335872
385 1 524288 528384
771 1 335872 344064
364 1 270336 274432
46 1 413696 417792
796 2 299008 327680 327680 364544
653 1 483328 487424
600 1 4096 8192
807 1 229376 233472
600 1 65536 69632
600 1 151552 155648
600 1 233472 237568
600 1 266240 270336
600 1 290816 294912
600 1 303104 307200
600 1 311296 315392
805 1 364544 368640
464 1 442368 446464
796 1 364544 368640
125 1 167936 196608
398 2 122880 131072 131072 143360
325 1 442368 446464
398 1 143360 147456
995 1 311296 315392
862 1 106496 110592
47 1 163840 167936
61 2 323584 327680 327680 331776
305 1 274432 282624
325 1 614400 618496
243 1 315392 323584
60 1 12288 16384
350 1 372736 376832
338 1 598016 634880
125 2 192512 196608 196608 200704
345 1 475136 483328
398 1 147456 167936
398 1 167936 172032
338 1 634880 638976
325 1 442368 446464
865 1 139264 143360
89 2 565248 589824 589824 618496
89 1 618496 622592
263 1 286720 294912
741 3 57344 65536 65536 131072 131072 151552
739 1 491520 495616
739 1 483328 487424
66 1 393216 397312
66 1 524288 528384
325 1 442368 450560
75 1 131072 135168
75 1 143360 147456
74 1 262144 274432
75 1 151552 155648
66 1 532480 544768
79 1 69632 73728
75 1 184320 188416
79 1 81920 86016
75 1 200704 204800
75 1 208896 212992
75 1 311296 315392
75 1 319488 323584
75 1 401408 405504
75 1 409600 413696
75 1 417792 421888
75 1 425984 430080
76 1 57344 61440
325 1 446464 450560
66 1 425984 430080
66 1 524288 528384
74 1 262144 274432
75 1 131072 135168
66 1 532480 544768
75 1 143360 147456
75 1 151552 155648
75 1 184320 188416
79 1 69632 73728
75 1 200704 208896
79 1 81920 86016
66 1 393216 397312
75 1 212992 217088
75 1 311296 315392
75 1 319488 323584
75 1 401408 405504
75 1 409600 413696
75 1 417792 421888
75 1 425984 430080
76 1 57344 61440
66 1 425984 430080
387 1 163840 167936
846 1 16384 20480
384 1 495616 499712
624 1 57344 61440
2 2 389120 393216 393216 417792
325 1 446464 450560
398 1 172032 188416
327 1 45056 53248
398 1 188416 192512
327 1 53248 57344
44 1 102400 106496
2 1 413696 446464
398 2 192512 196608 196608 208896
125 1 196608 208896
66 1 524288 528384
66 1 532480 544768
398 1 208896 212992
74 1 262144 266240
79 1 69632 73728
66 1 393216 397312
79 1 81920 86016
75 1 131072 135168
75 1 143360 147456
75 1 151552 155648
74 1 266240 274432
75 1 184320 188416
398 1 212992 233472
75 1 200704 208896
75 1 212992 217088
75 1 311296 315392
75 1 319488 323584
75 1 401408 405504
75 1 409600 413696
75 1 417792 421888
75 1 425984 430080
66 1 425984 430080
76 1 57344 61440
121 1 380928 385024
398 1 233472 237568
769 1 335872 344064
556 1 401408 405504
325 1 446464 450560
701 1 540672 552960
406 1 585728 589824
377 3 118784 131072 131072 196608 196608 221184
125 1 204800 221184
398 1 237568 258048
377 1 221184 225280
398 1 258048 262144
227 1 409600 413696
938 1 417792 421888
437 1 352256 380928
745 1 233472 237568
440 1 380928 385024
437 1 380928 385024
257 1 192512 196608
46 1 81920 102400
985 1 585728 589824
398 1 262144 282624
398 1 282624 286720
200 1 282624 286720
325 1 446464 450560
2 1 442368 450560
398 1 286720 303104
398 1 303104 307200
534 1 471040 475136
274 1 540672 544768
527 1 606208 610304
900 1 626688 655360
901 2 0 65536 65536 98304
512 1 323584 327680
901 1 98304 102400
856 1 491520 495616
163 1 73728 77824
856 1 491520 495616
909 1 40960 45056
273 2 512000 524288 524288 565248
725 1 487424 491520
222 1 630784 634880
376 1 450560 454656
273 1 565248 569344
887 1 349184 357888
46 1 98304 114688
1 1 405504 409600
555 1 155648 159744
585 1 335872 339968
170 1 36864 45056
556 1 389120 393216
990 1 483328 487424
833 1 389120 393216
398 1 307200 327680
432 1 28672 32768
833 1 397312 401408
776 1 131072 135168
773 1 303104 307200
273 1 24576 28672
773 1 311296 315392
154 1 602112 606208
398 1 327680 331776
879 1 585728 589824
430 1 294912 299008
259 1 622592 626688
125 1 217088 229376
398 1 331776 352256
96 1 147456 151552
398 1 352256 356352
419 1 217088 221184
506 1 53248 57344
370 2 270336 327680 327680 352256
125 1 225280 253952
994 1 483328 487424
847 1 65536 69632
398 1 356352 376832
847 1 323584 327680
848 1 65536 69632
976 1 249856 253952
848 1 135168 139264
848 1 159744 163840
848 1 188416 192512
848 1 348160 352256
848 1 401408 405504
848 1 503808 507904
848 1 536576 540672
848 1 552960 557056
848 1 573440 577536
46 1 110592 126976
849 1 53248 57344
849 1 65536 69632
604 1 49152 53248
849 1 159744 163840
851 1 339968 344064
851 1 581632 589824
851 1 618496 622592
849 1 192512 196608
854 1 540672 544768
850 1 393216 401408
852 2 438272 458752 458752 471040
61 1 372736 376832
55 1 376832 380928
555 1 151552 155648
165 1 278528 286720
398 1 376832 380928
343 1 569344 573440
547 1 540672 544768
348 1 466944 471040
556 1 360448 364544
559 1 290816 294912
550 1 200704 204800
349 1 323584 327680
550 1 491520 495616
550 1 643072 647168
568 1 114688 118784
349 1 335872 339968
551 1 413696 417792
562 1 98304 102400
552 1 327680 331776
568 1 282624 286720
563 1 229376 233472
563 1 278528 282624
553 1 634880 643072
563 1 331776 335872
564 1 524288 528384
563 1 380928 385024
565 1 200704 204800
563 1 434176 438272
565 1 327680 331776
563 1 483328 487424
565 1 442368 446464
563 1 532480 536576
566 1 12288 16384
563 1 585728 589824
566 1 487424 491520
398 2 380928 393216 393216 401408
567 1 237568 241664
564 1 135168 139264
567 1 397312 401408
564 1 188416 192512
567 1 614400 618496
650 1 49152 53248
564 1 237568 241664
570 2 389120 393216 393216 397312
687 1 409600 413696
776 1 475136 479232
564 1 307200 311296
596 1 520192 524288
658 1 647168 651264
656 1 208896 212992
727 1 397312 401408
682 1 102400 106496
683 1 286720 290816
738 1 602112 606208
771 1 585728 589824
652 1 102400 106496
867 1 516096 520192
654 1 155648 159744
772 1 225280 229376
685 1 356352 360448
679 1 512000 516096
774 1 413696 417792
731 1 446464 450560
729 1 450560 454656
734 1 274432 278528
732 1 69632 73728
736 1 425984 430080
733 1 626688 630784
877 1 143360 163840
734 1 122880 126976
370 1 352256 356352
398 1 401408 405504
901 2 102400 131072 131072 196608
874 1 32768 36864
901 1 196608 200704
736 2 516096 524288 524288 561152
208 1 16384 20480
46 2 122880 131072 131072 135168
628 1 258048 262144
398 1 405504 425984
736 1 561152 565248
398 1 425984 430080
994 1 483328 487424
125 2 249856 262144 262144 278528
736 1 565248 573440
518 1 233472 245760
398 1 430080 450560
606 1 442368 450560
736 1 573440 577536
398 1 450560 454656
994 1 483328 487424
125 1 274432 286720
314 1 327680 331776
736 1 577536 585728
398 2 454656 458752 458752 475136
398 1 475136 479232
982 1 430080 434176
624 1 114688 118784
327 2 192512 196608 196608 225280
2 1 446464 454656
327 1 225280 229376
398 1 479232 495616
398 1 495616 499712
560 1 167936 176128
901 1 200704 253952
901 1 253952 258048
635 1 348160 352256
736 1 585728 589824
467 1 647168 655360
468 2 0 65536 65536 126976
882 1 376832 380928
637 1 8192 12288
635 1 348160 352256
365 2 581632 589824 589824 602112
885 1 536576 540672
596 1 507904 512000
986 1 507904 516096
365 1 602112 606208
468 1 126976 131072
125 1 282624 290816
398 1 499712 520192
625 1 294912 299008
575 1 294912 303104
539 1 434176 442368
22 1 573440 577536
576 1 380928 385024
398 1 520192 524288
528 1 376832 389120
137 1 151552 167936
779 1 479232 487424
779 1 483328 487424
403 2 438272 458752 458752 471040
403 1 471040 475136
541 1 581632 585728
544 3 0 65536 65536 131072 131072 167936
541 2 585728 589824 589824 655360
542 7 0 65536 65536 131072 131072 196608 196608 262144 262144 327680 327680 393216 393216 446464
544 8 167936 196608 196608 262144 262144 327680 327680 393216 393216 458752 458752 524288 524288 589824 589824 655360
545 1 0 28672
542 4 446464 458752 458752 524288 524288 589824 589824 655360
543 5 0 65536 65536 131072 131072 196608 196608 262144 262144 307200
545 5 28672 65536 65536 131072 131072 196608 196608 262144 262144 323584
543 6 307200 327680 327680 393216 393216 458752 458752 524288 524288 589824 589824 655360
526 1 184320 188416
125 1 286720 311296
398 1 524288 544768
398 1 544768 548864
258 1 462848 487424
429 1 282624 286720
821 1 36864 40960
923 1 194048 195584
744 1 577536 581632
384 1 294912 299008
60 1 319488 323584
910 1 110592 122880
923 2 195584 196608 196608 197632
639 1 421888 425984
639 1 430080 434176
2 2 450560 458752 458752 483328
398 1 548864 565248
325 1 618496 622592
398 1 565248 569344
125 1 307200 319488
398 1 569344 589824
398 1 589824 593920
924 1 405504 413696
398 1 593920 614400
398 1 614400 618496
46 1 131072 147456
398 1 618496 638976
398 1 638976 643072
125 1 315392 327680
398 1 643072 655360
399 1 0 8192
399 1 8192 12288
277 1 110592 114688
693 1 626688 630784
125 2 323584 327680 327680 348160
399 1 12288 32768
399 1 32768 36864
938 1 421888 425984
125 1 344064 352256
399 1 36864 57344
399 1 57344 61440
125 1 348160 360448
668 1 208896 212992
72 1 303104 307200
399 2 61440 65536 65536 81920
399 1 81920 86016
866 1 200704 208896
931 1 241664 245760
75 1 131072 135168
931 1 294912 299008
74 1 262144 274432
75 1 143360 147456
931 1 327680 331776
66 1 524288 528384
75 1 151552 155648
66 1 532480 544768
931 1 380928 385024
79 1 69632 73728
75 1 184320 188416
931 1 393216 397312
79 1 81920 86016
75 1 200704 204800
931 1 450560 454656
75 1 208896 217088
931 1 495616 507904
932 1 557056 561152
75 1 311296 315392
931 1 593920 598016
932 1 569344 577536
75 1 319488 323584
932 1 643072 647168
931 1 614400 618496
75 1 401408 405504
932 1 57344 61440
933 1 65536 69632
75 1 409600 413696
932 1 73728 77824
75 1 417792 421888
933 1 90112 94208
75 1 425984 430080
932 1 90112 94208
933 1 98304 102400
76 1 57344 61440
933 1 106496 110592
933 1 131072 135168
932 1 102400 110592
933 1 233472 237568
932 1 114688 118784
933 1 303104 307200
932 1 131072 135168
933 1 364544 368640
932 1 184320 188416
488 1 196608 200704
932 1 249856 253952
932 1 307200 311296
933 1 401408 409600
932 1 376832 380928
933 1 425984 430080
932 2 385024 393216 393216 397312
933 1 462848 471040
933 1 495616 499712
66 1 393216 397312
933 1 524288 528384
1 1 397312 405504
933 1 540672 544768
556 1 389120 393216
932 1 401408 405504
933 1 622592 626688
932 1 495616 499712
932 1 520192 524288
711 1 454656 458752
989 1 405504 409600
748 1 471040 475136
901 1 69632 73728
933 1 651264 655360
936 1 0 4096
701 1 229376 233472
934 1 4096 12288
901 1 192512 196608
702 1 77824 81920
936 1 45056 49152
934 1 16384 20480
751 1 528384 532480
894 1 167936 172032
936 1 143360 147456
934 1 69632 73728
901 1 241664 245760
934 1 77824 81920
901 1 290816 294912
901 1 405504 409600
934 1 90112 94208
936 1 159744 163840
902 1 90112 94208
934 1 217088 221184
902 1 507904 512000
934 1 245760 249856
936 1 176128 180224
936 1 204800 208896
957 1 212992 217088
74 1 262144 274432
66 1 425984 430080
649 1 339968 344064
708 1 40960 45056
936 1 225280 229376
75 1 131072 135168
659 1 618496 622592
66 1 524288 528384
965 1 94208 98304
990 1 581632 585728
832 1 32768 36864
936 1 245760 249856
700 1 409600 413696
75 1 143360 147456
934 1 372736 376832
75 1 151552 155648
936 1 262144 266240
485 1 0 4096
833 1 393216 397312
66 1 532480 544768
75 1 184320 188416
936 1 311296 315392
968 1 344064 348160
969 1 12288 16384
79 1 69632 73728
75 1 200704 204800
995 1 479232 483328
79 1 81920 86016
934 1 413696 417792
75 1 208896 212992
936 1 364544 368640
75 1 311296 315392
934 1 442368 446464
75 1 319488 323584
934 1 462848 466944
936 1 471040 475136
75 1 401408 405504
934 1 503808 507904
773 1 327680 331776
75 1 409600 413696
934 1 643072 647168
664 1 413696 417792
935 1 94208 98304
935 1 102400 106496
75 1 417792 421888
936 2 581632 589824 589824 614400
935 1 118784 122880
935 1 151552 155648
75 1 425984 430080
485 1 638976 643072
265 1 442368 446464
76 1 57344 61440
936 1 643072 655360
769 1 450560 454656
776 1 327680 331776
745 1 331776 335872
46 1 278528 282624
745 1 348160 352256
746 1 339968 344064
935 1 172032 176128
898 1 548864 552960
46 1 286720 290816
899 1 516096 520192
46 1 294912 299008
600 1 0 4096
935 1 184320 188416
652 1 159744 163840
935 1 307200 311296
935 1 339968 344064
153 1 450560 454656
899 1 634880 638976
935 1 385024 389120
935 1 454656 458752
935 1 512000 516096
703 1 360448 364544
703 1 557056 561152
937 1 110592 114688
654 1 368640 372736
958 1 520192 524288
704 1 462848 471040
704 1 483328 487424
962 1 53248 57344
963 1 565248 569344
964 1 503808 507904
701 1 618496 622592
0 1 36864 40960
0 1 364544 368640
959 1 225280 233472
0 1 405504 409600
959 1 573440 577536
960 1 208896 212992
960 1 364544 368640
961 1 163840 167936
997 1 57344 61440
997 1 212992 217088
998 1 221184 225280
998 1 270336 274432
998 1 339968 344064
998 1 389120 393216
162 1 430080 434176
998 1 438272 442368
439 1 212992 221184
998 1 491520 495616
0 1 471040 475136
3 1 274432 278528
1 1 36864 40960
998 1 540672 544768
3 1 425984 430080
9 1 81920 90112
6 1 217088 221184
1 1 385024 389120
998 1 589824 593920
2 1 12288 16384
16 1 356352 360448
998 1 643072 647168
2 1 393216 397312
17 1 77824 86016
999 1 36864 40960
17 1 172032 176128
999 1 253952 258048
2 1 544768 548864
149 1 159744 167936
999 1 303104 307200
161 1 61440 65536
19 1 106496 110592
999 1 356352 360448
3 1 49152 53248
999 1 425984 430080
158 1 126976 131072
417 1 475136 479232
999 1 483328 487424
9 1 462848 471040
12 1 544768 548864
13 1 241664 245760
14 1 155648 159744
15 1 266240 274432
15 1 311296 315392
15 1 323584 327680
155 1 323584 327680
10 1 376832 380928
151 1 217088 221184
153 1 270336 274432
421 1 163840 167936
421 1 430080 434176
66 1 393216 397312
66 1 425984 430080
422 1 94208 98304
424 1 331776 335872
425 1 548864 552960
427 1 626688 630784
430 1 24576 28672
721 1 536576 540672
723 1 614400 622592
738 1 540672 544768
425 1 143360 147456
716 1 299008 303104
719 1 192512 196608
740 1 593920 598016
719 1 331776 335872
743 1 40960 45056
747 1 204800 208896
747 1 573440 577536
743 1 319488 323584
848 1 573440 577536
672 1 524288 528384
744 1 176128 180224
749 1 118784 122880
843 1 57344 61440
849 1 212992 217088
843 1 303104 307200
840 1 364544 368640
744 1 438272 442368
849 1 294912 299008
745 1 81920 86016
844 1 331776 335872
850 1 40960 45056
745 1 233472 237568
850 1 229376 233472
745 1 385024 389120
844 1 462848 466944
850 1 266240 315392
653 1 40960 49152
66 1 393216 397312
948 1 163840 167936
847 1 606208 610304
75 1 131072 135168
75 1 143360 147456
602 1 540672 544768
75 1 151552 155648
602 1 548864 552960
602 1 557056 561152
75 1 184320 188416
74 1 262144 274432
75 1 200704 204800
66 1 425984 430080
0 1 114688 118784
75 1 208896 217088
66 1 524288 528384
75 1 311296 315392
75 1 319488 323584
945 1 221184 225280
75 1 401408 405504
75 1 409600 413696
66 1 532480 544768
75 1 417792 421888
79 1 69632 73728
79 1 81920 86016
874 1 610304 614400
75 1 425984 430080
76 1 57344 61440
560 1 266240 270336
629 1 311296 315392
247 2 319488 327680 327680 331776
526 3 57344 65536 65536 131072 131072 155648
247 1 331776 335872
526 2 155648 196608 196608 221184
124 2 393216 458752 458752 462848
533 4 282624 327680 327680 393216 393216 458752 458752 507904
454 1 507904 524288
454 1 528384 557056
454 1 573440 577536
533 3 507904 524288 524288 589824 589824 655360
534 1 0 4096
454 1 557056 573440
454 1 577536 585728
454 1 638976 643072
454 1 581632 585728
80 1 471040 475136
66 1 393216 397312
66 1 524288 528384
74 1 262144 274432
75 1 131072 135168
66 1 532480 544768
75 1 143360 147456
75 1 151552 155648
79 1 69632 73728
75 1 184320 188416
79 1 81920 86016
75 1 200704 208896
75 1 217088 221184
75 1 311296 315392
75 1 319488 323584
75 1 401408 405504
75 1 409600 413696
75 1 417792 421888
75 1 425984 430080
76 1 57344 61440
66 1 425984 430080
862 1 106496 110592
121 1 385024 393216
66 1 524288 528384
66 1 532480 544768
75 1 131072 135168
75 1 143360 147456
75 1 151552 155648
74 1 262144 274432
75 1 184320 188416
75 1 200704 204800
75 1 208896 217088
79 1 69632 73728
75 1 311296 315392
75 1 319488 323584
79 1 81920 86016
75 1 401408 405504
75 1 409600 413696
75 1 417792 421888
75 1 425984 430080
76 1 57344 61440
66 1 393216 397312
66 1 425984 430080
325 1 446464 450560
257 1 196608 204800
124 2 524288 589824 589824 610304
535 1 40960 61440
594 1 516096 520192
124 7 94208 131072 131072 196608 196608 262144 262144 327680 327680 393216 393216 458752 458752 524288
412 1 0 4096
124 1 610304 655360
125 8 0 65536 65536 131072 131072 196608 196608 262144 262144 327680 327680 393216 393216 458752 458752 471040
128 8 0 65536 65536 131072 131072 196608 196608 262144 262144 327680 327680 393216 393216 458752 458752 499712
131 8 131072 196608 196608 262144 262144 327680 327680 393216 393216 458752 458752 524288 524288 589824 589824 598016
431 2 126976 131072 131072 143360
134 6 262144 327680 327680 393216 393216 458752 458752 524288 524288 589824 589824 655360
135 1 0 40960
46 1 143360 159744
125 1 356352 364544
125 3 471040 524288 524288 589824 589824 655360
126 4 0 65536 65536 131072 131072 196608 196608 262144
128 3 499712 524288 524288 589824 589824 655360
129 6 0 65536 65536 131072 131072 196608 196608 262144 262144 327680 327680 360448
431 1 143360 147456
399 1 86016 114688
607 1 98304 102400
622 1 102400 106496
131 1 598016 655360
132 7 0 65536 65536 131072 131072 196608 196608 262144 262144 327680 327680 393216 393216 458752
135 9 40960 65536 65536 131072 131072 196608 196608 262144 262144 327680 327680 393216 393216 458752 458752 524288 524288 557056
399 1 114688 118784
126 6 262144 327680 327680 393216 393216 458752 458752 524288 524288 589824 589824 655360
127 2 0 65536 65536 122880
325 1 446464 450560
129 5 360448 393216 393216 458752 458752 524288 524288 589824 589824 655360
130 4 0 65536 65536 131072 131072 196608 196608 221184
132 3 458752 524288 524288 589824 589824 655360
133 5 0 65536 65536 131072 131072 196608 196608 262144 262144 319488
135 2 557056 589824 589824 655360
136 7 0 65536 65536 131072 131072 196608 196608 262144 262144 327680 327680 393216 393216 417792
127 9 122880 131072 131072 196608 196608 262144 262144 327680 327680 393216 393216 458752 458752 524288 524288 589824 589824 638976
124 1 507904 512000
127 1 638976 655360
620 1 212992 217088
133 6 319488 327680 327680 393216 393216 458752 458752 524288 524288 589824 589824 655360
134 3 0 65536 65536 131072 131072 180224
414 2 167936 196608 196608 245760
137 4 393216 458752 458752 524288 524288 589824 589824 655360
138 3 0 65536 65536 131072 131072 139264
136 4 417792 458752 458752 524288 524288 589824 589824 655360
137 5 0 65536 65536 131072 131072 196608 196608 262144 262144 278528
130 7 221184 262144 262144 327680 327680 393216 393216 458752 458752 524288 524288 589824 589824 655360
131 2 0 65536 65536 81920
134 2 180224 196608 196608 262144
137 2 278528 327680 327680 393216
131 1 81920 131072
446 1 487424 512000
138 8 139264 196608 196608 262144 262144 327680 327680 393216 393216 458752 458752 524288 524288 589824 589824 655360
414 1 245760 249856
139 2 0 65536 65536 131072
446 1 512000 516096
140 2 524288 589824 589824 655360
141 6 0 65536 65536 131072 131072 196608 196608 262144 262144 327680 327680 368640
745 1 102400 110592
139 8 131072 196608 196608 262144 262144 327680 327680 393216 393216 458752 458752 524288 524288 589824 589824 647168
141 5 368640 393216 393216 458752 458752 524288 524288 589824 589824 655360
142 4 0 65536 65536 131072 131072 196608 196608 229376
139 1 647168 655360
140 8 0 65536 65536 131072 131072 196608 196608 262144 262144 327680 327680 393216 393216 458752 458752 507904
762 1 266240 270336
125 1 360448 389120
140 1 507904 524288
399 2 118784 131072 131072 139264
917 1 40960 49152
870 1 20480 24576
399 1 139264 143360
467 1 188416 196608
937 1 4096 8192
915 1 364544 368640
956 1 151552 159744
988 1 335872 339968
396 1 548864 577536
439 1 245760 258048
396 1 577536 581632
439 1 258048 262144
877 1 630784 634880
847 1 40960 53248
877 1 643072 647168
919 1 536576 540672
325 1 446464 450560
847 1 53248 57344
869 1 598016 602112
741 1 49152 53248
380 1 77824 94208
380 1 94208 98304
323 1 430080 434176
370 1 90112 94208
46 1 155648 172032
332 1 159744 176128
776 1 106496 110592
399 1 143360 163840
873 1 393216 397312
332 1 176128 180224
399 1 163840 167936
46 1 167936 184320
399 1 167936 188416
325 1 446464 458752
399 1 188416 192512
66 1 524288 528384
66 1 532480 544768
846 1 208896 212992
79 1 69632 73728
844 1 32768 36864
79 1 81920 86016
75 1 131072 135168
74 1 262144 274432
75 1 143360 147456
75 1 151552 155648
75 1 184320 188416
75 1 200704 208896
75 1 212992 221184
75 1 311296 315392
75 1 319488 323584
75 1 401408 405504
46 1 180224 192512
75 1 409600 413696
75 1 417792 421888
75 1 425984 430080
76 1 57344 61440
399 2 192512 196608 196608 212992
66 1 393216 397312
66 1 425984 430080
399 1 212992 217088
745 2 528384 589824 589824 655360
746 3 0 65536 65536 131072 131072 151552
414 1 393216 458752
2 1 479232 507904
414 1 458752 524288
414 1 524288 589824
414 1 589824 622592
399 1 217088 233472
399 1 233472 237568
414 1 622592 626688
776 1 118784 122880
763 1 602112 606208
197 1 221184 229376
285 1 131072 135168
207 1 81920 86016
1 1 393216 397312
49 1 65536 69632
1 1 405504 413696
404 1 401408 405504
49 1 102400 106496
49 1 110592 114688
430 1 294912 299008
324 1 630784 634880
318 1 610304 626688
792 1 331776 344064
430 1 475136 479232
792 1 348160 352256
324 1 647168 651264
325 1 20480 24576
107 1 131072 135168
325 1 28672 32768
707 1 167936 172032
325 1 65536 69632
325 1 86016 90112
921 1 421888 430080
325 1 139264 143360
325 1 450560 454656
847 1 90112 102400
847 1 106496 110592
426 3 53248 65536 65536 131072 131072 139264
318 1 626688 630784
0 1 167936 172032
240 1 237568 245760
426 1 139264 143360
382 1 278528 294912
175 1 4096 8192
938 1 425984 430080
414 1 626688 655360
415 1 0 4096
382 1 294912 299008
896 1 622592 626688
415 1 4096 8192
896 1 622592 626688
75 1 122880 126976
777 1 552960 557056
518 2 106496 131072 131072 135168
518 1 135168 139264
821 1 335872 344064
484 1 643072 651264
325 1 450560 454656
477 3 323584 327680 327680 393216 393216 417792
593 1 512000 516096
477 1 417792 421888
813 1 397312 401408
32 1 159744 163840
454 1 356352 385024
381 1 331776 335872
856 1 405504 409600
778 1 106496 110592
454 1 385024 389120
486 1 167936 184320
486 1 184320 188416
323 1 430080 446464
0 1 323584 327680
332 2 180224 196608 196608 237568
1 1 401408 405504
556 1 389120 393216
784 1 425984 430080
833 1 393216 397312
125 2 385024 393216 393216 401408
194 1 589824 593920
774 1 315392 319488
762 1 65536 69632
832 1 32768 36864
776 1 327680 331776
832 1 557056 561152
777 1 110592 114688
769 1 528384 532480
332 1 237568 241664
153 1 417792 421888
399 1 237568 258048
154 1 606208 610304
991 1 45056 49152
399 1 258048 262144
991 1 147456 151552
0 1 163840 172032
828 1 360448 364544
434 1 155648 167936
776 1 118784 122880
434 1 167936 172032
524 1 352256 368640
325 1 450560 454656
125 1 397312 405504
524 1 364544 368640
389 1 462848 483328
763 2 12288 65536 65536 81920
63 2 585728 589824 589824 593920
399 1 262144 282624
130 1 155648 159744
399 1 282624 286720
763 1 81920 86016
38 1 589824 593920
206 1 294912 299008
740 1 638976 643072
156 1 557056 561152
134 1 348160 352256
314 1 102400 122880
2 2 503808 524288 524288 536576
750 1 159744 167936
889 1 20480 24576
314 1 122880 126976
399 1 286720 303104
238 1 380928 385024
399 1 303104 307200
169 1 393216 397312
434 1 172032 180224
416 2 380928 393216 393216 454656
389 1 483328 487424
434 1 180224 184320
64 1 98304 106496
325 1 450560 454656
416 1 454656 458752
909 1 606208 610304
325 1 450560 454656
415 2 8192 65536 65536 73728
415 1 73728 126976
824 1 262144 266240
492 1 61440 65536
415 1 126976 131072
325 1 450560 454656
896 1 622592 626688
518 1 139264 159744
133 1 524288 528384
829 1 339968 344064
518 1 159744 163840
251 1 434176 442368
261 1 634880 638976
576 1 380928 385024
459 1 647168 655360
460 1 0 4096
414 1 528384 532480
994 1 487424 491520
31 1 110592 114688
983 2 258048 262144 262144 266240
639 1 618496 622592
381 1 73728 77824
517 2 507904 524288 524288 540672
325 1 450560 458752
460 1 4096 8192
517 1 540672 544768
100 1 253952 258048
460 1 8192 16384
460 1 16384 20480
706 1 585728 589824
130 1 409600 413696
452 1 135168 139264
682 1 147456 151552
389 2 487424 524288 524288 536576
501 2 503808 524288 524288 528384
352 1 466944 471040
33 1 475136 479232
763 1 86016 131072
763 1 131072 143360
610 1 307200 311296
501 1 528384 532480
389 1 536576 540672
763 1 143360 147456
474 1 458752 512000
897 1 24576 28672
325 1 454656 458752
897 1 24576 28672
189 1 241664 245760
419 1 278528 290816
474 1 512000 516096
419 1 290816 294912
139 1 262144 311296
882 1 245760 249856
139 1 311296 315392
102 1 425984 430080
464 1 499712 512000
464 1 512000 516096
828 2 389120 393216 393216 405504
769 1 393216 401408
702 1 487424 491520
53 1 290816 294912
780 1 237568 241664
268 1 454656 458752
450 1 192512 196608
814 1 266240 270336
768 1 65536 69632
925 1 368640 376832
814 1 253952 258048
769 1 237568 241664
325 1 454656 458752
769 1 307200 311296
368 2 413696 458752 458752 495616
129 1 434176 438272
368 1 495616 499712
926 1 348160 352256
73 1 512000 516096
703 1 167936 172032
503 1 86016 118784
503 1 118784 122880
243 1 40960 49152
129 1 438272 442368
401 1 36864 65536
864 1 270336 274432
938 1 204800 208896
401 1 65536 69632
324 1 421888 425984
773 1 270336 274432
614 1 360448 364544
325 1 454656 458752
439 1 36864 53248
439 1 53248 57344
696 1 0 4096
129 1 442368 446464
502 1 483328 487424
337 1 499712 507904
199 2 323584 327680 327680 331776
125 1 401408 413696
427 1 90112 94208
235 1 262144 266240
399 1 307200 327680
190 1 483328 495616
190 1 499712 503808
190 1 544768 548864
31 1 106496 110592
399 1 327680 331776
517 1 544768 573440
381 1 73728 77824
415 1 131072 159744
367 1 458752 462848
773 1 323584 327680
238 1 20480 24576
517 1 573440 577536
415 1 159744 163840
129 1 446464 450560
382 1 598016 602112
379 1 638976 651264
379 1 651264 655360
108 1 622592 626688
206 1 16384 20480
321 2 229376 262144 262144 311296
444 1 323584 327680
777 1 512000 516096
470 3 450560 458752 458752 524288 524288 540672
321 1 311296 315392
470 1 540672 544768
29 1 323584 327680
442 2 577536 589824 589824 606208
316 1 204800 208896
305 1 81920 86016
836 1 315392 327680
421 1 569344 573440
768 1 532480 536576
442 1 606208 610304
897 1 24576 28672
134 1 106496 110592
419 1 294912 319488
814 1 266240 270336
774 1 237568 241664
824 1 360448 364544
419 1 319488 323584
768 1 593920 598016
768 1 614400 626688
420 1 102400 114688
881 1 94208 98304
814 1 258048 262144
769 1 143360 147456
420 1 114688 118784
325 1 454656 458752
769 1 217088 221184
713 1 610304 614400
337 1 471040 475136
713 1 618496 622592
464 1 425984 430080
811 1 147456 151552
388 1 57344 65536
383 1 290816 294912
388 1 151552 155648
426 1 12288 16384
428 1 544768 548864
425 1 212992 217088
429 1 393216 397312
426 1 466944 471040
430 1 413696 417792
463 1 446464 450560
427 1 266240 270336
346 1 569344 573440
431 1 290816 294912
347 1 139264 143360
768 1 65536 69632
428 1 90112 94208
456 1 573440 577536
349 1 552960 557056
352 1 487424 491520
349 1 598016 602112
352 1 528384 540672
388 1 147456 151552
352 1 544768 552960
388 1 323584 327680
441 1 565248 569344
464 1 425984 430080
385 1 352256 356352
996 1 303104 311296
768 1 86016 90112
349 1 552960 557056
347 1 139264 143360
349 1 598016 602112
352 1 491520 495616
388 1 147456 151552
352 1 528384 540672
388 2 323584 327680 327680 331776
461 1 499712 512000
464 1 425984 430080
352 1 544768 552960
441 1 565248 569344
768 1 286720 290816
811 1 147456 151552
385 1 237568 241664
388 1 57344 65536
388 1 151552 155648
426 1 12288 16384
426 1 466944 471040
428 1 544768 548864
386 1 540672 544768
429 1 393216 397312
427 1 266240 270336
425 1 212992 217088
430 1 413696 417792
428 1 90112 94208
463 1 446464 450560
346 1 569344 573440
431 1 290816 294912
768 1 413696 417792
384 1 643072 647168
456 1 573440 577536
352 1 487424 491520
349 1 598016 602112
352 1 528384 540672
387 1 401408 405504
388 1 147456 151552
347 1 139264 143360
352 1 544768 552960
464 1 425984 430080
383 1 258048 262144
388 1 327680 331776
461 1 499712 512000
392 1 36864 40960
768 1 425984 430080
441 1 565248 569344
352 1 491520 495616
325 1 454656 458752
584 1 311296 327680
596 1 512000 520192
349 1 598016 602112
811 1 147456 151552
346 1 569344 573440
388 1 57344 65536
388 1 147456 155648
426 1 12288 16384
352 1 487424 491520
382 1 299008 303104
352 1 528384 540672
426 1 466944 471040
384 1 458752 462848
352 1 544768 552960
427 1 266240 270336
386 1 253952 258048
428 1 90112 94208
428 1 544768 548864
425 1 212992 217088
429 1 393216 397312
464 1 425984 430080
430 1 413696 417792
347 1 139264 143360
667 1 364544 368640
431 1 290816 294912
464 1 430080 434176
441 1 565248 569344
456 1 573440 577536
388 1 327680 331776
382 1 356352 360448
334 2 16384 65536 65536 90112
352 1 491520 495616
322 1 458752 462848
385 1 454656 458752
461 1 499712 512000
334 1 90112 94208
811 1 147456 151552
345 1 20480 24576
388 1 57344 65536
383 1 86016 90112
345 1 622592 626688
383 1 167936 172032
388 1 147456 155648
346 1 581632 585728
385 1 45056 49152
493 2 380928 393216 393216 421888
386 1 24576 28672
386 1 413696 417792
388 1 319488 323584
386 1 532480 536576
352 1 528384 540672
388 1 327680 335872
386 1 602112 606208
394 1 249856 253952
349 1 598016 602112
352 1 544768 552960
347 1 139264 143360
353 1 532480 536576
426 1 12288 16384
117 1 434176 438272
347 1 598016 606208
428 1 544768 548864
426 1 466944 471040
424 1 360448 364544
427 1 266240 270336
429 1 393216 397312
428 1 90112 94208
454 1 4096 8192
430 1 413696 417792
431 1 290816 294912
464 1 425984 434176
441 1 565248 569344
425 1 212992 217088
456 1 573440 577536
125 1 409600 421888
383 1 245760 249856
349 1 557056 561152
351 1 512000 516096
394 1 233472 237568
387 1 307200 311296
387 1 425984 430080
384 1 651264 655360
385 1 499712 503808
386 1 57344 61440
386 1 516096 520192
399 1 331776 352256
493 1 421888 425984
772 1 45056 49152
399 1 352256 356352
801 1 77824 86016
801 1 81920 86016
132 1 90112 94208
140 1 147456 151552
503 1 28672 53248
500 1 524288 544768
500 2 454656 458752 458752 524288
160 1 20480 24576
503 1 53248 57344
500 1 544768 548864
773 1 270336 274432
736 1 106496 122880
758 1 626688 638976
444 1 393216 417792
736 1 122880 126976
444 1 417792 421888
147 7 131072 196608 196608 262144 262144 327680 327680 393216 393216 458752 458752 524288 524288 565248
493 1 425984 438272
144 8 0 65536 65536 131072 131072 196608 196608 262144 262144 327680 327680 393216 393216 458752 458752 466944
222 1 634880 643072
150 6 262144 327680 327680 393216 393216 458752 458752 524288 524288 589824 589824 655360
151 1 0 8192
142 7 229376 262144 262144 327680 327680 393216 393216 458752 458752 524288 524288 589824 589824 655360
143 2 0 65536 65536 90112
151 8 8192 65536 65536 131072 131072 196608 196608 262144 262144 327680 327680 393216 393216 458752 458752 524288
147 2 565248 589824 589824 655360
148 7 0 65536 65536 131072 131072 196608 196608 262144 262144 327680 327680 393216 393216 425984
144 3 466944 524288 524288 589824 589824 655360
145 5 0 65536 65536 131072 131072 196608 196608 262144 262144 327680
493 1 438272 442368
143 9 90112 131072 131072 196608 196608 262144 262144 327680 327680 393216 393216 458752 458752 524288 524288 589824 589824 606208
151 2 524288 589824 589824 655360
143 1 606208 655360
62 1 372736 376832
148 4 425984 458752 458752 524288 524288 589824 589824 655360
149 5 0 65536 65536 131072 131072 196608 196608 262144 262144 286720
145 5 327680 393216 393216 458752 458752 524288 524288 589824 589824 655360
146 3 0 65536 65536 131072 131072 188416
152 8 0 65536 65536 131072 131072 196608 196608 262144 262144 327680 327680 393216 393216 458752 458752 516096
153 4 393216 458752 458752 524288 524288 589824 589824 655360
154 4 0 65536 65536 131072 131072 196608 196608 237568
149 6 286720 327680 327680 393216 393216 458752 458752 524288 524288 589824 589824 655360
150 3 0 65536 65536 131072 131072 147456
971 1 217088 221184
146 8 188416 196608 196608 262144 262144 327680 327680 393216 393216 458752 458752 524288 524288 589824 589824 655360
147 1 0 49152
152 3 516096 524288 524288 589824 589824 655360
153 6 0 65536 65536 131072 131072 196608 196608 262144 262144 327680 327680 376832
150 2 147456 196608 196608 262144
154 7 237568 262144 262144 327680 327680 393216 393216 458752 458752 524288 524288 589824 589824 655360
155 2 0 65536 65536 98304
147 2 49152 65536 65536 131072
153 1 376832 393216
477 1 610304 618496
860 1 172032 180224
807 1 131072 135168
523 1 32768 36864
160 7 0 65536 65536 131072 131072 196608 196608 262144 262144 327680 327680 393216 393216 434176
477 1 618496 622592
156 2 524288 589824 589824 655360
157 6 0 65536 65536 131072 131072 196608 196608 262144 262144 327680 327680 335872
155 9 98304 131072 131072 196608 196608 262144 262144 327680 327680 393216 393216 458752 458752 524288 524288 589824 589824 614400
203 1 122880 126976
9 1 389120 393216
34 1 434176 438272
380 1 290816 323584
728 2 69632 131072 131072 196608
155 1 614400 655360
156 8 0 65536 65536 131072 131072 196608 196608 262144 262144 327680 327680 393216 393216 458752 458752 475136
157 5 335872 393216 393216 458752 458752 524288 524288 589824 589824 655360
158 3 0 65536 65536 131072 131072 196608
489 1 368640 385024
777 1 548864 552960
156 1 475136 524288
158 7 196608 262144 262144 327680 327680 393216 393216 458752 458752 524288 524288 589824 589824 655360
159 1 0 57344
380 1 323584 327680
640 1 524288 528384
450 2 229376 262144 262144 282624
489 1 385024 389120
728 1 196608 200704
159 9 57344 65536 65536 131072 131072 196608 196608 262144 262144 327680 327680 393216 393216 458752 458752 524288 524288 573440
450 1 282624 286720
159 2 573440 589824 589824 655360
61 1 335872 339968
34 1 438272 442368
399 1 356352 364544
453 1 208896 221184
810 1 368640 376832
399 1 364544 368640
753 1 212992 217088
728 1 200704 221184
380 1 327680 348160
514 1 516096 520192
325 1 622592 626688
243 1 319488 323584
50 1 364544 368640
728 1 221184 225280
967 4 196608 262144 262144 327680 327680 393216 393216 450560
1 1 393216 401408
555 1 286720 294912
832 1 4096 8192
380 1 348160 352256
832 1 65536 69632
832 1 131072 135168
832 1 176128 180224
328 2 491520 524288 524288 544768
832 1 196608 200704
883 1 262144 266240
494 1 262144 266240
870 1 4096 8192
328 1 544768 548864
761 1 389120 393216
497 1 425984 434176
923 1 12288 20480
497 1 434176 438272
398 1 258048 262144
398 1 262144 274432
508 2 253952 262144 262144 266240
398 1 274432 278528
325 2 454656 458752 458752 466944
508 1 266240 270336
103 1 28672 45056
325 1 458752 462848
908 1 630784 638976
733 1 368640 372736
513 1 233472 237568
243 1 360448 364544
517 1 217088 241664
517 1 241664 245760
870 1 540672 544768
700 1 77824 81920
858 1 434176 438272
784 1 159744 163840
323 2 372736 393216 393216 401408
577 1 466944 471040
491 1 319488 323584
323 1 401408 405504
325 1 458752 462848
258 1 565248 573440
367 1 299008 311296
325 1 458752 462848
763 1 401408 405504
269 1 319488 323584
931 1 598016 602112
503 1 131072 155648
503 1 155648 159744
574 1 196608 200704
458 1 335872 339968
582 1 335872 339968
628 1 552960 557056
629 1 106496 110592
629 1 163840 167936
367 1 311296 315392
582 1 184320 188416
629 1 634880 638976
630 1 507904 512000
632 1 233472 237568
630 1 36864 40960
887 1 630784 638976
586 1 77824 81920
634 2 319488 327680 327680 335872
586 1 532480 536576
641 1 311296 315392
587 1 331776 335872
582 1 487424 491520
641 1 356352 360448
588 1 589824 593920
582 1 638976 643072
589 1 651264 655360
632 1 430080 434176
590 1 450560 454656
584 1 24576 28672
588 1 131072 135168
632 1 507904 512000
591 1 249856 253952
584 1 479232 483328
633 1 167936 172032
615 1 344064 352256
585 1 278528 282624
592 1 49152 53248
508 1 618496 622592
595 1 233472 237568
592 1 503808 507904
595 1 385024 389120
609 1 643072 647168
593 1 303104 307200
594 1 102400 106496
611 1 425984 430080
612 1 225280 229376
594 1 581632 585728
613 1 24576 28672
595 1 77824 81920
607 1 61440 65536
437 2 344064 393216 393216 430080
658 1 573440 577536
245 1 589824 593920
924 1 626688 634880
437 1 430080 434176
889 1 77824 81920
465 1 393216 397312
125 1 417792 438272
249 1 483328 487424
54 1 262144 266240
61 1 245760 249856
407 2 438272 458752 458752 475136
547 7 131072 196608 196608 262144 262144 327680 327680 393216 393216 458752 458752 524288 524288 561152
545 6 319488 327680 327680 393216 393216 458752 458752 524288 524288 589824 589824 655360
546 3 0 65536 65536 131072 131072 184320
501 3 61440 65536 65536 131072 131072 143360
399 1 368640 389120
406 1 405504 421888
407 1 475136 479232
484 1 647168 651264
743 1 479232 483328
399 1 389120 393216
546 8 184320 196608 196608 262144 262144 327680 327680 393216 393216 458752 458752 524288 524288 589824 589824 655360
547 1 0 45056
547 2 561152 589824 589824 655360
548 7 0 65536 65536 131072 131072 196608 196608 262144 262144 327680 327680 393216 393216 421888
501 1 143360 147456
325 1 458752 462848
547 2 45056 65536 65536 131072
134 1 368640 372736
406 1 421888 425984
402 1 86016 98304
548 4 421888 458752 458752 524288 524288 589824 589824 655360
549 2 0 65536 65536 122880
126 1 294912 299008
811 1 147456 151552
347 1 139264 143360
117 1 434176 438272
353 1 532480 536576
345 1 622592 626688
428 1 544768 548864
346 1 581632 585728
388 1 57344 65536
347 1 598016 606208
429 1 393216 397312
388 1 151552 155648
425 1 212992 217088
430 1 413696 417792
388 1 319488 323584
388 1 327680 335872
441 1 565248 569344
426 1 12288 16384
713 1 610304 614400
426 1 466944 471040
427 1 266240 270336
713 1 618496 622592
428 1 90112 94208
30 1 458752 462848
31 1 110592 114688
464 1 430080 434176
337 1 471040 475136
31 1 450560 454656
470 1 200704 225280
402 1 98304 102400
436 1 208896 212992
584 1 110592 114688
995 1 360448 364544
470 1 225280 229376
325 1 458752 466944
407 1 479232 499712
407 1 499712 503808
367 2 315392 327680 327680 344064
429 1 225280 229376
702 1 0 20480
997 1 90112 94208
933 1 503808 505344
253 1 8192 12288
881 1 94208 98304
146 1 102400 106496
420 2 118784 131072 131072 147456
144 1 577536 579584
881 1 372736 376832
420 1 147456 151552
636 1 319488 327680
923 1 197632 200192
367 1 344064 348160
881 1 94208 98304
102 1 94208 98304
821 1 36864 40960
420 1 151552 159744
881 1 94208 98304
604 1 319488 323584
420 1 159744 163840
944 1 282624 286720
122 1 573440 577536
360 1 0 49152
359 1 618496 655360
739 1 516096 524288
931 1 40960 44544
477 1 61440 63488
747 1 106496 108032
928 2 454656 458752 458752 464896
929 1 393216 454656
360 1 49152 53248
325 1 462848 466944
460 1 102400 104960
306 1 139264 143360
58 1 8192 16384
219 1 106496 110592
325 1 462848 466944
401 2 57344 65536 65536 90112
238 1 380928 385024
425 2 28672 65536 65536 110592
384 1 323584 327680
401 1 90112 94208
923 1 200192 202240
425 1 110592 114688
671 1 573440 577536
574 1 73728 77824
596 1 520192 524288
862 1 106496 110592
585 1 335872 339968
325 1 462848 466944
168 1 413696 417792
625 1 159744 163840
465 1 262144 274432
870 1 40960 45056
465 1 274432 278528
393 1 94208 106496
360 2 53248 65536 65536 81920
393 1 106496 110592
642 1 307200 311296
360 1 81920 86016
425 1 114688 131072
27 1 589824 593920
425 1 131072 135168
346 1 294912 307200
767 1 516096 520192
33 1 106496 114688
608 1 344064 348160
325 1 462848 466944
346 1 307200 311296
775 1 565248 569344
325 1 462848 466944
325 1 462848 466944
464 1 249856 253952
341 2 585728 589824 589824 593920
496 1 335872 348160
95 1 94208 98304
773 1 266240 270336
496 1 348160 352256
278 1 212992 217088
708 1 102400 106496
819 1 126976 131072
337 1 471040 479232
560 1 417792 421888
811 1 147456 151552
346 1 569344 573440
349 1 561152 565248
349 1 598016 602112
352 1 528384 540672
388 1 57344 65536
352 1 544768 552960
388 1 147456 155648
385 1 475136 479232
388 1 323584 327680
428 1 544768 548864
388 1 331776 335872
429 1 393216 397312
426 1 12288 16384
430 1 413696 417792
426 1 466944 471040
427 1 266240 270336
428 1 90112 94208
431 1 290816 294912
464 1 430080 434176
425 1 212992 217088
463 1 446464 450560
456 1 573440 577536
441 1 565248 569344
347 1 139264 143360
349 1 565248 569344
388 1 327680 331776
383 1 212992 217088
457 1 606208 610304
461 1 499712 512000
437 1 217088 233472
441 1 565248 569344
610 1 233472 237568
352 1 331776 360448
469 1 299008 303104
811 1 147456 151552
325 1 462848 466944
347 1 139264 143360
349 1 569344 577536
349 1 598016 602112
437 1 233472 237568
352 1 528384 540672
352 1 544768 552960
382 1 491520 495616
354 1 450560 454656
425 1 212992 217088
388 1 57344 65536
388 1 147456 155648
428 1 544768 548864
388 1 319488 327680
429 1 393216 397312
388 1 331776 339968
426 1 12288 16384
426 1 466944 471040
427 1 266240 270336
428 1 90112 94208
352 1 360448 364544
1 1 397312 401408
555 1 155648 159744
195 1 364544 368640
776 1 327680 331776
833 1 393216 397312
777 1 90112 94208
556 1 389120 393216
777 1 102400 106496
495 1 548864 552960
651 1 602112 606208
769 1 528384 532480
155 1 593920 598016
777 1 139264 143360
432 1 28672 32768
842 1 196608 200704
154 1 602112 610304
773 1 270336 274432
325 1 462848 475136
73 1 512000 516096
430 1 282624 286720
984 1 12288 16384
984 1 20480 24576
325 1 466944 471040
578 1 143360 147456
929 1 245760 249856
389 1 212992 253952
485 1 286720 290816
389 1 253952 258048
125 1 434176 442368
549 7 118784 131072 131072 196608 196608 262144 262144 327680 327680 393216 393216 458752 458752 495616
399 1 393216 413696
399 1 413696 417792
768 1 73728 77824
28 1 573440 581632
792 1 131072 143360
978 1 12288 16384
62 1 372736 376832
923 1 202240 204800
622 1 471040 475136
320 1 294912 323584
384 1 294912 299008
630 1 417792 421888
240 3 0 65536 65536 131072 131072 180224
380 1 32768 45056
320 1 323584 327680
923 1 204800 207360
380 1 45056 49152
875 1 110592 114688
381 1 131072 135168
877 1 573440 577536
792 1 319488 323584
75 1 282624 290816
556 1 389120 393216
833 1 389120 393216
833 1 397312 401408
776 1 327680 331776
484 1 565248 569344
495 1 544768 548864
662 1 290816 294912
517 1 135168 147456
612 1 577536 581632
325 1 466944 471040
773 1 335872 339968
108 1 372736 376832
367 1 331776 380928
342 1 0 24576
442 1 487424 495616
121 1 90112 98304
517 1 147456 151552
702 1 204800 208896
880 1 483328 487424
154 1 602112 606208
991 1 49152 53248
342 1 24576 28672
367 1 380928 385024
442 1 495616 499712
325 1 466944 471040
437 1 237568 249856
437 1 249856 253952
997 1 466944 479232
325 1 466944 471040
41 2 520192 524288 524288 536576
88 1 237568 245760
997 1 479232 483328
285 1 16384 20480
442 1 499712 524288
342 1 28672 36864
46 2 188416 196608 196608 204800
494 1 32768 65536
126 1 598016 602112
342 1 36864 40960
442 1 524288 528384
897 1 614400 622592
399 1 417792 438272
494 1 65536 69632
435 1 475136 479232
877 1 303104 319488
399 1 438272 442368
502 1 647168 655360
503 1 0 20480
698 1 217088 221184
775 1 520192 524288
494 1 69632 77824
899 1 163840 180224
503 1 20480 24576
494 1 77824 81920
778 1 237568 241664
566 1 253952 258048
243 2 147456 196608 196608 212992
587 1 593920 610304
587 1 626688 643072
588 1 4096 20480
46 1 200704 217088
481 1 458752 471040
471 1 618496 622592
325 1 466944 471040
399 2 442368 458752 458752 462848
481 1 471040 475136
406 1 626688 651264
93 2 315392 327680 327680 331776
399 1 462848 466944
260 1 626688 630784
406 1 651264 655360
880 1 503808 516096
325 1 466944 471040
764 1 159744 163840
736 1 589824 622592
617 1 180224 184320
325 1 466944 471040
777 1 552960 557056
736 1 622592 626688
46 1 212992 229376
399 1 466944 487424
764 1 315392 319488
399 1 487424 491520
325 1 466944 471040
429 1 282624 286720
493 2 557056 589824 589824 606208
194 1 495616 507904
31 1 229376 233472
337 1 516096 520192
95 1 94208 98304
496 1 352256 380928
781 1 442368 446464
325 1 466944 475136
360 1 475136 516096
493 1 606208 610304
496 1 380928 385024
928 1 442368 450560
46 1 225280 237568
360 1 516096 520192
50 1 434176 438272
389 2 110592 131072 131072 143360
866 1 114688 126976
95 1 94208 98304
399 1 491520 512000
496 1 385024 393216
95 1 94208 98304
389 1 143360 147456
795 2 208896 262144 262144 290816
399 1 512000 516096
886 1 208896 212992
496 1 393216 397312
128 1 569344 573440
795 1 290816 294912
360 2 520192 524288 524288 528384
325 1 471040 475136
324 1 495616 512000
256 1 499712 507904
481 1 598016 602112
778 1 122880 126976
360 1 528384 532480
777 1 512000 516096
46 1 233472 249856
32 1 475136 479232
369 1 94208 98304
324 1 512000 516096
465 1 81920 118784
399 2 516096 524288 524288 536576
465 1 118784 122880
399 1 536576 540672
818 1 536576 540672
369 1 94208 98304
768 1 65536 69632
369 1 94208 98304
465 1 122880 131072
784 1 516096 520192
73 1 446464 450560
465 1 131072 135168
46 1 245760 262144
102 1 573440 577536
368 1 471040 475136
278 1 217088 225280
371 1 593920 598016
399 1 540672 561152
325 1 471040 475136
487 1 405504 421888
558 1 217088 221184
561 1 139264 143360
342 1 114688 118784
159 1 393216 397312
569 1 352256 356352
520 1 135168 139264
160 1 229376 233472
221 1 237568 241664
598 1 499712 503808
160 1 606208 610304
296 1 413696 417792
565 1 245760 249856
567 1 299008 303104
298 1 466944 471040
161 1 176128 180224
165 1 528384 532480
300 1 524288 528384
563 1 192512 196608
312 1 278528 282624
294 1 360448 364544
612 1 512000 516096
314 1 331776 335872
432 2 86016 131072 131072 163840
389 1 24576 28672
162 2 319488 327680 327680 331776
307 1 647168 651264
389 1 94208 98304
389 1 143360 147456
303 1 110592 114688
305 1 163840 167936
399 1 561152 565248
871 1 651264 655360
487 1 421888 425984
325 1 471040 475136
102 1 573440 577536
778 1 114688 118784
432 1 163840 167936
484 2 184320 196608 196608 200704
785 1 421888 425984
156 1 155648 176128
484 1 200704 204800
156 1 176128 180224
771 1 536576 540672
668 1 208896 212992
58 1 12288 28672
325 1 471040 475136
517 1 319488 327680
768 1 126976 131072
575 1 303104 307200
46 1 262144 266240
401 2 94208 131072 131072 176128
517 1 327680 331776
778 1 118784 122880
125 1 438272 446464
556 1 389120 393216
833 1 389120 393216
833 1 397312 401408
495 1 540672 544768
503 1 102400 114688
399 1 565248 585728
538 1 389120 393216
776 1 327680 331776
399 1 585728 589824
879 1 16384 20480
401 1 176128 180224
503 1 114688 118784
358 1 356352 368640
415 2 163840 196608 196608 229376
125 2 442368 458752 458752 471040
415 2 229376 262144 262144 294912
415 2 294912 327680 327680 335872
46 2 258048 262144 262144 274432
399 1 589824 618496
358 1 368640 372736
251 1 516096 524288
325 1 471040 475136
399 1 618496 622592
415 1 335872 339968
79 1 290816 294912
125 1 466944 475136
325 1 471040 475136
399 1 622592 643072
778 1 245760 249856
399 1 643072 647168
776 1 151552 155648
490 1 520192 524288
325 1 471040 475136
772 1 8192 12288
430 1 413696 417792
464 1 430080 438272
431 1 290816 294912
432 1 413696 417792
456 1 573440 577536
349 1 565248 569344
921 1 360448 364544
441 1 565248 569344
463 1 446464 450560
163 1 73728 77824
612 1 286720 290816
503 1 405504 409600
325 1 471040 475136
22 1 266240 270336
22 1 274432 278528
284 1 4096 8192
32 1 536576 544768
284 1 0 4096
32 1 618496 622592
27 1 610304 614400
96 1 602112 606208
993 1 94208 98304
121 1 606208 610304
119 1 552960 557056
124 1 4096 8192
174 1 450560 454656
117 1 499712 503808
172 1 151552 155648
562 2 454656 458752 458752 462848
272 1 344064 348160
128 1 188416 192512
427 1 647168 651264
168 1 622592 626688
33 1 45056 49152
96 1 610304 618496
126 1 135168 139264
93 1 118784 122880
258 1 241664 245760
132 1 16384 20480
140 1 167936 172032
133 1 16384 20480
140 1 176128 180224
140 1 262144 266240
140 1 278528 282624
140 1 294912 299008
140 1 311296 315392
30 1 208896 212992
140 1 327680 331776
347 1 135168 139264
271 1 516096 520192
254 1 49152 53248
271 1 532480 536576
444 1 335872 352256
271 1 548864 552960
140 1 331776 335872
140 1 200704 204800
32 1 536576 544768
32 1 618496 622592
119 1 552960 557056
121 1 606208 610304
172 1 151552 155648
117 1 499712 503808
124 1 4096 8192
272 1 344064 348160
128 1 188416 192512
427 1 647168 651264
174 1 450560 454656
82 1 528384 540672
168 1 622592 626688
126 1 135168 139264
116 1 176128 180224
87 1 458752 462848
444 1 352256 356352
394 2 544768 589824 589824 634880
480 1 565248 569344
32 1 618496 622592
29 1 393216 397312
27 1 237568 241664
33 1 45056 49152
93 1 118784 122880
132 1 16384 20480
258 1 241664 245760
133 1 16384 20480
272 1 344064 348160
140 1 262144 266240
394 1 634880 638976
427 1 647168 651264
140 1 278528 282624
325 1 471040 483328
347 1 135168 139264
140 1 294912 299008
523 1 139264 143360
140 1 311296 315392
254 1 49152 53248
339 1 184320 196608
30 1 516096 520192
31 1 90112 94208
32 1 536576 544768
96 1 602112 606208
96 1 610304 618496
121 1 606208 610304
119 1 552960 557056
117 1 499712 503808
159 1 122880 126976
128 1 188416 192512
29 1 184320 188416
777 1 540672 544768
168 1 622592 626688
172 1 151552 155648
126 1 135168 139264
271 1 516096 520192
272 1 348160 352256
271 1 532480 536576
140 1 167936 172032
124 1 4096 8192
140 1 176128 180224
174 1 450560 454656
338 1 167936 180224
264 1 471040 475136
140 1 200704 204800
271 1 548864 552960
339 1 196608 200704
140 1 331776 335872
767 1 516096 520192
2 1 532480 544768
338 1 180224 184320
768 1 73728 77824
896 1 360448 364544
399 1 647168 655360
400 1 0 8192
30 1 159744 163840
30 1 360448 364544
32 1 536576 544768
32 1 618496 622592
33 1 45056 49152
400 1 8192 12288
30 1 466944 471040
96 1 602112 606208
133 1 16384 20480
427 1 647168 651264
96 1 610304 618496
736 1 626688 655360
737 1 0 45056
117 1 499712 503808
121 1 606208 610304
119 1 552960 557056
128 1 188416 192512
140 1 167936 172032
172 1 151552 155648
124 1 4096 8192
168 1 622592 626688
262 1 245760 249856
140 1 176128 180224
174 1 450560 454656
140 1 262144 266240
258 1 241664 245760
140 1 278528 282624
272 1 344064 352256
140 1 294912 299008
347 1 135168 139264
140 1 311296 315392
126 1 135168 139264
140 1 331776 335872
254 1 49152 53248
325 1 475136 479232
763 1 401408 405504
125 1 471040 491520
521 1 393216 397312
737 1 45056 49152
299 1 131072 135168
966 1 245760 249856
28 1 204800 208896
32 1 536576 544768
32 1 618496 622592
29 1 143360 147456
29 1 610304 614400
33 1 20480 24576
30 1 28672 32768
28 1 364544 368640
30 1 438272 442368
400 1 12288 32768
31 1 98304 102400
31 1 315392 319488
33 1 45056 53248
97 1 532480 536576
31 1 552960 557056
136 1 401408 405504
427 1 647168 651264
54 1 315392 319488
102 1 450560 454656
325 1 475136 479232
119 1 552960 557056
117 1 499712 503808
121 1 606208 610304
124 1 4096 8192
35 1 344064 348160
133 1 16384 20480
61 1 16384 20480
952 1 389120 393216
174 1 450560 454656
100 1 548864 557056
128 1 188416 192512
172 1 151552 155648
168 1 622592 626688
140 1 200704 204800
967 1 446464 450560
258 1 241664 245760
198 1 86016 90112
140 1 237568 241664
272 1 348160 352256
140 1 262144 266240
271 1 516096 520192
140 1 278528 282624
450 1 286720 327680
271 1 532480 536576
140 1 294912 299008
347 1 135168 139264
140 1 311296 315392
403 2 315392 327680 327680 344064
140 1 331776 335872
271 1 548864 552960
126 1 135168 139264
254 1 49152 53248
400 1 32768 36864
272 1 352256 356352
450 1 327680 331776
27 1 274432 278528
403 1 344064 348160
32 1 245760 249856
32 1 536576 544768
325 1 475136 479232
29 1 98304 102400
32 1 618496 622592
30 1 573440 577536
31 1 45056 49152
997 1 122880 126976
33 1 20480 24576
33 1 49152 53248
31 1 143360 147456
97 1 532480 536576
124 1 8192 12288
31 1 229376 233472
102 1 450560 454656
67 1 233472 237568
627 1 356352 360448
427 1 647168 651264
117 1 499712 503808
54 1 315392 319488
119 1 552960 557056
35 1 344064 348160
132 1 20480 24576
100 1 548864 557056
159 1 495616 499712
165 1 393216 397312
202 1 323584 327680
163 7 131072 196608 196608 262144 262144 327680 327680 393216 393216 458752 458752 524288 524288 532480
166 6 262144 327680 327680 393216 393216 458752 458752 524288 524288 589824 589824 655360
167 2 0 65536 65536 106496
160 4 434176 458752 458752 524288 524288 589824 589824 655360
161 5 0 65536 65536 131072 131072 196608 196608 262144 262144 294912
169 4 393216 458752 458752 524288 524288 589824 589824 655360
170 4 0 65536 65536 131072 131072 196608 196608 204800
654 1 618496 622592
441 1 135168 139264
928 1 446464 458752
163 2 532480 589824 589824 655360
164 6 0 65536 65536 131072 131072 196608 196608 262144 262144 327680 327680 393216
516 1 364544 376832
325 1 626688 630784
167 9 106496 131072 131072 196608 196608 262144 262144 327680 327680 393216 393216 458752 458752 524288 524288 589824 589824 622592
389 2 147456 196608 196608 204800
435 1 163840 180224
170 7 204800 262144 262144 327680 327680 393216 393216 458752 458752 524288 524288 589824 589824 655360
171 1 0 65536
161 6 294912 327680 327680 393216 393216 458752 458752 524288 524288 589824 589824 655360
162 3 0 65536 65536 131072 131072 155648
164 2 393216 458752 458752 524288
516 1 376832 380928
325 1 475136 479232
765 1 417792 421888
769 1 507904 516096
529 1 438272 442368
349 1 258048 262144
737 1 512000 516096
349 1 270336 274432
111 1 245760 258048
435 1 180224 184320
111 1 262144 266240
389 1 204800 208896
302 1 282624 286720
164 2 524288 589824 589824 655360
165 6 0 65536 65536 131072 131072 196608 196608 262144 262144 327680 327680 385024
171 8 65536 131072 131072 196608 196608 262144 262144 327680 327680 393216 393216 458752 458752 524288 524288 581632
167 1 622592 655360
168 8 0 65536 65536 131072 131072 196608 196608 262144 262144 327680 327680 393216 393216 458752 458752 483328
373 1 208896 245760
162 8 155648 196608 196608 262144 262144 327680 327680 393216 393216 458752 458752 524288 524288 589824 589824 655360
163 1 0 16384
776 1 151552 155648
163 2 16384 65536 65536 131072
1 1 401408 409600
833 1 397312 405504
165 5 385024 393216 393216 458752 458752 524288 524288 589824 589824 655360
166 4 0 65536 65536 131072 131072 196608 196608 245760
556 1 389120 393216
373 1 245760 249856
493 1 196608 200704
770 1 397312 401408
879 1 20480 24576
384 1 147456 151552
879 1 389120 393216
168 3 483328 524288 524288 589824 589824 655360
169 6 0 65536 65536 131072 131072 196608 196608 262144 262144 327680 327680 344064
866 1 557056 561152
777 1 409600 413696
777 1 229376 233472
777 1 417792 421888
166 1 245760 262144
159 1 466944 471040
171 2 581632 589824 589824 655360
172 7 0 65536 65536 131072 131072 196608 196608 262144 262144 327680 327680 393216 393216 442368
600 1 53248 57344
777 1 622592 626688
853 1 397312 401408
172 2 524288 589824 589824 655360
173 5 0 65536 65536 131072 131072 196608 196608 262144 262144 303104
169 1 344064 393216
172 2 442368 458752 458752 524288
176 7 0 65536 65536 131072 131072 196608 196608 262144 262144 327680 327680 393216 393216 401408
430 1 282624 286720
159 1 471040 475136
173 6 303104 327680 327680 393216 393216 458752 458752 524288 524288 589824 589824 655360
174 3 0 65536 65536 131072 131072 163840
176 4 401408 458752 458752 524288 524288 589824 589824 655360
177 4 0 65536 65536 131072 131072 196608 196608 262144
325 1 475136 479232
370 2 241664 262144 262144 299008
177 2 262144 327680 327680 393216
174 8 163840 196608 196608 262144 262144 327680 327680 393216 393216 458752 458752 524288 524288 589824 589824 655360
175 1 0 24576
933 2 8192 65536 65536 114688
552 1 245760 253952
633 1 438272 442368
208 1 16384 20480
370 1 299008 303104
177 4 393216 458752 458752 524288 524288 589824 589824 655360
178 4 0 65536 65536 131072 131072 196608 196608 253952
881 2 573440 589824 589824 593920
175 9 24576 65536 65536 131072 131072 196608 196608 262144 262144 327680 327680 393216 393216 458752 458752 524288 524288 540672
339 1 200704 241664
331 1 552960 557056
175 2 540672 589824 589824 655360
178 7 253952 262144 262144 327680 327680 393216 393216 458752 458752 524288 524288 589824 589824 655360
179 2 0 65536 65536 114688
435 1 184320 196608
814 1 266240 270336
339 1 241664 245760
435 1 196608 200704
814 1 253952 258048
113 1 430080 438272
326 1 286720 290816
78 1 172032 180224
303 1 57344 61440
79 1 90112 94208
30 1 651264 655360
437 2 516096 524288 524288 552960
437 1 552960 557056
121 1 606208 610304
22 1 274432 278528
952 1 389120 393216
811 1 454656 458752
172 1 151552 155648
128 1 188416 192512
22 1 266240 270336
272 1 348160 352256
168 1 622592 626688
347 1 135168 139264
598 1 577536 585728
126 1 135168 139264
254 1 49152 53248
79 1 90112 94208
437 1 557056 565248
325 1 475136 479232
79 1 90112 94208
895 1 466944 471040
965 1 270336 278528
437 1 565248 569344
450 1 331776 372736
2 1 540672 573440
450 1 372736 376832
389 1 630784 638976
400 1 36864 53248
400 1 53248 57344
606 1 651264 655360
607 1 0 8192
461 1 495616 503808
714 1 385024 389120
869 1 581632 585728
500 1 159744 163840
61 1 192512 196608
419 1 217088 221184
380 1 106496 110592
486 2 61440 65536 65536 102400
484 1 454656 458752
333 1 262144 274432
299 1 131072 135168
486 1 102400 106496
125 1 487424 512000
333 1 274432 278528
179 1 77824 81920
607 1 4096 8192
567 1 40960 45056
496 1 147456 151552
501 3 180224 196608 196608 262144 262144 290816
701 1 319488 323584
400 2 57344 65536 65536 77824
393 1 98304 110592
400 1 77824 81920
501 1 290816 294912
393 1 110592 114688
764 1 466944 471040
325 1 475136 479232
355 1 151552 184320
355 1 184320 188416
125 1 507904 520192
400 1 81920 102400
400 1 102400 106496
139 2 315392 327680 327680 372736
139 1 372736 376832
263 1 102400 110592
542 1 589824 598016
206 1 294912 299008
421 1 77824 81920
966 1 106496 110592
886 1 483328 487424
61 1 245760 249856
858 2 258048 262144 262144 270336
67 1 77824 81920
577 1 512000 516096
858 1 270336 274432
951 1 622592 626688
125 2 516096 524288 524288 540672
393 2 114688 131072 131072 139264
100 1 126976 131072
400 1 106496 126976
393 1 139264 143360
400 1 126976 131072
427 1 503808 516096
80 1 102400 106496
400 1 131072 139264
400 1 139264 143360
427 1 516096 520192
764 1 245760 249856
502 1 524288 528384
506 1 274432 278528
461 2 258048 262144 262144 274432
374 1 262144 278528
360 1 86016 131072
461 1 274432 278528
707 1 643072 647168
374 1 278528 282624
360 1 131072 135168
496 1 151552 155648
510 1 196608 200704
15 1 94208 98304
517 1 32768 36864
400 1 143360 163840
360 1 135168 167936
400 1 163840 167936
360 1 167936 172032
360 1 172032 188416
512 1 294912 311296
211 1 409600 413696
360 1 188416 192512
212 1 344064 348160
374 1 282624 294912
374 1 294912 299008
512 1 311296 315392
498 1 573440 577536
74 1 311296 315392
461 1 278528 299008
780 1 495616 499712
461 1 299008 303104
503 2 385024 393216 393216 397312
503 1 397312 401408
758 1 524288 544768
858 1 45056 61440
683 1 585728 589824
764 1 442368 446464
414 1 233472 237568
125 1 536576 544768
400 1 167936 188416
607 1 8192 16384
360 2 192512 196608 196608 262144
400 1 188416 192512
982 1 73728 77824
703 1 167936 172032
501 2 294912 327680 327680 356352
876 1 106496 114688
360 1 262144 266240
501 1 356352 360448
953 1 405504 413696
376 1 450560 454656
830 1 450560 454656
360 1 266240 307200
222 1 643072 647168
489 1 491520 495616
534 1 389120 393216
360 1 307200 311296
444 1 421888 434176
315 1 122880 126976
555 1 552960 557056
211 1 278528 282624
833 1 389120 393216
770 1 397312 401408
770 1 405504 409600
67 1 458752 462848
71 1 307200 311296
323 1 192512 196608
440 1 536576 540672
833 1 401408 405504
600 1 4096 8192
772 1 626688 630784
440 1 585728 589824
773 1 311296 315392
153 1 532480 536576
601 1 520192 524288
504 1 487424 507904
444 1 434176 438272
504 1 507904 512000
272 1 352256 356352
172 1 151552 155648
117 1 499712 503808
427 1 647168 651264
119 1 552960 557056
128 1 188416 192512
168 1 622592 626688
133 1 16384 20480
126 1 135168 139264
773 1 282624 286720
33 1 458752 462848
893 1 348160 352256
472 1 163840 188416
356 2 241664 262144 262144 299008
460 1 188416 196608
400 2 192512 196608 196608 200704
472 1 188416 192512
400 1 200704 204800
356 1 299008 303104
934 1 495616 499712
934 1 520192 524288
972 1 532480 536576
972 1 552960 557056
553 1 303104 307200
32 1 393216 397312
32 1 618496 622592
174 1 450560 454656
32 1 536576 544768
96 1 602112 606208
121 1 606208 610304
124 1 8192 12288
96 1 610304 618496
952 1 290816 294912
125 1 540672 548864
892 1 577536 581632
400 1 204800 225280
338 1 94208 98304
492 1 225280 229376
955 1 229376 233472
801 1 602112 606208
99 1 131072 135168
432 1 552960 557056
500 1 118784 122880
400 1 225280 229376
497 3 507904 524288 524288 589824 589824 655360
498 4 0 65536 65536 131072 131072 196608 196608 258048
833 1 393216 397312
498 1 258048 262144
982 1 73728 77824
268 1 483328 487424
501 2 360448 393216 393216 405504
494 1 430080 442368
517 1 331776 339968
501 1 405504 409600
812 1 229376 233472
435 1 249856 253952
517 1 339968 344064
414 1 643072 647168
747 1 225280 229376
303 1 0 4096
462 1 602112 606208
465 2 520192 524288 524288 528384
600 1 372736 376832
602 1 606208 610304
13 1 614400 618496
257 1 225280 262144
217 1 69632 73728
730 1 487424 491520
442 2 557056 589824 589824 655360
443 1 0 28672
956 1 442368 446464
111 1 36864 45056
929 1 569344 573440
532 1 303104 307200
761 1 307200 311296
494 1 442368 446464
58 1 53248 61440
630 1 417792 421888
705 1 425984 430080
484 1 348160 356352
462 2 172032 196608 196608 249856
443 1 28672 32768
462 1 249856 253952
337 1 651264 655360
182 1 253952 258048
866 1 131072 139264
473 1 557056 573440
542 1 585728 589824
391 2 90112 131072 131072 135168
325 1 630784 638976
804 1 647168 655360
983 1 266240 274432
243 1 319488 323584
473 1 573440 577536
391 1 135168 139264
460 5 126976 131072 131072 196608 196608 262144 262144 327680 327680 364544
768 1 77824 81920
869 1 413696 417792
460 1 364544 368640
539 1 491520 499712
313 2 516096 524288 524288 544768
125 1 544768 557056
487 1 471040 475136
313 1 544768 548864
400 1 229376 249856
906 1 557056 561152
400 1 249856 253952
543 1 405504 409600
1 1 397312 401408
555 1 159744 163840
139 3 376832 393216 393216 458752 458752 483328
495 1 569344 573440
556 1 389120 393216
833 1 368640 372736
71 1 114688 118784
776 1 204800 208896
337 1 516096 520192
0 1 114688 118784
422 2 8192 65536 65536 86016
560 1 266240 270336
767 1 393216 397312
153 1 532480 536576
439 1 192512 196608
440 1 475136 479232
139 1 483328 487424
44 1 110592 114688
422 1 86016 90112
44 1 110592 114688
481 1 524288 536576
909 1 606208 610304
421 1 77824 81920
278 1 73728 77824
481 1 536576 540672
546 1 610304 614400
388 1 466944 491520
388 1 491520 495616
829 3 303104 327680 327680 393216 393216 405504
388 1 495616 524288
829 1 405504 409600
388 1 524288 528384
465 1 393216 397312
468 1 348160 376832
767 1 397312 401408
468 1 376832 380928
120 1 143360 151552
468 1 4096 12288
460 1 200704 204800
770 1 397312 401408
384 1 598016 602112
46 1 307200 311296
401 1 413696 417792
197 1 122880 126976
153 1 434176 442368
171 1 303104 307200
833 1 397312 401408
153 1 532480 536576
879 1 20480 24576
155 1 552960 557056
563 1 40960 45056
991 1 606208 610304
33 1 45056 49152
93 1 118784 122880
258 1 241664 245760
33 1 53248 57344
271 1 516096 520192
776 1 151552 155648
271 1 532480 536576
140 1 262144 266240
33 1 20480 24576
132 1 24576 32768
140 1 278528 282624
347 1 135168 139264
271 1 548864 552960
140 1 294912 299008
30 1 53248 57344
140 1 311296 315392
29 1 598016 602112
140 1 331776 335872
261 1 114688 118784
254 1 49152 53248
178 1 143360 147456
29 1 266240 270336
56 1 217088 221184
132 1 32768 61440
196 1 503808 507904
725 1 12288 16384
725 1 16384 20480
966 2 192512 196608 196608 200704
166 1 270336 274432
829 1 409600 442368
171 1 356352 364544
829 1 442368 446464
776 1 114688 118784
926 1 569344 573440
222 1 618496 622592
792 1 139264 155648
179 1 114688 131072
179 7 131072 196608 196608 262144 262144 327680 327680 393216 393216 458752 458752 524288 524288 585728
771 1 532480 536576
320 2 327680 393216 393216 401408
498 1 647168 655360
499 1 0 20480
320 1 401408 405504
499 1 20480 24576
320 1 118784 122880
326 3 28672 65536 65536 131072 131072 155648
679 1 499712 503808
363 1 81920 110592
326 1 155648 159744
363 1 110592 114688
128 1 409600 421888
938 1 430080 434176
815 2 323584 327680 327680 331776
829 2 446464 458752 458752 491520
763 1 319488 323584
829 1 491520 495616
947 1 245760 249856
130 1 380928 385024
711 1 282624 286720
829 1 24576 28672
44 1 110592 114688
137 1 36864 40960
481 1 540672 561152
332 1 417792 421888
368 1 458752 491520
482 1 172032 180224
481 1 561152 565248
30 1 167936 172032
851 1 491520 495616
509 1 618496 622592
369 2 61440 65536 65536 98304
844 1 503808 507904
368 1 491520 495616
435 2 385024 393216 393216 421888
139 1 450560 454656
1 1 405504 409600
556 1 618496 622592
765 1 364544 368640
821 1 4096 8192
777 1 524288 528384
427 1 593920 606208
556 1 270336 274432
195 1 446464 450560
707 1 172032 176128
707 1 192512 196608
435 1 421888 425984
251 1 348160 352256
128 1 172032 180224
171 1 57344 61440
160 1 524288 528384
994 1 32768 36864
812 1 180224 184320
451 1 577536 581632
258 1 421888 425984
142 1 417792 442368
879 1 421888 430080
403 2 49152 65536 65536 126976
920 1 163840 167936
369 1 98304 102400
270 1 237568 245760
509 1 618496 622592
783 1 643072 647168
403 1 126976 131072
509 1 618496 622592
435 1 425984 434176
938 1 430080 434176
427 1 606208 610304
435 1 434176 438272
1 1 393216 397312
556 1 389120 393216
305 1 499712 507904
116 1 176128 180224
87 1 458752 466944
832 1 65536 69632
833 1 397312 405504
971 1 462848 466944
777 1 143360 151552
493 1 0 4096
679 1 270336 274432
46 1 270336 282624
769 1 454656 458752
773 1 323584 327680
793 1 516096 520192
323 1 155648 159744
153 1 532480 536576
31 1 548864 552960
400 2 253952 262144 262144 274432
319 1 73728 77824
420 1 548864 581632
400 1 274432 278528
364 1 237568 258048
420 1 581632 585728
725 1 20480 24576
364 1 258048 262144
845 1 286720 290816
829 1 495616 524288
125 1 552960 561152
829 1 524288 528384
400 1 278528 299008
400 1 299008 303104
725 1 24576 28672
826 1 278528 282624
526 1 184320 188416
46 1 278528 294912
829 1 528384 581632
683 1 593920 598016
400 1 303104 323584
949 1 40960 49152
829 1 581632 585728
400 1 323584 327680
322 1 626688 630784
139 2 487424 524288 524288 552960
947 1 356352 360448
949 1 69632 73728
469 1 159744 188416
210 1 425984 430080
725 1 28672 32768
46 1 290816 307200
139 1 552960 557056
318 1 221184 229376
290 1 200704 204800
469 1 188416 192512
413 1 495616 520192
33 1 389120 393216
829 2 585728 589824 589824 634880
400 1 327680 348160
41 1 405504 409600
871 1 483328 487424
421 1 77824 81920
318 1 229376 233472
413 1 520192 524288
400 1 348160 352256
829 1 634880 638976
484 1 253952 258048
466 1 262144 270336
466 1 270336 274432
696 1 4096 8192
623 1 81920 86016
191 1 471040 475136
525 1 135168 139264
722 1 49152 53248
408 1 262144 266240
341 1 278528 290816
829 1 638976 655360
830 1 0 65536
691 1 344064 348160
819 1 413696 417792
2 2 569344 589824 589824 593920
341 1 290816 294912
400 1 352256 368640
806 1 73728 77824
281 1 61440 65536
830 1 65536 69632
400 1 368640 372736
607 1 12288 24576
960 1 499712 503808
159 1 331776 335872
759 1 458752 462848
982 1 73728 77824
452 2 225280 262144 262144 315392
501 4 409600 458752 458752 524288 524288 589824 589824 655360
502 1 0 36864
686 1 376832 385024
531 1 516096 520192
452 1 315392 319488
251 1 368640 376832
502 1 36864 40960
191 1 471040 475136
140 1 12288 16384
830 1 69632 106496
377 1 196608 208896
830 1 106496 110592
377 1 208896 212992
546 1 614400 618496
191 1 471040 475136
830 2 110592 131072 131072 155648
849 1 110592 114688
118 1 344064 348160
278 1 225280 229376
830 1 155648 159744
772 1 110592 114688
177 1 57344 61440
725 1 32768 36864
191 1 471040 475136
830 2 159744 196608 196608 212992
830 1 212992 217088
247 1 118784 122880
31 1 536576 540672
436 1 204800 208896
480 1 143360 184320
243 1 507904 512000
937 1 565248 569344
162 1 110592 122880
480 1 184320 188416
512 1 16384 28672
725 1 36864 40960
883 1 196608 262144
191 1 471040 475136
830 1 262144 274432
830 1 217088 262144
883 1 262144 266240
512 1 28672 32768
725 1 40960 45056
830 1 274432 278528
461 1 503808 507904
524 1 364544 372736
830 1 278528 307200
868 1 520192 524288
830 1 307200 311296
191 1 471040 475136
207 1 258048 262144
830 2 311296 327680 327680 385024
883 1 266240 311296
512 1 32768 45056
552 1 0 4096
512 1 45056 49152
546 1 618496 622592
883 1 311296 315392
561 2 61440 65536 65536 69632
195 1 172032 176128
327 2 57344 65536 65536 73728
830 1 385024 389120
344 1 0 4096
327 1 73728 77824
830 2 389120 393216 393216 417792
767 1 507904 512000
830 1 417792 421888
539 1 495616 512000
546 1 622592 626688
220 1 237568 241664
496 1 147456 151552
191 1 471040 475136
356 2 303104 327680 327680 364544
313 2 548864 589824 589824 614400
671 1 307200 311296
830 2 421888 458752 458752 507904
313 1 614400 618496
356 1 364544 368640
725 1 45056 49152
742 1 258048 262144
793 1 397312 401408
793 1 483328 487424
793 1 491520 495616
793 1 507904 512000
793 1 557056 561152
793 1 581632 589824
793 1 610304 618496
794 1 20480 24576
794 1 28672 32768
501 5 241664 262144 262144 327680 327680 393216 393216 458752 458752 475136
794 1 131072 135168
830 1 507904 512000
794 1 155648 159744
794 1 163840 167936
794 1 200704 204800
794 1 225280 229376
794 1 241664 245760
794 1 262144 266240
794 1 270336 274432
794 1 290816 294912
795 1 139264 143360
794 1 299008 303104
794 1 364544 368640
795 1 176128 180224
795 1 188416 192512
794 1 372736 376832
795 1 212992 217088
794 1 413696 417792
795 1 225280 229376
794 1 434176 438272
794 1 454656 458752
795 1 266240 274432
830 2 512000 524288 524288 536576
795 1 286720 290816
662 1 319488 327680
795 1 311296 319488
795 1 344064 348160
662 1 331776 335872
795 1 380928 385024
795 1 405504 409600
513 1 540672 581632
795 1 425984 430080
737 1 352256 364544
795 1 438272 446464
795 1 491520 495616
795 1 507904 512000
795 1 528384 532480
176 1 462848 466944
765 1 352256 356352
794 1 491520 495616
794 1 507904 512000
794 1 540672 544768
798 1 270336 274432
725 1 49152 53248
794 1 548864 552960
798 1 286720 303104
830 1 536576 540672
795 1 4096 8192
795 1 12288 16384
795 1 24576 28672
795 1 45056 49152
798 1 323584 327680
795 1 65536 69632
795 1 110592 114688
798 1 368640 372736
798 1 442368 446464
513 1 581632 585728
798 1 458752 462848
798 1 471040 479232
798 1 507904 512000
798 1 520192 524288
798 1 557056 561152
798 1 573440 581632
501 1 475136 479232
798 1 593920 602112
799 1 0 4096
361 2 241664 262144 262144 270336
534 1 389120 393216
191 1 471040 475136
796 1 28672 32768
796 1 40960 61440
796 1 65536 69632
534 1 561152 565248
799 1 28672 32768
796 1 102400 106496
830 2 540672 589824 589824 602112
535 1 0 4096
796 1 114688 118784
796 1 143360 147456
806 1 229376 233472
801 1 561152 565248
796 1 155648 159744
796 1 290816 294912
799 1 98304 102400
796 1 327680 331776
799 1 106496 110592
802 1 229376 233472
796 1 352256 356352
799 1 122880 126976
802 1 516096 520192
796 1 368640 372736
799 1 163840 167936
796 1 380928 385024
799 2 188416 196608 196608 200704
802 1 561152 565248
796 2 389120 393216 393216 397312
799 1 204800 212992
796 1 401408 409600
803 1 450560 454656
799 1 221184 225280
799 1 249856 253952
803 1 647168 651264
799 1 299008 303104
799 1 434176 438272
800 1 258048 262144
800 1 339968 344064
800 1 532480 536576
801 1 360448 368640
535 1 118784 122880
670 1 118784 122880
796 1 425984 430080
796 1 446464 450560
361 1 270336 274432
796 1 458752 462848
617 1 90112 94208
546 1 483328 487424
796 1 475136 483328
292 1 344064 348160
547 1 110592 114688
796 1 499712 503808
543 1 380928 385024
136 1 405504 409600
796 1 516096 520192
137 1 110592 114688
796 1 593920 598016
545 1 352256 356352
796 1 622592 626688
539 1 450560 454656
796 1 643072 647168
541 1 282624 286720
797 1 0 4096
542 1 118784 122880
797 1 16384 20480
797 1 36864 40960
797 1 61440 65536
797 1 77824 86016
797 1 98304 102400
797 1 139264 143360
137 1 282624 294912
797 1 184320 188416
140 1 634880 638976
141 1 131072 135168
141 1 282624 286720
797 1 286720 290816
797 1 294912 299008
797 1 307200 311296
441 2 110592 131072 131072 147456
344 1 446464 458752
797 1 315392 319488
797 1 331776 335872
797 1 380928 393216
141 1 434176 438272
797 1 397312 405504
141 1 598016 602112
797 1 413696 421888
142 1 94208 98304
797 1 466944 475136
797 1 483328 487424
142 1 249856 253952
797 1 495616 499712
142 1 507904 512000
797 1 552960 557056
797 1 573440 577536
797 1 610304 614400
797 1 622592 626688
797 1 630784 634880
797 1 651264 655360
830 1 602112 606208
191 1 471040 475136
147 1 454656 458752
144 1 274432 278528
143 1 8192 16384
441 1 147456 151552
143 1 315392 319488
143 1 405504 409600
144 1 561152 565248
143 1 503808 507904
144 1 593920 598016
145 1 401408 405504
145 1 499712 503808
148 1 135168 139264
143 1 638976 643072
146 1 77824 81920
798 1 8192 16384
344 1 458752 462848
146 1 434176 438272
798 1 20480 28672
148 1 217088 221184
146 1 614400 618496
798 1 40960 45056
798 1 49152 53248
930 1 192512 196608
798 1 86016 90112
798 1 204800 208896
81 1 397312 401408
931 1 20480 24576
536 1 393216 397312
536 1 446464 450560
536 1 479232 483328
537 1 475136 479232
538 1 53248 57344
538 1 237568 241664
137 1 401408 405504
137 1 421888 425984
137 1 503808 507904
81 1 417792 421888
137 1 638976 647168
81 1 434176 438272
137 1 651264 655360
81 1 466944 471040
81 1 479232 487424
139 1 196608 200704
139 1 278528 282624
81 1 503808 512000
139 1 323584 327680
139 1 454656 458752
139 1 647168 651264
140 1 192512 196608
81 1 516096 520192
140 1 380928 385024
931 1 491520 495616
81 1 528384 540672
932 1 0 4096
81 1 561152 565248
933 1 16384 24576
82 1 12288 16384
830 1 606208 655360
831 1 0 20480
82 1 28672 32768
82 1 45056 53248
83 1 131072 135168
83 1 196608 200704
82 1 90112 94208
83 1 241664 245760
933 1 397312 401408
83 1 266240 270336
4 1 524288 528384
933 1 417792 421888
933 1 434176 438272
83 1 299008 307200
82 1 110592 114688
82 1 122880 126976
565 1 200704 204800
415 2 339968 393216 393216 401408
918 1 438272 442368
86 1 266240 270336
831 1 20480 24576
83 1 323584 327680
86 1 286720 290816
83 1 331776 335872
86 1 307200 311296
83 1 339968 344064
83 1 356352 360448
86 1 315392 323584
83 1 380928 389120
83 1 405504 409600
415 1 401408 405504
83 1 425984 438272
83 1 450560 454656
83 1 466944 471040
83 1 479232 483328
86 1 327680 331776
86 1 368640 372736
86 1 380928 389120
82 1 131072 135168
86 1 413696 417792
484 1 253952 258048
86 1 475136 479232
86 1 516096 520192
82 1 139264 143360
86 1 524288 528384
82 1 151552 155648
82 1 229376 241664
86 1 532480 536576
82 1 258048 262144
86 1 557056 561152
82 1 282624 286720
82 1 303104 307200
86 1 569344 573440
82 1 311296 315392
82 1 344064 348160
86 1 593920 598016
82 1 356352 360448
83 1 548864 552960
82 1 372736 380928
86 1 651264 655360
82 1 385024 389120
82 1 409600 413696
87 1 4096 8192
82 1 512000 524288
83 1 577536 585728
82 1 532480 536576
83 1 598016 606208
83 1 618496 622592
83 1 634880 643072
87 1 20480 24576
84 1 4096 8192
84 1 49152 53248
87 1 32768 40960
84 1 69632 73728
84 1 81920 90112
868 1 499712 503808
87 1 102400 106496
84 1 147456 151552
84 1 172032 176128
84 1 184320 188416
82 1 565248 569344
82 1 573440 581632
84 1 208896 212992
82 1 614400 622592
84 1 253952 258048
82 1 638976 643072
84 1 294912 299008
87 1 114688 118784
87 1 143360 147456
725 1 53248 57344
84 1 331776 335872
84 1 368640 372736
83 1 12288 16384
83 1 32768 36864
83 1 65536 69632
87 1 159744 163840
83 1 90112 94208
87 1 167936 172032
83 1 106496 114688
87 2 180224 196608 196608 200704
87 1 212992 225280
87 1 274432 286720
87 1 290816 303104
84 1 458752 462848
84 1 471040 475136
84 1 495616 499712
84 1 516096 520192
84 1 532480 536576
87 1 352256 364544
84 1 540672 544768
84 1 548864 552960
84 1 593920 602112
87 1 425984 430080
84 1 647168 651264
87 1 446464 450560
682 1 106496 110592
87 1 528384 532480
85 1 4096 8192
88 1 110592 114688
88 1 204800 208896
85 1 16384 20480
88 1 253952 258048
88 1 278528 282624
85 1 24576 36864
191 1 471040 475136
85 1 53248 61440
85 1 94208 98304
88 1 618496 622592
831 2 24576 65536 65536 98304
85 1 188416 192512
189 1 163840 167936
189 1 602112 606208
93 1 262144 266240
191 1 98304 102400
89 1 458752 466944
90 1 405504 409600
195 1 630784 634880
196 1 16384 20480
91 1 53248 57344
196 1 126976 131072
91 1 479232 483328
85 1 217088 225280
85 1 249856 253952
85 1 258048 262144
508 1 565248 569344
85 1 290816 294912
509 1 65536 69632
85 1 299008 303104
509 1 217088 221184
314 1 135168 167936
85 1 327680 331776
85 1 401408 405504
85 1 446464 450560
85 1 557056 561152
509 1 368640 372736
196 1 512000 516096
85 1 569344 573440
509 1 532480 536576
510 1 28672 32768
85 1 585728 589824
510 1 180224 184320
85 1 651264 655360
504 1 139264 143360
510 1 278528 282624
86 1 32768 36864
504 1 487424 491520
510 1 331776 335872
86 1 45056 49152
505 1 221184 225280
510 1 622592 626688
86 1 61440 65536
505 1 270336 282624
86 1 77824 81920
505 1 376832 380928
86 1 126976 131072
487 1 241664 253952
86 1 167936 172032
86 1 192512 196608
510 1 638976 643072
511 1 192512 196608
511 1 245760 249856
208 1 212992 221184
831 1 98304 102400
512 1 335872 339968
513 1 131072 135168
513 1 188416 192512
513 1 217088 229376
513 1 266240 270336
86 1 217088 221184
513 1 524288 528384
515 1 589824 593920
86 1 253952 258048
513 1 614400 618496
516 1 176128 180224
187 1 159744 163840
188 1 86016 90112
188 1 364544 368640
129 1 532480 536576
188 1 372736 376832
129 1 638976 643072
505 1 532480 536576
130 1 229376 233472
505 1 630784 638976
514 1 364544 368640
130 1 258048 262144
505 1 643072 647168
130 1 319488 323584
506 1 253952 258048
514 1 417792 421888
507 1 389120 393216
507 1 442368 446464
514 1 540672 544768
507 1 548864 552960
508 1 311296 315392
514 1 565248 569344
508 1 389120 393216
515 1 81920 86016
314 1 167936 172032
515 1 114688 118784
487 1 253952 258048
473 2 577536 589824 589824 598016
131 1 413696 417792
131 1 569344 573440
130 1 339968 344064
131 1 651264 655360
132 1 348160 352256
132 1 561152 565248
473 1 598016 602112
233 1 425984 430080
233 1 536576 540672
233 1 647168 651264
233 1 417792 421888
233 1 421888 425984
130 1 409600 413696
665 1 491520 495616
341 1 196608 208896
769 1 147456 155648
341 1 208896 212992
448 1 40960 45056
182 1 253952 258048
279 1 552960 561152
473 1 602112 614400
858 1 274432 294912
473 1 614400 618496
22 1 532480 540672
636 1 286720 290816
22 1 544768 548864
133 1 643072 651264
858 1 294912 299008
921 1 499712 507904
248 1 69632 102400
785 1 471040 475136
33 1 434176 438272
597 1 380928 389120
248 1 102400 106496
510 1 622592 655360
25 1 507904 512000
461 1 520192 524288
8 1 196608 200704
47 1 163840 167936
939 1 569344 573440
939 1 577536 581632
393 3 225280 262144 262144 327680 327680 335872
430 1 0 36864
511 1 0 4096
393 1 335872 339968
430 1 36864 40960
766 1 102400 106496
565 1 221184 229376
415 1 405504 446464
444 1 4096 28672
604 1 483328 487424
785 1 479232 483328
415 1 446464 450560
444 1 28672 32768
767 1 516096 520192
415 2 450560 458752 458752 483328
927 1 462848 466944
934 1 372736 376832
707 1 253952 258048
72 1 0 4096
415 1 483328 487424
465 1 634880 655360
575 1 307200 315392
176 1 561152 565248
415 1 487424 503808
444 1 32768 45056
466 1 0 4096
484 1 184320 188416
415 1 503808 507904
444 1 45056 49152
977 1 393216 397312
331 1 73728 131072
966 1 376832 380928
916 1 172032 180224
331 1 131072 139264
359 1 229376 241664
803 1 229376 233472
224 1 491520 495616
434 2 258048 262144 262144 282624
766 1 139264 143360
331 1 139264 143360
434 1 282624 286720
466 1 569344 573440
359 1 241664 245760
359 1 245760 253952
61 1 335872 339968
567 1 466944 471040
53 1 225280 229376
772 1 45056 49152
400 1 372736 380928
359 1 253952 258048
400 1 380928 385024
325 1 475136 479232
5 1 102400 106496
691 1 8192 12288
464 1 229376 253952
617 1 311296 315392
705 1 425984 434176
464 1 253952 258048
222 1 647168 651264
335 1 569344 573440
803 1 241664 245760
276 1 516096 520192
766 1 143360 147456
468 3 131072 196608 196608 262144 262144 270336
737 1 49152 53248
214 1 106496 114688
805 1 299008 303104
479 1 0 12288
957 1 65536 69632
460 2 53248 65536 65536 77824
28 1 389120 393216
468 1 270336 274432
479 1 12288 16384
208 1 217088 233472
773 1 262144 266240
167 1 327680 344064
694 1 0 8192
739 1 315392 327680
415 2 507904 524288 524288 573440
694 1 8192 12288
174 1 290816 319488
167 1 344064 385024
415 2 573440 589824 589824 606208
739 1 327680 344064
805 2 122880 131072 131072 143360
813 2 360448 393216 393216 421888
694 1 12288 16384
473 1 618496 655360
474 1 0 20480
167 2 385024 393216 393216 405504
739 1 344064 352256
936 1 405504 409600
941 1 16384 20480
174 2 319488 327680 327680 389120
937 1 36864 40960
933 1 450560 454656
941 1 626688 630784
937 2 126976 131072 131072 135168
414 1 430080 434176
805 1 143360 180224
937 1 184320 188416
415 1 229376 233472
937 1 577536 581632
937 1 229376 233472
425 1 569344 573440
938 1 57344 61440
933 1 471040 475136
419 1 450560 454656
593 1 475136 479232
938 1 434176 442368
419 1 499712 503808
595 1 24576 28672
416 1 28672 32768
938 1 569344 573440
420 1 417792 421888
416 1 528384 532480
420 1 569344 573440
939 1 262144 266240
167 1 405504 430080
694 1 16384 20480
421 1 65536 69632
417 1 434176 442368
556 1 290816 294912
939 1 577536 581632
939 1 610304 618496
418 1 311296 315392
940 1 163840 167936
421 1 221184 225280
418 1 479232 483328
813 3 421888 458752 458752 524288 524288 585728
422 1 339968 344064
419 1 8192 16384
421 1 372736 376832
1 1 397312 401408
422 1 499712 503808
421 1 524288 528384
422 1 36864 40960
423 1 24576 28672
832 1 45056 49152
422 1 188416 192512
423 1 122880 126976
595 2 167936 196608 196608 208896
240 1 20480 32768
423 1 225280 229376
423 1 401408 405504
833 1 389120 393216
460 1 77824 81920
542 1 585728 589824
424 1 65536 69632
856 1 290816 294912
16 1 233472 237568
739 2 352256 393216 393216 405504
493 1 45056 49152
424 1 241664 245760
424 1 393216 397312
415 1 606208 610304
739 1 421888 434176
174 2 389120 393216 393216 425984
805 1 180224 192512
879 1 577536 581632
474 1 20480 24576
167 1 430080 438272
762 1 245760 249856
739 1 405504 421888
879 1 593920 598016
813 2 585728 589824 589824 655360
814 1 0 20480
739 2 438272 458752 458752 495616
424 1 536576 544768
859 1 622592 626688
424 1 626688 630784
739 1 552960 557056
167 1 438272 446464
739 1 495616 499712
739 1 503808 507904
785 1 483328 487424
174 2 425984 458752 458752 466944
739 1 557056 581632
442 1 565248 569344
814 1 20480 49152
456 3 204800 262144 262144 327680 327680 380928
174 1 466944 487424
174 1 487424 499712
415 1 610304 655360
416 1 0 4096
313 1 618496 630784
803 1 385024 389120
313 1 630784 634880
416 1 4096 8192
456 1 380928 385024
351 1 614400 618496
739 1 503808 507904
739 1 577536 581632
162 1 204800 208896
154 1 602112 606208
742 1 258048 262144
456 2 385024 393216 393216 421888
647 1 335872 339968
313 1 634880 643072
555 1 151552 155648
555 1 163840 167936
125 1 491520 495616
580 1 548864 552960
197 1 90112 94208
833 1 393216 397312
988 1 544768 548864
832 1 65536 69632
392 1 53248 65536
287 1 479232 483328
972 1 253952 258048
833 1 401408 405504
662 1 282624 286720
337 2 122880 131072 131072 172032
456 1 421888 425984
859 1 98304 102400
395 1 536576 540672
662 1 311296 315392
804 1 651264 655360
662 1 319488 323584
772 1 626688 630784
939 1 167936 172032
776 1 311296 319488
939 1 192512 196608
773 1 253952 258048
216 1 16384 20480
776 1 327680 335872
773 1 303104 315392
493 1 270336 274432
777 1 294912 299008
773 1 319488 323584
777 1 409600 413696
769 1 454656 458752
777 1 442368 450560
823 1 573440 581632
208 1 380928 389120
159 1 471040 475136
769 1 458752 466944
777 1 458752 462848
879 1 618496 622592
770 1 397312 401408
770 1 417792 421888
227 1 188416 192512
392 1 65536 69632
880 1 49152 53248
880 1 225280 233472
313 1 643072 647168
125 1 491520 495616
773 1 319488 323584
742 1 258048 262144
701 1 327680 331776
337 1 172032 176128
612 1 577536 581632
828 1 487424 491520
313 1 647168 655360
337 1 176128 184320
512 1 413696 430080
314 1 0 4096
989 1 393216 397312
597 2 385024 393216 393216 401408
337 1 184320 188416
512 1 430080 434176
81 1 348160 352256
206 1 16384 20480
321 2 315392 327680 327680 364544
324 1 520192 524288
108 1 622592 626688
223 1 135168 139264
803 1 245760 249856
430 2 40960 65536 65536 102400
765 1 282624 286720
321 1 364544 368640
742 2 389120 393216 393216 421888
430 1 102400 106496
739 1 491520 495616
387 1 425984 446464
75 1 286720 303104
394 1 516096 520192
387 1 446464 450560
342 2 40960 65536 65536 122880
739 1 487424 491520
62 1 397312 401408
342 1 122880 126976
642 1 372736 380928
319 1 552960 557056
387 1 610304 622592
336 1 40960 45056
396 1 417792 442368
380 1 598016 602112
396 1 442368 446464
387 1 622592 626688
677 1 139264 143360
139 2 557056 589824 589824 614400
139 1 614400 618496
421 1 32768 36864
314 2 311296 327680 327680 385024
102 2 389120 393216 393216 405504
724 1 622592 626688
320 1 118784 126976
724 1 651264 655360
725 1 126976 131072
725 1 200704 204800
725 1 413696 417792
725 1 450560 454656
725 1 487424 491520
725 1 495616 499712
725 1 577536 581632
726 1 282624 286720
726 1 311296 315392
726 1 438272 442368
717 1 36864 40960
717 1 192512 196608
726 1 12288 16384
717 1 344064 348160
726 1 524288 528384
314 1 385024 389120
717 1 495616 499712
726 1 548864 552960
717 1 647168 651264
727 1 77824 81920
718 1 143360 147456
727 1 331776 335872
718 1 294912 299008
727 1 483328 487424
730 1 159744 163840
727 1 503808 507904
728 1 32768 36864
720 1 102400 106496
728 1 139264 143360
730 1 319488 327680
728 1 630784 634880
718 1 450560 454656
720 1 253952 258048
729 1 307200 311296
719 1 32768 36864
720 1 405504 413696
138 1 69632 73728
719 1 303104 307200
720 1 557056 565248
719 1 454656 458752
721 1 57344 61440
719 1 606208 610304
721 1 208896 212992
512 1 434176 458752
127 1 184320 188416
130 1 475136 495616
550 1 581632 589824
543 1 28672 32768
632 1 196608 229376
628 2 368640 393216 393216 430080
543 1 32768 36864
550 1 589824 593920
632 1 229376 258048
628 2 430080 458752 458752 495616
550 1 593920 602112
632 2 258048 262144 262144 290816
512 1 458752 462848
543 1 36864 40960
632 1 290816 327680
628 2 495616 524288 524288 573440
550 1 602112 606208
247 1 122880 126976
628 2 573440 589824 589824 655360
629 1 0 4096
908 1 274432 278528
219 2 585728 589824 589824 593920
381 1 536576 544768
543 1 40960 49152
550 1 606208 634880
551 2 4096 65536 65536 86016
551 2 90112 131072 131072 151552
551 1 155648 184320
551 2 200704 262144 262144 282624
430 1 180224 196608
632 2 327680 393216 393216 409600
476 1 364544 376832
629 3 4096 65536 65536 131072 131072 192512
780 1 0 4096
476 1 376832 380928
705 1 212992 217088
499 1 286720 290816
936 1 573440 581632
701 1 610304 614400
293 1 180224 184320
551 1 180224 184320
640 1 45056 49152
487 1 471040 475136
950 1 462848 471040
128 1 122880 131072
799 1 610304 614400
325 1 118784 122880
1 1 401408 409600
556 1 389120 393216
776 1 204800 208896
159 1 557056 561152
833 1 389120 393216
493 1 40960 45056
770 1 405504 409600
841 1 413696 417792
323 1 155648 159744
876 1 581632 585728
26 1 249856 253952
345 1 528384 532480
399 1 462848 466944
984 1 8192 12288
361 1 274432 307200
858 2 299008 327680 327680 372736
361 1 307200 311296
1 1 397312 401408
777 1 135168 143360
832 1 36864 40960
832 1 45056 57344
484 1 548864 552960
833 1 397312 405504
769 1 536576 540672
662 1 479232 483328
760 1 212992 217088
637 1 262144 266240
117 1 495616 499712
940 1 499712 503808
858 1 372736 376832
335 1 573440 577536
468 2 274432 327680 327680 339968
159 1 466944 471040
159 1 479232 483328
125 1 491520 495616
337 2 188416 196608 196608 208896
997 1 479232 483328
430 1 196608 200704
467 1 552960 561152
468 1 339968 344064
46 1 262144 266240
548 1 524288 528384
465 1 393216 397312
185 1 442368 446464
337 1 208896 212992
420 1 462848 491520
335 1 577536 581632
811 1 81920 86016
420 1 491520 495616
951 1 73728 77824
447 2 323584 327680 327680 348160
416 2 8192 65536 65536 73728
468 1 344064 393216
416 1 73728 114688
372 2 237568 262144 262144 278528
139 1 618496 655360
140 1 0 20480
447 1 348160 352256
468 1 393216 397312
416 1 114688 118784
372 1 278528 282624
140 1 20480 24576
444 1 303104 311296
421 1 32768 36864
444 1 311296 315392
781 1 282624 286720
767 1 401408 405504
785 1 454656 458752
690 1 147456 151552
813 1 548864 557056
897 1 618496 622592
319 2 204800 262144 262144 294912
534 1 368640 376832
490 1 303104 307200
901 1 176128 180224
478 1 294912 327680
390 2 409600 458752 458752 466944
609 1 172032 176128
668 1 208896 212992
689 1 503808 507904
319 1 294912 299008
478 1 327680 331776
430 3 61440 65536 65536 131072 131072 143360
430 1 143360 147456
125 1 557056 585728
430 1 147456 159744
400 2 385024 393216 393216 405504
430 1 159744 163840
400 1 405504 409600
1 1 401408 405504
555 1 335872 339968
555 1 425984 430080
218 1 262144 266240
831 1 651264 655360
913 1 352256 356352
913 1 507904 512000
769 1 524288 528384
775 1 290816 294912
2 1 589824 602112
555 1 532480 540672
216 1 24576 32768
216 1 147456 151552
682 1 151552 155648
400 1 409600 425984
400 1 425984 430080
773 1 221184 225280
552 1 192512 196608
560 1 536576 540672
552 1 204800 208896
139 2 520192 524288 524288 532480
544 1 524288 528384
357 2 442368 458752 458752 466944
948 1 196608 200704
193 1 421888 425984
357 1 466944 471040
390 1 466944 471040
368 2 417792 458752 458752 516096
292 1 643072 647168
368 1 516096 520192
915 1 565248 573440
67 1 335872 339968
775 1 520192 524288
1 1 393216 397312
1 1 401408 405504
555 1 196608 200704
555 1 262144 266240
833 1 393216 397312
776 1 327680 331776
495 1 573440 577536
556 2 389120 393216 393216 397312
777 1 90112 94208
773 1 253952 258048
606 1 393216 397312
777 1 102400 106496
832 1 28672 32768
832 1 36864 40960
773 1 311296 315392
777 1 114688 118784
833 1 389120 393216
61 1 258048 262144
823 1 573440 577536
493 1 270336 274432
458 1 270336 274432
769 1 458752 462848
435 1 446464 458752
769 1 528384 532480
770 1 417792 421888
876 1 552960 557056
401 1 638976 655360
357 1 339968 360448
829 1 520192 524288
570 1 262144 266240
435 1 458752 462848
641 1 524288 528384
468 2 397312 458752 458752 483328
339 1 245760 253952
773 1 225280 229376
162 1 507904 512000
439 1 212992 217088
339 1 253952 258048
468 1 483328 487424
107 1 131072 135168
438 1 237568 241664
388 1 90112 102400
517 1 598016 655360
518 1 0 28672
386 1 344064 360448
386 1 360448 364544
388 1 102400 106496
2 1 598016 622592
518 1 28672 32768
829 1 520192 524288
400 1 430080 446464
468 1 487424 524288
400 1 446464 450560
901 1 180224 184320
438 1 237568 241664
776 1 118784 122880
383 1 4096 8192
468 1 524288 528384
161 1 557056 561152
166 1 159744 167936
386 1 364544 389120
633 1 618496 622592
192 1 57344 61440
447 1 352256 380928
682 1 106496 110592
951 1 73728 77824
340 1 507904 520192
373 1 327680 339968
775 1 196608 200704
314 1 172032 184320
357 1 360448 364544
641 1 524288 528384
447 1 380928 385024
402 1 0 4096
386 1 389120 393216
339 2 258048 262144 262144 266240
314 1 184320 188416
373 1 339968 344064
706 1 385024 389120
339 1 266240 270336
340 1 520192 524288
423 2 520192 524288 524288 528384
467 1 557056 573440
424 1 78848 79872
420 1 495616 524288
420 1 524288 557056
420 1 557056 561152
430 2 163840 196608 196608 208896
739 1 557056 561152
430 1 208896 212992
775 1 200704 204800
356 2 368640 393216 393216 405504
430 1 212992 229376
276 1 520192 524288
356 1 405504 409600
817 1 139264 143360
430 1 229376 233472
829 1 520192 524288
813 1 552960 569344
468 1 528384 577536
125 2 581632 589824 589824 606208
1 1 397312 405504
555 1 159744 163840
449 1 286720 299008
556 1 389120 393216
833 1 397312 401408
478 1 331776 385024
776 1 327680 331776
495 1 573440 577536
374 1 618496 622592
773 1 327680 331776
759 1 458752 462848
784 1 417792 421888
601 1 573440 577536
833 1 376832 380928
400 2 450560 458752 458752 471040
770 1 397312 401408
842 1 155648 159744
46 1 319488 323584
275 1 147456 151552
468 1 577536 581632
323 1 180224 184320
153 1 409600 413696
153 1 589824 593920
154 1 602112 606208
400 1 471040 475136
902 1 397312 401408
777 1 540672 544768
776 1 151552 155648
449 1 299008 303104
573 1 196608 200704
338 1 0 32768
635 1 512000 520192
661 2 20480 65536 65536 102400
667 1 376832 393216
691 1 462848 495616
696 2 569344 589824 589824 606208
468 2 581632 589824 589824 618496
662 2 294912 327680 327680 331776
573 1 200704 204800
125 1 602112 622592
616 1 499712 503808
635 1 520192 524288
696 1 606208 651264
691 1 495616 520192
662 1 331776 368640
667 2 393216 458752 458752 491520
691 2 520192 524288 524288 544768
696 1 651264 655360
697 1 0 28672
573 1 204800 208896
697 1 32768 40960
667 2 491520 524288 524288 573440
635 1 524288 528384
109 1 159744 163840
198 1 303104 327680
662 2 368640 393216 393216 405504
667 1 573440 585728
697 2 40960 65536 65536 86016
691 1 544768 565248
137 1 573440 589824
400 1 475136 495616
573 1 208896 212992
573 1 241664 245760
468 1 618496 622592
635 1 528384 540672
478 1 385024 389120
662 1 405504 438272
400 1 495616 499712
573 3 249856 262144 262144 327680 327680 331776
691 1 565248 589824
662 1 438272 458752
662 1 462848 471040
697 1 86016 126976
329 1 32768 36864
871 1 483328 487424
673 1 131072 135168
662 1 466944 471040
697 1 122880 126976
757 1 462848 471040
783 1 102400 106496
46 1 303104 319488
731 1 585728 589824
400 1 499712 520192
455 1 626688 655360
456 1 0 12288
693 1 200704 204800
400 1 520192 524288
125 1 618496 647168
827 1 647168 651264
400 1 524288 544768
456 1 12288 16384
400 1 544768 548864
904 1 643072 647168
340 1 262144 266240
194 1 557056 573440
821 1 589824 647168
468 1 622592 655360
469 1 0 16384
102 1 573440 577536
469 1 16384 20480
764 1 585728 589824
156 1 180224 188416
505 1 626688 655360
506 1 0 40960
156 1 188416 192512
212 1 229376 233472
829 1 520192 524288
329 1 36864 40960
504 1 12288 24576
469 2 20480 65536 65536 118784
504 1 24576 28672
585 1 335872 339968
866 1 49152 53248
506 1 40960 45056
608 1 344064 348160
62 1 372736 376832
489 1 634880 638976
469 1 118784 122880
885 1 368640 376832
329 1 40960 45056
829 1 520192 524288
135 1 139264 143360
133 1 409600 413696
135 1 434176 438272
135 1 495616 499712
136 1 118784 122880
133 1 434176 438272
136 1 200704 204800
133 1 462848 466944
141 1 315392 319488
133 1 483328 487424
137 1 630784 634880
133 1 499712 503808
142 1 16384 20480
136 1 315392 319488
138 1 36864 40960
133 1 536576 540672
179 1 339968 344064
138 1 229376 233472
134 1 36864 40960
136 1 331776 335872
180 1 139264 143360
134 1 159744 163840
137 1 24576 36864
138 1 442368 446464
191 1 155648 159744
180 1 593920 598016
137 1 40960 45056
191 1 184320 188416
181 1 389120 393216
184 1 208896 212992
191 1 241664 245760
181 1 442368 446464
184 1 421888 425984
191 1 348160 352256
182 1 352256 356352
138 1 561152 565248
191 1 495616 499712
183 1 237568 241664
185 1 241664 245760
191 1 524288 528384
183 1 430080 434176
139 1 266240 270336
185 1 278528 282624
191 1 552960 557056
139 1 475136 479232
185 1 331776 335872
410 1 159744 163840
139 1 491520 495616
185 1 483328 487424
139 1 643072 647168
185 1 634880 638976
162 1 458752 462848
140 1 163840 167936
186 1 143360 147456
187 1 249856 253952
411 2 237568 262144 262144 282624
187 1 421888 425984
188 1 180224 184320
188 1 602112 606208
189 1 110592 114688
189 1 262144 266240
186 1 294912 299008
186 1 446464 450560
189 1 581632 585728
186 1 602112 606208
469 3 122880 131072 131072 196608 196608 204800
187 1 98304 102400
190 1 0 4096
701 1 118784 122880
332 2 241664 262144 262144 315392
469 1 204800 208896
332 1 315392 319488
232 1 139264 143360
4 1 524288 528384
486 1 126976 131072
332 1 319488 327680
829 1 520192 524288
469 2 208896 262144 262144 282624
332 1 327680 331776
469 1 282624 286720
739 1 557056 561152
356 1 409600 454656
772 1 45056 49152
134 1 90112 94208
813 1 286720 299008
370 2 356352 393216 393216 417792
280 1 118784 122880
100 1 319488 327680
356 1 454656 458752
739 1 487424 491520
391 1 290816 323584
706 1 647168 651264
391 1 323584 327680
370 1 417792 421888
966 1 376832 380928
356 1 458752 491520
629 1 81920 86016
468 2 393216 458752 458752 466944
356 1 491520 495616
391 1 327680 339968
272 1 139264 143360
453 2 520192 524288 524288 548864
356 1 495616 512000
931 1 610304 614400
391 1 339968 344064
468 1 466944 471040
2 1 618496 651264
207 1 180224 184320
648 1 303104 311296
356 1 512000 516096
453 1 548864 552960
400 1 548864 565248
803 1 249856 253952
892 1 630784 638976
580 1 208896 217088
400 1 565248 569344
931 1 610304 614400
671 1 311296 315392
765 1 352256 356352
671 1 315392 319488
931 1 610304 614400
453 1 552960 561152
41 2 299008 327680 327680 331776
453 1 561152 565248
761 1 139264 143360
767 1 544768 548864
513 1 372736 393216
513 1 393216 405504
2 1 647168 655360
668 1 180224 184320
768 1 339968 344064
317 1 561152 565248
449 1 20480 24576
630 1 417792 421888
496 1 401408 405504
400 1 569344 585728
513 1 405504 409600
972 1 536576 552960
400 1 585728 589824
416 1 479232 495616
952 1 286720 290816
416 1 495616 499712
125 1 643072 651264
400 1 589824 610304
533 1 536576 540672
400 1 610304 614400
873 1 180224 184320
1 1 393216 397312
25 1 507904 512000
1 1 401408 405504
833 1 393216 405504
555 1 196608 200704
495 1 540672 544768
555 1 262144 266240
556 1 389120 393216
790 1 241664 245760
222 1 651264 655360
223 1 0 4096
606 1 393216 397312
777 1 135168 139264
870 1 69632 73728
832 1 45056 49152
832 1 53248 57344
832 1 65536 69632
833 1 389120 393216
971 1 466944 471040
769 1 454656 458752
460 1 446464 458752
842 1 159744 163840
842 1 610304 614400
46 1 274432 278528
429 1 397312 413696
155 1 557056 561152
460 1 458752 462848
155 1 614400 618496
806 1 262144 266240
774 1 245760 249856
766 1 155648 159744
429 1 413696 417792
636 1 286720 290816
362 1 163840 167936
248 1 106496 118784
248 1 118784 122880
776 1 491520 495616
776 1 491520 495616
283 1 311296 315392
1 1 413696 417792
605 1 622592 626688
260 1 540672 544768
200 1 299008 303104
990 1 409600 413696
22 1 536576 540672
22 1 544768 548864
109 1 401408 405504
111 2 192512 196608 196608 200704
183 1 69632 73728
183 1 122880 126976
183 1 172032 176128
183 1 221184 225280
278 1 16384 20480
248 1 122880 126976
330 1 385024 389120
250 1 557056 561152
523 1 249856 253952
183 1 274432 278528
636 1 286720 290816
327 1 12288 16384
256 1 389120 393216
111 1 200704 204800
182 1 270336 274432
275 1 421888 425984
267 1 294912 299008
760 1 634880 638976
258 1 442368 446464
265 1 598016 602112
271 1 647168 651264
280 1 69632 73728
273 1 368640 372736
329 1 479232 483328
282 1 647168 651264
329 1 528384 532480
333 1 180224 184320
329 1 577536 581632
348 2 49152 65536 65536 77824
24 1 368640 372736
960 1 20480 24576
211 1 204800 208896
967 1 339968 344064
254 1 458752 462848
251 1 471040 475136
105 1 536576 540672
109 1 114688 118784
251 1 524288 528384
106 1 598016 602112
109 1 405504 409600
251 1 573440 577536
182 1 290816 294912
249 1 192512 196608
265 1 606208 610304
106 1 184320 188416
109 1 512000 516096
168 1 565248 569344
125 1 647168 655360
126 1 0 20480
500 1 409600 421888
106 1 53248 57344
457 1 90112 94208
106 1 73728 77824
348 1 77824 81920
190 1 421888 425984
106 1 638976 643072
267 1 294912 299008
400 1 614400 634880
182 1 270336 274432
111 2 192512 196608 196608 204800
183 1 69632 73728
248 1 122880 126976
256 1 389120 393216
183 1 122880 126976
636 1 286720 290816
280 1 69632 73728
250 1 307200 311296
282 1 647168 651264
183 1 172032 176128
253 1 327680 331776
333 1 180224 184320
278 1 16384 20480
250 1 557056 561152
329 1 479232 483328
625 1 159744 163840
183 1 221184 225280
275 1 421888 425984
329 1 528384 532480
183 1 274432 278528
271 1 647168 651264
327 1 12288 16384
329 1 577536 581632
330 1 385024 389120
258 1 442368 446464
273 1 368640 372736
500 1 421888 425984
400 1 634880 638976
251 1 499712 507904
954 1 348160 352256
24 1 368640 372736
356 1 516096 524288
333 1 184320 188416
110 1 540672 544768
960 1 20480 24576
182 1 290816 294912
251 1 471040 475136
251 1 524288 528384
109 1 610304 614400
251 1 573440 577536
264 1 364544 368640
356 2 524288 589824 589824 593920
2 1 651264 655360
3 1 0 28672
34 1 258048 262144
271 1 593920 598016
425 2 577536 589824 589824 618496
400 1 638976 655360
105 1 479232 483328
106 1 217088 221184
819 1 188416 192512
107 1 151552 155648
111 2 192512 196608 196608 208896
183 1 69632 73728
108 1 307200 311296
108 1 323584 327680
111 1 626688 630784
356 1 593920 598016
109 1 61440 65536
264 1 16384 24576
267 1 294912 299008
256 1 389120 393216
109 1 81920 86016
280 1 69632 73728
264 1 98304 102400
183 1 122880 126976
767 1 102400 106496
264 1 438272 442368
183 1 172032 176128
282 1 647168 651264
183 1 221184 225280
248 1 122880 126976
183 1 274432 278528
265 1 614400 618496
333 1 28672 32768
275 1 421888 425984
775 1 417792 421888
333 2 188416 196608 196608 200704
636 1 286720 290816
324 1 651264 655360
188 1 217088 221184
194 1 319488 323584
327 1 12288 16384
278 1 16384 20480
401 1 0 4096
194 1 520192 524288
208 1 331776 335872
330 1 385024 389120
425 1 618496 622592
247 1 516096 520192
258 1 442368 446464
273 1 368640 372736
333 1 180224 188416
333 1 200704 217088
626 1 647168 651264
140 2 24576 65536 65536 81920
356 1 598016 643072
333 1 217088 221184
24 1 368640 372736
960 1 20480 24576
212 1 573440 577536
22 1 536576 540672
105 1 512000 516096
191 1 155648 159744
411 1 147456 159744
22 1 544768 548864
106 1 557056 561152
110 1 319488 323584
767 1 524288 528384
107 1 262144 266240
112 1 253952 258048
107 1 53248 57344
109 1 20480 24576
269 1 348160 352256
188 1 143360 147456
256 1 389120 393216
280 1 69632 73728
109 1 348160 352256
188 1 217088 221184
208 1 192512 196608
282 1 647168 651264
278 1 16384 20480
270 1 618496 622592
258 1 442368 446464
210 1 28672 32768
333 1 28672 32768
273 1 368640 372736
211 1 180224 184320
333 1 184320 188416
275 1 421888 425984
324 1 651264 655360
111 2 192512 196608 196608 200704
111 1 204800 208896
327 1 12288 16384
140 1 81920 86016
264 1 98304 102400
264 1 438272 442368
356 1 643072 647168
636 1 286720 290816
411 1 159744 163840
421 1 32768 36864
779 1 299008 303104
978 3 172032 196608 196608 262144 262144 307200
652 1 28672 32768
394 1 606208 614400
1 1 401408 405504
1 1 413696 417792
555 1 491520 495616
117 2 184320 196608 196608 221184
117 1 237568 241664
661 1 77824 81920
555 1 503808 507904
112 1 69632 86016
876 1 180224 184320
850 1 471040 475136
179 1 356352 360448
108 1 532480 536576
113 1 20480 28672
108 1 540672 544768
113 1 32768 36864
108 1 598016 602112
302 1 69632 73728
399 1 569344 573440
707 1 172032 176128
978 1 172032 176128
656 1 196608 200704
489 1 397312 401408
198 1 299008 303104
403 1 548864 552960
489 1 401408 425984
978 1 163840 172032
980 1 94208 131072
489 1 425984 430080
982 1 208896 221184
897 1 487424 491520
982 1 229376 233472
897 1 499712 503808
982 1 266240 270336
982 1 237568 241664
982 1 245760 258048
982 1 282624 286720
982 1 303104 315392
982 1 360448 364544
982 2 380928 393216 393216 405504
982 1 421888 425984
767 1 544768 548864
978 1 172032 176128
684 1 225280 241664
124 1 425984 430080
416 2 499712 524288 524288 552960
374 2 204800 262144 262144 278528
919 1 536576 540672
416 1 552960 557056
919 1 536576 544768
374 1 278528 282624
1 1 397312 401408
555 1 155648 159744
833 1 401408 405504
556 1 389120 393216
580 1 258048 262144
347 1 622592 655360
348 1 0 24576
809 1 417792 421888
832 1 28672 32768
577 1 651264 655360
493 1 0 4096
33 1 0 4096
769 1 524288 528384
153 1 532480 536576
348 1 24576 28672
777 1 503808 512000
766 1 155648 159744
387 1 163840 167936
767 1 552960 557056
452 1 442368 454656
461 1 507904 516096
452 1 454656 458752
178 1 16384 24576
978 3 172032 196608 196608 262144 262144 303104
442 1 528384 548864
978 1 172032 176128
442 1 548864 552960
870 1 106496 110592
980 1 94208 131072
978 1 163840 172032
982 1 208896 221184
982 1 229376 233472
982 1 237568 241664
982 1 245760 258048
982 1 266240 270336
982 1 282624 286720
556 1 401408 405504
982 1 303104 315392
982 2 380928 393216 393216 405504
982 1 421888 425984
281 1 536576 540672
126 1 16384 24576
889 1 49152 57344
452 1 458752 466944
978 1 172032 176128
401 1 4096 24576
452 1 466944 471040
344 1 4096 12288
590 1 368640 372736
401 1 24576 28672
773 1 270336 274432
776 1 204800 208896
325 1 475136 479232
682 1 155648 159744
429 1 282624 286720
912 1 24576 28672
459 1 512000 516096
819 1 65536 69632
565 1 225280 241664
379 2 45056 65536 65536 69632
444 3 49152 65536 65536 131072 131072 151552
289 1 385024 389120
379 1 69632 73728
423 1 454656 458752
510 1 192512 196608
978 2 172032 196608 196608 208896
444 1 151552 155648
452 1 167936 184320
401 1 28672 36864
775 1 417792 421888
253 1 569344 581632
978 1 172032 176128
452 1 184320 188416
401 1 36864 40960
360 2 438272 458752 458752 471040
980 1 94208 98304
980 1 106496 110592
980 1 114688 122880
978 1 167936 172032
982 1 339968 344064
440 1 307200 311296
417 2 544768 589824 589824 610304
982 1 360448 364544
982 1 385024 389120
360 1 471040 475136
978 1 172032 176128
417 1 610304 614400
763 1 598016 602112
126 1 20480 40960
652 1 28672 32768
489 1 430080 454656
376 1 565248 569344
401 1 40960 61440
918 1 438272 442368
401 1 61440 65536
489 1 454656 458752
300 1 118784 126976
767 1 552960 557056
204 1 561152 569344
351 2 430080 458752 458752 471040
278 1 499712 507904
3 1 24576 53248
774 1 610304 655360
775 1 0 8192
33 1 335872 339968
351 1 471040 475136
440 1 327680 364544
704 1 118784 122880
290 1 204800 208896
104 1 401408 409600
401 1 65536 81920
775 1 8192 12288
440 1 364544 368640
328 2 331776 393216 393216 438272
416 2 118784 131072 131072 184320
416 1 184320 188416
328 1 438272 442368
401 1 81920 86016
886 1 57344 61440
104 1 405504 409600
62 1 372736 376832
337 1 73728 110592
280 1 40960 49152
416 1 188416 192512
28 1 184320 188416
978 1 172032 192512
337 1 110592 114688
511 2 368640 393216 393216 397312
284 1 208896 212992
978 1 172032 176128
511 1 397312 401408
200 1 512000 520192
980 1 94208 98304
980 1 106496 110592
978 1 167936 172032
982 1 360448 364544
200 1 516096 520192
771 2 172032 196608 196608 208896
978 1 172032 176128
771 1 208896 212992
671 1 319488 323584
849 1 110592 114688
22 1 352256 356352
338 1 32768 65536
889 1 106496 110592
611 6 266240 327680 327680 393216 393216 458752 458752 524288 524288 589824 589824 655360
612 2 0 65536 65536 126976
833 1 393216 397312
627 3 507904 524288 524288 589824 589824 598016
612 7 126976 131072 131072 196608 196608 262144 262144 327680 327680 393216 393216 458752 458752 471040
378 2 585728 589824 589824 598016
627 1 598016 602112
507 1 118784 122880
589 1 184320 188416
528 1 0 4096
316 2 389120 393216 393216 405504
378 1 598016 602112
514 1 483328 499712
575 1 299008 303104
316 1 405504 409600
371 1 61440 65536
559 1 495616 499712
533 1 364544 368640
3 1 49152 57344
113 1 651264 655360
401 1 86016 102400
401 1 102400 106496
323 1 49152 53248
675 1 253952 258048
423 2 118784 131072 131072 180224
514 1 499712 503808
795 1 65536 69632
762 2 561152 589824 589824 655360
763 3 0 65536 65536 131072 131072 151552
411 1 352256 360448
511 1 180224 184320
511 2 184320 196608 196608 221184
858 1 188416 192512
423 1 180224 184320
511 1 221184 225280
333 1 438272 450560
137 1 393216 397312
504 1 12288 24576
333 1 450560 454656
504 1 24576 28672
1 1 393216 397312
472 2 573440 589824 589824 638976
765 1 593920 598016
555 1 135168 139264
555 1 319488 323584
833 1 434176 438272
555 1 606208 610304
50 1 356352 360448
386 1 385024 389120
575 1 315392 319488
946 1 110592 114688
610 1 364544 368640
802 1 413696 417792
465 1 393216 397312
24 1 368640 372736
960 1 20480 24576
212 1 573440 577536
22 1 536576 540672
465 1 114688 122880
644 1 503808 507904
22 1 544768 548864
411 1 69632 81920
745 1 618496 622592
223 1 4096 8192
376 1 450560 454656
411 1 81920 86016
370 1 90112 94208
461 1 524288 528384
788 1 638976 643072
126 1 36864 45056
401 1 106496 126976
76 1 417792 421888
401 1 126976 131072
504 1 278528 282624
335 1 176128 188416
504 1 28672 57344
696 1 8192 16384
335 1 188416 192512
504 1 57344 61440
68 1 393216 397312
803 1 622592 630784
454 2 102400 131072 131072 184320
454 1 184320 188416
330 1 643072 647168
46 2 315392 327680 327680 331776
850 1 0 4096
3 2 53248 65536 65536 86016
245 1 630784 638976
454 2 188416 196608 196608 225280
401 1 131072 155648
420 2 561152 589824 589824 651264
333 1 217088 221184
111 2 192512 196608 196608 200704
107 1 188416 192512
636 1 286720 290816
256 1 389120 393216
183 1 69632 73728
454 1 225280 229376
267 1 294912 299008
183 1 122880 126976
330 1 385024 389120
183 1 172032 176128
280 1 69632 73728
250 1 557056 561152
282 1 647168 651264
183 1 221184 225280
327 1 12288 16384
183 1 274432 278528
278 1 16384 20480
258 1 442368 446464
329 1 479232 483328
248 1 122880 126976
401 1 155648 159744
329 1 528384 532480
275 1 421888 425984
273 1 368640 372736
329 1 577536 581632
24 1 368640 372736
111 1 200704 208896
960 1 20480 24576
265 1 618496 622592
265 1 626688 634880
111 1 208896 212992
333 1 221184 225280
111 1 114688 118784
333 1 217088 221184
265 1 397312 401408
189 1 421888 425984
242 1 368640 372736
265 1 405504 413696
1 1 397312 405504
556 1 389120 393216
420 1 651264 655360
582 1 315392 319488
832 1 45056 49152
265 1 413696 417792
833 1 376832 380928
993 1 143360 147456
265 1 421888 430080
503 1 626688 630784
265 1 434176 446464
385 1 417792 421888
292 1 643072 647168
24 1 368640 372736
789 1 602112 606208
265 1 450560 454656
662 1 311296 315392
256 1 389120 393216
777 1 393216 397312
267 1 294912 299008
495 1 540672 544768
265 1 454656 458752
769 1 524288 528384
258 1 442368 446464
777 1 385024 393216
351 1 638976 647168
273 1 368640 372736
773 1 307200 311296
384 1 155648 159744
265 1 462848 475136
111 2 192512 196608 196608 200704
46 1 311296 315392
869 1 598016 602112
775 1 196608 200704
253 1 598016 602112
337 1 290816 294912
878 1 598016 602112
337 1 299008 303104
159 1 446464 450560
46 1 327680 344064
473 1 40960 53248
401 1 159744 180224
669 1 151552 188416
473 1 53248 57344
103 1 16384 20480
295 1 253952 262144
401 1 180224 184320
459 1 610304 614400
448 2 241664 262144 262144 270336
448 1 270336 274432
46 1 339968 356352
768 1 24576 28672
401 2 184320 196608 196608 204800
401 1 204800 208896
533 1 516096 520192
562 1 446464 450560
15 1 98304 102400
870 1 438272 442368
405 1 106496 118784
756 1 376832 380928
401 1 208896 229376
405 1 118784 122880
30 1 614400 618496
401 1 229376 233472
510 1 208896 212992
951 1 221184 225280
459 1 368640 389120
770 1 262144 266240
346 1 487424 491520
465 1 598016 622592
35 1 65536 69632
459 1 389120 393216
548 1 425984 430080
465 1 622592 626688
820 1 266240 270336
346 1 487424 491520
461 1 516096 520192
714 1 385024 389120
511 1 225280 253952
938 1 434176 438272
25 1 122880 126976
411 1 356352 360448
368 3 204800 262144 262144 327680 327680 352256
346 1 487424 491520
465 1 626688 634880
511 1 253952 258048
568 1 479232 483328
69 1 155648 159744
645 3 425984 458752 458752 524288 524288 548864
465 1 634880 638976
310 1 466944 471040
729 1 413696 417792
864 3 425984 458752 458752 524288 524288 536576
453 2 61440 65536 65536 81920
453 1 81920 86016
485 1 270336 286720
266 1 438272 442368
901 1 53248 57344
773 1 221184 225280
600 1 335872 339968
642 1 188416 192512
501 1 458752 462848
477 1 593920 606208
46 1 352256 372736
477 1 606208 610304
401 1 233472 253952
143 1 483328 487424
401 1 253952 258048
485 1 286720 290816
46 1 368640 380928
401 2 258048 262144 262144 278528
438 2 221184 262144 262144 315392
401 1 278528 282624
46 1 376832 393216
112 1 262144 266240
438 1 315392 319488
771 1 524288 528384
447 2 131072 196608 196608 229376
401 1 282624 303104
401 1 303104 307200
795 1 65536 69632
875 1 475136 479232
447 1 229376 233472
297 1 442368 446464
762 1 98304 102400
477 1 610304 622592
46 2 389120 393216 393216 409600
189 1 147456 159744
477 1 622592 626688
401 1 307200 327680
368 1 352256 356352
189 1 155648 159744
401 1 327680 331776
861 2 507904 524288 524288 581632
861 1 581632 585728
826 1 118784 122880
818 1 86016 90112
871 1 483328 487424
454 1 487424 495616
915 1 237568 245760
454 1 495616 499712
731 1 499712 516096
1 1 401408 405504
556 1 270336 274432
767 1 147456 151552
662 1 315392 319488
767 1 385024 389120
299 1 397312 401408
769 1 401408 405504
556 1 634880 638976
218 1 389120 393216
772 1 536576 540672
465 1 393216 397312
138 1 131072 135168
439 1 32768 40960
817 1 364544 368640
817 1 372736 376832
789 1 348160 352256
810 1 417792 421888
6 1 53248 57344
810 1 524288 532480
808 1 69632 73728
122 1 446464 450560
808 1 159744 163840
811 1 102400 106496
280 1 69632 73728
874 1 634880 638976
333 1 221184 225280
122 1 28672 32768
275 1 421888 425984
282 1 647168 651264
278 1 16384 20480
960 1 20480 24576
183 1 69632 73728
924 1 335872 339968
636 1 286720 290816
333 1 217088 221184
950 1 569344 573440
944 1 409600 413696
107 1 274432 278528
559 1 561152 569344
220 1 225280 229376
948 1 516096 520192
330 1 385024 389120
183 1 122880 126976
986 1 28672 32768
946 1 462848 466944
953 1 40960 45056
327 1 12288 16384
251 1 471040 475136
982 1 548864 552960
183 1 172032 176128
250 1 557056 561152
988 1 294912 299008
955 1 94208 98304
183 1 221184 225280
996 1 421888 430080
251 1 524288 528384
6 1 49152 53248
183 1 274432 278528
248 1 122880 126976
251 1 573440 577536
265 1 393216 397312
911 1 57344 61440
811 1 106496 110592
917 1 69632 73728
911 1 65536 77824
996 1 434176 446464
911 1 81920 90112
934 1 311296 315392
806 1 544768 548864
806 1 249856 253952
973 1 98304 106496
973 1 110592 114688
142 1 241664 245760
996 1 483328 487424
780 1 425984 430080
156 1 528384 532480
864 1 131072 139264
55 1 8192 12288
400 1 73728 86016
595 1 278528 282624
128 1 135168 139264
400 1 86016 90112
481 1 438272 446464
407 1 651264 655360
481 1 446464 450560
554 2 163840 196608 196608 253952
386 2 495616 524288 524288 544768
356 2 585728 589824 589824 593920
353 1 634880 643072
357 1 20480 24576
354 1 0 4096
357 1 28672 32768
360 1 20480 28672
354 1 49152 53248
357 1 36864 40960
354 1 77824 81920
354 1 86016 90112
357 1 45056 49152
354 1 135168 139264
357 1 53248 57344
354 1 172032 180224
357 1 98304 102400
354 1 188416 192512
357 1 106496 110592
354 1 200704 204800
357 1 131072 135168
354 1 217088 221184
357 1 180224 184320
354 1 241664 245760
357 1 188416 192512
354 1 262144 266240
357 1 208896 212992
354 1 315392 319488
354 1 331776 339968
357 1 225280 229376
354 1 348160 352256
357 1 249856 253952
354 1 409600 413696
357 1 290816 299008
806 1 45056 49152
806 1 53248 57344
284 1 385024 389120
357 1 303104 307200
993 1 294912 299008
46 1 262144 266240
806 1 102400 106496
357 1 360448 364544
357 1 385024 389120
122 1 446464 450560
354 1 475136 479232
386 1 544768 548864
806 1 163840 167936
497 1 102400 114688
354 1 507904 512000
806 1 446464 450560
354 1 520192 524288
806 1 581632 585728
807 1 36864 40960
807 1 196608 200704
357 1 425984 434176
807 1 483328 487424
357 1 454656 458752
807 1 540672 544768
357 1 528384 532480
809 1 647168 651264
807 1 622592 626688
808 1 278528 282624
810 1 200704 204800
809 1 237568 241664
810 1 270336 274432
809 1 266240 270336
535 1 16384 20480
354 1 573440 577536
809 1 315392 319488
536 1 647168 651264
810 1 524288 532480
354 1 614400 622592
944 1 409600 413696
354 1 630784 634880
357 1 565248 569344
809 1 339968 344064
354 1 647168 651264
357 1 577536 581632
355 1 12288 16384
811 1 102400 114688
809 1 364544 368640
329 1 462848 466944
357 1 602112 610304
355 1 32768 36864
811 1 143360 147456
917 1 69632 73728
355 1 69632 73728
897 1 487424 491520
358 1 24576 28672
812 1 495616 499712
355 1 81920 86016
918 1 20480 24576
355 1 151552 163840
911 1 57344 61440
358 1 53248 57344
914 1 532480 536576
355 1 176128 184320
911 1 65536 77824
358 1 65536 69632
915 1 16384 24576
355 1 196608 204800
946 1 462848 466944
358 1 110592 114688
982 1 548864 552960
934 1 311296 315392
358 1 118784 122880
915 1 53248 57344
911 1 81920 90112
358 1 172032 176128
996 1 421888 430080
358 1 196608 200704
355 1 212992 217088
996 1 434176 446464
358 1 233472 241664
950 1 569344 573440
996 1 483328 487424
358 1 245760 253952
355 1 225280 229376
953 1 40960 45056
124 1 372736 376832
538 1 651264 655360
1 1 544768 548864
125 1 528384 532480
539 1 98304 102400
955 1 94208 98304
130 1 483328 487424
923 1 634880 638976
776 1 258048 262144
993 1 585728 589824
948 1 516096 520192
6 1 49152 61440
973 1 98304 106496
973 1 110592 114688
355 1 241664 253952
355 1 270336 274432
355 1 282624 286720
355 1 303104 307200
355 1 344064 352256
355 1 380928 385024
355 1 389120 393216
355 1 397312 401408
355 1 421888 425984
358 1 278528 282624
355 1 524288 528384
986 1 28672 32768
355 1 536576 544768
358 1 339968 344064
355 1 552960 557056
475 1 593920 618496
355 1 577536 581632
358 1 397312 401408
355 1 593920 598016
358 1 471040 475136
554 1 253952 258048
988 1 294912 299008
142 1 241664 249856
355 1 630784 634880
358 1 479232 483328
356 1 8192 12288
475 2 196608 262144 262144 307200
356 1 24576 28672
358 1 487424 495616
358 1 532480 540672
358 1 606208 610304
358 1 618496 622592
358 1 651264 655360
359 1 20480 24576
497 1 114688 118784
359 1 73728 77824
359 1 98304 102400
359 1 106496 110592
359 1 143360 147456
359 1 159744 163840
360 1 421888 425984
359 1 192512 196608
363 1 290816 294912
359 1 233472 237568
360 1 430080 442368
356 1 106496 110592
360 1 589824 593920
356 1 114688 118784
356 1 131072 135168
361 1 565248 569344
356 1 163840 167936
356 1 184320 188416
362 1 61440 65536
243 1 626688 630784
356 1 233472 237568
356 1 262144 266240
707 1 102400 106496
356 1 274432 278528
356 1 286720 290816
359 1 245760 253952
356 1 339968 344064
707 1 401408 405504
475 1 618496 622592
356 1 393216 397312
359 1 266240 270336
708 1 49152 53248
359 1 274432 278528
356 1 430080 434176
356 1 466944 471040
356 1 495616 503808
356 1 507904 516096
366 1 299008 303104
700 1 540672 544768
359 1 307200 311296
359 1 385024 389120
359 1 397312 401408
359 1 417792 421888
359 1 425984 438272
701 1 368640 372736
359 2 450560 458752 458752 462848
359 1 540672 557056
359 1 626688 630784
702 1 626688 630784
703 1 258048 262144
703 1 372736 376832
703 1 524288 528384
635 4 434176 458752 458752 524288 524288 589824 589824 593920
475 1 307200 311296
796 1 126976 131072
272 1 368640 372736
62 1 135168 139264
874 1 143360 151552
465 2 507904 524288 524288 544768
325 1 638976 647168
227 1 479232 483328
712 1 614400 618496
228 1 61440 65536
230 1 319488 323584
228 1 73728 77824
957 1 352256 356352
237 1 446464 450560
228 1 380928 385024
6 1 393216 397312
228 1 589824 593920
233 1 581632 585728
230 1 475136 479232
6 1 520192 524288
229 1 49152 53248
762 2 581632 589824 589824 622592
230 1 626688 630784
6 1 585728 589824
229 1 290816 294912
231 1 122880 126976
7 1 491520 495616
229 1 339968 344064
235 1 143360 147456
231 1 286720 290816
230 1 69632 73728
235 1 327680 331776
231 1 438272 442368
9 1 73728 77824
231 1 593920 598016
9 1 86016 90112
235 1 487424 491520
232 1 577536 585728
9 1 499712 503808
9 1 581632 585728
235 1 507904 516096
17 1 454656 458752
10 1 499712 503808
12 1 131072 135168
18 1 458752 462848
10 1 520192 524288
81 1 520192 524288
10 1 544768 548864
82 1 319488 323584
10 1 565248 569344
10 1 581632 585728
83 1 610304 614400
83 1 118784 122880
14 1 524288 528384
12 1 278528 282624
14 1 536576 540672
12 1 643072 651264
14 1 544768 548864
635 1 593920 598016
14 1 581632 585728
13 1 28672 32768
15 1 229376 233472
13 1 253952 258048
15 1 385024 389120
13 1 536576 540672
15 1 532480 536576
14 1 73728 77824
16 1 307200 311296
14 1 208896 212992
84 1 520192 524288
16 1 651264 655360
85 1 237568 241664
14 1 221184 229376
85 1 438272 442368
86 1 266240 270336
87 1 45056 49152
87 1 196608 200704
125 1 643072 647168
465 1 544768 548864
47 1 8192 12288
98 1 36864 40960
126 1 40960 49152
93 1 237568 241664
98 1 106496 110592
87 1 348160 352256
93 1 266240 270336
98 1 241664 245760
87 1 499712 503808
89 1 487424 491520
98 1 417792 421888
87 1 651264 655360
90 1 73728 81920
98 1 450560 458752
88 1 147456 151552
93 1 483328 491520
90 1 221184 225280
88 1 352256 356352
94 1 147456 151552
94 1 286720 290816
94 1 466944 471040
95 1 307200 311296
90 1 348160 352256
95 1 413696 417792
88 1 520192 524288
95 1 602112 606208
90 1 479232 483328
89 1 184320 188416
91 1 94208 98304
89 1 335872 339968
592 1 16384 20480
91 1 401408 405504
99 1 155648 159744
91 1 573440 577536
100 1 331776 344064
92 1 69632 73728
100 1 348160 352256
102 1 618496 622592
100 1 454656 458752
103 1 147456 151552
101 1 638976 643072
104 1 114688 118784
102 1 40960 49152
102 1 53248 57344
104 1 184320 188416
102 1 110592 114688
104 1 323584 327680
102 1 163840 167936
105 1 81920 86016
401 1 331776 352256
105 2 319488 327680 327680 360448
401 1 352256 356352
725 1 610304 655360
726 2 0 65536 65536 73728
465 2 307200 327680 327680 356352
374 2 282624 327680 327680 348160
797 1 462848 471040
101 1 32768 36864
534 1 233472 237568
324 1 294912 299008
446 1 626688 655360
447 1 0 57344
374 1 348160 352256
957 1 352256 356352
3 1 81920 90112
128 1 135168 139264
957 1 352256 356352
465 1 548864 557056
401 1 356352 372736
374 1 352256 360448
465 1 557056 561152
401 1 372736 376832
374 1 360448 364544
465 1 356352 360448
930 1 479232 483328
374 1 364544 372736
818 1 69632 73728
886 1 81920 86016
416 2 585728 589824 589824 606208
243 1 630784 634880
726 1 73728 77824
462 2 581632 589824 589824 598016
374 1 372736 376832
416 1 606208 610304
113 1 393216 397312
274 1 598016 602112
449 1 561152 569344
817 1 364544 368640
726 2 77824 131072 131072 151552
817 1 372736 376832
128 1 135168 139264
462 1 598016 602112
471 1 532480 540672
861 2 585728 589824 589824 655360
668 1 208896 212992
449 1 569344 573440
374 2 376832 393216 393216 421888
764 1 331776 335872
726 1 151552 155648
862 1 0 4096
374 1 421888 425984
278 1 229376 237568
534 1 471040 475136
924 1 630784 634880
29 1 126976 131072
790 1 565248 577536
767 1 147456 151552
805 1 98304 102400
887 1 192512 196608
965 1 221184 249856
333 1 86016 126976
39 3 466944 524288 524288 589824 589824 618496
899 1 139264 143360
899 1 167936 172032
899 1 208896 212992
899 1 229376 233472
899 1 258048 262144
899 1 286720 290816
899 1 335872 339968
899 1 417792 421888
333 1 126976 131072
465 1 393216 401408
465 1 360448 393216
74 1 163840 167936
447 1 57344 61440
899 1 520192 524288
899 1 565248 569344
899 1 622592 626688
899 1 643072 647168
900 1 532480 536576
899 1 651264 655360
900 1 45056 49152
900 1 90112 94208
900 1 118784 122880
900 1 602112 606208
900 1 315392 319488
900 1 610304 618496
900 1 368640 372736
900 1 626688 634880
900 1 385024 389120
900 1 413696 421888
901 1 16384 20480
901 1 24576 28672
762 1 651264 655360
900 1 430080 438272
772 1 12288 16384
901 1 36864 40960
779 1 294912 299008
900 1 475136 479232
412 1 442368 454656
901 1 53248 57344
901 1 102400 106496
901 1 172032 176128
901 1 180224 184320
901 1 188416 192512
901 1 196608 200704
901 1 212992 217088
901 1 245760 249856
901 1 344064 348160
901 1 356352 360448
422 1 405504 409600
901 1 368640 376832
901 1 425984 430080
901 1 483328 487424
412 1 454656 458752
901 1 565248 569344
238 1 233472 237568
904 1 16384 20480
904 1 49152 53248
904 1 143360 147456
901 2 585728 589824 589824 598016
579 1 446464 450560
588 1 163840 167936
904 1 217088 221184
872 1 581632 585728
873 1 380928 385024
589 1 626688 630784
270 1 573440 577536
901 1 618496 622592
870 1 57344 61440
904 1 262144 266240
901 1 651264 655360
669 1 172032 176128
902 1 131072 135168
904 1 315392 323584
871 1 61440 65536
53 1 311296 315392
902 1 196608 200704
54 1 110592 114688
904 1 331776 335872
902 1 266240 270336
64 1 122880 126976
904 1 491520 495616
908 1 122880 126976
902 1 278528 282624
64 1 577536 581632
904 1 524288 528384
65 1 376832 380928
902 1 327680 331776
908 1 262144 266240
904 1 532480 536576
908 1 647168 651264
902 1 397312 401408
958 1 274432 278528
902 1 409600 413696
960 1 483328 487424
902 1 450560 454656
904 1 565248 569344
46 1 90112 94208
902 1 491520 495616
61 1 266240 274432
904 1 581632 589824
973 1 94208 98304
62 1 69632 73728
674 1 618496 622592
62 1 524288 528384
957 1 622592 626688
57 1 466944 475136
63 1 323584 327680
58 1 393216 397312
59 1 376832 385024
902 1 507904 512000
977 1 638976 643072
59 1 565248 569344
789 1 348160 352256
423 1 155648 176128
902 1 569344 573440
60 1 466944 475136
902 1 581632 585728
902 1 593920 602112
903 1 4096 8192
903 1 135168 139264
903 1 143360 147456
903 1 151552 159744
903 1 163840 167936
581 1 524288 528384
863 1 245760 249856
903 1 278528 282624
903 1 290816 294912
903 1 335872 344064
498 1 593920 630784
903 1 401408 405504
903 1 425984 430080
468 1 471040 507904
903 1 466944 471040
903 1 565248 569344
903 1 610304 614400
260 1 593920 598016
879 1 77824 81920
879 1 94208 98304
670 1 335872 339968
879 1 577536 581632
880 1 102400 106496
671 1 180224 184320
608 1 98304 102400
672 1 299008 303104
678 1 315392 319488
954 1 303104 307200
679 1 503808 507904
874 1 466944 471040
54 1 565248 569344
55 1 364544 372736
56 1 163840 172032
387 1 143360 147456
136 1 49152 53248
330 1 557056 565248
331 1 102400 106496
876 1 282624 286720
1 1 393216 397312
884 1 126976 131072
713 1 651264 655360
465 1 393216 397312
984 1 4096 8192
259 1 131072 135168
984 1 20480 24576
259 1 495616 499712
423 1 176128 180224
985 1 172032 176128
883 1 135168 192512
468 1 507904 512000
779 1 147456 151552
260 1 536576 544768
780 1 0 4096
851 1 86016 106496
780 1 49152 53248
423 1 0 4096
327 1 77824 81920
985 1 425984 430080
985 1 434176 438272
985 1 442368 446464
265 1 188416 192512
506 1 536576 552960
468 1 12288 16384
925 1 618496 622592
85 1 143360 147456
995 1 8192 32768
704 1 126976 131072
498 1 630784 634880
401 1 376832 393216
406 1 311296 327680
480 1 360448 364544
985 1 458752 462848
671 1 573440 577536
401 1 393216 397312
112 1 106496 110592
344 1 12288 20480
424 1 167936 180224
779 1 327680 331776
462 1 479232 483328
629 1 311296 315392
465 1 401408 405504
481 2 450560 458752 458752 479232
506 1 552960 557056
595 1 278528 282624
401 1 397312 401408
454 2 229376 262144 262144 274432
526 1 184320 188416
424 1 180224 184320
481 1 479232 483328
406 1 327680 331776
454 1 274432 278528
181 1 376832 385024
190 1 503808 507904
190 1 512000 516096
190 1 520192 524288
190 1 532480 536576
77 1 57344 61440
408 3 122880 131072 131072 196608 196608 233472
367 1 462848 466944
454 1 278528 311296
47 1 286720 290816
199 1 155648 159744
408 1 233472 237568
497 1 135168 139264
779 1 299008 303104
454 1 311296 315392
77 1 61440 65536
726 2 155648 196608 196608 229376
454 2 315392 327680 327680 344064
46 1 405504 421888
726 1 229376 233472
454 1 344064 348160
401 1 401408 421888
781 1 520192 524288
464 1 159744 167936
747 1 188416 192512
401 1 421888 425984
631 1 434176 438272
454 1 348160 376832
46 1 417792 434176
454 1 376832 380928
498 1 303104 311296
726 2 233472 262144 262144 307200
401 1 425984 446464
90 1 606208 618496
464 1 167936 172032
401 1 446464 450560
846 1 208896 212992
498 1 311296 315392
325 1 475136 483328
126 1 45056 53248
726 1 307200 311296
938 1 438272 442368
752 1 126976 131072
401 2 450560 458752 458752 471040
401 1 471040 475136
46 1 430080 446464
504 2 389120 393216 393216 397312
401 1 475136 495616
779 1 311296 315392
504 1 397312 401408
404 1 315392 319488
454 2 380928 393216 393216 425984
210 1 446464 450560
928 1 397312 401408
424 1 360448 389120
454 1 425984 430080
498 1 315392 323584
785 1 458752 462848
122 1 532480 536576
788 1 552960 557056
424 1 389120 393216
818 1 69632 81920
454 1 430080 454656
401 1 495616 499712
454 1 454656 458752
46 1 442368 458752
928 1 401408 405504
498 1 323584 327680
763 1 512000 516096
416 1 610304 655360
417 1 0 16384
325 1 479232 483328
401 1 499712 520192
845 1 286720 290816
401 1 520192 524288
468 1 512000 524288
125 1 245760 249856
417 1 16384 20480
468 1 524288 552960
1 1 397312 401408
777 1 110592 114688
1 1 405504 409600
44 1 524288 540672
832 1 61440 65536
280 1 118784 122880
118 1 266240 270336
991 1 45056 49152
832 1 557056 561152
991 1 86016 90112
991 1 147456 151552
493 1 196608 200704
661 1 442368 446464
154 1 606208 610304
430 1 294912 299008
565 1 487424 495616
706 1 585728 589824
468 1 552960 557056
475 1 499712 507904
764 1 73728 77824
335 1 94208 106496
126 1 565248 569344
3 1 131072 135168
335 1 106496 110592
755 3 192512 196608 196608 262144 262144 327680
752 1 131072 135168
468 1 557056 589824
510 1 610304 614400
480 1 364544 368640
12 2 454656 458752 458752 462848
376 1 348160 352256
779 1 315392 319488
741 1 49152 53248
532 1 49152 53248
924 1 409600 413696
599 1 573440 581632
772 1 516096 524288
783 1 73728 77824
58 1 376832 393216
201 1 507904 512000
480 2 368640 393216 393216 454656
831 2 61440 65536 65536 94208
779 1 327680 331776
419 1 172032 188416
468 1 589824 593920
127 1 282624 286720
549 1 32768 36864
401 1 524288 532480
755 1 327680 331776
381 2 188416 196608 196608 217088
374 2 425984 458752 458752 507904
335 1 110592 118784
831 1 94208 98304
401 1 532480 536576
480 1 454656 458752
468 1 593920 610304
924 1 475136 479232
419 1 188416 192512
3 1 86016 114688
381 1 217088 221184
635 1 598016 655360
636 1 0 32768
335 1 118784 122880
562 3 303104 327680 327680 393216 393216 450560
374 1 507904 512000
468 1 610304 614400
359 1 159744 172032
401 1 536576 552960
599 1 581632 585728
401 1 552960 557056
136 1 32768 49152
636 1 32768 36864
136 1 0 16384
44 1 524288 540672
136 1 573440 589824
374 1 512000 520192
562 1 450560 454656
374 1 520192 524288
335 1 122880 131072
143 1 368640 376832
88 1 40960 49152
3 1 110592 122880
370 3 192512 196608 196608 262144 262144 270336
512 2 118784 131072 131072 176128
335 1 131072 135168
143 1 376832 380928
32 1 151552 155648
752 1 135168 139264
85 1 348160 352256
507 1 647168 655360
508 1 0 28672
401 1 557056 573440
267 1 40960 45056
90 1 69632 86016
512 1 176128 180224
370 1 270336 274432
401 1 573440 577536
508 1 28672 32768
335 1 135168 143360
562 2 454656 458752 458752 524288
1 1 397312 405504
767 1 507904 512000
218 1 389120 393216
778 1 110592 114688
827 1 352256 356352
555 1 184320 188416
555 1 647168 651264
556 1 270336 274432
195 1 172032 176128
46 1 266240 270336
335 1 143360 147456
85 1 348160 352256
126 1 49152 61440
562 1 524288 528384
508 1 32768 40960
85 1 348160 352256
401 2 577536 589824 589824 598016
562 1 528384 569344
508 1 40960 45056
401 1 598016 602112
779 1 319488 323584
562 1 569344 573440
869 1 610304 614400
122 1 536576 540672
817 1 614400 618496
379 1 475136 487424
680 1 299008 303104
379 1 487424 491520
382 2 188416 196608 196608 208896
683 1 385024 389120
126 1 57344 65536
577 1 598016 610304
484 1 16384 28672
182 1 364544 368640
577 1 622592 630784
182 2 507904 524288 524288 577536
382 1 208896 212992
401 1 602112 622592
326 1 315392 323584
401 1 622592 626688
484 1 28672 32768
938 1 442368 446464
628 1 258048 262144
281 1 622592 626688
14 1 528384 536576
0 1 434176 438272
437 2 434176 458752 458752 524288
468 1 614400 655360
469 1 0 24576
353 1 126976 131072
912 1 4096 12288
912 1 24576 28672
912 1 40960 45056
912 1 73728 77824
912 1 86016 90112
912 1 122880 126976
912 1 135168 143360
912 1 167936 172032
912 1 188416 192512
44 1 565248 569344
912 1 233472 237568
912 1 274432 278528
912 1 286720 294912
912 1 299008 307200
912 1 356352 360448
612 1 397312 405504
969 1 348160 352256
913 1 393216 397312
469 1 24576 28672
912 1 380928 385024
437 1 524288 528384
913 1 438272 442368
913 1 458752 466944
913 1 503808 507904
913 1 528384 532480
913 1 561152 569344
913 1 585728 589824
913 1 602112 606208
913 1 618496 622592
913 1 638976 651264
108 1 487424 491520
914 1 12288 20480
916 1 536576 540672
912 1 393216 397312
914 1 36864 40960
914 1 57344 61440
916 1 561152 573440
912 1 458752 466944
916 1 589824 593920
912 1 479232 487424
912 1 491520 495616
916 1 622592 634880
912 1 499712 503808
912 1 512000 516096
916 1 647168 651264
912 1 520192 524288
912 1 544768 548864
917 1 20480 24576
912 1 557056 561152
912 1 565248 569344
917 1 45056 49152
912 1 610304 614400
912 1 651264 655360
675 1 253952 258048
917 1 81920 86016
913 1 8192 12288
913 1 16384 20480
506 1 634880 651264
917 1 131072 135168
913 1 49152 53248
917 1 151552 155648
913 1 90112 94208
917 1 225280 229376
469 2 28672 65536 65536 73728
917 1 266240 270336
914 1 73728 81920
913 1 126976 131072
917 1 282624 286720
917 1 290816 294912
914 1 86016 90112
917 1 323584 327680
