#StripeID,rangenumber,BlockOffsetStart,BlockOffsetEnd
102 1 28672 32768
421 1 503808 516096
755 1 94208 102400
600 1 430080 434176
421 1 516096 520192
181 1 229376 241664
490 1 602112 614400
403 1 626688 651264
403 1 651264 655360
469 1 401408 409600
587 1 393216 397312
469 1 409600 413696
704 1 520192 524288
989 1 421376 427520
359 1 81920 102400
5 1 434176 442368
388 1 0 8192
920 1 512 1536
384 1 323584 327680
359 1 102400 106496
920 1 4096 16384
819 1 73728 81920
432 1 491520 512000
432 1 512000 516096
739 1 491520 495616
600 1 434176 438272
201 1 69632 73728
600 1 438272 442368
723 1 458752 524288
106 1 0 4096
593 1 593920 602112
384 1 143360 159744
739 1 557056 561152
384 1 159744 163840
234 2 323584 327680 327680 331776
377 1 253952 258048
416 1 413696 417792
302 1 196608 208896
810 1 446464 454656
302 1 212992 217088
739 1 491520 499712
819 1 77824 94208
383 1 24576 40960
636 1 479232 483328
490 1 614400 618496
432 2 516096 524288 524288 536576
383 1 40960 45056
636 1 483328 487424
432 1 536576 540672
810 1 454656 458752
281 1 389120 393216
739 1 561152 565248
984 1 122880 131072
383 1 45056 53248
929 1 348160 352256
819 1 90112 118784
739 1 495616 499712
383 1 53248 57344
432 1 540672 561152
432 1 561152 565248
459 1 389120 393216
471 2 385024 393216 393216 450560
471 2 450560 458752 458752 516096
471 2 516096 524288 524288 536576
379 1 225280 233472
471 1 536576 540672
381 1 442368 458752
459 1 389120 393216
458 1 24576 28672
860 1 86016 90112
537 1 131072 147456
201 1 73728 81920
381 1 450560 454656
381 1 450560 454656
351 1 135168 139264
819 1 114688 131072
819 1 131072 143360
432 1 565248 585728
432 1 585728 589824
381 1 450560 454656
820 1 77824 81920
881 1 49152 53248
819 1 139264 167936
894 1 196608 217088
485 1 425984 434176
432 1 589824 610304
471 1 540672 569344
359 1 106496 114688
750 1 561152 565248
800 1 208896 217088
432 1 610304 614400
471 1 569344 573440
359 1 114688 118784
485 1 434176 438272
381 1 450560 458752
359 1 118784 126976
359 1 126976 131072
369 1 307200 315392
369 1 315392 319488
239 1 397312 401408
201 1 73728 77824
739 1 561152 565248
750 1 102400 110592
819 1 163840 172032
743 1 331776 335872
201 1 77824 81920
631 1 598016 602112
684 1 274432 278528
475 1 405504 409600
432 1 614400 634880
432 1 634880 638976
819 1 167936 196608
381 1 602112 610304
1 1 397312 405504
555 1 196608 200704
732 1 360448 364544
606 1 393216 397312
785 1 245760 249856
773 1 315392 319488
662 1 282624 286720
861 1 208896 212992
336 1 212992 217088
144 1 593920 598016
662 1 290816 294912
773 1 327680 331776
432 1 638976 655360
433 1 0 4096
645 1 557056 561152
769 1 454656 458752
189 1 94208 98304
776 1 389120 393216
637 1 262144 266240
46 1 315392 319488
154 1 602112 606208
777 1 118784 122880
381 1 610304 614400
433 1 4096 8192
701 1 339968 344064
566 1 8192 12288
643 1 299008 303104
537 1 102400 106496
686 1 339968 344064
687 1 512000 516096
764 1 536576 540672
307 1 286720 290816
492 1 589824 598016
494 1 0 4096
494 1 45056 49152
496 1 225280 233472
775 1 630784 634880
545 1 458752 462848
769 1 417792 421888
769 1 450560 454656
46 1 266240 270336
46 1 327680 331776
46 1 393216 397312
46 1 438272 442368
46 1 450560 454656
97 1 532480 536576
819 2 192512 196608 196608 200704
433 1 8192 28672
433 1 28672 32768
819 1 196608 204800
433 1 32768 53248
433 1 53248 57344
926 1 540672 544768
775 1 102400 114688
433 2 57344 65536 65536 77824
433 1 77824 81920
234 2 323584 327680 327680 331776
785 4 188416 196608 196608 262144 262144 327680 327680 393216
833 4 393216 458752 458752 524288 524288 589824 589824 655360
834 1 0 45056
129 1 81920 90112
433 1 81920 110592
695 1 286720 290816
433 1 110592 114688
775 1 110592 118784
433 2 114688 131072 131072 135168
395 5 176128 196608 196608 262144 262144 327680 327680 393216 393216 425984
709 1 593920 598016
433 1 135168 139264
775 1 114688 126976
433 1 139264 159744
395 1 425984 430080
433 1 159744 163840
871 1 401408 405504
763 1 221184 225280
819 1 200704 229376
433 1 163840 184320
309 1 544768 548864
590 1 102400 106496
665 1 421888 425984
433 1 184320 188416
459 1 28672 36864
608 1 65536 86016
318 1 131072 143360
318 1 143360 147456
459 1 36864 40960
614 1 442368 446464
318 1 147456 155648
318 1 155648 159744
459 1 16384 20480
580 1 512000 516096
580 1 528384 532480
580 1 520192 524288
775 1 122880 131072
448 1 622592 626688
276 1 634880 638976
317 1 200704 258048
335 2 348160 393216 393216 409600
222 1 413696 430080
433 2 188416 196608 196608 208896
308 1 348160 360448
433 1 208896 212992
819 1 225280 245760
459 1 16384 20480
433 1 212992 233472
987 1 217088 221184
433 1 233472 237568
330 2 569344 589824 589824 651264
330 1 651264 655360
827 1 73728 77824
331 1 0 36864
360 5 65536 131072 131072 196608 196608 262144 262144 327680 327680 356352
331 1 36864 40960
428 1 45056 61440
428 1 61440 65536
552 1 323584 327680
133 1 339968 352256
433 1 237568 245760
433 1 245760 249856
739 1 491520 495616
492 1 540672 544768
981 1 638976 643072
218 1 557056 565248
638 1 634880 638976
698 1 245760 249856
916 1 172032 176128
381 1 454656 458752
739 1 557056 561152
739 1 491520 495616
739 1 557056 561152
118 2 450560 458752 458752 483328
739 1 491520 495616
739 1 557056 569344
457 1 438272 446464
911 1 573440 577536
650 1 548864 561152
819 1 241664 249856
433 2 249856 262144 262144 270336
235 2 73728 131072 131072 155648
433 1 270336 274432
62 1 372736 376832
819 1 245760 253952
235 1 155648 159744
652 1 536576 544768
433 1 274432 294912
652 1 544768 548864
433 1 294912 299008
44 1 599552 600576
813 1 548864 552960
819 2 249856 262144 262144 278528
433 1 299008 319488
783 1 397312 401408
433 1 319488 323584
775 2 126976 131072 131072 135168
433 2 323584 327680 327680 344064
433 1 344064 348160
114 1 430080 434176
363 1 241664 249856
819 1 274432 282624
433 1 348160 368640
433 1 368640 372736
215 1 339968 344064
830 1 520192 524288
269 1 106496 114688
269 1 237568 245760
270 1 212992 217088
364 1 356352 368640
269 1 245760 253952
381 1 454656 458752
447 1 520192 524288
419 1 401408 430080
419 1 430080 434176
12 1 28672 32768
895 1 462848 466944
600 1 380928 385024
526 1 479232 491520
939 1 249856 253952
480 1 512000 520192
381 2 454656 458752 458752 466944
480 1 442368 446464
480 1 520192 524288
381 1 458752 462848
485 1 270336 274432
338 2 516096 524288 524288 544768
338 1 544768 548864
819 1 278528 286720
470 1 364544 372736
482 1 466944 471040
471 1 40960 45056
471 1 643072 647168
472 1 90112 98304
482 1 569344 573440
472 1 319488 323584
473 1 102400 106496
470 1 344064 352256
433 1 372736 393216
598 1 139264 143360
433 1 393216 397312
1 1 417792 421888
381 1 458752 462848
446 2 262144 327680 327680 368640
449 2 393216 458752 458752 475136
468 1 147456 176128
545 1 622592 655360
546 1 0 45056
381 1 458752 462848
89 1 528384 532480
444 1 282624 286720
445 3 507904 524288 524288 589824 589824 655360
446 4 0 65536 65536 131072 131072 196608 196608 262144
536 1 241664 249856
471 1 438272 446464
471 1 446464 450560
473 1 114688 118784
449 3 475136 524288 524288 589824 589824 655360
450 6 0 65536 65536 131072 131072 196608 196608 262144 262144 327680 327680 335872
446 5 368640 393216 393216 458752 458752 524288 524288 589824 589824 655360
447 4 0 65536 65536 131072 131072 196608 196608 237568
450 1 335872 356352
643 1 299008 303104
543 1 106496 110592
1 1 417792 421888
464 1 69632 73728
447 7 237568 262144 262144 327680 327680 393216 393216 458752 458752 524288 524288 589824 589824 655360
448 2 0 65536 65536 98304
448 9 98304 131072 131072 196608 196608 262144 262144 327680 327680 393216 393216 458752 458752 524288 524288 589824 589824 614400
819 1 282624 307200
597 1 339968 344064
115 2 520192 524288 524288 528384
448 1 614400 655360
449 6 0 65536 65536 131072 131072 196608 196608 262144 262144 327680 327680 393216
433 1 397312 417792
461 1 327680 331776
461 1 352256 356352
463 1 577536 581632
433 1 417792 421888
66 1 524288 528384
66 1 532480 544768
75 1 131072 135168
75 1 143360 147456
915 1 24576 28672
79 1 69632 73728
74 1 262144 274432
75 1 151552 155648
330 1 532480 536576
79 1 81920 86016
127 1 143360 147456
381 1 458752 462848
75 1 184320 188416
180 1 483328 483840
224 1 102400 106496
75 1 200704 204800
75 1 208896 217088
75 1 311296 315392
75 1 319488 323584
75 1 401408 405504
75 1 409600 413696
75 1 417792 421888
75 1 425984 430080
76 1 57344 61440
914 1 569344 573440
128 1 327680 331776
180 1 479232 483328
871 1 372736 376832
66 1 393216 397312
66 1 425984 430080
819 2 303104 327680 327680 331776
381 1 458752 462848
225 2 393216 458752 458752 499712
224 9 106496 131072 131072 196608 196608 262144 262144 327680 327680 393216 393216 458752 458752 524288 524288 589824 589824 630784
433 1 421888 442368
225 3 499712 524288 524288 589824 589824 655360
226 6 0 65536 65536 131072 131072 196608 196608 262144 262144 327680 327680 368640
433 1 442368 446464
224 1 630784 655360
225 6 0 65536 65536 131072 131072 196608 196608 262144 262144 327680 327680 393216
226 5 368640 393216 393216 458752 458752 524288 524288 589824 589824 655360
227 4 0 65536 65536 131072 131072 196608 196608 237568
344 3 401408 458752 458752 524288 524288 548864
54 1 438272 442368
227 5 237568 262144 262144 327680 327680 393216 393216 458752 458752 483328
665 1 180224 184320
278 1 544768 548864
381 1 458752 466944
458 1 626688 630784
808 1 57344 61440
989 1 427520 429568
819 1 327680 344064
693 1 315392 323584
224 1 98304 102400
224 1 106496 110592
433 2 446464 458752 458752 466944
224 1 114688 118784
224 1 135168 155648
654 1 421888 425984
433 1 466944 471040
989 1 429568 433152
381 1 462848 466944
616 1 122880 126976
458 1 626688 630784
616 1 122880 126976
411 1 0 20480
983 1 180224 196608
411 1 20480 24576
381 1 462848 466944
690 2 512000 524288 524288 557056
381 1 462848 466944
191 2 217088 262144 262144 266240
6 1 643072 647168
191 1 266240 270336
350 1 77824 106496
165 2 380928 393216 393216 450560
280 1 8192 12288
350 1 106496 110592
165 1 450560 454656
490 1 618496 626688
381 1 462848 466944
490 1 626688 630784
764 1 45056 57344
690 1 552960 557056
764 1 57344 61440
739 1 557056 565248
490 1 630784 638976
490 1 638976 643072
686 1 491520 492544
739 1 495616 503808
739 1 565248 569344
774 1 299008 307200
739 1 499712 503808
395 4 430080 458752 458752 524288 524288 589824 589824 602112
818 1 434176 438272
739 1 565248 569344
506 1 413696 417792
702 1 65536 81920
433 1 471040 479232
739 1 499712 503808
927 1 544768 546816
395 1 602112 606208
56 1 229376 233472
433 1 479232 483328
934 1 454656 458752
216 1 606208 606720
179 1 323584 327680
907 1 143360 147456
141 1 610304 614400
141 1 577536 579584
590 1 503808 507904
215 2 241664 262144 262144 303104
215 1 303104 307200
178 1 143360 147456
216 1 602112 606208
421 1 32768 36864
603 1 131072 147456
603 2 45056 65536 65536 131072
392 1 540672 552960
603 1 147456 151552
819 1 339968 348160
433 1 483328 503808
57 1 77824 81920
190 1 335872 339968
190 1 344064 348160
657 1 536576 544768
190 1 352256 356352
433 1 503808 507904
190 1 401408 405504
820 1 614400 618496
367 1 462848 466944
433 1 507904 516096
433 1 516096 520192
699 2 581632 589824 589824 638976
151 1 386048 390144
699 1 638976 643072
151 2 455680 458752 458752 472064
143 1 442368 458752
187 1 212992 229376
819 1 344064 356352
187 1 229376 245760
433 2 520192 524288 524288 540672
187 1 245760 262144
433 1 540672 544768
783 2 561152 589824 589824 638976
441 1 450560 454656
724 1 102400 106496
739 1 557056 561152
428 1 626688 634880
739 1 487424 491520
428 1 634880 638976
778 2 81920 131072 131072 139264
75 1 131072 135168
751 1 221184 225280
75 1 143360 147456
75 1 151552 155648
74 1 262144 274432
66 1 393216 397312
75 1 184320 188416
66 1 524288 528384
66 1 532480 544768
75 1 200704 208896
75 1 212992 217088
79 1 69632 73728
75 1 311296 315392
75 1 319488 323584
75 1 401408 405504
79 1 81920 86016
778 1 139264 143360
75 1 409600 413696
66 1 425984 430080
75 1 417792 421888
75 1 425984 430080
76 1 57344 61440
215 2 307200 327680 327680 360448
819 1 352256 360448
215 1 360448 364544
433 1 544768 565248
421 1 77824 81920
433 1 565248 569344
957 2 323584 327680 327680 339968
550 1 507904 512000
860 1 86016 90112
670 1 32768 36864
143 1 442368 458752
244 1 602112 606208
381 1 462848 466944
187 1 245760 262144
857 1 356352 360448
358 1 634880 638976
395 1 606208 643072
395 1 643072 647168
386 1 589824 643072
386 1 643072 647168
54 1 438272 442368
458 1 626688 630784
329 1 180224 188416
329 1 188416 192512
693 1 319488 323584
183 1 389120 393216
366 1 143360 151552
471 1 630784 655360
472 1 0 4096
616 1 122880 126976
224 1 90112 94208
224 1 102400 106496
472 1 4096 36864
183 1 393216 401408
224 1 110592 114688
480 2 16384 65536 65536 73728
224 2 118784 131072 131072 135168
869 1 614400 618496
78 1 233472 241664
480 2 73728 131072 131072 143360
183 1 401408 405504
366 1 151552 155648
472 2 36864 65536 65536 69632
183 1 405504 409600
480 2 143360 196608 196608 212992
472 1 69632 102400
589 1 626688 655360
590 2 0 65536 65536 126976
480 2 212992 262144 262144 299008
458 1 626688 630784
183 1 409600 417792
729 1 262144 274432
432 1 8192 32768
366 1 155648 163840
472 2 102400 131072 131072 147456
480 3 299008 327680 327680 393216 393216 401408
937 1 393216 442368
937 1 327680 393216
616 1 122880 126976
510 1 475136 479232
8 1 315392 327680
472 1 143360 147456
915 1 540672 557056
701 1 462848 466944
342 3 90112 131072 131072 196608 196608 229376
822 2 557056 589824 589824 655360
823 1 0 40960
342 1 229376 233472
819 1 356352 368640
433 1 569344 589824
739 1 557056 561152
433 1 589824 593920
91 1 348160 352256
819 1 364544 385024
433 1 593920 614400
739 1 557056 561152
433 1 614400 618496
260 1 331776 344064
819 1 380928 393216
433 1 618496 638976
433 1 638976 643072
981 1 643072 647168
165 1 368640 380928
227 1 479232 483328
228 2 524288 589824 589824 655360
229 4 0 65536 65536 131072 131072 196608 196608 212992
227 3 483328 524288 524288 589824 589824 655360
228 6 0 65536 65536 131072 131072 196608 196608 262144 262144 327680 327680 352256
260 1 344064 356352
228 3 352256 393216 393216 458752 458752 524288
229 7 212992 262144 262144 327680 327680 393216 393216 458752 458752 524288 524288 589824 589824 655360
230 2 0 65536 65536 73728
637 1 577536 581632
819 2 389120 393216 393216 405504
230 8 73728 131072 131072 196608 196608 262144 262144 327680 327680 393216 393216 458752 458752 524288 524288 589824
442 1 638976 655360
443 1 0 36864
433 1 643072 655360
434 1 0 8192
230 1 589824 655360
231 3 0 65536 65536 131072 131072 184320
434 1 8192 12288
443 1 36864 40960
775 1 131072 139264
937 1 442368 458752
434 1 12288 32768
915 1 540672 557056
434 1 32768 36864
204 1 200704 204800
649 1 192512 196608
882 1 503808 512000
804 1 307200 311296
356 1 221184 245760
224 1 106496 110592
224 1 114688 118784
224 1 135168 155648
356 1 245760 249856
989 1 433152 437248
775 1 135168 147456
654 1 413696 417792
434 1 36864 57344
989 1 437248 440832
434 1 57344 61440
803 1 274432 282624
744 1 94208 98304
699 1 20480 24576
7 1 8192 12288
745 1 172032 176128
684 1 241664 245760
819 1 401408 409600
434 2 61440 65536 65536 81920
381 1 462848 466944
75 1 131072 135168
66 1 393216 397312
915 2 520192 524288 524288 532480
74 1 262144 274432
66 1 524288 528384
75 1 143360 147456
75 1 151552 155648
66 1 532480 544768
75 1 184320 188416
79 1 69632 73728
434 1 81920 86016
75 1 200704 204800
75 1 208896 212992
75 1 311296 315392
75 1 319488 323584
75 1 401408 405504
75 1 409600 413696
75 1 417792 421888
75 1 425984 430080
915 1 548864 552960
775 1 143360 155648
76 1 57344 61440
79 1 81920 86016
915 1 606208 610304
434 1 86016 106496
434 1 106496 110592
915 1 614400 618496
915 1 622592 630784
66 1 425984 430080
915 1 638976 647168
915 1 651264 655360
916 1 0 16384
819 1 405504 430080
41 1 155648 159744
434 1 110592 131072
455 1 442368 446464
434 1 131072 135168
917 1 483328 487424
924 1 356352 360448
381 1 462848 475136
964 1 102400 106496
11 1 589824 593920
416 2 507904 524288 524288 561152
460 1 73728 94208
937 1 458752 475136
761 1 516096 520192
460 1 94208 98304
915 1 540672 557056
819 1 425984 434176
751 1 221184 225280
127 1 143360 147456
434 1 135168 155648
215 2 364544 393216 393216 425984
138 1 638976 643072
434 1 155648 159744
215 1 425984 430080
750 1 20480 24576
421 1 77824 81920
381 1 466944 471040
678 1 483328 487424
819 1 430080 446464
434 1 159744 180224
440 1 24064 25600
434 1 180224 184320
739 1 499712 503808
739 1 491520 495616
819 1 442368 450560
62 1 372736 376832
434 2 184320 196608 196608 204800
890 1 311296 323584
434 1 204800 208896
739 1 557056 561152
163 1 442368 446464
349 1 184320 188416
436 1 126976 131072
66 1 393216 397312
66 1 425984 430080
66 1 524288 528384
75 1 131072 135168
75 1 143360 147456
74 1 262144 274432
75 1 151552 155648
66 1 532480 544768
79 1 69632 73728
75 1 184320 188416
79 1 81920 86016
75 1 200704 212992
75 1 311296 315392
75 1 319488 323584
75 1 401408 405504
75 1 409600 413696
981 1 647168 651264
75 1 417792 421888
75 1 425984 430080
381 1 466944 471040
76 1 57344 61440
702 1 118784 131072
705 1 167936 172032
775 1 151552 159744
434 1 208896 229376
767 1 290816 294912
434 1 229376 233472
598 1 339968 344064
819 2 446464 458752 458752 471040
739 1 491520 499712
434 1 233472 253952
434 1 253952 258048
955 1 49152 57344
895 1 294912 299008
760 1 413696 417792
819 1 466944 475136
434 2 258048 262144 262144 278528
434 1 278528 282624
702 1 131072 143360
350 1 434176 442368
739 1 491520 499712
814 1 483328 487424
687 1 405504 409600
381 1 466944 471040
493 1 565248 569344
381 1 466944 471040
522 1 499712 507904
109 1 573440 577536
325 1 479232 491520
325 1 491520 495616
901 1 16384 28672
814 1 262144 266240
381 1 466944 475136
814 1 258048 262144
739 1 561152 573440
447 1 520192 524288
917 1 483328 487424
7 1 278528 282624
8 1 0 4096
11 1 589824 593920
11 1 598016 602112
11 1 634880 643072
87 1 286720 290816
960 1 462848 466944
87 1 348160 352256
321 2 274432 327680 327680 360448
650 1 614400 618496
215 1 557056 561152
101 1 606208 614400
387 1 573440 577536
341 1 565248 577536
118 1 278528 282624
321 1 360448 364544
381 1 471040 475136
119 1 32768 36864
831 1 299008 303104
127 1 229376 233472
127 1 393216 397312
381 1 471040 475136
750 1 20480 28672
937 1 475136 491520
62 1 372736 376832
413 1 28672 40960
915 1 540672 557056
823 1 40960 53248
739 1 491520 495616
739 1 557056 565248
739 1 487424 491520
819 1 471040 495616
739 1 495616 499712
739 1 483328 487424
434 1 282624 303104
381 1 471040 475136
316 1 12288 36864
434 1 303104 307200
739 1 561152 565248
316 1 36864 40960
937 1 491520 507904
357 1 155648 184320
329 2 327680 393216 393216 413696
915 1 540672 557056
739 1 495616 499712
381 1 471040 475136
864 1 606208 606720
819 1 491520 516096
434 1 307200 327680
739 1 487424 491520
434 1 327680 331776
71 1 503808 524288
739 1 483328 487424
819 2 512000 524288 524288 536576
434 1 331776 352256
739 1 557056 561152
916 1 557056 561152
434 1 352256 356352
66 1 393216 397312
66 1 524288 528384
739 1 491520 495616
381 1 471040 475136
66 1 532480 544768
79 1 69632 73728
74 1 262144 274432
75 1 131072 135168
79 1 81920 86016
75 1 143360 147456
75 1 151552 155648
75 1 184320 188416
75 1 200704 208896
75 1 212992 217088
75 1 311296 315392
75 1 319488 323584
75 1 401408 405504
75 1 409600 413696
75 1 417792 421888
75 1 425984 430080
76 1 57344 61440
739 1 487424 491520
381 1 471040 475136
66 1 425984 430080
739 1 561152 573440
823 1 53248 57344
381 1 471040 475136
257 1 188416 192512
739 1 491520 499712
434 1 356352 364544
261 1 491520 495616
739 1 483328 487424
434 1 364544 368640
381 1 471040 483328
361 1 69632 81920
361 1 81920 86016
739 1 487424 491520
187 1 212992 229376
11 1 143360 147456
657 1 114688 122880
381 1 475136 479232
381 1 475136 479232
819 1 532480 540672
42 1 122880 126976
143 1 442368 458752
158 1 540672 544768
434 1 368640 389120
434 1 389120 393216
775 1 155648 163840
381 1 475136 479232
434 1 393216 413696
187 1 262144 278528
434 1 413696 417792
187 1 229376 245760
739 1 483328 487424
960 1 471040 475136
739 1 487424 491520
187 1 278528 294912
381 1 475136 479232
187 1 229376 245760
381 1 475136 479232
739 1 557056 565248
381 1 475136 479232
508 1 16384 28672
187 1 294912 311296
508 1 28672 32768
187 1 229376 245760
739 1 495616 499712
739 1 561152 569344
786 1 458752 475136
739 1 499712 503808
381 1 475136 479232
381 1 475136 479232
443 1 389120 393216
58 1 315392 319488
457 1 90112 94208
1 1 393216 401408
323 1 643072 647168
381 1 475136 479232
66 1 524288 528384
66 1 532480 544768
74 1 262144 274432
75 1 131072 135168
75 1 143360 147456
79 1 69632 73728
75 1 151552 155648
79 1 81920 86016
75 1 184320 188416
75 1 200704 204800
75 1 212992 221184
75 1 311296 315392
75 1 319488 323584
75 1 401408 405504
75 1 409600 413696
75 1 417792 421888
75 1 425984 430080
76 1 57344 61440
381 1 475136 479232
66 1 393216 397312
66 1 425984 430080
463 2 258048 262144 262144 303104
760 1 475136 479232
137 1 290816 299008
48 1 548864 557056
705 1 274432 278528
819 1 536576 552960
463 1 303104 307200
434 1 417792 438272
434 1 438272 442368
537 1 462848 466944
44 1 600576 601088
105 1 471040 475136
140 1 12288 16384
11 1 53248 57344
510 1 348160 360448
463 2 151552 196608 196608 229376
381 1 475136 483328
463 1 229376 233472
951 1 462848 466944
819 1 548864 569344
463 2 233472 262144 262144 266240
434 2 442368 458752 458752 462848
463 1 266240 270336
434 1 462848 466944
324 1 303104 307200
261 1 16384 20480
871 1 421888 425984
381 1 479232 483328
365 1 225280 229376
819 1 565248 585728
434 1 466944 487424
148 2 323584 327680 327680 331776
434 1 487424 491520
79 1 598016 610304
150 1 135168 147456
150 1 151552 155648
79 1 614400 618496
66 1 147456 159744
66 1 163840 167936
30 1 135168 147456
35 2 454656 458752 458752 466944
151 1 225280 237568
30 1 151552 155648
35 1 471040 475136
151 1 241664 245760
205 1 36864 49152
228 1 327680 339968
205 1 53248 57344
228 1 344064 348160
205 1 233472 245760
203 1 368640 380928
205 1 249856 253952
203 1 385024 389120
206 1 86016 90112
206 1 98304 102400
149 1 65536 77824
205 1 442368 454656
165 1 32768 45056
149 1 81920 86016
165 1 49152 53248
205 1 458752 462848
203 1 401408 409600
306 1 49152 61440
203 1 417792 421888
197 1 372736 380928
197 1 389120 393216
306 1 65536 69632
150 1 167936 180224
67 1 0 12288
67 1 16384 20480
150 1 184320 188416
77 2 192512 196608 196608 204800
199 2 516096 524288 524288 528384
77 1 208896 212992
199 1 532480 536576
223 1 299008 311296
204 1 65536 69632
223 1 315392 319488
226 1 57344 61440
226 1 69632 73728
204 1 77824 81920
302 1 278528 290816
228 1 20480 32768
204 1 524288 532480
302 1 294912 299008
204 1 536576 540672
228 1 36864 40960
205 1 200704 212992
203 1 589824 593920
183 1 618496 622592
205 1 217088 221184
203 1 602112 606208
2 2 258048 262144 262144 270336
35 1 163840 176128
150 1 413696 417792
2 1 274432 278528
35 1 180224 184320
150 1 425984 430080
20 1 409600 413696
205 1 69632 81920
205 1 86016 90112
150 1 442368 454656
199 1 622592 634880
150 1 458752 462848
199 1 638976 643072
150 1 475136 487424
150 1 491520 495616
30 1 167936 180224
2 1 380928 393216
204 1 520192 524288
30 1 184320 188416
2 1 397312 401408
149 1 487424 507904
198 1 565248 569344
77 1 86016 98304
198 1 577536 581632
77 1 102400 106496
76 1 532480 544768
76 1 548864 552960
206 1 8192 20480
206 1 24576 28672
227 1 593920 606208
174 1 294912 307200
35 1 401408 413696
227 1 610304 614400
35 1 417792 421888
174 1 311296 315392
150 1 331776 335872
76 1 610304 622592
205 1 409600 421888
175 1 0 4096
150 1 344064 348160
76 1 626688 630784
205 1 425984 430080
175 1 12288 16384
35 1 368640 380928
77 1 159744 172032
35 1 385024 389120
151 1 16384 28672
77 1 176128 180224
151 1 32768 36864
164 1 634880 638976
164 1 647168 651264
199 1 569344 581632
62 1 561152 565248
199 1 585728 589824
165 1 172032 184320
165 1 188416 192512
2 1 225280 237568
788 1 81920 94208
2 1 241664 245760
62 1 573440 577536
788 1 98304 102400
729 1 225280 237568
165 1 266240 278528
204 1 614400 626688
729 1 241664 245760
165 1 282624 286720
133 1 274432 286720
77 1 118784 131072
77 1 135168 139264
66 1 278528 290816
66 1 294912 299008
203 1 651264 655360
204 1 0 8192
204 1 12288 16384
133 1 290816 294912
204 1 630784 634880
62 1 409600 413696
29 1 540672 552960
62 1 421888 425984
75 2 450560 458752 458752 462848
75 1 466944 471040
205 2 581632 589824 589824 593920
66 1 409600 417792
204 1 208896 212992
205 1 598016 602112
204 1 221184 225280
66 1 425984 430080
203 1 180224 192512
76 1 577536 585728
203 1 196608 200704
76 1 593920 598016
29 1 557056 561152
22 1 40960 53248
205 1 167936 180224
67 1 135168 147456
22 1 61440 65536
67 1 151552 155648
205 1 184320 188416
68 1 12288 16384
59 1 327680 339968
67 1 36864 49152
67 1 53248 57344
66 1 315392 319488
66 1 331776 335872
66 1 245760 258048
66 1 262144 266240
759 1 532480 536576
759 1 544768 548864
62 1 589824 598016
59 1 344064 348160
68 1 24576 28672
62 1 606208 610304
583 1 307200 311296
68 1 212992 225280
68 1 229376 233472
35 1 196608 208896
583 1 323584 327680
203 1 286720 299008
225 1 393216 405504
35 1 212992 217088
203 1 303104 307200
225 1 409600 413696
266 1 491520 495616
164 1 524288 536576
266 1 503808 507904
164 1 540672 544768
62 1 376832 380928
19 1 303104 315392
19 1 319488 323584
62 1 389120 393216
930 1 147456 159744
930 1 163840 167936
543 1 569344 577536
228 1 360448 372736
581 1 315392 327680
228 1 376832 380928
835 1 61440 65536
222 1 196608 200704
794 1 65536 73728
341 1 622592 630784
891 1 372736 380928
203 1 131072 143360
891 1 413696 417792
203 1 147456 151552
790 1 49152 61440
790 1 65536 69632
790 1 118784 131072
790 1 135168 139264
9 1 12288 16384
9 1 24576 28672
835 1 69632 86016
835 2 192512 196608 196608 200704
835 1 212992 225280
835 1 237568 241664
884 2 323584 327680 327680 389120
464 1 368640 376832
832 1 65536 69632
832 1 131072 135168
832 1 294912 299008
66 1 524288 528384
66 1 532480 544768
74 1 262144 274432
75 1 131072 135168
75 1 143360 147456
79 1 69632 73728
75 1 151552 155648
535 1 98304 106496
79 1 81920 86016
75 1 184320 188416
75 1 200704 208896
75 1 212992 217088
75 1 311296 315392
75 1 319488 323584
75 1 401408 405504
75 1 409600 413696
75 1 417792 421888
75 1 425984 430080
669 1 557056 561152
91 1 348160 352256
775 1 159744 188416
76 1 57344 61440
66 1 393216 397312
66 1 425984 430080
483 1 458752 462848
434 1 491520 512000
438 1 356352 360448
503 1 368640 372736
434 1 512000 516096
895 1 462848 466944
66 1 393216 397312
66 1 524288 528384
66 1 532480 544768
79 1 69632 73728
75 1 131072 135168
79 1 81920 86016
75 1 143360 147456
74 1 262144 274432
75 1 151552 155648
75 1 184320 188416
75 1 200704 208896
75 1 212992 217088
75 1 311296 315392
75 1 319488 323584
75 1 401408 405504
75 1 409600 413696
75 1 417792 421888
562 1 151552 155648
75 1 425984 430080
76 1 57344 61440
425 1 630784 638976
381 1 479232 483328
483 1 458752 462848
66 1 425984 430080
381 1 479232 483328
516 1 131072 135168
910 1 372736 376832
381 1 479232 483328
106 1 0 4096
739 1 557056 565248
316 1 176128 188416
216 1 294912 327680
381 1 479232 483328
739 1 495616 499712
154 1 430080 434176
371 1 647168 655360
372 1 0 24576
372 1 24576 28672
381 1 479232 491520
935 1 49152 53248
465 1 135168 151552
861 1 208896 212992
465 1 151552 155648
739 1 561152 565248
862 1 4096 16384
473 1 401408 413696
473 1 413696 417792
62 1 372736 376832
858 1 65536 69632
879 1 598016 606208
914 1 606208 610304
381 1 483328 487424
44 1 601088 601600
381 1 483328 487424
882 1 380928 385024
582 1 241664 245760
775 2 184320 196608 196608 212992
381 1 483328 487424
637 1 12288 16384
492 1 196608 217088
890 1 180224 184320
434 2 516096 524288 524288 536576
434 1 536576 540672
492 1 217088 221184
828 1 94208 98304
3 1 282624 286720
381 1 483328 487424
733 1 499712 503808
745 1 253952 258048
950 1 450560 454656
862 1 16384 24576
934 1 610304 614400
417 1 618496 630784
381 1 483328 487424
739 1 528384 532480
849 1 290816 294912
381 1 483328 487424
457 2 81920 131072 131072 188416
457 1 188416 192512
184 1 237568 245760
457 2 192512 196608 196608 212992
1 1 434176 438272
984 1 212992 217088
192 1 602112 606208
752 1 131072 135168
457 1 212992 217088
739 1 491520 503808
1 1 401408 405504
788 1 4096 8192
84 1 593920 598016
769 1 536576 540672
384 1 147456 151552
833 1 401408 405504
775 1 208896 237568
777 1 401408 405504
600 1 53248 57344
356 2 57344 65536 65536 98304
74 1 262144 274432
75 1 131072 135168
777 1 417792 421888
777 1 434176 438272
75 1 143360 147456
75 1 151552 155648
777 1 450560 454656
876 1 532480 536576
879 1 20480 24576
876 1 557056 561152
879 1 389120 393216
66 1 393216 397312
66 1 425984 430080
66 1 524288 528384
75 1 184320 188416
66 1 532480 544768
75 1 200704 208896
79 1 69632 73728
75 1 212992 217088
549 1 643072 647168
79 1 81920 86016
75 1 311296 315392
75 1 319488 323584
638 1 409600 413696
75 1 401408 405504
457 1 217088 237568
75 1 409600 413696
434 1 540672 561152
75 1 417792 421888
464 1 507904 512000
739 1 593920 598016
75 1 425984 430080
76 1 57344 61440
159 1 466944 475136
739 1 565248 569344
457 1 237568 241664
434 1 561152 565248
280 1 135168 151552
381 1 483328 491520
44 1 601600 602112
1 1 397312 401408
555 1 172032 176128
407 1 57344 61440
108 1 540672 544768
385 1 397312 401408
387 1 446464 450560
321 1 421888 450560
387 2 454656 458752 458752 462848
385 1 405504 409600
385 1 458752 462848
387 1 593920 598016
387 1 0 4096
388 1 184320 188416
718 1 512000 516096
939 1 266240 270336
388 1 200704 204800
144 1 233472 237568
388 1 233472 237568
493 1 8192 12288
388 1 241664 262144
388 1 466944 471040
439 1 294912 299008
942 1 294912 299008
829 1 81920 86016
381 1 487424 491520
381 1 487424 491520
592 1 376832 380928
552 1 323584 327680
434 1 565248 589824
819 2 581632 589824 589824 593920
434 1 589824 593920
71 1 630784 634880
580 2 577536 589824 589824 593920
381 1 487424 491520
12 1 172032 176128
781 2 458752 524288 524288 581632
670 1 352256 360448
627 1 0 12288
280 1 151552 167936
627 1 16384 20480
781 1 581632 585728
411 1 626688 647168
879 1 81920 86016
66 1 524288 528384
411 1 647168 651264
75 1 131072 135168
74 1 262144 274432
75 1 143360 147456
66 1 532480 544768
75 1 151552 155648
79 1 69632 73728
75 1 184320 188416
79 1 81920 86016
75 1 200704 204800
75 1 208896 217088
75 1 311296 315392
75 1 319488 323584
75 1 401408 405504
670 1 360448 364544
75 1 409600 413696
75 1 417792 421888
75 1 425984 430080
76 1 57344 61440
381 1 487424 491520
411 1 651264 655360
412 1 0 4096
249 1 225280 229376
66 1 393216 397312
66 1 425984 430080
412 1 4096 8192
370 1 479232 483328
566 1 8192 12288
486 1 143360 151552
689 1 94208 102400
1 1 401408 405504
555 1 335872 339968
218 1 258048 262144
555 1 425984 430080
218 1 266240 270336
216 1 32768 36864
86 1 77824 81920
769 1 524288 528384
216 1 36864 40960
188 1 421888 425984
395 1 647168 655360
396 2 0 65536 65536 98304
396 1 98304 102400
381 1 487424 491520
775 1 233472 245760
434 1 593920 618496
793 1 417792 421888
434 1 618496 622592
44 1 602112 602624
775 1 241664 249856
434 1 622592 643072
434 1 643072 647168
479 1 303104 307200
632 1 196608 204800
598 1 188416 192512
102 1 569344 573440
381 1 487424 491520
985 1 647168 651264
891 1 425984 430080
110 1 200704 204800
561 1 237568 241664
565 1 290816 294912
662 1 266240 270336
941 1 172032 176128
721 1 557056 561152
939 1 135168 139264
992 1 475136 479232
216 1 57344 61440
721 1 593920 598016
561 1 466944 471040
992 1 569344 573440
564 1 360448 364544
992 1 577536 581632
564 1 405504 409600
992 1 618496 622592
993 1 32768 36864
993 1 98304 102400
993 1 147456 151552
496 1 294912 299008
382 1 335872 344064
281 1 389120 393216
358 1 348160 356352
415 1 372736 380928
917 1 290816 294912
569 1 36864 45056
227 1 397312 401408
237 1 106496 110592
459 1 90112 98304
237 1 102400 106496
834 1 4096 16384
408 1 466944 471040
186 1 425984 434176
986 1 294912 299008
707 1 512000 520192
877 1 352256 356352
808 1 360448 372736
959 1 102400 110592
166 1 274432 278528
877 1 348160 352256
918 1 319488 323584
205 1 536576 544768
918 1 491520 495616
166 1 499712 503808
166 1 491520 495616
316 1 495616 503808
533 1 589824 593920
166 1 495616 499712
156 1 540672 548864
533 1 585728 589824
156 1 548864 552960
576 1 614400 618496
924 1 12288 16384
156 1 552960 557056
166 1 278528 282624
918 1 360448 364544
166 1 282624 294912
918 1 364544 368640
418 1 450560 454656
918 1 385024 389120
165 1 557056 561152
451 1 98304 102400
165 1 561152 565248
165 1 565248 569344
165 1 569344 573440
165 1 573440 577536
918 1 389120 393216
165 1 577536 581632
335 1 40960 49152
165 1 581632 589824
657 1 540672 544768
640 1 299008 303104
447 1 417792 421888
847 1 552960 557056
148 1 421888 425984
590 1 503808 507904
819 1 589824 618496
215 2 430080 458752 458752 491520
434 1 647168 655360
435 1 0 12288
215 1 491520 495616
435 1 12288 16384
597 1 532480 536576
421 1 32768 36864
244 1 602112 606208
310 1 241664 245760
804 1 45056 61440
524 1 638976 643072
435 1 16384 36864
405 1 618496 622592
435 1 36864 40960
310 1 241664 245760
976 1 315392 319488
451 1 634880 638976
926 1 81920 86016
403 1 364544 368640
428 1 167936 172032
190 1 389120 393216
190 1 405504 417792
751 1 221184 229376
215 2 495616 524288 524288 561152
367 1 458752 462848
215 1 561152 565248
421 1 77824 81920
918 1 163840 167936
488 1 40960 45056
742 1 389120 393216
44 1 167936 172032
761 1 307200 311296
488 1 40960 45056
33 1 483328 487424
199 1 8192 36864
817 1 372736 376832
817 1 360448 368640
792 1 4096 12288
383 1 65536 69632
199 1 36864 40960
819 1 614400 622592
435 1 40960 61440
435 1 61440 65536
772 1 212992 225280
492 4 434176 458752 458752 524288 524288 589824 589824 655360
493 3 0 65536 65536 131072 131072 155648
831 1 462848 466944
45 1 335872 344064
381 1 487424 491520
372 1 352256 364544
493 1 155648 159744
739 1 491520 495616
757 1 249856 262144
232 1 0 45056
232 9 45056 65536 65536 131072 131072 196608 196608 262144 262144 327680 327680 393216 393216 458752 458752 524288 524288 569344
231 8 180224 196608 196608 262144 262144 327680 327680 393216 393216 458752 458752 524288 524288 589824 589824 655360
639 1 159744 163840
739 1 495616 499712
639 1 262144 266240
639 1 327680 331776
639 1 344064 348160
639 1 401408 405504
639 1 442368 446464
640 1 36864 40960
639 1 466944 471040
356 1 507904 512000
640 1 262144 266240
640 1 274432 278528
639 1 643072 647168
232 2 569344 589824 589824 655360
233 7 0 65536 65536 131072 131072 196608 196608 262144 262144 327680 327680 393216 393216 438272
640 1 348160 352256
640 1 409600 413696
739 1 483328 487424
178 1 86016 90112
640 1 593920 598016
640 1 614400 618496
783 1 397312 401408
641 1 45056 49152
641 1 73728 77824
641 1 311296 315392
641 1 376832 380928
643 1 344064 352256
643 1 479232 483328
646 1 368640 376832
641 1 405504 409600
649 1 585728 589824
649 1 634880 638976
641 1 593920 598016
646 1 425984 430080
644 1 28672 32768
650 1 32768 36864
641 1 634880 638976
642 1 61440 65536
650 1 81920 86016
646 1 544768 548864
642 1 94208 98304
644 1 196608 200704
650 1 155648 159744
642 1 106496 110592
647 1 4096 8192
644 1 217088 221184
650 1 217088 237568
642 1 196608 200704
642 1 221184 225280
647 1 81920 86016
644 2 376832 393216 393216 413696
647 1 245760 249856
642 1 258048 262144
647 1 258048 262144
645 1 274432 278528
647 1 266240 270336
647 1 274432 278528
647 1 282624 286720
642 1 421888 425984
233 4 438272 458752 458752 524288 524288 589824 589824 655360
234 5 0 65536 65536 131072 131072 196608 196608 262144 262144 307200
642 1 503808 507904
647 1 299008 303104
642 1 585728 589824
647 1 471040 475136
642 1 614400 618496
642 1 634880 638976
647 1 528384 532480
647 1 585728 589824
647 1 602112 606208
647 1 610304 626688
647 1 630784 634880
647 1 647168 651264
648 1 4096 24576
648 1 28672 32768
648 1 36864 45056
234 5 307200 327680 327680 393216 393216 458752 458752 524288 524288 585728
648 1 49152 53248
648 1 417792 421888
648 1 471040 475136
648 1 520192 524288
648 1 569344 573440
648 1 622592 626688
649 1 28672 32768
649 1 196608 200704
649 1 258048 262144
649 1 282624 290816
649 1 335872 339968
649 1 385024 389120
784 2 315392 327680 327680 344064
804 2 57344 65536 65536 77824
218 1 249856 253952
618 1 196608 200704
435 1 65536 86016
739 1 557056 561152
880 2 172032 196608 196608 221184
435 1 86016 90112
127 1 20480 28672
739 1 487424 491520
880 1 221184 225280
356 1 507904 512000
880 1 225280 233472
880 1 233472 237568
356 1 507904 512000
880 1 237568 245760
30 1 393216 397312
880 1 245760 249856
819 1 618496 626688
445 1 565248 569344
929 1 348160 352256
435 1 90112 110592
435 1 110592 114688
981 1 651264 655360
1 1 401408 405504
768 1 69632 73728
556 1 241664 245760
556 1 270336 274432
942 1 331776 335872
218 1 389120 393216
556 1 376832 380928
767 1 516096 520192
822 1 4096 8192
195 1 348160 352256
855 1 286720 290816
216 1 16384 28672
187 1 311296 327680
187 1 327680 344064
672 1 102400 106496
819 1 622592 647168
187 1 344064 360448
435 2 114688 131072 131072 135168
435 1 135168 139264
187 1 360448 376832
187 1 376832 393216
187 1 393216 409600
140 1 12288 16384
187 1 409600 425984
222 1 229376 241664
187 1 425984 442368
597 1 339968 344064
481 1 356352 360448
187 1 442368 458752
187 1 458752 475136
775 2 245760 262144 262144 266240
215 1 557056 561152
435 1 139264 159744
435 1 159744 163840
187 1 475136 491520
187 1 491520 507904
599 1 237568 241664
187 1 507904 524288
457 1 241664 245760
982 1 0 4096
187 1 524288 540672
187 1 540672 557056
187 1 557056 573440
989 1 440832 444928
187 1 573440 589824
654 1 421888 425984
187 1 589824 606208
457 1 241664 245760
989 1 444928 448512
739 1 495616 499712
351 1 307200 319488
187 1 606208 622592
321 1 458752 471040
819 1 643072 655360
820 1 0 16384
351 1 319488 323584
187 1 622592 638976
680 1 577536 585728
435 1 163840 184320
680 1 585728 589824
786 2 139264 196608 196608 208896
650 1 614400 618496
799 1 557056 581632
800 1 188416 196608
786 1 208896 245760
847 1 618496 638976
435 1 184320 188416
92 1 454656 458752
680 1 589824 602112
680 1 622592 626688
799 2 581632 589824 589824 655360
680 1 602112 618496
800 1 196608 200704
680 1 626688 630784
786 2 245760 262144 262144 270336
800 2 0 65536 65536 73728
187 1 638976 655360
800 1 200704 204800
692 1 446464 454656
820 1 12288 45056
680 1 614400 618496
435 2 188416 196608 196608 208896
435 1 208896 212992
143 1 442368 458752
918 1 163840 172032
337 1 647168 655360
864 1 258048 262144
331 2 40960 65536 65536 118784
338 1 0 4096
488 1 40960 45056
739 1 557056 565248
331 1 118784 122880
175 1 36864 49152
331 1 122880 131072
804 1 73728 90112
331 1 131072 167936
739 1 495616 499712
435 1 212992 233472
488 1 40960 45056
331 1 167936 172032
188 1 0 16384
206 1 139264 143360
435 1 233472 237568
187 1 229376 245760
143 1 442368 458752
679 1 630784 634880
513 1 278528 282624
514 1 589824 602112
514 1 606208 610304
931 1 405504 413696
445 1 229376 241664
984 1 126976 131072
505 2 32768 65536 65536 69632
505 1 69632 73728
848 1 53248 61440
459 1 389120 393216
881 1 245760 249856
931 1 413696 417792
507 1 589824 593920
264 1 438272 442368
505 1 73728 81920
505 1 81920 86016
775 1 262144 274432
250 1 262144 266240
459 1 389120 393216
524 1 241664 245760
435 1 237568 258048
435 1 258048 262144
66 1 524288 528384
66 1 532480 544768
74 1 262144 274432
75 1 131072 135168
75 1 143360 147456
188 1 16384 32768
75 1 151552 155648
79 1 69632 73728
79 1 81920 86016
75 1 184320 188416
75 1 200704 204800
75 1 208896 217088
75 1 311296 315392
75 1 319488 323584
75 1 401408 405504
75 1 409600 413696
669 1 557056 561152
75 1 417792 421888
563 1 380928 385024
75 1 425984 430080
1 1 393216 401408
76 1 57344 61440
187 1 229376 245760
66 1 393216 397312
66 1 425984 430080
739 1 565248 569344
759 1 352256 356352
716 1 442368 446464
191 1 163840 167936
203 1 229376 237568
598 1 221184 225280
188 1 32768 49152
400 1 360448 364544
820 1 40960 65536
400 4 364544 393216 393216 458752 458752 524288 524288 528384
610 1 409600 413696
435 1 262144 282624
402 1 81920 86016
188 1 49152 65536
483 1 512000 516096
435 1 282624 286720
404 1 0 12288
400 1 528384 532480
188 1 65536 81920
404 1 12288 16384
188 1 81920 98304
264 1 0 4096
188 1 98304 114688
404 1 16384 24576
404 1 24576 28672
483 1 512000 516096
188 1 114688 131072
820 2 61440 65536 65536 69632
435 1 286720 307200
435 1 307200 311296
188 1 131072 147456
188 1 147456 163840
962 1 172032 176128
188 1 163840 180224
188 1 180224 196608
599 1 237568 241664
188 1 196608 212992
457 1 241664 245760
423 1 335872 344064
820 1 65536 90112
435 2 311296 327680 327680 331776
57 1 77824 81920
188 1 212992 229376
435 1 331776 335872
188 1 229376 245760
188 1 245760 262144
457 1 241664 245760
188 1 262144 278528
181 1 225280 229376
791 1 28672 32768
188 1 278528 294912
188 1 294912 311296
370 1 122880 131072
370 1 135168 139264
24 1 65536 77824
798 1 438272 442368
96 2 249856 262144 262144 311296
648 1 143360 147456
645 1 561152 565248
648 1 192512 196608
651 2 323584 327680 327680 331776
648 1 438272 442368
188 1 311296 327680
646 1 241664 245760
646 1 303104 307200
649 1 24576 28672
647 1 618496 622592
649 1 49152 53248
649 1 290816 294912
649 1 315392 319488
649 1 585728 589824
650 1 98304 102400
650 1 184320 188416
650 1 376832 380928
359 1 512000 520192
811 1 417792 421888
813 1 471040 475136
836 1 610304 614400
835 1 614400 618496
822 1 32768 36864
839 1 8192 12288
817 1 577536 581632
819 1 630784 634880
846 1 622592 626688
188 1 327680 344064
813 1 180224 184320
815 1 524288 528384
860 1 544768 548864
864 1 651264 655360
862 1 598016 602112
985 1 278528 282624
867 1 49152 53248
875 1 450560 454656
915 2 581632 589824 589824 593920
372 1 569344 573440
979 1 253952 258048
450 1 638976 643072
938 1 53248 61440
433 1 4096 8192
331 1 196608 200704
858 1 487424 491520
689 1 131072 135168
331 1 491520 495616
871 1 393216 397312
856 1 434176 438272
331 1 581632 585728
334 1 266240 270336
782 1 12288 16384
869 1 131072 135168
981 1 360448 364544
326 1 598016 602112
881 1 360448 364544
79 2 364544 393216 393216 413696
985 1 446464 450560
1 1 393216 397312
925 1 618496 622592
1 1 413696 417792
803 1 229376 233472
260 1 585728 589824
481 1 155648 159744
820 1 94208 106496
446 1 471040 475136
677 1 462848 466944
765 1 417792 421888
529 1 606208 610304
188 1 344064 360448
387 1 163840 167936
772 1 425984 430080
1 1 397312 401408
555 1 163840 167936
7 1 45056 53248
598 1 4096 8192
940 1 450560 454656
5 1 180224 184320
621 1 299008 303104
619 1 270336 274432
620 1 421888 425984
624 1 98304 102400
624 1 385024 389120
679 1 352256 356352
624 2 585728 589824 589824 606208
744 1 36864 40960
622 1 151552 155648
744 1 491520 495616
749 1 45056 49152
688 1 311296 315392
746 1 90112 94208
600 1 4096 8192
749 1 487424 491520
745 1 290816 294912
746 1 544768 548864
747 1 450560 454656
600 1 65536 69632
188 1 360448 376832
600 1 233472 237568
750 1 286720 290816
653 1 483328 487424
748 1 303104 307200
600 1 274432 278528
861 1 368640 372736
670 1 28672 32768
751 1 90112 94208
794 1 163840 167936
832 1 40960 45056
833 1 65536 69632
751 1 544768 548864
752 1 344064 348160
800 1 102400 106496
833 1 483328 487424
753 1 143360 147456
800 1 413696 417792
759 1 102400 106496
838 1 573440 577536
759 1 569344 573440
753 1 598016 602112
765 1 475136 479232
833 1 634880 638976
840 1 32768 36864
765 1 565248 569344
834 1 176128 180224
728 2 585728 589824 589824 655360
729 1 0 4096
835 1 16384 20480
840 1 487424 491520
792 1 40960 45056
841 1 286720 290816
842 1 77824 81920
852 1 368640 372736
861 1 487424 491520
842 1 229376 233472
842 1 380928 385024
843 1 409600 413696
639 1 131072 139264
493 3 159744 196608 196608 262144 262144 290816
729 1 4096 8192
143 1 442368 458752
493 1 290816 294912
187 1 212992 229376
190 1 335872 339968
367 1 462848 466944
503 1 368640 372736
341 1 339968 344064
952 1 491520 495616
739 1 561152 569344
448 1 622592 626688
621 1 303104 307200
341 1 339968 344064
483 1 638976 643072
422 1 647168 651264
739 1 499712 503808
128 1 565248 573440
29 1 20480 32768
410 1 4096 8192
681 1 262144 266240
412 1 24576 28672
409 1 589824 593920
324 1 86016 90112
142 1 442368 446464
315 1 221184 225280
739 1 565248 569344
341 1 339968 344064
739 1 499712 503808
857 1 356352 360448
826 1 147456 151552
455 1 610304 622592
455 1 626688 630784
456 1 90112 106496
455 1 565248 581632
24 1 4096 16384
456 1 45056 61440
233 1 626688 630784
573 2 389120 393216 393216 405504
773 1 634880 638976
739 1 569344 573440
46 1 614400 655360
47 2 0 65536 65536 126976
10 2 557056 589824 589824 655360
11 1 0 24576
21 3 409600 458752 458752 524288 524288 528384
161 1 307200 311296
55 3 503808 524288 524288 589824 589824 655360
56 3 0 65536 65536 131072 131072 184320
522 1 53248 57344
154 1 192512 196608
219 1 327680 331776
984 1 53248 57344
710 1 155648 159744
984 1 217088 221184
406 1 266240 274432
984 1 274432 278528
984 1 286720 290816
984 1 299008 303104
984 1 311296 315392
375 1 73728 90112
375 1 90112 94208
739 1 503808 507904
483 1 638976 643072
11 1 225280 229376
872 1 77824 81920
820 1 86016 98304
435 1 335872 356352
435 1 356352 360448
451 1 634880 638976
512 1 389120 393216
596 1 638976 643072
66 1 524288 528384
66 1 532480 544768
79 1 69632 73728
79 1 81920 86016
75 1 131072 135168
66 1 393216 397312
74 1 262144 274432
75 1 143360 147456
75 1 151552 155648
75 1 184320 188416
75 1 200704 208896
75 1 212992 217088
75 1 311296 315392
75 1 319488 323584
75 1 401408 405504
75 1 409600 413696
75 1 417792 421888
75 1 425984 430080
76 1 57344 61440
66 1 425984 430080
528 1 143360 147456
820 1 94208 102400
435 1 360448 380928
435 1 380928 385024
584 1 618496 622592
926 1 540672 544768
396 2 102400 131072 131072 188416
470 2 524288 589824 589824 610304
396 1 188416 192512
470 1 610304 614400
379 1 614400 618496
820 1 98304 106496
435 2 385024 393216 393216 405504
435 1 405504 409600
371 2 475136 524288 524288 552960
445 1 364544 385024
371 1 552960 557056
759 1 577536 580608
445 1 385024 389120
670 1 479232 503808
677 1 327680 364544
670 1 503808 524288
677 2 364544 393216 393216 397312
670 1 524288 544768
677 1 397312 438272
820 1 102400 114688
670 1 544768 569344
677 2 438272 458752 458752 483328
435 1 409600 430080
435 1 430080 434176
820 1 110592 118784
435 1 434176 454656
435 1 454656 458752
643 1 438272 442368
820 1 114688 122880
435 1 458752 479232
381 1 487424 491520
435 1 479232 483328
75 1 131072 135168
75 1 143360 147456
75 1 151552 155648
74 1 262144 274432
75 1 184320 188416
66 1 393216 397312
75 1 200704 208896
66 1 524288 528384
75 1 212992 217088
75 1 311296 315392
66 1 532480 544768
75 1 319488 323584
75 1 401408 405504
75 1 409600 413696
79 1 69632 73728
79 1 81920 86016
75 1 417792 421888
75 1 425984 430080
76 1 57344 61440
381 1 487424 499712
351 2 172032 196608 196608 233472
66 1 425984 430080
351 1 233472 237568
739 1 557056 565248
775 1 270336 278528
804 1 86016 102400
435 1 483328 512000
72 1 331776 344064
435 1 512000 516096
190 4 262144 327680 327680 393216 393216 458752 458752 524288
739 1 495616 499712
769 1 401408 405504
829 1 557056 561152
495 1 184320 188416
381 1 491520 495616
739 1 491520 495616
130 1 180224 184320
500 1 147456 163840
234 1 581632 585728
832 1 315392 327680
0 1 307200 311296
381 1 491520 495616
234 2 585728 589824 589824 655360
235 2 0 65536 65536 131072
238 1 262144 294912
235 5 131072 196608 196608 262144 262144 327680 327680 393216 393216 454656
500 1 163840 167936
235 4 454656 458752 458752 524288 524288 589824 589824 655360
236 5 0 65536 65536 131072 131072 196608 196608 262144 262144 323584
236 6 323584 327680 327680 393216 393216 458752 458752 524288 524288 589824 589824 655360
237 3 0 65536 65536 131072 131072 184320
237 8 184320 196608 196608 262144 262144 327680 327680 393216 393216 458752 458752 524288 524288 589824 589824 655360
238 1 0 53248
238 4 53248 65536 65536 131072 131072 196608 196608 262144
908 1 344064 352256
381 1 491520 495616
381 1 491520 495616
443 1 389120 393216
88 1 405504 409600
917 1 290816 294912
989 1 448512 452608
640 1 299008 303104
654 1 413696 417792
1 1 393216 401408
832 1 4096 8192
832 1 12288 16384
832 1 20480 24576
832 1 212992 217088
832 1 221184 225280
999 1 344064 348160
989 1 452608 456192
381 1 491520 495616
986 1 299008 303104
381 1 491520 495616
925 1 319488 327680
381 1 491520 499712
832 1 327680 339968
303 1 0 4096
227 1 475136 479232
381 1 495616 499712
952 1 491520 499712
450 1 331776 339968
483 1 638976 643072
491 1 249856 253952
769 1 647168 651264
980 1 212992 217088
483 1 638976 643072
493 4 294912 327680 327680 393216 393216 458752 458752 471040
381 1 495616 499712
493 1 471040 475136
462 1 491520 499712
60 1 438272 442368
462 1 499712 503808
471 2 573440 589824 589824 638976
472 1 0 49152
471 1 638976 655360
472 2 49152 65536 65536 114688
472 2 114688 131072 131072 180224
472 2 180224 196608 196608 217088
472 1 217088 221184
75 1 131072 135168
74 1 262144 274432
66 1 524288 528384
66 1 532480 544768
75 1 143360 147456
75 1 151552 155648
75 1 184320 188416
75 1 200704 204800
79 1 69632 73728
79 1 81920 86016
75 1 208896 212992
75 1 217088 221184
75 1 311296 315392
75 1 319488 323584
75 1 401408 405504
75 1 409600 413696
75 1 417792 421888
75 1 425984 430080
76 1 57344 61440
381 1 495616 499712
474 1 483328 491520
66 1 393216 397312
66 1 425984 430080
474 1 491520 495616
78 1 98304 106496
901 1 540672 544768
338 1 372736 385024
472 2 221184 262144 262144 286720
472 1 286720 290816
338 1 385024 389120
78 1 106496 110592
472 1 290816 294912
338 2 389120 393216 393216 397312
338 1 397312 401408
381 1 495616 499712
775 1 274432 290816
435 2 516096 524288 524288 536576
66 1 524288 528384
66 1 532480 544768
75 1 131072 135168
74 1 262144 274432
79 1 69632 73728
75 1 143360 147456
75 1 151552 155648
79 1 81920 86016
75 1 184320 188416
435 1 536576 540672
75 1 200704 204800
75 1 208896 212992
75 1 212992 217088
75 1 311296 315392
75 1 319488 323584
75 1 401408 405504
75 1 409600 413696
75 1 417792 421888
75 1 425984 430080
76 1 57344 61440
66 1 393216 397312
66 1 425984 430080
618 1 339968 344064
643 1 299008 303104
831 1 462848 466944
982 1 4096 8192
516 1 131072 135168
276 1 65536 73728
497 1 368640 372736
34 1 430080 434176
326 1 282624 286720
0 1 114688 118784
11 1 143360 147456
501 3 102400 131072 131072 196608 196608 217088
501 1 217088 221184
820 1 614400 618496
804 1 98304 114688
435 1 540672 565248
435 1 565248 569344
775 1 286720 299008
435 1 569344 589824
435 1 589824 593920
820 2 118784 131072 131072 143360
435 1 593920 614400
435 1 614400 618496
479 1 634880 638976
879 1 602112 606208
739 1 495616 499712
775 1 294912 307200
899 1 286720 307200
435 1 618496 638976
820 1 139264 147456
435 1 638976 643072
371 1 286720 303104
435 1 643072 655360
436 1 0 8192
371 1 303104 307200
436 1 8192 12288
820 1 143360 151552
436 1 12288 32768
436 1 32768 36864
75 1 131072 135168
75 1 143360 147456
74 1 262144 274432
75 1 151552 155648
66 1 524288 528384
75 1 184320 188416
66 1 532480 544768
79 1 69632 73728
75 1 200704 208896
75 1 212992 217088
79 1 81920 86016
66 1 393216 397312
75 1 311296 315392
75 1 319488 323584
75 1 401408 405504
75 1 409600 413696
75 1 417792 421888
75 1 425984 430080
76 1 57344 61440
647 5 8192 65536 65536 131072 131072 196608 196608 262144 262144 299008
158 1 540672 544768
732 1 307200 311296
348 1 409600 454656
475 5 282624 327680 327680 393216 393216 458752 458752 524288 524288 528384
1 1 393216 405504
555 1 163840 167936
67 1 458752 462848
193 1 417792 421888
244 1 602112 606208
926 1 540672 544768
832 1 24576 28672
833 1 393216 397312
832 1 65536 69632
772 1 626688 630784
66 1 425984 430080
833 1 389120 393216
971 1 462848 466944
770 1 405504 409600
600 1 4096 8192
348 1 454656 458752
153 1 532480 536576
601 1 520192 524288
475 1 528384 532480
241 4 393216 458752 458752 524288 524288 589824 589824 655360
238 6 290816 327680 327680 393216 393216 458752 458752 524288 524288 589824 589824 655360
239 3 0 65536 65536 131072 131072 155648
239 8 155648 196608 196608 262144 262144 327680 327680 393216 393216 458752 458752 524288 524288 589824 589824 655360
240 1 0 16384
66 1 524288 528384
66 1 532480 544768
75 1 131072 135168
79 1 69632 73728
75 1 143360 147456
74 1 262144 274432
79 1 81920 86016
75 1 151552 155648
75 1 184320 188416
66 1 393216 397312
75 1 200704 208896
75 1 212992 217088
75 1 311296 315392
75 1 319488 323584
75 1 401408 405504
240 9 16384 65536 65536 131072 131072 196608 196608 262144 262144 327680 327680 393216 393216 458752 458752 524288 524288 532480
75 1 409600 413696
75 1 417792 421888
75 1 425984 430080
76 1 57344 61440
66 1 425984 430080
240 2 532480 589824 589824 655360
241 6 0 65536 65536 131072 131072 196608 196608 262144 262144 327680 327680 393216
766 1 524288 528384
797 1 4096 49152
479 1 303104 307200
638 1 409600 413696
820 1 147456 172032
363 1 610304 618496
436 1 36864 57344
363 1 618496 622592
436 1 57344 61440
820 1 167936 176128
989 2 456192 458752 458752 460288
751 1 225280 229376
436 2 61440 65536 65536 81920
654 1 421888 425984
436 1 81920 86016
215 2 565248 589824 589824 622592
989 1 460288 463872
215 1 622592 626688
281 1 389120 393216
275 1 413696 417792
74 1 262144 274432
66 1 524288 528384
75 1 131072 135168
421 1 77824 81920
66 1 532480 544768
75 1 143360 147456
75 1 151552 155648
79 1 69632 73728
79 1 81920 86016
75 1 184320 188416
75 1 200704 204800
75 1 208896 212992
75 1 217088 221184
75 1 311296 315392
75 1 319488 323584
75 1 401408 405504
75 1 409600 413696
75 1 417792 421888
75 1 425984 430080
66 1 393216 397312
76 1 57344 61440
66 1 425984 430080
541 1 323584 327680
188 1 32768 49152
835 1 483328 491520
188 1 49152 65536
982 1 8192 12288
188 1 65536 81920
597 1 532480 536576
990 1 573440 577536
805 1 163840 167936
310 1 241664 245760
358 1 548864 577536
358 1 577536 581632
381 1 495616 499712
188 1 81920 98304
310 1 241664 245760
643 1 438272 442368
971 1 110592 114688
227 1 81920 86016
239 1 491520 499712
211 1 397312 458752
4 1 311296 319488
640 1 253952 258048
611 1 53248 57344
666 1 425984 430080
66 1 393216 397312
75 1 131072 135168
66 1 524288 528384
75 1 143360 147456
75 1 151552 155648
74 1 262144 274432
75 1 184320 188416
66 1 532480 544768
79 1 69632 73728
79 1 81920 86016
75 1 200704 208896
75 1 217088 221184
75 1 311296 315392
75 1 319488 323584
75 1 401408 405504
75 1 409600 413696
75 1 417792 421888
75 1 425984 430080
76 1 57344 61440
896 1 12288 16384
66 1 425984 430080
472 2 118784 131072 131072 196608
73 1 61440 65536
355 1 204800 208896
831 1 36864 40960
472 1 196608 200704
775 2 303104 327680 327680 331776
436 1 86016 106496
436 1 106496 110592
952 1 495616 499712
483 1 638976 643072
493 3 475136 524288 524288 589824 589824 643072
263 1 413696 417792
106 1 0 4096
493 1 643072 647168
955 1 647168 651264
820 1 172032 196608
436 1 110592 131072
436 1 131072 135168
483 1 638976 643072
498 1 397312 405504
442 2 155648 196608 196608 225280
442 1 225280 229376
62 1 372736 376832
381 1 495616 499712
54 1 438272 446464
458 1 626688 630784
284 1 28672 32768
66 1 393216 397312
66 1 524288 528384
66 1 532480 544768
74 1 262144 274432
75 1 131072 135168
79 1 69632 73728
75 1 143360 147456
79 1 81920 86016
75 1 151552 155648
75 1 184320 188416
75 1 200704 208896
75 1 217088 221184
75 1 311296 315392
75 1 319488 323584
75 1 401408 405504
75 1 409600 413696
75 1 417792 421888
693 1 319488 323584
75 1 425984 430080
76 1 57344 61440
66 1 425984 430080
820 2 192512 196608 196608 204800
616 1 122880 126976
436 1 135168 155648
436 1 155648 159744
659 1 86016 90112
659 1 90112 94208
458 1 626688 630784
616 1 122880 126976
188 1 98304 114688
970 1 299008 303104
381 1 495616 507904
249 1 225280 229376
620 1 466944 479232
188 1 114688 131072
424 1 495616 503808
603 1 331776 344064
111 1 0 4096
424 1 503808 507904
820 1 200704 212992
436 1 159744 180224
775 1 327680 335872
188 1 131072 147456
436 1 180224 184320
436 2 184320 196608 196608 204800
278 1 135168 139264
529 1 106496 122880
436 1 204800 208896
188 1 147456 163840
381 1 499712 503808
188 1 163840 180224
820 1 208896 221184
436 1 208896 229376
436 1 229376 233472
585 1 593920 598016
692 1 176128 196608
700 1 204800 241664
585 1 598016 602112
606 1 487424 491520
692 1 196608 233472
700 2 241664 262144 262144 323584
585 1 602112 610304
700 2 323584 327680 327680 389120
585 1 610304 614400
692 1 233472 262144
606 1 491520 495616
700 3 389120 393216 393216 458752 458752 466944
692 1 262144 294912
692 1 294912 307200
700 1 466944 495616
606 1 495616 499712
585 1 614400 622592
529 1 401408 425984
692 2 307200 327680 327680 364544
144 1 8192 32768
606 1 499712 503808
692 1 368640 393216
700 1 495616 524288
606 1 532480 540672
700 1 524288 569344
188 1 180224 196608
381 1 499712 503808
908 1 385024 393216
606 1 536576 540672
206 1 143360 147456
64 1 548864 552960
470 1 466944 471040
761 1 110592 114688
657 1 540672 548864
472 2 294912 327680 327680 360448
804 1 110592 126976
472 1 360448 376832
356 1 204800 212992
30 1 471040 479232
396 1 524288 532480
30 1 487424 491520
371 1 172032 192512
436 1 233472 253952
663 1 425984 434176
472 1 376832 380928
436 1 253952 258048
824 1 360448 364544
990 1 577536 581632
864 1 262144 266240
278 1 139264 143360
331 3 172032 196608 196608 262144 262144 266240
701 1 573440 585728
331 1 266240 270336
436 2 258048 262144 262144 274432
331 1 270336 311296
436 1 274432 278528
306 1 573440 577536
477 1 425984 434176
381 1 499712 503808
331 1 311296 315392
273 1 245760 258048
919 1 311296 315392
188 1 196608 212992
761 1 307200 311296
188 1 212992 229376
820 1 217088 233472
188 1 229376 245760
436 1 278528 299008
321 1 331776 339968
436 1 299008 303104
952 1 495616 499712
188 1 245760 262144
321 1 339968 344064
74 1 262144 274432
66 1 524288 528384
75 1 131072 135168
75 1 143360 147456
75 1 151552 155648
66 1 532480 544768
75 1 184320 188416
79 1 69632 73728
79 1 81920 86016
75 1 200704 204800
66 1 393216 397312
75 1 208896 212992
75 1 217088 221184
66 1 425984 430080
75 1 311296 315392
75 1 319488 323584
75 1 401408 405504
483 1 638976 643072
75 1 409600 413696
75 1 417792 421888
75 1 425984 430080
76 1 57344 61440
431 1 86016 94208
89 1 528384 532480
381 1 499712 503808
331 2 315392 327680 327680 352256
479 1 65536 69632
331 1 352256 356352
331 2 356352 393216 393216 397312
323 1 434176 442368
331 1 397312 401408
483 1 638976 643072
996 1 303104 307200
490 1 487424 491520
381 1 499712 503808
775 1 331776 344064
426 1 503808 507904
436 1 303104 323584
436 1 323584 327680
381 1 499712 503808
147 1 425984 438272
988 1 65536 69632
866 3 135168 196608 196608 262144 262144 299008
866 1 299008 303104
896 1 94208 98304
628 1 258048 262144
428 1 106496 110592
331 1 401408 442368
338 1 192512 196608
188 1 262144 278528
331 1 442368 446464
332 1 155648 167936
331 2 446464 458752 458752 483328
188 1 278528 294912
331 1 483328 487424
472 2 380928 393216 393216 405504
804 2 122880 131072 131072 139264
436 1 327680 348160
472 1 405504 409600
436 1 348160 352256
381 1 499712 503808
188 1 294912 311296
57 1 77824 81920
78 1 65536 69632
381 1 499712 507904
628 1 258048 262144
188 1 311296 327680
122 1 274432 278528
820 1 229376 241664
177 1 36864 45056
866 2 303104 327680 327680 368640
1 1 393216 409600
173 1 8192 12288
436 1 352256 372736
593 1 471040 475136
555 1 159744 163840
799 1 614400 618496
809 1 581632 585728
832 1 24576 28672
833 1 393216 405504
832 1 65536 69632
258 1 516096 520192
833 1 389120 393216
971 1 462848 466944
769 1 524288 528384
770 1 397312 401408
770 1 405504 409600
866 1 368640 372736
46 1 294912 299008
883 1 245760 249856
436 1 372736 376832
325 1 102400 110592
325 1 118784 122880
984 1 4096 12288
430 1 630784 634880
635 1 348160 352256
66 1 393216 397312
66 1 524288 528384
66 1 532480 544768
75 1 131072 135168
74 1 262144 274432
75 1 143360 147456
75 1 151552 155648
75 1 184320 188416
79 1 69632 73728
79 1 81920 86016
75 1 200704 208896
75 1 212992 217088
75 1 311296 315392
75 1 319488 323584
75 1 401408 405504
75 1 409600 413696
75 1 417792 421888
75 1 425984 430080
76 1 57344 61440
66 1 425984 430080
753 1 548864 561152
739 1 565248 573440
331 1 487424 520192
331 1 520192 524288
598 1 221184 225280
381 1 503808 507904
430 1 630784 634880
331 1 524288 565248
483 1 512000 516096
331 1 565248 569344
188 1 327680 344064
635 1 348160 352256
796 1 622592 655360
797 1 0 28672
896 1 98304 102400
188 1 344064 360448
331 2 569344 589824 589824 602112
739 1 557056 561152
188 1 360448 376832
331 1 602112 606208
739 1 487424 491520
331 1 606208 655360
483 1 512000 516096
451 1 483328 487424
332 1 0 4096
769 1 540672 544768
143 1 442368 458752
381 1 503808 507904
547 1 589824 598016
472 1 409600 438272
472 1 438272 442368
351 1 135168 139264
270 1 454656 458752
794 1 40960 45056
270 1 462848 466944
961 1 20480 24576
713 1 610304 614400
129 1 425984 430080
713 1 618496 622592
775 1 339968 348160
672 1 401408 409600
436 2 376832 393216 393216 397312
163 1 417792 450560
436 1 397312 401408
163 1 450560 454656
820 2 237568 262144 262144 266240
66 1 524288 528384
66 1 532480 544768
436 1 401408 421888
79 1 69632 73728
79 1 81920 86016
75 1 131072 135168
74 1 262144 274432
66 1 393216 397312
75 1 143360 147456
75 1 151552 155648
75 1 184320 188416
75 1 200704 208896
75 1 217088 221184
75 1 311296 315392
75 1 319488 323584
75 1 401408 405504
75 1 409600 413696
775 1 344064 352256
75 1 417792 421888
75 1 425984 430080
349 2 516096 524288 524288 528384
76 1 57344 61440
436 1 421888 425984
66 1 425984 430080
349 1 528384 532480
436 1 425984 446464
436 1 446464 450560
244 2 524288 589824 589824 655360
245 2 0 65536 65536 114688
241 1 651264 655360
242 8 0 65536 65536 131072 131072 196608 196608 262144 262144 327680 327680 393216 393216 458752 458752 516096
54 1 442368 446464
245 5 114688 131072 131072 196608 196608 262144 262144 327680 327680 368640
472 2 442368 458752 458752 483328
775 1 348160 356352
436 2 450560 458752 458752 471040
472 1 483328 487424
242 3 516096 524288 524288 589824 589824 655360
243 6 0 65536 65536 131072 131072 196608 196608 262144 262144 327680 327680 376832
458 1 626688 630784
800 1 36864 61440
243 5 376832 393216 393216 458752 458752 524288 524288 589824 589824 655360
244 4 0 65536 65536 131072 131072 196608 196608 245760
436 1 471040 475136
396 5 192512 196608 196608 262144 262144 327680 327680 393216 393216 405504
436 1 475136 495616
244 5 245760 262144 262144 327680 327680 393216 393216 458752 458752 524288
693 1 319488 323584
618 1 196608 204800
436 1 495616 499712
396 1 405504 409600
616 1 122880 126976
458 1 626688 630784
616 1 122880 126976
989 1 463872 467968
654 1 413696 417792
988 1 69632 73728
989 1 467968 471552
493 1 475136 479232
848 1 57344 65536
872 1 245760 249856
472 1 487424 520192
28 1 643072 647168
669 1 557056 561152
395 1 348160 356352
668 1 262144 282624
472 1 520192 524288
395 1 356352 360448
674 1 520192 524288
175 1 204800 208896
739 1 491520 495616
284 1 32768 36864
66 1 393216 397312
66 1 524288 528384
66 1 532480 544768
74 1 262144 274432
79 1 69632 73728
75 1 131072 135168
79 1 81920 86016
75 1 143360 147456
75 1 151552 155648
75 1 184320 188416
75 1 200704 208896
75 1 212992 217088
75 1 311296 315392
75 1 319488 323584
75 1 401408 405504
75 1 409600 413696
75 1 417792 421888
75 1 425984 430080
76 1 57344 61440
66 1 425984 430080
820 1 262144 278528
436 1 499712 520192
228 1 217088 221184
436 1 520192 524288
910 2 253952 262144 262144 266240
261 1 20480 24576
66 1 524288 528384
66 1 532480 544768
74 1 262144 274432
75 1 131072 135168
79 1 69632 73728
75 1 143360 147456
79 1 81920 86016
75 1 151552 155648
75 1 184320 188416
197 1 122880 126976
75 1 200704 204800
687 1 405504 409600
75 1 208896 217088
75 1 311296 315392
75 1 319488 323584
75 1 401408 405504
75 1 409600 413696
75 1 417792 421888
75 1 425984 430080
76 1 57344 61440
493 1 647168 655360
494 2 0 65536 65536 122880
66 1 393216 397312
66 1 425984 430080
381 1 503808 507904
494 1 122880 126976
598 1 221184 225280
483 1 512000 516096
472 1 524288 565248
982 1 12288 16384
472 1 565248 569344
793 1 417792 421888
436 1 524288 532480
436 1 532480 536576
739 1 491520 499712
483 1 512000 516096
837 1 552960 561152
66 1 393216 397312
66 1 425984 430080
66 1 524288 528384
75 1 131072 135168
75 1 143360 147456
75 1 151552 155648
66 1 532480 544768
74 1 262144 274432
75 1 184320 188416
79 1 69632 73728
75 1 200704 208896
75 1 212992 217088
75 1 311296 315392
75 1 319488 323584
75 1 401408 405504
739 1 561152 569344
75 1 409600 413696
75 1 417792 421888
75 1 425984 430080
739 1 499712 503808
340 1 626688 638976
76 1 57344 61440
739 1 491520 499712
789 1 65536 94208
739 1 565248 569344
381 1 503808 507904
729 1 356352 360448
599 1 77824 81920
125 1 303104 315392
457 2 241664 262144 262144 274432
484 1 180224 184320
739 1 499712 512000
879 1 81920 86016
457 1 274432 278528
457 1 442368 446464
494 2 126976 131072 131072 196608
494 1 196608 200704
484 1 180224 184320
694 1 294912 299008
793 1 274432 303104
584 1 618496 622592
926 1 540672 544768
992 1 487424 491520
318 1 77824 90112
2 1 569344 577536
23 1 122880 131072
739 1 557056 561152
318 1 90112 94208
534 3 90112 131072 131072 196608 196608 262144
534 6 262144 327680 327680 393216 393216 458752 458752 524288 524288 589824 589824 606208
534 1 606208 618496
349 8 126976 131072 131072 196608 196608 262144 262144 327680 327680 393216 393216 458752 458752 524288 524288 528384
739 1 483328 487424
479 2 565248 589824 589824 655360
480 1 0 20480
929 1 348160 352256
54 1 442368 446464
138 1 507904 512000
2 1 237568 241664
480 1 20480 24576
458 1 626688 630784
263 1 413696 417792
693 1 319488 327680
472 2 569344 589824 589824 598016
472 1 598016 602112
616 1 122880 126976
402 1 81920 86016
70 1 561152 565248
112 1 524288 532480
771 1 466944 471040
50 1 118784 122880
404 1 28672 36864
162 1 225280 229376
404 1 36864 40960
458 1 626688 630784
423 1 200704 204800
457 1 638976 655360
458 1 0 57344
616 1 122880 126976
458 1 57344 61440
923 1 315392 319488
381 1 503808 507904
678 2 323584 327680 327680 331776
353 1 122880 126976
470 1 172032 176128
66 1 393216 397312
66 1 524288 528384
66 1 532480 544768
75 1 131072 135168
79 1 69632 73728
75 1 143360 147456
79 1 81920 86016
74 1 262144 274432
75 1 151552 155648
75 1 184320 188416
75 1 200704 208896
440 2 319488 327680 327680 344064
75 1 212992 217088
75 1 311296 315392
75 1 319488 323584
75 1 401408 405504
75 1 409600 413696
75 1 417792 421888
75 1 425984 430080
76 1 57344 61440
440 1 344064 348160
66 1 425984 430080
390 1 131072 135168
440 1 348160 376832
440 1 376832 380928
79 1 81920 86016
451 1 380928 385024
921 1 45056 49152
879 1 458752 462848
440 1 335872 339968
381 1 503808 507904
390 1 135168 143360
739 1 491520 495616
498 1 425984 434176
649 1 217088 221184
831 1 462848 466944
66 1 393216 397312
75 1 131072 135168
66 1 425984 430080
75 1 143360 147456
74 1 262144 274432
66 1 524288 528384
75 1 151552 155648
66 1 532480 544768
75 1 184320 188416
79 1 69632 73728
75 1 200704 204800
79 1 81920 86016
75 1 212992 221184
75 1 311296 315392
75 1 319488 323584
75 1 401408 405504
75 1 409600 413696
75 1 417792 421888
75 1 425984 430080
76 1 57344 61440
381 1 503808 507904
143 1 331776 339968
614 1 442368 446464
459 1 16384 20480
820 1 274432 290816
436 1 536576 557056
394 1 204800 208896
650 1 614400 618496
296 1 438272 442368
436 1 557056 561152
321 1 45056 49152
459 1 16384 20480
57 1 77824 81920
528 1 0 65536
490 1 643072 651264
490 1 651264 655360
804 1 135168 151552
436 1 561152 581632
370 2 331776 393216 393216 401408
436 1 581632 585728
370 1 401408 405504
365 1 114688 131072
365 1 131072 135168
539 1 557056 573440
491 1 0 12288
66 1 393216 397312
66 1 524288 528384
74 1 262144 274432
66 1 532480 544768
75 1 131072 135168
75 1 143360 147456
79 1 69632 73728
75 1 151552 155648
79 1 81920 86016
75 1 184320 188416
75 1 200704 208896
75 1 212992 217088
75 1 311296 315392
75 1 319488 323584
75 1 401408 405504
75 1 409600 413696
75 1 417792 421888
75 1 425984 430080
76 1 57344 61440
66 1 425984 430080
343 1 327680 339968
491 1 12288 16384
820 1 286720 315392
436 2 585728 589824 589824 606208
343 1 339968 344064
436 1 606208 610304
378 1 225280 229376
76 1 634880 638976
982 1 61440 65536
66 1 393216 397312
92 1 8192 12288
815 1 151552 155648
66 1 524288 528384
92 1 12288 16384
37 1 110592 114688
881 1 307200 311296
117 2 176128 196608 196608 204800
162 1 335872 344064
175 1 348160 356352
13 1 61440 65536
66 1 532480 544768
465 3 237568 262144 262144 327680 327680 344064
79 1 69632 73728
75 1 131072 135168
245 5 364544 393216 393216 458752 458752 524288 524288 589824 589824 655360
246 4 0 65536 65536 131072 131072 196608 196608 229376
75 1 143360 147456
74 1 262144 274432
79 1 81920 86016
75 1 151552 155648
268 1 90112 94208
75 1 184320 188416
13 1 143360 147456
248 8 0 65536 65536 131072 131072 196608 196608 262144 262144 327680 327680 393216 393216 458752 458752 475136
13 1 188416 192512
75 1 200704 208896
13 1 274432 278528
75 1 212992 217088
75 1 311296 315392
75 1 319488 323584
13 1 364544 372736
75 1 401408 405504
13 1 385024 389120
75 1 409600 413696
13 1 434176 438272
13 1 454656 458752
13 1 503808 507904
14 1 270336 274432
75 1 417792 421888
13 1 561152 565248
75 1 425984 430080
14 1 368640 372736
76 1 57344 61440
14 1 524288 528384
14 1 118784 122880
15 1 61440 65536
14 1 155648 159744
15 1 77824 81920
15 1 131072 135168
248 3 475136 524288 524288 589824 589824 655360
249 2 0 65536 65536 73728
15 1 139264 151552
15 1 241664 245760
246 7 229376 262144 262144 327680 327680 393216 393216 458752 458752 524288 524288 589824 589824 655360
247 2 0 65536 65536 90112
15 1 253952 258048
15 1 311296 319488
15 1 344064 348160
15 1 417792 421888
66 1 425984 430080
15 1 434176 438272
15 1 450560 454656
465 1 344064 348160
15 1 524288 528384
15 1 598016 602112
16 1 24576 28672
16 1 180224 188416
16 1 229376 233472
16 1 266240 270336
16 1 348160 352256
16 1 401408 405504
16 1 462848 466944
247 9 90112 131072 131072 196608 196608 262144 262144 327680 327680 393216 393216 458752 458752 524288 524288 589824 589824 606208
563 1 380928 385024
247 1 606208 655360
16 1 471040 475136
16 1 495616 499712
16 1 577536 581632
344 1 36864 45056
580 1 65536 69632
17 1 61440 65536
17 1 548864 552960
755 1 98304 102400
62 1 471040 475136
63 1 491520 495616
17 1 593920 598016
17 1 114688 118784
100 1 638976 643072
17 1 180224 184320
18 1 98304 102400
17 1 200704 204800
101 1 135168 143360
61 1 339968 344064
17 1 319488 323584
100 1 487424 491520
17 1 376832 380928
101 1 290816 294912
17 1 389120 393216
123 1 471040 475136
54 1 147456 155648
101 1 442368 446464
18 1 126976 131072
93 1 311296 315392
101 1 593920 598016
102 1 90112 94208
115 1 258048 262144
124 1 270336 274432
126 1 323584 327680
153 1 106496 110592
118 1 45056 49152
18 1 147456 151552
180 1 356352 360448
118 1 520192 524288
368 2 569344 589824 589824 610304
125 1 69632 73728
118 1 622592 626688
18 1 155648 159744
119 1 122880 126976
18 1 172032 176128
125 1 524288 528384
119 1 331776 335872
872 1 524288 528384
18 2 319488 327680 327680 339968
149 1 16384 20480
119 1 417792 421888
128 1 417792 421888
20 1 114688 118784
143 1 458752 462848
187 1 507904 512000
344 1 45056 49152
155 1 118784 126976
182 1 593920 598016
183 1 90112 94208
190 1 524288 528384
96 1 266240 270336
183 1 262144 266240
190 1 618496 622592
378 3 512000 524288 524288 589824 589824 602112
183 1 413696 417792
204 1 647168 651264
183 1 565248 569344
205 1 122880 131072
368 1 610304 655360
80 1 208896 212992
982 1 16384 20480
225 1 479232 487424
122 1 217088 221184
123 1 16384 20480
216 1 73728 77824
207 1 0 4096
146 1 327680 331776
148 1 434176 438272
184 1 61440 65536
184 1 212992 217088
184 1 364544 368640
231 1 159744 163840
207 1 323584 327680
184 1 516096 520192
207 1 491520 495616
256 1 139264 143360
208 1 12288 16384
344 1 49152 57344
208 1 442368 446464
208 1 618496 622592
256 1 143360 147456
378 1 602112 655360
379 1 0 53248
427 3 475136 524288 524288 589824 589824 655360
428 2 0 65536 65536 86016
220 1 475136 487424
929 1 397312 405504
344 1 57344 61440
369 1 0 36864
232 1 217088 237568
369 2 36864 65536 65536 69632
185 1 12288 16384
185 1 163840 167936
232 1 114688 118784
198 1 479232 483328
209 1 393216 397312
209 1 544768 548864
379 2 131072 196608 196608 204800
379 2 53248 65536 65536 126976
210 1 163840 167936
210 1 315392 319488
379 1 126976 131072
211 1 393216 397312
83 1 126976 131072
109 1 495616 503808
224 1 139264 147456
256 1 147456 151552
369 1 69632 81920
379 2 204800 262144 262144 270336
379 1 274432 290816
379 2 294912 327680 327680 339968
428 1 86016 90112
455 1 81920 114688
379 1 266240 270336
875 1 544768 561152
426 1 606208 626688
426 1 626688 630784
989 1 471552 475648
654 1 421888 425984
989 1 475648 479232
683 1 360448 368640
125 1 315392 327680
536 1 229376 249856
457 1 278528 327680
593 1 598016 606208
457 1 327680 331776
669 1 561152 565248
884 1 315392 319488
416 1 413696 417792
385 1 262144 266240
203 1 122880 126976
386 2 286720 327680 327680 331776
355 1 4096 20480
386 1 331776 335872
355 1 20480 24576
927 1 229376 253952
927 1 253952 258048
473 1 159744 188416
922 1 237568 241664
441 1 135168 139264
473 1 188416 192512
362 1 438272 450560
362 1 450560 454656
379 1 229376 237568
331 1 552960 557056
81 1 380928 385024
568 1 479232 483328
744 1 45056 49152
482 1 77824 86016
174 1 606208 655360
175 1 0 4096
472 1 569344 581632
360 1 233472 237568
261 1 491520 495616
404 2 315392 327680 327680 364544
360 2 237568 262144 262144 323584
482 1 86016 90112
472 1 581632 585728
175 1 4096 8192
404 1 364544 368640
66 1 393216 397312
360 1 323584 327680
66 1 524288 528384
66 1 532480 544768
75 1 131072 135168
74 1 262144 274432
458 1 24576 28672
75 1 143360 147456
860 1 86016 90112
75 1 151552 155648
79 1 69632 73728
79 1 81920 86016
75 1 184320 188416
75 1 200704 204800
75 1 208896 212992
75 1 311296 315392
75 1 319488 323584
75 1 401408 405504
75 1 409600 413696
75 1 417792 421888
75 1 425984 430080
76 1 57344 61440
63 1 380928 385024
66 1 425984 430080
491 1 528384 532480
965 1 155648 163840
973 1 57344 61440
296 1 303104 307200
820 1 311296 319488
436 1 610304 630784
597 1 339968 344064
751 1 270336 274432
436 1 630784 634880
381 1 503808 507904
805 1 122880 126976
881 1 49152 53248
820 2 315392 327680 327680 344064
587 1 217088 221184
922 1 372736 376832
381 1 503808 516096
436 1 634880 655360
374 2 188416 196608 196608 200704
364 1 65536 73728
587 1 393216 397312
750 1 561152 565248
800 1 212992 217088
437 1 0 4096
374 1 200704 204800
818 1 434176 438272
364 1 73728 77824
459 1 512000 516096
492 1 45056 57344
447 1 520192 524288
408 1 614400 622592
491 1 49152 53248
626 1 647168 651264
408 1 622592 626688
374 1 204800 217088
516 1 131072 135168
818 1 86016 90112
44 1 139264 143360
122 1 462848 466944
374 1 217088 221184
428 2 389120 393216 393216 458752
137 1 45056 49152
245 1 630784 634880
459 1 417792 425984
428 1 458752 462848
459 1 425984 430080
66 1 393216 397312
66 1 524288 528384
66 1 532480 544768
75 1 131072 135168
75 1 143360 147456
858 1 188416 192512
74 1 262144 274432
75 1 151552 155648
79 1 69632 73728
79 1 81920 86016
75 1 184320 188416
75 1 200704 208896
75 1 212992 217088
75 1 311296 315392
75 1 319488 323584
75 1 401408 405504
75 1 409600 413696
75 1 417792 421888
75 1 425984 430080
340 1 307200 319488
76 1 57344 61440
381 1 507904 512000
769 1 565248 569344
61 1 307200 311296
584 1 618496 622592
262 1 40960 45056
470 1 614400 651264
845 1 569344 573440
66 1 393216 397312
66 1 524288 528384
74 1 262144 274432
75 1 131072 135168
75 1 143360 147456
47 1 393216 405504
66 1 532480 544768
66 1 425984 430080
75 1 151552 155648
340 1 319488 323584
47 1 409600 413696
75 1 184320 188416
79 1 69632 73728
75 1 200704 208896
79 1 81920 86016
218 1 356352 360448
75 1 217088 221184
1 1 397312 401408
765 1 352256 356352
75 1 311296 315392
768 1 126976 131072
555 1 647168 651264
75 1 319488 323584
823 1 86016 90112
556 1 266240 274432
75 1 401408 405504
75 1 409600 413696
108 1 548864 552960
75 1 417792 421888
108 1 577536 585728
767 1 233472 237568
75 1 425984 430080
195 1 446464 450560
76 1 57344 61440
472 1 602112 655360
473 1 0 12288
473 1 12288 32768
984 1 126976 131072
242 1 4096 8192
66 1 425984 430080
470 1 651264 655360
473 1 32768 36864
356 1 352256 356352
742 1 147456 151552
833 1 393216 397312
459 1 389120 393216
707 1 266240 270336
173 1 487424 491520
97 1 356352 360448
389 1 167936 180224
914 1 512000 516096
46 1 303104 307200
323 1 151552 155648
912 1 606208 610304
913 1 253952 258048
711 1 311296 315392
814 1 421888 425984
19 1 241664 245760
389 1 180224 184320
459 1 389120 393216
711 1 311296 315392
316 1 602112 618496
494 1 200704 262144
316 1 618496 622592
494 2 262144 327680 327680 352256
507 1 172032 180224
803 1 380928 385024
381 1 507904 512000
494 1 352256 356352
125 1 286720 290816
678 1 98304 102400
677 1 462848 466944
750 1 106496 118784
320 2 266240 327680 327680 335872
939 1 249856 253952
532 1 110592 114688
880 2 249856 262144 262144 315392
381 1 507904 512000
338 1 593920 655360
339 1 0 12288
320 1 335872 339968
880 1 315392 319488
339 1 12288 16384
588 1 188416 196608
381 1 507904 512000
820 1 339968 348160
756 1 421888 442368
500 1 540672 569344
360 1 327680 344064
156 1 622592 626688
397 1 479232 491520
81 1 380928 385024
397 1 495616 499712
717 1 65536 73728
42 2 352256 393216 393216 413696
717 1 81920 86016
159 2 413696 458752 458752 462848
437 1 4096 24576
500 1 569344 573440
181 1 307200 327680
778 1 397312 401408
922 1 618496 622592
273 1 507904 512000
924 1 180224 184320
360 1 344064 348160
432 1 458752 462848
54 1 294912 299008
572 1 557056 573440
885 1 561152 565248
121 1 569344 573440
836 1 24576 32768
52 1 548864 552960
48 1 606208 614400
740 1 380928 385024
1 1 397312 401408
832 1 4096 8192
878 1 450560 454656
832 1 65536 69632
879 1 151552 155648
832 1 241664 245760
879 1 188416 192512
832 1 651264 655360
149 1 643072 647168
437 1 24576 28672
833 1 131072 135168
769 1 434176 438272
769 1 442368 446464
46 1 266240 270336
0 1 163840 172032
46 1 278528 282624
878 1 98304 102400
878 1 249856 253952
7 1 405504 409600
260 1 274432 278528
260 1 405504 409600
870 2 323584 327680 327680 331776
340 2 323584 327680 327680 376832
346 1 118784 122880
876 1 573440 581632
346 1 581632 585728
347 1 16384 20480
347 1 106496 110592
344 1 192512 196608
347 1 114688 118784
344 1 413696 417792
345 1 40960 45056
345 1 180224 184320
345 1 253952 258048
347 1 253952 258048
347 1 499712 503808
275 1 176128 180224
278 1 405504 409600
279 1 233472 237568
347 1 512000 516096
275 1 327680 331776
348 1 0 4096
275 1 479232 483328
348 1 32768 36864
275 1 630784 634880
348 1 61440 65536
276 1 131072 135168
273 1 299008 303104
269 1 593920 598016
348 1 126976 131072
276 1 282624 286720
348 1 139264 143360
276 1 442368 446464
348 1 606208 610304
349 1 294912 299008
349 2 450560 458752 458752 466944
302 1 425984 430080
561 1 409600 413696
279 1 282624 286720
56 1 118784 122880
565 1 311296 315392
561 1 561152 565248
562 1 8192 12288
279 1 339968 344064
562 1 57344 61440
370 1 438272 446464
279 1 389120 393216
562 1 106496 110592
562 1 188416 192512
340 1 376832 380928
279 1 438272 442368
280 1 36864 40960
562 1 241664 245760
562 1 516096 520192
563 1 49152 53248
279 1 491520 495616
280 1 86016 90112
280 1 139264 143360
775 1 352256 360448
279 1 540672 544768
281 1 16384 20480
469 1 32768 40960
560 1 212992 217088
838 1 131072 143360
279 1 589824 593920
561 1 126976 131072
561 1 229376 233472
561 1 307200 311296
279 1 643072 647168
577 1 81920 86016
569 1 217088 221184
569 1 368640 372736
570 1 643072 647168
574 1 589824 593920
126 1 172032 176128
437 1 28672 49152
336 1 77824 81920
380 1 598016 602112
504 2 450560 458752 458752 495616
437 1 49152 53248
559 1 262144 266240
381 1 507904 512000
504 1 495616 499712
419 1 434176 450560
72 1 303104 307200
419 1 450560 454656
139 1 491520 495616
161 1 135168 143360
767 1 577536 581632
117 1 200704 212992
465 1 348160 376832
994 1 94208 98304
982 1 20480 24576
861 1 155648 163840
305 1 557056 561152
161 1 139264 143360
327 3 315392 327680 327680 393216 393216 425984
381 1 507904 512000
473 2 36864 65536 65536 98304
32 1 512000 516096
794 1 40960 45056
297 1 647168 651264
465 1 376832 380928
491 1 626688 655360
492 1 0 24576
473 1 98304 102400
811 1 81920 86016
772 1 45056 49152
327 1 425984 430080
492 1 24576 28672
478 2 503808 524288 524288 532480
766 1 143360 147456
813 1 135168 139264
478 1 532480 536576
390 1 356352 368640
851 1 372736 376832
390 1 368640 372736
66 1 524288 528384
66 1 532480 544768
74 1 262144 274432
75 1 131072 135168
75 1 143360 147456
75 1 151552 155648
79 1 69632 73728
79 1 81920 86016
75 1 184320 188416
66 1 393216 397312
75 1 200704 212992
75 1 311296 315392
66 1 425984 430080
75 1 319488 323584
75 1 401408 405504
75 1 409600 413696
75 1 417792 421888
75 1 425984 430080
76 1 57344 61440
804 1 147456 163840
437 2 53248 65536 65536 73728
820 1 77824 81920
437 1 73728 77824
553 1 503808 512000
793 1 368640 372736
437 1 77824 98304
773 1 323584 327680
381 1 507904 512000
764 1 331776 335872
437 1 98304 102400
711 1 311296 315392
130 1 389120 393216
316 1 622592 643072
870 1 147456 151552
316 1 643072 647168
774 1 8192 12288
767 1 380928 385024
1 1 401408 405504
381 1 507904 512000
769 1 401408 405504
36 1 172032 176128
895 1 462848 466944
875 1 110592 114688
775 1 356352 368640
422 1 172032 184320
437 1 102400 122880
361 1 159744 163840
437 1 122880 126976
422 1 184320 188416
794 1 438272 446464
774 1 237568 241664
820 1 344064 352256
329 2 176128 196608 196608 212992
381 2 253952 262144 262144 266240
437 2 126976 131072 131072 147456
437 1 147456 151552
935 1 557056 561152
381 1 266240 270336
73 1 446464 450560
329 1 212992 217088
76 1 417792 421888
473 2 102400 131072 131072 135168
351 2 512000 524288 524288 528384
778 1 106496 110592
716 1 442368 446464
381 1 507904 516096
473 1 135168 139264
402 1 81920 90112
351 1 528384 532480
341 1 643072 655360
342 2 0 65536 65536 110592
404 1 40960 49152
820 1 348160 356352
342 1 110592 114688
404 1 49152 53248
437 1 151552 172032
146 1 106496 110592
437 1 172032 176128
588 2 192512 196608 196608 204800
774 1 290816 294912
0 1 20480 24576
500 2 573440 589824 589824 634880
661 1 49152 53248
865 1 585728 589824
865 1 618496 622592
124 1 507904 512000
982 1 266240 270336
500 1 634880 638976
325 3 126976 131072 131072 196608 196608 217088
299 1 131072 135168
381 1 512000 516096
369 2 319488 327680 327680 335872
778 1 122880 126976
325 1 217088 221184
771 1 528384 532480
369 1 335872 339968
582 1 548864 557056
764 1 581632 585728
729 1 413696 417792
766 1 552960 557056
947 1 389120 393216
764 1 200704 204800
949 1 69632 73728
517 2 118784 131072 131072 135168
125 1 327680 339968
381 1 512000 516096
654 1 200704 212992
388 1 589824 593920
1 1 393216 397312
216 1 4096 8192
90 1 389120 393216
218 1 323584 327680
218 1 348160 356352
216 1 65536 69632
428 1 233472 237568
90 1 397312 405504
440 1 376832 380928
218 1 376832 380928
485 2 565248 589824 589824 610304
216 1 143360 147456
440 1 413696 417792
271 1 364544 368640
217 1 299008 303104
323 1 172032 176128
517 1 135168 139264
877 1 106496 110592
457 1 331776 393216
877 1 126976 131072
877 1 204800 212992
877 1 360448 364544
20 1 409600 413696
559 1 262144 278528
772 1 45056 49152
457 1 393216 397312
465 1 393216 397312
485 1 610304 614400
940 1 548864 552960
342 2 114688 131072 131072 172032
402 1 188416 192512
419 2 454656 458752 458752 507904
579 1 364544 372736
601 1 479232 512000
579 1 372736 380928
612 2 122880 131072 131072 143360
594 2 229376 262144 262144 274432
601 2 512000 524288 524288 552960
612 1 143360 163840
579 1 380928 389120
601 2 552960 589824 589824 593920
480 1 565248 569344
579 1 389120 393216
66 1 393216 397312
465 1 393216 397312
607 2 573440 589824 589824 655360
608 1 0 12288
612 1 163840 188416
66 1 425984 430080
983 2 253952 262144 262144 270336
74 1 262144 274432
66 1 524288 528384
601 1 593920 630784
612 2 188416 196608 196608 204800
342 1 172032 176128
75 1 131072 135168
66 1 532480 544768
75 1 143360 147456
75 1 151552 155648
79 1 69632 73728
79 1 81920 86016
75 1 184320 188416
402 1 192512 196608
594 1 274432 319488
75 1 200704 212992
306 1 290816 294912
75 1 311296 315392
75 1 319488 323584
608 2 12288 65536 65536 118784
75 1 401408 405504
75 1 409600 413696
460 1 602112 614400
594 2 319488 327680 327680 360448
75 1 417792 421888
66 1 393216 397312
608 3 118784 131072 131072 196608 196608 212992
75 1 425984 430080
76 1 57344 61440
66 1 524288 528384
416 1 544768 557056
820 1 352256 364544
402 1 196608 200704
66 1 532480 544768
594 1 360448 389120
79 1 69632 73728
75 1 131072 135168
594 1 417792 421888
74 1 262144 274432
75 1 143360 147456
79 1 81920 86016
75 1 151552 155648
771 1 536576 540672
381 1 512000 516096
75 1 184320 188416
608 2 212992 262144 262144 274432
75 1 200704 208896
75 1 212992 217088
448 1 610304 638976
419 1 507904 512000
437 1 176128 196608
75 1 311296 315392
75 1 319488 323584
84 1 548864 552960
75 1 401408 405504
594 2 389120 393216 393216 417792
416 1 557056 561152
75 1 409600 413696
601 1 630784 655360
602 1 0 8192
612 1 204800 225280
75 1 417792 421888
594 1 421888 454656
75 1 425984 430080
76 1 57344 61440
594 1 458752 503808
594 1 516096 520192
437 1 196608 200704
448 1 638976 643072
964 1 163840 167936
66 1 425984 430080
460 1 614400 618496
766 1 147456 151552
420 1 471040 479232
594 1 516096 520192
610 1 425984 430080
659 1 94208 98304
659 1 98304 102400
420 1 479232 483328
503 1 368640 376832
388 1 491520 507904
578 1 176128 180224
464 1 589824 593920
553 1 53248 57344
929 1 245760 249856
355 2 114688 131072 131072 163840
388 1 507904 512000
355 1 163840 167936
396 3 409600 458752 458752 524288 524288 581632
679 1 499712 503808
448 1 643072 655360
474 1 16384 20480
396 1 581632 585728
473 1 139264 172032
449 1 0 4096
448 1 622592 626688
276 1 634880 638976
781 1 438272 442368
460 1 618496 655360
779 1 376832 380928
473 1 172032 176128
764 1 348160 352256
461 1 0 4096
66 1 393216 397312
1 1 393216 397312
66 1 425984 430080
66 1 524288 528384
732 1 360448 364544
1 1 397312 405504
66 1 532480 544768
75 1 131072 135168
555 1 196608 200704
75 1 143360 147456
79 1 69632 73728
75 1 151552 155648
861 1 208896 212992
555 1 262144 266240
79 1 81920 86016
75 1 184320 188416
556 1 389120 393216
75 1 200704 208896
606 1 393216 397312
75 1 217088 221184
74 1 262144 274432
832 1 65536 69632
75 1 311296 315392
833 1 372736 376832
833 1 393216 405504
767 1 520192 524288
75 1 319488 323584
971 1 458752 462848
75 1 401408 405504
60 1 647168 651264
75 1 409600 413696
385 1 397312 401408
769 1 405504 409600
75 1 417792 421888
75 1 425984 430080
76 1 57344 61440
776 1 327680 331776
777 1 122880 126976
769 1 528384 532480
984 2 126976 131072 131072 135168
991 1 159744 163840
46 1 307200 311296
865 1 479232 483328
866 1 184320 188416
153 1 438272 442368
592 1 57344 61440
871 1 651264 655360
491 1 16384 28672
459 1 389120 393216
794 1 442368 454656
480 1 24576 45056
324 1 356352 360448
480 1 45056 49152
329 2 217088 262144 262144 278528
345 1 483328 495616
704 1 73728 77824
312 1 425984 430080
345 1 495616 499712
329 1 278528 282624
459 1 389120 393216
24 1 45056 49152
297 1 647168 651264
781 1 450560 454656
486 1 356352 376832
486 1 376832 380928
0 1 49152 53248
873 1 180224 184320
614 1 471040 475136
108 1 487424 491520
886 2 524288 589824 589824 610304
325 1 299008 311296
773 1 262144 266240
886 1 610304 614400
466 1 229376 241664
771 1 528384 532480
325 1 311296 315392
122 1 221184 225280
466 1 241664 245760
764 1 348160 352256
987 1 217088 221184
397 1 32768 57344
403 1 364544 368640
397 1 57344 61440
972 1 524288 528384
972 1 532480 544768
952 1 286720 290816
27 1 589824 593920
773 1 319488 323584
268 1 483328 487424
352 1 135168 147456
352 1 147456 151552
364 1 245760 258048
360 5 352256 393216 393216 458752 458752 524288 524288 589824 589824 593920
491 1 28672 32768
870 1 40960 45056
709 1 593920 598016
512 1 581632 589824
428 1 65536 86016
608 1 647168 655360
609 2 0 65536 65536 94208
688 1 102400 110592
512 1 589824 593920
428 1 86016 90112
364 1 274432 299008
609 1 94208 98304
364 1 299008 303104
431 1 81920 98304
876 1 577536 585728
364 1 258048 262144
431 1 98304 102400
344 1 0 4096
345 1 413696 417792
344 1 114688 118784
626 1 352256 360448
344 1 319488 323584
74 1 311296 315392
820 1 360448 372736
574 1 589824 593920
345 1 442368 450560
344 1 368640 372736
345 1 499712 503808
345 1 598016 602112
344 1 446464 450560
346 1 20480 24576
344 1 483328 487424
344 1 544768 548864
344 1 647168 655360
345 1 86016 90112
345 1 126976 131072
345 1 241664 245760
346 1 241664 245760
349 1 49152 53248
346 1 319488 323584
347 1 106496 110592
347 1 180224 184320
274 1 331776 335872
347 1 286720 290816
274 1 462848 466944
347 1 344064 348160
275 1 176128 180224
773 1 323584 327680
347 1 397312 401408
275 1 327680 331776
347 1 638976 643072
275 1 479232 483328
348 1 4096 8192
437 1 200704 221184
275 1 630784 634880
348 1 221184 225280
368 2 122880 131072 131072 135168
276 1 131072 135168
348 1 241664 245760
276 1 282624 286720
348 1 315392 319488
349 1 155648 159744
348 1 434176 438272
349 1 176128 180224
277 1 192512 196608
349 1 200704 208896
349 1 311296 315392
775 1 364544 393216
348 1 458752 462848
449 1 557056 573440
270 1 352256 356352
349 2 450560 458752 458752 466944
437 1 221184 225280
563 1 520192 524288
278 1 122880 126976
564 1 36864 40960
564 1 327680 335872
278 1 262144 266240
356 1 204800 208896
278 1 405504 409600
368 1 135168 139264
280 1 36864 40960
278 1 454656 458752
280 1 86016 90112
280 1 139264 143360
280 1 462848 466944
278 1 565248 569344
281 1 16384 20480
560 1 212992 217088
279 1 233472 237568
564 1 495616 499712
572 1 278528 282624
368 1 40960 45056
159 1 458752 462848
767 1 147456 151552
279 1 282624 286720
368 1 299008 303104
368 1 323584 327680
365 1 315392 319488
279 1 339968 344064
365 1 487424 491520
279 1 389120 393216
67 1 335872 339968
279 1 438272 442368
279 1 491520 495616
279 1 540672 544768
279 1 589824 593920
279 1 643072 647168
349 1 487424 499712
568 1 208896 212992
276 1 442368 446464
566 1 266240 270336
569 1 217088 221184
566 1 331776 335872
42 1 409600 413696
569 1 368640 372736
370 1 49152 53248
570 1 585728 589824
370 1 77824 81920
370 1 442368 446464
437 1 225280 245760
329 1 622592 655360
330 2 0 65536 65536 126976
610 1 425984 442368
437 1 245760 249856
388 1 512000 524288
388 1 524288 569344
469 1 413696 425984
764 1 454656 458752
732 1 557056 561152
790 1 577536 581632
388 1 569344 573440
330 1 126976 131072
469 1 425984 430080
473 2 176128 196608 196608 241664
473 2 241664 262144 262144 270336
449 1 573440 577536
634 1 118784 122880
773 1 262144 266240
473 1 270336 274432
599 1 77824 81920
189 1 143360 147456
130 1 81920 86016
365 1 28672 45056
626 1 356352 360448
800 1 57344 61440
365 1 45056 49152
449 1 577536 589824
484 1 180224 184320
437 1 249856 258048
437 1 258048 262144
449 1 589824 593920
517 1 32768 36864
767 1 524288 528384
250 1 598016 606208
626 1 356352 360448
376 1 602112 618496
983 1 364544 368640
1 1 405504 409600
385 1 409600 413696
493 1 20480 24576
250 1 602112 606208
941 1 274432 278528
493 1 28672 32768
821 1 196608 200704
494 1 57344 65536
711 1 610304 634880
494 1 69632 73728
449 1 593920 606208
907 1 270336 274432
494 1 155648 159744
822 1 479232 487424
153 1 446464 450560
915 1 577536 581632
430 1 270336 274432
376 1 618496 622592
484 1 180224 184320
711 1 634880 638976
776 1 299008 303104
449 1 606208 610304
780 1 495616 499712
383 1 0 4096
626 1 356352 360448
552 1 0 4096
595 1 102400 106496
497 2 90112 131072 131072 167936
533 1 516096 520192
611 1 327680 331776
622 1 32768 36864
449 1 610304 622592
296 1 438272 442368
398 1 155648 192512
518 1 262144 266240
392 1 495616 512000
350 1 598016 614400
497 1 167936 172032
398 1 192512 196608
449 1 622592 626688
350 1 614400 618496
419 1 561152 589824
321 1 344064 356352
810 1 40960 45056
626 1 356352 360448
858 1 626688 634880
449 1 626688 638976
767 1 544768 548864
449 1 638976 643072
626 1 356352 360448
321 1 356352 360448
449 1 643072 655360
392 1 512000 516096
807 1 356352 360448
450 1 0 4096
350 1 618496 651264
788 1 147456 188416
350 1 651264 655360
626 1 356352 360448
390 1 36864 45056
450 1 4096 16384
413 1 606208 651264
450 1 16384 20480
413 1 651264 655360
768 1 126976 131072
788 1 454656 458752
100 1 319488 323584
82 1 163840 167936
626 1 356352 360448
494 1 262144 266240
687 1 405504 409600
386 1 143360 159744
450 1 20480 32768
372 1 331776 344064
450 1 32768 36864
386 1 159744 163840
626 1 356352 360448
372 1 344064 348160
614 1 167936 172032
688 1 106496 118784
61 1 536576 548864
450 1 36864 49152
364 2 303104 327680 327680 368640
363 2 192512 196608 196608 217088
457 1 307200 311296
450 1 49152 53248
376 1 167936 172032
363 1 217088 221184
215 1 339968 344064
830 1 520192 524288
364 1 368640 372736
327 1 471040 512000
512 1 536576 552960
302 1 262144 266240
705 1 282624 286720
626 1 356352 360448
512 1 552960 557056
327 1 512000 516096
295 1 192512 196608
765 1 348160 352256
327 2 516096 524288 524288 536576
329 1 212992 225280
327 1 536576 540672
779 1 352256 356352
457 1 307200 311296
189 1 143360 147456
329 1 225280 229376
387 1 266240 270336
788 1 524288 528384
365 1 49152 65536
764 1 303104 307200
775 2 389120 393216 393216 401408
365 1 65536 69632
369 1 57344 61440
437 1 262144 282624
763 1 184320 188416
765 1 253952 258048
437 1 282624 286720
346 2 454656 458752 458752 462848
181 1 163840 167936
767 1 516096 520192
918 1 167936 172032
523 1 139264 143360
346 1 462848 466944
788 2 249856 262144 262144 327680
406 1 630784 643072
788 1 327680 331776
324 1 421888 425984
633 1 618496 622592
350 1 110592 122880
346 1 466944 475136
350 1 122880 126976
406 1 643072 647168
794 1 462848 466944
346 1 475136 479232
12 1 28672 32768
380 1 118784 126976
23 1 262144 274432
380 1 126976 131072
488 1 40960 45056
988 1 471040 479232
778 1 385024 389120
381 1 512000 516096
788 1 331776 352256
788 1 528384 532480
650 1 557056 565248
768 1 69632 73728
567 1 466944 471040
788 1 352256 356352
1 1 401408 405504
990 1 233472 237568
833 1 397312 405504
419 1 589824 593920
470 1 561152 565248
876 1 548864 557056
495 1 552960 557056
153 1 405504 409600
879 1 581632 585728
532 1 110592 114688
153 1 421888 425984
159 1 430080 434176
30 1 516096 520192
879 1 589824 593920
605 1 45056 49152
555 1 552960 557056
833 1 401408 405504
61 1 307200 311296
773 1 311296 315392
358 1 569344 573440
524 1 638976 643072
440 1 536576 540672
601 1 520192 524288
440 1 585728 589824
419 1 593920 610304
488 1 40960 45056
220 1 483328 487424
331 1 217088 233472
419 1 610304 614400
331 1 233472 237568
873 1 393216 397312
276 1 524288 532480
276 1 532480 536576
271 1 385024 393216
275 1 188416 196608
450 1 53248 65536
173 1 118784 122880
769 1 647168 651264
564 1 512000 516096
600 1 380928 385024
450 1 65536 69632
371 2 557056 589824 589824 626688
785 1 528384 536576
437 1 286720 307200
863 1 352256 360448
438 1 237568 241664
396 2 585728 589824 589824 655360
397 1 0 16384
437 1 307200 311296
813 1 548864 552960
773 1 270336 274432
331 1 237568 245760
499 2 454656 458752 458752 487424
765 1 94208 102400
427 1 335872 339968
331 1 245760 249856
397 1 16384 20480
499 1 487424 491520
1 1 401408 405504
555 1 159744 163840
580 1 258048 262144
220 1 49152 53248
185 1 0 4096
833 1 401408 405504
769 1 524288 528384
302 1 204800 208896
46 1 315392 319488
371 1 626688 630784
381 1 512000 516096
153 1 532480 536576
777 1 507904 512000
439 1 192512 196608
440 1 499712 503808
948 1 237568 241664
408 1 114688 126976
788 1 532480 536576
868 1 532480 536576
502 1 524288 528384
750 2 319488 327680 327680 331776
408 1 126976 131072
457 1 397312 458752
410 1 475136 491520
381 1 512000 516096
626 1 356352 364544
457 1 458752 462848
767 1 393216 397312
410 1 491520 495616
450 1 69632 81920
450 1 81920 86016
768 1 73728 77824
361 1 290816 299008
594 1 503808 507904
626 1 360448 364544
361 1 299008 303104
779 1 380928 385024
450 1 86016 98304
450 1 98304 102400
280 1 8192 12288
315 1 561152 565248
89 1 528384 532480
768 1 77824 81920
419 3 94208 131072 131072 196608 196608 241664
390 1 40960 57344
293 1 49152 53248
351 1 462848 471040
626 1 360448 364544
397 3 20480 65536 65536 131072 131072 147456
351 1 471040 475136
804 1 110592 114688
414 1 0 65536
253 1 294912 299008
450 1 102400 114688
499 1 294912 299008
419 1 241664 245760
340 1 552960 589824
788 1 536576 540672
381 1 512000 524288
414 1 65536 69632
324 1 356352 360448
31 1 12288 16384
506 1 528384 548864
397 1 147456 151552
556 1 16384 20480
767 1 397312 401408
340 1 589824 593920
506 1 548864 552960
381 1 516096 520192
450 1 114688 118784
38 1 274432 282624
325 2 516096 524288 524288 528384
325 1 528384 532480
831 1 40960 45056
626 1 360448 364544
381 1 516096 520192
316 1 638976 651264
317 1 0 4096
860 2 303104 327680 327680 360448
363 1 245760 258048
636 1 348160 364544
450 1 118784 131072
460 1 24576 57344
860 1 360448 364544
240 1 0 65536
397 1 151552 180224
440 2 126976 131072 131072 163840
450 1 131072 135168
566 1 253952 258048
397 1 180224 184320
404 1 53248 61440
440 1 163840 167936
828 1 118784 122880
359 1 270336 299008
626 1 360448 364544
404 1 61440 65536
359 1 299008 303104
450 1 135168 147456
899 1 163840 180224
776 1 151552 155648
404 1 65536 77824
775 1 290816 294912
450 1 147456 151552
460 1 57344 61440
404 1 77824 81920
833 1 393216 397312
447 1 327680 339968
382 1 602112 634880
440 1 520192 524288
23 1 561152 565248
345 1 499712 520192
626 1 360448 364544
794 1 557056 561152
587 2 577536 589824 589824 626688
404 1 155648 167936
381 1 516096 520192
359 1 131072 155648
382 1 634880 638976
450 1 151552 163840
860 1 86016 90112
345 1 520192 524288
404 1 167936 172032
381 1 516096 520192
359 1 155648 159744
450 1 163840 167936
381 1 516096 520192
30 1 204800 208896
626 1 360448 364544
489 1 516096 520192
773 1 270336 274432
733 1 536576 540672
408 1 131072 147456
868 1 532480 536576
870 1 69632 73728
450 1 167936 180224
895 1 462848 466944
408 1 147456 151552
701 1 241664 245760
763 1 233472 237568
776 1 114688 118784
450 1 180224 184320
61 1 544768 561152
471 1 32768 49152
363 2 221184 262144 262144 294912
863 1 356352 368640
626 1 360448 364544
115 1 524288 532480
481 1 356352 360448
716 1 442368 446464
775 1 520192 524288
363 1 294912 299008
471 1 49152 53248
499 2 491520 524288 524288 544768
875 1 286720 290816
450 1 184320 196608
499 1 544768 548864
450 1 196608 200704
511 2 270336 327680 327680 339968
767 1 520192 524288
871 1 372736 376832
626 1 360448 364544
765 1 282624 286720
511 1 339968 344064
384 1 45056 53248
450 1 200704 212992
384 1 53248 57344
381 1 516096 520192
450 1 212992 217088
19 1 516096 520192
626 1 360448 364544
949 1 53248 61440
807 1 397312 401408
1 1 397312 401408
1 1 405504 409600
43 1 233472 237568
602 1 61440 65536
708 1 270336 274432
939 1 196608 200704
88 1 430080 434176
435 1 458752 462848
939 1 262144 266240
879 1 221184 225280
564 1 614400 618496
817 1 110592 114688
940 1 73728 77824
990 1 393216 397312
299 1 565248 569344
493 1 81920 86016
169 1 188416 192512
698 1 507904 512000
201 1 397312 401408
324 1 204800 208896
763 1 413696 417792
348 1 458752 483328
600 1 8192 12288
153 1 397312 401408
472 1 200704 221184
91 1 172032 180224
91 1 348160 352256
368 1 40960 45056
450 1 217088 229376
776 1 118784 122880
348 1 483328 487424
472 1 221184 225280
459 1 606208 614400
404 2 172032 196608 196608 200704
459 1 614400 618496
401 2 438272 458752 458752 483328
404 1 200704 204800
401 1 483328 487424
526 1 487424 495616
450 1 229376 233472
820 1 368640 380928
771 1 548864 552960
437 2 311296 327680 327680 331776
437 1 331776 335872
626 1 360448 368640
354 1 626688 630784
473 2 569344 589824 589824 610304
776 1 151552 155648
450 1 233472 245760
381 1 516096 520192
450 1 245760 249856
775 1 520192 524288
626 1 364544 368640
618 1 200704 204800
299 1 212992 217088
677 1 307200 315392
299 1 217088 221184
381 1 516096 524288
324 1 430080 434176
38 1 278528 290816
450 1 249856 262144
440 1 380928 389120
460 2 61440 65536 65536 118784
450 1 262144 266240
381 1 520192 524288
440 1 389120 393216
460 1 118784 122880
807 1 458752 462848
771 1 552960 557056
473 1 610304 614400
771 1 532480 536576
626 1 364544 368640
918 1 167936 172032
427 2 495616 524288 524288 565248
450 1 266240 278528
550 1 8192 12288
761 1 516096 520192
503 1 622592 655360
450 1 278528 282624
440 1 393216 401408
772 1 45056 49152
504 1 0 45056
427 1 565248 569344
488 1 40960 45056
440 1 401408 405504
504 1 45056 49152
626 1 364544 368640
776 1 114688 118784
791 1 94208 98304
450 1 282624 294912
820 2 376832 393216 393216 401408
437 1 335872 356352
761 1 307200 311296
450 1 294912 299008
6 1 643072 647168
773 1 65536 69632
437 1 356352 360448
814 1 368640 372736
381 1 520192 524288
488 1 40960 45056
918 1 290816 294912
626 1 364544 368640
362 1 622592 638976
296 1 380928 385024
123 1 163840 176128
538 1 434176 438272
394 2 286720 327680 327680 335872
548 1 524288 528384
450 1 299008 311296
362 1 638976 643072
381 1 520192 524288
600 1 442368 446464
394 1 335872 339968
379 1 569344 581632
381 1 520192 524288
450 1 311296 315392
379 1 581632 585728
377 1 536576 544768
776 1 151552 155648
773 1 69632 73728
377 1 544768 548864
12 1 331776 335872
330 1 430080 438272
515 2 110592 131072 131072 135168
266 1 475136 479232
330 1 548864 552960
515 1 135168 139264
494 3 356352 393216 393216 458752 458752 471040
344 1 348160 352256
785 1 212992 217088
993 1 94208 98304
494 1 471040 475136
346 2 507904 524288 524288 532480
916 1 425984 430080
465 1 393216 397312
346 1 532480 536576
437 1 360448 372736
381 1 520192 524288
315 1 221184 225280
383 1 503808 516096
457 2 188416 196608 196608 233472
437 1 372736 376832
420 1 233472 237568
733 2 53248 65536 65536 126976
457 1 233472 237568
777 1 540672 544768
774 1 303104 311296
20 1 225280 229376
733 1 126976 131072
315 1 512000 520192
465 1 180224 184320
949 2 57344 65536 65536 69632
315 1 520192 524288
348 2 487424 524288 524288 548864
43 1 278528 282624
763 1 573440 577536
95 1 45056 49152
348 1 548864 552960
281 1 380928 385024
78 1 430080 434176
692 1 466944 468992
820 1 397312 421888
103 1 188416 192512
773 1 319488 323584
437 2 376832 393216 393216 430080
997 1 16384 20480
301 1 61440 65536
658 1 475136 479232
437 1 430080 434176
457 1 237568 241664
457 1 241664 245760
870 1 106496 110592
457 1 245760 249856
493 1 217088 233472
590 1 614400 618496
33 1 495616 499712
926 1 245760 249856
322 1 110592 126976
381 1 520192 524288
493 1 233472 237568
767 1 147456 151552
794 2 450560 458752 458752 466944
322 1 126976 131072
749 1 479232 483328
329 2 282624 327680 327680 372736
392 1 548864 557056
238 1 233472 237568
342 1 28672 36864
329 1 372736 376832
342 1 36864 40960
319 1 552960 557056
626 1 364544 368640
491 2 57344 65536 65536 77824
436 1 36864 49152
872 1 438272 442368
491 1 77824 81920
397 2 184320 196608 196608 221184
100 1 126976 131072
441 1 114688 118784
820 1 417792 425984
282 1 339968 348160
397 1 221184 225280
465 1 307200 323584
437 1 434176 458752
154 1 602112 606208
495 1 540672 544768
465 1 323584 327680
450 1 315392 327680
447 1 335872 348160
437 1 458752 462848
381 1 520192 524288
817 1 442368 446464
359 2 159744 196608 196608 229376
193 1 409600 413696
665 1 491520 495616
359 1 229376 233472
450 1 327680 331776
424 1 507904 520192
512 2 8192 65536 65536 106496
369 1 565248 569344
424 1 520192 524288
803 1 278528 286720
512 1 106496 110592
803 1 131072 147456
468 1 524288 528384
381 2 520192 524288 524288 532480
946 1 466944 471040
316 1 327680 339968
626 1 364544 368640
761 1 487424 491520
492 1 221184 229376
388 1 524288 528384
388 1 516096 524288
450 1 331776 344064
492 1 229376 233472
609 3 98304 131072 131072 196608 196608 217088
222 1 196608 200704
369 1 4096 8192
767 1 147456 151552
450 1 344064 348160
731 1 294912 303104
731 1 372736 376832
731 1 638976 643072
630 1 81920 86016
731 1 90112 94208
734 1 331776 335872
734 1 380928 385024
731 1 647168 651264
738 1 151552 155648
732 1 20480 24576
738 1 167936 172032
735 1 16384 20480
732 1 61440 65536
738 1 184320 188416
801 1 475136 491520
732 1 155648 159744
732 1 212992 217088
735 1 147456 151552
738 1 204800 208896
732 1 368640 372736
735 1 364544 368640
738 1 221184 225280
735 1 380928 385024
732 1 458752 462848
735 1 421888 425984
738 1 278528 282624
609 1 217088 221184
735 1 561152 569344
1 1 397312 401408
738 1 401408 405504
735 1 589824 593920
733 1 12288 16384
738 1 409600 413696
733 1 110592 114688
556 1 389120 393216
738 1 450560 454656
735 1 630784 634880
733 1 237568 241664
738 1 565248 569344
162 1 557056 561152
833 1 393216 401408
733 1 286720 290816
832 1 49152 57344
595 1 102400 106496
733 1 303104 307200
495 1 552960 557056
736 1 262144 266240
733 1 450560 454656
494 1 524288 528384
777 1 344064 348160
738 1 581632 585728
736 1 483328 487424
662 1 479232 483328
733 1 458752 462848
159 1 540672 544768
70 1 524288 528384
736 1 491520 507904
734 1 8192 12288
879 1 577536 585728
738 1 598016 602112
734 1 176128 180224
738 1 626688 630784
879 1 589824 598016
739 1 0 4096
739 1 16384 20480
739 1 32768 36864
739 1 49152 53248
316 1 339968 344064
739 1 65536 69632
739 1 131072 135168
739 1 147456 151552
737 1 49152 53248
739 1 163840 167936
739 1 208896 212992
739 1 303104 307200
739 1 311296 315392
739 1 327680 331776
739 1 335872 339968
740 1 86016 90112
740 1 376832 393216
680 1 299008 303104
787 1 380928 385024
370 1 405504 417792
626 1 364544 368640
534 2 28672 65536 65536 98304
271 1 102400 106496
301 1 61440 65536
457 2 249856 262144 262144 274432
370 1 417792 421888
381 1 524288 528384
457 1 274432 278528
450 1 348160 360448
151 1 427008 443392
534 1 98304 102400
764 1 573440 577536
450 1 360448 364544
482 1 90112 106496
630 1 81920 86016
820 1 421888 430080
482 1 106496 110592
437 1 462848 483328
534 1 102400 110592
492 1 233472 241664
437 1 483328 487424
534 1 110592 114688
492 1 241664 245760
626 1 364544 368640
381 1 524288 528384
44 1 565248 569344
450 1 364544 376832
450 1 376832 380928
609 2 221184 262144 262144 270336
985 1 40960 45056
351 1 135168 139264
1 1 409600 413696
803 1 131072 163840
609 1 270336 274432
638 1 49152 61440
37 1 393216 397312
457 1 462848 520192
626 1 364544 368640
492 1 245760 253952
406 1 368640 380928
457 1 520192 524288
450 1 380928 393216
492 1 253952 258048
406 1 380928 385024
450 1 393216 397312
267 1 45056 61440
626 1 364544 368640
953 1 462848 466944
492 1 258048 262144
492 1 262144 270336
382 1 610304 655360
383 1 0 12288
450 1 397312 409600
383 1 12288 16384
450 1 409600 413696
381 1 524288 528384
516 1 131072 135168
874 1 425984 430080
436 1 49152 53248
725 1 585728 589824
511 1 643072 647168
626 1 364544 372736
427 1 45056 65536
492 1 270336 274432
151 1 581632 585728
843 1 319488 323584
451 1 634880 638976
388 1 528384 532480
450 1 413696 425984
427 1 65536 69632
450 1 425984 430080
956 1 475136 479232
401 2 126976 131072 131072 188416
948 1 421888 438272
807 1 491520 507904
948 1 438272 442368
626 1 368640 372736
401 1 188416 192512
857 1 356352 360448
450 1 430080 442368
358 1 634880 638976
763 1 225280 229376
450 1 442368 446464
34 1 385024 389120
833 1 393216 397312
803 1 131072 147456
921 1 557056 561152
364 1 573440 585728
878 1 528384 532480
626 1 368640 372736
492 1 274432 282624
364 1 585728 589824
989 1 118784 126976
989 1 131072 135168
492 1 282624 286720
450 1 446464 458752
770 1 225280 233472
381 1 524288 528384
450 1 458752 462848
739 1 491520 495616
760 1 208896 212992
795 1 569344 573440
690 1 552960 557056
811 1 458752 475136
508 1 557056 585728
739 1 483328 487424
492 1 286720 294912
626 1 368640 372736
775 1 290816 294912
922 1 237568 241664
492 1 294912 299008
683 1 593920 598016
464 2 516096 524288 524288 536576
450 1 462848 475136
809 1 229376 241664
832 1 16384 20480
385 1 430080 434176
51 1 327680 331776
216 1 12288 16384
809 1 249856 253952
46 1 282624 286720
0 1 114688 118784
225 1 499712 503808
987 1 540672 552960
46 1 323584 327680
225 1 561152 565248
486 1 499712 503808
54 1 438272 442368
56 1 0 8192
355 2 401408 458752 458752 471040
450 1 475136 479232
355 1 471040 475136
508 1 585728 589824
491 1 32768 65536
868 1 499712 503808
626 1 368640 372736
491 1 65536 69632
352 1 475136 487424
601 1 598016 606208
609 2 274432 327680 327680 393216
763 1 647168 651264
68 1 147456 151552
352 1 487424 491520
609 1 393216 397312
768 1 196608 200704
934 1 425984 430080
809 1 159744 163840
804 1 159744 176128
400 1 155648 159744
347 2 188416 196608 196608 245760
437 1 487424 507904
34 1 335872 339968
381 1 479232 499712
983 1 638976 643072
381 1 524288 528384
633 2 585728 589824 589824 643072
347 1 245760 249856
381 1 499712 503808
781 1 507904 512000
633 1 643072 647168
437 1 507904 512000
464 1 536576 540672
165 1 376832 385024
293 1 49152 53248
450 1 479232 491520
397 2 225280 262144 262144 270336
450 1 491520 495616
397 1 270336 274432
464 1 540672 552960
447 1 520192 524288
464 1 552960 557056
630 1 81920 86016
626 1 368640 372736
397 1 274432 307200
690 1 552960 557056
491 1 69632 77824
534 1 114688 122880
397 1 307200 311296
491 1 77824 81920
450 1 495616 507904
649 1 192512 196608
397 1 311296 327680
397 1 327680 331776
246 1 376832 380928
314 1 73728 90112
3 1 389120 393216
775 1 561152 565248
547 1 528384 532480
314 1 90112 94208
820 1 425984 438272
889 1 147456 151552
450 1 507904 512000
437 2 512000 524288 524288 532480
420 1 237568 241664
868 1 520192 524288
437 1 532480 536576
347 1 372736 376832
347 1 380928 385024
626 1 368640 372736
377 1 335872 352256
450 1 512000 524288
675 1 315392 319488
498 2 32768 65536 65536 114688
377 1 352256 356352
336 1 421888 425984
886 1 413696 447488
450 1 524288 528384
234 1 86016 90112
498 1 114688 118784
690 1 552960 557056
885 1 106496 110592
626 1 368640 372736
491 1 81920 90112
473 2 274432 327680 327680 339968
491 1 90112 94208
729 1 372736 376832
473 1 339968 380928
251 3 131072 196608 196608 262144 262144 311296
450 1 528384 540672
249 8 69632 131072 131072 196608 196608 262144 262144 327680 327680 393216 393216 458752 458752 524288 524288 589824
820 1 434176 446464
793 1 417792 421888
411 1 24576 65536
251 6 311296 327680 327680 393216 393216 458752 458752 524288 524288 589824 589824 655360
252 3 0 65536 65536 131072 131072 172032
473 1 380928 385024
767 1 507904 512000
437 1 536576 561152
249 1 589824 655360
250 7 0 65536 65536 131072 131072 196608 196608 262144 262144 327680 327680 393216 393216 450560
450 1 540672 544768
611 1 286720 290816
252 6 172032 196608 196608 262144 262144 327680 327680 393216 393216 458752 458752 471040
534 1 122880 126976
411 1 65536 69632
437 1 561152 565248
814 1 266240 270336
62 1 372736 376832
250 4 450560 458752 458752 524288 524288 589824 589824 655360
251 2 0 65536 65536 131072
404 2 454656 458752 458752 466944
693 1 282624 286720
404 1 466944 471040
626 1 368640 372736
450 1 544768 557056
450 1 557056 561152
435 1 290816 294912
397 2 331776 393216 393216 409600
113 1 393216 397312
296 1 430080 434176
57 1 77824 81920
443 1 389120 393216
690 1 552960 557056
501 2 221184 262144 262144 266240
397 1 409600 413696
705 1 487424 491520
522 1 503808 516096
647 1 520192 524288
282 1 32768 36864
626 1 368640 372736
411 1 131072 139264
411 1 126976 131072
919 1 520192 524288
491 1 94208 102400
3 1 131072 135168
707 1 331776 335872
722 1 122880 126976
435 1 360448 368640
411 1 139264 143360
501 1 266240 270336
491 1 102400 106496
450 1 561152 573440
369 1 495616 524288
29 1 442368 446464
380 2 520192 524288 524288 544768
288 1 524288 528384
428 1 458752 499712
427 1 401408 425984
435 1 368640 372736
397 1 413696 458752
542 1 487424 491520
690 1 552960 557056
369 1 524288 528384
380 1 544768 548864
428 1 499712 503808
450 1 573440 577536
397 1 458752 462848
491 1 106496 114688
609 3 397312 458752 458752 524288 524288 536576
427 1 425984 430080
491 1 114688 118784
490 1 565248 569344
989 1 479232 483328
763 1 294912 299008
690 1 552960 565248
609 1 536576 540672
626 1 368640 376832
654 1 413696 417792
964 1 372736 376832
491 1 118784 126976
820 2 442368 458752 458752 466944
982 1 24576 28672
989 1 483328 486912
450 1 577536 589824
491 1 126976 131072
798 2 114688 131072 131072 172032
437 1 565248 585728
450 1 589824 593920
437 1 585728 589824
690 1 557056 561152
798 1 172032 176128
491 1 131072 139264
57 1 503808 507904
491 1 139264 143360
690 1 557056 561152
420 1 241664 245760
491 1 143360 151552
491 1 151552 155648
626 1 372736 376832
256 1 294912 299008
450 1 593920 606208
690 1 557056 561152
491 1 155648 163840
381 1 118784 122880
422 1 647168 651264
768 1 233472 237568
498 1 20480 53248
388 1 245760 249856
491 1 163840 167936
450 1 606208 610304
850 1 0 4096
934 1 4096 12288
498 1 53248 57344
1 1 393216 405504
555 1 163840 167936
582 1 303104 307200
556 1 389120 393216
690 1 557056 561152
194 1 434176 438272
833 1 397312 405504
832 1 12288 16384
789 1 602112 606208
832 1 28672 32768
495 1 540672 544768
777 1 393216 401408
773 1 327680 331776
414 2 69632 131072 131072 188416
832 1 45056 49152
776 1 131072 135168
832 1 65536 69632
777 1 372736 376832
971 1 458752 462848
675 1 147456 151552
84 1 593920 598016
777 1 385024 389120
934 1 135168 139264
662 1 303104 315392
491 1 167936 176128
384 1 155648 159744
793 1 520192 524288
44 1 430080 434176
46 1 311296 315392
344 2 237568 262144 262144 278528
491 1 176128 180224
878 1 598016 602112
159 1 446464 450560
414 1 188416 192512
344 1 278528 282624
626 1 372736 376832
114 1 643072 647168
450 1 610304 622592
483 1 135168 147456
848 1 61440 65536
450 1 622592 626688
483 1 147456 151552
561 1 376832 380928
109 1 143360 147456
4 2 524288 589824 589824 598016
12 1 548864 589824
4 3 360448 393216 393216 458752 458752 524288
8 2 323584 327680 327680 335872
381 1 524288 532480
626 1 372736 376832
450 1 626688 638976
570 1 69632 70656
739 1 557056 565248
666 1 319488 324096
666 2 430080 458752 458752 495616
450 1 638976 643072
665 1 622592 625152
739 1 495616 499712
471 1 229376 233472
918 1 528384 532480
678 1 438272 439808
751 1 126976 131072
725 1 446464 450560
470 1 585728 589824
289 1 192512 196608
982 1 36864 40960
926 1 557056 561152
626 1 372736 376832
983 1 57344 61440
776 1 118784 122880
983 1 544768 548864
982 1 368640 376832
450 1 643072 655360
75 1 483328 487424
982 1 372736 376832
457 1 524288 573440
124 1 139264 143360
451 1 0 4096
457 1 573440 577536
357 1 143360 147456
359 1 536576 540672
360 1 491520 495616
626 1 372736 376832
366 1 372736 376832
129 1 425984 430080
788 1 454656 458752
366 1 413696 417792
926 1 540672 544768
451 1 4096 16384
163 2 454656 458752 458752 471040
934 1 495616 503808
934 1 520192 524288
614 1 602112 606208
972 1 544768 548864
438 1 90112 94208
163 1 471040 475136
451 1 16384 20480
952 1 290816 294912
381 1 528384 532480
804 1 172032 188416
354 1 499712 503808
458 1 233472 237568
626 1 372736 376832
437 1 589824 610304
753 1 286720 294912
955 1 53248 65536
465 1 393216 397312
838 1 303104 307200
342 1 122880 131072
437 1 610304 614400
1 1 421888 425984
495 1 286720 290816
716 1 368640 372736
451 1 20480 32768
475 1 172032 176128
672 1 405504 409600
713 1 606208 614400
985 1 438272 442368
713 1 618496 622592
336 1 339968 344064
617 1 491520 495616
613 1 94208 98304
333 1 229376 237568
618 1 147456 151552
613 1 221184 225280
333 1 274432 278528
613 1 561152 565248
614 1 200704 204800
333 1 294912 307200
618 1 319488 327680
617 1 106496 110592
687 1 188416 192512
343 1 73728 77824
619 1 77824 86016
690 1 434176 438272
617 1 159744 163840
341 1 577536 585728
617 1 270336 278528
619 1 131072 139264
690 1 462848 466944
340 2 118784 131072 131072 135168
129 1 425984 430080
347 1 139264 143360
336 1 491520 495616
336 1 643072 647168
451 1 32768 36864
692 1 393216 401408
337 1 139264 143360
692 1 430080 438272
613 1 393216 397312
337 1 299008 303104
616 1 24576 28672
458 1 233472 237568
337 1 450560 454656
427 2 430080 458752 458752 466944
337 1 618496 622592
338 1 204800 208896
338 1 380928 385024
909 1 217088 221184
69 1 155648 159744
212 1 86016 90112
422 1 434176 454656
766 1 405504 409600
952 1 524288 528384
420 1 245760 249856
340 1 135168 139264
42 1 126976 131072
105 1 471040 475136
158 1 540672 544768
421 1 53248 57344
626 1 372736 376832
327 2 163840 196608 196608 245760
129 1 425984 430080
341 1 585728 589824
332 1 286720 290816
333 1 237568 241664
422 1 454656 458752
617 1 589824 593920
619 1 139264 143360
620 1 385024 389120
334 1 212992 217088
621 1 364544 368640
334 1 233472 237568
613 1 593920 598016
427 1 466944 471040
614 1 323584 327680
620 1 503808 507904
614 1 348160 352256
336 1 491520 495616
343 1 73728 77824
336 1 643072 647168
687 1 188416 192512
615 1 139264 143360
337 1 139264 143360
615 1 626688 630784
690 1 434176 438272
337 1 299008 303104
616 1 16384 20480
347 1 139264 143360
117 1 462848 466944
337 1 450560 454656
111 1 143360 151552
337 1 618496 622592
338 1 204800 208896
338 1 380928 385024
692 1 434176 438272
336 1 339968 344064
342 1 118784 122880
333 1 233472 237568
333 1 294912 307200
618 1 319488 327680
619 1 77824 86016
619 1 135168 139264
614 1 471040 475136
327 1 245760 249856
614 1 540672 544768
615 1 622592 626688
616 1 77824 81920
451 1 36864 49152
616 1 569344 573440
616 1 581632 585728
617 1 360448 364544
820 1 462848 471040
447 3 520192 524288 524288 589824 589824 593920
437 1 614400 634880
451 1 49152 53248
701 1 204800 208896
437 1 634880 638976
447 1 593920 598016
427 1 69632 118784
626 1 372736 376832
111 1 147456 151552
820 1 466944 479232
451 1 53248 65536
447 1 598016 606208
437 1 638976 655360
438 1 0 4096
41 1 155648 159744
447 1 606208 610304
438 1 4096 8192
451 1 65536 69632
279 1 32768 36864
494 1 376832 380928
534 2 126976 131072 131072 196608
381 1 528384 532480
626 1 372736 376832
350 1 438272 446464
427 1 118784 122880
66 1 294912 299008
534 1 196608 200704
451 1 69632 81920
867 1 12288 16384
451 1 81920 86016
68 1 61440 65536
426 1 471040 483328
722 1 331776 335872
833 1 397312 405504
776 1 348160 352256
710 1 282624 286720
1 1 401408 405504
769 1 446464 450560
975 1 344064 348160
879 1 389120 393216
770 1 393216 397312
637 1 155648 159744
46 1 315392 319488
886 1 81920 86016
876 1 532480 536576
820 1 475136 495616
154 1 610304 614400
984 1 245760 249856
753 1 286720 290816
861 1 360448 393216
271 1 212992 217088
787 1 36864 45056
370 1 36864 40960
426 1 483328 487424
438 1 8192 28672
427 1 122880 131072
984 1 290816 294912
502 1 471040 487424
739 1 491520 495616
833 1 393216 397312
438 1 28672 32768
626 1 372736 380928
861 1 208896 212992
521 1 393216 397312
739 1 483328 487424
281 1 389120 393216
394 1 626688 638976
502 1 487424 491520
427 1 131072 135168
445 2 389120 393216 393216 397312
451 1 86016 98304
405 1 479232 487424
752 1 466944 471040
114 1 258048 262144
445 1 397312 401408
451 1 98304 102400
427 1 135168 143360
479 1 155648 176128
427 1 143360 147456
479 1 176128 180224
520 1 634880 638976
830 1 520192 524288
778 1 233472 237568
861 1 491520 495616
861 1 491520 495616
729 1 8192 28672
946 1 167936 172032
729 1 28672 32768
457 2 577536 589824 589824 643072
776 1 204800 208896
809 1 360448 364544
457 1 86016 90112
381 1 528384 532480
457 1 643072 647168
819 1 221184 225280
544 1 0 4096
46 1 262144 266240
452 1 299008 311296
327 1 65536 77824
452 1 311296 315392
327 1 77824 81920
511 1 557056 573440
17 1 450560 454656
387 1 385024 389120
511 1 573440 577536
587 1 241664 245760
347 1 647168 655360
348 1 0 4096
348 1 4096 8192
394 1 638976 643072
852 1 528384 532480
525 1 372736 376832
941 1 32768 36864
659 1 90112 94208
788 1 176128 180224
381 1 528384 532480
348 1 8192 53248
776 1 389120 393216
1 1 393216 405504
114 2 151552 196608 196608 217088
833 1 393216 401408
369 1 565248 569344
495 1 573440 577536
555 1 196608 200704
777 1 548864 552960
773 1 311296 315392
166 1 270336 274432
555 1 262144 266240
601 1 565248 569344
555 1 552960 557056
556 1 389120 393216
606 1 393216 397312
484 1 565248 569344
46 1 303104 307200
46 1 315392 323584
94 1 356352 360448
153 1 532480 536576
899 1 499712 507904
381 1 528384 540672
348 1 53248 57344
820 1 491520 499712
114 1 217088 221184
778 1 143360 176128
361 1 303104 315392
438 1 32768 53248
439 1 192512 196608
438 1 53248 57344
778 1 176128 180224
149 1 544768 548864
361 1 315392 319488
550 1 319488 323584
813 1 548864 552960
65 1 286720 290816
356 1 184320 196608
356 1 196608 200704
413 1 36864 45056
316 1 40960 57344
272 1 151552 155648
920 1 278528 282624
316 1 57344 61440
779 1 40960 53248
762 1 651264 655360
465 2 581632 589824 589824 614400
471 1 434176 442368
548 1 466944 471040
381 1 532480 536576
465 1 614400 618496
388 1 593920 598016
820 1 327680 331776
503 1 372736 376832
438 1 356352 360448
381 1 532480 536576
471 1 442368 446464
388 1 598016 655360
389 1 0 12288
389 1 12288 16384
381 1 532480 540672
698 1 28672 61440
465 1 393216 397312
495 2 163840 196608 196608 233472
495 1 233472 237568
769 1 425984 430080
990 1 229376 233472
447 1 557056 577536
814 1 487424 491520
127 1 311296 315392
598 1 311296 315392
447 1 577536 581632
133 1 12288 16384
327 1 286720 290816
123 1 483328 487424
555 1 479232 483328
328 2 106496 131072 131072 163840
62 1 372736 376832
319 1 217088 241664
381 1 536576 540672
395 1 475136 483328
484 1 450560 454656
319 1 241664 245760
328 1 163840 167936
395 1 483328 487424
193 1 393216 397312
789 1 651264 655360
381 1 536576 540672
428 1 90112 106496
833 1 393216 397312
395 1 487424 495616
428 1 106496 110592
381 1 536576 540672
697 1 184320 192512
962 1 0 4096
395 1 495616 499712
775 1 159744 163840
377 1 548864 581632
431 1 28672 45056
767 1 356352 360448
377 1 581632 585728
431 1 45056 49152
739 1 499712 503808
763 1 188416 192512
484 1 450560 454656
275 1 507904 512000
800 1 335872 339968
901 1 200704 203776
657 1 118784 126976
776 1 118784 122880
95 1 540672 548864
814 1 491520 495616
775 1 397312 430080
381 1 536576 540672
419 3 512000 524288 524288 589824 589824 593920
669 1 557056 561152
438 2 57344 65536 65536 77824
775 1 184320 188416
419 1 593920 598016
438 1 77824 81920
465 1 393216 397312
95 1 548864 552960
419 1 598016 610304
385 1 389120 393216
385 1 393216 401408
419 1 610304 614400
385 1 401408 405504
540 1 163840 167936
705 1 557056 565248
32 1 20480 28672
32 1 65536 69632
381 1 536576 540672
32 1 73728 81920
32 1 98304 102400
32 1 118784 126976
32 1 147456 151552
32 1 196608 200704
32 1 208896 212992
32 1 225280 229376
32 1 233472 237568
32 1 245760 249856
32 1 258048 262144
32 1 266240 270336
32 1 274432 278528
32 1 307200 311296
670 1 118784 122880
33 1 425984 430080
33 1 507904 512000
33 1 520192 524288
633 1 540672 548864
33 1 544768 548864
32 1 319488 327680
32 1 335872 339968
32 1 360448 364544
32 1 368640 376832
32 1 397312 401408
32 1 405504 413696
381 1 536576 540672
777 1 552960 557056
33 1 577536 581632
33 1 610304 614400
33 1 626688 634880
33 1 643072 647168
34 1 8192 12288
463 1 270336 323584
34 1 49152 53248
34 1 65536 69632
34 1 77824 86016
34 1 90112 94208
32 1 434176 438272
34 1 102400 106496
32 1 446464 450560
34 1 167936 172032
32 1 561152 565248
34 1 200704 204800
32 1 569344 577536
34 1 208896 212992
32 1 581632 589824
32 1 593920 598016
32 1 630784 634880
33 1 0 4096
33 1 20480 24576
33 1 40960 45056
33 1 106496 110592
34 1 229376 237568
33 1 135168 139264
33 1 147456 155648
34 1 266240 270336
33 1 167936 172032
33 1 196608 200704
34 1 299008 303104
33 1 208896 212992
36 1 536576 540672
33 1 225280 229376
36 1 593920 598016
33 1 258048 262144
36 1 602112 606208
34 1 307200 311296
36 1 614400 618496
34 1 344064 348160
33 1 278528 282624
34 1 360448 368640
33 1 286720 294912
34 1 376832 380928
33 1 299008 311296
34 1 397312 401408
33 1 368640 372736
34 1 413696 417792
463 1 323584 327680
34 1 421888 425984
36 1 630784 634880
34 1 446464 450560
36 1 647168 655360
37 1 0 4096
34 1 458752 462848
34 1 487424 491520
37 1 28672 32768
34 1 524288 528384
34 1 532480 536576
37 1 45056 53248
37 1 98304 102400
34 1 544768 557056
37 1 151552 155648
34 1 573440 581632
37 1 172032 176128
34 1 585728 589824
37 1 192512 196608
713 1 610304 614400
37 1 278528 282624
37 1 290816 294912
37 1 319488 323584
713 1 618496 622592
129 1 425984 430080
336 1 339968 344064
31 1 258048 262144
34 1 638976 643072
347 1 139264 143360
336 1 491520 495616
332 1 286720 290816
35 1 8192 12288
37 2 442368 458752 458752 462848
117 1 462848 466944
35 1 73728 77824
343 1 73728 77824
35 1 86016 90112
333 1 233472 241664
35 1 131072 135168
336 1 643072 647168
35 1 139264 143360
613 1 303104 307200
621 1 364544 368640
333 1 294912 307200
35 1 163840 172032
35 1 237568 241664
35 1 266240 274432
687 1 188416 192512
690 1 462848 466944
35 1 278528 282624
337 1 139264 143360
35 1 311296 315392
560 1 638976 643072
35 1 331776 335872
35 1 372736 376832
775 1 188416 192512
334 1 212992 217088
337 1 299008 303104
37 1 475136 491520
692 1 393216 401408
337 1 450560 454656
692 1 434176 442368
337 1 618496 622592
35 1 380928 385024
338 1 204800 208896
35 1 405504 409600
35 1 430080 434176
338 1 380928 385024
35 1 442368 450560
618 1 319488 327680
37 1 536576 552960
40 1 151552 155648
38 1 339968 344064
619 1 77824 86016
38 1 368640 372736
38 1 585728 589824
40 1 221184 225280
39 1 106496 110592
35 1 458752 462848
619 1 131072 135168
39 1 221184 225280
41 1 405504 409600
35 1 475136 479232
39 1 249856 253952
39 1 491520 495616
35 1 495616 499712
39 1 516096 520192
42 1 135168 139264
619 1 139264 143360
39 1 524288 532480
35 1 507904 512000
43 1 512000 520192
35 1 552960 557056
44 1 167936 172032
35 1 565248 569344
147 1 212992 217088
147 1 421888 425984
35 1 585728 589824
159 1 40960 45056
152 1 335872 339968
159 1 143360 147456
155 1 77824 81920
159 1 380928 385024
35 1 602112 606208
35 1 614400 618496
675 1 274432 278528
35 1 622592 634880
36 1 8192 12288
36 1 24576 28672
36 1 32768 36864
36 1 61440 65536
36 1 86016 90112
36 1 131072 139264
36 1 143360 147456
36 1 159744 163840
36 1 167936 172032
36 1 200704 204800
36 1 221184 225280
159 1 626688 630784
36 1 237568 241664
36 1 245760 249856
369 1 573440 577536
364 1 561152 565248
36 1 253952 258048
370 1 69632 73728
364 1 643072 647168
36 1 323584 327680
366 1 217088 225280
370 1 221184 225280
36 1 331776 335872
36 1 339968 344064
36 1 352256 356352
36 1 360448 368640
372 1 589824 598016
373 1 4096 8192
373 1 32768 36864
373 1 229376 233472
370 1 372736 376832
36 1 376832 380928
370 1 536576 540672
371 1 32768 36864
36 1 434176 446464
371 1 184320 188416
36 1 471040 475136
371 1 294912 299008
371 1 540672 544768
371 1 630784 634880
371 1 638976 643072
371 1 647168 651264
372 1 40960 45056
372 1 69632 73728
372 1 253952 258048
149 1 8192 12288
149 1 32768 40960
149 1 114688 118784
149 1 368640 372736
150 1 274432 278528
151 1 368640 372736
151 1 536576 540672
143 1 483328 487424
151 1 589824 593920
366 1 311296 319488
366 1 487424 499712
687 1 188416 192512
347 1 139264 143360
129 1 425984 430080
381 1 536576 540672
366 1 520192 524288
366 1 589824 593920
336 1 339968 344064
366 1 602112 606208
368 1 258048 262144
336 1 491520 495616
368 1 495616 499712
336 1 643072 647168
368 1 503808 507904
333 1 233472 245760
337 1 139264 143360
333 1 294912 307200
337 1 299008 303104
334 1 233472 237568
343 1 73728 77824
337 1 450560 454656
369 1 212992 217088
343 1 135168 139264
337 1 618496 622592
690 1 434176 438272
338 1 204800 208896
338 1 380928 385024
615 1 569344 573440
690 1 462848 466944
338 1 643072 647168
692 1 438272 442368
510 1 454656 458752
617 1 446464 450560
618 1 319488 327680
619 1 77824 86016
619 1 131072 147456
355 2 561152 589824 589824 655360
356 1 0 4096
494 2 278528 327680 327680 335872
111 1 417792 425984
583 1 225280 229376
778 1 106496 110592
356 1 4096 8192
494 1 335872 339968
971 1 217088 221184
485 1 561152 569344
762 1 98304 102400
485 1 569344 573440
775 1 192512 196608
281 1 102400 106496
759 1 520192 524288
450 2 69632 131072 131072 135168
327 1 286720 299008
678 1 102400 106496
485 1 204800 217088
450 1 135168 139264
319 2 245760 262144 262144 307200
485 1 217088 221184
636 1 286720 290816
22 1 532480 540672
523 1 249856 253952
283 1 311296 315392
22 1 544768 548864
369 1 303104 307200
391 1 262144 274432
624 1 425984 430080
299 1 516096 520192
197 1 278528 282624
319 1 307200 311296
187 1 618496 651264
807 1 315392 319488
660 1 184320 188416
324 1 208896 225280
364 1 634880 647168
693 1 450560 454656
187 1 651264 655360
324 1 225280 229376
364 1 647168 651264
776 1 118784 122880
381 1 536576 540672
133 1 520192 524288
127 1 311296 315392
328 1 167936 192512
779 1 49152 65536
705 1 487424 491520
820 1 495616 512000
328 1 192512 196608
465 1 618496 655360
466 1 0 36864
438 1 81920 102400
651 1 339968 344064
481 1 212992 225280
740 1 12288 20480
763 1 401408 405504
466 1 36864 40960
438 1 102400 106496
383 2 57344 65536 65536 81920
383 1 81920 86016
777 1 548864 552960
481 2 225280 262144 262144 307200
687 1 188416 192512
347 1 139264 143360
713 1 610304 614400
713 1 618496 622592
917 1 290816 294912
369 1 180224 184320
481 3 307200 327680 327680 393216 393216 434176
406 1 303104 311296
678 1 106496 110592
981 1 106496 110592
44 1 405504 409600
981 1 245760 249856
981 1 581632 585728
979 1 159744 163840
979 1 397312 401408
979 1 475136 479232
981 1 626688 630784
979 1 544768 548864
980 1 311296 315392
982 1 237568 241664
222 1 196608 200704
982 1 262144 266240
320 1 319488 323584
369 1 4096 8192
982 1 307200 315392
320 1 450560 454656
984 1 159744 163840
456 1 0 4096
984 1 188416 192512
456 1 462848 466944
457 1 126976 131072
984 1 221184 225280
454 1 393216 397312
177 1 581632 585728
178 1 380928 385024
982 1 360448 364544
984 1 307200 311296
324 1 487424 491520
982 1 376832 380928
185 1 438272 442368
185 1 589824 593920
982 1 483328 487424
984 1 450560 454656
984 2 581632 589824 589824 598016
186 1 86016 90112
318 1 466944 471040
473 2 385024 393216 393216 450560
984 1 610304 614400
186 1 237568 241664
982 1 520192 524288
320 1 192512 196608
186 1 552960 557056
982 1 577536 581632
320 1 352256 356352
187 1 294912 299008
982 1 610304 614400
320 1 507904 512000
187 1 462848 466944
317 1 24576 28672
321 1 20480 24576
188 1 24576 28672
317 1 245760 249856
321 1 172032 176128
188 1 180224 184320
473 2 450560 458752 458752 516096
321 1 323584 327680
188 1 499712 503808
321 1 475136 479232
473 2 516096 524288 524288 557056
179 1 180224 184320
180 1 225280 229376
181 1 24576 28672
181 1 561152 565248
182 1 131072 135168
536 1 307200 311296
539 1 86016 98304
321 1 626688 630784
182 1 585728 589824
183 1 81920 86016
183 1 360448 364544
184 1 331776 335872
184 1 483328 487424
184 1 634880 638976
185 1 135168 139264
185 1 286720 290816
261 1 491520 495616
406 1 311296 315392
550 1 610304 614400
349 1 561152 565248
473 1 557056 561152
775 1 286720 290816
643 1 438272 442368
439 1 221184 225280
776 1 327680 331776
833 1 397312 401408
777 1 81920 86016
675 1 315392 319488
1 1 405504 409600
75 1 536576 540672
556 1 389120 393216
832 1 557056 561152
493 1 45056 49152
381 1 536576 548864
770 1 393216 397312
22 1 266240 270336
46 1 299008 303104
275 1 147456 151552
154 1 602112 606208
430 1 311296 315392
106 1 557056 561152
68 1 225280 233472
30 1 483328 487424
107 1 483328 487424
431 1 356352 389120
374 1 327680 348160
431 1 389120 393216
439 1 225280 229376
986 1 139264 143360
138 1 8192 12288
374 1 348160 352256
960 1 425984 430080
427 2 569344 589824 589824 610304
870 1 4096 8192
176 1 561152 565248
427 1 610304 614400
431 1 393216 405504
777 1 491520 495616
439 1 90112 106496
44 1 405504 409600
431 1 405504 409600
427 1 614400 622592
439 1 106496 110592
381 1 540672 544768
94 1 147456 151552
427 1 622592 626688
803 1 229376 233472
400 1 86016 90112
471 1 421888 446464
778 1 253952 258048
471 1 446464 450560
317 1 323584 327680
407 9 40960 65536 65536 131072 131072 196608 196608 262144 262144 327680 327680 393216 393216 458752 458752 524288 524288 561152
408 2 0 65536 65536 94208
381 1 540672 544768
407 2 561152 589824 589824 655360
794 1 544768 548864
776 1 114688 118784
319 1 483328 499712
926 1 532480 536576
272 1 593920 598016
820 1 507904 524288
438 1 106496 126976
319 1 499712 503808
803 1 241664 245760
438 1 126976 131072
408 1 94208 98304
381 1 540672 544768
278 1 282624 286720
776 1 118784 122880
419 3 233472 262144 262144 327680 327680 335872
740 1 16384 32768
124 1 471040 475136
383 2 86016 131072 131072 139264
82 1 143360 147456
499 1 561152 569344
383 1 139264 143360
419 1 335872 339968
445 1 512000 524288
499 1 569344 573440
881 1 77824 81920
593 1 471040 475136
325 1 106496 110592
1 1 405504 409600
325 1 118784 122880
776 1 204800 208896
556 1 389120 393216
819 1 12288 16384
493 1 40960 45056
159 1 557056 561152
817 1 385024 389120
873 1 61440 65536
984 1 8192 12288
381 1 540672 544768
500 1 614400 626688
445 1 524288 528384
803 1 385024 389120
496 1 401408 405504
500 1 626688 630784
71 1 262144 266240
71 1 405504 409600
72 1 53248 57344
73 1 589824 593920
72 1 200704 204800
223 1 4096 8192
475 1 487424 512000
74 1 0 4096
74 1 40960 45056
73 1 40960 45056
74 2 585728 589824 589824 598016
73 1 356352 360448
135 1 450560 454656
126 1 516096 520192
151 1 368640 372736
151 1 520192 524288
561 1 409600 413696
561 1 561152 565248
562 1 57344 61440
499 1 573440 589824
570 1 32768 36864
570 1 487424 491520
571 1 286720 290816
562 1 208896 212992
572 1 86016 90112
562 1 512000 516096
562 1 561152 565248
862 1 626688 630784
572 1 598016 602112
863 1 425984 430080
854 1 450560 454656
562 1 503808 507904
864 1 225280 229376
855 1 61440 65536
865 1 24576 28672
865 1 479232 483328
866 1 278528 282624
315 1 278528 282624
69 1 217088 221184
145 1 159744 163840
870 1 4096 8192
568 1 434176 438272
569 1 233472 237568
861 1 270336 274432
861 1 421888 425984
861 1 573440 577536
499 1 589824 593920
545 1 24576 28672
116 1 233472 241664
412 3 102400 131072 131072 196608 196608 200704
862 1 167936 172032
754 2 585728 589824 589824 593920
54 1 442368 446464
754 1 589824 593920
764 2 61440 65536 65536 98304
167 1 512000 520192
858 1 622592 626688
342 1 610304 618496
122 1 270336 274432
764 1 98304 102400
784 1 360448 364544
458 1 626688 630784
448 1 331776 344064
438 1 421888 425984
448 1 344064 348160
412 1 200704 204800
693 1 323584 327680
807 1 249856 253952
320 1 180224 184320
381 1 540672 544768
323 1 643072 647168
354 2 270336 327680 327680 352256
785 1 532480 540672
803 1 245760 249856
794 1 69632 73728
74 1 430080 442368
438 1 131072 151552
354 1 352256 356352
616 1 122880 126976
463 1 327680 372736
381 1 540672 544768
438 1 151552 155648
463 1 372736 376832
68 1 229376 241664
463 2 376832 393216 393216 409600
458 1 626688 630784
431 2 409600 458752 458752 466944
552 2 323584 327680 327680 331776
48 1 552960 557056
463 1 409600 413696
609 2 520192 524288 524288 528384
431 1 466944 471040
613 1 16384 20480
438 1 155648 176128
616 1 122880 126976
820 1 327680 331776
438 1 176128 180224
1 1 397312 401408
1 1 405504 409600
555 1 159744 163840
833 1 393216 397312
175 1 16384 20480
556 1 389120 393216
375 1 217088 237568
784 1 217088 221184
777 1 577536 581632
832 1 32768 36864
584 1 434176 438272
833 1 389120 393216
421 1 53248 57344
493 1 0 4096
769 1 524288 528384
323 2 389120 393216 393216 397312
419 1 475136 483328
323 1 401408 405504
153 1 532480 536576
767 1 147456 151552
375 1 237568 241664
430 1 286720 290816
419 1 483328 487424
484 1 225280 229376
339 1 16384 53248
966 1 438272 442368
375 1 475136 487424
339 1 53248 57344
942 1 315392 319488
762 1 28672 32768
562 1 151552 155648
381 1 540672 544768
191 1 167936 176128
203 1 233472 237568
6 1 454656 458752
709 1 114688 118784
400 2 532480 589824 589824 630784
381 1 540672 548864
191 1 172032 176128
427 1 98304 102400
400 1 630784 634880
271 1 618496 622592
191 1 176128 180224
191 1 180224 184320
774 2 204800 262144 262144 274432
540 1 475136 479232
400 1 634880 655360
401 1 0 4096
6 1 454656 458752
401 1 4096 8192
774 1 274432 278528
533 1 536576 540672
46 1 262144 266240
431 1 163840 180224
381 1 544768 548864
431 1 180224 184320
44 1 577536 581632
422 1 184320 188416
918 1 106496 114688
936 1 229376 241664
75 1 294912 307200
918 1 126976 131072
574 1 307200 319488
936 1 245760 249856
602 1 176128 188416
75 1 315392 319488
41 1 335872 348160
602 1 192512 196608
41 1 356352 360448
381 1 544768 548864
980 4 20480 65536 65536 131072 131072 196608 196608 200704
919 2 8192 65536 65536 114688
206 1 360448 364544
206 1 372736 385024
247 1 606208 622592
206 1 348160 356352
212 1 425984 430080
206 1 368640 372736
4 1 36864 57344
206 1 385024 393216
970 1 421888 425984
468 1 286720 299008
555 1 135168 139264
949 4 454656 458752 458752 524288 524288 589824 589824 602112
249 1 618496 622592
971 1 114688 118784
473 2 561152 589824 589824 626688
509 3 385024 393216 393216 458752 458752 483328
473 1 626688 655360
474 1 0 16384
928 1 180224 184320
555 1 266240 274432
811 1 618496 622592
765 1 495616 499712
555 1 282624 286720
629 1 503808 507904
52 1 45056 49152
555 1 360448 364544
874 1 413696 417792
308 1 413696 417792
495 1 512000 516096
199 1 12288 16384
760 1 135168 139264
875 1 212992 217088
557 1 348160 352256
760 1 225280 229376
603 1 389120 393216
876 1 16384 20480
871 1 602112 606208
832 1 131072 135168
872 1 12288 16384
872 1 61440 65536
876 1 471040 475136
832 1 421888 425984
833 1 40960 45056
872 1 344064 348160
220 1 45056 49152
872 1 495616 499712
833 1 110592 114688
220 2 57344 65536 65536 69632
872 1 647168 651264
216 1 36864 40960
46 1 303104 307200
218 1 282624 286720
46 1 311296 315392
54 1 307200 311296
880 1 53248 57344
880 1 512000 516096
214 1 385024 389120
474 1 16384 20480
509 1 483328 487424
760 1 323584 327680
524 1 430080 434176
207 1 458752 462848
109 1 188416 196608
881 1 311296 319488
107 1 331776 335872
110 1 425984 430080
862 1 4096 8192
112 1 253952 258048
108 1 389120 393216
475 1 548864 552960
105 1 40960 45056
363 1 4096 8192
583 1 638976 643072
112 1 471040 475136
113 1 303104 307200
577 1 450560 454656
472 1 53248 57344
577 1 61440 65536
470 1 172032 176128
775 1 286720 290816
262 1 557056 561152
466 1 561152 565248
668 1 282624 286720
494 3 475136 524288 524288 589824 589824 655360
495 6 0 65536 65536 131072 131072 196608 196608 262144 262144 327680 327680 335872
820 1 520192 524288
846 1 262144 266240
495 2 335872 393216 393216 438272
393 1 196608 208896
381 1 544768 548864
438 2 180224 196608 196608 200704
438 1 200704 204800
924 1 147456 151552
892 1 167936 172032
927 1 454656 458752
403 1 364544 368640
998 1 274432 278528
825 2 126976 131072 131072 143360
1 1 397312 401408
556 1 389120 393216
832 1 12288 16384
162 1 290816 294912
776 1 327680 331776
495 1 565248 569344
832 1 49152 53248
776 1 339968 344064
775 1 425984 434176
485 1 409600 413696
842 1 151552 155648
275 1 528384 532480
154 1 602112 606208
495 1 438272 442368
915 1 294912 299008
347 2 249856 262144 262144 282624
438 1 196608 204800
438 1 204800 241664
27 1 28672 32768
946 1 12288 16384
376 1 245760 249856
331 1 266240 303104
347 1 282624 286720
926 1 389120 393216
438 1 241664 245760
384 1 163840 184320
331 1 303104 307200
384 1 184320 188416
73 1 573440 577536
847 1 552960 557056
378 2 180224 196608 196608 262144
465 1 393216 397312
393 1 208896 212992
822 1 454656 458752
533 1 552960 557056
378 1 262144 266240
879 1 81920 86016
331 1 528384 548864
300 1 16384 20480
30 1 65536 69632
918 1 602112 606208
331 1 548864 552960
527 1 475136 483328
381 1 544768 548864
591 1 389120 393216
425 1 634880 647168
506 1 417792 442368
494 1 487424 520192
502 1 163840 176128
862 1 163840 167936
438 1 245760 262144
438 1 262144 266240
683 1 86016 90112
857 1 462848 466944
416 1 135168 151552
43 1 208896 212992
838 1 552960 561152
319 2 360448 393216 393216 405504
416 1 151552 155648
494 1 520192 524288
386 1 647168 655360
387 1 0 49152
502 1 176128 180224
858 1 65536 73728
879 1 602112 606208
319 1 405504 409600
506 1 438272 458752
387 1 49152 53248
284 1 32768 36864
171 1 536576 540672
438 1 266240 282624
375 1 94208 106496
438 1 282624 286720
464 1 413696 417792
577 1 430080 438272
638 1 409600 413696
838 1 57344 61440
464 1 417792 421888
589 3 32768 65536 65536 131072 131072 151552
451 1 634880 638976
783 1 278528 282624
591 2 94208 131072 131072 143360
375 1 106496 110592
577 1 438272 442368
464 1 421888 425984
589 2 151552 196608 196608 221184
591 1 143360 176128
577 1 442368 450560
589 2 221184 262144 262144 303104
591 2 176128 196608 196608 212992
577 1 450560 458752
589 2 303104 327680 327680 380928
591 1 212992 241664
650 1 118784 131072
589 2 380928 393216 393216 458752
589 1 462848 507904
589 1 516096 520192
591 1 241664 245760
381 1 544768 548864
429 1 618496 622592
589 1 503808 507904
428 3 90112 131072 131072 196608 196608 204800
376 1 299008 303104
827 1 131072 135168
373 1 311296 315392
788 1 4096 8192
792 1 110592 114688
373 1 389120 393216
788 1 155648 159744
788 1 577536 581632
373 1 536576 540672
788 1 389120 393216
375 1 393216 397312
789 1 73728 77824
789 1 184320 192512
256 1 172032 176128
792 2 192512 196608 196608 200704
789 1 290816 294912
792 1 520192 524288
375 1 405504 421888
789 1 634880 638976
792 1 610304 614400
256 1 626688 630784
795 1 258048 262144
789 1 643072 647168
793 1 278528 282624
799 1 110592 114688
795 1 352256 356352
799 1 192512 196608
793 1 319488 323584
795 1 487424 491520
799 1 368640 372736
794 1 372736 376832
796 1 0 4096
267 1 274432 278528
794 1 557056 565248
796 1 401408 405504
790 1 352256 360448
267 1 409600 413696
794 1 581632 585728
796 1 548864 552960
268 1 311296 315392
791 1 126976 131072
795 1 122880 126976
797 1 24576 28672
268 1 425984 430080
791 1 221184 225280
261 1 28672 32768
797 1 69632 73728
268 1 479232 483328
791 1 245760 249856
261 1 237568 241664
797 1 479232 483328
532 1 614400 618496
791 1 262144 266240
797 1 626688 630784
262 1 131072 139264
533 1 430080 434176
791 1 290816 294912
264 1 73728 77824
262 1 282624 290816
534 1 192512 196608
791 1 311296 315392
262 1 438272 442368
791 1 618496 622592
262 1 589824 593920
257 1 425984 430080
263 1 86016 90112
258 1 270336 274432
259 1 176128 180224
260 1 61440 65536
264 1 266240 270336
265 1 446464 450560
260 1 253952 262144
38 1 122880 126976
265 1 614400 618496
506 1 454656 458752
266 1 110592 114688
535 1 274432 278528
535 1 491520 495616
263 1 237568 241664
535 1 651264 655360
263 1 425984 430080
263 1 577536 581632
536 1 516096 520192
537 1 393216 409600
537 1 110592 114688
492 1 299008 307200
428 1 204800 208896
537 1 360448 393216
438 1 286720 303104
492 1 307200 311296
85 1 143360 147456
438 1 303104 307200
419 1 614400 630784
439 1 466944 483328
38 1 122880 131072
419 1 630784 634880
439 1 483328 487424
438 1 307200 323584
670 1 118784 122880
570 1 544768 548864
925 1 606208 610304
685 1 200704 204800
925 1 610304 614400
136 2 524288 589824 589824 622592
438 1 323584 327680
419 1 634880 643072
683 1 643072 647168
389 1 204800 217088
772 3 36864 65536 65536 131072 131072 147456
419 1 643072 647168
389 1 217088 221184
381 1 544768 548864
474 1 20480 57344
772 1 147456 151552
474 1 57344 61440
381 1 544768 548864
46 1 253952 258048
170 1 401408 405504
441 1 278528 299008
302 1 282624 286720
759 1 520192 524288
314 1 73728 110592
441 1 299008 303104
314 1 110592 114688
493 1 225280 229376
789 1 380928 385024
381 1 544768 557056
74 1 163840 167936
785 1 417792 430080
480 1 524288 536576
358 2 581632 589824 589824 606208
358 1 606208 610304
833 1 393216 397312
556 1 389120 393216
776 1 327680 331776
664 1 413696 417792
637 1 90112 94208
155 1 593920 598016
154 1 602112 606208
689 1 98304 110592
486 1 147456 151552
566 1 8192 12288
984 1 28672 32768
776 1 114688 118784
480 1 536576 540672
135 1 262144 266240
344 1 569344 573440
751 1 225280 229376
330 2 573440 589824 589824 602112
762 1 204800 208896
215 1 626688 655360
216 2 0 65536 65536 98304
381 1 548864 552960
234 1 425984 434176
330 1 602112 606208
216 1 98304 102400
330 1 606208 626688
881 1 49152 53248
421 1 77824 81920
330 1 626688 630784
381 1 548864 552960
776 1 360448 364544
776 1 139264 143360
356 1 602112 606208
330 2 495616 524288 524288 573440
330 1 573440 577536
381 1 548864 552960
158 1 454656 458752
476 1 610304 622592
218 1 286720 294912
355 1 151552 180224
355 1 180224 184320
639 1 270336 274432
381 1 548864 552960
966 1 94208 98304
355 1 184320 196608
381 1 548864 552960
355 1 196608 200704
775 1 409600 413696
787 1 53248 57344
982 1 28672 32768
38 1 126976 131072
506 1 458752 471040
966 1 94208 98304
810 1 516096 520192
355 1 200704 208896
438 1 327680 380928
355 1 208896 212992
438 1 380928 385024
374 1 630784 634880
156 1 528384 532480
779 1 315392 319488
704 1 114688 118784
614 1 442368 446464
467 1 626688 638976
467 1 638976 643072
125 1 520192 524288
997 1 479232 483328
290 1 577536 581632
459 1 16384 20480
499 2 90112 131072 131072 151552
369 1 540672 544768
1 1 401408 405504
556 1 389120 393216
495 1 573440 577536
833 1 376832 380928
776 1 327680 331776
601 1 573440 577536
208 1 380928 389120
770 1 397312 401408
46 1 315392 323584
480 1 20480 24576
913 1 524288 528384
381 1 548864 552960
153 1 589824 593920
154 1 602112 606208
499 1 151552 155648
775 1 413696 417792
827 1 122880 126976
281 1 389120 393216
227 1 397312 401408
408 1 466944 471040
784 1 507904 512000
459 1 16384 20480
592 1 376832 380928
658 1 540672 544768
381 1 548864 552960
982 1 32768 36864
704 1 65536 69632
664 1 499712 503808
0 1 339968 344064
379 2 380928 393216 393216 401408
379 1 401408 405504
252 1 466944 471040
702 1 24576 28672
356 1 65536 81920
465 1 393216 397312
505 1 208896 233472
252 3 471040 524288 524288 589824 589824 655360
253 6 0 65536 65536 131072 131072 196608 196608 262144 262144 327680 327680 339968
254 6 262144 327680 327680 393216 393216 458752 458752 524288 524288 589824 589824 655360
255 2 0 65536 65536 77824
356 1 81920 86016
505 1 233472 237568
306 1 290816 294912
60 1 274432 278528
381 1 548864 552960
253 5 339968 393216 393216 458752 458752 524288 524288 589824 589824 655360
254 4 0 65536 65536 131072 131072 196608 196608 208896
317 2 131072 196608 196608 221184
255 9 77824 131072 131072 196608 196608 262144 262144 327680 327680 393216 393216 458752 458752 524288 524288 589824 589824 602112
785 1 421888 425984
550 1 266240 270336
785 1 425984 438272
254 1 208896 262144
761 1 139264 143360
255 1 602112 655360
256 3 0 65536 65536 131072 131072 155648
803 1 229376 233472
358 1 610304 655360
359 1 0 20480
166 1 360448 364544
359 1 20480 24576
775 1 417792 421888
418 1 487424 512000
381 1 548864 557056
418 1 512000 516096
775 1 430080 458752
132 1 385024 389120
438 2 385024 393216 393216 405504
428 1 638976 643072
475 1 122880 126976
438 1 405504 409600
989 1 486912 491008
254 1 614400 618496
428 1 638976 655360
742 1 393216 397312
219 1 479232 483328
913 1 405504 409600
429 1 0 4096
505 1 86016 106496
317 1 221184 225280
429 1 4096 12288
505 1 106496 110592
770 1 217088 221184
429 1 12288 16384
33 1 8192 12288
654 1 421888 425984
777 1 475136 479232
989 1 491008 494592
517 1 364544 372736
112 1 77824 81920
882 1 516096 520192
326 1 618496 622592
517 1 372736 376832
338 1 462848 475136
412 1 0 4096
460 1 98304 110592
674 1 438272 442368
914 1 610304 614400
472 1 249856 262144
51 2 258048 262144 262144 266240
460 1 110592 114688
494 1 471040 495616
781 1 299008 303104
833 1 393216 397312
781 2 585728 589824 589824 655360
782 1 0 32768
338 1 475136 479232
494 1 495616 499712
880 1 0 65536
472 1 262144 266240
777 1 479232 483328
248 1 331776 348160
763 1 258048 262144
782 1 32768 36864
248 1 344064 348160
472 1 266240 274432
880 1 65536 69632
760 1 630784 634880
880 3 319488 327680 327680 393216 393216 425984
763 1 512000 516096
381 1 552960 557056
472 1 274432 278528
926 1 81920 86016
880 1 425984 430080
444 2 311296 327680 327680 339968
765 1 253952 258048
769 1 647168 651264
508 1 90112 94208
444 1 339968 344064
556 1 290816 294912
742 1 397312 401408
1 1 397312 401408
54 1 442368 450560
385 1 421888 425984
440 1 393216 397312
889 1 266240 270336
887 1 278528 282624
154 1 212992 217088
966 1 438272 442368
887 1 294912 299008
430 2 512000 524288 524288 532480
887 1 303104 323584
430 1 651264 655360
887 1 327680 360448
347 2 323584 327680 327680 331776
887 1 393216 397312
669 1 622592 626688
612 1 561152 565248
978 1 573440 576512
990 1 495616 499200
564 1 380928 385024
596 1 589824 592896
928 1 180224 184320
347 1 331776 335872
458 1 626688 630784
58 1 618496 622592
381 1 552960 557056
693 1 323584 327680
862 1 151552 155648
674 1 442368 446464
616 1 122880 126976
431 1 339968 344064
735 1 180224 184320
588 1 204800 217088
458 1 626688 630784
504 1 614400 626688
500 1 638976 655360
501 1 0 57344
783 1 184320 188416
616 1 122880 126976
504 1 626688 630784
512 1 593920 606208
501 1 57344 61440
34 1 430080 434176
326 1 282624 286720
1 1 397312 401408
359 1 217088 221184
555 1 159744 163840
512 1 606208 610304
992 1 90112 94208
556 1 389120 393216
773 1 319488 327680
116 1 237568 241664
777 1 143360 147456
486 1 90112 94208
493 1 0 4096
769 1 524288 528384
770 1 397312 401408
841 1 421888 425984
46 1 315392 319488
275 1 188416 192512
633 1 40960 49152
447 1 417792 421888
323 1 159744 163840
775 2 454656 458752 458752 462848
381 1 552960 557056
153 1 532480 536576
438 1 409600 430080
438 1 430080 434176
657 1 544768 548864
428 1 167936 176128
903 1 32768 36864
989 1 73728 77824
38 1 131072 135168
506 1 413696 417792
408 2 585728 589824 589824 602112
438 1 434176 454656
487 1 4096 8192
428 1 208896 241664
438 1 454656 458752
408 1 602112 606208
918 1 200704 204800
657 1 401408 405504
1 1 401408 405504
219 1 479232 495616
556 1 389120 393216
428 1 241664 245760
320 1 180224 184320
833 1 389120 393216
833 1 393216 397312
704 1 118784 122880
662 1 294912 299008
776 1 327680 331776
833 1 401408 405504
777 1 114688 118784
859 1 106496 110592
493 1 270336 274432
227 1 188416 192512
617 1 221184 225280
511 1 344064 385024
153 1 421888 425984
162 1 507904 512000
439 1 212992 217088
775 1 458752 487424
505 2 110592 131072 131072 176128
314 2 225280 262144 262144 290816
511 1 385024 389120
337 1 577536 581632
909 1 32768 36864
444 1 266240 274432
438 1 458752 479232
79 1 577536 581632
784 1 393216 397312
18 1 319488 323584
505 1 176128 180224
381 1 552960 557056
509 1 598016 618496
314 1 290816 294912
511 2 389120 393216 393216 413696
444 1 397312 401408
438 1 479232 483328
73 1 573440 577536
644 1 143360 147456
556 1 290816 294912
855 1 286720 290816
347 1 335872 364544
509 1 618496 622592
763 1 344064 348160
741 1 557056 561152
511 1 413696 417792
381 1 552960 557056
347 1 364544 368640
432 1 258048 262144
506 1 466944 471040
793 1 524288 536576
190 1 344064 348160
190 1 352256 356352
190 1 401408 405504
190 1 413696 417792
438 1 483328 499712
100 1 540672 544768
367 1 458752 462848
438 1 499712 503808
271 1 90112 94208
469 2 573440 589824 589824 602112
625 1 36864 40960
793 1 532480 544768
504 2 49152 65536 65536 86016
571 1 630784 634880
905 1 577536 581632
438 1 503808 520192
469 1 602112 606208
504 1 86016 90112
508 1 380928 393216
438 1 520192 524288
772 1 516096 520192
534 2 200704 262144 262144 307200
793 1 540672 552960
438 1 524288 540672
362 1 163840 167936
508 1 393216 397312
880 1 69632 122880
534 1 307200 311296
438 1 540672 544768
880 1 122880 126976
765 1 253952 258048
229 1 462848 466944
503 1 405504 409600
982 1 36864 40960
1 1 397312 409600
556 1 389120 393216
833 1 397312 405504
777 1 331776 339968
777 1 544768 548864
831 1 462848 466944
495 1 548864 552960
773 1 307200 311296
832 1 16384 20480
330 1 372736 393216
45 1 339968 344064
484 1 548864 552960
879 1 20480 24576
61 1 86016 90112
46 1 307200 311296
865 1 405504 409600
866 1 241664 245760
154 1 602112 606208
330 1 393216 397312
162 1 372736 376832
430 1 290816 294912
430 1 315392 319488
543 2 16384 65536 65536 98304
571 1 81920 86016
775 1 471040 479232
543 1 98304 102400
365 1 135168 155648
491 1 409600 421888
870 1 53248 57344
365 1 155648 159744
491 1 421888 425984
321 1 598016 610304
1 1 397312 401408
556 1 389120 393216
809 1 421888 425984
832 1 28672 32768
321 1 610304 614400
493 1 0 4096
777 1 503808 507904
440 1 491520 495616
767 1 393216 397312
478 1 581632 585728
432 2 204800 262144 262144 286720
148 1 348160 352256
772 1 221184 229376
793 1 548864 577536
438 1 544768 561152
771 1 524288 528384
438 1 561152 565248
572 1 393216 397312
325 1 471040 487424
793 2 573440 589824 589824 593920
438 1 565248 581632
79 1 36864 40960
323 1 450560 454656
325 1 487424 491520
776 1 118784 122880
438 1 581632 585728
127 1 24576 32768
768 1 147456 151552
767 1 471040 475136
762 1 208896 212992
597 1 266240 270336
996 1 651264 655360
832 1 229376 233472
771 1 327680 331776
534 1 270336 274432
48 1 327680 331776
939 1 155648 159744
939 1 196608 200704
243 1 24576 32768
939 1 466944 471040
991 1 528384 532480
492 1 573440 577536
46 1 299008 303104
323 1 159744 167936
876 1 557056 561152
398 1 348160 360448
775 1 483328 516096
398 1 360448 364544
526 1 258048 262144
882 1 278528 286720
438 2 585728 589824 589824 606208
416 2 389120 393216 393216 417792
442 1 364544 368640
784 1 458752 462848
540 1 475136 479232
784 1 479232 483328
767 1 163840 167936
21 1 565248 569344
438 1 606208 610304
401 3 8192 65536 65536 131072 131072 155648
442 1 110592 114688
775 1 421888 425984
416 1 417792 421888
819 1 270336 274432
401 1 155648 159744
710 1 258048 262144
814 1 495616 499712
428 2 245760 262144 262144 290816
33 1 491520 495616
517 1 53248 57344
465 1 393216 397312
149 1 401408 409600
398 3 516096 524288 524288 589824 589824 610304
349 1 372736 389120
428 1 290816 294912
324 2 454656 458752 458752 483328
561 1 266240 270336
6 1 643072 647168
349 1 389120 393216
324 1 483328 487424
598 1 344064 348160
762 1 585728 589824
46 1 262144 266240
192 1 405504 409600
763 1 401408 405504
772 1 40960 45056
428 1 294912 323584
556 1 389120 393216
398 1 610304 614400
774 1 315392 319488
776 1 327680 331776
833 1 389120 393216
833 1 397312 401408
384 1 598016 602112
162 1 204800 208896
495 1 540672 544768
776 1 348160 352256
661 1 442368 446464
235 1 24576 32768
428 1 323584 327680
879 1 16384 20480
154 1 602112 606208
504 1 159744 176128
474 2 61440 65536 65536 126976
474 2 126976 131072 131072 192512
474 2 192512 196608 196608 200704
237 1 188416 192512
522 1 528384 532480
428 1 327680 372736
504 1 176128 180224
707 1 139264 143360
363 1 483328 507904
984 1 245760 249856
807 1 184320 188416
807 1 192512 196608
807 1 200704 208896
428 1 372736 376832
807 1 212992 217088
807 1 217088 221184
807 1 225280 229376
474 1 200704 204800
807 1 253952 258048
363 1 507904 512000
807 1 270336 274432
807 1 290816 303104
807 1 311296 315392
807 1 331776 335872
807 1 434176 438272
807 1 438272 442368
807 1 491520 495616
807 1 565248 569344
807 1 602112 606208
775 1 520192 524288
776 1 270336 274432
235 1 16384 20480
503 1 229376 233472
329 2 192512 196608 196608 221184
890 1 311296 315392
329 1 221184 225280
771 1 532480 536576
504 1 180224 188416
808 1 24576 28672
808 1 69632 73728
808 1 77824 86016
808 1 106496 110592
812 1 593920 598016
809 1 499712 503808
813 1 40960 45056
808 1 237568 241664
813 1 69632 73728
809 1 557056 561152
808 1 245760 249856
809 1 626688 630784
504 1 188416 192512
813 1 86016 90112
808 1 307200 311296
809 1 638976 643072
808 1 389120 393216
808 1 397312 401408
810 1 20480 24576
808 1 438272 442368
813 1 102400 106496
808 1 561152 565248
813 1 393216 397312
808 1 581632 585728
810 1 217088 221184
808 1 589824 593920
813 1 462848 466944
810 1 315392 319488
808 1 602112 606208
808 1 638976 643072
813 1 471040 475136
810 1 327680 331776
813 1 503808 507904
810 1 413696 417792
811 1 180224 184320
814 1 204800 208896
809 1 4096 8192
811 1 364544 368640
814 1 278528 282624
811 1 380928 385024
979 8 131072 196608 196608 262144 262144 327680 327680 393216 393216 458752 458752 524288 524288 589824 589824 614400
814 1 438272 442368
811 1 397312 401408
811 1 577536 581632
809 1 24576 28672
809 1 32768 36864
812 1 32768 36864
809 1 61440 65536
809 1 114688 118784
814 1 458752 462848
809 1 163840 167936
815 1 581632 585728
812 1 45056 49152
809 1 290816 294912
812 1 331776 335872
809 1 352256 360448
809 1 364544 368640
206 2 4096 65536 65536 106496
979 1 614400 655360
980 8 0 65536 65536 131072 131072 196608 196608 262144 262144 327680 327680 393216 393216 458752 458752 475136
980 3 475136 524288 524288 589824 589824 655360
981 6 0 65536 65536 131072 131072 196608 196608 262144 262144 327680 327680 335872
981 5 335872 393216 393216 458752 458752 524288 524288 589824 589824 655360
982 3 0 65536 65536 131072 131072 196608
773 1 262144 266240
982 6 262144 327680 327680 393216 393216 458752 458752 524288 524288 589824 589824 655360
983 1 0 57344
229 1 462848 479232
739 1 499712 507904
985 4 393216 458752 458752 524288 524288 589824 589824 655360
986 3 0 65536 65536 131072 131072 155648
105 1 471040 475136
330 2 397312 458752 458752 462848
983 9 57344 65536 65536 131072 131072 196608 196608 262144 262144 327680 327680 393216 393216 458752 458752 524288 524288 573440
978 7 237568 262144 262144 327680 327680 393216 393216 458752 458752 524288 524288 589824 589824 655360
979 2 0 65536 65536 98304
188 1 376832 393216
979 1 98304 131072
986 8 155648 196608 196608 262144 262144 327680 327680 393216 393216 458752 458752 524288 524288 589824 589824 655360
987 1 0 16384
988 2 524288 589824 589824 655360
989 6 0 65536 65536 131072 131072 196608 196608 262144 262144 327680 327680 368640
982 1 196608 262144
330 1 462848 466944
187 1 229376 245760
987 2 16384 65536 65536 131072
777 1 552960 557056
983 2 573440 589824 589824 655360
984 7 0 65536 65536 131072 131072 196608 196608 262144 262144 327680 327680 393216 393216 434176
188 1 393216 425984
989 5 368640 393216 393216 458752 458752 524288 524288 589824 589824 655360
990 4 0 65536 65536 131072 131072 196608 196608 229376
537 1 389120 393216
992 8 0 65536 65536 131072 131072 196608 196608 262144 262144 327680 327680 393216 393216 458752 458752 466944
54 1 331776 352256
161 1 499712 500736
990 7 229376 262144 262144 327680 327680 393216 393216 458752 458752 524288 524288 589824 589824 655360
991 2 0 65536 65536 90112
771 1 536576 540672
187 1 229376 245760
991 9 90112 131072 131072 196608 196608 262144 262144 327680 327680 393216 393216 458752 458752 524288 524288 589824 589824 606208
992 3 466944 524288 524288 589824 589824 655360
993 5 0 65536 65536 131072 131072 196608 196608 262144 262144 327680
991 1 606208 655360
987 8 131072 196608 196608 262144 262144 327680 327680 393216 393216 458752 458752 524288 524288 589824 589824 647168
984 4 434176 458752 458752 524288 524288 589824 589824 655360
985 5 0 65536 65536 131072 131072 196608 196608 262144 262144 294912
476 1 618496 634880
993 5 327680 393216 393216 458752 458752 524288 524288 589824 589824 655360
994 3 0 65536 65536 131072 131072 188416
767 1 393216 397312
982 1 40960 45056
985 2 294912 327680 327680 393216
355 2 212992 262144 262144 286720
987 1 647168 655360
988 8 0 65536 65536 131072 131072 196608 196608 262144 262144 327680 327680 393216 393216 458752 458752 507904
994 8 188416 196608 196608 262144 262144 327680 327680 393216 393216 458752 458752 524288 524288 589824 589824 655360
995 1 0 49152
988 1 507904 524288
90 1 131072 135168
355 1 286720 290816
401 1 487424 507904
222 1 237568 245760
896 1 12288 16384
926 1 540672 544768
187 1 229376 245760
971 1 65536 71168
401 1 507904 512000
432 1 286720 290816
699 1 643072 655360
700 2 0 65536 65536 94208
700 1 94208 98304
428 2 376832 393216 393216 446464
771 1 540672 544768
537 1 389120 393216
534 2 311296 327680 327680 376832
778 1 122880 126976
419 1 339968 352256
206 3 106496 131072 131072 196608 196608 221184
206 1 221184 241664
534 1 376832 380928
428 1 446464 450560
955 1 131072 163840
804 2 184320 196608 196608 200704
686 1 491520 492544
419 1 352256 356352
438 1 610304 630784
566 1 409600 434176
438 1 630784 634880
428 2 450560 458752 458752 495616
401 1 512000 524288
428 1 495616 499712
210 1 425984 430080
401 1 524288 528384
178 1 86016 90112
334 1 188416 196608
783 1 397312 401408
334 1 196608 200704
692 1 450560 458752
778 1 114688 118784
218 1 249856 253952
618 1 200704 204800
330 2 577536 589824 589824 610304
778 1 118784 122880
330 1 610304 614400
775 1 475136 491520
113 1 393216 397312
772 1 40960 45056
365 2 159744 196608 196608 233472
455 1 290816 299008
752 1 618496 622592
455 1 299008 303104
365 1 233472 237568
125 1 49152 53248
30 1 393216 397312
577 1 512000 516096
609 2 540672 589824 589824 655360
610 3 0 65536 65536 131072 131072 159744
352 1 163840 176128
352 1 176128 180224
869 1 638976 643072
381 1 552960 557056
492 1 28672 32768
610 1 159744 163840
498 1 49152 53248
506 1 425984 434176
755 1 81920 86016
830 1 57344 61440
501 1 139264 143360
795 1 229376 233472
313 1 126976 131072
755 1 536576 540672
503 1 188416 196608
633 1 458752 462848
756 1 335872 339968
602 1 49152 53248
757 1 135168 139264
602 1 503808 507904
604 1 495616 499712
639 1 401408 409600
337 1 237568 249856
492 1 28672 32768
337 1 249856 253952
713 1 647168 651264
213 1 208896 221184
238 1 20480 24576
599 1 237568 241664
401 1 159744 163840
674 1 495616 503808
534 2 380928 393216 393216 438272
401 4 163840 196608 196608 262144 262144 327680 327680 376832
330 1 614400 655360
386 1 606208 618496
494 1 237568 262144
457 1 241664 245760
534 1 438272 442368
494 1 262144 274432
331 1 8192 45056
331 1 0 4096
494 1 274432 278528
386 1 618496 622592
401 1 376832 380928
55 1 229376 233472
331 1 45056 49152
331 1 4096 36864
479 1 204800 208896
788 1 262144 282624
879 1 360448 364544
331 1 36864 40960
793 1 589824 593920
151 1 360448 364544
331 1 40960 57344
438 1 634880 655360
439 1 0 4096
455 1 503808 516096
494 1 278528 290816
439 1 4096 8192
331 1 57344 61440
636 1 286720 290816
448 1 622592 626688
821 1 598016 606208
494 1 290816 294912
455 1 516096 520192
149 1 405504 421888
412 1 8192 45056
457 1 241664 245760
188 1 0 16384
324 1 524288 565248
324 1 487424 524288
716 1 442368 446464
412 1 45056 49152
188 1 16384 20480
388 1 618496 622592
324 1 565248 569344
773 1 319488 323584
372 1 249856 262144
1 1 413696 417792
605 1 626688 630784
283 1 311296 315392
499 1 585728 589824
990 1 65536 69632
200 1 299008 303104
22 1 536576 540672
260 1 544768 548864
597 1 339968 344064
22 1 544768 548864
610 1 409600 413696
391 1 270336 274432
990 1 409600 413696
183 1 86016 90112
183 1 135168 139264
256 1 630784 634880
108 1 147456 151552
280 1 307200 311296
111 2 192512 196608 196608 200704
183 1 188416 192512
346 1 413696 417792
250 1 561152 565248
183 1 237568 241664
278 1 253952 258048
323 1 466944 471040
330 1 610304 614400
327 1 241664 245760
636 1 286720 290816
376 1 319488 323584
182 1 262144 266240
182 1 278528 282624
111 1 200704 204800
183 1 286720 290816
248 1 147456 151552
329 1 483328 487424
273 1 606208 610304
259 1 28672 32768
329 1 536576 540672
276 1 8192 12288
283 1 229376 233472
397 2 61440 65536 65536 102400
329 1 585728 589824
341 1 278528 282624
311 1 573440 577536
182 1 294912 299008
251 1 479232 483328
251 1 532480 536576
251 1 581632 585728
106 1 266240 270336
341 1 294912 299008
31 1 630784 634880
93 1 356352 360448
107 1 294912 299008
960 1 20480 24576
109 1 389120 393216
111 1 106496 110592
158 1 512000 516096
110 1 348160 352256
106 1 643072 647168
397 1 102400 106496
263 1 73728 81920
146 1 131072 135168
257 1 94208 98304
266 1 237568 245760
263 1 90112 98304
266 1 245760 253952
263 1 86016 90112
266 1 319488 323584
266 1 417792 425984
105 1 425984 430080
107 1 634880 638976
110 1 479232 483328
182 1 262144 266240
182 1 278528 282624
111 2 192512 196608 196608 204800
217 1 331776 335872
256 1 630784 634880
182 1 294912 299008
280 1 307200 311296
248 1 147456 151552
183 1 86016 90112
636 1 286720 290816
262 1 401408 405504
251 1 479232 483328
960 1 20480 24576
346 1 413696 417792
251 1 532480 536576
183 1 135168 139264
31 1 630784 634880
183 1 188416 192512
251 1 581632 585728
183 1 237568 241664
250 1 561152 565248
273 1 606208 610304
278 1 253952 258048
183 1 286720 290816
276 1 8192 12288
329 1 483328 487424
327 1 241664 245760
259 1 28672 32768
329 1 536576 540672
283 1 229376 233472
329 1 585728 589824
376 1 319488 323584
330 1 610304 614400
384 2 57344 65536 65536 98304
384 1 98304 102400
31 1 630784 634880
105 1 598016 602112
105 1 647168 651264
110 1 614400 618496
182 1 294912 299008
111 1 106496 110592
256 1 630784 634880
183 1 86016 90112
111 2 192512 196608 196608 208896
960 1 20480 24576
280 1 307200 311296
183 1 135168 139264
111 1 626688 630784
183 1 188416 192512
376 1 323584 327680
332 1 458752 462848
636 1 286720 290816
183 1 237568 241664
94 1 503808 507904
333 1 28672 32768
188 1 229376 233472
183 1 286720 290816
251 1 479232 483328
333 1 184320 188416
251 1 532480 536576
251 1 581632 585728
107 1 184320 188416
333 1 200704 204800
107 1 339968 344064
107 1 647168 651264
194 1 319488 323584
108 1 450560 454656
259 1 28672 32768
278 1 253952 258048
109 1 135168 139264
346 1 413696 417792
283 1 229376 233472
109 1 352256 356352
311 1 249856 253952
330 1 610304 614400
248 1 147456 151552
336 1 634880 638976
212 1 602112 606208
273 1 606208 610304
373 1 610304 614400
276 1 8192 12288
752 1 622592 626688
325 1 0 4096
327 1 241664 245760
340 1 8192 12288
340 1 249856 253952
376 1 319488 323584
781 1 516096 520192
376 1 323584 327680
334 1 94208 98304
106 1 86016 90112
371 1 458752 462848
106 1 262144 266240
108 1 180224 184320
110 1 262144 266240
108 1 638976 643072
107 1 28672 32768
110 1 524288 528384
194 1 520192 524288
112 1 253952 258048
219 1 184320 188416
220 1 204800 208896
270 1 618496 622592
256 1 630784 634880
31 1 630784 634880
280 1 307200 311296
111 2 192512 196608 196608 200704
333 1 28672 32768
194 1 319488 323584
111 1 204800 208896
333 1 184320 188416
111 1 626688 630784
259 1 28672 32768
188 1 229376 233472
333 1 200704 204800
278 1 253952 258048
283 1 229376 233472
311 1 249856 253952
212 1 602112 606208
35 1 294912 299008
373 1 610304 614400
636 1 286720 290816
273 1 606208 610304
276 1 8192 12288
325 1 0 4096
327 1 241664 245760
960 1 20480 24576
767 1 552960 557056
773 1 335872 339968
184 1 65536 77824
57 1 57344 65536
184 1 81920 86016
423 1 339968 352256
776 1 294912 299008
364 3 372736 393216 393216 458752 458752 471040
364 1 471040 475136
203 1 237568 241664
774 1 598016 602112
788 1 573440 589824
46 1 262144 266240
299 1 131072 135168
409 1 401408 405504
788 1 278528 303104
409 1 544768 548864
410 1 503808 507904
411 1 471040 475136
410 1 524288 528384
412 1 131072 135168
412 1 622592 626688
512 1 65536 86016
413 1 49152 53248
421 1 364544 368640
421 1 380928 385024
421 1 421888 425984
421 2 454656 458752 458752 462848
421 1 475136 479232
421 1 483328 487424
600 1 548864 552960
720 1 49152 65536
439 1 8192 28672
512 1 86016 90112
446 1 479232 491520
364 1 475136 483328
54 1 446464 450560
331 2 61440 65536 65536 122880
707 1 618496 622592
439 1 28672 32768
364 1 483328 487424
446 1 491520 495616
331 1 122880 126976
409 1 393216 397312
458 1 626688 630784
364 1 487424 495616
781 1 520192 524288
254 3 184320 196608 196608 262144 262144 266240
364 1 495616 499712
772 1 40960 45056
331 1 126976 131072
774 1 237568 241664
331 1 131072 172032
693 2 323584 327680 327680 331776
773 1 270336 274432
873 1 315392 319488
57 1 131072 196608
254 1 266240 270336
331 1 172032 176128
982 1 45056 49152
364 1 499712 520192
364 1 520192 524288
616 1 122880 126976
788 1 299008 327680
359 1 516096 524288
458 1 626688 630784
439 1 32768 53248
700 4 98304 131072 131072 196608 196608 262144 262144 278528
439 1 53248 57344
616 1 122880 126976
700 1 278528 282624
90 1 135168 139264
775 1 417792 421888
774 1 536576 540672
212 1 90112 102400
832 1 520192 524288
639 1 135168 143360
778 1 532480 536576
785 1 458752 462848
674 1 499712 516096
465 2 167936 196608 196608 200704
494 2 294912 327680 327680 352256
397 1 98304 102400
465 1 200704 204800
54 1 446464 450560
494 1 352256 356352
382 1 638976 643072
458 1 626688 630784
321 1 364544 393216
321 1 393216 430080
777 1 573440 577536
321 1 430080 434176
693 1 327680 331776
767 1 376832 380928
445 1 237568 245760
781 1 438272 442368
821 1 77824 81920
616 1 122880 126976
185 1 0 4096
785 1 462848 466944
358 1 290816 294912
439 1 380928 389120
353 1 126976 131072
458 1 626688 630784
912 1 40960 45056
538 1 389120 393216
912 1 98304 102400
912 1 110592 114688
439 1 389120 393216
912 2 126976 131072 131072 135168
912 1 147456 151552
912 1 155648 159744
912 1 241664 258048
912 1 282624 286720
912 1 303104 307200
912 1 315392 319488
912 1 327680 331776
912 1 344064 348160
912 1 352256 356352
889 1 94208 98304
616 1 122880 126976
912 1 430080 438272
913 1 409600 413696
912 1 483328 487424
913 1 442368 446464
913 1 475136 479232
913 1 503808 507904
913 1 516096 520192
913 1 532480 536576
913 1 557056 565248
775 1 421888 425984
913 1 577536 581632
913 1 606208 610304
913 1 614400 618496
376 1 569344 573440
913 1 626688 630784
432 2 172032 196608 196608 204800
913 1 643072 647168
914 1 4096 8192
914 1 24576 32768
652 1 81920 86016
376 1 413696 425984
914 1 69632 73728
914 1 94208 98304
914 1 102400 106496
912 1 528384 532480
916 1 557056 561152
916 1 573440 577536
912 1 548864 552960
916 1 589824 593920
912 1 573440 577536
912 1 581632 585728
917 1 0 4096
912 1 626688 634880
913 1 20480 24576
913 1 32768 36864
917 1 53248 57344
913 1 65536 73728
913 1 81920 86016
913 1 114688 118784
917 1 65536 69632
913 2 126976 131072 131072 135168
913 1 143360 151552
917 1 118784 122880
432 1 204800 208896
913 1 167936 172032
913 1 204800 208896
914 1 118784 131072
914 1 135168 139264
913 1 225280 233472
914 1 176128 180224
914 1 184320 188416
917 1 135168 143360
917 1 151552 155648
917 1 184320 188416
914 1 229376 233472
914 1 266240 270336
917 1 229376 233472
914 1 274432 278528
917 1 245760 253952
914 1 286720 290816
914 1 303104 307200
914 1 331776 335872
914 1 344064 348160
376 1 425984 430080
914 1 389120 393216
914 1 405504 409600
914 1 425984 430080
914 1 458752 466944
914 1 512000 516096
913 1 278528 282624
913 1 290816 303104
913 1 344064 348160
913 1 356352 364544
821 1 602112 614400
913 1 372736 385024
785 1 475136 479232
917 1 282624 286720
251 1 557056 561152
917 1 299008 303104
917 2 323584 327680 327680 335872
917 1 356352 360448
917 1 368640 372736
917 2 446464 458752 458752 462848
759 1 352256 356352
914 1 536576 540672
914 1 589824 593920
914 1 618496 622592
917 1 483328 503808
914 1 626688 630784
914 1 634880 638976
917 1 540672 544768
915 1 16384 20480
917 1 573440 577536
72 1 0 4096
915 1 24576 32768
915 1 36864 45056
915 1 94208 102400
915 1 110592 114688
915 1 118784 126976
915 1 135168 143360
315 1 221184 225280
915 1 151552 159744
915 1 208896 212992
917 1 618496 626688
917 1 643072 647168
918 1 77824 81920
918 2 323584 327680 327680 331776
918 1 339968 352256
918 1 577536 581632
918 1 614400 618496
915 1 233472 237568
915 1 241664 245760
915 1 266240 270336
771 1 524288 528384
915 1 335872 339968
915 1 368640 372736
860 1 614400 618496
115 1 536576 540672
115 1 614400 622592
920 1 28672 32768
861 1 102400 106496
919 1 122880 126976
920 1 61440 65536
920 1 503808 507904
915 1 405504 409600
115 1 552960 557056
861 1 139264 143360
915 1 413696 417792
921 1 544768 548864
861 1 229376 233472
128 1 229376 237568
915 1 421888 430080
861 1 258048 262144
922 1 237568 241664
915 1 450560 454656
923 1 229376 233472
915 1 458752 462848
915 1 479232 483328
924 1 180224 184320
331 1 425984 454656
915 1 512000 520192
915 1 548864 561152
115 1 622592 626688
915 1 577536 581632
45 1 20480 36864
865 1 577536 581632
915 1 593920 598016
115 1 540672 544768
866 1 102400 106496
924 1 225280 229376
866 1 131072 135168
115 1 610304 614400
115 1 626688 651264
866 1 548864 552960
866 1 565248 569344
872 1 319488 323584
868 1 45056 49152
934 1 294912 299008
868 1 204800 208896
872 1 442368 446464
219 1 221184 225280
220 1 458752 462848
412 2 49152 65536 65536 110592
115 1 585728 589824
915 1 618496 622592
115 1 651264 655360
116 1 0 32768
915 1 634880 638976
916 1 36864 40960
916 1 61440 65536
115 1 430080 434176
916 1 155648 159744
115 1 544768 548864
916 1 176128 180224
116 1 32768 40960
331 1 454656 458752
916 2 192512 196608 196608 204800
916 1 221184 225280
916 1 237568 241664
190 1 385024 389120
916 1 253952 258048
224 1 118784 122880
224 1 278528 282624
916 1 262144 266240
927 1 147456 151552
524 1 638976 647168
916 1 299008 303104
224 1 430080 434176
916 1 335872 344064
224 1 581632 585728
333 2 307200 327680 327680 331776
225 1 81920 86016
225 1 233472 237568
916 1 348160 352256
225 1 389120 393216
916 1 368640 380928
226 1 147456 151552
233 1 626688 630784
226 1 180224 184320
226 1 188416 192512
226 1 589824 593920
227 1 303104 307200
228 1 385024 389120
228 1 462848 466944
412 1 110592 114688
230 1 475136 479232
228 1 589824 593920
38 1 425984 434176
39 1 73728 77824
228 1 643072 647168
229 1 0 16384
229 1 524288 528384
229 1 536576 540672
916 1 417792 421888
230 1 49152 53248
916 1 487424 491520
916 1 512000 520192
862 1 614400 618496
785 1 479232 483328
333 1 331776 335872
864 1 303104 307200
864 1 606208 610304
220 1 643072 647168
221 1 299008 303104
222 1 434176 438272
223 1 184320 188416
223 1 528384 532480
223 1 573440 577536
40 1 315392 319488
40 1 442368 446464
41 1 53248 57344
41 1 286720 290816
41 1 471040 475136
41 1 598016 602112
42 1 61440 65536
42 1 139264 143360
42 1 249856 253952
42 1 274432 278528
42 1 446464 450560
42 1 466944 471040
329 1 462848 466944
343 1 344064 360448
121 1 122880 126976
343 1 360448 364544
473 2 192512 196608 196608 212992
417 1 638976 643072
473 1 212992 217088
1 1 401408 405504
513 1 475136 479232
556 1 389120 393216
579 1 200704 204800
833 1 368640 372736
833 1 393216 397312
770 1 397312 401408
495 1 569344 573440
882 1 540672 544768
70 1 335872 339968
777 1 544768 548864
776 1 204800 208896
876 1 532480 536576
337 1 577536 581632
782 1 364544 368640
153 1 417792 421888
191 1 184320 188416
153 1 532480 536576
439 1 192512 196608
210 1 446464 450560
357 2 188416 196608 196608 204800
473 1 110592 114688
788 2 323584 327680 327680 352256
22 1 536576 540672
22 1 544768 548864
506 1 532480 544768
439 2 57344 65536 65536 77824
357 1 204800 208896
439 1 77824 81920
389 1 122880 126976
339 1 499712 520192
190 1 577536 581632
506 1 544768 548864
766 1 139264 143360
339 1 520192 524288
370 2 77824 131072 131072 180224
761 1 98304 102400
61 1 8192 12288
528 1 475136 479232
658 1 0 4096
358 2 249856 262144 262144 311296
687 1 462848 466944
126 1 303104 307200
600 1 266240 274432
358 1 311296 315392
700 2 282624 327680 327680 331776
700 1 331776 335872
365 1 225280 229376
766 1 143360 147456
833 1 397312 401408
495 1 540672 544768
556 1 389120 393216
162 1 311296 315392
879 1 389120 393216
905 1 577536 581632
776 1 118784 122880
984 1 290816 294912
826 1 147456 151552
807 1 278528 282624
443 2 389120 393216 393216 397312
370 1 180224 184320
613 1 90112 94208
494 3 118784 131072 131072 196608 196608 253952
399 2 462848 524288 524288 557056
117 1 45056 49152
785 1 483328 487424
467 1 57344 65536
870 1 20480 24576
467 1 65536 69632
212 1 98304 110592
935 1 90112 94208
478 1 581632 585728
465 2 204800 262144 262144 270336
349 1 532480 544768
534 3 442368 458752 458752 524288 524288 548864
702 1 12288 24576
349 1 544768 548864
465 1 270336 274432
141 1 577536 580096
534 1 548864 552960
494 1 253952 258048
474 2 204800 262144 262144 270336
474 1 270336 282624
474 1 282624 286720
399 1 557056 561152
978 3 172032 196608 196608 262144 262144 303104
8 1 331776 339968
705 1 77824 81920
477 1 86016 98304
994 1 483328 495616
701 1 462848 466944
342 3 233472 262144 262144 327680 327680 344064
978 1 172032 176128
251 1 163840 167936
324 1 552960 577536
338 1 401408 425984
342 1 344064 348160
978 1 163840 172032
477 1 98304 102400
778 1 245760 249856
980 1 94208 131072
982 1 208896 221184
982 1 229376 233472
982 1 237568 241664
324 1 577536 581632
338 1 425984 430080
982 1 245760 258048
982 1 266240 270336
982 1 282624 286720
982 1 303104 315392
447 1 520192 524288
982 2 380928 393216 393216 405504
982 1 421888 425984
397 3 462848 524288 524288 589824 589824 598016
387 1 200704 217088
368 1 405504 409600
387 1 217088 221184
53 1 77824 81920
596 1 65536 69632
787 1 573440 577536
397 1 598016 602112
978 1 172032 176128
614 1 167936 172032
773 1 266240 270336
702 1 204800 208896
3 1 131072 135168
325 1 532480 548864
517 1 53248 57344
504 1 495616 507904
457 1 307200 311296
325 1 548864 552960
631 1 475136 483328
504 1 507904 512000
995 7 131072 196608 196608 262144 262144 327680 327680 393216 393216 458752 458752 524288 524288 565248
465 1 393216 397312
949 2 36864 65536 65536 69632
995 2 565248 589824 589824 655360
996 7 0 65536 65536 131072 131072 196608 196608 262144 262144 327680 327680 393216 393216 425984
142 1 442368 446464
506 2 548864 589824 589824 610304
996 4 425984 458752 458752 524288 524288 589824 589824 655360
997 5 0 65536 65536 131072 131072 196608 196608 262144 262144 286720
771 1 380928 385024
346 1 413696 417792
803 1 114688 118784
376 1 323584 327680
649 1 557056 565248
894 1 311296 315392
895 1 323584 327680
256 1 630784 634880
111 2 192512 196608 196608 200704
183 1 86016 90112
414 1 475136 491520
998 6 262144 327680 327680 393216 393216 458752 458752 524288 524288 589824 589824 655360
999 1 0 8192
108 1 77824 81920
183 1 135168 139264
280 1 307200 311296
250 1 561152 565248
278 1 253952 258048
183 1 188416 192512
330 1 610304 614400
327 1 241664 245760
896 1 434176 438272
899 1 172032 176128
896 1 561152 565248
636 1 286720 290816
897 1 73728 77824
899 1 241664 245760
248 1 147456 151552
183 1 237568 241664
273 1 606208 610304
899 1 544768 548864
183 1 286720 290816
259 1 28672 32768
111 1 200704 212992
895 1 471040 475136
897 1 200704 204800
895 1 569344 573440
329 1 483328 487424
276 1 8192 12288
899 1 552960 557056
283 1 229376 233472
506 1 610304 614400
329 1 536576 540672
897 1 548864 552960
719 1 454656 458752
329 1 585728 589824
900 2 57344 65536 65536 77824
898 1 245760 249856
341 1 315392 319488
997 6 286720 327680 327680 393216 393216 458752 458752 524288 524288 589824 589824 655360
998 3 0 65536 65536 131072 131072 147456
898 1 393216 397312
341 1 331776 335872
341 1 348160 352256
1 4 393216 458752 458752 524288 524288 589824 589824 655360
2 4 0 65536 65536 131072 131072 196608 196608 237568
999 8 8192 65536 65536 131072 131072 196608 196608 262144 262144 327680 327680 393216 393216 458752 458752 524288
778 1 249856 253952
900 1 163840 167936
872 1 28672 32768
902 1 516096 520192
902 1 524288 528384
902 1 536576 540672
905 1 548864 552960
905 1 598016 602112
905 1 614400 618496
2 7 237568 262144 262144 327680 327680 393216 393216 458752 458752 524288 524288 589824 589824 655360
3 2 0 65536 65536 98304
999 2 524288 589824 589824 655360
905 1 630784 634880
902 1 647168 651264
457 1 307200 311296
870 1 204800 208896
906 1 8192 12288
903 1 90112 94208
906 1 57344 61440
906 1 106496 110592
903 1 294912 299008
906 1 159744 163840
903 1 348160 356352
995 2 49152 65536 65536 131072
903 1 421888 425984
906 1 208896 212992
903 1 446464 450560
903 1 462848 466944
903 1 479232 483328
414 1 491520 495616
0 8 0 65536 65536 131072 131072 196608 196608 262144 262144 327680 327680 393216 393216 458752 458752 516096
906 1 258048 262144
903 1 495616 499712
906 1 311296 315392
906 1 450560 454656
907 1 90112 102400
903 1 512000 516096
62 1 212992 217088
903 1 532480 536576
3 9 98304 131072 131072 196608 196608 262144 262144 327680 327680 393216 393216 458752 458752 524288 524288 589824 589824 614400
114 1 643072 647168
903 1 557056 565248
903 1 569344 573440
903 1 577536 585728
4 2 524288 589824 589824 655360
5 6 0 65536 65536 131072 131072 196608 196608 262144 262144 327680 327680 335872
903 1 589824 598016
36 1 626688 630784
904 1 217088 221184
904 1 327680 331776
904 1 376832 380928
904 1 430080 434176
904 1 479232 483328
904 1 528384 532480
904 1 581632 585728
905 1 65536 69632
3 1 614400 655360
4 8 0 65536 65536 131072 131072 196608 196608 262144 262144 327680 327680 393216 393216 458752 458752 475136
905 1 143360 147456
767 1 401408 405504
998 2 147456 196608 196608 262144
908 1 274432 278528
4 1 475136 524288
4 1 315392 319488
5 5 335872 393216 393216 458752 458752 524288 524288 589824 589824 655360
6 3 0 65536 65536 131072 131072 196608
562 1 548864 557056
361 1 458752 466944
0 3 516096 524288 524288 589824 589824 655360
1 6 0 65536 65536 131072 131072 196608 196608 262144 262144 327680 327680 376832
314 2 40960 65536 65536 122880
952 1 516096 520192
1 1 376832 393216
102 1 425984 430080
6 7 196608 262144 262144 327680 327680 393216 393216 458752 458752 524288 524288 589824 589824 655360
7 1 0 57344
316 1 8192 20480
361 1 466944 471040
107 1 491520 495616
110 1 573440 577536
248 1 147456 151552
111 2 192512 196608 196608 200704
183 1 86016 90112
189 1 434176 438272
183 1 135168 139264
183 1 188416 192512
251 1 479232 483328
250 1 561152 565248
183 1 237568 241664
251 1 532480 536576
183 1 286720 290816
220 1 229376 233472
251 1 581632 585728
636 1 286720 290816
7 9 57344 65536 65536 131072 131072 196608 196608 262144 262144 327680 327680 393216 393216 458752 458752 524288 524288 540672
314 1 122880 126976
456 1 253952 258048
833 1 393216 397312
788 1 348160 360448
508 1 32768 53248
316 1 20480 24576
919 1 520192 524288
773 1 319488 323584
455 3 385024 393216 393216 458752 458752 462848
305 1 397312 401408
19 1 434176 438272
436 1 368640 372736
498 2 245760 262144 262144 266240
361 1 471040 479232
177 1 57344 61440
978 3 172032 196608 196608 262144 262144 303104
439 1 81920 102400
508 1 53248 57344
381 1 552960 557056
173 1 155648 163840
435 1 372736 385024
498 1 266240 270336
439 1 102400 106496
455 1 462848 466944
435 1 385024 389120
119 1 258048 262144
178 1 225280 229376
133 1 360448 364544
123 1 196608 200704
978 1 172032 176128
399 1 561152 573440
361 1 479232 483328
117 1 45056 49152
421 1 618496 655360
422 1 0 40960
53 1 290816 294912
399 1 573440 577536
422 1 40960 45056
430 1 40960 45056
980 1 94208 131072
978 1 163840 172032
982 1 208896 221184
982 1 229376 233472
982 1 237568 241664
982 1 245760 258048
982 1 266240 270336
982 1 282624 286720
982 1 303104 315392
982 2 380928 393216 393216 405504
982 1 421888 425984
858 1 339968 348160
495 4 442368 458752 458752 524288 524288 589824 589824 655360
496 2 0 65536 65536 77824
778 1 466944 471040
978 1 172032 176128
135 1 45056 49152
371 1 630784 643072
788 1 356352 372736
448 1 524288 532480
610 1 438272 450560
371 1 643072 647168
448 1 532480 536576
439 1 106496 126976
496 1 77824 81920
439 1 126976 131072
388 2 573440 589824 589824 647168
756 1 356352 360448
443 2 40960 65536 65536 69632
627 1 614400 618496
388 1 647168 651264
773 1 335872 339968
443 1 69632 73728
256 1 151552 155648
749 1 49152 53248
340 1 524288 536576
337 4 172032 196608 196608 262144 262144 327680 327680 393216
337 4 393216 458752 458752 524288 524288 589824 589824 655360
338 1 0 40960
457 1 438272 442368
788 1 368640 393216
794 1 524288 528384
779 1 290816 294912
338 1 90112 110592
338 9 40960 65536 65536 131072 131072 196608 196608 262144 262144 327680 327680 393216 393216 458752 458752 524288 524288 565248
439 1 131072 151552
256 1 630784 634880
280 1 307200 311296
31 1 630784 634880
346 1 413696 417792
278 1 253952 258048
273 1 606208 610304
276 1 8192 12288
330 1 610304 614400
259 1 28672 32768
340 1 557056 561152
340 1 577536 581632
283 1 229376 233472
313 1 90112 94208
381 1 552960 565248
327 1 241664 245760
376 2 323584 327680 327680 331776
960 1 20480 24576
338 1 110592 114688
340 1 593920 598016
340 1 610304 614400
340 1 626688 630784
340 1 643072 647168
341 1 4096 8192
439 1 151552 155648
341 1 20480 24576
338 2 565248 589824 589824 655360
339 7 0 65536 65536 131072 131072 196608 196608 262144 262144 327680 327680 393216 393216 434176
341 1 36864 40960
341 1 57344 61440
341 1 73728 77824
341 1 90112 94208
341 1 106496 110592
457 1 438272 442368
341 1 122880 126976
341 1 139264 143360
227 1 327680 331776
339 4 434176 458752 458752 524288 524288 589824 589824 655360
340 5 0 65536 65536 131072 131072 196608 196608 262144 262144 303104
935 1 90112 106496
167 1 167936 172032
340 4 303104 327680 327680 393216 393216 458752 458752 524288
349 2 548864 589824 589824 606208
978 2 172032 196608 196608 204800
88 1 405504 409600
803 1 118784 122880
349 1 606208 610304
978 1 172032 176128
980 1 94208 98304
980 1 106496 110592
980 1 122880 126976
978 1 167936 172032
269 1 32768 36864
982 1 303104 307200
982 1 339968 344064
982 1 360448 364544
978 1 172032 176128
372 2 258048 262144 262144 274432
768 1 65536 69632
538 2 503808 524288 524288 581632
564 1 524288 528384
794 1 524288 532480
551 2 372736 393216 393216 454656
564 3 331776 393216 393216 458752 458752 524288
397 2 106496 131072 131072 184320
439 1 155648 176128
439 1 176128 180224
397 1 184320 188416
216 4 102400 131072 131072 196608 196608 262144 262144 290816
778 1 229376 233472
767 1 401408 405504
908 1 405504 413696
1 1 393216 405504
555 1 196608 200704
555 1 262144 266240
556 1 389120 393216
833 1 397312 405504
606 1 393216 397312
773 1 315392 319488
144 1 593920 598016
869 1 598016 602112
785 1 253952 258048
776 1 389120 393216
773 1 327680 331776
216 1 290816 294912
777 1 118784 122880
662 1 282624 286720
989 1 494592 499712
662 1 290816 294912
493 1 0 4096
769 1 454656 458752
7 1 524288 528384
452 1 139264 143360
654 1 413696 417792
980 1 376832 380928
154 1 602112 606208
777 1 122880 126976
785 1 536576 540672
989 1 499712 503296
419 1 565248 581632
614 1 16384 20480
439 1 180224 188416
183 1 372736 376832
439 1 188416 192512
419 1 581632 585728
331 1 651264 655360
380 1 651264 655360
566 1 8192 12288
408 1 98304 114688
408 1 114688 118784
768 1 69632 73728
452 1 139264 143360
710 1 589824 593920
4 1 319488 327680
314 2 126976 131072 131072 155648
314 1 155648 159744
655 1 102400 106496
721 2 114688 131072 131072 167936
397 1 573440 585728
100 1 253952 258048
994 1 491520 503808
721 1 167936 172032
128 1 135168 139264
354 1 28672 32768
354 1 36864 40960
354 1 90112 94208
354 1 106496 110592
397 1 585728 589824
354 1 147456 151552
354 1 155648 159744
354 1 180224 184320
338 2 430080 458752 458752 487424
354 1 208896 217088
354 1 229376 233472
38 1 630784 634880
354 1 241664 245760
354 1 262144 266240
354 1 290816 294912
467 1 69632 81920
88 1 163840 167936
467 1 81920 86016
338 1 487424 491520
356 1 536576 544768
354 1 315392 319488
356 1 552960 557056
354 1 344064 348160
356 1 598016 602112
356 1 634880 638976
354 1 360448 368640
354 1 393216 397312
354 1 409600 413696
356 1 647168 655360
357 1 0 16384
357 1 32768 36864
357 1 57344 61440
357 1 69632 77824
357 1 114688 118784
357 1 126976 131072
354 1 421888 425984
357 1 159744 167936
354 1 438272 442368
354 1 450560 458752
354 1 507904 512000
357 1 180224 188416
357 1 217088 221184
354 1 520192 524288
354 1 561152 565248
354 1 569344 573440
18 1 65536 69632
354 1 606208 610304
354 1 614400 618496
354 1 647168 651264
355 1 0 4096
355 1 28672 32768
355 1 69632 73728
125 1 122880 126976
355 1 90112 94208
412 1 339968 360448
355 1 106496 110592
357 1 237568 245760
355 1 147456 151552
357 1 258048 262144
357 1 266240 274432
355 1 172032 180224
357 1 278528 286720
357 1 294912 299008
357 1 311296 315392
357 1 344064 348160
357 1 397312 401408
357 1 409600 413696
357 1 421888 425984
357 1 434176 438272
357 1 462848 466944
355 1 241664 249856
357 1 491520 499712
355 1 266240 270336
355 1 323584 327680
355 1 331776 339968
357 1 532480 536576
357 1 552960 557056
357 1 565248 569344
357 1 598016 602112
355 1 356352 364544
355 1 405504 413696
355 1 421888 425984
355 1 446464 458752
355 1 491520 499712
521 1 393216 397312
355 1 589824 593920
355 1 602112 606208
357 1 622592 626688
358 1 4096 8192
358 1 20480 24576
355 1 634880 643072
356 1 0 4096
358 1 53248 57344
356 1 8192 12288
358 1 94208 98304
356 1 57344 61440
358 1 147456 155648
356 1 73728 77824
358 1 167936 172032
456 1 331776 335872
358 1 180224 188416
356 1 86016 90112
358 1 262144 266240
358 1 274432 278528
358 1 311296 315392
358 1 339968 348160
358 1 372736 376832
358 1 458752 466944
360 1 24576 28672
358 1 471040 475136
364 1 204800 208896
364 1 212992 217088
360 1 77824 81920
356 1 94208 98304
450 1 335872 348160
356 1 110592 114688
360 1 98304 102400
356 2 122880 131072 131072 135168
356 1 143360 147456
356 1 237568 241664
360 1 421888 425984
356 1 262144 270336
358 1 483328 491520
750 1 561152 565248
356 1 376832 385024
358 1 516096 520192
356 1 389120 393216
360 1 430080 442368
358 1 532480 536576
356 1 434176 438272
358 1 544768 548864
358 1 561152 573440
360 1 630784 634880
358 1 589824 593920
361 1 430080 434176
356 1 507904 524288
721 1 172032 184320
358 1 630784 634880
359 1 45056 49152
359 1 57344 61440
346 1 335872 360448
359 1 73728 81920
712 1 434176 438272
713 1 307200 311296
707 1 507904 512000
225 1 446464 450560
359 1 110592 118784
708 1 303104 307200
359 1 126976 131072
359 2 192512 196608 196608 204800
366 1 208896 212992
709 1 573440 577536
710 1 192512 196608
359 1 229376 233472
359 1 274432 278528
232 1 167936 172032
359 1 290816 294912
359 1 311296 315392
232 1 225280 229376
359 1 335872 339968
359 1 344064 348160
359 1 352256 356352
882 1 569344 573440
359 1 380928 385024
359 1 409600 413696
359 1 425984 438272
359 2 450560 458752 458752 462848
721 1 184320 188416
359 1 540672 557056
359 1 598016 602112
237 1 581632 585728
359 1 610304 614400
232 1 237568 241664
6 1 360448 364544
359 1 622592 626688
7 1 245760 249856
705 1 204800 208896
227 1 167936 172032
233 1 585728 589824
228 1 126976 131072
229 1 45056 49152
234 1 192512 196608
234 1 516096 520192
235 1 315392 319488
235 1 487424 491520
235 1 507904 524288
229 1 212992 217088
11 1 442368 446464
229 1 430080 434176
236 1 0 4096
12 1 192512 196608
8 1 12288 16384
8 1 520192 524288
8 1 577536 581632
9 1 81920 86016
12 1 434176 438272
236 1 503808 512000
9 1 503808 507904
12 1 561152 565248
10 1 344064 348160
13 1 36864 40960
10 1 503808 507904
13 1 151552 155648
10 1 520192 524288
14 1 208896 212992
10 1 548864 552960
10 1 565248 569344
14 1 217088 225280
10 1 585728 589824
469 2 536576 589824 589824 630784
238 1 442368 446464
346 1 360448 364544
412 1 360448 364544
775 1 512000 524288
439 2 192512 196608 196608 221184
794 1 528384 544768
243 1 507904 512000
899 1 561152 569344
244 1 602112 606208
439 1 221184 225280
469 1 630784 634880
296 1 638976 643072
25 1 524288 532480
493 1 516096 520192
515 1 290816 311296
784 1 401408 405504
515 1 311296 315392
138 1 12288 16384
776 1 131072 135168
777 1 36864 45056
1 1 401408 405504
892 1 167936 172032
991 1 483328 487424
556 1 389120 393216
448 1 536576 548864
495 1 557056 561152
384 1 159744 163840
159 1 462848 466944
135 1 45056 49152
46 1 307200 311296
231 1 311296 315392
657 1 544768 548864
323 1 159744 163840
600 1 57344 61440
153 1 401408 405504
875 1 266240 270336
741 1 16384 20480
908 1 536576 540672
620 1 548864 557056
62 1 372736 376832
448 1 548864 552960
7 1 536576 540672
378 2 204800 262144 262144 294912
515 1 315392 323584
378 1 294912 299008
297 1 442368 446464
515 1 323584 327680
467 1 65536 77824
467 1 77824 81920
320 1 417792 425984
600 1 315392 319488
428 3 499712 524288 524288 589824 589824 606208
329 1 364544 389120
18 1 200704 204800
83 1 159744 163840
86 1 307200 311296
18 1 499712 503808
83 1 651264 655360
14 1 262144 266240
81 1 561152 565248
84 1 561152 565248
82 1 360448 364544
14 1 536576 540672
85 1 479232 483328
93 1 131072 135168
14 1 581632 585728
87 1 57344 61440
96 1 126976 131072
95 1 606208 610304
15 1 192512 196608
87 1 208896 212992
96 1 253952 258048
106 1 69632 73728
15 1 233472 237568
87 1 360448 364544
97 1 86016 90112
106 1 512000 516096
15 1 524288 528384
87 1 512000 516096
97 1 286720 290816
106 1 536576 540672
15 1 532480 536576
88 1 8192 12288
620 1 65536 69632
15 1 552960 557056
107 1 28672 32768
620 1 528384 532480
88 1 159744 163840
107 1 114688 118784
621 1 327680 331776
88 1 364544 368640
617 1 442368 446464
88 1 532480 536576
622 2 126976 131072 131072 135168
618 1 143360 147456
16 1 8192 12288
89 1 24576 28672
618 1 294912 299008
618 1 360448 364544
16 1 98304 102400
89 1 196608 200704
89 1 348160 352256
763 1 614400 618496
100 1 20480 24576
17 1 356352 360448
89 1 503808 507904
100 1 102400 106496
618 1 434176 438272
89 1 618496 622592
766 1 126976 131072
618 1 458752 462848
100 1 331776 344064
89 1 634880 638976
90 1 118784 122880
100 1 348160 352256
90 1 237568 241664
100 1 454656 458752
90 1 360448 364544
91 1 90112 94208
91 1 311296 315392
91 1 413696 417792
91 1 585728 589824
92 1 81920 86016
100 1 524288 528384
428 1 606208 610304
102 1 282624 286720
101 1 524288 528384
102 1 40960 45056
102 1 430080 434176
102 1 49152 57344
102 1 483328 487424
102 1 544768 548864
102 1 163840 167936
102 1 212992 217088
102 1 589824 593920
622 1 598016 602112
623 1 397312 401408
624 1 221184 225280
625 1 364544 368640
103 1 487424 491520
104 1 208896 212992
104 1 409600 413696
104 1 507904 512000
104 1 577536 581632
105 1 73728 77824
105 1 114688 118784
105 1 266240 270336
105 1 335872 339968
625 1 516096 520192
625 1 557056 561152
626 1 65536 69632
626 1 155648 167936
626 1 176128 180224
626 1 360448 364544
626 1 512000 516096
627 1 221184 225280
627 1 393216 397312
627 1 507904 512000
627 1 528384 532480
628 1 65536 69632
628 2 176128 196608 196608 225280
329 1 389120 393216
364 1 524288 536576
364 1 536576 540672
170 1 32768 36864
128 1 135168 139264
773 1 245760 249856
18 1 184320 188416
412 2 315392 327680 327680 348160
335 1 581632 585728
364 1 540672 548864
775 2 520192 524288 524288 544768
393 1 626688 638976
364 1 548864 552960
412 1 348160 352256
439 1 225280 245760
393 1 638976 643072
779 1 327680 331776
94 1 147456 151552
930 1 479232 483328
439 1 245760 249856
364 1 552960 561152
364 1 561152 565248
497 1 368640 372736
670 1 61440 65536
614 1 442368 446464
471 2 450560 458752 458752 487424
0 1 114688 118784
11 1 143360 147456
859 1 626688 630784
393 1 643072 655360
394 1 0 4096
459 1 16384 20480
394 1 4096 8192
925 2 323584 327680 327680 331776
769 1 196608 200704
25 1 565248 573440
978 1 172032 192512
441 2 217088 262144 262144 294912
116 1 548864 552960
978 1 172032 176128
441 1 294912 299008
980 1 94208 98304
980 1 106496 110592
978 1 167936 172032
982 1 360448 364544
978 1 172032 176128
459 1 16384 20480
825 1 622592 626688
409 1 618496 655360
410 2 0 65536 65536 69632
471 1 487424 491520
794 1 540672 565248
439 2 249856 262144 262144 270336
410 1 69632 73728
888 1 475136 479232
439 1 270336 274432
889 2 544768 589824 589824 610304
889 1 610304 614400
195 1 172032 176128
381 1 557056 561152
833 1 393216 397312
500 1 151552 163840
516 1 131072 135168
276 1 69632 73728
870 1 540672 544768
926 1 540672 544768
381 1 557056 561152
344 1 77824 81920
804 1 196608 212992
26 1 12288 16384
26 1 106496 110592
1 1 405504 409600
26 1 606208 610304
556 1 389120 393216
500 1 163840 167936
27 1 356352 360448
417 1 487424 491520
833 1 397312 401408
84 1 593920 598016
27 1 528384 532480
417 1 638976 643072
31 2 184320 196608 196608 200704
29 1 323584 327680
577 1 294912 303104
879 1 20480 24576
493 1 196608 200704
810 1 212992 217088
777 1 409600 413696
418 1 135168 139264
414 1 483328 487424
413 1 77824 81920
415 1 0 4096
866 1 557056 561152
777 1 417792 421888
415 1 208896 212992
777 1 434176 438272
418 1 286720 290816
413 1 229376 233472
416 1 532480 536576
418 1 438272 442368
876 1 532480 536576
417 1 32768 36864
413 1 380928 385024
777 1 573440 577536
417 1 184320 188416
413 1 532480 536576
417 1 335872 339968
439 1 274432 294912
414 1 28672 32768
414 1 196608 200704
496 1 155648 159744
402 1 589824 593920
879 1 389120 393216
430 1 282624 286720
439 1 294912 299008
417 1 376832 393216
42 1 495616 499712
491 1 249856 253952
49 1 577536 581632
417 1 393216 409600
43 1 159744 163840
769 1 647168 651264
46 1 307200 311296
43 1 479232 483328
42 1 512000 516096
50 1 155648 159744
44 1 135168 139264
50 1 487424 491520
42 1 532480 536576
44 1 290816 294912
46 1 401408 405504
756 1 540672 544768
47 1 0 4096
44 1 401408 405504
755 1 286720 290816
757 1 389120 393216
47 1 335872 339968
48 1 77824 81920
758 1 294912 299008
756 1 86016 90112
690 1 557056 561152
759 1 49152 53248
48 1 258048 262144
766 1 266240 270336
44 1 643072 647168
766 1 446464 450560
48 1 421888 425984
759 1 221184 225280
766 1 483328 487424
45 1 57344 61440
49 1 12288 16384
759 1 606208 610304
767 1 61440 65536
46 1 36864 40960
49 1 237568 241664
759 1 647168 651264
767 1 167936 172032
46 1 45056 49152
763 1 217088 221184
885 1 339968 344064
767 1 294912 299008
760 1 204800 208896
763 1 454656 458752
885 1 651264 655360
767 1 589824 593920
760 1 622592 626688
764 1 45056 49152
886 1 102400 106496
764 1 307200 311296
761 1 217088 221184
886 1 217088 221184
764 1 503808 507904
761 1 368640 372736
886 1 589824 593920
764 1 626688 630784
761 1 520192 524288
887 1 0 4096
765 1 151552 155648
762 1 28672 32768
887 1 90112 94208
765 1 303104 307200
762 1 180224 184320
887 1 212992 217088
765 1 438272 442368
762 1 331776 335872
417 1 409600 413696
887 1 303104 307200
765 1 520192 524288
762 1 569344 573440
765 1 634880 638976
763 1 65536 69632
491 1 180224 192512
887 1 430080 434176
887 1 643072 647168
888 1 114688 118784
888 1 290816 294912
766 1 114688 118784
888 1 479232 483328
891 1 258048 262144
888 1 487424 495616
891 1 475136 479232
892 1 0 4096
892 2 94208 131072 131072 143360
8 1 335872 348160
794 1 561152 585728
888 1 499712 503808
344 1 77824 81920
888 1 512000 516096
888 1 602112 606208
889 1 40960 45056
889 1 528384 532480
890 1 262144 266240
491 1 192512 196608
890 1 270336 274432
890 1 278528 282624
890 1 335872 339968
890 1 385024 389120
603 3 151552 196608 196608 262144 262144 274432
180 1 20480 24576
439 1 299008 319488
342 2 348160 393216 393216 401408
668 1 524288 528384
826 1 266240 270336
417 1 413696 421888
8 1 344064 348160
105 1 225280 233472
675 1 32768 36864
804 1 208896 229376
439 1 319488 323584
690 1 557056 561152
614 1 442368 446464
417 1 421888 425984
342 1 401408 405504
492 1 200704 204800
460 2 122880 131072 131072 196608
491 1 196608 204800
439 2 323584 327680 327680 344064
105 1 229376 233472
412 1 360448 385024
344 1 77824 81920
491 1 204800 208896
439 1 344064 348160
460 1 196608 200704
417 1 425984 438272
34 1 204800 208896
412 1 385024 389120
353 1 126976 131072
459 1 16384 20480
417 1 438272 442368
460 1 200704 208896
984 1 61440 65536
665 1 573440 577536
381 1 614400 626688
509 1 81920 90112
460 1 208896 212992
546 1 438272 446464
509 1 90112 114688
692 1 249856 262144
687 2 581632 589824 589824 598016
665 1 577536 585728
412 2 389120 393216 393216 397312
515 1 475136 487424
692 1 262144 299008
509 2 114688 131072 131072 139264
665 1 585728 589824
254 1 618496 622592
509 1 139264 163840
509 1 163840 180224
692 1 299008 327680
665 1 589824 630784
692 1 327680 360448
665 1 630784 638976
692 1 360448 376832
518 1 188416 192512
412 1 397312 401408
700 2 335872 393216 393216 413696
892 1 577536 581632
496 3 81920 131072 131072 196608 196608 245760
415 1 376832 380928
533 1 589824 593920
459 1 16384 20480
186 1 430080 434176
690 1 557056 561152
700 1 413696 417792
381 1 557056 565248
491 1 208896 217088
984 1 61440 65536
687 1 598016 655360
688 1 0 24576
344 6 274432 327680 327680 393216 393216 458752 458752 524288 524288 589824 589824 655360
345 2 0 65536 65536 110592
474 2 286720 327680 327680 352256
412 1 401408 409600
515 2 487424 524288 524288 528384
474 2 352256 393216 393216 417792
546 1 446464 450560
496 1 245760 249856
474 2 417792 458752 458752 471040
869 1 598016 602112
688 2 24576 65536 65536 94208
412 1 409600 413696
381 1 626688 630784
515 1 528384 569344
546 1 450560 454656
474 1 471040 475136
688 2 94208 131072 131072 167936
219 1 491520 503808
436 1 602112 606208
677 1 462848 466944
345 1 110592 114688
509 2 180224 196608 196608 229376
515 2 569344 589824 589824 614400
692 2 376832 393216 393216 434176
688 2 167936 196608 196608 212992
847 1 327680 331776
692 1 438272 454656
603 1 274432 278528
505 3 180224 196608 196608 262144 262144 270336
515 1 614400 651264
764 1 315392 319488
439 1 102400 122880
546 1 454656 458752
30 1 372736 376832
688 2 212992 262144 262144 282624
369 2 258048 262144 262144 274432
785 1 647168 651264
505 1 270336 274432
688 2 286720 327680 327680 389120
369 1 274432 278528
515 1 651264 655360
516 2 0 65536 65536 81920
439 1 122880 126976
491 1 217088 221184
688 1 385024 389120
692 1 450560 454656
474 1 475136 516096
465 1 393216 397312
401 2 286720 327680 327680 331776
763 1 618496 622592
886 1 208896 212992
634 1 118784 122880
442 1 114688 118784
778 1 245760 249856
639 1 81920 86016
401 1 331776 335872
363 1 622592 638976
393 3 258048 262144 262144 327680 327680 344064
474 1 516096 520192
363 1 638976 643072
393 1 344064 348160
583 1 409600 413696
787 1 507904 512000
381 1 561152 565248
618 1 339968 348160
643 1 299008 303104
613 1 90112 94208
393 1 348160 385024
814 1 499712 503808
413 1 389120 393216
393 1 385024 389120
775 1 540672 569344
439 1 348160 368640
58 1 114688 118784
439 1 368640 372736
19 1 434176 442368
602 1 258048 262144
794 1 581632 589824
157 1 270336 274432
439 1 372736 393216
439 1 393216 397312
751 3 180224 196608 196608 262144 262144 266240
767 1 520192 524288
896 1 12288 16384
751 1 266240 270336
926 1 385024 389120
916 1 557056 561152
908 1 126976 131072
904 1 217088 221184
908 1 274432 278528
904 1 483328 487424
904 1 651264 655360
905 1 245760 249856
905 1 413696 417792
381 1 561152 565248
905 1 512000 516096
906 1 212992 217088
906 1 274432 278528
715 1 307200 311296
906 1 286720 290816
906 1 348160 352256
906 1 487424 491520
906 1 524288 528384
907 1 114688 118784
468 2 278528 327680 327680 352256
496 2 249856 262144 262144 278528
690 1 557056 561152
915 1 393216 397312
911 1 147456 155648
937 1 8192 12288
911 1 163840 172032
908 1 335872 339968
444 1 344064 360448
911 1 331776 335872
913 1 458752 462848
908 1 471040 475136
909 1 258048 262144
911 1 405504 409600
629 1 81920 86016
913 1 475136 479232
478 1 483328 495616
909 1 573440 585728
913 1 528384 536576
911 1 425984 430080
911 1 442368 446464
909 1 593920 602112
911 1 458752 462848
911 1 475136 479232
440 2 548864 589824 589824 630784
911 1 557056 561152
911 1 634880 638976
912 1 28672 32768
912 1 94208 98304
912 1 102400 114688
912 1 118784 126976
372 1 28672 40960
444 1 360448 364544
496 1 278528 282624
912 1 131072 139264
912 1 143360 151552
912 1 176128 180224
912 1 237568 241664
912 1 458752 462848
913 1 81920 86016
913 1 102400 106496
913 1 122880 126976
468 1 352256 356352
512 1 323584 327680
478 1 495616 499712
913 1 139264 143360
913 1 155648 159744
372 1 40960 45056
913 1 172032 176128
913 1 188416 192512
913 1 204800 208896
688 1 253952 258048
913 1 331776 335872
440 1 630784 634880
381 1 561152 565248
952 1 495616 503808
543 2 102400 131072 131072 135168
721 2 188416 196608 196608 258048
543 1 135168 139264
721 1 258048 262144
483 1 638976 643072
926 1 385024 389120
543 1 139264 147456
543 1 147456 151552
926 1 385024 389120
543 1 151552 159744
543 1 159744 163840
833 1 393216 401408
528 1 475136 483328
495 1 544768 548864
1 1 405504 409600
777 1 118784 122880
832 1 49152 53248
155 1 557056 561152
60 1 643072 647168
384 1 598016 602112
154 1 606208 610304
430 1 303104 307200
255 1 151552 155648
804 1 225280 237568
491 1 221184 229376
439 1 397312 417792
491 1 229376 233472
483 1 638976 643072
439 1 417792 421888
381 1 561152 565248
472 1 446464 450560
794 2 585728 589824 589824 593920
381 1 561152 565248
439 1 421888 442368
804 1 233472 253952
439 1 442368 446464
381 1 561152 573440
439 2 446464 458752 458752 466944
439 1 466944 471040
990 1 569344 573440
1 1 401408 405504
833 1 393216 397312
117 1 45056 49152
556 1 389120 393216
859 1 102400 106496
776 1 327680 331776
485 1 393216 397312
777 1 122880 126976
486 1 86016 90112
162 1 430080 434176
439 1 212992 221184
265 1 442368 446464
721 1 262144 294912
493 1 270336 274432
769 1 442368 446464
769 1 528384 532480
770 1 405504 409600
46 1 274432 278528
46 1 299008 303104
866 1 241664 245760
600 1 57344 61440
153 1 454656 458752
721 1 294912 299008
512 1 327680 331776
690 1 557056 565248
491 1 233472 241664
721 2 299008 327680 327680 331776
998 1 278528 282624
217 1 266240 270336
721 1 331776 335872
931 1 602112 606208
381 1 565248 569344
794 1 589824 610304
775 1 565248 577536
344 4 0 65536 65536 131072 131072 196608 196608 229376
340 2 532480 589824 589824 655360
341 7 0 65536 65536 131072 131072 196608 196608 262144 262144 327680 327680 393216 393216 397312
439 1 471040 499712
381 1 565248 569344
439 1 499712 503808
567 1 40960 45056
931 1 606208 610304
341 4 397312 458752 458752 524288 524288 589824 589824 655360
342 4 0 65536 65536 131072 131072 196608 196608 258048
401 1 487424 499712
401 1 499712 503808
342 7 258048 262144 262144 327680 327680 393216 393216 458752 458752 524288 524288 589824 589824 655360
343 2 0 65536 65536 118784
262 1 200704 204800
794 1 606208 614400
817 1 303104 307200
343 9 118784 131072 131072 196608 196608 262144 262144 327680 327680 393216 393216 458752 458752 524288 524288 589824 589824 634880
493 1 270336 286720
343 1 634880 655360
439 1 503808 524288
493 1 286720 290816
439 1 524288 528384
491 1 241664 245760
1 1 393216 401408
555 1 151552 155648
833 1 393216 397312
833 1 401408 405504
555 1 159744 163840
555 1 196608 200704
395 1 528384 532480
555 1 262144 266240
942 1 421888 425984
555 1 454656 458752
773 1 319488 323584
880 1 49152 53248
606 1 393216 397312
880 1 229376 233472
777 1 409600 413696
832 1 20480 24576
832 1 65536 69632
832 1 151552 155648
972 1 253952 258048
939 1 167936 172032
940 1 126976 131072
769 1 454656 458752
690 1 561152 565248
770 1 397312 401408
71 1 274432 278528
775 1 573440 581632
491 1 245760 253952
791 1 200704 204800
439 1 528384 548864
491 1 253952 258048
353 1 589824 610304
439 1 548864 552960
353 1 610304 614400
1 1 397312 401408
556 1 389120 393216
776 1 577536 581632
832 1 53248 57344
690 1 561152 565248
777 1 135168 143360
856 1 286720 290816
493 1 0 4096
637 1 262144 266240
876 1 552960 557056
381 1 565248 569344
491 2 258048 262144 262144 266240
157 1 253952 258048
196 1 16384 20480
833 1 397312 405504
773 1 327680 331776
491 1 266240 270336
363 1 143360 172032
472 1 450560 454656
381 1 565248 569344
363 1 172032 176128
690 1 561152 565248
159 1 466944 471040
159 1 479232 483328
491 1 270336 278528
721 1 335872 380928
502 1 356352 360448
989 1 503296 507392
491 1 278528 282624
721 1 380928 385024
926 1 606208 610304
654 1 421888 425984
472 1 454656 458752
1 1 397312 401408
556 1 389120 393216
833 1 393216 397312
776 1 327680 331776
832 1 53248 65536
833 1 401408 405504
879 1 389120 393216
776 1 352256 356352
833 1 389120 393216
60 1 638976 643072
879 1 393216 397312
880 1 77824 81920
155 1 565248 569344
493 1 196608 200704
989 1 507392 510976
770 1 397312 401408
770 1 405504 409600
890 1 602112 606208
568 1 57344 61440
721 1 385024 393216
721 1 393216 438272
807 1 315392 319488
831 1 299008 307200
721 1 438272 442368
926 1 544768 548864
1 1 401408 405504
555 1 286720 290816
50 1 368640 372736
59 1 540672 544768
46 1 278528 282624
353 1 491520 495616
541 1 303104 307200
302 1 389120 393216
275 1 151552 155648
302 1 397312 401408
869 1 610304 614400
275 1 196608 200704
276 1 118784 122880
472 1 458752 462848
403 1 364544 368640
277 1 20480 24576
277 1 581632 585728
278 1 237568 241664
276 1 163840 167936
279 1 495616 499712
276 1 278528 282624
378 1 475136 479232
280 1 12288 16384
381 1 262144 266240
980 1 565248 569344
382 1 217088 221184
385 1 397312 401408
983 1 229376 233472
280 1 315392 319488
385 1 548864 552960
386 1 45056 49152
983 1 569344 573440
280 2 581632 589824 589824 602112
386 1 217088 221184
617 1 90112 94208
281 1 98304 102400
386 1 380928 385024
985 1 548864 552960
387 1 249856 253952
986 1 466944 471040
987 1 28672 32768
387 1 577536 581632
987 1 344064 348160
388 1 28672 32768
727 1 614400 618496
987 1 528384 532480
388 1 565248 569344
382 1 425984 430080
383 1 24576 28672
383 1 466944 471040
388 1 618496 622592
385 1 241664 245760
389 1 12288 16384
389 1 65536 69632
388 1 352256 356352
389 1 118784 122880
302 1 393216 397312
389 1 167936 172032
989 1 229376 237568
389 1 266240 270336
389 1 315392 319488
721 2 442368 458752 458752 495616
988 1 24576 28672
389 1 454656 458752
988 1 176128 180224
389 1 503808 507904
389 1 557056 561152
418 1 442368 454656
672 1 151552 155648
372 1 65536 73728
363 1 536576 552960
726 1 196608 200704
749 1 49152 53248
513 1 581632 585728
988 1 327680 331776
988 1 479232 483328
883 2 28672 65536 65536 81920
721 1 495616 499712
381 1 565248 569344
363 1 552960 557056
849 1 507904 520192
418 1 454656 458752
849 1 520192 524288
883 1 81920 86016
514 1 516096 520192
690 1 561152 565248
381 1 565248 569344
299 1 131072 135168
351 1 237568 258048
191 1 471040 475136
438 1 495616 507904
351 1 258048 262144
721 2 499712 524288 524288 561152
438 1 507904 512000
927 1 131072 139264
721 1 561152 565248
767 1 180224 184320
251 1 294912 299008
53 1 4096 12288
609 3 61440 65536 65536 131072 131072 188416
3 1 475136 491520
865 1 389120 393216
674 1 520192 524288
85 1 61440 65536
609 1 188416 192512
332 2 45056 65536 65536 106496
369 1 364544 376832
332 1 106496 110592
191 1 471040 475136
369 1 376832 380928
491 1 282624 290816
721 2 565248 589824 589824 602112
491 1 290816 294912
721 1 602112 606208
879 1 81920 86016
20 1 643072 647168
690 1 561152 565248
381 1 565248 569344
491 1 294912 303104
491 1 303104 307200
701 1 364544 368640
381 1 565248 569344
690 1 561152 565248
491 1 307200 315392
122 1 548864 557056
835 1 487424 495616
325 1 401408 405504
328 1 622592 643072
425 1 462848 466944
539 1 188416 192512
472 1 462848 466944
63 1 196608 200704
132 1 118784 122880
465 1 598016 655360
466 1 0 12288
328 1 643072 647168
466 1 12288 16384
191 1 471040 475136
721 1 606208 651264
491 1 438272 454656
782 1 557056 561152
93 1 131072 135168
691 1 106496 110592
617 1 319488 323584
463 2 16384 65536 65536 69632
513 1 233472 237568
671 1 86016 90112
721 1 651264 655360
475 2 532480 589824 589824 655360
476 1 0 16384
463 1 69632 73728
918 1 167936 176128
489 1 356352 360448
505 1 270336 315392
845 3 151552 196608 196608 262144 262144 266240
472 1 466944 471040
393 2 389120 393216 393216 434176
484 1 253952 258048
505 1 315392 319488
930 1 163840 167936
691 1 110592 114688
191 1 471040 475136
476 1 16384 20480
393 1 434176 438272
845 1 266240 270336
722 2 0 65536 65536 69632
687 1 405504 409600
134 1 622592 626688
463 1 73728 98304
488 1 40960 45056
429 1 626688 655360
430 1 0 53248
156 1 24576 28672
722 1 69632 73728
463 1 98304 102400
393 2 438272 458752 458752 471040
491 1 315392 319488
430 1 53248 57344
612 1 221184 241664
409 1 622592 634880
393 1 471040 475136
381 1 565248 569344
472 1 471040 475136
409 1 634880 638976
156 1 28672 32768
519 1 614400 618496
191 1 471040 475136
381 1 565248 569344
722 1 73728 131072
393 1 475136 503808
620 1 475136 483328
393 1 503808 507904
722 1 131072 135168
111 1 0 4096
244 1 606208 610304
488 1 40960 45056
393 2 507904 524288 524288 536576
393 1 536576 540672
472 1 475136 479232
191 1 471040 475136
372 1 495616 524288
722 2 135168 196608 196608 200704
1 1 393216 397312
833 1 393216 405504
603 1 339968 348160
556 1 389120 393216
776 1 327680 331776
238 1 442368 446464
722 1 200704 204800
825 1 622592 626688
495 1 544768 548864
776 1 376832 380928
879 1 16384 20480
832 1 28672 36864
832 1 57344 61440
832 1 65536 69632
833 1 389120 393216
866 1 200704 204800
688 1 258048 262144
971 1 466944 471040
61 1 258048 262144
265 1 442368 446464
819 1 20480 24576
472 1 479232 483328
494 1 258048 262144
547 1 593920 606208
494 1 262144 303104
805 1 53248 57344
154 1 602112 606208
472 1 483328 487424
991 1 49152 53248
991 1 143360 147456
449 1 462848 479232
965 1 389120 393216
273 1 204800 208896
372 1 524288 528384
191 1 471040 475136
722 2 204800 262144 262144 270336
494 1 303104 307200
658 1 544768 552960
213 1 217088 221184
449 1 479232 483328
393 2 540672 589824 589824 593920
722 1 270336 274432
442 1 253952 258048
763 1 507904 512000
576 1 651264 655360
401 1 380928 393216
655 1 200704 208896
519 1 319488 323584
677 1 221184 249856
679 1 40960 45056
393 1 593920 598016
577 1 0 4096
655 1 208896 212992
684 1 643072 655360
685 1 0 49152
710 1 589824 593920
655 1 212992 233472
685 2 49152 65536 65536 110592
677 2 249856 262144 262144 282624
401 4 393216 458752 458752 524288 524288 589824 589824 602112
381 1 565248 573440
775 2 577536 589824 589824 606208
685 2 110592 131072 131072 172032
974 1 282624 286720
655 1 233472 237568
677 1 282624 311296
685 2 172032 196608 196608 233472
393 1 598016 618496
677 2 311296 327680 327680 339968
677 1 364544 385024
439 1 552960 573440
974 1 286720 290816
346 1 434176 438272
393 1 618496 622592
576 1 8192 12288
677 1 339968 364544
191 1 471040 475136
677 2 385024 393216 393216 413696
472 1 487424 491520
381 1 569344 573440
226 1 544768 548864
677 2 417792 458752 458752 479232
439 1 573440 577536
677 1 483328 503808
677 1 528384 589824
393 1 622592 655360
394 1 0 4096
401 1 602112 606208
394 1 4096 49152
677 1 499712 503808
751 1 643072 647168
722 2 274432 327680 327680 339968
394 1 49152 53248
394 2 53248 65536 65536 86016
394 1 86016 90112
722 1 339968 344064
761 1 348160 352256
493 1 516096 520192
549 1 290816 299008
459 1 45056 49152
512 1 331776 335872
191 1 471040 475136
722 2 344064 393216 393216 430080
783 1 397312 401408
381 1 569344 573440
722 1 430080 434176
472 1 491520 495616
381 1 569344 573440
25 1 569344 573440
191 1 471040 475136
722 2 434176 458752 458752 491520
952 1 499712 503808
880 1 131072 135168
331 1 49152 57344
722 1 491520 495616
428 1 610304 655360
429 2 0 65536 65536 81920
198 1 12288 24576
483 1 638976 643072
869 1 581632 585728
327 1 294912 311296
318 1 159744 188416
197 1 122880 126976
429 1 81920 86016
430 2 57344 65536 65536 73728
319 2 311296 327680 327680 385024
339 1 90112 102400
876 1 548864 557056
339 1 102400 106496
542 1 647168 651264
60 1 442368 446464
319 1 385024 389120
496 3 282624 327680 327680 393216 393216 458752
493 2 290816 327680 327680 360448
541 1 331776 335872
688 1 262144 266240
845 2 270336 327680 327680 339968
318 1 188416 192512
493 1 360448 364544
331 1 57344 61440
763 1 622592 626688
845 1 339968 344064
496 1 458752 462848
483 1 638976 643072
876 1 548864 552960
381 1 569344 573440
493 1 364544 372736
344 7 225280 262144 262144 327680 327680 393216 393216 458752 458752 524288 524288 589824 589824 655360
345 2 0 65536 65536 90112
493 1 372736 376832
866 1 528384 532480
113 1 483328 491520
429 2 86016 131072 131072 139264
752 1 507904 516096
744 1 98304 102400
61 1 192512 196608
381 1 569344 573440
380 1 139264 143360
451 2 258048 262144 262144 303104
505 1 331776 344064
919 1 311296 315392
761 1 307200 311296
493 1 376832 385024
429 1 139264 143360
430 1 73728 77824
345 9 90112 131072 131072 196608 196608 262144 262144 327680 327680 393216 393216 458752 458752 524288 524288 589824 589824 606208
451 1 303104 307200
493 1 385024 389120
505 1 344064 348160
908 1 581632 589824
90 1 245760 249856
345 1 606208 655360
346 8 0 65536 65536 131072 131072 196608 196608 262144 262144 327680 327680 393216 393216 458752 458752 475136
406 1 270336 274432
484 1 253952 258048
346 2 475136 524288 524288 565248
767 1 520192 524288
429 2 143360 196608 196608 245760
772 1 393216 397312
123 1 151552 155648
1 1 401408 405504
492 1 569344 573440
771 1 499712 503808
976 1 299008 303104
49 1 548864 552960
49 1 557056 561152
429 1 245760 249856
331 2 61440 65536 65536 73728
381 1 569344 573440
851 1 491520 495616
465 1 393216 397312
440 1 16384 20480
431 1 90112 102400
437 1 364544 376832
719 1 622592 626688
989 1 510976 515072
794 1 610304 638976
1 1 401408 409600
319 1 409600 421888
392 1 12288 16384
437 1 376832 380928
67 1 458752 462848
556 1 389120 393216
856 1 405504 409600
777 1 356352 360448
833 1 397312 405504
493 1 0 4096
230 1 393216 397312
934 1 69632 73728
879 1 20480 32768
769 1 454656 458752
21 1 524288 528384
406 1 270336 274432
159 1 462848 471040
56 1 180224 184320
11 1 20480 24576
769 1 536576 540672
47 1 122880 126976
842 1 155648 159744
879 1 360448 364544
46 1 315392 319488
439 2 577536 589824 589824 598016
323 1 155648 159744
430 1 307200 311296
338 2 4096 65536 65536 77824
319 1 421888 425984
372 2 188416 196608 196608 200704
439 1 598016 602112
845 1 339968 344064
768 1 65536 69632
739 1 491520 499712
331 1 73728 77824
338 1 77824 81920
