#StripeID,rangenumber,BlockOffsetStart,BlockOffsetEnd
67 2 258048 262144 262144 266240
506 1 262144 266240
307 1 606208 655360
308 1 0 4096
308 1 4096 8192
102 1 86016 90112
169 1 372736 393216
169 1 393216 454656
430 2 450560 458752 458752 462848
860 1 172032 188416
169 1 454656 458752
430 1 462848 466944
506 1 266240 286720
506 1 286720 290816
860 2 184320 196608 196608 200704
156 1 237568 253952
582 1 352256 360448
506 1 290816 311296
308 1 8192 57344
429 1 368640 393216
506 1 311296 315392
667 1 344064 348160
308 1 57344 61440
429 1 393216 397312
169 1 458752 466944
169 1 466944 471040
667 1 344064 348160
169 1 471040 479232
169 1 479232 483328
308 2 61440 65536 65536 102400
726 1 376832 380928
872 2 237568 262144 262144 266240
239 1 593920 598016
308 1 102400 106496
506 2 315392 327680 327680 335872
506 1 335872 339968
475 1 532480 540672
786 1 552960 557056
506 1 339968 348160
284 1 479232 483328
506 1 348160 352256
517 1 421888 425984
352 1 32768 36864
635 1 102400 106496
892 2 454656 458752 458752 483328
724 1 327680 393216
308 2 106496 131072 131072 147456
506 1 352256 372736
311 1 184320 188416
332 1 32768 49152
308 1 147456 151552
506 1 372736 376832
332 1 49152 53248
1 1 393216 397312
1 1 401408 405504
872 1 262144 286720
1 1 417792 421888
219 1 77824 81920
492 1 528384 532480
219 1 184320 188416
492 1 589824 593920
396 1 192512 196608
493 1 0 4096
494 1 299008 323584
396 1 405504 409600
494 1 241664 245760
548 1 147456 151552
22 1 339968 344064
23 1 69632 73728
793 1 200704 221184
842 1 57344 65536
506 2 376832 393216 393216 397312
512 1 53248 57344
506 1 397312 401408
589 1 544768 552960
739 1 491520 495616
57 1 81920 86016
308 2 151552 196608 196608 204800
892 1 479232 507904
739 1 483328 487424
308 1 204800 208896
506 1 401408 421888
506 1 421888 425984
926 1 204800 208896
1 1 397312 401408
278 1 319488 323584
91 1 270336 274432
296 1 0 4096
198 1 393216 397312
615 1 401408 405504
206 1 163840 164864
778 1 634880 643072
206 1 147456 148992
343 1 36864 40448
308 1 208896 253952
869 1 32768 36864
308 1 253952 258048
872 1 282624 311296
506 1 425984 446464
809 1 282624 290816
506 1 446464 450560
872 1 307200 315392
727 1 487424 491520
506 2 450560 458752 458752 471040
506 1 471040 475136
872 1 311296 319488
308 3 258048 262144 262144 327680 327680 339968
506 1 475136 495616
308 1 339968 344064
798 1 368640 376832
506 1 495616 499712
506 1 499712 520192
506 1 520192 524288
190 1 106496 110592
223 1 405504 413696
871 1 188416 192512
940 1 65536 73728
506 1 524288 544768
416 1 4096 8192
506 1 544768 548864
363 1 552960 557056
189 1 376832 380928
716 1 503808 507904
867 1 372736 376832
308 2 344064 393216 393216 442368
354 1 282624 290816
308 1 442368 446464
443 1 573440 589824
443 1 589824 593920
925 1 335872 339968
506 1 548864 557056
506 1 557056 561152
994 1 512000 516096
439 1 262144 270336
28 1 286720 290816
846 1 593920 598016
847 1 458752 466944
308 3 446464 458752 458752 524288 524288 532480
308 1 532480 536576
662 1 249856 253952
331 1 110592 114688
308 2 536576 589824 589824 614400
308 1 614400 618496
409 1 385024 389120
872 1 315392 327680
506 1 561152 581632
308 1 618496 655360
309 1 0 40960
506 1 581632 585728
495 1 442368 446464
309 1 40960 45056
872 2 323584 327680 327680 335872
506 2 585728 589824 589824 606208
506 1 606208 610304
926 1 184320 188416
942 1 585728 589824
832 1 331776 335872
325 1 90112 94208
325 1 147456 151552
325 1 155648 159744
149 1 630784 634880
199 2 552960 589824 589824 598016
149 1 192512 196608
149 1 495616 499712
309 2 45056 65536 65536 90112
271 1 204800 208896
189 1 4096 8192
316 1 446464 450560
876 1 413696 417792
309 1 90112 94208
872 1 331776 360448
438 2 380928 393216 393216 397312
506 1 610304 630784
506 1 630784 634880
438 1 397312 401408
368 1 159744 163840
309 2 94208 131072 131072 135168
309 1 135168 139264
872 1 356352 380928
506 1 634880 655360
507 1 0 4096
680 1 57344 61440
242 1 237568 245760
309 1 139264 192512
309 1 192512 196608
872 1 376832 385024
732 1 565248 569344
507 1 4096 24576
507 1 24576 28672
872 1 380928 389120
655 1 155648 163840
507 1 28672 49152
309 1 196608 249856
507 1 49152 53248
309 1 249856 253952
138 1 311296 319488
442 2 176128 196608 196608 225280
442 1 225280 229376
249 1 438272 446464
309 2 253952 262144 262144 303104
22 1 262144 270336
979 1 172032 184320
22 1 274432 278528
197 1 577536 581632
197 1 430080 434176
960 1 471040 475136
197 1 512000 516096
197 1 573440 577536
209 1 491520 495616
208 1 524288 528384
209 1 643072 647168
209 1 20480 24576
218 1 143360 147456
219 1 90112 94208
209 1 172032 176128
210 1 176128 180224
210 1 503808 507904
212 1 610304 614400
209 1 323584 327680
251 1 270336 274432
211 1 65536 69632
213 1 106496 110592
211 1 479232 483328
213 1 258048 262144
233 1 122880 126976
212 1 4096 8192
347 1 135168 139264
212 1 155648 159744
212 1 307200 311296
218 1 65536 69632
212 1 458752 462848
218 1 364544 368640
223 1 188416 196608
197 1 577536 581632
979 1 180224 184320
309 1 303104 307200
175 1 479232 483328
317 1 606208 614400
698 1 102400 110592
698 1 122880 126976
735 1 401408 405504
317 1 614400 618496
707 1 630784 634880
309 2 307200 327680 327680 372736
839 1 110592 114688
763 1 241664 243712
309 1 372736 376832
742 1 143360 147456
364 1 176128 180224
399 2 135168 196608 196608 217088
309 2 376832 393216 393216 425984
399 1 217088 221184
309 1 425984 430080
985 2 61440 65536 65536 69632
672 1 249856 253952
272 1 323584 327680
65 1 569344 573440
812 1 65536 69632
23 1 40960 45056
352 1 319488 323584
956 1 45056 49152
891 1 167936 172032
939 1 225280 229376
37 1 647168 655360
879 1 32768 36864
672 1 458752 462848
260 2 512000 524288 524288 544768
754 1 503808 512000
933 1 45056 49152
413 4 192512 196608 196608 262144 262144 327680 327680 331776
127 1 143360 147456
513 1 8192 12288
413 1 331776 335872
510 1 208896 212992
265 1 53248 57344
309 2 430080 458752 458752 495616
309 1 495616 499712
755 1 155648 172032
863 1 503808 507904
47 1 380928 385024
772 1 73728 81920
727 2 360448 393216 393216 409600
308 1 614400 618496
727 1 409600 413696
781 1 303104 307200
352 2 245760 262144 262144 307200
352 1 307200 311296
533 1 454656 458752
285 1 274432 278528
285 1 282624 286720
860 1 196608 212992
507 2 53248 65536 65536 73728
507 1 73728 77824
642 2 188416 196608 196608 245760
642 1 245760 249856
860 1 208896 221184
507 1 77824 98304
872 2 385024 393216 393216 409600
507 1 98304 102400
507 1 102400 122880
507 1 122880 126976
93 2 102400 131072 131072 188416
500 1 45056 49152
817 1 167936 172032
860 1 217088 233472
198 1 540672 544768
507 1 131072 147456
507 1 126976 131072
93 1 188416 192512
507 1 147456 151552
225 1 516096 520192
287 1 585728 589824
860 1 229376 245760
507 1 151552 172032
507 1 172032 176128
440 2 524288 589824 589824 606208
440 1 606208 610304
158 1 61440 65536
16 1 610304 614400
868 1 73728 77824
781 1 303104 307200
765 1 507904 512000
500 3 380928 393216 393216 458752 458752 495616
197 1 430080 434176
197 1 512000 516096
979 1 180224 188416
209 1 491520 495616
209 1 643072 647168
500 1 495616 499712
210 1 176128 180224
208 1 524288 528384
210 1 503808 507904
209 1 20480 24576
251 1 270336 274432
209 1 172032 176128
211 1 65536 69632
209 1 323584 327680
211 1 479232 483328
212 1 4096 8192
212 1 155648 159744
212 1 610304 614400
212 1 307200 311296
213 1 106496 110592
233 1 122880 126976
212 1 458752 462848
223 1 188416 196608
213 1 258048 262144
347 1 135168 139264
22 1 262144 278528
500 1 524288 536576
500 1 499712 524288
545 1 204800 208896
500 1 536576 540672
240 2 0 65536 65536 98304
892 1 524288 532480
892 1 503808 524288
873 1 536576 540672
869 1 483328 487424
429 1 397312 409600
507 1 176128 196608
429 1 409600 413696
507 1 196608 200704
877 1 303104 319488
429 1 413696 430080
429 1 430080 434176
41 2 520192 524288 524288 536576
500 1 540672 577536
500 1 577536 581632
197 1 577536 581632
218 1 131072 135168
251 1 270336 274432
500 2 581632 589824 589824 618496
208 1 524288 528384
223 1 188416 192512
210 1 503808 507904
211 1 65536 69632
209 1 20480 24576
212 1 4096 8192
209 1 172032 176128
212 1 610304 614400
209 1 491520 495616
209 1 323584 327680
213 1 106496 110592
209 1 643072 647168
212 1 155648 159744
213 1 258048 262144
230 1 245760 249856
212 1 307200 311296
212 1 458752 462848
197 1 430080 434176
197 1 512000 516096
210 1 176128 180224
211 1 479232 483328
223 1 192512 196608
222 1 438272 442368
500 1 618496 622592
852 1 630784 638976
872 1 405504 425984
507 1 200704 221184
507 1 221184 225280
309 2 499712 524288 524288 585728
309 1 585728 589824
500 1 622592 655360
501 1 0 4096
501 1 4096 8192
248 1 262144 278528
248 1 475136 491520
243 2 442368 458752 458752 475136
872 1 421888 434176
501 1 8192 40960
648 1 466944 471040
507 1 225280 245760
834 1 114688 126976
842 1 151552 155648
501 1 40960 45056
507 1 245760 249856
97 1 82944 101376
208 1 524288 528384
209 1 491520 495616
209 1 20480 24576
209 1 643072 647168
209 1 172032 176128
210 1 176128 180224
210 1 503808 507904
251 1 270336 274432
209 1 323584 327680
211 1 65536 69632
219 1 135168 139264
211 1 479232 483328
222 1 8192 12288
212 1 4096 8192
212 1 155648 159744
223 1 188416 196608
233 1 122880 126976
197 1 430080 434176
347 1 135168 139264
197 1 512000 516096
197 1 577536 585728
212 1 307200 311296
217 1 557056 561152
212 1 610304 614400
212 1 458752 462848
213 1 106496 110592
22 1 266240 270336
22 1 274432 278528
213 1 258048 262144
222 1 430080 434176
219 1 520192 524288
233 1 126976 131072
51 1 249856 258048
309 1 589824 655360
310 1 0 24576
564 1 610304 614400
310 1 24576 28672
31 1 303104 319488
341 1 425984 434176
501 2 45056 65536 65536 73728
341 1 434176 438272
501 1 73728 77824
501 1 77824 110592
972 1 421888 430080
501 1 110592 114688
310 2 28672 65536 65536 102400
224 1 589824 593920
662 1 253952 258048
310 1 102400 106496
66 1 393216 397312
66 1 524288 528384
75 1 131072 135168
75 1 143360 147456
75 1 151552 155648
75 1 184320 188416
74 1 262144 274432
66 1 532480 544768
79 1 69632 73728
75 1 200704 208896
79 1 81920 86016
75 1 212992 217088
75 1 311296 315392
75 1 319488 323584
75 1 401408 405504
75 1 409600 413696
75 1 417792 421888
75 1 425984 430080
76 1 57344 61440
403 2 585728 589824 589824 593920
872 1 430080 446464
66 1 425984 430080
403 1 593920 598016
507 2 249856 262144 262144 270336
815 1 118784 131072
759 1 638976 643072
507 1 270336 274432
872 1 442368 458752
507 1 274432 294912
507 1 294912 299008
22 1 614400 618496
898 1 49152 53248
428 1 479232 487424
310 2 106496 131072 131072 159744
310 1 159744 163840
898 1 49152 53248
102 1 540672 544768
898 1 49152 53248
310 2 163840 196608 196608 208896
310 1 208896 212992
625 1 114688 118784
140 1 290816 294912
445 3 360448 393216 393216 458752 458752 475136
0 1 581632 585728
228 1 450560 458752
310 1 212992 262144
310 1 262144 266240
350 1 557056 569344
445 1 475136 479232
310 1 266240 270336
403 3 258048 262144 262144 327680 327680 364544
403 1 364544 368640
169 2 258048 262144 262144 323584
727 1 618496 622592
310 2 270336 327680 327680 335872
169 1 323584 327680
898 1 49152 57344
310 1 335872 339968
214 1 270336 274432
898 1 53248 57344
337 1 151552 155648
310 2 339968 393216 393216 401408
310 1 401408 405504
784 1 45056 49152
66 1 524288 528384
66 1 532480 544768
74 1 262144 274432
79 1 69632 73728
924 1 610304 614400
768 1 40960 45056
429 1 397312 401408
66 1 393216 397312
75 1 131072 135168
66 1 425984 430080
75 1 143360 147456
75 1 151552 155648
79 1 81920 86016
75 1 184320 188416
75 1 200704 208896
75 1 217088 221184
75 1 311296 315392
75 1 319488 323584
75 1 401408 405504
75 1 409600 413696
75 1 417792 421888
75 1 425984 430080
76 1 57344 61440
79 1 184320 196608
898 1 53248 57344
363 1 184320 188416
310 2 405504 458752 458752 483328
310 1 483328 487424
898 1 53248 57344
167 1 212992 217088
454 1 40960 45056
923 1 528384 532480
727 1 196608 249856
310 2 487424 524288 524288 561152
727 1 249856 253952
310 1 561152 565248
872 2 454656 458752 458752 471040
507 1 299008 319488
507 1 319488 323584
197 1 430080 434176
197 1 512000 516096
979 1 184320 188416
197 1 581632 585728
209 1 491520 495616
209 1 643072 647168
208 1 524288 528384
210 1 176128 180224
209 1 20480 24576
210 1 503808 507904
209 1 172032 176128
363 1 315392 319488
211 1 65536 69632
209 1 323584 327680
251 1 270336 274432
211 1 479232 483328
233 1 122880 131072
212 1 4096 8192
347 1 135168 139264
212 1 155648 159744
212 1 610304 614400
212 1 307200 311296
212 1 458752 462848
213 1 106496 110592
223 1 188416 196608
22 1 266240 270336
213 1 258048 262144
22 1 274432 278528
898 1 53248 57344
493 2 360448 393216 393216 421888
310 2 565248 589824 589824 626688
493 1 421888 425984
66 1 393216 397312
66 1 524288 528384
75 1 131072 135168
75 1 143360 147456
66 1 532480 544768
75 1 151552 155648
74 1 262144 274432
79 1 69632 73728
310 1 626688 630784
79 1 81920 86016
75 1 184320 188416
75 1 200704 204800
75 1 212992 217088
75 1 311296 315392
75 1 319488 323584
75 1 401408 405504
75 1 409600 413696
75 1 417792 421888
75 1 425984 430080
76 1 57344 61440
872 1 466944 475136
507 2 323584 327680 327680 344064
66 1 425984 430080
507 1 344064 348160
872 1 471040 479232
516 1 540672 544768
507 1 348160 368640
507 1 368640 372736
1 1 397312 401408
555 1 552960 557056
580 1 258048 262144
832 1 36864 40960
832 1 49152 53248
769 1 524288 528384
770 1 417792 421888
833 1 397312 405504
842 1 217088 221184
302 1 204800 208896
777 1 503808 512000
42 1 380928 393216
898 1 53248 57344
310 1 630784 655360
311 1 0 45056
311 1 45056 49152
323 1 180224 184320
86 1 69632 73728
764 1 397312 401408
1 1 401408 405504
556 1 389120 393216
833 1 397312 401408
398 1 450560 454656
773 1 303104 307200
153 1 430080 434176
153 1 442368 446464
154 1 602112 606208
776 1 327680 331776
776 1 348160 352256
984 1 249856 253952
702 1 155648 159744
999 1 593920 598016
66 1 393216 397312
725 1 557056 561152
75 1 131072 135168
75 1 143360 147456
75 1 151552 155648
74 1 262144 274432
66 1 524288 528384
75 1 184320 188416
750 2 135168 196608 196608 200704
75 1 200704 204800
75 1 212992 217088
75 1 311296 315392
75 1 319488 323584
66 1 532480 544768
75 1 401408 405504
79 1 69632 73728
75 1 409600 413696
79 1 81920 86016
507 1 372736 380928
75 1 417792 421888
75 1 425984 430080
76 1 57344 61440
507 1 380928 385024
750 1 200704 204800
66 1 425984 430080
711 1 294912 299008
809 1 176128 188416
885 1 651264 655360
886 2 0 65536 65536 90112
809 1 188416 192512
886 1 90112 94208
70 1 651264 655360
368 1 28672 32768
311 3 49152 65536 65536 131072 131072 163840
311 1 163840 167936
337 1 458752 466944
91 1 163840 184320
898 1 53248 57344
347 1 155648 159744
878 1 622592 630784
958 1 94208 98304
397 1 290816 299008
397 1 307200 311296
878 1 638976 643072
954 1 618496 622592
879 1 106496 114688
879 1 122880 126976
879 1 245760 258048
879 1 262144 266240
311 2 167936 196608 196608 253952
311 1 253952 258048
351 1 311296 319488
398 1 487424 491520
832 1 45056 49152
832 1 53248 57344
855 1 110592 118784
352 1 32768 36864
833 1 397312 405504
832 1 585728 589824
470 1 393216 397312
769 1 528384 532480
162 1 507904 512000
311 3 258048 262144 262144 327680 327680 376832
776 1 327680 331776
777 1 114688 118784
898 1 53248 65536
311 1 376832 380928
286 1 569344 573440
429 1 434176 442368
429 1 442368 446464
264 1 0 4096
429 1 446464 454656
429 1 454656 458752
561 1 446464 450560
311 3 380928 393216 393216 458752 458752 487424
925 1 335872 339968
898 1 57344 65536
507 1 385024 393216
311 1 487424 491520
507 1 393216 397312
1 1 401408 405504
555 1 421888 425984
218 1 266240 270336
875 1 548864 552960
216 1 32768 36864
240 1 73728 77824
240 1 151552 155648
769 1 524288 528384
555 1 425984 430080
555 1 536576 540672
311 2 491520 524288 524288 573440
460 1 524288 528384
311 1 573440 577536
898 2 61440 65536 65536 73728
654 1 552960 557056
39 1 487424 495616
311 2 577536 589824 589824 655360
312 1 0 8192
312 1 8192 12288
872 1 475136 483328
507 1 397312 417792
507 1 417792 421888
132 1 352256 356352
178 1 16384 24576
552 1 442368 446464
374 1 233472 241664
21 1 630784 634880
604 1 65536 69632
898 1 69632 81920
208 2 585728 589824 589824 593920
146 1 323584 327680
609 1 446464 450560
560 1 585728 589824
574 1 647168 651264
507 1 421888 430080
71 1 307200 311296
507 1 430080 434176
168 1 466944 471040
681 1 192512 196608
312 2 12288 65536 65536 90112
739 2 561152 589824 589824 610304
675 1 81920 86016
312 1 90112 94208
549 1 647168 651264
421 1 32768 36864
776 1 94208 98304
739 1 540672 544768
898 1 73728 77824
830 1 364544 368640
694 1 552960 557056
110 1 57344 61440
120 1 135168 139264
504 1 409600 425984
504 1 425984 430080
493 4 417792 458752 458752 524288 524288 589824 589824 655360
494 5 0 65536 65536 131072 131072 196608 196608 262144 262144 278528
496 8 0 65536 65536 131072 131072 196608 196608 262144 262144 327680 327680 393216 393216 458752 458752 516096
496 3 516096 524288 524288 589824 589824 655360
497 6 0 65536 65536 131072 131072 196608 196608 262144 262144 327680 327680 376832
494 6 278528 327680 327680 393216 393216 458752 458752 524288 524288 589824 589824 655360
495 3 0 65536 65536 131072 131072 139264
872 1 479232 503808
497 5 376832 393216 393216 458752 458752 524288 524288 589824 589824 655360
498 2 0 65536 65536 122880
495 8 139264 196608 196608 262144 262144 327680 327680 393216 393216 458752 458752 524288 524288 589824 589824 655360
507 1 434176 454656
898 1 73728 77824
66 1 524288 528384
74 1 262144 274432
75 1 131072 135168
66 1 532480 544768
79 1 69632 73728
75 1 143360 147456
507 1 454656 458752
79 1 81920 86016
75 1 151552 155648
75 1 184320 188416
75 1 200704 208896
75 1 212992 217088
75 1 311296 315392
75 1 319488 323584
75 1 401408 405504
75 1 409600 413696
75 1 417792 421888
75 1 425984 430080
76 1 57344 61440
604 1 528384 536576
604 1 552960 561152
604 1 581632 585728
604 1 614400 618496
604 1 626688 630784
604 1 643072 655360
605 1 8192 12288
605 1 16384 20480
605 1 24576 32768
605 1 36864 40960
605 1 69632 73728
605 1 77824 86016
605 1 102400 106496
605 1 126976 131072
605 1 147456 151552
606 1 262144 266240
516 1 0 8192
606 1 274432 278528
606 1 282624 286720
606 1 303104 315392
606 1 319488 323584
606 1 327680 331776
606 1 339968 352256
606 1 385024 389120
606 1 409600 417792
606 1 421888 425984
606 1 434176 438272
785 1 73728 77824
606 1 450560 458752
606 1 475136 479232
605 1 155648 159744
516 1 8192 12288
605 1 172032 176128
605 1 180224 184320
605 1 212992 217088
605 1 221184 229376
605 1 233472 237568
605 1 241664 245760
605 2 258048 262144 262144 266240
605 1 278528 282624
605 1 286720 294912
605 1 307200 311296
606 1 483328 491520
605 1 335872 339968
606 1 495616 499712
605 1 352256 356352
606 1 512000 516096
606 1 528384 532480
605 1 360448 364544
605 1 368640 372736
605 1 385024 389120
606 1 536576 552960
605 1 401408 405504
606 1 557056 561152
606 1 602112 606208
606 1 610304 614400
606 1 643072 647168
607 1 8192 12288
605 1 409600 413696
607 1 20480 32768
605 1 417792 421888
607 1 36864 40960
605 1 430080 434176
607 1 49152 53248
605 1 442368 450560
605 1 458752 466944
607 1 73728 77824
605 1 540672 552960
607 1 90112 98304
605 1 565248 569344
607 1 110592 118784
605 1 581632 585728
605 1 589824 598016
605 1 610304 614400
605 1 622592 626688
892 1 221184 225280
607 1 147456 159744
607 1 180224 184320
605 1 630784 634880
607 1 200704 204800
605 1 643072 647168
607 1 229376 233472
607 1 241664 245760
607 2 253952 262144 262144 286720
607 2 323584 327680 327680 331776
607 1 335872 348160
606 1 8192 16384
606 1 24576 28672
606 1 32768 61440
606 1 69632 73728
606 1 106496 110592
606 1 114688 118784
606 1 122880 126976
607 1 434176 446464
607 1 475136 483328
606 1 131072 155648
607 1 487424 495616
607 1 532480 540672
607 1 544768 552960
607 1 557056 565248
607 1 569344 581632
607 1 585728 589824
607 1 606208 610304
607 1 618496 622592
607 1 630784 638976
606 1 163840 172032
606 1 192512 196608
606 1 200704 204800
606 1 221184 229376
606 1 237568 241664
606 1 245760 253952
607 1 647168 651264
608 1 0 8192
608 1 20480 28672
608 1 32768 45056
608 1 61440 65536
608 1 69632 73728
608 1 77824 90112
608 1 102400 106496
608 1 114688 118784
608 1 122880 131072
608 1 139264 143360
608 1 147456 151552
312 2 94208 131072 131072 143360
608 1 159744 167936
609 1 397312 409600
609 1 434176 438272
609 1 442368 450560
816 1 290816 294912
358 1 36864 40960
609 1 528384 536576
608 1 180224 188416
609 1 565248 569344
609 1 573440 585728
608 1 196608 204800
608 1 237568 249856
609 1 598016 602112
608 2 258048 262144 262144 266240
608 1 270336 274432
609 1 614400 622592
608 1 307200 311296
608 1 327680 331776
609 1 647168 651264
608 1 335872 344064
608 1 364544 368640
610 1 4096 8192
608 1 401408 405504
610 1 16384 20480
610 1 24576 28672
312 1 143360 147456
613 1 172032 176128
616 1 12288 16384
613 1 331776 335872
613 1 446464 450560
610 1 32768 36864
608 1 438272 450560
610 1 40960 61440
613 1 471040 475136
608 1 466944 471040
608 1 475136 483328
608 1 487424 491520
613 1 581632 585728
614 1 114688 118784
614 1 122880 126976
845 1 262144 266240
616 1 106496 110592
845 2 454656 458752 458752 466944
608 1 503808 507904
616 1 434176 438272
845 1 471040 479232
617 1 114688 118784
617 1 303104 307200
610 1 65536 77824
836 1 303104 307200
610 1 81920 94208
846 1 458752 462848
608 1 524288 528384
610 1 98304 102400
847 1 102400 106496
608 1 561152 565248
610 1 106496 110592
608 1 569344 573440
610 1 118784 122880
608 1 606208 610304
808 1 114688 118784
610 1 131072 135168
608 1 614400 618496
610 1 151552 155648
608 1 622592 638976
610 1 163840 167936
608 1 651264 655360
609 1 0 8192
610 1 180224 184320
610 1 192512 196608
609 1 12288 20480
609 1 28672 36864
609 1 45056 53248
609 1 61440 65536
609 1 81920 86016
610 1 221184 225280
610 1 229376 237568
610 1 249856 253952
623 1 454656 458752
610 1 290816 294912
609 1 90112 94208
609 1 98304 102400
610 1 303104 307200
609 1 118784 122880
609 1 131072 139264
610 2 319488 327680 327680 331776
609 1 163840 167936
609 1 188416 196608
610 1 360448 364544
609 1 200704 204800
609 1 217088 221184
611 1 319488 323584
609 1 229376 233472
609 1 241664 245760
840 1 4096 8192
609 1 258048 262144
808 1 122880 126976
840 1 245760 249856
842 1 389120 393216
609 1 282624 286720
609 1 290816 294912
609 1 299008 303104
808 1 151552 155648
609 1 311296 319488
808 1 172032 176128
609 1 352256 356352
808 1 581632 585728
809 1 40960 45056
609 1 360448 376832
816 1 253952 258048
819 1 303104 307200
609 1 385024 389120
817 1 28672 32768
820 1 40960 45056
836 1 622592 626688
817 1 65536 69632
837 1 69632 73728
817 1 483328 487424
838 1 12288 16384
818 1 368640 372736
179 1 176128 180224
838 1 229376 233472
812 1 552960 557056
179 1 233472 237568
179 1 348160 352256
812 1 647168 651264
839 1 49152 53248
813 1 69632 73728
813 1 225280 229376
809 1 442368 446464
814 1 49152 53248
809 1 634880 638976
179 1 491520 495616
179 1 634880 638976
810 1 110592 114688
814 1 495616 499712
815 1 307200 311296
815 1 401408 405504
180 1 438272 442368
815 1 442368 446464
815 1 520192 524288
184 1 176128 180224
811 1 446464 450560
811 1 475136 479232
812 1 57344 61440
812 1 442368 446464
180 1 565248 569344
181 1 356352 360448
765 1 536576 540672
181 1 499712 507904
181 1 512000 524288
181 1 528384 536576
181 1 540672 548864
182 1 167936 172032
182 1 294912 299008
182 1 348160 352256
182 1 364544 368640
183 1 69632 73728
184 1 630784 638976
898 1 73728 77824
187 1 483328 491520
185 1 430080 438272
188 1 286720 290816
183 1 81920 86016
189 1 94208 98304
190 1 446464 454656
183 1 462848 466944
191 1 245760 253952
186 1 229376 237568
189 1 393216 397312
187 1 28672 36864
190 1 8192 12288
190 1 159744 163840
312 2 147456 196608 196608 200704
312 1 200704 204800
421 1 77824 81920
328 1 466944 479232
328 1 479232 483328
603 1 0 8192
611 1 217088 225280
898 1 73728 77824
394 1 151552 159744
684 1 651264 655360
685 1 0 8192
529 1 290816 294912
678 1 471040 479232
129 2 495616 524288 524288 532480
129 1 532480 536576
874 1 401408 405504
270 1 401408 413696
1 1 393216 405504
8 1 69632 73728
279 1 385024 389120
8 1 135168 139264
555 1 135168 139264
59 1 266240 270336
556 1 458752 462848
876 1 532480 540672
877 1 118784 122880
877 1 126976 131072
877 1 446464 450560
185 1 335872 339968
300 1 413696 417792
898 1 73728 77824
852 1 49152 53248
707 1 634880 638976
892 1 528384 557056
507 1 458752 479232
68 1 360448 364544
507 1 479232 483328
765 1 536576 540672
312 1 204800 258048
172 2 323584 327680 327680 339968
187 1 212992 229376
312 1 258048 262144
932 1 372736 375808
421 1 77824 81920
1 1 397312 409600
823 1 163840 167936
555 1 196608 200704
833 1 397312 401408
777 1 118784 122880
555 1 262144 266240
66 1 393216 397312
155 1 557056 561152
66 1 425984 430080
556 1 389120 393216
606 1 393216 397312
832 1 49152 53248
832 1 61440 65536
833 1 389120 393216
484 1 548864 552960
62 1 253952 258048
470 1 339968 344064
769 1 524288 528384
384 1 81920 86016
46 1 278528 282624
661 1 135168 139264
339 1 217088 221184
876 1 581632 585728
153 1 393216 397312
154 1 606208 610304
776 1 110592 118784
898 1 73728 81920
430 1 303104 307200
364 1 57344 61440
414 3 290816 327680 327680 393216 393216 450560
251 1 131072 163840
158 1 385024 393216
138 1 315392 319488
414 1 450560 454656
1 1 393216 405504
385 1 397312 401408
385 1 458752 462848
386 1 32768 36864
387 1 393216 401408
66 1 524288 528384
74 1 262144 274432
386 1 57344 65536
388 1 249856 253952
75 1 131072 135168
386 1 86016 98304
799 1 598016 602112
657 1 200704 204800
75 1 143360 147456
386 1 106496 114688
799 1 614400 618496
66 1 532480 544768
75 1 151552 155648
386 1 434176 446464
386 1 466944 471040
79 1 69632 73728
75 1 184320 188416
833 1 393216 405504
386 1 479232 483328
625 1 118784 122880
79 1 81920 86016
386 1 528384 532480
75 1 200704 212992
1 1 393216 397312
386 1 536576 544768
325 1 102400 106496
1 1 401408 405504
75 1 311296 315392
386 1 557056 561152
66 1 393216 397312
75 1 319488 323584
325 1 118784 122880
387 1 0 4096
66 1 425984 430080
556 1 389120 393216
75 1 401408 405504
935 1 602112 606208
809 1 581632 585728
75 1 409600 413696
192 1 610304 614400
437 1 344064 348160
832 1 65536 69632
144 1 61440 65536
971 1 462848 466944
492 1 528384 532480
75 1 417792 421888
108 1 557056 561152
75 1 425984 430080
76 1 57344 61440
776 1 204800 208896
769 1 450560 454656
492 1 589824 593920
493 1 0 4096
770 1 417792 421888
544 1 131072 135168
770 1 258048 262144
841 1 413696 417792
46 1 266240 270336
876 1 532480 536576
153 1 401408 405504
153 1 413696 417792
661 1 73728 77824
251 1 602112 614400
607 1 270336 274432
872 1 499712 512000
762 1 405504 409600
507 1 483328 503808
462 1 258048 262144
838 1 360448 364544
902 1 229376 233472
507 1 503808 507904
462 1 262144 323584
393 3 319488 327680 327680 393216 393216 401408
462 1 323584 327680
393 1 401408 405504
898 1 77824 81920
169 1 528384 532480
882 1 393216 397312
637 1 24576 28672
408 1 331776 348160
765 1 536576 540672
408 1 348160 352256
312 1 262144 315392
702 1 270336 274432
1 1 393216 401408
832 1 4096 8192
939 1 135168 143360
702 1 282624 290816
278 1 40960 57344
939 1 151552 155648
702 1 299008 311296
939 1 196608 200704
702 1 331776 339968
939 1 262144 266240
263 1 430080 446464
702 1 348160 360448
702 1 368640 372736
939 1 364544 368640
702 1 389120 393216
990 1 405504 409600
702 1 409600 421888
514 1 208896 225280
495 1 233472 241664
312 1 315392 319488
702 1 425984 430080
553 1 319488 327680
702 1 434176 438272
495 1 245760 249856
495 1 258048 262144
553 1 331776 335872
714 1 135168 139264
262 2 126976 131072 131072 143360
263 1 401408 405504
263 1 409600 413696
704 1 8192 20480
704 1 24576 28672
704 1 32768 36864
704 1 40960 45056
704 1 53248 61440
704 1 81920 94208
704 1 110592 114688
704 1 118784 131072
704 1 159744 176128
421 1 77824 81920
702 1 442368 458752
702 1 471040 475136
702 1 540672 552960
702 1 561152 565248
702 1 573440 577536
702 1 593920 598016
702 1 614400 618496
702 1 622592 626688
702 1 630784 634880
702 1 638976 655360
703 1 0 8192
704 1 184320 192512
703 1 12288 24576
703 1 28672 36864
704 1 204800 208896
704 1 212992 217088
703 1 81920 86016
704 1 241664 245760
796 2 323584 327680 327680 352256
703 1 94208 102400
703 1 106496 110592
703 1 147456 151552
703 1 159744 172032
703 1 208896 212992
703 1 233472 241664
703 1 245760 253952
703 1 258048 262144
703 1 278528 282624
703 1 323584 327680
703 1 331776 339968
703 1 352256 356352
703 1 364544 368640
898 1 77824 81920
703 1 372736 380928
704 1 249856 262144
704 1 270336 278528
704 1 286720 299008
704 1 311296 315392
703 1 385024 389120
796 1 352256 356352
704 2 323584 327680 327680 331776
703 1 393216 397312
704 1 335872 344064
703 1 442368 450560
704 1 360448 364544
703 1 479232 483328
704 1 368640 372736
703 1 487424 491520
703 1 499712 503808
703 1 516096 524288
703 1 528384 536576
703 1 557056 561152
703 1 569344 573440
703 1 589824 593920
703 1 614400 618496
703 1 630784 638976
703 1 643072 647168
704 1 389120 393216
704 1 413696 417792
704 1 421888 425984
704 1 479232 483328
704 1 491520 495616
704 1 516096 520192
704 1 532480 536576
704 1 548864 552960
704 1 557056 561152
704 1 565248 569344
704 1 573440 581632
704 1 589824 598016
704 1 602112 606208
704 1 610304 618496
704 1 622592 634880
704 1 643072 647168
705 1 0 4096
705 1 20480 24576
705 1 40960 45056
705 1 53248 65536
705 1 73728 81920
705 1 86016 90112
705 1 106496 122880
707 1 135168 139264
705 1 139264 143360
705 1 147456 151552
707 1 155648 176128
705 1 155648 184320
705 1 188416 196608
707 1 208896 221184
707 1 225280 229376
707 1 233472 237568
705 1 208896 212992
705 1 233472 237568
705 1 241664 245760
705 1 253952 258048
705 1 274432 278528
707 1 241664 245760
705 1 286720 294912
705 1 303104 311296
705 1 323584 327680
705 1 344064 348160
707 1 249856 258048
705 1 352256 356352
705 1 360448 364544
705 1 368640 372736
705 1 385024 389120
707 1 282624 286720
705 1 397312 405504
705 1 413696 417792
707 1 290816 299008
705 1 421888 430080
707 1 307200 311296
707 1 319488 323584
707 1 331776 335872
714 1 274432 278528
707 1 356352 360448
714 1 397312 401408
740 1 544768 548864
707 1 364544 368640
711 1 364544 368640
707 1 372736 385024
713 1 16384 20480
707 1 389120 393216
707 1 405504 409600
707 1 421888 430080
707 1 454656 458752
707 1 495616 499712
707 1 532480 536576
707 1 540672 548864
707 1 561152 565248
707 1 573440 581632
303 1 348160 352256
707 1 602112 610304
707 1 614400 622592
707 1 651264 655360
708 1 4096 12288
708 1 32768 36864
708 1 57344 65536
708 1 86016 90112
710 1 204800 208896
705 1 438272 450560
705 1 471040 479232
705 1 491520 495616
705 1 503808 507904
705 1 548864 552960
741 1 40960 45056
705 1 565248 577536
741 1 192512 196608
705 1 622592 626688
779 1 299008 303104
705 1 630784 634880
705 1 643072 647168
741 1 344064 348160
706 1 24576 28672
741 1 495616 499712
706 1 40960 45056
706 1 65536 69632
745 1 520192 524288
741 1 647168 651264
746 1 110592 114688
706 1 81920 86016
742 1 143360 147456
706 1 90112 94208
746 1 319488 323584
746 1 372736 376832
1 1 430080 434176
746 1 520192 524288
752 1 389120 393216
749 1 163840 167936
747 1 57344 61440
748 1 176128 180224
753 1 581632 585728
749 1 278528 282624
748 1 290816 294912
754 1 110592 114688
749 1 401408 405504
749 1 409600 413696
758 1 376832 380928
759 1 98304 102400
759 1 163840 167936
898 1 77824 81920
759 1 528384 532480
779 1 434176 438272
20 1 172032 176128
760 1 45056 49152
761 1 638976 643072
760 1 249856 253952
763 1 262144 266240
760 1 532480 536576
151 1 258048 262144
763 1 499712 503808
761 1 389120 393216
763 1 585728 589824
791 1 442368 446464
764 1 471040 475136
706 1 98304 106496
785 1 602112 610304
706 1 118784 122880
706 1 126976 131072
788 1 45056 49152
790 2 126976 131072 131072 135168
706 1 139264 151552
706 1 163840 167936
706 1 172032 176128
706 1 180224 184320
706 1 188416 192512
706 1 200704 204800
706 1 212992 217088
706 1 237568 241664
706 1 249856 253952
706 1 262144 266240
706 1 274432 282624
706 1 286720 299008
706 1 303104 311296
706 1 327680 331776
706 1 344064 356352
706 1 364544 368640
706 1 376832 380928
706 1 409600 413696
706 1 421888 430080
706 1 446464 450560
706 1 466944 471040
706 1 479232 483328
706 1 495616 499712
706 1 528384 536576
706 1 569344 573440
706 1 581632 589824
706 1 593920 598016
706 1 610304 618496
706 1 622592 626688
706 1 634880 643072
707 1 0 20480
707 1 24576 28672
707 1 32768 36864
707 1 45056 53248
707 1 57344 61440
707 1 69632 73728
707 1 81920 90112
707 1 114688 118784
707 1 122880 126976
742 1 294912 299008
744 1 249856 253952
744 1 409600 413696
744 1 417792 421888
755 1 204800 208896
755 1 614400 618496
756 1 471040 475136
757 1 225280 229376
757 1 602112 606208
781 1 487424 495616
783 1 544768 548864
793 1 401408 405504
793 1 561152 565248
794 1 139264 143360
794 1 200704 204800
551 1 24576 28672
898 1 77824 81920
872 1 507904 516096
459 1 131072 135168
459 1 102400 131072
507 2 507904 524288 524288 528384
507 1 528384 532480
459 1 135168 139264
898 1 77824 81920
168 1 466944 471040
312 2 319488 327680 327680 364544
898 1 77824 90112
312 1 364544 368640
769 1 237568 241664
421 1 32768 36864
898 1 81920 86016
509 1 430080 434176
431 1 61952 62976
739 1 577536 581632
325 1 237568 245760
872 1 512000 520192
507 1 532480 552960
1 1 434176 438272
507 1 552960 557056
809 1 401408 405504
898 1 81920 86016
724 1 524288 528384
33 1 602112 606208
56 1 303104 307200
35 1 430080 434176
35 1 446464 450560
138 1 536576 540672
512 1 57344 61440
512 1 61440 65536
898 1 81920 86016
898 1 81920 86016
198 1 651264 655360
199 2 0 65536 65536 114688
44 1 425984 430080
199 1 114688 118784
708 1 81920 86016
507 1 557056 565248
507 1 565248 569344
898 1 81920 86016
652 1 16384 24576
898 1 81920 86016
719 1 188416 192512
920 1 512 1536
628 1 630784 638976
920 1 4096 16384
898 1 81920 86016
768 1 94208 102400
352 2 311296 327680 327680 344064
384 1 577536 581632
352 1 344064 348160
898 1 81920 90112
10 1 94208 98304
28 1 286720 290816
872 1 516096 524288
701 1 446464 450560
507 1 569344 589824
507 1 589824 593920
898 1 86016 90112
10 1 98304 102400
507 1 290816 294912
59 1 364544 372736
602 1 151552 155648
898 1 86016 90112
2 3 241664 262144 262144 327680 327680 344064
507 1 593920 610304
507 1 610304 614400
494 2 57344 65536 65536 86016
494 1 86016 90112
898 1 86016 90112
892 1 552960 581632
442 1 356352 360448
507 1 614400 634880
485 2 212992 262144 262144 323584
507 1 634880 638976
898 1 86016 90112
485 1 323584 327680
181 1 61440 65536
46 1 262144 266240
146 1 446464 450560
325 1 622592 630784
358 1 307200 315392
366 1 290816 294912
363 1 176128 180224
325 1 630784 634880
367 1 49152 53248
363 1 577536 581632
367 1 331776 335872
359 1 106496 114688
367 1 413696 417792
360 1 360448 368640
359 1 561152 569344
364 1 389120 393216
368 1 36864 40960
369 1 614400 618496
361 1 163840 167936
368 1 143360 147456
364 1 442368 446464
370 1 286720 290816
361 1 499712 503808
368 1 200704 204800
370 1 434176 438272
364 1 577536 581632
361 1 651264 655360
368 1 606208 610304
370 1 479232 483328
362 1 163840 167936
364 1 589824 593920
715 1 372736 376832
716 1 94208 98304
362 1 319488 323584
365 1 0 4096
716 1 176128 180224
365 1 352256 356352
369 1 12288 16384
716 2 258048 262144 262144 270336
723 1 172032 176128
720 1 8192 12288
716 1 499712 503808
723 1 626688 630784
727 1 36864 40960
362 1 471040 475136
727 1 241664 245760
724 1 491520 495616
362 1 622592 626688
725 1 0 4096
716 1 634880 638976
725 1 630784 634880
720 1 192512 196608
717 1 94208 98304
717 1 434176 438272
726 1 176128 180224
720 1 286720 290816
727 1 258048 262144
717 1 634880 638976
934 1 241664 245760
720 1 352256 356352
247 1 184320 188416
718 1 397312 401408
720 1 364544 368640
719 1 643072 647168
934 1 294912 299008
720 1 552960 557056
935 1 327680 331776
720 1 651264 655360
935 1 499712 503808
722 1 8192 12288
244 1 552960 557056
936 1 69632 73728
722 1 86016 90112
936 1 282624 286720
722 1 290816 294912
936 1 364544 368640
722 1 372736 376832
936 1 458752 462848
936 1 536576 540672
936 1 569344 573440
936 1 647168 651264
872 2 520192 524288 524288 548864
750 1 462848 491520
761 1 16384 20480
507 1 638976 655360
508 1 0 4096
937 2 565248 589824 589824 655360
938 1 0 65536
508 1 4096 8192
898 1 86016 90112
149 1 528384 532480
484 2 241664 262144 262144 282624
484 1 282624 286720
872 1 544768 552960
709 1 405504 409600
508 1 8192 32768
508 1 32768 36864
535 1 180224 184320
59 1 536576 538624
333 1 397312 401408
892 2 577536 589824 589824 606208
508 1 36864 57344
66 1 393216 397312
66 1 524288 528384
708 1 32768 36864
66 1 532480 544768
74 1 262144 274432
75 1 131072 135168
75 1 143360 147456
75 1 151552 155648
79 1 69632 73728
79 1 81920 86016
508 1 57344 61440
75 1 184320 188416
75 1 200704 204800
75 1 208896 212992
75 1 311296 315392
75 1 319488 323584
75 1 401408 405504
75 1 409600 413696
75 1 417792 421888
75 1 425984 430080
76 1 57344 61440
66 1 425984 430080
465 1 106496 110592
898 1 86016 90112
442 1 53248 57344
239 1 327680 339968
725 1 204800 208896
413 1 40960 65536
413 1 65536 69632
61 1 274432 278528
813 1 319488 323584
872 1 548864 557056
299 1 421888 425984
508 2 61440 65536 65536 81920
390 2 53248 65536 65536 98304
508 1 81920 86016
1 1 393216 405504
555 1 147456 159744
555 1 196608 200704
785 1 585728 589824
394 1 155648 159744
776 1 315392 319488
833 1 397312 401408
555 1 262144 266240
777 1 237568 241664
495 1 569344 573440
556 1 389120 393216
606 1 393216 397312
777 1 356352 360448
773 1 253952 258048
769 1 458752 466944
777 1 364544 368640
773 1 303104 307200
390 1 98304 102400
770 1 397312 401408
773 1 311296 315392
770 1 421888 425984
823 1 573440 577536
384 1 159744 163840
230 1 393216 397312
636 1 622592 626688
879 1 360448 364544
323 1 135168 139264
323 1 155648 159744
158 1 61440 65536
323 1 167936 172032
407 1 610304 614400
779 1 315392 319488
159 1 466944 471040
263 1 479232 483328
264 1 94208 98304
506 1 45056 49152
349 1 397312 401408
215 1 278528 282624
394 2 536576 589824 589824 626688
466 1 299008 303104
394 1 626688 630784
860 1 241664 258048
133 1 8192 12288
400 1 163840 188416
34 1 0 4096
750 1 368640 376832
508 1 86016 110592
400 1 188416 192512
508 1 110592 114688
872 1 552960 565248
794 1 466944 471040
803 1 233472 237568
803 1 385024 389120
798 1 135168 139264
804 1 512000 516096
795 1 339968 344064
800 1 274432 278528
796 1 262144 266240
830 1 638976 643072
798 1 483328 487424
831 1 212992 217088
833 1 139264 143360
800 1 430080 434176
833 1 258048 262144
799 1 135168 139264
833 1 307200 311296
833 1 405504 409600
799 1 143360 147456
800 1 446464 450560
833 1 626688 630784
188 1 352256 360448
834 1 290816 294912
198 1 397312 401408
799 1 385024 389120
801 1 200704 204800
190 1 409600 413696
199 1 86016 90112
201 1 630784 634880
803 1 86016 90112
202 1 520192 524288
199 1 143360 147456
835 1 217088 225280
202 1 585728 589824
199 1 249856 253952
839 2 323584 327680 327680 331776
203 1 77824 81920
837 1 270336 278528
199 1 299008 303104
204 1 507904 512000
841 1 376832 385024
199 1 376832 380928
200 1 94208 98304
200 1 430080 434176
192 1 462848 466944
200 1 552960 557056
200 1 573440 581632
194 1 516096 524288
197 1 36864 40960
201 1 32768 36864
197 1 401408 405504
205 1 225280 229376
197 1 450560 454656
206 1 557056 561152
208 1 28672 32768
206 1 638976 643072
208 1 114688 118784
207 1 45056 49152
209 1 237568 241664
207 1 475136 479232
211 1 376832 380928
210 1 622592 626688
212 1 32768 36864
212 1 237568 241664
508 2 114688 131072 131072 135168
66 1 524288 528384
525 1 315392 319488
526 1 163840 167936
527 1 81920 86016
66 1 532480 544768
529 1 466944 471040
529 1 540672 544768
530 1 438272 442368
539 1 57344 61440
534 1 118784 122880
530 1 524288 528384
860 2 253952 262144 262144 266240
75 1 131072 135168
75 1 143360 147456
75 1 151552 155648
1 1 405504 409600
75 1 184320 188416
79 1 69632 73728
79 1 81920 86016
556 1 389120 393216
74 1 262144 274432
66 1 393216 397312
75 1 200704 204800
832 1 589824 593920
748 5 110592 131072 131072 196608 196608 262144 262144 327680 327680 352256
75 1 212992 221184
66 1 425984 430080
751 2 126976 131072 131072 135168
539 1 245760 249856
75 1 311296 315392
661 1 442368 446464
833 1 397312 401408
541 1 368640 372736
539 1 380928 385024
539 1 421888 425984
75 1 319488 323584
547 1 122880 126976
541 1 528384 532480
879 1 16384 20480
542 1 282624 286720
75 1 401408 405504
543 1 634880 638976
154 1 602112 606208
75 1 409600 413696
707 1 151552 155648
75 1 417792 421888
707 1 192512 196608
984 1 245760 249856
75 1 425984 430080
76 1 57344 61440
776 1 327680 331776
776 1 348160 352256
967 1 487424 491520
990 1 102400 106496
536 1 20480 24576
536 1 331776 335872
381 1 196608 200704
547 1 139264 143360
547 1 352256 356352
547 1 651264 655360
548 1 319488 323584
508 1 135168 139264
683 1 372736 376832
381 1 196608 200704
703 1 147456 151552
707 1 36864 40960
707 1 499712 503808
708 1 57344 65536
740 1 544768 548864
708 1 86016 90112
741 1 40960 45056
742 1 294912 299008
741 1 192512 196608
741 1 344064 348160
835 1 221184 225280
741 1 495616 499712
741 1 647168 651264
742 1 143360 147456
752 1 344064 348160
781 1 491520 495616
783 1 544768 548864
779 1 434176 438272
190 1 409600 413696
188 1 356352 360448
785 1 606208 610304
748 1 348160 352256
837 1 274432 278528
192 1 462848 466944
194 1 520192 524288
788 1 45056 49152
790 1 131072 135168
839 1 327680 331776
841 1 380928 385024
315 2 393216 458752 458752 466944
315 1 466944 471040
508 1 139264 159744
725 1 491520 495616
751 1 131072 135168
872 1 561152 577536
508 1 159744 163840
1 3 393216 458752 458752 524288 524288 589824
508 1 163840 188416
508 1 188416 192512
953 1 270336 278528
387 1 544768 569344
739 1 495616 503808
476 1 294912 296960
387 1 569344 573440
19 1 393216 409600
19 1 442368 458752
860 1 262144 278528
898 1 475136 479232
387 1 573440 585728
146 1 503808 507392
508 2 192512 196608 196608 212992
759 1 598016 600576
97 2 24576 65536 65536 77824
387 1 585728 589824
508 1 212992 217088
97 1 77824 81920
8 1 606208 622592
0 1 0 16384
9 1 491520 507904
0 1 81920 98304
7 1 212992 245760
10 1 147456 163840
13 1 262144 278528
7 1 262144 278528
14 1 16384 32768
860 1 274432 290816
508 1 217088 237568
508 1 237568 241664
860 1 286720 303104
508 1 241664 262144
508 1 262144 266240
860 1 299008 311296
214 1 622592 626688
508 1 266240 286720
508 1 286720 290816
872 2 573440 589824 589824 598016
508 1 290816 311296
508 1 311296 315392
225 1 466944 471040
627 1 348160 352256
534 1 57344 65536
453 1 245760 249856
892 1 602112 630784
508 2 315392 327680 327680 335872
508 1 335872 339968
860 1 307200 323584
508 1 339968 360448
508 1 360448 364544
372 1 565248 573440
372 1 589824 593920
372 1 606208 610304
372 1 630784 634880
372 1 643072 647168
373 1 110592 114688
373 1 180224 184320
373 1 200704 204800
373 1 221184 225280
374 1 286720 290816
373 1 315392 319488
374 1 344064 348160
374 1 360448 364544
373 1 393216 397312
374 1 397312 401408
373 1 417792 421888
373 1 491520 495616
373 1 593920 598016
662 1 253952 258048
374 1 438272 442368
374 1 507904 516096
374 1 40960 45056
374 1 593920 598016
374 1 147456 151552
375 1 0 4096
375 1 126976 131072
375 1 249856 253952
66 1 524288 528384
75 1 131072 135168
375 1 421888 425984
75 1 143360 147456
75 1 151552 155648
375 1 512000 520192
74 1 262144 274432
75 1 184320 188416
375 1 552960 557056
375 1 573440 577536
375 1 634880 643072
66 1 532480 544768
75 1 200704 204800
75 1 212992 217088
79 1 69632 73728
75 1 311296 315392
79 1 81920 86016
75 1 319488 323584
377 1 397312 401408
75 1 401408 405504
376 1 20480 24576
376 1 28672 32768
377 1 409600 413696
75 1 409600 413696
376 1 40960 45056
377 1 442368 446464
860 2 319488 327680 327680 335872
376 1 49152 53248
75 1 417792 421888
75 1 425984 430080
377 1 450560 454656
385 1 299008 303104
376 1 69632 77824
435 1 430080 434176
475 1 262144 266240
76 1 57344 61440
377 1 483328 487424
487 1 262144 266240
376 1 294912 299008
419 1 458752 462848
376 1 376832 385024
377 1 512000 520192
376 1 401408 405504
432 1 417792 421888
376 1 413696 417792
377 1 561152 565248
487 1 274432 278528
376 1 454656 458752
483 1 229376 233472
376 1 499712 503808
378 1 49152 53248
376 1 610304 614400
488 1 217088 221184
376 1 630784 634880
484 1 589824 593920
378 1 94208 98304
377 1 0 4096
496 1 344064 348160
378 1 135168 139264
496 1 397312 401408
377 1 20480 24576
378 1 163840 167936
377 1 61440 65536
378 1 184320 188416
377 1 155648 159744
377 1 262144 266240
377 1 299008 303104
378 1 233472 237568
377 1 376832 380928
508 1 364544 385024
378 1 266240 270336
491 1 278528 282624
378 1 307200 311296
491 1 372736 376832
491 1 540672 544768
500 1 290816 294912
514 1 61440 65536
515 1 57344 61440
496 1 446464 450560
378 2 319488 327680 327680 352256
496 1 499712 503808
525 1 634880 638976
492 1 188416 192512
498 1 90112 94208
498 1 430080 434176
539 1 364544 368640
523 1 434176 438272
378 1 385024 389120
515 1 421888 425984
523 1 446464 450560
378 1 557056 561152
515 1 438272 442368
524 1 90112 94208
516 1 4096 8192
417 1 499712 503808
516 1 634880 638976
431 1 249856 253952
66 1 393216 397312
517 1 245760 249856
431 1 290816 294912
66 1 425984 430080
517 1 397312 401408
483 1 106496 110592
518 1 163840 167936
541 1 311296 315392
492 1 593920 598016
308 1 540672 544768
541 1 581632 585728
494 1 225280 229376
508 1 385024 389120
542 1 159744 163840
519 1 53248 57344
542 1 172032 184320
542 1 294912 299008
542 1 434176 438272
520 1 151552 155648
542 1 483328 487424
520 1 516096 520192
542 1 532480 536576
520 1 638976 647168
542 1 585728 589824
542 1 634880 638976
544 1 159744 163840
543 1 32768 36864
544 1 462848 466944
543 1 81920 86016
544 1 544768 548864
547 1 163840 167936
545 1 40960 45056
543 1 131072 135168
547 1 319488 323584
545 1 331776 335872
547 1 516096 520192
543 1 307200 311296
565 1 16384 20480
546 1 4096 8192
565 1 28672 32768
549 1 176128 180224
543 1 376832 380928
565 1 614400 618496
546 1 303104 307200
576 1 86016 90112
546 1 638976 643072
573 1 278528 282624
616 1 401408 405504
625 1 385024 389120
629 1 548864 552960
569 1 577536 581632
543 1 425984 430080
570 1 315392 319488
570 1 389120 393216
570 1 606208 610304
571 1 139264 143360
622 1 561152 569344
543 1 479232 483328
543 1 565248 569344
618 1 454656 458752
620 1 507904 512000
634 1 557056 561152
632 1 434176 438272
634 1 651264 655360
636 1 262144 270336
648 1 479232 483328
673 1 589824 593920
640 1 393216 397312
644 1 122880 126976
652 1 614400 618496
674 1 86016 90112
669 1 561152 565248
674 1 237568 241664
667 1 536576 540672
670 1 200704 204800
638 1 339968 344064
685 1 507904 512000
685 1 524288 528384
650 1 561152 565248
685 1 540672 544768
679 1 544768 548864
685 1 557056 561152
685 1 573440 577536
695 1 167936 172032
685 1 589824 593920
685 1 606208 614400
685 1 626688 630784
677 1 434176 438272
688 1 421888 425984
687 1 335872 339968
689 1 577536 581632
860 1 331776 348160
690 1 290816 294912
14 1 45056 57344
889 1 520192 524288
597 1 45056 57344
700 1 561152 565248
14 1 61440 65536
701 2 122880 131072 131072 167936
508 2 389120 393216 393216 409600
872 1 593920 618496
508 1 409600 413696
508 1 413696 434176
860 1 344064 356352
508 1 434176 438272
986 1 225280 229376
508 1 438272 458752
984 1 163840 167936
508 1 458752 462848
828 1 94208 98304
860 1 352256 368640
60 1 135168 139264
508 1 462848 483328
508 1 483328 487424
860 1 364544 380928
508 1 487424 507904
508 1 507904 512000
860 1 376832 393216
508 2 512000 524288 524288 532480
508 1 532480 536576
860 2 389120 393216 393216 401408
842 2 126976 131072 131072 139264
508 1 536576 557056
508 1 557056 561152
898 1 86016 90112
252 1 12288 16384
420 1 176128 180224
860 1 397312 413696
670 1 229376 233472
508 1 561152 581632
508 1 581632 585728
970 1 311296 315392
860 1 409600 425984
648 1 466944 471040
949 1 634880 638976
508 2 585728 589824 589824 606208
508 1 606208 610304
860 1 421888 438272
508 1 610304 630784
654 1 512000 516096
508 1 630784 634880
66 1 524288 528384
74 1 262144 274432
66 1 532480 544768
75 1 131072 135168
75 1 143360 147456
833 1 397312 401408
75 1 151552 155648
154 1 602112 606208
79 1 69632 73728
879 1 16384 20480
75 1 184320 188416
79 1 81920 86016
75 1 200704 208896
66 1 393216 397312
75 1 217088 221184
66 1 425984 430080
75 1 311296 315392
75 1 319488 323584
75 1 401408 405504
75 1 409600 413696
75 1 417792 421888
75 1 425984 430080
76 1 57344 61440
984 1 245760 249856
181 1 131072 135168
32 1 290816 294912
144 1 126976 131072
842 1 155648 159744
24 1 290816 294912
90 1 311296 315392
47 1 380928 385024
86 1 598016 655360
87 1 0 36864
437 1 610304 638976
437 1 638976 643072
425 1 126976 131072
872 1 614400 622592
508 1 634880 655360
509 1 0 4096
655 1 360448 364544
408 1 65536 69632
545 1 204800 208896
190 1 372736 376832
190 1 413696 425984
797 1 622592 655360
798 2 0 65536 65536 69632
367 1 458752 462848
739 1 557056 561152
739 1 483328 487424
872 1 618496 630784
509 1 4096 24576
66 1 524288 528384
74 1 262144 274432
66 1 532480 544768
75 1 131072 135168
726 1 376832 380928
79 1 69632 73728
75 1 143360 147456
79 1 81920 86016
75 1 151552 155648
75 1 184320 188416
75 1 200704 212992
75 1 311296 315392
509 1 24576 28672
75 1 319488 323584
75 1 401408 405504
75 1 409600 413696
75 1 417792 421888
75 1 425984 430080
76 1 57344 61440
66 1 393216 397312
66 1 425984 430080
872 1 626688 638976
509 1 28672 49152
509 1 49152 53248
619 1 45056 49152
1 1 393216 409600
777 1 40960 49152
555 1 155648 159744
833 1 393216 405504
777 1 81920 86016
555 1 196608 200704
555 1 262144 266240
556 1 389120 393216
606 1 393216 397312
832 1 65536 69632
971 1 466944 471040
770 1 397312 401408
984 1 167936 172032
384 1 159744 163840
757 1 24576 28672
159 1 462848 471040
872 1 634880 643072
600 1 57344 61440
430 1 282624 286720
509 2 53248 65536 65536 73728
93 1 557056 561152
509 1 73728 77824
66 1 524288 528384
66 1 532480 544768
79 1 69632 73728
79 1 81920 86016
75 1 131072 135168
74 1 262144 274432
75 1 143360 147456
75 1 151552 155648
75 1 184320 188416
75 1 200704 204800
75 1 212992 221184
75 1 311296 315392
75 1 319488 323584
75 1 401408 405504
75 1 409600 413696
75 1 417792 421888
75 1 425984 430080
76 1 57344 61440
66 1 393216 397312
66 1 425984 430080
479 2 53248 65536 65536 73728
479 1 73728 77824
166 1 344064 348160
355 1 434176 442368
355 1 442368 446464
481 1 45056 49152
842 1 159744 163840
945 1 389120 393216
945 1 499712 503808
483 1 634880 655360
484 1 0 57344
484 1 57344 61440
892 1 626688 647168
673 1 393216 397312
509 1 77824 98304
1 1 397312 401408
832 1 49152 53248
434 1 221184 225280
777 1 393216 397312
689 1 405504 409600
833 1 401408 405504
66 1 393216 397312
734 1 430080 434176
509 1 98304 102400
66 1 425984 430080
777 1 380928 385024
74 1 262144 274432
75 1 131072 135168
66 1 524288 528384
75 1 143360 147456
66 1 532480 544768
445 1 376832 389120
75 1 151552 155648
79 1 69632 73728
473 1 466944 471040
79 1 81920 86016
75 1 184320 188416
814 1 245760 258048
75 1 200704 204800
75 1 208896 212992
814 1 266240 270336
75 1 311296 315392
75 1 319488 323584
75 1 401408 405504
75 1 409600 413696
947 1 225280 237568
75 1 417792 421888
947 1 245760 249856
1 1 393216 405504
75 1 425984 430080
76 1 57344 61440
555 1 286720 294912
832 1 200704 204800
385 1 413696 417792
385 1 421888 430080
385 1 458752 462848
988 1 630784 634880
441 1 53248 57344
48 1 577536 585728
49 1 274432 278528
62 1 118784 131072
62 1 139264 143360
387 1 77824 86016
662 1 266240 270336
46 1 266240 270336
49 1 458752 479232
46 1 327680 331776
49 1 581632 585728
47 1 565248 569344
353 1 593920 598016
49 1 630784 634880
50 1 167936 172032
101 1 516096 520192
159 1 405504 409600
17 1 110592 114688
159 1 446464 450560
878 1 598016 602112
445 1 389120 393216
869 1 32768 36864
409 1 282624 286720
457 1 143360 147456
872 1 638976 651264
509 1 102400 122880
707 1 143360 147456
509 1 122880 126976
945 1 503808 507904
946 1 278528 282624
946 1 282624 286720
423 2 258048 262144 262144 270336
423 1 270336 274432
892 1 643072 655360
893 1 0 16384
509 2 126976 131072 131072 147456
510 1 278528 282624
509 1 147456 151552
90 1 319488 323584
872 1 647168 655360
873 1 0 4096
1 1 397312 401408
1 1 405504 409600
556 1 389120 393216
920 1 569344 577536
193 1 421888 425984
393 1 512000 516096
689 1 106496 110592
832 1 45056 49152
776 1 131072 135168
879 1 585728 589824
879 1 593920 598016
833 1 389120 393216
769 1 524288 528384
509 1 151552 172032
384 1 147456 151552
46 1 266240 270336
46 1 311296 315392
509 1 172032 176128
154 1 602112 606208
430 1 299008 303104
860 1 4096 8192
600 1 200704 204800
978 2 28672 65536 65536 86016
131 1 229376 237568
893 1 12288 40960
830 1 364544 368640
358 1 180224 184320
509 1 176128 196608
509 1 196608 200704
62 1 372736 376832
904 1 573440 577536
740 1 237568 249856
680 1 57344 61440
615 1 454656 458752
972 1 0 4096
478 1 147456 151552
456 2 557056 589824 589824 634880
893 1 36864 53248
503 1 479232 483328
456 1 634880 638976
509 1 200704 221184
509 1 221184 225280
293 1 274432 286720
486 2 90112 131072 131072 180224
486 1 180224 184320
486 2 184320 196608 196608 221184
486 1 221184 225280
560 1 585728 589824
873 1 0 24576
509 1 225280 249856
509 1 249856 253952
3 1 49152 53248
873 1 20480 28672
0 1 299008 303104
509 2 253952 262144 262144 274432
509 1 274432 278528
987 1 516096 520192
452 1 401408 405504
319 1 40960 45056
873 1 24576 53248
509 1 278528 299008
776 1 98304 102400
146 1 450560 454656
509 1 299008 303104
225 1 360448 376832
905 1 28672 36864
687 1 548864 552960
822 1 380928 385024
873 2 49152 65536 65536 77824
191 1 315392 323584
509 1 303104 323584
509 1 323584 327680
455 1 454656 458752
873 1 73728 81920
752 1 450560 454656
509 1 327680 348160
874 1 126976 131072
553 2 585728 589824 589824 593920
509 1 348160 352256
377 3 53248 65536 65536 131072 131072 151552
377 1 151552 155648
893 2 49152 65536 65536 81920
509 1 352256 372736
327 1 618496 655360
66 1 524288 528384
328 2 0 65536 65536 69632
75 1 131072 135168
509 1 372736 376832
75 1 143360 147456
75 1 151552 155648
66 1 532480 544768
74 1 262144 274432
75 1 184320 188416
79 1 69632 73728
75 1 200704 204800
79 1 81920 86016
75 1 208896 217088
75 1 311296 315392
75 1 319488 323584
75 1 401408 405504
75 1 409600 413696
75 1 417792 421888
75 1 425984 430080
76 1 57344 61440
702 1 65536 86016
328 1 69632 73728
66 1 393216 397312
66 1 425984 430080
690 1 376832 380416
153 1 102400 106496
153 1 86016 86528
427 2 585728 589824 589824 598016
647 1 499712 507904
57 1 81920 86016
862 1 217088 221184
62 1 372736 376832
170 3 126976 131072 131072 196608 196608 217088
898 1 86016 90112
73 1 483328 491520
170 6 217088 262144 262144 327680 327680 393216 393216 458752 458752 524288 524288 569344
873 1 77824 86016
509 2 376832 393216 393216 397312
365 1 622592 630784
509 1 397312 401408
365 1 630784 634880
654 1 512000 516096
72 1 417792 421888
873 1 81920 90112
509 1 401408 421888
821 1 421888 450560
509 1 421888 425984
224 1 589824 593920
743 1 335872 344064
161 1 24576 28672
689 1 446464 450560
138 1 315392 319488
898 1 86016 122880
310 1 159744 167936
466 2 102400 131072 131072 139264
466 1 139264 143360
66 1 393216 397312
75 1 131072 135168
75 1 143360 147456
66 1 524288 528384
74 1 262144 274432
75 1 151552 155648
75 1 184320 188416
66 1 532480 544768
75 1 200704 208896
75 1 217088 221184
79 1 69632 73728
75 1 311296 315392
75 1 319488 323584
79 1 81920 86016
75 1 401408 405504
75 1 409600 413696
75 1 417792 421888
75 1 425984 430080
76 1 57344 61440
458 1 151552 163840
352 1 32768 36864
66 1 425984 430080
458 1 163840 167936
215 1 278528 282624
707 1 577536 585728
467 2 73728 131072 131072 147456
873 1 86016 106496
467 1 147456 151552
509 1 425984 446464
509 1 446464 450560
814 1 266240 270336
625 1 53248 61440
524 1 552960 557056
479 1 102400 106496
3 1 40960 45056
946 1 294912 311296
946 1 286720 294912
425 1 126976 131072
397 1 450560 454656
695 1 544768 548864
256 1 483328 487424
438 1 36864 40960
730 1 561152 565248
61 1 253952 258048
66 1 524288 528384
66 1 532480 544768
79 1 69632 73728
75 1 131072 135168
74 1 262144 274432
75 1 143360 147456
79 1 81920 86016
75 1 151552 155648
75 1 184320 188416
75 1 200704 204800
75 1 212992 221184
75 1 311296 315392
75 1 319488 323584
75 1 401408 405504
75 1 409600 413696
75 1 417792 421888
75 1 425984 430080
76 1 57344 61440
882 1 319488 323584
66 1 393216 397312
66 1 425984 430080
10 1 487424 491520
638 1 131072 135168
406 2 172032 196608 196608 217088
1 1 397312 401408
556 1 389120 393216
395 1 536576 540672
786 1 118784 122880
833 1 397312 405504
406 1 217088 221184
880 1 552960 557056
269 1 430080 434176
662 1 319488 323584
333 1 397312 401408
615 1 454656 458752
856 1 573440 577536
216 1 20480 28672
777 1 409600 413696
879 1 618496 622592
974 1 487424 491520
880 1 49152 53248
893 1 77824 106496
509 2 450560 458752 458752 471040
177 1 569344 577536
509 1 471040 475136
390 1 270336 274432
210 1 622592 651264
487 1 585728 589824
801 1 438272 442368
114 1 552960 557056
756 1 151552 155648
827 1 299008 307200
827 1 311296 319488
26 1 630784 634880
469 1 139264 143360
419 1 413696 425984
873 1 102400 131072
419 1 425984 430080
509 1 475136 495616
509 1 495616 499712
824 2 200704 262144 262144 290816
509 1 499712 520192
509 1 520192 524288
842 1 163840 167936
996 1 81920 86016
303 1 122880 131072
327 1 16384 28672
493 1 143360 147456
472 1 249856 258048
729 2 315392 327680 327680 335872
626 1 28672 31232
118 1 458752 499712
193 2 454656 458752 458752 512000
987 1 155648 159232
958 1 618496 619008
753 1 581632 583680
66 1 524288 528384
66 1 532480 544768
873 2 126976 131072 131072 135168
393 1 299008 303104
79 1 69632 73728
79 1 81920 86016
75 1 131072 135168
66 1 393216 397312
75 1 143360 147456
74 1 262144 274432
75 1 151552 155648
66 1 425984 430080
75 1 184320 188416
509 1 524288 544768
75 1 200704 212992
75 1 311296 315392
75 1 319488 323584
75 1 401408 405504
75 1 409600 413696
75 1 417792 421888
75 1 425984 430080
76 1 57344 61440
509 1 544768 548864
207 1 622592 630784
393 1 77824 81920
842 1 167936 172032
292 1 507904 512000
842 1 172032 176128
898 2 114688 131072 131072 155648
854 1 86016 90112
785 1 73728 77824
905 1 405504 409600
466 1 356352 360448
873 1 131072 155648
509 1 548864 569344
509 1 569344 573440
986 1 225280 229376
860 1 434176 446464
172 1 278528 282624
509 2 573440 589824 589824 593920
509 1 593920 598016
61 1 274432 278528
444 1 172032 180224
109 1 413696 417792
109 1 466944 487424
109 2 499712 524288 524288 577536
404 2 528384 589824 589824 606208
444 1 180224 184320
281 1 622592 626688
404 1 606208 610304
726 1 376832 380928
260 1 270336 274432
860 1 442368 458752
509 1 598016 618496
509 1 618496 622592
898 1 151552 155648
227 1 131072 143360
430 1 40960 57344
817 1 61440 65536
830 1 434176 442368
817 1 69632 73728
817 1 77824 81920
211 1 270336 274432
166 1 344064 348160
674 1 184320 192512
898 1 151552 155648
654 1 516096 520192
810 1 499712 503808
449 1 491520 495616
639 1 204800 208896
308 2 118784 131072 131072 139264
873 1 151552 167936
509 1 622592 643072
509 1 643072 647168
1 1 397312 401408
555 1 139264 143360
588 1 471040 475136
556 1 389120 393216
66 1 393216 397312
75 1 131072 135168
66 1 425984 430080
75 1 143360 147456
75 1 151552 155648
74 1 262144 274432
832 1 49152 53248
66 1 524288 528384
832 1 57344 61440
494 1 540672 544768
75 1 184320 188416
66 1 532480 544768
833 1 397312 401408
770 1 397312 401408
79 1 69632 73728
989 1 487424 491520
75 1 200704 212992
79 1 81920 86016
433 1 114688 118784
75 1 311296 315392
75 1 319488 323584
75 1 401408 405504
75 1 409600 413696
75 1 417792 421888
75 1 425984 430080
76 1 57344 61440
776 1 327680 331776
154 1 602112 606208
162 1 290816 294912
438 1 196608 204800
428 1 77824 86016
784 1 569344 573440
66 1 393216 397312
75 1 131072 135168
66 1 524288 528384
75 1 143360 147456
74 1 262144 274432
75 1 151552 155648
66 1 532480 544768
75 1 184320 188416
79 1 69632 73728
428 1 86016 90112
79 1 81920 86016
75 1 200704 208896
75 1 212992 217088
75 1 311296 315392
75 1 319488 323584
75 1 401408 405504
75 1 409600 413696
75 1 417792 421888
372 2 454656 458752 458752 471040
75 1 425984 430080
76 1 57344 61440
372 1 471040 475136
961 1 73728 77824
66 1 425984 430080
394 1 155648 159744
873 1 163840 172032
441 1 118784 122880
509 1 647168 655360
510 1 0 12288
62 1 372736 376832
510 1 12288 16384
648 1 466944 471040
153 1 4096 16384
830 1 364544 368640
816 1 81920 90112
698 2 430080 458752 458752 516096
698 1 516096 520192
862 1 20480 28672
814 1 262144 266240
814 1 258048 262144
66 1 393216 397312
66 1 524288 528384
66 1 532480 544768
79 1 69632 73728
75 1 131072 135168
79 1 81920 86016
75 1 143360 147456
75 1 151552 155648
74 1 262144 274432
75 1 184320 188416
75 1 200704 204800
75 1 212992 217088
75 1 311296 315392
75 1 319488 323584
75 1 401408 405504
75 1 409600 413696
75 1 417792 421888
75 1 425984 430080
76 1 57344 61440
66 1 425984 430080
869 1 32768 36864
352 1 307200 315392
707 1 143360 147456
199 1 176128 180224
90 1 319488 323584
648 1 299008 307200
543 1 311296 315392
472 1 208896 217088
850 1 278528 282624
237 1 327680 335872
569 1 524288 532480
317 1 577536 581632
873 1 167936 188416
770 1 215040 216064
510 1 16384 36864
749 1 344064 352256
510 1 36864 40960
577 1 81920 90112
568 1 131072 139264
228 1 73728 77824
573 1 466944 475136
873 1 184320 192512
510 1 40960 61440
863 1 503808 507904
240 1 618496 655360
241 1 0 53248
510 1 61440 65536
241 1 53248 57344
899 1 151552 155648
892 1 221184 225280
20 1 212992 217088
369 1 393216 409600
996 1 86016 90112
369 5 122880 131072 131072 196608 196608 262144 262144 327680 327680 393216
739 1 561152 565248
369 1 409600 413696
164 1 180224 184320
442 2 442368 458752 458752 462848
739 1 495616 503808
442 1 462848 466944
409 1 385024 389120
709 1 405504 409600
510 1 65536 73728
510 1 73728 77824
868 1 315392 319488
6 1 204800 208896
873 2 188416 196608 196608 217088
295 1 81920 86016
510 1 77824 98304
893 1 102400 131072
510 1 98304 102400
510 1 102400 122880
510 1 122880 126976
46 1 114688 118784
152 1 204800 208896
939 1 143360 147456
492 1 557056 561152
710 1 512000 516096
153 1 397312 401408
153 1 458752 462848
155 2 442368 458752 458752 462848
153 1 573440 577536
234 1 319488 323584
765 1 536576 540672
154 1 638976 643072
155 1 528384 532480
205 1 417792 421888
263 1 471040 475136
465 1 557056 561152
108 1 253952 258048
497 1 327680 331776
621 1 208896 212992
75 1 131072 135168
75 1 143360 147456
75 1 151552 155648
74 1 262144 274432
66 1 393216 397312
75 1 184320 188416
66 1 524288 528384
75 1 200704 204800
75 1 212992 217088
75 1 311296 315392
66 1 532480 544768
75 1 319488 323584
75 1 401408 405504
312 5 368640 393216 393216 458752 458752 524288 524288 589824 589824 655360
313 2 0 65536 65536 122880
75 1 409600 413696
79 1 69632 73728
75 1 417792 421888
79 1 81920 86016
75 1 425984 430080
66 1 425984 430080
76 1 57344 61440
313 1 122880 126976
421 1 77824 81920
893 2 126976 131072 131072 139264
510 2 126976 131072 131072 147456
510 1 147456 151552
873 1 212992 241664
510 1 151552 172032
510 1 172032 176128
819 1 49152 53248
6 1 208896 212992
412 1 258048 262144
70 1 651264 655360
684 1 495616 503808
489 2 212992 262144 262144 286720
635 1 507904 512000
489 1 286720 290816
389 1 548864 561152
533 1 454656 458752
898 1 475136 479232
322 1 24576 28672
322 1 331776 335872
454 1 376832 380928
893 1 135168 159744
510 1 176128 196608
510 1 196608 200704
962 1 425984 430080
441 1 135168 139264
12 3 430080 458752 458752 524288 524288 565248
574 1 647168 651264
442 1 356352 360448
12 1 565248 569344
628 1 258048 262144
449 1 65536 73728
305 1 475136 479232
306 1 565248 569344
377 1 155648 192512
12 2 569344 589824 589824 618496
377 1 192512 196608
12 1 618496 622592
635 1 348160 352256
430 1 630784 634880
433 1 274432 303104
635 1 348160 352256
433 1 303104 307200
430 1 630784 634880
628 1 258048 262144
377 1 196608 221184
11 1 483328 487424
66 1 524288 528384
75 1 131072 135168
74 1 262144 274432
75 1 143360 147456
66 1 532480 544768
75 1 151552 155648
75 1 184320 188416
79 1 69632 73728
75 1 200704 204800
79 1 81920 86016
75 1 208896 217088
75 1 311296 315392
377 1 221184 225280
75 1 319488 323584
75 1 401408 405504
75 1 409600 413696
75 1 417792 421888
75 1 425984 430080
76 1 57344 61440
170 1 577536 581632
986 1 266240 270336
66 1 393216 397312
66 1 425984 430080
498 2 311296 327680 327680 372736
898 1 151552 155648
498 1 372736 376832
286 1 569344 573440
429 1 458752 466944
118 1 270336 274432
429 1 466944 471040
898 1 151552 155648
873 1 237568 262144
510 1 200704 221184
510 1 221184 225280
211 1 270336 274432
873 2 258048 262144 262144 282624
452 1 45056 49152
510 1 225280 245760
510 1 245760 249856
680 1 57344 61440
697 1 249856 258048
873 1 278528 303104
898 1 151552 163840
510 1 262144 270336
480 1 237568 241664
510 1 249856 262144
510 1 270336 274432
88 1 36864 40960
88 1 49152 53248
544 1 237568 245760
544 1 249856 253952
88 1 147456 155648
88 1 159744 163840
544 1 274432 290816
88 1 532480 548864
793 1 303104 307200
544 2 126976 131072 131072 135168
54 1 606208 610304
54 1 651264 655360
1 1 393216 397312
971 1 458752 462848
544 1 139264 143360
801 1 28672 32768
983 1 282624 290816
46 1 393216 397312
55 1 8192 12288
544 1 163840 180224
323 1 135168 139264
544 1 204800 208896
544 1 212992 217088
323 1 159744 163840
925 1 188416 192512
323 1 196608 200704
903 1 200704 204800
323 1 299008 303104
323 1 307200 311296
323 1 331776 335872
904 1 159744 167936
374 1 454656 458752
292 1 512000 516096
750 1 372736 376832
510 1 274432 282624
703 1 573440 577536
510 1 282624 286720
898 1 155648 159744
286 1 569344 573440
739 1 495616 499712
429 1 471040 479232
707 1 143360 147456
66 1 524288 528384
74 1 192512 196608
74 1 262144 274432
66 1 532480 544768
75 1 131072 135168
79 1 69632 73728
75 1 143360 147456
75 1 151552 155648
79 1 81920 86016
75 1 184320 188416
75 1 200704 208896
75 1 212992 217088
75 1 311296 315392
429 1 479232 483328
75 1 319488 323584
75 1 401408 405504
75 1 409600 413696
75 1 417792 421888
75 1 425984 430080
66 1 393216 397312
76 1 57344 61440
66 1 425984 430080
454 2 540672 589824 589824 598016
751 1 131072 135168
454 1 598016 602112
107 1 368640 372736
841 1 589824 593920
125 1 602112 606208
136 1 356352 368640
898 1 155648 159744
545 1 405504 409600
552 1 143360 151552
463 1 20480 24576
464 7 0 65536 65536 131072 131072 196608 196608 262144 262144 327680 327680 393216 393216 401408
463 9 24576 65536 65536 131072 131072 196608 196608 262144 262144 327680 327680 393216 393216 458752 458752 524288 524288 540672
113 1 327680 331776
463 2 540672 589824 589824 655360
464 4 401408 458752 458752 524288 524288 589824 589824 655360
465 4 0 65536 65536 131072 131072 196608 196608 262144
919 1 536576 540672
873 1 299008 307200
860 1 4096 8192
465 6 262144 327680 327680 393216 393216 458752 458752 524288 524288 589824 589824 655360
466 2 0 65536 65536 122880
510 1 286720 307200
267 1 192512 196608
466 5 122880 131072 131072 196608 196608 262144 262144 327680 327680 380928
219 1 352256 360448
510 1 307200 311296
349 1 397312 401408
363 1 262144 266240
190 1 339968 344064
190 1 348160 352256
190 1 401408 405504
190 1 409600 413696
156 1 425984 430080
873 1 303104 311296
301 1 573440 577536
367 1 462848 466944
510 2 311296 327680 327680 331776
510 1 331776 335872
932 1 375808 377344
384 1 294912 299008
470 2 249856 262144 262144 266240
932 1 377344 379392
470 1 266240 270336
173 1 430080 434176
21 1 245760 253952
770 1 4096 8192
110 1 352256 356352
110 1 360448 364544
110 1 368640 372736
950 1 286720 290816
950 1 368640 372736
950 1 397312 401408
950 1 520192 524288
950 1 548864 552960
950 1 569344 573440
950 1 593920 598016
951 1 16384 20480
951 1 36864 40960
951 1 77824 81920
951 1 163840 167936
952 1 12288 16384
951 1 176128 184320
952 1 69632 73728
951 1 192512 196608
952 1 110592 114688
951 1 245760 249856
952 1 192512 196608
951 1 319488 323584
951 1 405504 409600
952 1 253952 258048
952 1 303104 307200
952 1 360448 364544
952 1 438272 442368
951 1 503808 507904
952 1 479232 487424
951 1 606208 614400
952 1 606208 610304
953 1 8192 12288
953 1 118784 122880
953 1 139264 147456
953 1 184320 188416
953 1 368640 372736
953 1 405504 409600
931 1 643072 647168
953 1 442368 446464
932 1 94208 98304
953 1 589824 593920
955 1 176128 180224
953 1 598016 610304
822 1 393216 397312
831 1 77824 86016
833 1 602112 606208
953 1 651264 655360
955 1 393216 397312
936 1 487424 491520
933 1 303104 307200
937 1 69632 73728
934 1 12288 16384
954 1 8192 12288
955 1 434176 438272
955 1 450560 458752
955 1 487424 491520
959 1 393216 397312
955 1 548864 552960
955 1 589824 593920
954 1 28672 32768
945 1 573440 577536
956 1 4096 8192
954 1 53248 57344
937 1 344064 348160
946 1 548864 552960
956 1 16384 20480
954 1 69632 73728
988 1 561152 565248
946 1 565248 569344
988 1 647168 651264
954 1 172032 176128
1 1 86016 90112
10 1 196608 200704
956 1 28672 32768
954 1 196608 200704
14 1 155648 159744
14 1 172032 176128
10 1 249856 253952
330 1 430080 442368
954 1 233472 237568
39 1 372736 376832
66 1 450560 454656
954 1 249856 253952
956 2 57344 65536 65536 90112
10 1 299008 303104
954 1 393216 397312
954 1 413696 417792
956 1 131072 135168
827 1 53248 57344
928 1 221184 225280
10 1 348160 352256
956 1 163840 172032
12 1 241664 245760
994 1 393216 397312
6 1 344064 348160
7 1 28672 32768
7 1 614400 618496
929 1 274432 278528
8 1 98304 102400
32 1 438272 442368
954 1 430080 434176
954 1 610304 614400
33 1 475136 479232
954 1 622592 626688
955 1 0 4096
330 1 442368 446464
955 1 28672 36864
29 1 438272 442368
70 1 417792 421888
29 1 618496 622592
71 1 61440 65536
71 1 147456 151552
30 1 389120 393216
71 1 282624 286720
31 1 0 4096
71 1 589824 593920
79 1 512000 516096
31 1 151552 155648
73 1 393216 397312
73 1 585728 589824
74 1 90112 94208
72 1 274432 278528
72 1 561152 565248
74 1 188416 192512
73 1 241664 245760
75 1 643072 647168
76 1 241664 245760
89 1 475136 479232
31 1 208896 212992
130 1 135168 139264
31 1 561152 565248
67 1 569344 573440
68 1 565248 569344
69 1 36864 40960
69 1 86016 90112
69 1 135168 143360
69 1 188416 192512
69 1 237568 241664
69 1 290816 294912
69 1 339968 344064
69 1 389120 393216
69 1 532480 536576
69 1 651264 655360
70 1 45056 49152
70 1 98304 102400
70 1 167936 172032
82 1 372736 376832
82 1 421888 430080
132 1 188416 192512
499 1 339968 348160
22 1 532480 540672
22 1 544768 548864
283 1 311296 315392
260 1 544768 548864
257 1 385024 389120
990 1 409600 413696
867 1 217088 221184
869 1 335872 339968
863 1 118784 122880
871 1 413696 417792
920 1 172032 176128
916 1 229376 233472
863 1 598016 602112
916 1 446464 450560
920 1 323584 327680
873 1 466944 475136
921 1 647168 651264
993 1 507904 512000
914 1 131072 135168
920 1 483328 487424
921 1 380928 385024
995 1 507904 512000
995 1 524288 528384
926 1 131072 135168
995 1 540672 544768
134 1 245760 249856
995 1 557056 561152
139 1 122880 126976
144 1 577536 581632
995 1 573440 577536
145 1 102400 106496
136 1 299008 303104
142 1 53248 61440
152 1 73728 77824
146 1 155648 159744
154 1 126976 131072
148 1 376832 380928
149 1 651264 655360
212 1 397312 401408
995 1 593920 598016
995 1 610304 614400
995 1 626688 630784
998 1 536576 540672
997 1 278528 282624
999 1 643072 647168
0 1 602112 606208
3 1 110592 114688
55 1 348160 352256
997 1 294912 299008
765 1 417792 421888
56 1 552960 561152
941 1 401408 405504
385 1 524288 528384
59 1 372736 376832
653 1 483328 487424
59 1 421888 425984
60 1 405504 409600
540 1 450560 454656
62 1 249856 262144
493 1 28672 32768
62 1 262144 294912
98 1 569344 581632
606 1 307200 315392
493 1 544768 548864
600 1 4096 8192
702 1 397312 405504
600 1 69632 73728
600 1 225280 229376
600 1 233472 237568
857 1 176128 180224
708 1 262144 266240
734 1 151552 155648
364 1 610304 614400
470 1 446464 450560
497 2 151552 196608 196608 217088
418 2 0 65536 65536 106496
497 1 217088 221184
418 1 106496 110592
128 1 135168 139264
898 1 155648 159744
970 1 552960 557056
898 1 155648 159744
320 1 528384 532480
1 1 397312 405504
556 1 389120 393216
66 1 393216 397312
66 1 425984 430080
74 1 262144 274432
75 1 131072 135168
66 1 524288 528384
75 1 143360 147456
66 1 532480 544768
75 1 151552 155648
75 1 184320 188416
79 1 69632 73728
833 1 393216 397312
832 1 32768 36864
879 1 581632 585728
832 1 49152 53248
75 1 200704 204800
79 1 81920 86016
833 1 389120 393216
879 1 589824 598016
162 1 557056 561152
494 1 524288 528384
75 1 208896 212992
75 1 217088 221184
75 1 311296 315392
769 1 524288 528384
75 1 319488 323584
613 1 40960 45056
75 1 401408 405504
75 1 409600 413696
784 1 569344 573440
600 1 0 4096
720 1 20480 24576
75 1 417792 421888
75 1 425984 430080
76 1 57344 61440
777 1 344064 348160
545 1 122880 126976
66 1 524288 528384
66 1 532480 544768
74 1 262144 274432
75 1 131072 135168
79 1 69632 73728
75 1 143360 147456
79 1 81920 86016
75 1 151552 155648
75 1 184320 188416
75 1 200704 204800
75 1 208896 212992
75 1 217088 221184
75 1 311296 315392
75 1 319488 323584
75 1 401408 405504
75 1 409600 413696
75 1 417792 421888
75 1 425984 430080
76 1 57344 61440
662 1 86016 94208
66 1 393216 397312
66 1 425984 430080
835 1 90112 94208
1 1 393216 405504
495 1 90112 94208
939 1 196608 200704
495 1 98304 102400
552 1 569344 573440
939 1 262144 266240
495 1 454656 458752
708 1 12288 16384
940 1 73728 77824
771 1 495616 499712
5 1 249856 253952
990 1 393216 397312
492 1 528384 532480
492 1 589824 593920
493 1 0 4096
493 1 81920 86016
600 1 16384 20480
898 1 155648 159744
898 1 155648 159744
333 1 397312 401408
489 1 614400 618496
507 1 290816 294912
94 1 495616 499712
993 1 86016 90112
421 1 528384 532480
66 1 393216 397312
510 1 335872 344064
66 1 425984 430080
66 1 524288 528384
75 1 131072 135168
74 1 262144 274432
66 1 532480 544768
75 1 143360 147456
75 1 151552 155648
75 1 184320 188416
79 1 69632 73728
79 1 81920 86016
75 1 200704 212992
75 1 311296 315392
75 1 319488 323584
75 1 401408 405504
510 1 344064 348160
75 1 409600 413696
75 1 417792 421888
75 1 425984 430080
76 1 57344 61440
898 1 155648 163840
898 1 159744 163840
226 1 225280 229376
821 1 462848 466944
957 1 458752 462848
739 1 495616 499712
411 1 561152 565248
958 1 593920 598016
58 1 602112 606208
917 1 139264 143360
956 1 647168 651264
121 1 4096 8192
898 1 159744 163840
507 1 286720 290816
510 1 348160 356352
510 1 356352 360448
898 1 159744 163840
619 1 16384 20480
977 3 512000 524288 524288 589824 589824 655360
978 3 0 65536 65536 131072 131072 184320
739 1 512000 520192
834 1 61440 65536
988 1 331776 348160
0 1 299008 307200
988 1 626688 643072
449 1 348160 364544
455 1 540672 552960
449 1 364544 368640
925 1 421888 425984
983 1 86016 102400
925 1 434176 438272
985 1 593920 610304
983 2 118784 131072 131072 135168
759 1 225280 241664
220 1 245760 262144
983 1 151552 167936
983 2 184320 196608 196608 200704
759 1 241664 258048
984 1 282624 299008
992 1 413696 430080
983 1 217088 233472
990 1 544768 561152
983 1 233472 249856
983 1 282624 299008
948 1 28672 45056
994 1 167936 184320
739 1 581632 585728
898 1 159744 163840
764 1 28672 32768
20 1 172032 176128
65 1 106496 110592
75 1 131072 135168
74 1 262144 274432
739 1 516096 520192
75 1 143360 147456
66 1 524288 528384
75 1 151552 155648
75 1 184320 188416
66 1 532480 544768
79 1 69632 73728
75 1 200704 208896
79 1 81920 86016
75 1 212992 217088
75 1 311296 315392
75 1 319488 323584
75 1 401408 405504
75 1 409600 413696
75 1 417792 421888
75 1 425984 430080
739 1 581632 585728
898 1 159744 163840
76 1 57344 61440
66 1 393216 397312
66 1 425984 430080
739 1 516096 520192
976 1 569344 573440
352 1 32768 36864
21 1 304640 305152
679 1 430080 434176
739 1 581632 589824
66 1 524288 528384
66 1 532480 544768
75 1 131072 135168
75 1 143360 147456
75 1 151552 155648
74 1 262144 274432
79 1 69632 73728
75 1 184320 188416
79 1 81920 86016
66 1 393216 397312
75 1 200704 212992
75 1 311296 315392
66 1 425984 430080
75 1 319488 323584
75 1 401408 405504
75 1 409600 413696
75 1 417792 421888
75 1 425984 430080
76 1 57344 61440
407 1 524288 557056
6 1 540672 557056
773 1 430080 434176
724 1 229376 233472
374 1 614400 618496
299 1 421888 425984
48 1 577536 581632
99 1 135168 139264
774 1 507904 512000
374 1 626688 630784
6 1 651264 655360
1 1 393216 397312
833 1 233472 237568
492 1 589824 593920
493 1 0 4096
493 1 303104 307200
544 1 131072 135168
769 1 462848 466944
769 1 544768 548864
821 1 471040 475136
46 1 286720 290816
46 1 315392 319488
46 1 327680 331776
46 1 425984 430080
600 1 4096 8192
600 1 458752 462848
407 1 557056 561152
1 1 413696 417792
493 1 8192 16384
619 1 544768 548864
493 1 32768 36864
614 2 516096 524288 524288 528384
297 1 253952 258048
619 1 557056 561152
898 1 159744 163840
614 1 532480 536576
620 1 462848 466944
620 1 475136 479232
708 1 479232 483328
510 1 360448 368640
873 2 307200 327680 327680 335872
510 1 368640 372736
510 1 372736 393216
510 1 393216 397312
166 1 86016 90112
166 1 98304 102400
138 1 315392 319488
66 1 524288 528384
75 1 131072 135168
66 1 532480 544768
74 1 262144 274432
75 1 143360 147456
75 1 151552 155648
79 1 69632 73728
79 1 81920 86016
75 1 184320 188416
75 1 200704 204800
75 1 212992 217088
75 1 311296 315392
75 1 319488 323584
75 1 401408 405504
75 1 409600 413696
75 1 417792 421888
75 1 425984 430080
76 1 57344 61440
343 1 479232 499712
343 1 499712 503808
873 1 331776 339968
47 1 380928 385024
491 3 241664 262144 262144 327680 327680 331776
510 1 397312 417792
510 1 417792 421888
491 1 331776 335872
66 1 524288 528384
66 1 532480 544768
74 1 262144 274432
75 1 131072 135168
79 1 69632 73728
75 1 143360 147456
75 1 151552 155648
79 1 81920 86016
75 1 184320 188416
75 1 200704 204800
75 1 212992 221184
75 1 311296 315392
75 1 319488 323584
75 1 401408 405504
75 1 409600 413696
75 1 417792 421888
861 2 253952 262144 262144 266240
75 1 425984 430080
76 1 57344 61440
814 1 258048 262144
66 1 393216 397312
66 1 425984 430080
475 1 536576 544768
589 1 548864 561152
534 1 196608 217088
454 2 421888 458752 458752 483328
62 1 372736 376832
454 1 483328 487424
452 1 401408 405504
1 1 393216 405504
660 1 376832 380928
832 1 65536 69632
609 1 315392 319488
325 1 163840 167936
832 1 131072 135168
609 1 524288 528384
883 1 262144 266240
397 1 155648 159744
492 1 573440 577536
323 1 393216 397312
614 1 217088 221184
114 1 258048 262144
62 1 184320 196608
339 1 462848 487424
503 1 458752 495616
339 1 487424 491520
503 1 495616 499712
873 1 335872 344064
775 1 397312 401408
510 1 421888 442368
994 1 512000 516096
510 1 442368 446464
66 1 393216 397312
66 1 425984 430080
75 1 131072 135168
75 1 143360 147456
74 1 262144 274432
75 1 151552 155648
66 1 524288 528384
66 1 532480 544768
79 1 69632 73728
75 1 184320 188416
79 1 81920 86016
75 1 200704 212992
75 1 311296 315392
75 1 319488 323584
75 1 401408 405504
75 1 409600 413696
75 1 417792 421888
75 1 425984 430080
76 1 57344 61440
424 1 24576 28672
567 1 40960 45056
698 1 204800 208896
437 1 20480 32768
687 1 548864 552960
437 1 32768 36864
776 1 114688 118784
586 1 512000 516096
586 1 520192 524288
857 1 479232 483328
359 1 462848 495616
926 1 339968 344064
359 1 495616 499712
725 1 585728 589824
432 1 651264 655360
433 2 0 65536 65536 94208
433 1 94208 98304
776 1 118784 122880
108 1 487424 491520
493 2 188416 196608 196608 200704
427 1 626688 638976
66 1 393216 397312
66 1 425984 430080
427 1 638976 643072
493 1 200704 204800
809 1 286720 294912
766 1 409600 413696
777 1 540672 544768
873 1 339968 352256
510 2 446464 458752 458752 466944
510 1 466944 471040
33 1 495616 503808
197 1 434176 438272
329 1 585728 589824
470 1 36864 65536
66 1 524288 528384
74 1 262144 274432
66 1 532480 544768
75 1 131072 135168
75 1 143360 147456
75 1 151552 155648
79 1 69632 73728
75 1 184320 188416
79 1 81920 86016
75 1 200704 204800
470 1 65536 69632
75 1 212992 221184
75 1 311296 315392
75 1 319488 323584
75 1 401408 405504
75 1 409600 413696
75 1 417792 421888
75 1 425984 430080
76 1 57344 61440
225 1 516096 520192
223 1 409600 421888
66 1 393216 397312
66 1 425984 430080
216 1 335872 339968
465 1 393216 397312
779 1 315392 319488
765 1 106496 110592
396 1 401408 413696
383 1 217088 233472
396 1 413696 417792
964 1 634880 638976
964 1 643072 647168
454 1 602112 634880
635 1 638976 643072
383 1 233472 237568
66 1 393216 397312
416 1 4096 8192
487 1 278528 282624
777 1 548864 552960
74 1 262144 274432
66 1 425984 430080
66 1 524288 528384
75 1 131072 135168
75 1 143360 147456
66 1 532480 544768
75 1 151552 155648
454 1 634880 638976
75 1 184320 188416
79 1 69632 73728
79 1 81920 86016
75 1 200704 204800
75 1 208896 217088
75 1 311296 315392
75 1 319488 323584
75 1 401408 405504
75 1 409600 413696
75 1 417792 421888
75 1 425984 430080
76 1 57344 61440
468 1 200704 204800
635 1 512000 516096
578 1 159744 163840
635 1 102400 106496
468 2 98304 131072 131072 147456
468 1 147456 151552
33 1 417792 425984
189 1 376832 380928
716 1 503808 507904
867 1 372736 376832
691 1 536576 540672
722 1 172032 176128
388 1 507904 512000
873 1 348160 356352
510 1 471040 491520
66 1 393216 397312
66 1 425984 430080
66 1 524288 528384
1 1 393216 409600
66 1 532480 544768
555 1 196608 200704
75 1 131072 135168
833 1 393216 397312
606 1 393216 397312
75 1 143360 147456
833 1 401408 405504
79 1 69632 73728
832 1 65536 69632
75 1 151552 155648
74 1 262144 274432
971 1 458752 462848
79 1 81920 86016
385 1 421888 425984
75 1 184320 188416
385 1 430080 434176
75 1 200704 204800
846 1 446464 450560
75 1 212992 217088
893 1 155648 180224
769 1 528384 532480
75 1 311296 315392
637 1 90112 94208
75 1 319488 323584
510 1 491520 495616
46 1 278528 282624
75 1 401408 405504
866 1 184320 188416
154 1 602112 606208
260 1 528384 532480
75 1 409600 413696
75 1 417792 421888
75 1 425984 430080
76 1 57344 61440
777 1 122880 126976
61 1 548864 557056
349 1 397312 401408
262 1 286720 290816
510 1 495616 516096
342 2 303104 327680 327680 380928
112 1 565248 569344
366 2 577536 589824 589824 655360
367 1 0 16384
510 1 516096 520192
342 1 380928 385024
367 1 16384 20480
439 1 266240 270336
494 1 380928 385024
926 1 204800 208896
664 1 569344 573440
893 1 385024 389120
963 1 262144 270336
336 2 118784 131072 131072 151552
273 1 217088 221184
937 1 454656 458752
359 1 475136 487424
15 1 348160 352256
463 2 364544 393216 393216 397312
233 1 425984 430080
233 1 536576 540672
233 1 585728 589824
233 1 417792 421888
359 1 487424 491520
336 1 151552 155648
873 1 352256 376832
463 1 397312 401408
912 1 73728 77824
476 1 512000 520192
510 2 520192 524288 524288 540672
233 1 421888 425984
476 1 520192 524288
725 1 557056 565248
764 1 258048 262144
633 1 618496 622592
510 1 540672 544768
510 1 544768 565248
380 1 507904 520192
510 1 565248 569344
777 1 552960 557056
380 1 520192 524288
446 1 430080 434176
0 1 163840 172032
354 1 286720 294912
66 1 524288 528384
66 1 532480 544768
75 1 131072 135168
79 1 69632 73728
74 1 262144 274432
75 1 143360 147456
75 1 151552 155648
79 1 81920 86016
75 1 184320 188416
75 1 200704 204800
443 1 593920 610304
75 1 212992 221184
75 1 311296 315392
75 1 319488 323584
75 1 401408 405504
75 1 409600 413696
75 1 417792 421888
75 1 425984 430080
76 1 57344 61440
443 1 610304 614400
842 1 176128 180224
759 1 638976 643072
499 1 397312 401408
874 1 126976 131072
155 1 4096 8192
224 1 491520 495616
127 2 503808 524288 524288 561152
488 2 389120 393216 393216 413696
66 1 393216 397312
66 1 425984 430080
488 1 413696 417792
0 1 20480 24576
0 1 36864 40960
127 1 561152 565248
19 1 471040 475136
691 1 565248 569344
639 1 86016 90112
778 1 106496 110592
707 1 626688 630784
422 2 69632 131072 131072 167936
421 1 299008 303104
409 1 385024 389120
199 1 176128 180224
422 1 167936 172032
571 1 389120 393216
181 1 307200 319488
181 1 323584 327680
756 1 421888 442368
397 1 479232 491520
397 1 495616 499712
717 1 65536 86016
833 1 393216 397312
839 3 507904 524288 524288 589824 589824 618496
835 3 106496 131072 131072 196608 196608 221184
902 1 364544 368640
677 2 274432 327680 327680 389120
372 1 36864 49152
989 1 335872 339968
468 1 524288 528384
372 1 49152 53248
778 1 110592 114688
484 2 61440 65536 65536 126976
677 1 389120 393216
418 1 647168 655360
419 1 0 4096
294 1 200704 208896
294 1 204800 208896
317 1 618496 655360
190 1 106496 110592
605 1 106496 110592
654 1 53248 57344
536 1 507904 516096
359 1 118784 131072
318 1 0 4096
484 1 126976 131072
397 2 241664 262144 262144 274432
870 1 638976 643072
397 1 274432 278528
603 1 618496 622592
418 1 614400 622592
778 1 114688 118784
734 1 16384 20480
876 1 413696 417792
379 1 303104 319488
775 1 520192 524288
23 1 40960 45056
956 1 45056 49152
874 1 159744 163840
879 1 32768 36864
754 1 507904 512000
260 1 540672 548864
413 1 335872 393216
379 1 319488 323584
592 2 155648 196608 196608 245760
963 1 266240 278528
413 1 393216 397312
109 1 442368 442880
3 1 393216 394240
140 1 536576 547328
592 1 245760 249856
141 2 442368 458752 458752 487424
519 1 638976 643072
778 1 118784 122880
416 1 200704 212992
463 2 401408 458752 458752 462848
75 1 131072 135168
75 1 143360 147456
66 1 524288 528384
75 1 151552 155648
75 1 184320 188416
74 1 262144 274432
66 1 532480 544768
1 1 405504 409600
198 1 540672 544768
556 1 389120 393216
75 1 200704 208896
79 1 69632 73728
833 1 393216 401408
770 1 393216 397312
75 1 217088 221184
79 1 81920 86016
75 1 311296 315392
22 1 266240 270336
688 1 339968 344064
66 1 393216 397312
75 1 319488 323584
66 1 425984 430080
75 1 401408 405504
430 1 286720 290816
439 1 221184 225280
416 1 212992 217088
75 1 409600 413696
430 1 299008 303104
75 1 417792 421888
419 1 4096 8192
75 1 425984 430080
776 1 327680 331776
777 1 81920 86016
76 1 57344 61440
463 1 462848 466944
333 1 401408 405504
862 1 131072 135168
28 1 286720 290816
846 1 593920 598016
898 1 159744 163840
776 1 118784 122880
38 1 262144 266240
430 1 53248 57344
387 1 589824 602112
430 1 53248 57344
387 1 602112 606208
748 2 49152 65536 65536 131072
27 1 57344 65536
873 1 372736 393216
873 1 393216 401408
808 1 581632 585728
825 1 200704 204800
510 1 569344 589824
739 1 565248 573440
748 1 131072 135168
510 1 589824 593920
739 1 503808 512000
739 1 573440 577536
30 1 552960 561152
29 1 598016 602112
394 1 204800 208896
456 1 471040 499712
776 1 151552 155648
471 1 151552 172032
805 1 98304 102400
456 1 499712 503808
739 1 507904 512000
898 1 159744 172032
892 1 221184 225280
739 1 573440 585728
451 1 643072 647168
237 1 311296 315392
242 1 331776 335872
401 1 479232 495616
401 1 495616 499712
379 2 323584 327680 327680 344064
734 1 155648 159744
929 1 540672 544768
906 1 73728 77824
677 1 393216 434176
777 1 540672 544768
372 2 53248 65536 65536 77824
379 1 344064 348160
989 1 335872 339968
592 2 249856 262144 262144 299008
372 1 77824 81920
677 1 434176 438272
592 1 299008 303104
677 2 438272 458752 458752 462848
324 2 184320 196608 196608 241664
32 2 258048 262144 262144 266240
324 1 241664 245760
28 1 81920 86016
777 1 548864 552960
410 1 172032 196608
399 1 352256 356352
410 1 196608 200704
893 1 176128 188416
805 1 294912 299008
815 2 126976 131072 131072 135168
510 1 593920 614400
41 1 307200 311296
898 1 163840 167936
370 1 593920 655360
371 1 0 49152
510 1 614400 618496
371 1 49152 53248
698 1 225280 229376
577 1 122880 126976
835 1 90112 94208
43 1 196608 200704
1 1 393216 405504
495 1 98304 102400
495 1 454656 458752
552 1 569344 573440
257 1 442368 446464
410 1 118784 122880
708 1 32768 36864
939 1 196608 200704
939 1 262144 266240
940 1 73728 77824
990 1 393216 397312
492 1 528384 532480
492 1 589824 593920
493 1 81920 86016
677 1 462848 466944
46 1 266240 270336
46 1 319488 323584
46 1 471040 475136
47 1 417792 421888
926 1 270336 274432
926 1 282624 294912
926 1 299008 303104
926 1 315392 319488
926 1 348160 352256
926 1 376832 380928
893 1 184320 192512
928 1 8192 12288
928 1 24576 28672
928 1 40960 45056
926 1 385024 393216
928 1 61440 65536
926 1 397312 405504
928 1 77824 81920
926 1 417792 425984
926 1 446464 450560
926 1 462848 466944
928 1 86016 90112
928 1 94208 98304
510 1 618496 638976
928 1 102400 106496
926 1 471040 495616
928 1 110592 118784
928 1 143360 147456
928 1 163840 167936
926 2 520192 524288 524288 528384
928 2 192512 196608 196608 200704
926 1 532480 536576
926 1 540672 548864
928 1 253952 258048
928 1 274432 278528
928 1 286720 290816
928 1 307200 311296
926 1 565248 573440
928 1 315392 319488
926 1 577536 581632
926 1 585728 589824
926 1 598016 602112
926 1 618496 622592
926 1 634880 647168
927 1 0 4096
927 1 32768 36864
928 1 372736 380928
927 1 65536 69632
592 2 303104 327680 327680 360448
927 1 73728 81920
927 1 94208 106496
510 1 638976 643072
927 1 114688 118784
927 1 139264 143360
927 1 167936 180224
928 1 385024 389120
927 1 208896 212992
927 1 217088 221184
928 1 393216 401408
927 1 229376 233472
928 1 405504 409600
927 1 253952 258048
928 1 417792 421888
927 1 274432 282624
928 1 442368 446464
927 1 299008 303104
928 1 483328 487424
927 1 319488 323584
928 1 544768 548864
928 1 557056 561152
928 1 573440 577536
928 1 581632 589824
928 1 593920 598016
928 1 606208 610304
928 1 626688 634880
928 1 651264 655360
929 1 45056 57344
927 1 352256 372736
927 1 385024 389120
927 1 434176 438272
927 1 442368 450560
927 1 495616 499712
929 1 61440 65536
929 1 73728 77824
929 1 81920 86016
592 1 360448 364544
927 1 503808 507904
927 1 569344 573440
927 1 593920 598016
927 1 606208 610304
927 1 618496 622592
927 1 643072 647168
66 1 393216 397312
929 1 94208 98304
66 1 425984 430080
929 1 110592 114688
929 1 126976 131072
929 1 176128 180224
929 1 188416 192512
929 1 204800 208896
929 1 221184 225280
929 1 262144 266240
929 1 270336 274432
929 1 282624 290816
66 1 524288 528384
929 1 303104 307200
66 1 532480 544768
929 1 323584 327680
75 1 131072 135168
929 1 344064 348160
74 1 262144 274432
75 1 143360 147456
79 1 69632 73728
75 1 151552 155648
929 1 360448 368640
79 1 81920 86016
75 1 184320 188416
929 2 389120 393216 393216 397312
75 1 200704 212992
931 1 131072 139264
931 1 147456 151552
75 1 311296 315392
931 1 167936 172032
75 1 319488 323584
75 1 401408 405504
931 1 176128 180224
929 1 405504 413696
75 1 409600 413696
929 1 430080 434176
931 1 204800 208896
929 1 454656 458752
929 1 483328 487424
931 1 229376 233472
929 1 491520 495616
75 1 417792 421888
929 1 516096 520192
929 1 540672 561152
931 1 245760 249856
929 1 565248 569344
929 1 573440 577536
931 1 270336 274432
75 1 425984 430080
929 1 602112 606208
931 1 290816 294912
929 1 610304 618496
76 1 57344 61440
931 1 299008 303104
929 1 622592 626688
931 1 348160 352256
929 1 630784 634880
931 1 356352 360448
929 1 643072 651264
931 1 368640 372736
931 2 389120 393216 393216 401408
931 1 409600 417792
949 1 94208 98304
950 1 4096 8192
931 1 430080 442368
937 1 610304 614400
931 1 458752 462848
938 1 4096 8192
938 1 208896 212992
950 1 356352 360448
931 1 475136 483328
931 1 491520 499712
930 1 12288 16384
930 1 28672 32768
931 1 503808 507904
930 1 73728 81920
930 1 98304 102400
193 1 393216 397312
930 1 118784 126976
931 1 516096 520192
930 1 135168 139264
930 1 143360 151552
931 1 540672 544768
930 1 221184 225280
930 1 233472 237568
930 1 241664 245760
930 1 262144 274432
930 1 286720 290816
930 1 294912 299008
196 1 53248 61440
931 1 548864 552960
930 1 319488 327680
931 1 557056 565248
930 1 335872 352256
931 1 569344 573440
930 1 360448 364544
931 2 585728 589824 589824 593920
930 1 417792 430080
931 1 602112 614400
930 1 446464 454656
930 1 471040 475136
930 1 487424 491520
930 1 507904 512000
930 1 516096 520192
931 1 622592 630784
931 1 634880 643072
931 1 651264 655360
952 1 159744 163840
932 1 12288 16384
932 1 24576 32768
443 1 614400 626688
930 1 536576 544768
930 1 561152 569344
960 1 16384 20480
960 1 147456 151552
960 1 450560 454656
932 2 57344 65536 65536 69632
933 1 8192 16384
933 1 57344 65536
933 1 81920 90112
933 1 630784 634880
956 1 614400 618496
957 1 73728 77824
957 1 311296 315392
930 1 573440 581632
957 1 348160 352256
930 1 602112 606208
958 1 282624 286720
959 1 90112 94208
931 1 0 4096
961 1 307200 311296
931 1 32768 36864
962 1 274432 278528
931 1 45056 49152
964 1 483328 487424
963 1 49152 53248
931 1 61440 65536
976 1 61440 65536
931 1 69632 81920
931 1 106496 110592
976 1 516096 520192
931 1 118784 126976
977 1 315392 319488
972 1 532480 536576
941 1 258048 262144
942 1 446464 450560
973 1 331776 335872
959 1 307200 311296
974 1 131072 135168
959 1 393216 397312
959 1 589824 593920
974 1 348160 352256
970 1 20480 28672
943 1 143360 147456
970 1 479232 483328
974 1 499712 503808
943 1 491520 495616
975 1 245760 249856
443 1 626688 630784
953 1 401408 405504
956 1 176128 180224
956 1 237568 245760
956 1 270336 274432
971 1 278528 282624
978 1 114688 118784
972 1 77824 81920
978 1 569344 573440
956 1 495616 499712
966 1 618496 622592
967 1 364544 368640
967 1 593920 598016
968 1 405504 409600
968 1 434176 438272
968 1 520192 524288
968 1 634880 638976
969 1 24576 28672
969 1 217088 221184
22 1 262144 266240
465 1 393216 397312
979 1 368640 372736
980 1 167936 172032
980 1 380928 385024
402 1 364544 368640
59 1 24576 28672
807 1 327680 331776
660 1 307200 311296
475 2 57344 65536 65536 86016
672 1 81920 98304
779 1 98304 102400
592 2 364544 393216 393216 430080
475 1 86016 90112
833 1 393216 397312
592 1 430080 434176
493 1 94208 106496
161 1 61440 65536
299 1 131072 135168
493 1 106496 110592
448 2 364544 393216 393216 401408
748 1 135168 188416
468 1 626688 638976
419 1 430080 442368
448 1 401408 405504
748 1 188416 192512
680 1 57344 61440
510 1 208896 212992
102 1 425984 430080
679 1 430080 434176
468 1 638976 643072
833 1 393216 397312
493 1 110592 122880
805 1 364544 368640
289 1 385024 389120
371 1 348160 360448
493 1 122880 126976
85 1 143360 147456
314 1 24576 40960
272 1 278528 286720
373 1 278528 294912
314 1 40960 45056
898 1 163840 167936
34 1 360448 364544
579 1 225280 229376
784 1 327680 331776
431 1 618496 647168
912 1 114688 118784
832 1 49152 53248
833 1 389120 393216
935 1 90112 94208
373 1 294912 299008
61 1 258048 262144
436 1 417792 421888
833 1 393216 397312
108 1 565248 569344
776 1 376832 380928
841 1 565248 569344
385 1 438272 442368
991 1 49152 53248
879 1 16384 20480
662 1 290816 294912
770 1 397312 401408
419 1 442368 446464
612 1 577536 581632
154 1 602112 606208
431 1 647168 651264
898 1 163840 167936
321 1 69632 106496
321 1 106496 110592
842 1 180224 184320
285 1 176128 180224
207 1 131072 135168
47 1 8192 20480
47 1 24576 28672
789 1 372736 385024
505 1 69632 81920
847 1 90112 102400
789 1 389120 393216
847 1 106496 110592
505 1 86016 90112
483 1 176128 180224
792 1 331776 344064
792 1 348160 352256
308 1 614400 618496
898 1 163840 167936
95 1 225280 233472
150 1 241664 245760
897 1 122880 126976
64 1 69632 73728
371 1 360448 364544
450 2 180224 196608 196608 208896
35 1 221184 225280
450 1 208896 212992
971 1 217088 221184
317 1 446464 454656
805 1 368640 372736
317 1 454656 458752
387 1 606208 622592
898 1 290816 294912
898 1 163840 167936
436 1 454656 458752
792 1 262144 266240
715 1 57344 61440
214 1 356352 364544
458 1 143360 155648
125 1 647168 651264
494 1 540672 565248
114 1 319488 323584
10 1 352256 356352
217 1 593920 598016
928 1 425984 430080
833 1 217088 221184
494 1 565248 569344
493 2 147456 196608 196608 225280
387 1 622592 626688
873 1 397312 405504
510 1 643072 655360
511 1 0 8192
493 1 225280 229376
511 1 8192 12288
898 1 163840 167936
769 1 339968 344064
560 1 589824 655360
561 1 0 28672
343 1 344064 356352
994 1 606208 610304
45 1 651264 655360
409 2 315392 327680 327680 339968
458 1 155648 159744
343 1 356352 360448
324 1 110592 114688
561 1 28672 32768
409 1 339968 344064
253 1 344064 352256
670 1 360448 364544
321 1 110592 131072
898 1 163840 167936
987 1 516096 520192
500 1 45056 49152
321 1 131072 135168
61 1 552960 557056
783 1 61440 65536
423 1 344064 352256
55 1 65536 98304
718 1 442368 446464
934 1 630784 634880
359 2 126976 131072 131072 139264
397 2 278528 327680 327680 368640
898 1 163840 167936
46 1 253952 258048
428 1 90112 102400
127 1 143360 147456
751 1 249856 253952
536 1 647168 651264
428 1 102400 106496
397 1 368640 372736
248 1 192512 196608
503 2 499712 524288 524288 528384
18 1 196608 200704
994 1 606208 610304
898 1 163840 172032
33 1 487424 495616
994 1 606208 610304
877 1 409600 413696
409 1 344064 356352
503 1 528384 532480
873 1 401408 430080
127 1 417792 421888
506 1 32768 49152
409 1 356352 360448
511 1 12288 32768
250 4 262144 327680 327680 393216 393216 458752 458752 524288
615 1 401408 405504
506 1 49152 53248
70 1 651264 655360
26 1 155648 163840
511 1 32768 36864
325 1 512000 516096
325 3 516096 524288 524288 589824 589824 626688
865 1 139264 143360
873 1 425984 438272
511 1 36864 57344
388 1 221184 225280
430 1 479232 507904
346 1 258048 262144
511 1 57344 61440
430 1 507904 512000
772 1 77824 86016
863 1 49152 53248
575 1 614400 618496
666 1 552960 557056
325 1 626688 630784
415 1 282624 294912
898 1 167936 172032
415 1 294912 299008
94 1 45056 49152
79 2 192512 196608 196608 200704
491 1 335872 385024
239 1 32768 36864
370 1 475136 479232
898 1 167936 172032
112 1 565248 569344
495 1 409600 413696
272 1 606208 610304
951 1 90112 94208
406 2 585728 589824 589824 610304
456 1 106496 118784
406 1 610304 614400
908 1 380928 393216
873 1 434176 458752
561 2 32768 65536 65536 94208
456 1 118784 122880
423 1 274432 294912
511 2 61440 65536 65536 81920
314 1 282624 286720
85 1 471040 479232
423 1 294912 299008
561 1 94208 98304
511 1 81920 86016
85 1 602112 606208
376 1 167936 172032
593 1 131072 135168
839 1 126976 131072
448 1 262144 290816
839 1 122880 126976
873 1 536576 544768
869 1 483328 487424
448 1 290816 294912
485 2 327680 393216 393216 413696
479 1 172032 176128
863 1 143360 147456
491 1 385024 389120
882 1 475136 479232
388 1 602112 614400
485 1 413696 417792
495 1 569344 573440
507 1 241664 258048
388 1 614400 618496
507 1 258048 262144
767 1 405504 409600
873 2 454656 458752 458752 462848
898 1 167936 172032
511 1 86016 106496
764 1 126976 131072
511 1 106496 110592
891 1 581632 585728
713 1 610304 614400
410 1 393216 401408
713 1 618496 622592
284 2 57344 65536 65536 73728
132 1 258048 262144
282 1 548864 552960
424 1 192512 196608
300 1 53248 57344
395 1 401408 405504
300 1 335872 339968
405 1 159744 163840
426 1 344064 348160
422 1 139264 143360
402 1 430080 434176
420 1 81920 86016
499 1 536576 548864
428 1 397312 401408
437 1 122880 126976
439 1 372736 376832
334 1 602112 606208
430 1 417792 421888
434 1 405504 409600
439 1 389120 393216
563 1 45056 49152
430 1 634880 638976
570 1 131072 135168
439 1 409600 413696
564 1 200704 204800
300 1 57344 61440
300 1 352256 356352
300 1 368640 372736
300 1 385024 389120
300 1 405504 409600
283 1 593920 598016
300 1 65536 69632
401 1 270336 274432
401 1 286720 290816
401 1 307200 311296
564 1 204800 208896
552 1 307200 311296
347 1 139264 143360
499 1 548864 552960
132 1 258048 262144
279 1 376832 380928
281 1 225280 229376
300 1 53248 61440
284 2 57344 65536 65536 73728
300 1 335872 339968
281 1 487424 491520
300 1 352256 356352
409 1 360448 385024
395 1 401408 405504
424 1 192512 196608
405 1 159744 163840
426 1 344064 348160
300 1 368640 372736
422 1 139264 143360
420 1 81920 86016
437 1 122880 126976
300 1 385024 389120
439 1 372736 376832
300 1 405504 409600
434 1 405504 409600
402 1 430080 434176
439 1 389120 393216
428 1 397312 401408
562 1 397312 401408
439 1 409600 413696
570 1 131072 135168
563 1 45056 49152
430 1 634880 638976
552 1 307200 311296
347 1 139264 143360
283 1 196608 200704
401 1 270336 274432
281 1 270336 274432
300 1 65536 69632
371 1 409600 413696
401 1 286720 290816
401 1 307200 311296
409 1 385024 389120
873 1 458752 475136
795 1 114688 122880
511 1 110592 131072
1 1 397312 401408
555 1 151552 155648
555 1 159744 167936
211 1 286720 290816
358 1 249856 253952
555 1 552960 557056
193 1 417792 421888
833 1 397312 405504
773 1 311296 315392
637 1 364544 368640
476 1 602112 655360
601 1 520192 524288
70 1 339968 344064
574 1 647168 651264
153 1 532480 536576
779 1 315392 319488
132 1 258048 262144
279 1 270336 278528
511 1 131072 135168
283 1 159744 163840
300 1 53248 61440
300 1 299008 303104
284 2 57344 65536 65536 73728
395 1 401408 405504
300 1 335872 339968
405 1 159744 163840
424 1 192512 196608
300 1 352256 356352
422 1 139264 143360
767 1 507904 512000
426 1 344064 348160
420 1 81920 86016
437 1 122880 126976
439 1 372736 376832
300 1 368640 372736
347 1 139264 143360
300 1 385024 389120
434 1 405504 409600
300 1 405504 409600
439 1 389120 393216
468 1 393216 397312
439 1 409600 413696
563 1 45056 49152
428 1 397312 401408
552 1 307200 311296
570 1 131072 139264
430 1 634880 638976
440 1 536576 540672
440 1 585728 589824
858 1 188416 192512
477 1 0 4096
677 1 466944 524288
283 1 524288 528384
401 1 270336 274432
401 1 286720 290816
300 1 65536 69632
282 1 278528 282624
401 1 307200 311296
565 1 270336 274432
552 1 311296 315392
768 1 126976 131072
776 1 114688 118784
456 2 122880 131072 131072 151552
376 1 24576 36864
677 1 524288 528384
132 1 258048 262144
280 1 405504 409600
284 2 57344 65536 65536 77824
300 1 335872 339968
300 1 352256 356352
424 1 192512 196608
300 1 368640 372736
395 1 401408 405504
405 1 159744 163840
426 1 344064 348160
300 1 385024 389120
422 1 139264 143360
420 1 81920 86016
300 1 405504 409600
428 1 397312 401408
437 1 122880 126976
434 1 405504 409600
552 1 307200 311296
563 1 45056 49152
430 1 634880 638976
347 1 139264 143360
531 1 413696 417792
278 1 360448 364544
439 1 638976 643072
376 1 36864 40960
456 1 151552 155648
570 1 131072 139264
280 1 147456 151552
470 1 40960 45056
287 1 507904 512000
526 1 548864 552960
301 1 507904 512000
552 1 311296 315392
280 1 352256 356352
522 1 385024 393216
522 1 397312 401408
466 1 446464 450560
281 1 61440 65536
532 1 647168 651264
281 1 557056 561152
282 1 4096 8192
525 1 405504 409600
117 1 581632 585728
62 1 372736 376832
898 1 167936 172032
804 1 462848 466944
62 1 372736 376832
132 1 258048 262144
347 1 139264 143360
278 1 315392 319488
284 2 57344 65536 65536 69632
284 1 73728 77824
424 1 192512 196608
428 1 397312 401408
405 1 159744 163840
422 1 139264 143360
426 1 344064 348160
434 1 405504 409600
570 1 135168 139264
420 1 81920 86016
234 1 413696 417792
280 1 110592 114688
280 1 585728 589824
430 1 634880 638976
235 1 544768 548864
439 1 638976 643072
281 1 188416 192512
301 1 507904 512000
278 1 475136 479232
287 1 507904 512000
282 1 16384 20480
278 1 528384 532480
526 1 548864 552960
330 1 282624 286720
466 1 446464 450560
552 1 311296 315392
380 1 352256 356352
525 1 405504 409600
117 1 581632 585728
568 1 172032 176128
470 1 40960 45056
522 1 385024 393216
522 1 397312 401408
421 1 299008 303104
834 1 122880 131072
771 1 552960 557056
817 1 167936 172032
873 1 471040 479232
510 1 155648 172032
764 1 102400 106496
511 1 135168 155648
510 1 172032 176128
515 1 626688 630784
511 1 155648 159744
767 1 393216 397312
444 1 413696 417792
365 1 532480 548864
556 1 413696 417792
929 1 520192 524288
773 1 65536 69632
365 1 548864 552960
325 1 634880 643072
365 1 438272 454656
325 1 643072 647168
239 1 258048 262144
32 1 290816 294912
365 1 454656 458752
437 1 94208 106496
751 1 131072 135168
682 1 36864 37376
680 1 24576 28672
437 1 106496 110592
423 1 589824 598016
751 1 131072 135168
749 1 49152 53248
423 1 598016 602112
46 1 262144 266240
190 2 192512 196608 196608 208896
883 1 372736 376832
325 1 647168 655360
326 1 0 4096
452 1 225280 241664
778 1 122880 126976
39 1 491520 503808
405 2 143360 196608 196608 217088
365 1 458752 479232
612 1 331776 335872
73 1 442368 446464
326 1 4096 8192
452 1 241664 245760
365 1 479232 483328
311 1 290816 294912
74 1 565248 573440
807 1 184320 188416
405 1 217088 221184
555 1 151552 155648
555 1 196608 200704
555 1 262144 266240
556 1 389120 393216
833 1 397312 405504
398 1 20480 24576
606 1 393216 397312
495 1 536576 540672
777 1 446464 450560
988 1 552960 557056
777 1 491520 495616
832 1 45056 53248
84 1 593920 598016
769 1 524288 528384
770 1 409600 413696
97 1 50176 62464
879 1 573440 577536
159 1 450560 454656
769 1 98304 102400
284 2 57344 65536 65536 69632
132 1 258048 262144
284 1 73728 77824
347 1 139264 143360
424 1 192512 196608
287 1 507904 512000
873 1 475136 483328
428 1 397312 401408
426 1 344064 348160
405 1 159744 163840
422 1 139264 143360
570 1 135168 139264
420 1 81920 86016
434 1 405504 409600
713 1 610304 614400
430 1 634880 638976
713 1 618496 622592
31 1 106496 110592
31 1 176128 180224
508 1 262144 290816
511 1 159744 180224
805 1 294912 299008
511 1 180224 184320
508 1 290816 294912
778 1 114688 118784
708 1 36864 40960
935 1 65536 69632
817 1 360448 368640
862 1 319488 323584
135 1 638976 643072
817 1 372736 376832
767 1 507904 512000
807 1 425984 430080
739 1 581632 585728
740 1 385024 389120
857 1 561152 565248
741 1 184320 188416
777 1 528384 532480
795 1 118784 131072
778 1 319488 327680
776 1 389120 393216
745 1 405504 409600
778 1 339968 356352
776 1 602112 606208
746 1 368640 372736
777 1 303104 307200
885 1 516096 520192
854 1 425984 434176
934 1 311296 315392
773 1 278528 282624
854 1 438272 446464
741 1 638976 643072
935 1 61440 65536
854 1 450560 458752
931 1 12288 20480
742 1 483328 487424
931 1 24576 32768
743 1 282624 286720
931 1 36864 45056
744 1 86016 90112
907 1 167936 172032
907 1 176128 184320
935 1 65536 69632
908 1 548864 552960
774 1 339968 344064
777 1 430080 434176
477 1 4096 61440
773 1 364544 368640
741 1 638976 643072
742 1 483328 487424
745 1 405504 409600
746 1 368640 372736
743 1 282624 286720
931 1 12288 20480
885 1 516096 520192
931 1 24576 32768
744 1 86016 90112
931 1 36864 40960
934 1 311296 315392
428 1 483328 491520
862 1 319488 323584
739 1 581632 585728
857 1 561152 565248
740 1 385024 389120
741 1 184320 188416
778 1 319488 327680
935 1 65536 69632
778 1 339968 356352
931 1 40960 45056
854 1 425984 434176
854 1 438272 446464
772 1 548864 552960
854 1 450560 458752
773 1 81920 86016
477 1 61440 65536
907 1 167936 172032
907 1 176128 184320
763 1 593920 598016
862 1 319488 323584
775 1 512000 516096
773 1 339968 344064
776 1 315392 319488
776 1 471040 475136
778 1 98304 102400
773 1 372736 376832
776 1 483328 487424
739 1 565248 569344
778 1 319488 327680
776 1 520192 524288
773 1 397312 401408
776 1 561152 565248
777 1 176128 180224
859 1 32768 36864
773 1 462848 466944
777 1 339968 344064
777 1 389120 393216
859 1 557056 561152
778 1 339968 344064
778 1 352256 356352
779 1 131072 135168
739 1 581632 585728
745 1 405504 409600
855 1 569344 573440
740 1 385024 389120
746 1 126976 131072
767 1 393216 397312
746 1 368640 372736
741 1 184320 188416
856 1 139264 147456
885 1 516096 520192
857 1 28672 32768
738 1 188416 192512
741 1 638976 643072
742 1 483328 487424
738 1 450560 454656
743 1 282624 286720
811 1 45056 49152
909 1 135168 139264
800 1 307200 311296
744 1 86016 90112
910 1 163840 167936
934 1 311296 315392
935 1 65536 73728
907 1 184320 188416
776 1 405504 409600
929 1 561152 565248
66 1 589824 593920
923 1 110592 114688
947 1 516096 520192
949 1 86016 90112
513 1 471040 503808
768 1 65536 69632
513 1 503808 507904
62 2 192512 196608 196608 204800
503 3 499712 524288 524288 589824 589824 593920
503 1 593920 598016
758 1 139264 143360
683 1 225280 229376
999 1 593920 598016
781 1 303104 307200
773 1 278528 286720
352 2 348160 393216 393216 409600
234 1 167936 172032
774 2 90112 131072 131072 155648
352 1 409600 413696
30 1 348160 356352
774 1 155648 159744
772 1 8192 12288
537 1 389120 393216
29 1 454656 458752
463 2 315392 327680 327680 331776
322 1 483328 487424
475 1 278528 303104
475 1 303104 307200
463 1 331776 335872
679 1 430080 434176
1 1 393216 401408
555 1 151552 155648
555 1 159744 167936
556 1 389120 393216
170 1 360448 364544
832 1 65536 69632
833 1 393216 397312
833 1 389120 393216
833 1 401408 405504
777 1 577536 581632
410 1 233472 237568
971 1 462848 466944
493 1 32768 36864
432 1 385024 389120
323 2 389120 393216 393216 397312
323 1 401408 409600
153 1 532480 536576
768 1 73728 77824
140 1 12288 16384
648 1 466944 471040
299 1 131072 135168
498 1 466944 512000
397 1 212992 241664
294 1 98304 102400
796 1 630784 634880
414 1 356352 368640
498 1 512000 516096
414 1 368640 372736
595 1 344064 352256
980 1 532480 536576
397 1 241664 245760
981 1 40960 45056
627 1 348160 352256
981 1 196608 200704
990 1 618496 622592
986 1 73728 77824
982 1 495616 499712
981 1 348160 352256
987 1 647168 655360
983 1 16384 20480
981 1 499712 503808
983 1 479232 483328
988 1 36864 40960
991 1 356352 360448
982 1 32768 36864
984 1 49152 53248
16 1 512000 516096
992 1 45056 53248
17 1 61440 65536
984 1 110592 114688
17 1 258048 262144
992 1 536576 540672
984 1 434176 438272
998 1 483328 487424
27 1 266240 270336
19 1 139264 143360
27 1 471040 475136
985 1 147456 151552
489 2 290816 327680 327680 335872
0 1 319488 323584
28 1 147456 151552
19 1 147456 151552
0 1 405504 409600
28 1 512000 516096
20 1 151552 155648
41 2 450560 458752 458752 471040
0 1 421888 430080
43 1 487424 491520
41 1 499712 520192
1 1 225280 229376
995 1 270336 274432
44 1 561152 565248
24 1 57344 61440
995 1 339968 344064
45 1 4096 8192
25 1 196608 200704
995 1 565248 569344
45 1 364544 368640
26 1 233472 237568
42 1 393216 397312
996 1 122880 126976
45 1 380928 385024
42 1 471040 475136
26 1 360448 364544
996 1 376832 380928
53 1 208896 212992
407 1 561152 565248
54 1 335872 339968
26 1 425984 430080
997 1 229376 233472
56 1 253952 258048
54 1 610304 614400
49 1 622592 626688
998 1 28672 32768
55 1 12288 16384
50 1 417792 421888
721 1 466944 471040
50 1 462848 466944
52 1 421888 425984
9 1 229376 258048
21 1 286720 290816
21 1 540672 544768
22 1 438272 442368
23 1 106496 110592
46 1 421888 425984
47 1 16384 20480
47 1 253952 258048
47 1 315392 319488
48 1 0 4096
811 1 516096 520192
56 3 520192 524288 524288 589824 589824 638976
410 1 122880 126976
48 1 36864 40960
48 1 102400 106496
48 1 651264 655360
489 1 335872 339968
981 1 266240 274432
794 1 188416 192512
248 1 294912 299008
467 1 430080 458752
40 1 466944 471040
324 1 421888 425984
603 1 622592 626688
389 1 348160 364544
467 1 458752 462848
389 1 364544 368640
885 1 315392 319488
475 1 262144 274432
475 1 274432 278528
545 1 462848 471040
516 2 114688 131072 131072 143360
296 1 303104 307200
516 1 143360 147456
765 1 32768 36864
1 1 393216 405504
556 1 389120 393216
396 1 188416 192512
832 1 32768 40960
777 1 405504 409600
832 1 65536 69632
776 1 196608 200704
833 1 393216 405504
776 1 413696 417792
971 1 466944 471040
495 1 540672 544768
777 1 53248 61440
651 1 225280 229376
159 1 462848 466944
159 1 540672 544768
636 1 618496 622592
46 1 274432 278528
323 1 163840 167936
105 1 462848 466944
316 1 540672 544768
324 1 114688 118784
852 1 151552 155648
774 1 159744 196608
661 1 73728 77824
776 1 114688 118784
774 1 196608 200704
167 1 212992 217088
454 1 40960 45056
820 1 573440 577536
44 1 45056 49152
467 2 151552 196608 196608 208896
340 1 45056 65536
295 1 159744 167936
340 1 65536 69632
467 1 208896 212992
873 1 479232 503808
327 1 286720 319488
511 2 184320 196608 196608 204800
327 1 319488 323584
776 1 139264 143360
511 1 204800 208896
195 1 172032 176128
459 1 512000 516096
333 2 516096 524288 524288 528384
333 1 528384 532480
570 1 262144 266240
426 2 319488 327680 327680 331776
895 1 118784 122880
648 1 557056 561152
369 1 159744 172032
426 1 331776 335872
775 1 409600 413696
369 1 172032 176128
333 2 389120 393216 393216 397312
333 1 405504 409600
890 2 61440 65536 65536 69632
66 1 499712 503808
381 1 458752 491520
253 1 557056 561152
782 1 290816 294912
218 1 135168 139264
62 1 651264 655360
381 1 491520 495616
775 1 4096 8192
873 1 499712 520192
374 1 163840 176128
511 1 208896 229376
568 1 421888 425984
410 1 397312 405504
132 1 258048 262144
281 1 360448 364544
374 1 176128 180224
284 2 57344 65536 65536 77824
300 1 335872 339968
300 1 352256 356352
300 1 368640 372736
395 1 401408 405504
300 1 385024 389120
400 1 229376 233472
424 1 192512 196608
300 1 405504 409600
426 1 344064 348160
405 1 159744 163840
422 1 139264 143360
402 1 430080 434176
420 1 81920 86016
428 1 397312 401408
434 1 405504 409600
437 1 122880 126976
430 1 634880 638976
511 1 229376 233472
328 2 73728 131072 131072 139264
401 1 581632 585728
928 1 425984 430080
749 1 479232 483328
940 1 69632 77824
375 1 499712 507904
328 1 139264 143360
511 1 233472 253952
891 1 360448 364544
511 1 253952 258048
375 1 507904 512000
919 1 184320 188416
561 1 212992 217088
668 1 331776 335872
333 1 401408 405504
42 2 389120 393216 393216 397312
362 1 163840 167936
612 1 577536 581632
545 1 466944 483328
775 1 413696 417792
415 1 368640 389120
516 2 147456 196608 196608 208896
190 1 372736 376832
190 1 413696 425984
415 1 389120 393216
890 1 569344 573440
516 1 208896 212992
367 1 458752 462848
824 1 143360 147456
817 1 364544 368640
824 1 466944 471040
817 1 372736 376832
603 1 299008 303104
775 1 397312 401408
537 1 389120 393216
463 1 335872 348160
523 1 139264 143360
465 1 393216 397312
826 1 8192 12288
463 1 348160 352256
478 1 167936 180224
344 1 81920 118784
376 1 589824 593920
652 1 270336 274432
478 1 180224 184320
429 1 282624 319488
781 1 303104 307200
344 1 118784 122880
833 1 393216 397312
45 1 589824 593920
429 1 319488 323584
49 1 278528 282624
784 1 86016 90112
763 1 401408 405504
437 1 569344 581632
516 1 376832 380928
706 1 77824 81920
445 2 479232 524288 524288 544768
192 1 610304 614400
625 1 118784 122880
756 1 151552 155648
625 1 122880 126976
437 1 581632 585728
838 1 360448 364544
116 1 479232 487424
445 1 544768 548864
513 2 290816 327680 327680 376832
108 1 372736 376832
515 2 401408 458752 458752 491520
117 1 290816 294912
467 2 290816 327680 327680 356352
671 1 507904 512000
793 1 622592 626688
478 1 147456 151552
515 1 491520 495616
632 1 294912 299008
768 1 40960 45056
549 1 610304 614400
467 1 356352 360448
533 1 540672 544768
408 1 352256 368640
408 1 368640 372736
26 1 159744 163840
692 1 106496 110592
875 1 520192 524288
818 1 4096 12288
239 1 32768 36864
513 1 376832 380928
27 1 589824 593920
386 1 12288 24576
898 1 167936 172032
386 1 24576 28672
108 1 372736 376832
837 1 262144 286720
467 1 360448 368640
651 3 323584 327680 327680 393216 393216 417792
837 1 286720 290816
545 1 204800 208896
467 1 368640 372736
651 1 417792 421888
776 1 315392 319488
936 1 630784 634880
345 1 569344 573440
319 1 368640 380928
817 1 385024 389120
764 1 208896 212992
319 1 380928 385024
332 1 237568 249856
332 1 249856 253952
435 1 176128 180224
871 1 188416 192512
393 1 598016 602112
397 1 208896 212992
556 1 389120 393216
833 1 401408 405504
777 1 331776 335872
166 1 344064 348160
495 1 557056 561152
989 1 8192 12288
832 1 24576 28672
479 1 172032 176128
832 1 32768 36864
833 1 389120 393216
154 1 602112 606208
855 1 114688 122880
162 1 372736 376832
561 2 98304 131072 131072 176128
492 1 512000 516096
561 1 176128 180224
556 1 20480 28672
533 1 548864 552960
408 1 466944 471040
345 1 573440 577536
33 1 393216 397312
429 1 221184 241664
435 2 73728 131072 131072 135168
429 1 241664 245760
469 1 532480 589824
299 1 131072 135168
408 1 466944 471040
435 1 135168 139264
469 1 589824 593920
466 1 143360 176128
805 1 458752 462848
429 2 245760 262144 262144 266240
439 1 372736 376832
563 1 45056 49152
439 1 389120 393216
570 1 135168 139264
564 1 217088 229376
570 1 139264 143360
347 1 139264 143360
439 1 409600 413696
302 1 192512 196608
279 1 188416 192512
512 1 40960 45056
441 1 237568 241664
552 1 311296 315392
281 1 81920 86016
466 1 151552 155648
396 1 552960 557056
564 1 233472 241664
33 1 393216 397312
564 1 245760 258048
469 2 180224 196608 196608 258048
284 1 77824 81920
564 1 262144 270336
401 1 270336 274432
429 1 266240 270336
401 1 286720 290816
401 1 307200 311296
564 1 274432 286720
466 1 176128 180224
564 1 290816 299008
564 1 303104 315392
735 1 180224 184320
469 1 593920 610304
469 1 258048 262144
319 1 303104 319488
591 1 389120 393216
408 1 466944 471040
469 1 610304 614400
429 1 270336 290816
444 1 589824 602112
429 1 290816 294912
319 1 319488 323584
33 1 393216 397312
773 1 69632 73728
1 1 397312 405504
556 1 389120 393216
2 1 532480 536576
195 1 176128 180224
698 1 245760 249856
832 1 61440 65536
776 1 327680 331776
495 1 573440 577536
769 1 450560 454656
408 1 466944 471040
469 1 614400 630784
44 1 167936 172032
991 1 151552 155648
810 1 495616 499712
469 1 630784 634880
389 1 643072 655360
390 1 0 4096
757 1 258048 262144
885 1 315392 323584
832 1 135168 139264
296 1 303104 307200
33 1 393216 397312
151 1 647168 651264
495 1 73728 77824
492 1 528384 532480
492 1 589824 593920
552 1 569344 573440
495 1 98304 102400
390 1 4096 8192
495 1 245760 249856
710 1 561152 565248
38 1 528384 536576
469 1 634880 651264
893 2 188416 196608 196608 217088
46 1 270336 278528
771 1 335872 339968
323 1 176128 180224
601 1 393216 397312
757 1 249856 253952
555 1 413696 417792
600 1 4096 8192
708 1 36864 40960
36 1 319488 323584
555 1 421888 425984
758 1 352256 356352
878 1 147456 151552
429 1 294912 315392
822 1 303104 307200
561 1 266240 270336
153 1 397312 401408
153 1 458752 462848
149 1 516096 520192
154 1 77824 81920
555 1 577536 581632
390 1 8192 28672
154 1 94208 98304
207 1 557056 561152
598 1 188416 192512
556 2 57344 65536 65536 69632
432 1 233472 241664
598 1 339968 344064
595 1 368640 372736
552 1 225280 229376
154 2 258048 262144 262144 290816
598 1 491520 495616
737 1 90112 94208
552 1 593920 598016
599 1 172032 176128
708 1 548864 552960
553 1 638976 643072
551 1 319488 323584
599 1 327680 331776
709 1 348160 352256
554 1 241664 245760
551 1 499712 503808
741 1 204800 208896
599 1 479232 483328
1 1 393216 405504
710 1 147456 151552
706 1 40960 45056
742 1 49152 53248
599 1 630784 634880
785 1 520192 524288
706 1 495616 499712
581 1 270336 274432
960 1 606208 610304
737 1 544768 548864
786 1 16384 20480
707 1 294912 299008
833 1 397312 401408
738 1 344064 348160
555 1 159744 163840
708 1 94208 98304
739 1 143360 147456
555 1 196608 200704
495 1 544768 548864
739 1 598016 602112
511 2 258048 262144 262144 278528
155 1 557056 561152
555 1 262144 266240
740 1 397312 401408
731 1 278528 282624
784 1 638976 643072
555 1 552960 557056
785 1 135168 139264
469 1 651264 655360
777 1 135168 139264
777 1 143360 147456
556 1 389120 393216
606 1 393216 397312
579 1 184320 188416
832 1 45056 49152
832 1 61440 65536
429 1 315392 319488
662 1 307200 311296
46 1 282624 286720
865 1 405504 409600
390 1 28672 32768
70 1 339968 344064
511 1 278528 282624
852 1 327680 331776
961 1 458752 466944
10 1 643072 647168
162 1 204800 208896
155 1 614400 618496
155 1 622592 630784
33 1 393216 397312
422 1 139264 155648
235 1 253952 258048
322 1 593920 598016
470 1 0 16384
422 1 155648 159744
408 1 466944 475136
777 1 552960 557056
76 1 417792 421888
470 1 16384 20480
429 2 319488 327680 327680 339968
444 1 602112 606208
706 1 577536 581632
286 1 569344 573440
374 2 126976 131072 131072 139264
450 1 483328 512000
62 1 372736 376832
429 1 339968 344064
374 1 139264 143360
429 1 483328 491520
450 1 512000 516096
408 1 471040 475136
429 1 491520 495616
33 1 393216 401408
429 1 630784 634880
264 1 0 4096
429 1 344064 364544
470 1 20480 36864
429 1 495616 503808
429 1 364544 368640
470 1 36864 40960
429 1 503808 507904
68 1 147456 151552
408 1 471040 475136
230 1 131072 139264
762 1 327680 376832
429 1 368640 389120
256 1 0 8192
33 1 397312 401408
256 1 12288 20480
256 1 28672 32768
950 1 544768 548864
256 1 53248 57344
256 1 65536 73728
256 1 77824 81920
452 1 593920 643072
256 1 217088 225280
767 1 393216 397312
256 1 282624 290816
256 1 348160 360448
256 1 372736 389120
765 6 262144 327680 327680 393216 393216 458752 458752 524288 524288 589824 589824 655360
766 2 0 65536 65536 126976
256 1 581632 585728
429 1 389120 393216
873 1 516096 524288
470 1 40960 57344
766 9 126976 131072 131072 196608 196608 262144 262144 327680 327680 393216 393216 458752 458752 524288 524288 589824 589824 643072
452 1 643072 647168
511 1 282624 303104
766 1 643072 655360
767 5 0 65536 65536 131072 131072 196608 196608 262144 262144 270336
408 1 471040 475136
511 1 303104 307200
429 1 393216 413696
72 1 303104 307200
345 1 577536 581632
429 1 413696 417792
408 1 471040 475136
873 2 520192 524288 524288 528384
511 1 307200 327680
429 1 417792 438272
155 1 561152 565248
1 1 393216 401408
662 1 397312 401408
8 1 49152 53248
8 1 69632 73728
511 1 327680 331776
8 1 135168 139264
59 1 266240 270336
217 1 466944 471040
261 1 282624 286720
429 1 438272 442368
372 1 602112 606208
373 1 69632 73728
373 1 106496 110592
373 1 262144 266240
374 1 499712 503808
373 1 307200 311296
375 1 258048 262144
375 1 315392 319488
375 1 462848 466944
375 1 573440 577536
377 1 446464 450560
9 1 536576 540672
376 1 323584 327680
377 1 491520 495616
378 1 73728 77824
376 1 368640 372736
376 1 393216 397312
423 1 0 4096
378 1 208896 212992
475 1 614400 618496
377 1 135168 139264
488 1 69632 73728
377 1 172032 176128
378 1 319488 327680
378 1 331776 335872
378 1 339968 344064
378 1 479232 495616
889 1 520192 524288
379 1 147456 151552
377 1 200704 204800
377 1 323584 327680
380 1 49152 61440
491 1 565248 569344
408 1 471040 475136
499 1 151552 155648
492 1 593920 598016
514 1 466944 471040
525 1 634880 638976
491 1 573440 585728
494 1 266240 270336
517 1 532480 536576
540 1 102400 106496
495 1 409600 413696
541 1 192512 196608
542 1 53248 57344
495 1 647168 651264
622 1 565248 569344
496 1 139264 143360
648 1 114688 118784
498 1 4096 8192
550 1 503808 507904
522 1 393216 397312
576 1 86016 90112
616 1 401408 405504
543 1 192512 196608
1 1 393216 405504
548 1 475136 479232
566 1 610304 614400
628 1 36864 40960
686 1 372736 376832
555 1 155648 159744
567 1 155648 159744
698 1 262144 266240
574 1 581632 585728
628 1 53248 57344
567 1 163840 172032
628 1 69632 73728
773 1 319488 323584
625 1 385024 389120
618 1 454656 458752
628 1 86016 90112
776 1 131072 135168
677 1 282624 286720
620 1 507904 512000
628 1 102400 106496
777 1 36864 40960
628 1 118784 122880
632 1 434176 438272
844 3 311296 327680 327680 393216 393216 405504
628 1 135168 139264
777 1 45056 49152
670 1 200704 204800
688 1 540672 544768
628 1 155648 159744
470 1 57344 61440
555 1 163840 167936
833 1 401408 405504
555 1 196608 200704
701 1 163840 167936
495 1 561152 565248
556 1 389120 393216
777 1 81920 86016
71 1 307200 311296
628 1 356352 364544
606 1 393216 397312
695 1 167936 172032
651 1 638976 643072
628 1 638976 643072
678 1 647168 651264
432 1 475136 479232
679 1 364544 368640
692 2 192512 196608 196608 200704
757 1 24576 28672
693 1 151552 155648
429 2 442368 458752 458752 462848
579 1 339968 348160
768 1 77824 81920
873 1 524288 540672
844 1 405504 409600
600 1 57344 61440
429 1 462848 466944
511 1 331776 352256
33 1 397312 401408
579 1 344064 348160
452 1 647168 655360
453 1 0 28672
511 1 352256 356352
470 2 61440 65536 65536 77824
408 1 471040 475136
453 1 28672 32768
879 1 69632 73728
470 1 77824 81920
429 1 466944 487424
498 2 516096 524288 524288 573440
352 2 188416 196608 196608 200704
608 1 618496 622592
429 1 487424 491520
137 1 512000 516096
498 1 573440 577536
33 1 397312 401408
352 1 200704 204800
803 2 24576 65536 65536 118784
408 1 471040 475136
729 1 413696 417792
470 1 81920 98304
488 1 282624 286720
429 1 491520 512000
773 1 335872 339968
803 1 118784 122880
62 1 372736 376832
454 1 638976 655360
455 1 0 49152
455 1 49152 53248
470 1 98304 102400
445 1 393216 413696
501 1 16384 32768
429 1 512000 516096
679 1 434176 438272
455 1 53248 57344
445 1 413696 417792
501 1 32768 36864
33 1 397312 401408
408 1 471040 475136
429 2 516096 524288 524288 536576
893 1 212992 241664
561 2 180224 196608 196608 237568
511 1 356352 376832
429 1 536576 540672
485 1 45056 61440
511 1 376832 380928
212 1 344064 348160
485 1 61440 65536
408 1 471040 475136
893 2 237568 262144 262144 270336
381 1 401408 417792
429 1 540672 561152
511 2 380928 393216 393216 401408
381 1 417792 421888
96 1 221184 233472
429 1 561152 565248
511 1 401408 405504
470 1 102400 118784
873 1 536576 552960
485 1 65536 86016
1 1 397312 401408
555 1 151552 155648
556 1 389120 393216
833 1 397312 401408
485 1 409600 413696
493 1 0 4096
776 1 327680 331776
511 1 405504 425984
234 1 167936 172032
485 1 86016 90112
52 1 593920 598016
511 1 425984 430080
470 1 118784 122880
408 1 471040 475136
153 1 442368 446464
984 1 245760 253952
702 1 155648 159744
455 2 57344 65536 65536 86016
38 1 532480 548864
429 1 565248 585728
455 1 86016 90112
110 1 57344 61440
33 1 397312 401408
390 2 32768 65536 65536 90112
561 1 237568 241664
429 1 585728 589824
470 2 122880 131072 131072 139264
390 1 90112 94208
768 1 65536 69632
408 1 471040 475136
470 1 139264 143360
429 1 589824 602112
33 1 397312 401408
429 1 602112 606208
776 1 126976 131072
384 1 249856 262144
470 1 143360 155648
916 1 507904 512000
384 1 262144 266240
81 1 589824 598016
773 1 262144 266240
873 1 548864 557056
433 1 307200 327680
565 1 528384 532480
511 1 430080 450560
1 1 401408 405504
555 1 552960 557056
776 1 319488 323584
580 1 212992 217088
777 1 372736 376832
433 1 327680 331776
484 1 565248 569344
384 1 94208 98304
833 1 397312 405504
773 1 311296 315392
777 1 544768 548864
46 1 319488 323584
777 1 585728 589824
601 1 565248 569344
323 1 151552 155648
153 1 532480 536576
511 1 450560 454656
892 1 221184 225280
455 1 90112 118784
439 1 192512 196608
455 1 118784 122880
139 1 634880 638976
296 1 303104 307200
360 1 569344 573440
961 1 466944 471040
455 2 122880 131072 131072 151552
470 1 155648 159744
775 1 155648 159744
455 1 151552 155648
775 1 290816 294912
394 2 253952 262144 262144 274432
163 1 323584 327680
521 1 393216 397312
484 1 61440 65536
394 1 274432 278528
33 1 397312 401408
981 1 540672 544768
403 1 282624 307200
370 1 479232 512000
775 1 147456 151552
470 1 159744 176128
403 1 307200 311296
416 1 516096 520192
412 1 135168 139264
419 1 81920 86016
906 1 167936 172032
906 1 376832 380928
409 1 540672 544768
907 1 167936 172032
409 1 552960 557056
907 1 217088 229376
791 1 200704 204800
465 1 393216 397312
496 1 401408 405504
479 1 77824 98304
327 2 323584 327680 327680 335872
451 1 421888 434176
776 1 151552 155648
941 1 368640 372736
767 1 372736 376832
556 1 270336 274432
218 1 352256 356352
893 1 266240 294912
556 1 376832 380928
195 1 483328 487424
436 1 155648 172032
707 1 163840 172032
479 1 98304 102400
327 1 335872 339968
470 1 176128 180224
451 1 434176 438272
511 2 454656 458752 458752 475136
436 1 172032 176128
409 1 393216 397312
320 1 528384 532480
511 1 475136 479232
776 1 151552 155648
327 1 339968 348160
763 1 503808 507904
327 1 348160 352256
762 1 393216 397312
1 1 397312 401408
555 1 163840 167936
392 1 12288 16384
595 1 348160 352256
833 1 393216 397312
832 1 12288 16384
775 1 151552 155648
833 1 389120 393216
493 1 274432 278528
94 1 270336 274432
169 1 131072 196608
46 1 262144 266240
879 1 593920 598016
820 1 573440 577536
327 1 352256 372736
389 1 311296 323584
544 1 0 4096
1 1 397312 401408
555 1 163840 167936
984 1 135168 139264
327 1 372736 376832
873 1 552960 581632
169 1 139264 143360
708 1 40960 45056
511 1 479232 499712
423 1 540672 544768
675 1 81920 86016
159 1 561152 569344
327 1 376832 385024
389 1 323584 327680
511 1 499712 503808
327 1 385024 389120
238 1 163840 167936
893 1 290816 319488
270 1 409600 417792
997 1 32768 36864
329 2 389120 393216 393216 405504
511 1 503808 524288
810 1 114688 122880
289 1 131072 135168
329 1 405504 409600
511 1 524288 528384
385 2 221184 262144 262144 299008
403 2 311296 327680 327680 348160
776 1 114688 118784
403 1 348160 352256
385 1 299008 303104
887 1 413184 421376
541 1 360448 364544
114 1 643072 647168
812 1 556544 560640
342 2 319488 327680 327680 331776
812 1 552448 556544
342 1 331776 335872
81 1 593920 606208
651 2 421888 458752 458752 495616
863 1 603136 611328
33 1 397312 401408
651 1 495616 499712
433 1 331776 393216
848 1 327680 331776
764 1 303104 307200
767 1 405504 409600
470 1 180224 192512
833 1 393216 397312
433 1 393216 397312
329 1 462848 466944
461 1 360448 364544
809 1 189440 193536
767 1 389120 393216
470 1 192512 196608
399 1 405504 417792
436 1 352256 368640
436 1 368640 372736
809 1 177152 181248
893 2 315392 327680 327680 348160
399 1 417792 421888
511 1 528384 548864
33 1 397312 401408
764 1 221184 225280
511 1 548864 552960
444 1 585728 589824
775 1 290816 294912
706 1 77824 81920
470 1 196608 208896
567 1 364544 368640
797 1 389120 393216
470 1 208896 212992
158 2 389120 393216 393216 397312
345 1 581632 585728
350 1 565248 573440
410 1 540672 548864
6 1 61440 65536
934 1 122880 126976
409 1 610304 614400
33 1 397312 401408
223 1 286720 290816
388 1 237568 241664
420 2 122880 131072 131072 151552
470 1 212992 225280
420 1 151552 155648
773 1 335872 339968
470 1 225280 229376
893 1 344064 372736
232 1 618496 626688
511 1 552960 573440
197 1 593920 598016
897 1 180224 184320
505 2 348160 393216 393216 438272
511 1 573440 577536
215 1 610304 614400
906 1 167936 172032
350 2 262144 327680 327680 331776
893 2 368640 393216 393216 401408
350 1 331776 335872
511 2 577536 589824 589824 598016
127 1 372736 380928
511 1 598016 602112
318 1 421888 442368
806 1 77824 81920
505 1 438272 442368
28 1 114688 122880
210 1 425984 430080
471 1 331776 364544
62 1 266240 270336
318 1 442368 446464
401 1 303104 311296
442 1 561152 581632
658 1 393216 397312
774 1 237568 241664
380 1 274432 278528
719 1 528384 532480
331 1 552960 557056
907 1 552960 561152
747 1 380928 393216
442 1 581632 585728
401 1 311296 315392
423 1 602112 614400
423 1 614400 618496
360 2 380928 393216 393216 409600
818 1 421888 425984
360 1 409600 413696
238 1 163840 180224
261 1 487424 503808
329 2 409600 458752 458752 471040
261 1 499712 503808
873 2 577536 589824 589824 610304
755 2 69632 131072 131072 143360
1 1 397312 401408
555 1 196608 200704
329 1 471040 475136
555 1 262144 266240
556 1 389120 393216
606 1 393216 397312
967 1 249856 253952
832 1 28672 32768
511 1 602112 622592
832 1 49152 53248
833 1 393216 397312
898 1 167936 172032
755 1 143360 147456
893 1 397312 430080
494 1 540672 544768
413 1 147456 151552
776 1 339968 344064
833 1 397312 401408
413 1 159744 163840
430 1 610304 622592
511 1 622592 626688
904 1 614400 622592
511 1 626688 647168
430 1 622592 626688
775 1 409600 413696
113 1 393216 397312
471 1 364544 368640
511 1 647168 651264
111 1 225280 233472
600 1 315392 319488
936 1 634880 638976
485 1 421888 430080
945 1 110592 114688
900 2 266240 327680 327680 344064
647 1 405504 409600
767 1 540672 544768
1 1 397312 405504
555 1 159744 163840
485 1 430080 434176
556 1 389120 393216
580 1 552960 557056
116 1 483328 487424
833 1 397312 401408
777 1 139264 151552
832 1 40960 45056
773 1 323584 327680
833 1 389120 393216
486 1 90112 94208
385 1 405504 409600
493 1 57344 61440
275 1 147456 151552
323 1 167936 172032
938 1 40960 45056
715 1 552960 557056
900 1 344064 348160
166 1 270336 274432
396 1 327680 393216
153 1 532480 536576
280 1 233472 237568
269 1 262144 266240
970 1 499712 503808
426 1 208896 225280
357 1 421888 450560
550 1 266240 270336
767 1 405504 409600
396 1 393216 397312
423 1 421888 434176
1 1 397312 405504
555 1 159744 163840
357 1 450560 454656
426 1 225280 229376
344 1 372736 380928
873 1 606208 634880
833 1 393216 397312
556 1 389120 393216
832 1 589824 593920
495 1 540672 544768
117 1 290816 294912
265 1 442368 446464
776 1 327680 331776
769 1 528384 532480
777 1 122880 126976
842 1 155648 159744
46 1 299008 303104
898 1 167936 172032
46 1 311296 319488
866 1 241664 245760
684 1 630784 634880
511 1 651264 655360
512 1 0 20480
874 1 401408 405504
560 1 585728 589824
344 1 380928 385024
423 1 434176 438272
162 1 430080 434176
512 1 20480 24576
439 1 212992 221184
779 1 299008 303104
500 1 57344 61440
269 1 430080 438272
799 1 241664 245760
20 1 172032 176128
151 1 258048 262144
23 1 573440 577536
519 1 614400 618496
445 1 610304 614400
431 1 28672 65536
449 1 491520 507904
867 1 372736 376832
431 1 65536 69632
898 1 167936 172032
785 1 487424 491520
765 1 229376 233472
893 1 425984 458752
449 1 507904 512000
936 1 638976 643072
571 1 81920 86016
767 1 393216 397312
512 1 24576 49152
749 1 221184 262144
318 1 446464 458752
772 1 458752 462848
77 1 0 4096
127 1 434176 438272
55 1 69632 73728
798 1 495616 499712
512 1 49152 53248
504 1 458752 524288
53 1 385024 389120
964 1 204800 208896
252 1 106496 110592
504 1 524288 528384
333 1 401408 405504
967 1 28672 32768
399 2 221184 262144 262144 290816
465 1 393216 397312
692 1 536576 540672
399 1 290816 294912
512 1 53248 65536
351 1 28672 40960
318 1 458752 462848
512 1 65536 69632
325 1 102400 106496
765 1 536576 540672
325 1 118784 122880
1 1 397312 405504
159 1 557056 561152
556 1 389120 393216
689 1 278528 282624
434 1 417792 430080
832 1 32768 36864
833 1 368640 372736
493 1 262144 266240
183 1 446464 450560
769 1 450560 454656
260 1 233472 237568
702 1 389120 393216
770 1 409600 413696
427 1 565248 569344
613 1 40960 45056
271 1 352256 356352
938 1 274432 278528
351 1 36864 40960
456 3 73728 131072 131072 196608 196608 233472
434 1 430080 434176
785 1 458752 462848
313 2 393216 458752 458752 483328
313 5 126976 131072 131072 196608 196608 262144 262144 327680 327680 393216
456 1 233472 237568
147 1 221184 225280
283 1 94208 98304
351 1 40960 45056
351 1 45056 49152
898 1 167936 180224
385 1 393216 405504
313 1 483328 487424
351 1 45056 49152
755 2 147456 196608 196608 208896
183 1 446464 450560
456 1 237568 262144
224 1 589824 593920
385 1 405504 409600
456 1 262144 266240
421 1 77824 81920
509 1 376832 380928
755 1 208896 212992
873 1 630784 643072
785 1 462848 466944
512 1 69632 106496
911 1 647168 651264
512 1 106496 110592
936 1 643072 647168
325 1 241664 253952
873 1 638976 647168
632 1 327680 331776
512 2 110592 131072 131072 139264
82 1 143360 147456
893 2 454656 458752 458752 487424
512 1 139264 143360
515 1 434176 450560
651 2 499712 524288 524288 552960
512 1 143360 167936
586 1 503808 507904
394 1 643072 655360
395 1 0 4096
502 1 389120 393216
782 1 458752 462848
512 1 167936 172032
651 1 552960 557056
296 1 303104 307200
395 1 4096 8192
898 1 172032 176128
498 2 577536 589824 589824 606208
873 1 643072 655360
874 1 0 20480
451 2 147456 196608 196608 221184
498 1 606208 610304
512 1 172032 192512
512 1 192512 196608
874 1 16384 24576
451 1 221184 225280
512 1 196608 217088
971 1 458752 462848
983 1 286720 290816
440 2 229376 262144 262144 315392
512 1 217088 221184
893 1 483328 516096
512 1 221184 241664
440 1 315392 319488
512 1 241664 245760
369 1 180224 184320
515 1 450560 454656
458 1 167936 176128
798 1 217088 225280
458 1 176128 180224
465 1 393216 397312
680 1 57344 61440
679 1 499712 503808
456 1 638976 655360
457 1 0 49152
805 1 299008 303104
551 1 24576 28672
96 1 229376 245760
382 1 229376 249856
440 2 319488 327680 327680 331776
457 1 49152 53248
321 1 393216 401408
485 2 90112 131072 131072 176128
898 1 172032 176128
440 1 331776 335872
359 1 159744 172032
382 1 249856 253952
485 1 176128 180224
359 1 172032 176128
760 1 638976 643072
764 1 344064 348160
62 1 372736 376832
898 1 176128 180224
328 1 143360 196608
893 2 512000 524288 524288 544768
874 1 20480 40960
46 1 262144 266240
62 1 450560 454656
359 1 176128 184320
328 1 196608 200704
512 2 245760 262144 262144 274432
359 1 184320 188416
512 1 274432 278528
434 1 552960 557056
471 2 540672 589824 589824 647168
328 1 200704 229376
874 1 36864 57344
512 1 278528 299008
328 1 229376 233472
893 1 540672 552960
328 1 233472 249856
471 1 647168 651264
451 2 225280 262144 262144 266240
41 1 393216 425984
512 1 299008 303104
328 1 249856 253952
392 1 651264 655360
512 1 303104 323584
470 1 229376 241664
512 1 323584 327680
27 1 237568 245760
31 1 24576 28672
586 1 503808 507904
395 1 8192 32768
470 1 241664 245760
328 2 253952 262144 262144 307200
395 1 32768 36864
764 1 585728 589824
328 1 307200 311296
451 1 266240 270336
473 1 589824 622592
893 1 548864 581632
571 1 630784 634880
470 1 245760 253952
768 1 57344 61440
512 1 327680 348160
980 1 618496 626688
336 1 0 12288
512 1 348160 352256
470 1 253952 258048
838 1 360448 364544
449 1 491520 495616
370 2 512000 524288 524288 544768
526 1 258048 262144
490 1 110592 122880
296 1 430080 434176
490 1 122880 126976
651 2 557056 589824 589824 618496
41 4 393216 458752 458752 524288 524288 589824 589824 655360
42 4 0 65536 65536 131072 131072 196608 196608 262144
185 1 0 4096
651 1 618496 622592
498 1 610304 655360
336 1 12288 16384
874 1 53248 61440
512 1 352256 372736
392 1 147456 155648
499 1 0 4096
505 1 360448 364544
512 1 372736 376832
893 2 577536 589824 589824 606208
499 1 4096 36864
470 2 258048 262144 262144 266240
512 2 376832 393216 393216 397312
392 1 155648 159744
856 1 405504 409600
328 2 311296 327680 327680 364544
441 1 135168 139264
499 1 36864 40960
512 1 397312 401408
470 1 266240 270336
452 1 368640 380928
371 1 163840 180224
328 1 364544 368640
499 1 40960 57344
273 1 184320 192512
452 1 380928 385024
371 1 180224 184320
499 1 57344 61440
659 1 57344 61440
328 2 368640 393216 393216 413696
762 1 73728 77824
46 1 0 49152
339 1 245760 262144
46 4 65536 131072 131072 196608 196608 262144 262144 278528
54 1 360448 376832
48 1 327680 344064
51 1 425984 442368
48 1 540672 557056
52 1 163840 180224
55 2 49152 65536 65536 81920
48 1 589824 606208
55 1 327680 344064
52 1 573440 589824
50 1 131072 147456
53 1 98304 114688
328 1 413696 417792
50 1 425984 442368
54 1 98304 114688
54 1 229376 262144
181 1 61440 65536
94 1 94208 98304
89 1 544768 548864
470 1 270336 278528
893 1 602112 630784
339 1 262144 266240
470 1 278528 282624
512 1 401408 421888
512 1 421888 425984
842 1 184320 188416
253 1 376832 385024
651 1 622592 655360
652 1 0 20480
893 1 626688 655360
894 1 0 4096
354 2 20480 65536 65536 69632
512 1 425984 446464
652 1 20480 24576
354 1 69632 73728
512 1 446464 450560
538 1 389120 393216
842 1 188416 192512
469 1 294912 307200
387 1 278528 282624
194 1 225280 229376
455 1 524288 548864
469 1 307200 311296
455 1 548864 552960
764 1 557056 561152
751 1 131072 135168
487 1 389120 393216
698 1 98304 102400
110 1 368640 372736
499 3 61440 65536 65536 131072 131072 135168
894 1 0 32768
33 1 212992 217088
499 1 135168 139264
821 1 61440 65536
255 1 421888 425984
512 2 450560 458752 458752 471040
122 1 270336 274432
794 1 446464 450560
512 1 471040 475136
299 1 204800 208896
378 2 253952 262144 262144 282624
277 1 335872 339968
499 1 139264 184320
383 2 385024 393216 393216 413696
378 1 282624 286720
499 1 184320 188416
383 1 413696 417792
212 1 229376 233472
773 1 262144 266240
768 1 106496 114688
357 2 491520 524288 524288 528384
849 1 528384 532480
357 1 528384 532480
512 1 475136 483328
512 1 483328 487424
307 1 225280 233472
345 1 495616 499712
389 1 331776 352256
32 1 290816 294912
894 1 28672 61440
389 1 352256 356352
908 1 274432 278528
390 2 241664 262144 262144 270336
247 1 12288 16384
512 1 487424 507904
175 1 90112 94208
424 1 565248 573440
512 1 507904 512000
390 1 270336 274432
424 1 573440 577536
751 1 131072 135168
751 1 131072 135168
765 1 536576 540672
956 1 323584 327680
902 1 229376 233472
313 2 487424 524288 524288 536576
313 1 536576 540672
785 1 475136 479232
421 1 77824 81920
848 1 262144 266240
984 1 352256 356352
774 1 212992 217088
795 1 593920 598016
456 2 266240 327680 327680 331776
20 1 217088 221184
613 1 16384 20480
894 2 57344 65536 65536 90112
456 1 331776 335872
203 1 122880 126976
874 2 57344 65536 65536 73728
751 1 131072 135168
512 2 512000 524288 524288 540672
515 1 491520 499712
178 1 614400 618496
751 1 131072 139264
428 2 319488 327680 327680 335872
590 1 532480 536576
512 1 540672 544768
515 1 499712 503808
315 1 471040 499712
428 1 335872 339968
377 2 225280 262144 262144 299008
403 1 413696 417792
823 1 270336 274432
847 1 98304 102400
315 1 499712 503808
711 1 180224 184320
515 1 651264 655360
516 1 0 40960
548 1 483328 487424
61 1 274432 278528
262 1 200704 204800
377 1 299008 303104
813 1 319488 327680
751 1 135168 139264
611 1 286720 290816
483 2 245760 262144 262144 266240
516 1 40960 45056
355 1 241664 253952
483 1 266240 270336
355 1 253952 258048
761 1 458752 462848
751 1 135168 139264
574 1 73728 77824
751 1 135168 139264
377 2 303104 327680 327680 331776
894 1 86016 118784
895 1 147456 151552
505 1 442368 454656
377 1 331776 335872
512 1 544768 565248
475 1 372736 385024
751 1 135168 139264
505 1 454656 458752
512 1 565248 569344
751 1 135168 139264
475 1 385024 389120
751 1 135168 139264
719 1 622592 626688
280 1 425984 430080
458 1 172032 184320
454 2 421888 458752 458752 520192
190 1 339968 344064
458 1 184320 188416
190 1 348160 352256
190 1 401408 405504
190 1 409600 413696
190 1 430080 434176
874 1 69632 77824
367 1 462848 466944
454 1 520192 524288
512 1 569344 589824
906 1 167936 172032
751 1 135168 143360
512 1 589824 593920
407 1 610304 614400
315 1 503808 516096
779 1 315392 319488
765 1 536576 540672
548 1 487424 491520
315 1 516096 520192
313 1 540672 589824
751 1 139264 143360
313 1 589824 593920
70 1 647168 655360
626 1 647168 651264
751 1 139264 143360
421 1 77824 81920
894 2 114688 131072 131072 147456
389 1 368640 385024
234 1 319488 327680
512 1 593920 614400
389 1 385024 389120
512 1 614400 618496
466 1 299008 303104
307 1 393216 397312
967 1 28672 32768
879 1 380928 385024
567 1 368640 372736
20 1 24576 28672
332 3 40960 65536 65536 131072 131072 143360
874 1 73728 102400
512 1 618496 638976
332 1 143360 147456
512 1 638976 643072
819 1 61440 65536
894 1 143360 176128
512 1 643072 655360
513 1 0 8192
870 1 540672 544768
115 2 421888 458752 458752 512000
513 1 8192 12288
824 1 286720 307200
513 1 12288 32768
115 1 512000 516096
244 1 45056 49152
513 1 32768 36864
385 2 323584 327680 327680 364544
321 1 552960 565248
556 1 389120 393216
401 1 405504 409600
769 1 454656 458752
153 1 409600 413696
777 1 397312 401408
153 1 532480 536576
402 1 614400 618496
833 1 397312 405504
495 1 540672 544768
715 1 552960 561152
385 1 364544 368640
321 1 565248 569344
879 1 20480 24576
155 1 552960 557056
986 1 434176 438272
922 1 540672 548864
530 1 102400 106496
389 2 389120 393216 393216 430080
108 1 573440 577536
724 1 540672 544768
389 1 430080 434176
50 1 430080 434176
239 1 335872 344064
450 1 73728 86016
395 1 172032 192512
27 1 49152 53248
70 1 651264 655360
894 2 172032 196608 196608 204800
658 1 405504 409600
395 1 192512 196608
450 1 86016 90112
513 1 36864 57344
920 1 573440 585728
543 1 237568 241664
395 1 196608 204800
394 1 630784 655360
395 1 0 57344
513 1 57344 61440
395 1 204800 208896
171 1 536576 540672
423 1 602112 622592
395 1 57344 61440
423 1 622592 626688
898 1 475136 479232
123 1 512000 516096
991 1 380928 389120
384 1 266240 286720
384 1 286720 290816
894 1 200704 233472
513 2 61440 65536 65536 81920
742 2 323584 327680 327680 335872
513 1 81920 86016
30 1 208896 217088
785 1 442368 446464
330 2 446464 458752 458752 466944
995 1 184320 188416
776 1 118784 122880
833 1 397312 405504
1 1 397312 405504
776 1 348160 352256
33 1 507904 512000
495 1 540672 544768
989 1 638976 643072
162 1 311296 315392
556 1 389120 393216
782 1 450560 454656
832 1 53248 57344
330 1 466944 471040
833 1 389120 393216
421 1 524288 552960
651 1 638976 643072
989 1 53248 57344
613 1 32768 36864
46 1 282624 286720
876 1 548864 552960
154 1 610304 614400
642 1 307200 311296
421 1 552960 557056
445 1 212992 233472
874 1 98304 106496
445 1 233472 237568
513 1 86016 106496
513 1 106496 110592
161 1 286720 290816
765 1 335872 339968
74 1 581632 589824
700 1 237568 241664
810 1 466944 471040
309 1 385024 389120
894 1 229376 262144
337 2 126976 131072 131072 159744
686 1 376832 380928
388 1 495616 524288
388 2 524288 589824 589824 618496
513 1 110592 131072
765 1 262144 266240
337 1 159744 163840
27 1 53248 57344
627 1 348160 352256
513 1 131072 135168
1 1 401408 405504
842 1 237568 241664
171 1 544768 548864
176 1 24576 28672
394 1 155648 159744
833 1 397312 405504
918 1 516096 520192
495 1 565248 569344
225 1 466944 471040
388 1 618496 622592
777 1 507904 512000
809 1 188416 192512
211 1 270336 274432
46 1 282624 286720
323 1 163840 167936
153 1 532480 536576
765 1 360448 364544
3 1 131072 135168
767 1 401408 405504
548 1 491520 495616
297 1 442368 446464
328 1 225280 237568
461 1 638976 655360
462 1 0 8192
10 1 94208 98304
842 3 438272 458752 458752 524288 524288 569344
462 1 8192 12288
765 1 266240 270336
328 1 237568 241664
658 1 405504 421888
805 1 299008 303104
894 2 258048 262144 262144 290816
874 1 102400 110592
842 1 569344 573440
395 2 208896 262144 262144 266240
513 1 135168 163840
763 1 540672 544768
395 1 266240 270336
513 1 163840 167936
773 1 335872 339968
490 1 516096 520192
765 1 262144 266240
767 1 344064 348160
865 1 389120 393216
62 1 372736 376832
448 1 4096 28672
448 1 28672 32768
770 1 135168 139264
991 2 385024 393216 393216 401408
502 1 622592 647168
767 1 348160 352256
751 1 139264 143360
384 2 290816 327680 327680 352256
876 1 524288 536576
226 1 253952 262144
502 1 647168 651264
874 1 106496 114688
560 1 118784 122880
894 1 286720 294912
560 1 237568 241664
784 1 516096 520192
560 1 393216 397312
560 1 430080 434176
560 1 454656 458752
560 1 544768 548864
560 1 565248 569344
560 1 573440 577536
561 1 135168 139264
384 1 352256 356352
561 1 184320 188416
513 1 167936 196608
809 1 401408 405504
561 1 516096 520192
562 1 8192 12288
562 1 36864 40960
564 1 536576 540672
569 1 122880 126976
562 1 106496 110592
561 1 262144 266240
564 1 585728 589824
561 1 323584 327680
561 1 376832 380928
571 1 98304 102400
565 1 126976 131072
571 1 516096 520192
562 1 188416 192512
565 1 172032 176128
572 1 466944 471040
572 1 516096 520192
562 1 339968 344064
118 1 311296 315392
118 1 360448 364544
562 1 499712 503808
118 1 528384 532480
565 1 192512 196608
118 1 544768 548864
562 1 598016 602112
513 1 196608 200704
118 1 561152 565248
563 1 475136 479232
565 1 266240 270336
118 1 581632 585728
564 1 4096 8192
118 1 638976 643072
565 2 450560 458752 458752 471040
564 1 155648 159744
564 1 278528 282624
119 1 53248 57344
564 1 315392 319488
564 1 327680 331776
126 1 380928 389120
119 1 110592 114688
86 1 274432 278528
119 1 159744 163840
119 1 208896 212992
128 1 57344 61440
124 1 462848 466944
119 1 262144 266240
564 1 339968 344064
119 1 311296 315392
124 1 614400 618496
129 1 81920 86016
125 1 110592 114688
122 1 466944 471040
730 1 401408 409600
123 1 110592 114688
125 1 262144 266240
119 1 360448 368640
125 1 413696 417792
649 1 266240 270336
747 2 389120 393216 393216 405504
888 1 49152 61440
119 1 479232 483328
119 1 495616 499712
553 1 622592 626688
887 1 245760 253952
887 1 401408 405504
887 1 552960 557056
360 2 413696 458752 458752 499712
550 1 319488 323584
360 1 499712 503808
783 1 184320 188416
392 1 278528 290816
833 1 393216 397312
844 1 630784 634880
920 1 466944 471040
394 1 184320 196608
392 1 290816 294912
394 1 196608 200704
465 1 393216 397312
785 1 421888 425984
351 1 45056 57344
314 1 651264 655360
315 1 0 12288
479 1 561152 565248
984 1 352256 356352
774 1 212992 217088
183 1 446464 450560
795 1 380928 385024
795 1 593920 598016
698 1 618496 655360
699 1 0 16384
165 1 180224 184320
315 1 12288 16384
456 4 335872 393216 393216 458752 458752 524288 524288 573440
894 1 290816 323584
699 1 16384 20480
402 1 155648 159744
513 1 200704 221184
784 1 393216 397312
493 1 487424 491520
513 1 221184 225280
702 1 401408 405504
456 1 573440 577536
212 1 397312 401408
950 1 262144 266240
699 1 20480 28672
952 1 57344 61440
950 1 327680 331776
952 1 385024 389120
950 1 536576 540672
953 1 36864 40960
950 1 643072 647168
951 1 118784 122880
953 1 90112 94208
946 1 512000 516096
953 1 126976 131072
833 1 425984 430080
953 1 282624 286720
925 1 221184 225280
953 1 303104 307200
954 1 393216 397312
954 1 421888 425984
954 1 487424 491520
955 1 376832 380928
954 1 651264 655360
955 1 385024 389120
699 1 28672 32768
955 1 569344 573440
12 1 0 4096
955 1 81920 86016
13 1 4096 8192
955 1 98304 102400
12 1 290816 294912
39 1 135168 139264
36 1 618496 622592
39 1 372736 376832
5 1 36864 40960
955 1 593920 598016
5 1 45056 49152
66 1 114688 118784
75 1 8192 12288
5 1 241664 249856
956 1 57344 65536
66 1 270336 274432
30 1 86016 90112
956 1 69632 77824
987 1 581632 585728
80 1 61440 65536
956 1 90112 98304
957 1 12288 20480
6 1 344064 348160
458 1 593920 606208
8 1 286720 290816
9 1 126976 131072
33 1 405504 409600
922 1 180224 184320
998 1 536576 540672
921 1 126976 131072
62 1 290816 294912
2 1 114688 122880
996 1 503808 507904
88 1 61440 65536
89 1 475136 479232
21 1 249856 253952
130 1 135168 139264
136 1 299008 303104
751 2 278528 327680 327680 389120
141 1 339968 344064
141 1 356352 360448
139 1 122880 126976
141 1 372736 376832
141 1 389120 393216
866 1 540672 544768
916 1 446464 450560
141 1 405504 409600
992 1 274432 278528
56 1 557056 561152
141 1 425984 430080
81 1 352256 356352
141 1 442368 446464
81 1 360448 368640
141 1 458752 462848
134 1 245760 249856
146 1 155648 159744
142 1 8192 16384
458 1 606208 610304
822 1 458752 462848
544 1 0 4096
751 1 389120 393216
388 1 20480 36864
842 1 135168 143360
388 1 36864 40960
456 1 331776 335872
888 1 561152 565248
550 1 8192 12288
68 1 311296 319488
68 1 323584 327680
378 1 69632 122880
699 1 32768 45056
894 2 319488 327680 327680 348160
458 1 610304 622592
699 1 45056 49152
378 1 122880 126976
442 1 405504 417792
784 1 401408 405504
513 1 225280 245760
45 1 643072 647168
458 1 622592 626688
513 1 245760 249856
442 1 417792 421888
562 1 397312 401408
670 1 229376 233472
771 1 528384 532480
534 1 61440 65536
173 1 196608 204800
493 1 507904 512000
894 1 344064 376832
487 3 188416 196608 196608 262144 262144 286720
415 1 278528 307200
0 1 651264 655360
513 2 249856 262144 262144 270336
881 1 290816 294912
487 1 286720 290816
415 1 307200 311296
842 2 573440 589824 589824 638976
513 1 270336 274432
842 1 638976 643072
648 1 466944 475136
949 1 634880 638976
94 1 61440 65536
882 1 241664 245760
1 1 397312 405504
580 1 548864 552960
555 1 155648 159744
833 1 401408 405504
269 1 430080 434176
662 1 319488 323584
677 1 126976 131072
216 1 28672 32768
493 1 270336 274432
879 1 618496 622592
880 1 49152 53248
880 1 225280 229376
377 2 57344 65536 65536 69632
410 1 139264 155648
159 1 471040 475136
377 1 69632 73728
410 1 155648 159744
33 1 335872 344064
326 1 417792 425984
767 1 364544 368640
784 1 405504 409600
341 2 438272 458752 458752 475136
341 1 475136 479232
938 1 540672 552960
894 2 372736 393216 393216 405504
770 1 135168 151552
410 1 159744 180224
785 1 634880 638976
513 1 274432 294912
177 1 57344 61440
410 1 180224 184320
502 1 651264 655360
503 1 0 61440
513 1 294912 299008
499 1 344064 348160
487 1 290816 327680
22 1 536576 540672
649 1 413696 417792
22 1 544768 548864
503 1 61440 65536
487 1 327680 331776
124 1 507904 512000
874 1 110592 118784
765 1 372736 376832
513 1 299008 319488
22 1 536576 540672
404 1 610304 622592
22 1 544768 548864
513 1 319488 323584
404 1 622592 626688
785 1 442368 446464
417 1 618496 622592
404 1 626688 651264
404 1 651264 655360
315 1 8192 32768
79 1 356352 360448
212 1 98304 102400
380 1 450560 454656
315 1 32768 36864
496 1 159744 163840
795 1 258048 262144
62 1 372736 376832
154 1 401408 405504
544 1 417792 421888
894 1 401408 434176
319 1 552960 557056
513 2 323584 327680 327680 344064
748 1 524288 528384
130 1 315392 319488
513 1 344064 348160
869 1 274432 278528
486 1 638976 651264
760 1 110592 114688
765 1 344064 348160
402 2 458752 524288 524288 536576
89 1 389120 393216
533 1 516096 520192
408 1 65536 69632
545 1 204800 208896
480 1 167936 180224
402 1 536576 540672
795 1 397312 401408
480 1 180224 184320
429 1 397312 401408
632 1 331776 335872
894 1 430080 458752
898 1 172032 176128
518 1 262144 266240
513 1 348160 368640
91 1 335872 339968
325 1 401408 417792
513 1 368640 372736
874 1 114688 122880
765 1 348160 352256
513 1 372736 393216
558 2 192512 196608 196608 200704
87 1 28672 32768
325 1 417792 421888
568 1 90112 94208
513 1 393216 397312
329 1 274432 299008
587 1 512000 516096
795 1 401408 405504
329 1 299008 303104
407 1 589824 593920
173 1 200704 212992
415 2 311296 327680 327680 372736
448 1 290816 294912
448 1 294912 307200
502 1 524288 528384
415 1 372736 376832
448 1 303104 307200
542 1 409600 413696
10 1 167936 172032
709 1 487424 491520
385 1 81920 86016
91 1 339968 344064
385 3 86016 131072 131072 196608 196608 258048
429 1 606208 622592
93 1 557056 561152
158 1 61440 65536
680 1 307200 311296
486 1 651264 655360
787 1 139264 143360
151 1 634880 638976
385 1 258048 262144
429 1 622592 626688
785 1 634880 638976
619 1 45056 49152
236 1 315392 319488
442 1 356352 360448
898 1 172032 176128
548 1 495616 499712
534 1 389120 393216
1 1 397312 401408
711 1 180224 184320
833 1 397312 401408
832 1 57344 61440
493 1 0 4096
269 1 430080 434176
879 1 389120 393216
776 1 352256 356352
432 1 458752 471040
155 1 565248 569344
91 1 344064 348160
765 1 360448 364544
969 1 417792 421888
432 1 471040 475136
469 1 393216 409600
972 1 307200 311296
874 1 118784 126976
469 1 409600 413696
380 2 69632 131072 131072 151552
513 1 397312 417792
513 1 417792 421888
380 1 151552 155648
809 1 479232 483328
689 1 282624 286720
531 2 131072 196608 196608 253952
513 1 536576 552960
749 3 114688 131072 131072 196608 196608 237568
944 1 573440 577536
898 1 172032 176128
513 1 552960 557056
190 1 372736 376832
190 1 413696 425984
190 1 434176 438272
380 1 155648 172032
367 1 458752 462848
517 1 32768 36864
380 1 172032 176128
749 1 237568 241664
451 1 532480 544768
764 1 565248 569344
451 1 544768 548864
732 1 73728 102400
764 1 249856 253952
765 1 376832 380928
732 1 102400 106496
780 1 495616 499712
20 1 24576 32768
916 1 552960 569344
894 2 454656 458752 458752 487424
822 1 376832 385024
478 1 147456 151552
749 1 241664 262144
567 1 466944 471040
157 1 176128 180224
513 1 421888 442368
749 1 262144 266240
513 1 442368 446464
850 2 307200 327680 327680 385024
957 1 217088 221184
732 1 106496 110592
850 1 385024 389120
411 1 380928 393216
465 1 393216 397312
661 1 73728 77824
898 1 172032 176128
469 1 139264 143360
411 1 393216 397312
690 1 147456 151552
359 1 335872 344064
969 1 368640 372736
577 1 512000 516096
488 1 200704 212992
969 1 417792 421888
732 2 110592 131072 131072 135168
869 1 32768 36864
378 2 294912 327680 327680 393216
409 1 282624 286720
191 1 139264 143360
385 1 241664 253952
732 1 135168 139264
488 1 212992 217088
385 1 253952 258048
732 1 139264 143360
1 1 397312 405504
969 1 368640 372736
833 1 393216 397312
555 1 163840 167936
556 1 389120 393216
773 1 339968 344064
784 1 425984 430080
392 1 20480 24576
776 1 122880 126976
776 1 327680 331776
265 1 446464 450560
378 1 393216 397312
777 1 110592 114688
675 1 380928 385024
108 1 532480 540672
493 1 270336 274432
46 1 274432 278528
667 1 610304 614400
154 1 606208 610304
280 1 425984 430080
991 1 45056 49152
991 1 86016 90112
966 1 61440 65536
732 1 143360 151552
364 2 245760 262144 262144 274432
617 1 90112 94208
991 1 90112 94208
732 1 151552 155648
488 1 217088 229376
176 1 229376 233472
488 1 229376 233472
732 1 155648 163840
572 1 393216 397312
732 1 163840 167936
62 1 421888 425984
477 1 274432 278528
406 1 577536 589824
969 1 372736 380928
393 2 405504 458752 458752 479232
406 1 589824 593920
708 1 102400 106496
732 1 167936 196608
898 1 172032 176128
732 1 196608 200704
822 1 454656 458752
355 1 446464 458752
176 1 110592 114688
959 1 368640 372736
966 1 421888 425984
961 1 630784 634880
968 1 573440 577536
168 1 466944 471040
364 1 274432 278528
732 1 200704 208896
799 1 503808 507904
33 1 393216 397312
442 1 299008 303104
381 1 131072 135168
313 1 593920 655360
314 4 0 65536 65536 131072 131072 196608 196608 233472
393 1 479232 483328
383 2 372736 393216 393216 397312
0 1 40960 49152
732 1 208896 212992
310 1 180224 184320
470 1 282624 294912
331 1 331776 348160
383 1 397312 401408
894 1 483328 516096
331 1 348160 352256
874 1 122880 131072
470 1 294912 299008
726 1 376832 380928
513 2 446464 458752 458752 475136
314 1 233472 237568
32 1 290816 294912
513 1 475136 479232
532 1 356352 360448
480 3 114688 131072 131072 196608 196608 200704
421 1 32768 36864
894 1 512000 520192
198 1 540672 544768
513 1 479232 499712
480 1 200704 204800
860 1 4096 8192
513 1 499712 503808
56 1 172032 176128
485 1 294912 299008
431 2 32768 65536 65536 106496
543 1 237568 241664
431 1 106496 110592
131 1 233472 241664
874 2 126976 131072 131072 139264
425 1 81920 98304
513 1 503808 524288
425 1 98304 102400
513 1 524288 528384
377 2 335872 393216 393216 409600
894 2 516096 524288 524288 528384
863 1 360448 364544
355 1 458752 462848
496 1 393216 397312
513 1 528384 548864
377 1 409600 413696
768 1 147456 151552
550 1 606208 610304
513 1 548864 552960
407 1 593920 606208
377 1 413696 446464
894 1 524288 581632
407 1 606208 610304
377 1 446464 450560
513 1 552960 573440
286 1 569344 573440
284 1 65536 69632
377 2 450560 458752 458752 466944
940 1 73728 81920
619 1 258048 262144
513 1 573440 577536
377 1 466944 471040
850 2 389120 393216 393216 454656
429 1 507904 516096
513 2 577536 589824 589824 598016
86 1 139264 147456
429 1 516096 520192
850 1 454656 458752
513 1 598016 602112
740 1 245760 253952
1 1 393216 397312
1 1 405504 409600
392 1 28672 32768
556 1 389120 393216
832 1 57344 61440
776 1 565248 569344
832 1 65536 69632
990 1 274432 278528
777 1 135168 139264
196 1 16384 20480
971 1 466944 471040
159 1 466944 471040
833 1 393216 397312
432 1 475136 479232
833 1 401408 405504
495 1 532480 536576
505 1 315392 319488
448 1 307200 315392
159 1 479232 483328
707 1 135168 139264
984 1 8192 12288
448 1 311296 315392
421 1 24576 28672
10 1 167936 172032
385 1 262144 266240
542 1 409600 413696
385 2 266240 327680 327680 348160
204 1 626688 630784
385 1 348160 352256
862 1 507904 512000
894 2 577536 589824 589824 610304
808 1 0 4096
605 1 45056 49152
972 1 0 8192
816 1 573440 577536
994 1 339968 344064
182 1 151552 155648
474 1 466944 471040
546 1 368640 372736
334 1 606208 610304
185 1 147456 155648
513 1 602112 622592
28 1 69632 77824
154 1 475136 483328
536 1 503808 507904
144 1 20480 40960
516 1 339968 344064
341 1 364544 368640
605 1 40960 45056
470 3 315392 327680 327680 393216 393216 425984
513 1 622592 626688
832 1 548864 552960
470 1 425984 430080
885 1 380928 385024
699 2 49152 65536 65536 114688
580 1 585728 589824
894 1 606208 622592
513 1 626688 638976
114 1 581632 585728
699 1 114688 118784
408 2 516096 524288 524288 528384
513 1 638976 643072
874 1 135168 155648
699 1 118784 131072
408 1 528384 532480
514 1 516096 520192
699 1 131072 147456
198 1 471040 475136
874 1 491520 495616
196 1 57344 61440
193 1 532480 536576
196 1 360448 364544
196 1 405504 409600
193 1 634880 638976
513 1 643072 655360
514 1 0 16384
194 1 4096 8192
197 1 249856 253952
194 1 53248 57344
194 1 118784 122880
197 1 614400 618496
198 1 159744 163840
198 1 180224 184320
273 1 634880 638976
198 1 487424 491520
194 1 258048 262144
194 1 311296 315392
280 1 180224 184320
198 1 585728 589824
205 1 626688 630784
199 1 143360 147456
323 1 176128 180224
280 1 348160 352256
282 1 126976 131072
323 1 593920 598016
282 1 339968 344064
324 1 364544 368640
282 1 618496 622592
324 1 413696 417792
451 2 401408 458752 458752 462848
321 1 421888 425984
324 1 466944 471040
514 1 16384 20480
324 1 516096 520192
324 1 569344 573440
324 1 618496 622592
325 1 12288 16384
199 2 188416 196608 196608 204800
325 1 65536 69632
199 1 258048 262144
321 1 573440 577536
322 1 69632 73728
325 1 114688 118784
322 1 221184 225280
765 1 335872 339968
322 1 372736 376832
199 1 634880 638976
329 1 393216 397312
322 1 528384 532480
323 1 24576 28672
331 1 647168 651264
327 1 442368 446464
333 1 245760 249856
332 1 446464 450560
327 1 593920 598016
325 1 163840 167936
355 1 630784 634880
325 1 217088 221184
334 1 45056 49152
768 1 98304 102400
347 1 462848 466944
325 1 266240 270336
348 1 352256 356352
325 1 315392 319488
354 1 233472 237568
356 2 126976 131072 131072 135168
359 1 229376 233472
354 1 618496 622592
359 1 438272 442368
325 1 581632 585728
378 1 618496 622592
804 1 110592 114688
359 1 552960 557056
356 1 327680 331776
429 1 544768 548864
326 1 106496 110592
373 1 57344 61440
381 1 159744 163840
431 1 86016 94208
349 1 237568 241664
384 1 569344 573440
424 1 417792 421888
424 1 540672 544768
699 1 147456 151552
351 1 569344 573440
377 1 20480 24576
428 1 155648 159744
29 1 471040 499712
451 1 462848 466944
495 1 458752 499712
354 2 90112 131072 131072 151552
29 1 499712 503808
495 1 499712 503808
354 1 151552 155648
377 2 471040 524288 524288 548864
273 1 24576 32768
377 1 548864 552960
874 1 491520 495616
272 1 163840 167936
794 1 204800 208896
951 1 98304 102400
404 1 155648 184320
894 1 618496 651264
514 1 20480 40960
354 1 155648 163840
377 2 552960 589824 589824 593920
404 1 184320 188416
354 1 163840 167936
514 1 40960 45056
410 1 626688 651264
246 1 389120 393216
91 1 602112 606208
377 1 593920 598016
874 1 151552 163840
410 1 651264 655360
358 3 118784 131072 131072 196608 196608 245760
524 1 397312 409600
514 1 45056 65536
409 1 401408 405504
411 1 471040 475136
409 1 544768 548864
412 1 131072 135168
410 1 503808 507904
419 1 225280 229376
410 1 524288 528384
514 1 65536 69632
421 1 364544 368640
421 1 380928 385024
421 1 421888 425984
421 1 454656 458752
421 1 598016 614400
358 1 245760 249856
874 1 159744 167936
343 1 503808 520192
514 1 69632 90112
343 1 520192 524288
878 1 528384 532480
514 1 90112 94208
894 1 647168 655360
895 1 0 20480
832 1 552960 557056
168 1 466944 471040
409 1 393216 397312
315 1 409600 425984
809 1 589824 598016
514 1 94208 114688
343 1 524288 532480
699 1 151552 184320
116 1 405504 417792
314 4 237568 262144 262144 327680 327680 393216 393216 430080
1 1 397312 409600
555 1 151552 155648
556 1 389120 393216
722 1 122880 126976
583 1 114688 118784
43 1 163840 167936
832 1 45056 49152
833 1 389120 393216
776 1 131072 135168
856 1 290816 294912
493 1 0 4096
865 1 405504 409600
323 1 159744 163840
874 1 163840 172032
343 1 532480 536576
37 1 393216 397312
699 1 184320 188416
486 2 225280 262144 262144 270336
468 1 24576 53248
514 1 114688 118784
385 1 192512 196608
385 1 327680 393216
523 1 249856 253952
514 2 118784 131072 131072 139264
486 1 270336 274432
315 1 425984 430080
511 1 393216 397312
468 1 53248 57344
440 1 425984 438272
993 1 487424 495616
436 1 90112 106496
514 1 139264 143360
154 1 602112 606208
343 1 536576 557056
879 1 585728 589824
430 1 294912 299008
314 1 430080 434176
440 1 438272 442368
486 1 274432 311296
436 1 106496 110592
343 1 557056 561152
421 1 32768 36864
394 1 155648 159744
486 1 311296 315392
874 1 167936 196608
871 1 651264 655360
385 1 331776 335872
749 1 159744 163840
763 1 294912 299008
343 1 561152 569344
514 1 143360 163840
422 1 618496 630784
767 1 98304 102400
833 1 393216 397312
343 1 569344 573440
514 1 163840 167936
422 1 630784 634880
326 1 466944 479232
805 1 339968 344064
326 1 479232 483328
830 1 364544 368640
3 1 61440 65536
358 1 180224 188416
867 1 372736 376832
507 1 286720 290816
514 1 167936 176128
514 1 176128 180224
868 1 499712 503808
707 1 217088 221184
424 1 417792 434176
424 1 434176 438272
578 1 299008 303104
582 1 331776 335872
400 2 192512 196608 196608 225280
133 1 8192 12288
116 1 417792 430080
114 1 585728 589824
400 1 225280 229376
486 2 315392 327680 327680 356352
699 2 188416 196608 196608 237568
742 1 331776 344064
699 1 237568 241664
486 1 356352 360448
330 2 471040 524288 524288 544768
486 2 360448 393216 393216 397312
387 1 49152 57344
704 1 24576 28672
330 1 544768 548864
895 1 16384 49152
114 1 589824 593920
514 2 180224 196608 196608 200704
491 1 368640 376832
699 2 241664 262144 262144 303104
486 1 397312 401408
514 1 200704 204800
327 2 389120 393216 393216 413696
762 1 651264 655360
699 1 303104 307200
327 1 413696 417792
114 1 593920 598016
687 1 548864 557056
822 1 380928 385024
507 1 483328 491520
493 1 507904 512000
62 1 372736 376832
699 2 307200 327680 327680 376832
507 1 491520 495616
699 1 376832 380928
167 1 167936 172032
904 1 249856 253952
487 1 352256 389120
191 2 319488 327680 327680 331776
776 1 131072 135168
874 2 192512 196608 196608 200704
348 1 331776 335872
472 1 516096 520192
529 1 65536 69632
842 1 192512 196608
191 1 471040 475136
514 1 204800 225280
403 2 368640 393216 393216 421888
487 1 389120 393216
831 1 57344 61440
699 2 380928 393216 393216 446464
514 1 225280 229376
415 3 376832 393216 393216 458752 458752 520192
403 1 421888 425984
699 1 446464 450560
44 1 405504 409600
45 4 323584 327680 327680 393216 393216 458752 458752 475136
415 1 520192 524288
495 2 217088 262144 262144 274432
495 1 274432 278528
874 1 196608 221184
767 1 536576 540672
514 1 229376 249856
760 1 110592 114688
514 1 249856 253952
849 1 311296 315392
328 3 417792 458752 458752 524288 524288 532480
976 1 147456 151552
412 1 0 4096
292 1 503808 507904
201 1 282624 286720
976 1 147456 151552
191 1 471040 475136
114 1 32768 36864
109 1 634880 638976
794 9 118784 131072 131072 196608 196608 262144 262144 327680 327680 393216 393216 458752 458752 524288 524288 589824 589824 634880
866 1 53248 57344
328 1 532480 536576
393 1 212992 237568
385 1 651264 655360
386 1 0 12288
794 1 634880 655360
795 2 0 65536 65536 131072
699 2 450560 458752 458752 487424
393 1 237568 241664
795 6 131072 196608 196608 262144 262144 327680 327680 393216 393216 458752 458752 495616
386 1 12288 16384
699 1 487424 491520
175 1 94208 102400
795 3 495616 524288 524288 589824 589824 655360
796 6 0 65536 65536 131072 131072 196608 196608 262144 262144 327680 327680 356352
796 5 356352 393216 393216 458752 458752 524288 524288 589824 589824 655360
797 2 0 65536 65536 81920
795 1 253952 258048
30 1 548864 557056
69 1 172032 176128
892 1 577536 581632
978 3 172032 196608 196608 262144 262144 294912
40 1 184320 188416
34 1 348160 352256
487 1 331776 376832
476 1 524288 552960
753 1 495616 499712
305 1 385024 389120
264 1 57344 61440
331 1 552960 557056
877 1 462848 466944
778 1 573440 577536
803 1 643072 647168
61 1 593920 598016
840 1 520192 524288
772 1 12288 16384
476 1 552960 557056
487 1 376832 380928
978 1 172032 176128
328 6 270336 327680 327680 393216 393216 458752 458752 524288 524288 589824 589824 655360
329 1 0 12288
832 1 557056 561152
759 1 638976 643072
874 1 126976 131072
487 2 380928 393216 393216 413696
191 1 471040 475136
699 2 491520 524288 524288 536576
487 1 413696 417792
647 1 503808 512000
329 1 12288 16384
699 1 536576 540672
487 1 417792 434176
340 1 225280 229376
340 1 229376 233472
832 1 561152 565248
421 1 24576 28672
10 1 167936 172032
487 1 434176 438272
424 1 200704 204800
448 1 311296 315392
542 1 409600 413696
385 1 393216 438272
385 1 352256 393216
699 1 540672 577536
369 2 413696 458752 458752 507904
385 1 438272 442368
699 1 577536 581632
191 1 471040 475136
9 1 598016 602112
980 1 94208 131072
987 1 516096 520192
982 1 208896 217088
982 1 266240 270336
982 1 229376 233472
982 1 282624 286720
982 1 245760 258048
982 1 303104 315392
369 1 507904 512000
982 2 380928 393216 393216 405504
982 1 421888 425984
699 2 581632 589824 589824 618496
219 1 356352 360448
487 2 438272 458752 458752 491520
122 1 331776 335872
132 1 245760 249856
450 1 462848 487424
699 1 618496 622592
874 1 217088 225280
328 2 536576 589824 589824 614400
895 2 45056 65536 65536 73728
487 1 491520 495616
776 1 114688 118784
450 1 487424 491520
514 2 253952 262144 262144 282624
114 1 598016 602112
296 1 303104 307200
73 1 487424 499712
328 1 614400 618496
514 1 282624 286720
191 1 471040 475136
699 1 622592 655360
700 1 0 24576
268 1 483328 487424
190 1 204800 217088
700 1 24576 28672
365 2 483328 524288 524288 565248
399 1 20480 32768
839 1 569344 573440
970 1 147456 151552
598 1 417792 421888
168 1 466944 471040
365 1 565248 569344
399 1 32768 36864
491 1 372736 385024
191 1 471040 475136
517 1 299008 303104
310 1 163840 176128
114 1 602112 606208
314 4 434176 458752 458752 524288 524288 589824 589824 610304
427 1 643072 655360
428 2 0 65536 65536 69632
700 2 28672 65536 65536 90112
775 1 417792 421888
327 2 417792 458752 458752 479232
700 1 90112 94208
654 1 516096 520192
314 1 610304 614400
74 1 163840 167936
496 1 135168 139264
327 1 479232 483328
832 1 565248 569344
421 1 32768 36864
548 1 524288 528384
341 1 499712 512000
191 1 471040 475136
700 2 94208 131072 131072 180224
655 1 102400 106496
341 1 512000 516096
978 1 163840 172032
442 2 319488 327680 327680 331776
300 1 569344 573440
300 1 585728 589824
412 1 225280 237568
402 1 589824 593920
783 1 184320 188416
442 1 331776 335872
300 1 626688 630784
301 1 73728 77824
301 1 151552 163840
301 1 188416 196608
301 1 249856 253952
309 1 405504 409600
301 1 282624 286720
303 1 438272 442368
310 1 532480 536576
301 1 331776 335872
311 1 20480 24576
304 1 229376 233472
301 1 344064 348160
301 1 356352 360448
311 1 315392 319488
301 1 417792 421888
301 1 495616 499712
311 1 487424 491520
301 1 577536 581632
301 1 614400 630784
301 1 643072 651264
302 1 24576 28672
702 1 204800 208896
302 1 49152 53248
302 1 159744 163840
640 1 163840 167936
312 1 241664 245760
643 1 413696 417792
640 1 536576 540672
312 1 413696 417792
643 1 565248 569344
487 2 495616 524288 524288 548864
640 1 614400 618496
312 1 466944 471040
644 1 61440 65536
312 1 520192 524288
649 1 131072 135168
312 1 577536 581632
641 1 12288 16384
312 1 630784 634880
644 1 348160 352256
649 1 167936 172032
644 1 503808 507904
313 1 184320 188416
645 1 0 4096
645 1 151552 155648
510 1 176128 192512
645 1 303104 307200
645 1 454656 458752
313 1 335872 339968
645 1 606208 610304
638 1 360448 364544
114 1 606208 610304
638 1 512000 516096
639 1 12288 16384
639 1 159744 163840
646 1 102400 106496
639 1 208896 212992
639 1 262144 266240
252 1 16384 20480
639 1 315392 319488
978 1 172032 176128
639 1 364544 368640
487 1 548864 552960
639 1 413696 417792
639 1 524288 528384
639 1 573440 577536
510 1 192512 196608
650 1 98304 102400
650 1 249856 253952
650 1 401408 405504
650 1 454656 458752
700 1 180224 184320
650 1 503808 507904
650 1 557056 561152
650 1 606208 610304
428 1 69632 73728
651 1 4096 8192
651 1 53248 57344
651 1 102400 106496
251 1 155648 159744
252 1 77824 81920
252 1 229376 237568
700 2 184320 196608 196608 225280
898 1 172032 176128
487 2 552960 589824 589824 598016
756 1 151552 155648
934 1 147456 151552
191 1 471040 475136
393 1 241664 258048
976 1 147456 151552
27 1 487424 491520
282 1 442368 446464
781 1 458752 462848
677 2 528384 589824 589824 655360
678 1 0 20480
487 1 598016 602112
700 1 225280 229376
905 1 32768 45056
393 1 258048 262144
27 1 40960 45056
79 1 90112 94208
418 1 483328 512000
466 1 94208 102400
700 2 229376 262144 262144 290816
678 1 20480 24576
418 1 512000 516096
49 1 471040 503808
50 1 372736 376832
1 1 401408 405504
74 1 413696 421888
102 1 208896 212992
555 1 286720 290816
109 1 159744 163840
46 1 270336 274432
46 1 282624 286720
46 1 327680 331776
482 1 225280 229376
402 1 589824 593920
700 1 290816 294912
556 1 270336 274432
556 1 376832 380928
708 1 114688 118784
767 1 155648 159744
385 1 421888 430080
195 1 274432 278528
942 1 614400 618496
767 1 520192 524288
678 1 24576 32768
818 1 413696 417792
218 1 356352 360448
907 1 0 4096
114 1 610304 614400
114 1 614400 618496
678 1 32768 36864
552 1 0 4096
339 1 114688 118784
191 1 471040 475136
700 2 294912 327680 327680 360448
452 1 540672 557056
422 1 573440 581632
205 1 114688 118784
700 1 360448 364544
452 1 557056 561152
553 1 589824 593920
422 1 581632 585728
1 1 397312 405504
555 1 139264 143360
967 1 258048 262144
776 1 327680 331776
556 1 389120 393216
833 1 397312 401408
495 1 569344 573440
432 1 385024 389120
555 1 618496 622592
46 1 307200 315392
323 1 180224 184320
166 1 323584 327680
191 1 471040 475136
601 1 573440 577536
153 1 589824 593920
493 1 507904 512000
154 1 602112 606208
874 1 221184 249856
700 2 364544 393216 393216 446464
514 1 286720 307200
72 1 0 4096
514 1 307200 311296
700 1 446464 450560
415 1 565248 573440
415 1 573440 577536
832 1 569344 573440
191 1 471040 475136
700 2 450560 458752 458752 499712
700 1 499712 503808
610 1 405504 409600
38 1 131072 135168
100 1 327680 331776
763 1 544768 548864
331 2 585728 589824 589824 614400
697 1 552960 561152
937 1 20480 24576
915 1 520192 524288
437 1 643072 655360
438 1 0 16384
895 1 69632 98304
331 1 614400 618496
385 2 61440 65536 65536 81920
438 1 16384 20480
514 2 311296 327680 327680 331776
385 1 81920 86016
514 1 331776 335872
587 1 241664 245760
385 1 86016 94208
224 1 589824 593920
399 1 368640 372736
385 1 94208 98304
412 1 237568 241664
874 1 245760 253952
514 1 335872 356352
514 1 356352 360448
237 1 20480 28672
876 1 413696 417792
403 1 204800 208896
167 1 188416 192512
411 1 397312 417792
378 1 155648 180224
429 1 352256 356352
332 1 417792 421888
978 2 172032 196608 196608 204800
621 1 208896 212992
411 1 417792 421888
441 1 368640 372736
768 1 294912 299008
705 1 77824 81920
299 1 131072 135168
652 1 20480 24576
452 1 401408 405504
434 1 376832 385024
794 1 462848 466944
354 2 122880 131072 131072 139264
459 1 409600 425984
957 1 217088 221184
459 1 425984 430080
378 1 180224 184320
434 1 385024 389120
411 1 421888 434176
354 1 139264 143360
411 1 434176 438272
798 1 466944 507904
908 2 389120 393216 393216 405504
764 1 253952 258048
739 1 557056 561152
423 3 299008 327680 327680 393216 393216 409600
739 1 487424 491520
335 1 397312 401408
423 1 409600 413696
978 1 172032 176128
775 1 290816 294912
342 1 491520 499712
30 1 331776 339968
342 1 499712 503808
980 1 94208 98304
980 1 102400 110592
982 1 212992 217088
978 1 167936 172032
982 1 339968 344064
982 1 360448 364544
313 1 393216 397312
707 1 643072 647168
532 1 356352 360448
412 1 421888 454656
978 1 172032 176128
412 1 454656 458752
667 1 610304 618496
412 1 458752 479232
412 1 479232 483328
508 1 585728 589824
781 1 450560 454656
739 1 557056 561152
689 1 446464 450560
138 1 315392 319488
810 1 495616 499712
565 1 217088 221184
950 1 520192 524288
412 1 483328 495616
412 1 495616 499712
664 1 499712 503808
396 1 8192 36864
509 2 380928 393216 393216 405504
267 1 184320 188416
17 1 462848 466944
978 3 172032 196608 196608 262144 262144 299008
296 1 466944 471040
898 1 368640 372736
743 1 339968 344064
446 1 397312 401408
509 1 405504 409600
769 1 36864 40960
396 1 36864 40960
978 1 172032 176128
495 1 397312 401408
771 1 73728 77824
504 1 307200 319488
912 1 167936 176128
756 1 385024 389120
775 1 4096 8192
978 1 163840 172032
982 1 266240 270336
982 1 282624 286720
982 1 303104 315392
982 1 360448 364544
785 1 466944 471040
982 2 380928 393216 393216 405504
982 1 421888 425984
769 1 307200 311296
504 1 319488 323584
68 1 585728 589824
980 1 94208 131072
982 1 208896 217088
982 1 229376 233472
982 1 245760 258048
772 1 344064 348160
978 1 172032 176128
842 1 196608 200704
61 1 274432 278528
954 1 253952 258048
570 1 544768 548864
775 1 159744 163840
785 1 479232 483328
237 1 24576 36864
266 1 245760 253952
350 1 98304 106496
266 1 335872 344064
290 1 548864 557056
276 1 155648 163840
14 1 413696 417792
352 1 647168 651264
421 1 176128 192512
353 1 4096 8192
353 1 20480 24576
968 1 110592 114688
556 1 389120 393216
833 1 393216 397312
155 1 589824 593920
776 1 327680 331776
493 1 274432 278528
777 1 139264 143360
770 1 405504 409600
637 1 90112 94208
485 1 294912 299008
637 1 147456 151552
411 2 438272 458752 458752 503808
984 1 12288 16384
984 1 24576 28672
984 1 36864 40960
471 1 618496 622592
891 1 421888 425984
918 1 520192 524288
411 1 503808 507904
362 2 569344 589824 589824 598016
421 1 192512 196608
362 1 598016 602112
340 1 610304 614400
316 1 352256 372736
479 1 159744 176128
316 1 372736 376832
443 1 372736 376832
479 1 176128 180224
414 3 454656 458752 458752 524288 524288 557056
826 1 212992 217088
978 1 172032 192512
978 1 172032 176128
156 1 528384 532480
414 1 557056 561152
775 1 188416 192512
980 1 94208 98304
980 1 106496 110592
978 1 167936 172032
982 1 360448 364544
342 1 610304 626688
517 1 532480 536576
978 1 172032 176128
342 1 626688 630784
600 1 200704 204800
358 2 249856 262144 262144 282624
358 1 282624 286720
211 1 270336 274432
535 1 180224 184320
238 1 20480 24576
580 1 352256 356352
421 1 77824 90112
301 1 372736 376832
469 1 290816 303104
421 1 90112 94208
462 3 110592 131072 131072 196608 196608 212992
775 1 290816 294912
775 1 192512 196608
469 1 303104 307200
462 1 212992 217088
667 1 614400 630784
874 1 249856 258048
521 1 393216 397312
647 1 520192 524288
412 2 499712 524288 524288 565248
514 1 360448 380928
214 1 225280 233472
1 1 401408 405504
508 1 294912 311296
833 1 397312 401408
556 1 389120 393216
832 1 40960 45056
392 1 57344 61440
378 2 319488 327680 327680 335872
495 1 552960 557056
833 1 389120 393216
776 1 131072 135168
769 1 524288 528384
807 1 397312 401408
514 1 380928 385024
22 1 266240 270336
412 1 565248 569344
46 1 278528 282624
876 1 552960 557056
775 1 200704 204800
508 1 311296 315392
469 1 307200 323584
378 1 335872 339968
994 1 512000 516096
159 1 430080 434176
605 1 45056 49152
195 1 421888 438272
469 1 323584 327680
445 2 184320 196608 196608 204800
795 1 135168 139264
265 1 520192 524288
801 1 438272 442368
721 1 380928 385024
445 1 204800 208896
176 1 192512 196608
358 1 286720 327680
568 1 479232 483328
625 1 643072 651264
358 1 327680 331776
326 1 618496 622592
391 1 483328 499712
504 2 499712 524288 524288 528384
391 1 499712 503808
647 1 188416 192512
504 1 528384 532480
119 1 385024 389120
252 1 331776 335872
484 1 286720 303104
358 1 331776 360448
393 1 266240 327680
484 1 303104 307200
358 1 360448 364544
393 1 327680 331776
26 1 630784 634880
358 1 364544 380928
358 1 36864 45056
443 1 40960 45056
358 1 380928 385024
818 1 61440 65536
763 1 208896 212992
874 1 253952 262144
842 1 200704 204800
514 2 385024 393216 393216 405504
577 1 614400 655360
578 1 0 32768
514 1 405504 409600
494 1 262144 266240
505 1 385024 389120
874 2 258048 262144 262144 266240
454 1 327680 339968
513 1 233472 237568
346 1 57344 61440
495 1 327680 339968
495 1 344064 348160
744 1 368640 389120
514 1 409600 430080
538 1 299008 303104
454 1 339968 344064
514 1 430080 434176
792 1 532480 540672
442 1 229376 245760
412 2 569344 589824 589824 655360
796 2 454656 458752 458752 462848
438 1 389120 393216
370 1 155648 159744
66 1 57344 65536
405 2 221184 262144 262144 278528
979 1 77824 81920
365 1 221184 225280
512 1 647168 655360
513 1 0 16384
365 1 327680 331776
442 1 245760 249856
501 1 393216 425984
413 1 0 4096
592 1 425984 430080
405 1 278528 282624
778 1 602112 606208
707 1 143360 147456
744 1 389120 393216
501 1 425984 430080
402 2 237568 262144 262144 315392
513 1 16384 20480
767 1 540672 544768
413 1 4096 12288
759 1 626688 655360
760 1 0 36864
402 1 315392 319488
413 1 12288 16384
223 1 32768 36864
739 1 491520 495616
402 2 319488 327680 327680 356352
402 1 356352 360448
739 1 487424 491520
767 1 536576 540672
775 1 421888 425984
898 1 172032 180224
61 1 253952 258048
472 1 253952 258048
801 1 53248 57344
901 1 520192 524288
847 1 327680 331776
494 1 90112 110592
774 1 245760 249856
494 1 110592 114688
908 1 536576 540672
358 2 385024 393216 393216 454656
46 1 262144 266240
414 1 610304 622592
358 1 454656 458752
517 1 299008 303104
627 1 348160 352256
358 1 458752 499712
763 1 327680 331776
472 1 258048 262144
767 1 360448 364544
358 1 499712 503808
357 1 98304 114688
779 1 299008 303104
357 1 114688 118784
658 1 180224 184320
414 1 622592 626688
898 1 176128 188416
193 1 421888 425984
487 1 77824 81920
874 1 262144 286720
72 1 118784 122880
763 1 139264 143360
378 1 614400 618496
625 1 647168 655360
626 1 0 4096
767 1 364544 368640
514 1 434176 454656
493 1 647168 651264
434 1 434176 446464
504 1 532480 589824
711 3 176128 196608 196608 262144 262144 274432
273 1 495616 499712
514 1 454656 458752
434 1 446464 450560
504 1 589824 593920
177 1 573440 585728
711 1 274432 278528
767 1 540672 544768
311 1 294912 299008
135 1 262144 266240
425 1 503808 507904
895 1 94208 122880
66 2 61440 65536 65536 73728
514 1 458752 479232
495 1 544768 548864
529 1 65536 69632
832 1 49152 53248
155 1 557056 561152
777 1 118784 122880
832 1 61440 65536
470 1 339968 344064
661 1 135168 139264
62 1 372736 376832
501 2 430080 458752 458752 487424
252 1 122880 126976
514 1 479232 483328
898 1 180224 184320
419 1 413696 438272
687 1 552960 557056
501 1 487424 491520
147 1 270336 274432
78 1 331776 335872
645 1 184320 188416
645 1 196608 200704
632 1 135168 139264
797 1 479232 483328
632 1 147456 151552
797 1 491520 495616
34 1 184320 188416
765 1 241664 245760
785 1 73728 77824
466 1 356352 360448
415 3 438272 458752 458752 524288 524288 528384
419 1 438272 442368
650 1 544768 548864
415 1 528384 532480
874 1 282624 303104
514 1 483328 503808
514 1 503808 507904
986 1 225280 229376
204 1 630784 638976
528 1 475136 479232
767 1 360448 364544
874 1 299008 307200
514 2 507904 524288 524288 528384
767 1 360448 364544
996 1 86016 90112
514 1 528384 532480
437 1 126976 131072
811 1 81920 86016
143 1 483328 487424
514 1 278528 327680
415 1 532480 544768
454 1 487424 507904
415 1 544768 548864
454 1 507904 512000
514 1 327680 331776
603 1 446464 450560
603 1 454656 458752
898 1 180224 184320
47 1 65536 77824
47 1 81920 86016
977 1 393216 397312
821 1 417792 421888
450 1 401408 413696
485 1 266240 282624
485 1 282624 286720
523 1 53248 57344
767 1 364544 368640
450 1 413696 417792
470 1 299008 311296
470 1 311296 315392
874 2 303104 327680 327680 331776
514 1 532480 552960
514 1 552960 557056
726 1 376832 380928
758 1 524288 532480
260 1 270336 274432
650 1 548864 552960
1 1 397312 401408
1 1 405504 409600
556 1 389120 393216
832 1 57344 61440
833 1 397312 405504
337 1 479232 483328
495 1 540672 544768
776 1 204800 208896
22 1 270336 274432
773 1 311296 319488
777 1 57344 61440
154 1 602112 606208
777 1 98304 102400
260 1 528384 532480
777 1 118784 126976
771 1 65536 69632
898 1 180224 184320
773 1 262144 266240
86 1 262144 266240
75 1 208896 212992
564 1 614400 618496
576 1 520192 524288
764 1 352256 356352
908 1 180224 188416
393 1 299008 303104
674 1 188416 192512
166 1 344064 348160
437 1 290816 327680
454 2 512000 524288 524288 557056
378 1 614400 630784
454 1 557056 561152
434 2 450560 458752 458752 512000
773 1 319488 323584
384 1 118784 126976
434 1 512000 516096
340 1 69632 106496
223 3 512000 524288 524288 589824 589824 655360
224 1 0 32768
324 1 602112 606208
418 2 110592 131072 131072 180224
340 1 106496 110592
437 1 327680 331776
418 1 180224 184320
908 1 413696 417792
918 2 585728 589824 589824 593920
898 1 180224 184320
767 1 380928 385024
750 1 372736 385024
889 1 438272 442368
514 1 557056 577536
514 1 577536 581632
779 2 376832 393216 393216 397312
739 1 491520 495616
739 1 483328 487424
895 2 118784 131072 131072 147456
773 1 270336 274432
514 2 581632 589824 589824 602112
514 1 602112 606208
981 1 430080 434176
824 1 651264 655360
402 2 360448 393216 393216 421888
898 1 180224 184320
402 1 421888 425984
825 1 0 4096
455 2 155648 196608 196608 212992
402 1 425984 458752
172 1 278528 282624
455 1 212992 217088
402 1 458752 462848
825 1 4096 8192
723 1 389120 393216
402 1 462848 491520
479 1 614400 643072
767 1 319488 323584
402 1 491520 495616
479 1 643072 647168
790 1 159744 163840
402 1 495616 520192
962 1 0 4096
402 1 520192 524288
484 1 438272 454656
30 1 204800 208896
484 1 454656 458752
168 1 466944 471040
314 1 614400 655360
315 4 0 65536 65536 131072 131072 196608 196608 249856
898 1 180224 184320
451 1 278528 286720
455 1 217088 258048
408 2 376832 393216 393216 405504
343 2 573440 589824 589824 593920
402 1 524288 565248
898 1 180224 188416
767 1 323584 327680
402 1 565248 569344
408 1 405504 409600
343 1 593920 598016
315 1 249856 253952
402 2 569344 589824 589824 593920
455 1 258048 262144
429 1 634880 638976
339 1 487424 491520
402 1 593920 598016
778 1 122880 126976
488 1 217088 225280
488 1 225280 229376
763 1 45056 49152
421 1 32768 36864
0 1 303104 307200
390 1 0 12288
765 1 299008 303104
614 1 315392 319488
812 1 413696 417792
898 1 184320 188416
566 1 253952 258048
826 1 212992 217088
488 1 229376 237568
488 1 237568 241664
898 1 184320 188416
856 1 12288 16384
390 1 12288 16384
121 1 126976 131072
898 1 184320 188416
715 2 12288 65536 65536 69632
161 1 499712 507904
101 1 262144 266240
469 1 647168 655360
48 1 331776 335872
416 1 4096 8192
49 1 77824 81920
106 1 598016 602112
311 1 184320 188416
434 1 602112 606208
436 1 393216 397312
1 1 401408 409600
643 1 647168 651264
555 1 139264 143360
523 1 344064 348160
436 1 413696 421888
436 1 438272 442368
667 1 131072 135168
437 1 8192 12288
46 1 327680 331776
437 1 49152 53248
430 1 335872 339968
430 1 405504 413696
481 1 589824 593920
437 1 401408 405504
260 1 536576 540672
333 1 401408 405504
442 1 466944 479232
442 1 479232 483328
895 1 143360 172032
767 1 315392 319488
514 1 606208 626688
514 1 626688 630784
123 1 151552 155648
874 1 327680 335872
898 1 184320 188416
487 1 393216 405504
514 1 630784 651264
514 1 651264 655360
33 1 311296 319488
991 1 286720 294912
376 1 245760 249856
487 1 405504 409600
898 1 184320 188416
332 2 53248 65536 65536 77824
332 1 77824 81920
874 1 331776 356352
898 1 184320 188416
515 1 0 20480
515 1 20480 24576
767 1 544768 548864
739 1 557056 561152
162 1 114688 118784
230 1 466944 475136
292 1 258048 262144
499 3 188416 196608 196608 262144 262144 282624
358 1 311296 315392
377 1 204800 208896
563 1 602112 606208
993 1 602112 603648
915 1 413696 421888
459 1 495616 499712
212 1 495616 503808
230 1 462848 466944
178 1 311296 315392
248 1 356352 360448
331 1 57344 61440
121 1 585728 589824
9 1 282624 284160
914 1 557056 561152
993 1 598016 602112
499 1 282624 286720
114 1 557056 561152
917 1 483328 487424
914 1 626688 630784
963 1 634880 638976
915 1 49152 53248
0 1 495616 499712
915 1 217088 221184
442 1 356352 360448
1 1 282624 286720
915 1 356352 360448
898 1 184320 188416
1 1 446464 450560
915 1 401408 405504
2 1 548864 552960
768 1 126976 131072
915 1 409600 413696
3 1 630784 634880
874 1 352256 360448
7 1 450560 454656
515 1 24576 45056
7 1 491520 495616
18 1 77824 81920
895 1 167936 196608
515 1 45056 49152
181 1 339968 344064
10 1 294912 299008
504 2 430080 458752 458752 462848
898 1 184320 188416
515 2 49152 65536 65536 69632
13 1 200704 204800
504 1 462848 466944
70 1 147456 151552
515 1 69632 73728
898 1 184320 188416
613 1 360448 364544
126 1 380928 385024
765 1 536576 540672
895 2 192512 196608 196608 204800
158 1 380928 385024
444 1 417792 450560
315 4 253952 262144 262144 327680 327680 393216 393216 417792
515 1 73728 94208
352 1 311296 319488
444 1 450560 454656
515 1 94208 98304
315 1 417792 421888
421 1 77824 81920
756 1 356352 360448
406 2 221184 262144 262144 274432
450 1 589824 593920
898 1 184320 196608
381 1 217088 225280
406 1 274432 278528
257 1 122880 126976
593 1 225280 229376
774 1 245760 249856
41 1 524288 528384
59 1 151552 155648
463 1 417792 425984
913 1 446464 458752
517 1 270336 274432
64 1 53248 57344
61 1 184320 188416
61 1 385024 389120
345 1 569344 577536
62 1 462848 466944
64 2 581632 589824 589824 598016
59 1 180224 184320
100 1 221184 225280
60 1 397312 401408
898 1 188416 192512
153 1 413696 417792
177 1 503808 507904
179 1 581632 585728
178 1 114688 118784
205 1 24576 28672
178 1 266240 270336
179 1 40960 45056
208 1 20480 24576
205 1 405504 409600
45 1 28672 32768
208 1 397312 401408
186 1 507904 512000
236 1 606208 610304
197 1 614400 618496
273 1 380928 385024
264 1 397312 401408
206 1 172032 176128
202 1 180224 184320
228 1 40960 45056
463 1 425984 430080
207 1 131072 135168
266 1 454656 458752
345 1 577536 581632
268 1 507904 512000
270 1 561152 565248
293 1 290816 294912
295 1 507904 512000
297 1 114688 118784
304 1 40960 45056
301 1 241664 245760
331 1 61440 65536
309 1 339968 344064
299 1 188416 192512
313 1 462848 466944
368 1 561152 565248
328 1 385024 389120
334 1 446464 450560
311 1 409600 413696
340 1 393216 397312
334 1 598016 602112
842 2 327680 393216 393216 421888
335 1 94208 98304
348 1 225280 229376
374 1 176128 180224
898 1 188416 192512
842 1 421888 425984
1 1 393216 401408
1 1 405504 409600
833 1 393216 405504
739 1 491520 495616
777 1 356352 360448
555 1 155648 159744
495 1 540672 544768
898 1 188416 192512
556 1 389120 393216
832 1 65536 69632
879 1 20480 28672
971 1 466944 471040
770 1 397312 401408
879 1 360448 364544
384 1 159744 163840
638 1 0 4096
596 2 122880 131072 131072 184320
70 1 495616 499712
809 1 528384 532480
323 1 135168 139264
53 2 585728 589824 589824 651264
159 1 462848 466944
430 1 311296 315392
596 1 184320 188416
451 1 282624 299008
127 1 274432 278528
499 1 581632 585728
343 1 598016 655360
344 1 0 12288
289 1 20480 28672
713 1 516096 520192
895 1 200704 229376
289 1 24576 28672
377 2 294912 327680 327680 356352
344 1 12288 16384
515 1 98304 118784
234 1 323584 327680
767 1 102400 106496
377 1 356352 360448
885 1 380928 385024
515 1 118784 122880
322 2 323584 327680 327680 335872
322 1 335872 339968
898 1 188416 192512
816 1 86016 94208
764 1 12288 16384
898 1 188416 196608
146 1 454656 458752
483 1 315392 319488
898 1 192512 196608
895 1 225280 237568
327 1 126976 131072
515 2 122880 131072 131072 143360
515 1 143360 147456
384 2 122880 131072 131072 139264
340 2 110592 131072 131072 196608
431 1 339968 344064
790 1 499712 503808
340 1 196608 200704
363 1 159744 176128
882 1 344064 348160
331 1 286720 299008
406 1 278528 327680
898 1 192512 196608
895 1 233472 241664
406 1 327680 331776
441 1 77824 90112
515 1 147456 167936
898 1 192512 196608
331 1 299008 303104
515 1 167936 172032
441 1 90112 94208
895 2 237568 262144 262144 266240
807 1 315392 319488
515 1 172032 192512
1 1 393216 405504
370 1 155648 159744
832 1 65536 69632
833 1 393216 397312
833 1 389120 393216
833 1 401408 405504
971 1 462848 466944
495 1 573440 577536
515 1 192512 196608
46 1 282624 286720
898 2 192512 196608 196608 204800
601 1 565248 569344
439 1 192512 196608
755 1 466944 471040
898 1 196608 200704
385 1 552960 565248
385 1 565248 569344
38 1 569344 573440
490 1 589824 593920
107 1 131072 135168
898 1 196608 200704
376 1 471040 516096
698 1 217088 221184
376 1 516096 520192
898 1 196608 200704
874 1 356352 368640
376 1 167936 172032
515 1 196608 217088
842 2 425984 458752 458752 491520
515 1 217088 221184
898 1 196608 200704
842 1 491520 495616
737 1 49152 53248
195 1 172032 176128
816 1 135168 147456
346 1 233472 249856
1 1 401408 405504
429 1 405504 409600
417 1 438272 442368
278 1 307200 311296
385 1 430080 434176
44 1 466944 471040
72 1 65536 69632
495 1 151552 155648
385 1 438272 442368
765 1 299008 303104
769 1 458752 462848
825 1 12288 20480
479 1 135168 147456
825 1 45056 49152
479 1 155648 159744
770 1 479232 483328
739 1 557056 561152
825 2 53248 65536 65536 77824
771 1 73728 77824
825 1 81920 90112
206 1 131072 143360
905 1 434176 438272
825 1 94208 98304
206 1 151552 155648
878 1 57344 61440
602 1 151552 155648
878 1 65536 73728
346 1 249856 253952
739 1 487424 491520
233 1 69632 73728
433 1 184320 188416
859 1 626688 630784
822 1 16384 20480
898 1 196608 200704
328 1 483328 499712
803 1 131072 147456
543 1 311296 315392
328 1 499712 503808
632 1 294912 299008
192 1 602112 606208
387 1 393216 397312
392 1 552960 553984
408 1 372736 385024
899 1 167936 172032
765 1 442368 446464
736 1 53248 57344
354 1 73728 81920
895 1 262144 290816
408 1 385024 389120
354 1 81920 86016
182 1 57344 61440
778 1 163840 167936
515 1 221184 241664
473 1 323584 327680
465 1 393216 397312
182 1 57344 61440
472 1 212992 225280
368 3 454656 458752 458752 524288 524288 557056
365 1 77824 102400
842 1 204800 208896
515 1 241664 245760
898 1 196608 200704
801 1 475136 491520
365 1 102400 106496
430 1 466944 495616
368 1 557056 561152
430 1 495616 499712
650 1 552960 557056
408 2 389120 393216 393216 397312
898 1 196608 200704
890 1 311296 315392
358 3 503808 524288 524288 589824 589824 606208
354 1 86016 94208
408 1 397312 401408
822 1 487424 491520
237 1 331776 339968
433 2 12288 65536 65536 90112
617 1 348160 352256
691 1 458752 462848
756 1 364544 368640
256 1 8192 12288
354 1 94208 98304
895 1 286720 299008
358 1 606208 610304
803 1 131072 147456
433 1 90112 94208
515 2 245760 262144 262144 266240
487 1 602112 655360
408 1 401408 409600
488 1 0 65536
515 1 266240 270336
324 1 602112 606208
408 1 409600 413696
488 1 65536 69632
895 1 294912 303104
898 1 196608 212992
518 1 8192 12288
267 1 45056 61440
515 1 270336 290816
341 2 57344 65536 65536 69632
408 1 413696 421888
515 1 290816 294912
420 1 28672 57344
895 1 299008 327680
420 1 57344 61440
408 1 421888 425984
515 1 294912 315392
760 1 454656 458752
33 1 499712 507904
515 1 315392 319488
911 1 651264 655360
773 1 110592 114688
898 1 204800 208896
137 1 393216 397312
448 1 311296 315392
448 1 315392 323584
803 1 131072 135168
803 1 135168 147456
425 1 188416 192512
57 1 499712 503808
449 1 356352 368640
795 1 577536 581632
449 1 491520 495616
424 1 200704 204800
650 1 528384 532480
796 1 20480 24576
519 1 475136 479232
795 1 593920 598016
683 1 442368 446464
542 1 409600 413696
448 1 319488 323584
449 1 368640 372736
385 4 442368 458752 458752 524288 524288 589824 589824 655360
386 3 0 65536 65536 131072 131072 143360
408 1 425984 434176
898 1 204800 208896
10 1 167936 172032
408 1 434176 438272
899 1 151552 155648
808 1 278528 294912
386 1 143360 147456
451 2 270336 327680 327680 348160
773 1 266240 270336
408 1 438272 442368
408 1 442368 446464
763 1 438272 442368
42 1 327680 331776
212 1 606208 610304
995 1 319488 323584
18 1 331776 335872
455 1 262144 311296
405 2 495616 524288 524288 528384
782 1 294912 299008
698 3 520192 524288 524288 589824 589824 630784
336 1 188416 192512
455 1 311296 315392
213 1 196608 200704
898 1 204800 208896
389 1 557056 565248
420 1 335872 339968
792 1 339968 344064
405 1 528384 532480
800 1 200704 204800
295 1 81920 86016
874 1 364544 389120
792 1 520192 524288
800 1 208896 217088
796 1 532480 536576
793 1 544768 548864
796 1 585728 589824
800 1 221184 229376
793 1 557056 561152
797 1 36864 40960
792 1 606208 610304
800 1 258048 262144
797 1 237568 241664
794 1 135168 139264
793 1 16384 20480
800 1 274432 278528
793 1 40960 45056
794 1 462848 466944
793 1 69632 73728
800 1 282624 290816
797 2 450560 458752 458752 471040
795 1 364544 368640
934 1 483328 487424
800 1 294912 299008
499 1 344064 348160
797 1 495616 499712
935 1 40960 49152
803 1 208896 212992
795 1 438272 442368
800 1 405504 409600
803 1 258048 262144
800 1 413696 417792
803 1 311296 315392
22 1 536576 540672
803 1 434176 438272
800 1 430080 434176
803 1 487424 491520
649 1 413696 417792
22 1 544768 548864
800 1 569344 573440
801 1 159744 163840
803 1 536576 540672
801 1 180224 184320
803 1 589824 593920
428 1 614400 618496
803 1 638976 643072
801 1 196608 200704
804 1 32768 36864
430 1 323584 327680
801 1 212992 217088
431 1 188416 196608
804 1 86016 90112
455 2 315392 327680 327680 348160
801 1 258048 262144
526 1 225280 233472
804 1 135168 139264
431 1 208896 217088
665 1 90112 94208
515 2 319488 327680 327680 339968
516 1 557056 561152
431 1 249856 258048
527 1 237568 241664
519 1 327680 331776
519 1 344064 348160
801 1 307200 311296
443 1 622592 626688
589 1 278528 282624
801 1 356352 360448
664 1 212992 217088
801 1 409600 413696
444 1 651264 655360
519 1 360448 364544
625 1 630784 634880
801 1 458752 462848
445 1 548864 552960
665 1 389120 393216
580 1 106496 110592
801 1 516096 520192
445 1 565248 569344
667 1 446464 450560
801 1 573440 577536
557 1 172032 176128
445 1 581632 585728
801 1 593920 598016
557 1 188416 192512
801 1 610304 614400
557 1 208896 212992
801 1 626688 630784
584 1 421888 425984
801 1 643072 647168
557 1 638976 643072
586 1 475136 479232
802 1 4096 8192
558 1 32768 36864
802 1 151552 155648
49 1 69632 73728
558 1 86016 90112
802 1 516096 520192
558 1 135168 139264
803 1 57344 61440
455 1 348160 352256
558 1 184320 188416
515 1 339968 344064
61 1 319488 323584
564 1 114688 118784
582 1 159744 163840
767 1 147456 151552
430 1 454656 458752
557 1 4096 8192
801 1 532480 536576
684 1 356352 360448
427 1 57344 61440
218 1 389120 393216
960 1 20480 24576
819 1 430080 434176
428 1 167936 172032
1 1 401408 409600
555 1 282624 286720
556 1 376832 380928
799 1 266240 270336
496 1 167936 172032
507 1 118784 122880
195 1 176128 180224
216 1 16384 20480
455 1 352256 368640
216 1 28672 36864
430 1 307200 311296
665 1 90112 94208
61 1 319488 323584
427 1 520192 524288
431 1 188416 196608
429 1 536576 540672
431 1 208896 217088
519 1 327680 331776
443 1 622592 626688
519 1 344064 348160
444 1 651264 655360
519 1 360448 364544
431 1 253952 258048
445 1 548864 552960
445 1 565248 569344
445 1 581632 585728
455 1 368640 372736
330 1 217088 245760
727 3 413696 458752 458752 524288 524288 528384
761 1 139264 143360
773 1 270336 274432
427 1 536576 540672
431 1 188416 196608
427 1 577536 581632
727 1 528384 532480
767 1 401408 405504
527 1 237568 241664
431 1 208896 217088
427 1 630784 634880
665 1 90112 94208
443 1 622592 626688
519 1 327680 331776
589 1 278528 282624
519 1 344064 348160
664 1 212992 217088
444 1 651264 655360
665 1 389120 393216
519 1 360448 364544
61 1 319488 323584
557 1 172032 176128
584 1 421888 425984
557 1 188416 192512
580 1 106496 110592
842 1 208896 212992
557 1 208896 212992
667 1 446464 450560
557 1 638976 643072
586 1 475136 479232
960 1 20480 24576
545 1 110592 114688
426 1 114688 118784
273 1 77824 86016
558 1 32768 36864
431 1 253952 258048
445 1 548864 552960
445 1 565248 569344
558 1 86016 90112
445 1 581632 585728
558 1 135168 139264
558 1 184320 188416
408 1 446464 450560
582 1 159744 163840
684 1 356352 364544
427 1 516096 520192
420 1 335872 339968
330 1 245760 249856
895 2 323584 327680 327680 335872
727 1 532480 540672
749 1 163840 172032
451 1 348160 352256
455 2 372736 393216 393216 425984
898 1 204800 212992
874 1 385024 393216
803 1 131072 147456
515 1 344064 372736
727 1 540672 544768
61 1 319488 323584
960 1 20480 24576
425 1 565248 569344
426 1 16384 20480
427 1 626688 630784
455 1 425984 430080
430 1 12288 16384
665 1 90112 94208
589 1 278528 282624
664 1 212992 217088
557 1 208896 212992
665 1 389120 393216
557 1 638976 643072
813 1 135168 139264
558 1 32768 36864
524 1 319488 323584
527 1 237568 241664
580 1 106496 110592
558 1 86016 90112
667 1 446464 450560
558 1 135168 139264
558 1 184320 188416
582 1 159744 163840
698 1 630784 634880
658 1 643072 647168
515 1 372736 376832
684 1 356352 364544
429 1 159744 163840
429 1 352256 356352
431 1 188416 196608
431 1 208896 217088
431 1 253952 262144
429 1 634880 638976
443 1 622592 626688
444 1 651264 655360
555 1 282624 286720
584 1 421888 425984
557 1 36864 40960
408 1 450560 458752
586 1 475136 479232
523 1 135168 139264
432 1 139264 143360
717 1 524288 528384
520 1 249856 253952
521 1 393216 405504
526 1 237568 241664
717 1 614400 618496
522 1 282624 286720
429 1 323584 327680
791 1 651264 655360
430 1 245760 249856
559 1 626688 630784
543 1 241664 245760
426 1 368640 372736
423 1 401408 413696
213 1 65536 69632
426 1 487424 491520
548 1 249856 253952
427 1 516096 520192
428 1 40960 45056
656 1 319488 323584
428 1 135168 139264
369 2 512000 524288 524288 548864
408 1 458752 462848
423 1 413696 417792
369 1 548864 552960
813 1 131072 147456
874 2 389120 393216 393216 405504
293 1 163840 167936
195 1 131072 135168
765 1 536576 540672
895 1 331776 339968
515 2 376832 393216 393216 405504
408 1 462848 471040
768 1 73728 77824
315 3 421888 458752 458752 524288 524288 528384
515 1 405504 409600
208 1 380928 389120
315 1 528384 532480
408 1 471040 475136
320 1 135168 139264
421 1 77824 81920
321 1 401408 409600
898 1 208896 212992
451 2 352256 393216 393216 397312
898 1 208896 212992
455 2 430080 458752 458752 475136
768 1 77824 81920
187 1 614400 618496
463 1 430080 454656
30 1 495616 499712
24 1 102400 110592
860 1 4096 8192
455 1 475136 479232
741 1 151552 155648
898 1 208896 212992
365 1 106496 131072
463 1 454656 458752
594 1 323584 327680
108 1 253952 258048
365 1 131072 135168
621 1 208896 212992
455 1 479232 520192
1 1 397312 401408
1 1 405504 409600
555 1 262144 266240
556 1 389120 393216
193 1 622592 626688
385 1 413696 417792
385 1 430080 434176
846 1 446464 450560
833 1 397312 401408
392 1 28672 32768
495 1 540672 544768
776 1 327680 331776
455 1 520192 524288
260 1 528384 532480
319 1 614400 647168
264 1 565248 569344
451 1 397312 401408
266 1 516096 520192
319 1 647168 651264
788 1 253952 258048
369 2 552960 589824 589824 593920
898 1 208896 212992
369 1 593920 598016
898 1 208896 212992
265 1 73728 126976
874 1 401408 409600
903 1 602112 610304
909 1 618496 630784
515 1 409600 430080
35 1 12288 16384
369 1 598016 630784
265 1 126976 131072
515 1 430080 434176
44 1 524288 540672
136 1 0 16384
369 1 630784 634880
136 1 32768 49152
136 1 573440 589824
898 1 208896 212992
369 1 634880 651264
413 1 69632 77824
369 1 651264 655360
367 3 315392 327680 327680 393216 393216 409600
413 1 77824 81920
65 1 147456 163840
367 1 409600 413696
874 1 405504 413696
413 1 81920 90112
515 1 434176 454656
679 1 434176 438272
413 1 90112 94208
515 1 454656 458752
642 4 249856 262144 262144 327680 327680 393216 393216 405504
44 1 524288 540672
724 1 602112 606208
848 1 98304 102400
874 1 409600 417792
413 1 94208 102400
642 1 405504 409600
515 1 458752 479232
898 1 208896 212992
341 1 65536 77824
413 1 102400 106496
74 1 159744 167936
515 1 479232 483328
462 2 327680 393216 393216 409600
189 1 442368 446464
420 2 61440 65536 65536 131072
90 1 69632 86016
874 1 413696 434176
412 1 258048 262144
70 1 651264 655360
765 1 327680 331776
898 1 208896 212992
420 1 131072 135168
413 1 106496 114688
515 1 483328 503808
690 1 581632 585728
462 1 409600 413696
635 1 507904 512000
642 1 409600 446464
407 1 651264 655360
515 1 503808 507904
413 1 114688 118784
898 1 208896 221184
642 1 446464 450560
349 2 143360 196608 196608 200704
874 1 430080 454656
515 2 507904 524288 524288 528384
349 1 200704 204800
515 1 528384 532480
771 1 471040 475136
73 1 446464 450560
426 1 155648 167936
874 1 450560 458752
515 1 532480 552960
426 1 167936 172032
895 1 335872 364544
515 1 552960 557056
515 1 557056 577536
370 2 0 65536 65536 86016
515 1 577536 581632
370 1 86016 90112
895 1 360448 389120
898 1 212992 217088
515 2 581632 589824 589824 602112
515 1 602112 606208
370 1 90112 131072
842 1 212992 217088
370 1 131072 135168
338 1 126976 131072
719 1 176128 180224
868 1 520192 524288
429 1 339968 348160
454 1 397312 409600
898 1 212992 217088
237 1 4096 8192
454 1 409600 413696
308 1 102400 106496
81 1 507904 512000
499 2 503808 524288 524288 589824
499 1 589824 593920
767 1 520192 524288
898 1 212992 217088
238 1 233472 237568
600 1 200704 204800
365 1 634880 651264
338 1 102400 106496
689 1 454656 458752
457 1 184320 188416
898 1 212992 217088
504 1 540672 552960
365 1 651264 655360
819 1 536576 540672
252 1 126976 131072
504 1 552960 557056
333 1 401408 405504
974 1 487424 491520
495 1 159744 163840
465 1 393216 397312
499 1 303104 311296
409 1 106496 118784
499 1 311296 315392
895 1 385024 393216
697 2 253952 262144 262144 266240
898 1 212992 217088
515 1 606208 626688
306 1 118784 122880
33 1 282624 290816
515 1 626688 630784
354 1 212992 229376
874 2 454656 458752 458752 479232
354 1 229376 233472
515 1 630784 651264
895 2 389120 393216 393216 401408
1 1 393216 405504
278 1 315392 319488
958 1 552960 557056
976 1 520192 524288
665 1 368640 372736
495 1 61440 65536
555 1 135168 139264
50 1 282624 286720
555 1 425984 430080
409 1 118784 122880
555 1 548864 552960
492 1 589824 593920
493 1 0 4096
544 1 131072 135168
46 1 331776 335872
47 1 442368 446464
515 1 651264 655360
99 1 114688 118784
516 1 0 20480
874 1 475136 483328
516 1 20480 24576
548 1 524288 528384
990 1 516096 520192
516 1 24576 45056
702 1 24576 28672
516 1 45056 49152
366 1 0 28672
330 1 53248 65536
369 1 53248 61440
402 1 212992 229376
77 1 4096 8192
366 1 28672 32768
402 1 229376 233472
703 1 573440 577536
170 1 577536 581632
898 1 212992 217088
421 1 40960 45056
234 1 536576 544768
344 1 28672 53248
49 1 483328 487424
49 1 634880 638976
50 1 131072 135168
52 1 581632 585728
50 1 282624 286720
53 1 24576 28672
56 1 552960 557056
53 1 73728 77824
328 1 294912 299008
50 1 434176 438272
57 1 200704 204800
53 1 126976 131072
328 1 458752 462848
50 1 585728 589824
326 1 446464 450560
329 1 507904 512000
51 1 184320 188416
54 1 622592 626688
51 1 540672 544768
344 1 53248 57344
326 1 643072 647168
331 1 651264 655360
55 1 360448 364544
763 1 352256 356352
332 1 28672 32768
337 1 102400 106496
327 1 643072 647168
332 1 57344 65536
770 2 389120 393216 393216 397312
763 1 524288 528384
762 1 647168 651264
764 1 40960 45056
332 1 73728 77824
94 1 147456 151552
766 1 425984 430080
766 1 651264 655360
765 1 299008 303104
767 1 299008 303104
765 1 364544 368640
767 1 450560 454656
769 1 294912 299008
132 1 385024 389120
782 1 434176 438272
765 1 536576 540672
305 1 90112 94208
381 1 8192 12288
502 2 442368 458752 458752 475136
416 1 147456 151552
330 1 65536 69632
413 1 118784 131072
315 2 532480 589824 589824 655360
316 1 0 53248
502 1 475136 479232
914 1 233472 241664
85 1 536576 540672
474 2 294912 327680 327680 380928
413 1 131072 135168
316 1 53248 57344
474 1 380928 385024
914 1 237568 241664
413 1 135168 155648
421 1 77824 81920
280 1 151552 155648
665 1 491520 495616
413 1 155648 159744
94 1 147456 151552
425 1 413696 417792
447 1 225280 229376
430 1 221184 225280
431 1 188416 196608
516 1 557056 561152
519 1 327680 331776
431 1 208896 217088
431 2 249856 262144 262144 266240
519 1 344064 348160
665 1 90112 94208
524 1 319488 323584
519 1 360448 364544
432 1 139264 143360
526 1 245760 258048
526 1 262144 270336
526 1 274432 286720
960 1 20480 24576
443 1 622592 626688
557 1 638976 643072
526 1 290816 299008
558 1 32768 36864
589 1 278528 282624
444 1 651264 655360
344 2 57344 65536 65536 69632
664 1 212992 217088
520 1 249856 253952
665 1 389120 393216
526 1 303104 315392
521 1 393216 405504
558 1 86016 90112
228 1 573440 577536
61 1 319488 323584
558 1 135168 139264
558 1 184320 188416
522 1 282624 286720
582 1 159744 163840
526 2 319488 327680 327680 331776
684 1 360448 368640
526 1 335872 339968
869 1 483328 491520
527 1 237568 241664
559 1 626688 630784
580 1 106496 110592
22 1 536576 540672
561 1 49152 53248
656 1 110592 114688
584 1 421888 425984
667 1 446464 450560
22 1 544768 548864
586 1 475136 479232
654 1 131072 135168
213 1 65536 69632
465 1 643072 647168
466 1 65536 69632
344 1 69632 73728
445 1 548864 552960
445 1 565248 569344
426 1 12288 16384
445 1 581632 585728
526 1 339968 344064
561 1 176128 180224
682 1 212992 217088
253 1 335872 339968
898 1 212992 217088
324 1 237568 241664
417 2 446464 458752 458752 479232
103 1 450560 454656
402 2 233472 262144 262144 282624
417 1 479232 483328
474 1 385024 393216
402 1 282624 286720
474 1 393216 397312
54 1 503808 507904
209 1 65536 69632
713 1 405504 408064
970 1 262144 274432
970 1 278528 282624
875 1 331776 339968
395 2 270336 327680 327680 335872
874 1 479232 503808
516 2 49152 65536 65536 69632
395 1 335872 339968
875 1 339968 344064
516 1 69632 73728
778 1 163840 167936
395 1 339968 348160
395 1 348160 352256
898 1 212992 217088
256 1 487424 491520
919 1 536576 540672
885 1 409600 413696
736 1 98304 102400
862 1 507904 512000
153 1 12288 28672
768 1 73728 77824
354 1 233472 241664
153 1 24576 28672
698 1 634880 655360
699 1 0 16384
354 1 241664 245760
699 1 16384 20480
410 1 294912 311296
267 1 192512 196608
219 1 356352 360448
328 1 266240 274432
465 1 163840 167936
328 1 274432 278528
306 1 118784 122880
