#StripeID,rangenumber,BlockOffsetStart,BlockOffsetEnd
691 1 868352 933888
59 3 2129920 2359296 2359296 2621440 2621440 2654208
358 1 3108864 3117056
357 1 851968 999424
970 1 364544 372736
564 1 147456 155648
993 1 2469888 2473984
357 1 1880064 1896448
556 1 1536000 1540096
844 1 2740224 2748416
621 1 1781760 1785856
224 1 569344 585728
287 1 1257472 1261568
397 1 1523712 1544192
960 1 2891776 2895872
915 1 245760 253952
516 1 999424 1003520
920 1 823296 827392
76 1 2420736 2424832
674 1 2248704 2293760
656 1 1703936 1798144
196 1 2314240 2318336
863 1 2867200 2875392
863 1 2875392 2879488
779 1 712704 716800
167 1 2138112 2142208
843 1 229376 233472
33 1 2576384 2581504
661 1 946176 954368
920 2 1277952 1310720 1310720 1343488
395 1 749568 757760
395 1 757760 761856
564 1 2457600 2460672
657 1 1908736 1909760
579 1 2293760 2297856
869 1 1003520 1036288
941 1 294912 360448
103 2 503808 524288 524288 602112
553 1 389120 454656
95 2 245760 262144 262144 376832
631 1 1699840 1830912
538 1 3084288 3145728
539 1 0 36864
742 2 2850816 2883584 2883584 2932736
436 1 0 262144
897 1 430080 495616
742 2 2600960 2621440 2621440 2846720
337 1 2777088 2842624
1 1 1867776 1875968
905 1 1200128 1257472
925 1 819200 827392
1 2 1802240 1835008 1835008 1859584
745 1 155648 200704
94 2 2863104 2883584 2883584 3125248
901 1 659456 724992
902 1 12288 20480
925 2 749568 786432 786432 806912
429 1 61440 65536
883 1 2723840 2727936
909 1 1376256 1380352
429 1 65536 77824
743 1 475136 479232
159 1 1429504 1433600
160 1 143360 151552
331 1 278528 303104
131 2 2428416 2621440 2621440 2760192
985 1 2060288 2064384
985 1 2215936 2220032
131 2 2768384 2883584 2883584 3145728
132 1 0 146944
132 2 1195520 1310720 1310720 1502720
331 1 303104 307200
132 3 146944 262144 262144 524288 524288 671232
830 1 2703360 2711552
150 1 1949696 1953792
150 1 1884160 1888256
621 1 2736128 2740224
740 3 2290176 2359296 2359296 2621440 2621440 2814464
133 1 2854912 2863104
30 1 1597440 1605632
748 1 876544 897024
756 1 610304 634880
85 1 688128 692224
759 1 327680 339968
591 1 2711552 2715648
85 1 679936 684032
340 1 2043904 2052096
388 1 1245184 1249280
697 1 1507328 1515520
338 1 1597440 1601536
354 1 1556480 1564672
624 1 782336 786432
2 1 2654208 2658304
24 1 1323008 1327104
649 1 1187840 1189888
3 1 1122304 1126400
484 1 2953216 2953728
816 1 1458176 1470464
955 1 1957888 1961984
428 1 589824 591360
488 1 532480 540672
847 1 823296 831488
847 1 831488 835584
655 1 2957312 2965504
210 1 2396160 2400256
259 1 1175552 1179648
900 1 2654208 2658304
248 1 1388544 1445888
133 1 2854912 2859008
437 1 3108864 3145728
438 1 0 24576
520 1 593920 630784
8 1 466944 471040
76 1 2351104 2359296
76 1 2744320 2748416
76 1 2772992 2777088
222 1 2056192 2060288
558 1 2490368 2494464
77 1 1294336 1298432
785 1 1552384 1556480
985 1 1978368 1982464
648 1 2752512 2756608
475 1 2813952 2818048
397 1 1544192 1548288
78 1 1503232 1511424
985 1 1966080 1970176
40 1 2428928 2433024
45 1 1921024 1925120
912 1 1515520 1519616
82 1 1887744 1891840
866 1 561152 565248
233 1 425472 441856
78 1 1367552 1375744
79 1 2412032 2420224
81 1 1998336 2022912
48 1 2792960 2842112
82 1 1891840 1908224
48 1 2842112 2846208
87 1 2818048 2822144
88 1 1445888 1446400
88 1 1446400 1446912
88 1 1446912 1451008
88 1 1451008 1455104
206 1 2469888 2473984
87 1 2822144 2826240
605 1 802816 819200
120 1 1847296 1851392
619 1 1515520 1548288
205 1 593920 598016
365 1 1073152 1077248
205 1 1585152 1589248
230 1 1945600 1949696
278 1 438272 442368
203 1 3014656 3018752
210 1 2334720 2338816
909 1 352256 356352
929 1 569344 573440
938 1 1896448 1900544
243 1 286720 290816
234 1 950272 954368
625 1 2428928 2433024
745 1 2310144 2314752
618 1 552960 557056
26 1 401408 405504
305 1 2646016 2648576
26 1 581632 585728
980 1 2007040 2011136
26 1 1392640 1396736
751 1 1581056 1585152
860 1 2592768 2600960
987 1 3010560 3014656
429 1 2060288 2064384
410 1 77824 81920
434 1 851968 856064
159 1 294912 315392
416 1 2199552 2203648
84 1 40960 45056
312 1 2650112 2711552
745 1 647168 651264
331 1 2514944 2519040
888 1 1384448 1388544
2 1 2478080 2482176
94 1 2531328 2535424
140 1 753664 765952
344 1 2162688 2228224
630 1 3129344 3145728
631 2 0 262144 262144 471552
79 3 2052608 2097152 2097152 2359296 2359296 2576896
344 1 3014656 3137536
126 1 942080 950272
893 1 1470464 1482752
344 1 3137536 3145728
400 1 2416640 2420736
836 1 3018752 3022848
400 1 1720320 1785856
665 1 1507328 1572864
135 1 1871872 1884160
303 1 2015232 2019328
135 1 1814528 1818624
135 1 1880064 1884160
303 1 2015232 2019328
135 1 1814528 1818624
261 1 831488 835584
261 1 897024 901120
99 1 81920 86016
147 1 425984 430080
27 1 2211840 2215936
147 2 430080 524288 524288 729088
184 1 1544192 1548288
45 1 3117056 3121152
209 1 131072 135168
820 3 1847296 2097152 2097152 2359296 2359296 2371584
265 1 1122304 1126400
174 1 1511424 1515520
820 3 2371584 2621440 2621440 2883584 2883584 2895872
174 1 1519616 1523712
212 1 274432 278528
253 1 2215936 2220032
814 1 2498560 2502656
272 1 2912256 2916352
135 1 1835008 1843200
167 1 1503232 1507328
505 1 1892352 1896448
997 1 1929216 1933312
429 1 77824 81920
127 1 1155072 1160704
523 1 2310144 2314240
169 1 2953216 2957312
650 1 102400 110592
429 1 81920 94208
783 1 1081344 1085440
8 1 1409024 1413120
10 1 2260992 2261504
969 1 2985984 3145728
970 2 0 262144 262144 364544
355 1 2920448 3145728
356 1 0 135168
30 1 8192 12288
465 1 1548288 1552384
342 1 1392640 1395200
52 1 2146304 2150400
390 1 602112 603648
29 1 1560576 1564672
52 1 1572864 1576960
817 1 1081344 1085440
65 1 2109440 2211840
970 1 3112960 3121152
402 1 1073152 1081344
157 1 561152 565248
980 1 1998848 2002944
920 2 1540096 1572864 1572864 1605632
135 1 613888 617984
962 1 2539008 2543104
920 1 1867776 1933312
91 1 3108352 3120640
91 1 3120640 3124736
158 1 638976 704512
250 1 2555904 2560000
250 1 2678784 2682880
790 1 2846720 2850816
726 1 1761280 1765376
738 1 2748416 2752512
732 1 8192 12288
732 1 516096 520192
37 1 540672 544768
385 1 2723840 2727936
768 1 634880 638976
37 1 667648 671744
62 1 2957312 2961408
391 1 434176 438272
430 1 1617920 1622016
556 1 1970176 1974272
431 1 163840 167936
36 2 2879488 2883584 2883584 2887680
371 1 2908160 2912256
35 1 114688 118784
86 1 2031616 2035712
871 1 2113536 2121728
871 1 2121728 2125824
140 1 376832 380928
132 3 671232 786432 786432 1048576 1048576 1195520
590 1 1785856 1789952
841 1 167936 172032
891 1 2080768 2088960
705 1 1880576 1998848
951 1 331776 335872
279 1 2985984 2990080
258 1 434176 438272
603 1 1642496 1646592
705 3 2027520 2097152 2097152 2359296 2359296 2433536
602 1 2547712 2552832
529 1 974848 978944
705 3 2433536 2621440 2621440 2883584 2883584 2957824
821 1 2121728 2125824
223 2 1814528 1835008 1835008 1880064
81 1 741376 741888
22 1 872448 876544
79 1 2785280 2789376
226 1 2502656 2519040
226 1 2060288 2076672
226 1 2830336 2846720
226 1 2699264 2715648
22 1 806912 811008
81 1 745472 749568
81 1 753664 757760
890 1 1359872 1392640
79 1 2789376 2793472
223 2 1814528 1835008 1835008 1863680
22 1 872448 876544
81 1 741376 741888
227 1 454656 471040
653 1 2109440 2125824
79 1 2785280 2789376
982 1 2363392 2367488
37 1 499712 503808
37 1 880640 888832
779 1 299008 303104
857 1 1622016 1626112
532 1 1482752 1486848
128 1 606208 610304
405 1 1863680 1867776
920 1 958464 962560
498 1 2707456 2711552
401 1 2859008 2863104
998 1 65536 69632
172 1 1888256 1892352
435 1 507904 512000
999 1 1798144 1802240
251 1 2404352 2408448
659 1 2797568 2801664
176 1 147456 151552
145 1 3002368 3006464
759 3 1679872 1835008 1835008 2097152 2097152 2204160
759 3 2204160 2359296 2359296 2621440 2621440 2728448
849 1 204800 212992
578 1 1585152 1593344
849 1 212992 217088
578 1 1593344 1597440
759 1 3108864 3145728
760 1 0 74240
760 1 98304 131072
759 2 2728448 2883584 2883584 3108864
760 1 74240 98304
760 1 131072 225280
760 1 356352 421888
262 1 1130496 1142784
760 1 1114112 1126400
760 2 782336 786432 786432 847872
12 1 188416 196608
760 1 847872 1036288
760 2 1040384 1048576 1048576 1101824
190 1 203264 204288
132 1 1502720 1506816
709 1 2338816 2347008
842 1 3059712 3145728
843 2 0 262144 262144 438272
842 3 2535424 2621440 2621440 2883584 2883584 3059712
843 3 1007616 1048576 1048576 1310720 1310720 1531904
834 1 1429504 1433600
843 3 1531904 1572864 1572864 1835008 1835008 2039808
944 1 2555904 2621440
748 1 2289664 2355200
436 2 655360 786432 786432 917504
944 1 3014656 3145728
63 1 839680 851968
316 1 237568 241664
199 3 2031616 2097152 2097152 2359296 2359296 2555904
199 3 2555904 2621440 2621440 2883584 2883584 3080192
118 3 1179648 1310720 1310720 1572864 1572864 1703936
205 1 131072 196608
200 3 458752 524288 524288 786432 786432 983040
199 1 3080192 3145728
200 2 0 262144 262144 458752
208 2 524288 786432 786432 1032192
208 2 0 262144 262144 524288
432 1 479232 483328
802 1 667648 668672
147 1 729088 733184
702 1 786432 847872
224 1 540672 544768
977 1 2519040 2523136
651 1 1159168 1163264
441 1 2105344 2109440
989 1 94208 98304
752 1 663552 667648
388 1 2760704 2764800
133 1 2891776 2895872
432 1 479232 487424
870 1 2347008 2351104
133 1 2920448 2932736
276 1 2405376 2406400
721 1 2510336 2511360
28 1 1236992 1241088
520 3 634880 786432 786432 1048576 1048576 1122304
154 1 2716160 2718208
489 1 162304 163328
276 1 2406400 2409984
721 1 2511360 2512384
475 1 233472 237568
745 2 204800 262144 262144 286720
630 1 696320 786432
974 3 1056768 1310720 1310720 1572864 1572864 1581056
205 1 1601536 1605120
559 1 1347584 1413120
794 1 77312 81408
453 2 2564096 2621440 2621440 2732032
292 1 1687552 1818624
532 1 1310720 1339392
88 1 1089536 1155072
762 2 217088 262144 262144 282624
834 1 1339392 1470464
407 1 2428928 2494464
235 2 450560 524288 524288 712704
626 1 1036288 1040384
940 2 520192 524288 524288 528384
453 3 2039808 2097152 2097152 2359296 2359296 2564096
103 1 1703936 1769472
896 1 2396160 2461696
640 1 1667072 1671168
640 1 1667072 1671168
285 1 1925120 1929216
180 1 942080 946176
435 1 36864 40960
285 1 1925120 1929216
43 1 1617920 1626112
435 1 28672 32768
18 1 298496 355840
18 1 355840 359936
26 1 921600 937984
203 1 3014656 3018752
203 1 3006464 3010560
186 1 806912 811008
271 1 2736128 2740224
547 1 1024000 1032192
186 1 831488 851968
133 1 2826240 2830336
188 1 2490368 2494464
844 1 1859584 1867776
844 1 1867776 1871872
398 1 950272 954368
398 1 2338816 2342912
488 1 876544 880640
466 1 2834432 2838528
21 1 2314240 2334720
367 1 2187264 2248704
367 1 2248704 2252800
166 1 307200 311296
155 1 1613824 1617920
262 1 1404928 1409024
375 1 159744 180224
375 1 180224 184320
26 1 2117632 2121728
204 1 1359872 1363968
214 1 442368 446464
434 1 684032 688128
182 1 1732608 1736704
483 1 2764800 2768896
898 1 581632 585728
793 1 2965504 2969600
979 1 790528 794624
795 1 1404928 1413120
903 1 1748992 1753088
55 1 1626112 1630208
970 3 2588672 2621440 2621440 2883584 2883584 3112960
29 1 1429504 1433600
31 1 2109440 2121728
66 2 2863104 2883584 2883584 2916352
182 1 1753088 1761280
132 1 319488 323072
79 1 2576896 2588672
346 2 720896 786432 786432 851968
631 3 471552 524288 524288 786432 786432 995840
347 1 1245184 1310720
79 3 2600960 2621440 2621440 2883584 2883584 3113472
924 1 2015232 2080768
224 1 2519040 2531328
620 1 3100672 3104768
945 1 712704 716800
924 1 2408448 2473984
784 1 2547712 2572288
224 1 2531328 2535424
120 1 1851392 1916928
284 2 1753088 1835008 1835008 1884160
145 1 2813952 2818048
626 1 1101824 1126400
607 1 458752 524288
408 1 1613824 1679360
626 1 1343488 1409024
654 1 684032 749568
482 1 2826240 2830336
900 1 2768896 2834432
323 1 299008 364544
626 1 1146880 1183744
484 1 360448 421888
169 2 1187840 1310720 1310720 1318912
90 2 1200128 1310720 1310720 1462272
372 1 1404928 1470464
931 1 827392 892928
930 2 212992 262144 262144 512000
637 1 2740224 2805760
938 1 1396736 1429504
437 1 364544 368640
967 1 1712128 1713664
133 1 2891776 2895872
578 1 692224 696320
820 1 2650112 2654208
577 1 3018752 3026944
341 1 2936832 2940928
135 1 2117632 2129920
820 1 2850816 2859008
435 1 1183744 1245184
341 1 2957312 2961408
611 1 1159168 1163264
341 1 2437120 2441216
4 1 1499136 1503232
441 1 1851392 1851904
907 1 2220032 2224128
135 1 2609152 2613248
135 1 2248704 2252800
214 1 2760704 2764800
288 1 2465792 2469888
782 1 729088 733184
847 1 1880064 1884160
891 1 2088960 2093056
841 1 167936 172032
891 2 2093056 2097152 2097152 2101248
891 1 2101248 2105344
234 1 954368 958464
234 1 950272 954368
346 1 1789952 1826816
869 1 1773568 1777664
89 1 1351680 1384448
26 1 2076672 2084864
980 1 2035712 2043904
26 1 2097152 2105344
618 1 552960 557056
26 1 2129920 2146304
980 1 2072576 2076672
790 2 523776 524288 524288 527872
26 1 2490368 2519040
434 1 1789952 1798144
919 1 651264 655360
26 1 2527232 2531328
712 1 2998272 3000320
906 1 1634304 1658880
25 1 2998272 3002368
987 1 3010560 3018752
93 1 348160 352256
332 1 262144 266240
575 1 294912 299008
44 1 3047424 3051520
213 1 1482752 1486848
213 1 1466368 1478656
671 1 1249280 1257472
672 1 2007040 2011136
338 1 450560 475136
338 1 475136 479232
224 1 2138112 2138624
547 1 176128 196608
133 1 2891776 2895872
133 1 2822144 2826240
621 1 393216 458752
723 1 2330624 2334720
953 1 2113536 2114048
981 1 2912256 2949120
980 1 1970176 1974272
980 1 1961984 1966080
899 1 1708032 1712128
203 1 3014656 3018752
203 1 3018752 3022848
208 3 1556480 1572864 1572864 1835008 1835008 2080768
208 3 1032192 1048576 1048576 1310720 1310720 1556480
208 3 2605056 2621440 2621440 2883584 2883584 3129344
944 1 2097152 2228224
138 1 2682880 2686976
468 1 589824 593920
208 1 581632 602112
521 1 3063808 3088384
521 1 3088384 3108864
562 1 544768 622592
378 1 1957888 1978368
521 1 3108864 3112960
133 1 2818048 2822144
305 1 901120 905216
691 2 1523712 1572864 1572864 1589248
133 1 2904064 2912256
691 1 2179072 2200064
470 1 2047488 2051584
985 1 2879488 2883584
809 1 880640 888832
953 1 2531328 2535424
809 1 888832 892928
635 1 339968 352256
759 1 2334720 2342912
853 1 2420736 2428928
691 1 2200064 2244608
844 1 1130496 1138688
133 1 2842624 2846720
853 1 2428928 2433024
844 1 1138688 1142784
691 1 2703360 2768896
692 1 278528 344064
495 1 1437696 1441792
899 1 2080768 2084864
324 1 2036736 2043392
942 2 2241024 2359296 2359296 2457600
942 2 2461696 2621440 2621440 2769408
444 1 1290240 1294336
943 1 491520 499712
337 1 3039232 3043328
979 1 77824 81920
943 1 45056 139776
942 2 2769408 2883584 2883584 3145728
943 1 0 45056
337 1 3092480 3100672
979 1 98304 110592
943 1 483328 491520
412 1 2277376 2281472
834 1 1674752 1675264
834 1 1678848 1679360
0 1 466944 471040
834 1 1682944 1683456
0 1 458752 462848
1 1 3088384 3092480
279 1 1957888 1974272
1 1 1839104 1843200
1 1 1642496 1646592
1 1 1708032 1712128
17 1 2682880 2686976
279 1 1867776 1880064
175 1 557056 589824
1 1 1060864 1064960
847 1 798720 806912
429 1 94208 98304
650 1 2338816 2342912
847 1 806912 811008
953 1 94208 98304
429 1 98304 110592
77 2 1572352 1572864 1572864 1576448
77 1 1576448 1621504
85 1 1080832 1084928
228 1 2027520 2031616
442 1 2887680 2895872
70 1 2621440 2625536
442 1 2895872 2899968
32 1 1409024 1413120
280 1 446464 450560
570 1 2166784 2170880
705 1 2957824 3145728
706 2 0 262144 262144 336384
159 1 3092480 3096576
957 1 352256 356352
821 1 2121728 2125824
227 1 274432 290816
22 1 806912 811008
956 1 622592 626688
22 1 872448 876544
10 1 974848 983040
275 1 114688 118784
275 1 118784 159744
712 1 2523136 2527232
714 1 3035136 3039232
332 1 2797568 2805760
281 1 278528 323584
133 1 2899968 2908160
844 1 1204224 1208320
184 1 487424 489472
612 1 2686976 2691072
616 1 40960 45056
412 1 1970176 2011136
616 1 237568 241664
616 1 122880 126976
963 1 2248704 2252800
967 1 1155072 1159168
616 1 274432 278528
855 1 1540096 1548288
412 1 2011136 2015232
281 1 323584 327680
855 1 1548288 1552384
166 1 1060864 1081344
198 1 2293760 2310144
154 1 2718208 2720768
340 1 3055616 3058688
721 1 2512384 2515968
385 1 146944 148480
276 1 2409984 2411008
489 1 163328 165888
133 1 2863104 2867200
154 1 2720768 2721792
203 1 3018752 3022848
205 1 1437696 1441792
205 1 1429504 1433600
203 1 3014656 3018752
205 1 1425408 1425920
203 1 3018752 3022848
464 1 622592 626688
264 1 1409024 1413120
740 2 2814464 2883584 2883584 3145728
741 1 0 193024
133 1 2924544 2928640
133 1 2859008 2867200
741 3 193024 262144 262144 524288 524288 717312
968 1 2572288 2576384
33 1 2416640 2424832
133 1 2928640 2936832
276 1 2158592 2162688
846 1 360448 364544
115 1 327680 442368
299 1 581632 582144
843 1 3063808 3067904
708 1 1376256 1380352
338 1 2445312 2449408
388 1 356352 360448
745 1 1257472 1277952
611 1 1228800 1306624
41 1 1835008 1839104
293 1 2379776 2383872
242 1 2957312 2961408
349 1 2625536 2629632
157 1 1024000 1028096
299 1 577536 581632
481 1 1536000 1540096
745 1 1277952 1282048
413 1 2723840 2727936
340 1 1994752 2060288
312 1 2711552 2715648
24 1 2285568 2289664
430 1 2592768 2596864
292 1 1679360 1679872
95 2 1044480 1048576 1048576 1049088
847 1 1699840 1708032
347 1 1572864 1630208
931 1 1089536 1155072
964 1 2387968 2519040
938 1 2179072 2236416
323 1 294912 299008
435 2 2359296 2621440 2621440 2883584
941 1 1998848 2023424
942 1 819200 860160
323 2 208896 262144 262144 270336
611 1 2506752 2572288
387 2 1548288 1572864 1572864 1613824
667 1 1695744 1761280
901 1 2142208 2207744
693 1 1925120 1990656
630 3 2093056 2097152 2097152 2359296 2359296 2551808
365 1 2670592 2736128
612 1 299008 364544
161 1 3026944 3092480
246 1 3067904 3096576
963 1 1949696 2015232
630 1 2039808 2043904
24 1 462848 475136
93 1 1462272 1466368
29 1 2289664 2293760
92 1 2383872 2392064
618 1 552960 557056
575 1 307200 315392
364 1 1404928 1409024
636 1 45056 49152
839 1 2273280 2281472
980 1 1974272 1978368
942 1 1622016 1626112
769 1 2314240 2318336
860 1 2600960 2605056
92 1 2453504 2457600
828 1 1421312 1422336
980 1 2007040 2015232
371 1 2023424 2027520
839 1 2281472 2285568
906 1 1658880 1662976
584 1 1425408 1429504
445 1 2527232 2535424
606 1 2920448 2949120
616 1 1265664 1269760
619 1 335872 339968
45 1 3121152 3125248
638 2 458752 524288 524288 700416
619 1 356352 360448
619 1 376832 385024
821 1 274432 339968
623 1 122880 126976
445 1 2535424 2547712
820 1 2895872 3145728
821 2 0 262144 262144 274432
673 1 3002368 3014656
361 1 643072 647168
370 1 2408448 2494464
492 1 2912256 2916352
490 1 2207744 2211840
370 1 2494464 2498560
168 1 2445312 2452480
493 1 1388544 1396736
490 1 2220032 2228224
924 1 2998272 3063808
925 1 311296 376832
925 1 573440 638976
416 1 1572864 1575936
160 1 1200128 1220608
10 1 2261504 2264064
10 1 2264064 2265088
10 1 2281472 2284544
10 1 2284544 2288640
10 1 2288640 2292736
10 1 2292736 2296832
95 1 1728512 1769472
10 1 2296832 2300928
10 1 2300928 2305024
182 1 2359296 2424832
10 1 2305024 2309120
85 1 2228224 2252800
10 1 2309120 2313216
190 1 323584 327680
190 1 1658880 1662976
773 1 688128 692224
899 1 1712128 1720320
319 1 2715648 2719744
643 1 1556480 1560576
859 1 1208320 1216512
859 1 1216512 1220608
171 1 978944 983040
384 1 1097728 1101824
279 1 1974272 2031616
682 1 2293760 2359296
120 1 393216 405504
844 1 2748416 2752512
731 1 2379776 2392064
65 3 757760 786432 786432 1048576 1048576 1134592
63 1 577536 602112
31 1 2121728 2125824
731 1 2629632 2654208
730 1 3051520 3145728
731 1 0 221184
733 2 2490368 2621440 2621440 2670592
120 1 471040 495616
183 1 2678272 2682368
365 1 1945600 1978368
1 1 1060864 1064960
653 1 163840 167936
77 1 1625600 1785344
77 1 1080832 1129984
632 1 2797568 2801664
712 1 1716224 1740800
85 1 1134080 1306112
10 1 2580480 2584576
85 2 1572352 1572864 1572864 1621504
85 1 1084928 1129984
429 1 110592 114688
98 1 2129408 2178560
77 2 1134080 1310720 1310720 1375744
841 1 167936 180224
989 1 2240512 2244608
891 1 2105344 2113536
318 1 2789376 2793472
554 1 2506752 2510848
384 1 1499136 1515520
384 1 1519616 1568768
384 1 1568768 1572864
89 1 774144 774656
871 1 561152 565248
871 1 557056 561152
87 1 2818048 2822144
871 1 565248 569344
89 1 778240 782336
141 1 2506752 2523136
89 1 786432 790528
87 1 2822144 2826240
89 1 774144 774656
87 1 2818048 2822144
216 2 1548288 1572864 1572864 1581056
590 1 2469888 2486272
371 1 2088960 2093056
371 1 2015232 2019328
721 1 2515968 2516992
276 1 2411008 2414592
489 1 165888 166912
154 1 2721792 2724864
721 1 2516992 2519552
151 1 2371584 2379776
222 1 2318336 2319360
151 1 2375680 2379776
865 1 1343488 1347584
764 1 1687552 1695744
586 1 1601536 1622016
586 1 1622016 1626112
211 1 2998272 3002368
847 1 1708032 1712128
794 1 2854912 2859008
794 1 2863104 2867200
631 3 995840 1048576 1048576 1310720 1310720 1520128
347 1 1630208 1703936
665 2 1044480 1048576 1048576 1073152
10 1 2313216 2317312
630 1 1351680 1353728
329 1 1024000 1028096
10 1 2317312 2321408
301 1 2142208 2146304
665 1 1073152 1077248
127 1 3018752 3022848
10 1 2321408 2325504
53 1 180224 192512
698 1 376832 380928
4 1 524288 532480
925 1 1228800 1294336
132 1 2846720 2850816
66 1 1740800 1744896
859 1 638976 647168
779 1 712704 716800
157 1 565248 569344
698 1 405504 409600
845 1 2654208 2662400
859 1 647168 651264
133 1 2932736 2957312
26 1 2965504 2967040
133 1 368640 372736
425 1 520192 522240
925 1 1753088 1818624
980 1 2068480 2072576
674 1 2359296 2412544
899 2 2084864 2097152 2097152 2146304
774 2 2314240 2359296 2359296 2379776
495 1 1437696 1441792
135 1 1880064 1884160
680 1 1966080 1970176
737 1 1077248 1081344
434 1 1269760 1282048
434 1 1282048 1286144
135 1 1814528 1826816
303 1 2093056 2097152
215 1 1933312 1941504
135 1 1888256 1892352
237 1 2260992 2289664
932 1 1187840 1245184
15 1 749568 753664
545 1 1150976 1152512
10 1 2478080 2482176
994 1 1335296 1351680
939 1 2265088 2267648
760 1 1806336 1819136
736 1 811008 897024
760 1 1867776 1875968
760 2 1819136 1835008 1835008 1839104
491 1 2228224 2236416
781 1 1318912 1321984
760 1 1585152 1806336
663 1 1462272 1523712
663 1 1589248 1642496
770 2 1241088 1310720 1310720 1372160
190 1 204288 205312
221 1 2514944 2576384
663 1 1642496 1646592
774 1 1679360 1757696
163 1 1265664 1277952
221 1 2576384 2580480
364 1 1392640 1396736
190 1 205312 206336
163 1 1216512 1220608
215 1 1966080 1974272
275 1 159744 163840
223 2 1814528 1835008 1835008 1978368
22 1 806912 815104
215 1 1974272 1978368
392 1 2781184 2785280
224 1 2568192 2584576
224 1 1912832 1945600
224 1 1945600 1978368
224 1 1978368 2011136
224 1 2011136 2027520
224 1 2289664 2306048
224 1 2519040 2535424
886 1 359936 396800
656 1 86016 167936
22 1 876544 880640
421 1 1556480 1560576
521 1 2575872 2596352
140 1 376832 380928
234 1 954368 958464
990 1 159744 188416
981 1 524288 528384
234 1 950272 954368
981 1 454656 458752
140 1 376832 380928
133 1 2928640 2932736
520 3 1122304 1310720 1310720 1572864 1572864 1646592
446 1 2973696 2985984
276 1 2414592 2415616
638 1 2539520 2572288
74 1 1155072 1220608
333 1 1662976 1667584
141 1 716800 720896
624 1 782336 786432
611 1 1306624 1310720
136 1 442368 446464
157 1 1040384 1048576
41 1 1839104 1843200
135 1 2351104 2355200
157 1 1589248 1593344
178 1 294912 299008
836 1 3018752 3031040
135 1 1081344 1089536
279 1 2371584 2375680
157 1 1921024 1925120
115 1 442368 458752
775 1 3141632 3145728
155 1 2101248 2105344
157 1 2088960 2093056
41 1 1843200 1867776
198 1 1105920 1110016
3 1 548864 552960
122 1 1839104 1888256
832 1 905216 913408
122 1 1888256 1892352
832 1 913408 917504
932 1 110592 139264
817 1 1081344 1085440
4 2 257536 262144 262144 265728
446 1 2543104 2555392
214 1 2289152 2309632
242 1 577024 581120
330 1 2023424 2027520
376 1 2347008 2351104
177 1 1167360 1179648
179 1 1142784 1146880
90 1 1290240 1294336
277 1 3014656 3084288
473 1 512000 516096
135 1 1843200 1847296
84 1 925184 937472
757 1 888832 897024
999 1 798720 802816
190 1 2326528 2330624
492 2 2272768 2359296 2359296 2620928
442 1 2899968 2908160
862 1 2330624 2338816
253 1 1495040 1499136
363 1 815104 819200
913 1 1552384 1556480
837 1 2134016 2138112
492 3 2620928 2621440 2621440 2883584 2883584 3145216
493 3 523776 524288 524288 786432 786432 822784
730 1 196608 199168
655 1 2469888 2473984
85 2 1625600 1835008 1835008 1916416
98 2 2182656 2359296 2359296 2489856
27 1 1839104 1880064
124 1 1261568 1265664
831 1 1212416 1216512
348 1 1648128 1650688
891 1 2113536 2117632
497 1 925696 970752
497 1 970752 974848
989 1 2240512 2244608
841 1 172032 176128
497 1 974848 999424
438 1 1818624 1822720
144 1 2555904 2564096
133 1 2920448 2924544
504 1 2789376 2801664
504 1 2818048 2822144
505 1 2154496 2158592
505 1 2121728 2125824
882 1 790528 794624
505 1 2170880 2174976
882 1 905216 909312
884 1 2457600 2461696
884 1 2494464 2498560
884 1 2531328 2535424
884 1 2543616 2547712
884 1 3133440 3137536
208 1 3129344 3145728
209 2 0 262144 262144 507904
208 3 2080768 2097152 2097152 2359296 2359296 2605056
141 1 2392064 2621440
944 2 2752512 2883584 2883584 3014656
209 3 507904 524288 524288 786432 786432 983040
836 1 1682944 1687040
434 3 1638400 1835008 1835008 2097152 2097152 2162688
123 2 1048576 1310720 1310720 1572864
133 1 155136 159232
123 2 1572864 1835008 1835008 2097152
123 2 2621440 2883584 2883584 3080192
137 2 1572864 1835008 1835008 2097152
33 1 2588672 2593792
843 1 253952 258048
577 1 2826240 2829312
139 1 1425408 1426944
925 1 2211840 2277376
157 1 561152 565248
108 1 2355200 2359296
133 1 3063808 3067904
133 1 3084288 3088384
161 1 1355776 1359872
113 1 909312 913408
712 1 790528 797696
166 1 225280 229376
119 1 913408 917504
845 1 2625536 2629632
455 1 1961984 1964544
816 1 2539520 2543616
925 1 2473984 2524672
984 1 708608 774144
906 2 1536000 1572864 1572864 1601536
901 1 1409024 1474560
824 1 110592 176128
426 1 1720320 1757184
929 1 2899968 3133440
13 1 1474560 1540096
938 1 839680 905216
202 1 978944 1044480
788 1 937984 1003520
795 1 2764800 2830336
993 1 2383872 2400256
552 1 2220032 2285568
993 2 2330624 2359296 2359296 2379776
249 1 1597440 1667072
378 1 1978368 1982464
562 1 622592 626688
730 1 352256 356352
730 1 1576960 1581056
730 1 626688 630784
730 1 1036288 1044480
989 1 94208 98304
370 1 1499136 1503232
730 1 1929216 1933312
418 1 372736 421888
224 1 540672 544768
521 1 3112960 3137536
418 1 421888 425984
521 1 3137536 3141632
340 1 2400256 2404352
15 1 1585152 1593344
224 1 540672 544768
15 1 1593344 1597440
191 1 1671168 1675264
191 1 1699840 1703936
120 1 495616 499712
812 1 1646592 1650688
249 1 3014656 3018752
575 1 2420224 2436608
178 1 528384 532480
446 1 2555392 2567680
729 1 1916928 1921024
575 1 2436608 2444800
1 1 1183744 1187840
214 1 2309632 2330112
335 1 3010560 3014656
0 1 0 8192
12 1 135168 139264
633 1 1380352 1392640
392 3 803328 1048576 1048576 1310720 1310720 1327616
665 1 3133440 3137024
370 1 2912256 2916352
371 1 180224 184320
618 1 552960 557056
18 1 2850816 2859008
836 1 1196032 1204224
36 1 196608 200704
201 1 798720 802816
694 2 516096 524288 524288 544768
980 1 2076672 2080768
18 1 2920448 2924544
694 1 544768 548864
18 1 2854912 2859008
987 1 3014656 3018752
699 1 2060288 2072576
58 1 2281472 2285568
618 1 552960 557056
695 1 1978368 1982464
73 2 60928 262144 262144 306688
489 1 166912 168960
154 1 2724864 2725888
123 1 802816 806912
770 1 630784 647168
137 1 2596864 2600960
721 1 2519552 2521088
276 1 2415616 2416640
475 1 233472 237568
885 1 196608 200704
884 1 2596864 2600960
885 1 184320 188416
884 1 2576384 2580480
885 1 139264 143360
885 1 217088 221184
885 1 446464 454656
885 1 581632 585728
885 1 385024 389120
885 1 487424 491520
885 1 667648 671744
885 1 413696 417792
885 1 495616 503808
885 1 720896 724992
411 1 679936 684032
885 1 786432 790528
885 1 745472 753664
885 1 827392 831488
885 1 679936 684032
885 1 757760 761856
630 1 786432 835584
611 1 2768896 2834432
834 2 1732608 1835008 1835008 1994752
246 1 3096576 3100672
139 2 1650688 1835008 1835008 1912832
926 1 1470464 1474560
834 2 2781184 2883584 2883584 2895872
832 1 1605632 1671168
834 1 2899968 3047424
789 1 1716224 1781760
764 1 2215936 2281472
338 1 487424 524288
858 1 954368 962560
108 1 28672 36864
1 1 1503232 1511424
956 1 622592 626688
641 2 229376 262144 262144 294912
983 2 1527808 1572864 1572864 1576960
521 1 2596352 2600448
223 2 1814528 1835008 1835008 1863680
204 1 2990080 3084288
215 1 1978368 1986560
275 1 163840 176128
22 1 811008 815104
204 1 3084288 3088384
215 1 1986560 1990656
275 1 176128 180224
83 1 2580480 2596864
439 1 3059712 3076096
224 1 3043328 3059712
392 1 2781184 2785280
167 1 679936 692224
167 1 1777664 1781760
871 1 2125824 2150400
871 1 2150400 2154496
784 1 1908736 1912832
947 1 2416640 2420736
641 1 2572288 2572800
27 1 1880064 1884160
73 1 7680 56832
97 1 2678784 2682880
348 1 1650688 1652224
407 1 241664 245760
231 1 3117056 3137536
492 1 3145216 3145728
493 2 0 262144 262144 523776
253 1 1507328 1511424
862 1 2338816 2342912
374 1 1929216 1933312
946 1 1609728 1613824
442 1 2908160 2912256
497 1 999424 1003520
891 1 2117632 2129920
891 1 2129920 2134016
841 1 172032 180224
203 1 3018752 3022848
509 3 2355200 2359296 2359296 2621440 2621440 2879488
510 2 786432 1048576 1048576 1179648
509 3 1830912 1835008 1835008 2097152 2097152 2355200
510 2 262144 524288 524288 786432
166 1 1306624 1310720
133 1 2867200 2871296
741 2 717312 786432 786432 880640
203 1 3014656 3018752
741 2 884736 1048576 1048576 1180160
506 1 2801664 2809856
166 1 1507328 1536000
833 1 557056 561152
506 1 2809856 2813952
968 1 2572288 2576384
741 1 2031616 2088960
266 1 2949120 2957312
741 2 1245696 1310720 1310720 1490944
741 2 1490944 1572864 1572864 1712640
164 1 3014656 3031040
224 1 540672 552960
613 1 577536 581632
581 1 393216 397312
423 1 147456 151552
423 1 126976 131072
297 1 499712 503808
556 1 2949120 2957312
963 2 1564672 1572864 1572864 1576960
539 1 1892352 1896448
539 1 1933312 1937408
558 1 3100672 3104768
426 1 1646592 1650688
635 1 2846720 2850816
636 1 65536 69632
45 1 3117056 3121152
793 1 1978368 2031616
636 1 73728 77824
45 1 3121152 3125248
859 1 2424832 2490368
637 1 1130496 1134592
641 1 1093632 1097728
776 1 1835008 1900544
641 1 1507328 1511424
641 1 1515520 1519616
414 1 2383872 2387968
793 2 2490368 2621440 2621440 2883584
430 1 3092480 3096576
945 1 143360 163840
318 1 2371584 2375680
9 1 1781760 1785856
9 1 1785856 1806336
9 1 1806336 1810432
559 1 1597440 1650688
941 1 2031616 2043904
343 1 1560576 1564672
937 1 2322432 2330624
237 1 2289664 2293760
135 1 1822720 1826816
888 1 1568768 1572864
122 1 819200 823296
460 1 1593344 1626112
125 1 1380352 1384448
303 1 2093056 2097152
460 1 1626112 1630208
135 1 1888256 1892352
261 1 831488 835584
261 1 897024 901120
863 1 491520 499712
574 1 1634304 1765376
795 1 3076096 3145728
796 1 0 53248
95 1 1589248 1785856
885 1 962560 966656
412 1 970752 974848
401 1 2400256 2404352
411 1 3063808 3067904
401 1 2371584 2375680
411 1 700416 704512
401 1 2363392 2367488
401 1 2416640 2420736
163 1 2109440 2113536
401 1 2449408 2453504
401 1 2478080 2482176
401 1 2605056 2609152
401 1 2486272 2490368
401 1 2682880 2686976
401 1 2772992 2777088
401 1 2764800 2768896
401 1 2527232 2531328
401 1 2703360 2707456
784 1 2543616 2547712
145 1 397312 401408
399 2 1548288 1572864 1572864 1601536
676 1 1933312 1937408
779 1 712704 716800
145 1 409600 413696
190 1 425984 442368
260 1 839680 843776
980 1 2002944 2007040
399 1 1601536 1605632
732 1 3014656 3018752
60 1 12288 16384
145 1 417792 425984
722 1 1855488 1863680
260 1 860160 864256
456 1 1072640 1076736
330 3 1499136 1572864 1572864 1835008 1835008 2023424
179 1 1110016 1114112
83 1 1372160 1384448
884 1 3035136 3039232
31 1 2125824 2134016
30 1 679424 683520
177 1 2412544 2416640
571 1 1159168 1163264
1 1 1118208 1122304
932 1 139264 143360
249 3 2490368 2621440 2621440 2883584 2883584 3014656
851 1 135168 143360
135 1 1847296 1851392
154 1 2725888 2727936
133 1 2863104 2867200
721 1 2521088 2522112
489 1 168960 169984
953 1 1609728 1613824
54 1 1245184 1249280
34 1 2621440 2625536
976 1 1445888 1449984
35 1 602112 618496
294 1 1507328 1572864
13 1 1597440 1601536
230 1 2514944 2543616
230 1 2543616 2547712
29 1 1662976 1671168
200 1 2613248 2616320
47 1 958464 961024
98 1 2924544 2928640
223 1 2215936 2220032
70 1 737280 753664
312 1 2715648 2760704
312 1 2760704 2764800
483 1 655360 657920
340 1 1994752 1998848
234 1 954368 958464
732 1 2060288 2068480
328 1 606208 626688
85 2 1572352 1572864 1572864 1576448
712 1 1716224 1720320
85 1 1576448 1580544
328 1 626688 630784
348 1 1652224 1654272
791 1 2674688 2678784
308 1 2289664 2347008
975 1 2912256 2916352
308 1 2347008 2351104
517 1 77824 86016
517 1 86016 90112
975 1 2912256 2916352
734 1 1019904 1024000
734 1 1454080 1462272
734 1 1003520 1015808
734 1 1052672 1056768
734 1 1466368 1470464
734 1 1036288 1048576
733 1 2998272 3006464
733 1 3010560 3014656
517 1 90112 98304
394 1 1404928 1421312
26 1 1249280 1253376
26 1 1458176 1482752
79 1 3113472 3145728
80 1 0 200704
80 2 204800 262144 262144 496128
347 1 1835008 2023424
347 1 2023424 2031616
832 1 1359872 1368064
348 1 2097152 2162688
832 1 1368064 1372160
349 1 65536 131072
80 3 496128 524288 524288 786432 786432 1007616
349 1 524288 589824
240 1 1589248 1602048
789 1 2142208 2158592
571 1 1863680 1880064
598 1 401408 417792
568 1 114688 131072
104 1 3031040 3047424
597 1 2015232 2048000
570 1 303104 319488
133 1 2932736 2936832
581 1 102400 118784
583 1 1875968 1892352
582 1 2101248 2117632
908 1 155648 188416
583 1 2695168 2711552
579 1 2060288 2076672
582 1 2867200 2883584
585 1 2699264 2715648
587 1 348160 364544
586 1 602112 618496
575 1 454656 471040
51 1 2187264 2203648
841 2 2371584 2621440 2621440 2629632
446 1 1929216 1933312
624 1 270336 278528
931 1 2715648 2752512
22 1 876544 880640
956 1 622592 626688
22 1 811008 815104
215 1 1990656 1998848
386 1 2273280 2293760
136 1 1183744 1224704
136 1 1605632 1638400
136 1 2269184 2301952
136 2 2072576 2097152 2097152 2105344
136 1 2637824 2670592
136 1 2719744 2752512
137 1 57344 94208
25 2 2080768 2097152 2097152 2101248
25 1 2269184 2273280
25 1 2232320 2265088
25 1 2277376 2351104
25 1 2162688 2228224
25 1 2699264 2703360
25 1 2723840 2740224
25 1 2355200 2359296
36 1 2682880 2715648
857 1 585728 593920
857 1 593920 598016
621 1 1163264 1196032
26 1 991232 999424
621 1 1429504 1433600
166 1 2146304 2162688
618 1 90112 106496
245 1 2736128 2737664
438 1 1818624 1822720
891 1 2134016 2146304
392 3 1327616 1572864 1572864 1835008 1835008 1851904
392 3 1851904 2097152 2097152 2359296 2359296 2376192
392 3 2376192 2621440 2621440 2883584 2883584 2900480
393 1 1651200 1703936
488 1 876544 884736
367 1 2252800 2273280
367 1 2273280 2277376
284 1 2260992 2265088
284 1 2281472 2285568
33 1 626688 630784
788 1 1916928 1933312
365 1 1961984 1966080
311 1 2433024 2441216
769 1 2113536 2125824
205 1 1847296 1851392
771 1 172032 237568
212 1 3047424 3051520
771 1 237568 241664
203 1 3018752 3022848
227 1 270336 274432
221 1 401408 405504
211 1 1982464 1986560
211 1 1986560 1990656
939 1 3076096 3080192
940 1 12288 16384
8 1 1413120 1417216
939 1 3088384 3112960
11 1 1970176 1974272
940 1 16384 20480
10 1 1609728 1613824
11 1 2035712 2036224
8 1 1409024 1413120
604 1 1187840 1191936
10 1 1515520 1519616
980 1 2039808 2043904
859 1 172032 180224
361 1 1859584 1880064
111 1 1257472 1294336
980 1 2011136 2015232
859 1 180224 184320
110 1 737280 765952
18 1 2920448 2924544
865 1 1122304 1126400
563 1 24576 28672
734 1 2523136 2527232
386 2 2351104 2359296 2359296 2379776
865 1 1015808 1019904
955 1 606208 610304
618 1 552960 561152
386 1 2379776 2383872
385 1 991232 1007616
593 1 2134016 2166784
592 1 106496 139264
587 1 2461696 2494464
150 1 856064 872448
144 1 2793472 2826240
130 1 692224 724992
595 1 1978368 1994752
155 1 2912256 2928640
577 2 1302528 1310720 1310720 1335296
615 1 73728 90112
600 1 2629632 2646016
57 1 1597440 1613824
612 1 2674688 2691072
602 1 675840 741376
610 1 2076672 2093056
575 1 3096576 3129344
203 1 3018752 3022848
578 1 327680 344064
615 1 888832 905216
581 1 155648 159744
588 1 1896448 1900544
344 1 2224128 2236416
863 1 1974272 1978368
539 1 1978368 1982464
779 1 1875968 1880064
224 1 544768 548864
615 1 598016 602112
580 1 2777088 2781184
224 1 544768 548864
401 1 2797568 2801664
432 1 3018752 3022848
432 1 36864 40960
617 1 1712128 1716224
292 1 544768 548864
432 1 888832 892928
433 1 368640 376832
797 1 630784 634880
477 1 94208 98304
522 1 2965504 2969600
522 1 2994176 2998272
592 1 1421312 1425408
592 1 1388544 1392640
477 1 1171456 1175552
592 1 1880064 1884160
739 1 86016 90112
667 1 1105920 1110016
770 1 647168 684032
154 1 2727936 2728960
276 1 2416640 2417664
721 1 2522112 2523136
953 1 1609728 1613824
706 3 336384 524288 524288 786432 786432 860672
231 1 3137536 3141632
257 1 1466368 1470464
946 1 1617920 1622016
821 1 2121728 2125824
279 1 1794048 1798144
701 1 1990656 2015232
160 1 1220608 1236992
617 1 946176 1019904
784 1 2547712 2551808
389 2 2097152 2359296 2359296 2379776
842 1 1695744 1699840
133 1 2945024 2949120
134 1 1097728 1101824
134 1 696320 700416
57 1 1908736 1986560
57 1 1986560 1990656
134 1 700416 708608
27 1 2494464 2498560
57 1 1990656 2023424
30 1 679424 683520
214 1 2326016 2330112
31 1 2134016 2138112
851 1 143360 147456
63 1 577536 581632
167 1 1896448 1900544
448 1 2523136 2551808
932 1 143360 151552
448 2 2600960 2621440 2621440 2711552
338 1 430080 434176
21 1 1351168 1355264
167 1 2752512 2764800
586 1 671744 675840
74 1 974848 978944
270 1 2498560 2502656
76 1 434176 438272
610 1 4096 36864
610 1 36864 40960
36 1 2641920 2658304
98 1 1966080 1982464
27 1 1884160 1892352
189 1 40960 45056
692 1 495616 499712
864 1 1118208 1121792
692 1 634880 638976
27 1 1892352 1896448
429 1 139264 151552
161 1 2555904 2621440
834 1 1687040 1687552
936 2 2748416 2883584 2883584 3010560
175 1 589824 593920
120 1 1736704 1740800
559 1 1085440 1089536
559 1 1073152 1077248
590 1 118784 122880
590 1 131072 135168
120 1 1744896 1748992
5 1 1875968 1880064
5 1 1859584 1867776
834 1 1691136 1691648
61 1 2301952 2306048
76 1 2818048 2826240
181 1 356352 376832
44 3 1138688 1310720 1310720 1572864 1572864 1662976
152 1 12288 49152
656 1 782336 786432
900 1 2375680 2441216
305 1 282624 479232
954 1 1478656 1482752
49 1 385024 389120
934 1 2883584 2895872
932 2 1273856 1310720 1310720 1323008
932 1 1327104 1339392
49 1 1490944 1499136
3 1 1404928 1413120
49 1 1814528 1818624
615 1 2691072 2691584
402 1 2928640 2932736
22 1 876544 880640
382 1 974848 991232
215 1 1998848 2002944
240 1 2387968 2392064
402 1 2924544 2928640
237 1 2375680 2379776
402 1 2568192 2572288
399 1 1183744 1187840
531 1 1744896 1753088
921 1 1355776 1368064
387 1 589824 634880
687 1 1908736 1925120
687 1 1875968 1892352
79 2 1003520 1048576 1048576 1085440
687 1 2449408 2465792
223 1 1814528 1830912
615 1 2686976 2691072
166 1 2293760 2297856
315 1 1695744 1761280
34 1 2994176 3010560
613 1 2084864 2093056
133 1 2895872 2912256
34 1 2224128 2232320
643 1 897024 913408
52 1 2981888 3002368
59 1 2703360 2727936
674 1 2412544 2416640
438 1 606208 610304
36 1 2748416 2756608
36 1 2641920 2662400
135 1 2826240 2859008
36 1 2719744 2723840
36 1 2768896 2777088
36 1 2732032 2744320
36 1 2781184 2785280
136 1 2162688 2207744
25 1 2707456 2719744
729 1 1994752 2007040
25 1 2895872 2899968
25 1 2859008 2867200
36 1 2621440 2625536
25 1 2744320 2748416
25 1 2818048 2826240
25 1 2752512 2793472
25 1 2797568 2801664
25 1 2805760 2809856
382 1 2486272 2490368
225 1 860160 864256
740 1 528384 532480
614 1 2269184 2273280
614 1 2674688 2678784
614 1 520192 524288
614 1 2666496 2670592
614 1 1314816 1318912
614 1 2301952 2306048
585 1 2969600 2985984
614 1 3076096 3080192
403 1 1875968 1880064
400 1 1327104 1343488
135 1 1847296 1851392
436 1 327680 331776
709 1 503808 507904
237 1 2703360 2715648
8 1 614400 618496
576 1 2871296 2871808
576 1 2867200 2871296
46 1 1966080 1974272
50 1 397312 413696
68 1 2912256 2916352
615 1 2408448 2424832
133 1 2826240 2834432
602 1 2555904 2588672
617 1 1150976 1183744
621 1 1404928 1421312
616 1 1196032 1228800
621 1 569344 602112
620 1 12288 28672
621 1 2072576 2088960
622 1 1957888 1974272
627 1 290816 307200
624 1 2269184 2301952
627 1 716800 733184
625 1 2703360 2736128
627 1 2326528 2342912
635 1 53248 65536
627 1 1220608 1236992
640 1 811008 827392
636 1 450560 466944
626 1 2555904 2572288
520 3 1646592 1835008 1835008 2097152 2097152 2170880
140 1 847872 851968
489 1 169984 171008
572 1 839680 843776
572 2 782336 786432 786432 798720
154 1 2728960 2731008
572 1 868352 905216
320 1 2539520 2543616
276 1 2417664 2418688
721 1 2523136 2524160
953 1 1609728 1613824
203 1 872448 876544
135 1 1822720 1830912
863 1 499712 503808
867 1 2289664 2293760
453 1 1245184 1253376
301 1 1126400 1159168
191 1 663552 667648
434 2 1286144 1310720 1310720 1331200
406 1 2981888 2985984
493 2 822784 1048576 1048576 1080832
442 1 2912256 2920448
476 1 3026944 3031040
26 1 2514944 2523136
545 1 1152000 1153536
610 1 1826816 1830912
11 1 8192 12288
741 1 2768896 2772992
114 1 2527232 2530304
52 1 1527808 1548288
50 1 471040 475136
68 1 2904064 2908160
922 1 286720 290816
69 1 393216 397312
421 1 544768 548864
914 1 524288 528384
914 1 536576 540672
265 1 1835008 1839104
94 1 327680 331776
437 1 790528 794624
917 1 3125248 3133440
94 1 356352 360448
94 1 458752 462848
586 1 2646016 2650112
585 1 1875968 1880064
663 1 2662400 2666496
174 1 57344 61440
114 1 1134592 1138688
68 1 2818048 2822144
69 1 1449984 1454080
166 1 851968 872448
167 1 2994176 3014656
177 1 3080192 3092480
397 1 1904640 1912832
398 1 524288 532480
279 1 2514944 2519040
352 1 729088 786432
352 1 786432 790528
114 1 1294336 1298432
166 1 872448 884736
133 1 2826240 2830336
696 1 2797568 2801664
695 1 1040384 1040896
945 1 2346496 2350592
945 1 2346496 2350592
13 1 282624 327680
28 1 720896 749568
316 1 700416 704512
387 2 1110016 1310720 1310720 1396736
399 1 1605632 1613824
1 1 1060864 1064960
805 1 1048576 1052672
0 1 12288 16384
701 1 2015232 2019328
0 1 0 4096
779 1 712704 716800
157 1 565248 569344
316 1 1245184 1249280
617 1 1019904 1024000
224 1 544768 548864
7 1 2256896 2258432
224 1 544768 548864
18 1 2854912 2867200
980 1 2076672 2080768
987 1 3014656 3018752
676 1 2789376 2830336
790 2 523776 524288 524288 531968
332 1 2555904 2560000
980 1 1974272 1978368
100 1 1290240 1294336
135 1 1777664 1781760
24 1 1601536 1617920
102 1 2338816 2341888
23 1 106496 110592
234 1 950272 954368
140 1 376832 380928
133 1 2826240 2834432
243 1 290816 294912
0 1 421888 438272
340 1 1998848 2060288
135 1 1777664 1785856
205 1 1912832 1916928
141 1 1269760 1286144
159 1 311296 319488
168 1 315392 327680
349 1 983040 1040384
240 1 1602048 1654784
240 1 2244608 2310144
631 3 1520128 1572864 1572864 1835008 1835008 2044416
0 1 442368 458752
803 1 1011712 1044480
349 2 1040384 1048576 1048576 1302528
393 2 1327616 1572864 1572864 1651200
454 1 2376192 2424832
392 1 2900480 3145728
393 2 0 262144 262144 279040
393 3 279040 524288 524288 786432 786432 803328
135 1 1777664 1781760
393 3 803328 1048576 1048576 1310720 1310720 1327616
858 1 962560 966656
393 3 1712640 1835008 1835008 2097152 2097152 2162688
84 1 937472 941568
24 1 3072000 3088384
891 1 2146304 2150400
841 1 176128 180224
891 1 2150400 2158592
891 1 2158592 2162688
155 1 2109440 2113536
155 1 2138112 2142208
41 1 1867776 1871872
135 1 2392064 2396160
426 1 1167360 1179648
836 1 3022848 3026944
41 1 1871872 1880064
203 1 3014656 3018752
182 1 2486272 2502656
41 1 1880064 1884160
34 1 2920448 2924544
203 1 3010560 3014656
836 1 3022848 3026944
620 1 270336 274432
41 1 1884160 1896448
203 1 3014656 3018752
899 1 1720320 1732608
203 1 3018752 3022848
838 1 376832 385024
838 1 385024 389120
203 1 3014656 3018752
172 1 2244608 2269184
203 1 3018752 3022848
23 1 1601536 1609728
899 1 1732608 1740800
203 1 3014656 3018752
164 1 434176 438272
213 1 2404352 2406912
18 1 2367488 2371584
47 1 2363392 2367488
18 1 2445312 2449408
224 1 2506752 2510848
18 1 2752512 2756608
59 1 2994176 2998272
60 1 262144 266240
778 1 1482752 1490944
632 1 2797568 2801664
429 1 151552 155648
827 1 2236416 2240512
827 1 2297856 2301952
827 1 2359296 2363392
24 1 2748416 2752512
24 1 2686976 2691072
692 1 688128 724992
27 1 1896448 1904640
517 1 98304 102400
29 1 1261568 1290240
26 1 1445888 1458176
978 1 3047424 3145728
979 1 0 32768
123 1 864256 872448
150 1 135168 139264
29 1 1290240 1294336
123 1 802816 811008
975 1 2912256 2916352
29 1 1310720 1314816
517 1 102400 110592
29 1 1294336 1306624
123 1 872448 876544
312 1 2531328 2547712
517 1 110592 114688
312 1 2547712 2551808
10 1 1609728 1613824
604 1 1253376 1265664
11 1 2224128 2228224
11 1 2568192 2572288
11 1 2129920 2134016
12 1 1245184 1249280
12 1 1232896 1236992
13 1 2469888 2473984
12 1 2740224 2744320
13 1 2019328 2023424
13 1 1495040 1499136
13 1 1548288 1552384
205 1 1421312 1425408
204 1 3080192 3080704
204 1 3080704 3081216
204 1 3081216 3085312
204 1 3085312 3089408
203 1 3014656 3018752
667 1 2514944 2519040
673 1 2723840 2732032
514 1 1789952 1810432
514 1 1810432 1814528
205 1 1425408 1425920
203 1 3018752 3022848
861 1 1220096 1224192
205 1 1437696 1441792
205 1 1429504 1433600
221 1 307200 323584
203 1 3014656 3018752
205 1 1425408 1425920
203 1 3018752 3022848
617 1 3067904 3117056
25 1 2838528 2854912
25 1 2928640 2932736
25 1 2830336 2834432
25 1 2920448 2924544
25 1 2904064 2916352
25 1 2936832 2940928
25 1 208896 249856
25 1 1384448 1445888
25 1 2871296 2875392
25 2 2879488 2883584 2883584 2891776
25 1 2154496 2158592
36 1 2793472 2830336
135 1 2748416 2793472
729 1 2007040 2011136
25 2 1499136 1572864 1572864 1634304
25 1 1691648 1699840
25 1 1290240 1294336
25 1 1806336 1810432
636 1 1236992 1253376
627 1 1122304 1155072
631 1 1249280 1282048
410 1 2211840 2228224
644 1 0 16384
640 1 2904064 2920448
644 1 1318912 1335296
642 1 2039808 2072576
650 1 532480 565248
641 1 2936832 2953216
591 1 2711552 2715648
964 1 503808 520192
644 1 147456 163840
650 1 827392 843776
652 1 2756608 2772992
741 2 2088960 2097152 2097152 2294272
656 1 2969600 3002368
0 1 1888256 1904640
650 1 1634304 1650688
36 1 745472 761856
123 2 2097152 2359296 2359296 2621440
504 1 179712 241152
137 2 2621440 2883584 2883584 3145728
138 2 0 262144 262144 524288
137 2 2097152 2359296 2359296 2621440
138 2 1048576 1310720 1310720 1572864
138 2 524288 786432 786432 1048576
138 2 1572864 1835008 1835008 2097152
138 2 2097152 2359296 2359296 2490368
393 1 905216 909312
130 2 1310720 1572864 1572864 1835008
130 2 1835008 2097152 2097152 2359296
504 1 241152 245248
142 2 2793472 2883584 2883584 3014656
21 1 1474560 1495040
22 1 811008 815104
79 1 1085440 1089536
956 1 622592 630784
236 1 2637824 2641920
215 1 2002944 2011136
65 1 2838528 2854912
643 1 2146304 2158592
59 1 2727936 2732032
830 1 2646016 2654208
692 1 1396736 1400832
133 1 2838528 2854912
21 1 1355264 1457664
817 1 1081344 1085440
564 1 151552 159744
135 1 1781760 1785856
932 1 151552 155648
522 1 1822720 1823744
449 1 3112960 3145728
450 1 0 32768
556 1 1536000 1540096
21 1 1457664 1461760
39 1 491520 495616
31 1 2138112 2146304
234 1 954368 958464
399 1 1613824 1617920
316 1 1261568 1265664
980 1 2068480 2072576
33 1 2600960 2606080
843 1 290816 294912
316 1 1396736 1400832
12 2 2613248 2621440 2621440 2629632
160 1 1236992 1241088
29 1 1531904 1536000
646 1 1462272 1478656
975 1 2400256 2416640
391 1 638976 655360
737 1 2232320 2248704
741 2 1712640 1835008 1835008 2031616
643 1 3133440 3145728
644 1 0 20480
656 1 3035136 3051520
652 1 2494464 2510848
397 1 1052672 1069056
446 1 1236992 1249280
396 1 2629632 2646016
403 1 475136 491520
355 1 2154496 2170880
620 1 2781184 2797568
515 1 2121728 2154496
581 1 1708032 1724416
411 1 692224 708608
354 1 327680 360448
244 1 241664 245760
643 1 1556480 1560576
596 1 2351104 2355200
163 1 2109440 2117632
841 1 2310144 2314240
379 1 2023424 2027520
141 1 1269760 1290240
163 1 2121728 2125824
382 1 2486272 2490368
643 1 1556480 1560576
426 1 446464 450560
425 1 2351104 2355200
705 1 315392 319488
426 1 151552 159744
215 1 2670592 2674688
216 1 552960 557056
190 1 206336 207360
163 1 1273856 1277952
774 3 1823232 1835008 1835008 2097152 2097152 2347520
364 1 1392640 1396736
190 1 207360 208384
167 1 2490368 2523136
722 1 2002944 2007040
468 1 241664 242688
190 1 208384 209408
163 1 1216512 1224704
774 3 2347520 2359296 2359296 2621440 2621440 2871808
190 1 209408 210432
190 1 210432 211456
775 1 225280 254464
774 2 2871808 2883584 2883584 3145728
775 1 0 221184
190 1 211456 212480
190 1 212480 213504
489 1 171008 172032
365 1 1363968 1368064
13 1 2088960 2093056
721 1 2524160 2525184
534 1 1527808 1531904
276 1 2418688 2419712
953 1 1609728 1613824
154 1 2731008 2733056
692 1 659456 679936
632 1 2797568 2801664
429 1 155648 167936
980 1 1970176 1978368
780 1 937984 946176
27 1 1904640 1908736
192 1 655360 656384
240 2 2834432 2883584 2883584 2899968
133 1 2830336 2842624
776 1 663552 667648
892 1 2924544 2928640
33 1 3129344 3133440
133 1 204800 237568
241 2 217088 262144 262144 282624
69 1 1482752 1486848
414 1 2621440 2629632
198 1 28672 36864
837 1 3076096 3084288
198 1 77824 81920
198 1 61440 73728
837 1 3084288 3088384
847 1 1724416 1732608
198 1 81920 86016
267 1 2189312 2190848
847 1 1732608 1736704
399 1 2945024 2949120
221 1 405504 413696
846 1 1400832 1409024
846 1 1409024 1413120
211 1 1982464 1986560
221 1 413696 425984
994 1 1351680 1359872
297 1 90112 94208
723 1 1789952 1794048
18 1 2580480 2588672
35 1 618496 638976
29 1 1056768 1060352
641 1 3092480 3095552
841 1 3039232 3084288
297 1 98304 102400
316 1 1409024 1413120
5 1 1646592 1650688
972 1 1142784 1150976
281 1 1814528 1818624
281 1 1753088 1757184
726 1 233472 237568
157 1 561152 565248
317 1 2887680 2891776
13 1 1970176 1974272
8 1 1413120 1417216
10 1 1515520 1519616
25 1 1785856 1789952
25 1 1732608 1736704
25 1 1654784 1662976
25 1 1679360 1683456
25 1 1744896 1748992
24 1 2629632 2662400
25 1 1449984 1482752
135 1 1843200 1847296
136 2 507904 524288 524288 540672
25 1 1769472 1777664
25 1 1757184 1761280
25 1 2138112 2142208
25 1 2523136 2539520
135 1 1777664 1781760
750 1 1331200 1339392
848 1 2240512 2244608
118 1 2191360 2195456
9 1 2113536 2117632
135 1 1843200 1847296
77 1 2928640 2932736
655 1 2961408 2965504
794 1 2392064 2412544
794 1 2412544 2416640
608 1 2035712 2043904
608 1 2101248 2129920
416 1 1593344 1605632
692 1 1273856 1277952
34 1 3010560 3031040
437 1 2416640 2420736
860 2 131072 262144 262144 327680
45 1 3117056 3121152
445 1 2547712 2555904
44 1 3137536 3145728
45 1 0 8192
775 1 3080192 3145728
776 1 0 208896
167 1 3031040 3051520
45 1 3121152 3125248
63 1 2011136 2027520
437 1 24576 65536
339 1 2314240 2318336
282 1 1916928 1921024
776 2 733184 786432 786432 798720
135 1 1843200 1847296
580 1 1572864 1576960
776 3 208896 262144 262144 524288 524288 733184
618 1 557056 561152
135 1 1773568 1777664
980 1 2011136 2015232
23 1 36864 40960
207 1 20480 36864
618 1 557056 561152
153 1 2187264 2252800
630 1 2039808 2043904
954 1 2400256 2433024
935 1 737280 753664
932 1 1867776 1933312
789 2 1781760 1835008 1835008 1912832
932 1 2654208 2719744
442 1 1908736 1974272
630 1 2039808 2048000
933 1 389120 401408
933 1 294912 348160
246 1 3100672 3117056
353 1 45056 110592
933 1 1515520 1556480
246 1 3117056 3121152
167 1 708608 774144
25 1 630784 634880
227 1 0 4096
168 1 458752 462848
141 1 720896 761856
135 1 1847296 1851392
246 1 1216512 1220608
141 1 761856 765952
270 1 2363392 2367488
740 1 1166848 1170944
287 1 1654272 1658368
742 1 2547200 2551296
227 3 1069056 1310720 1310720 1572864 1572864 1593344
448 1 2719744 2736128
470 1 2252800 2256896
581 1 577536 581632
39 1 495616 499712
31 1 2146304 2150400
448 1 2711552 2719744
137 1 2891776 2895872
135 1 1843200 1847296
137 1 3096576 3100672
448 1 2736128 2842624
137 1 2781184 2785280
807 2 2781184 2883584 2883584 3145728
808 1 0 147456
719 1 1011712 1015808
661 1 2932736 2936832
764 1 1187840 1191936
328 1 1929216 1933312
328 1 1982464 1994752
654 1 1658880 1662976
337 1 1290240 1294336
246 1 2539520 2543616
34 2 249856 262144 262144 319488
166 1 233472 241664
166 1 208896 217088
174 1 2531328 2547712
34 1 319488 323584
491 1 2174976 2179072
257 1 2252800 2269184
328 1 1994752 1998848
140 1 1327104 1343488
133 1 2891776 2895872
130 1 335872 339968
0 1 438272 458752
36 1 2658304 2678784
389 1 2949120 2973696
27 1 2101248 2105344
57 1 2023424 2027520
365 1 499712 503808
422 1 1245184 1245696
152 1 1974272 1978368
389 1 2973696 2977792
133 1 2826240 2830336
871 1 2547712 2555904
140 1 1261568 1277952
871 1 2555904 2560000
133 1 2891776 2899968
943 2 499712 524288 524288 610816
943 2 139776 262144 262144 479232
18 1 2822144 2842624
943 2 676352 786432 786432 901120
135 1 1843200 1847296
950 1 860160 991232
135 1 1769472 1773568
950 2 1015808 1048576 1048576 1060864
950 2 667648 786432 786432 791040
950 1 991232 1015808
950 1 791040 860160
950 1 1605632 1646592
950 2 1081344 1310720 1310720 1470976
315 1 2338816 2347008
950 1 1646592 1671168
950 2 1470976 1572864 1572864 1605632
981 2 1323008 1572864 1572864 1688064
979 1 2297856 2298368
989 1 2592768 2596864
482 2 2490368 2621440 2621440 2834432
483 1 1851392 1867776
483 1 2195456 2211840
483 1 2342912 2359296
483 1 1966080 1982464
484 1 1654784 1671168
480 1 2535424 2551808
166 1 1081344 1093632
133 1 2891776 2895872
224 1 544768 552960
142 1 102400 122880
43 1 0 16384
135 1 1871872 1884160
224 1 548864 552960
224 1 548864 552960
224 1 548864 561152
489 1 172032 173056
291 1 917504 921600
721 1 2525184 2526208
953 1 1609728 1613824
140 1 851968 856064
133 1 2928640 2932736
429 1 167936 172032
791 1 921600 925696
712 1 1740800 1761280
986 1 2162688 2174976
429 1 172032 184320
392 1 1818624 1835008
397 1 1888256 1904640
266 1 2957312 2965504
264 1 1409024 1413120
405 1 1384448 1400832
537 1 2490368 2494464
418 1 1527808 1544192
123 1 802816 806912
133 1 2867200 2871296
203 1 3014656 3018752
506 1 2813952 2822144
52 1 2932736 2949120
506 1 2822144 2826240
446 1 1245184 1257472
133 1 2932736 2945024
266 1 2965504 2969600
123 1 868352 872448
494 3 65024 262144 262144 524288 524288 581120
706 3 860672 1048576 1048576 1310720 1310720 1384960
442 1 2920448 2924544
494 1 1629696 1826304
494 3 581120 786432 786432 1048576 1048576 1105408
494 3 1105408 1310720 1310720 1572864 1572864 1629696
585 1 450560 454656
821 1 2121728 2129920
706 2 1384960 1572864 1572864 1651200
692 2 741376 786432 786432 806912
696 1 1212416 1277952
696 1 1998848 2064384
133 1 2908160 2916352
696 1 2457600 2523136
696 1 2916352 2937344
844 1 2527232 2535424
844 1 2535424 2539520
697 1 381440 425984
697 2 1007616 1048576 1048576 1073152
698 1 688128 753664
698 2 1277952 1310720 1310720 1343488
79 1 1089536 1126400
184 1 581632 598016
22 1 876544 880640
215 1 2011136 2015232
79 1 1126400 1130496
223 2 1814528 1835008 1835008 1896448
855 1 2039808 2048000
22 1 811008 815104
855 1 2048000 2052096
956 1 626688 630784
225 1 1814528 1830912
225 1 2224128 2240512
399 1 1617920 1626112
134 1 966656 970752
234 1 950272 954368
140 1 376832 380928
10 1 1609728 1613824
98 1 1982464 2002944
54 1 1650688 1654784
56 1 557056 565248
56 1 569344 573440
56 1 622592 626688
56 1 1384448 1388544
7 1 929792 933888
56 1 2088960 2093056
680 1 327680 331776
534 1 1708032 1712128
841 1 2641920 2646016
812 1 1187840 1191936
812 1 1114112 1118208
133 1 237568 241664
349 1 1302528 1310720
257 1 3141632 3145728
258 1 0 61440
631 3 2044416 2097152 2097152 2359296 2359296 2568704
349 1 1376256 1441792
258 2 520192 524288 524288 585728
393 3 2162688 2359296 2359296 2621440 2621440 2686976
393 2 2686976 2883584 2883584 3145728
394 1 0 65536
394 3 65536 262144 262144 524288 524288 589824
394 3 589824 786432 786432 1048576 1048576 1114112
222 1 798720 815104
887 1 1970176 2011136
454 1 2752512 2818048
394 3 1114112 1310720 1310720 1572864 1572864 1638400
434 1 1331200 1335296
135 1 1892352 1900544
303 1 2105344 2109440
135 1 1830912 1835008
135 1 1896448 1900544
143 1 2097152 2101248
690 1 2244608 2248704
303 1 2105344 2109440
8 1 417792 421888
166 1 2297856 2310144
52 1 3002368 3014656
8 1 413696 417792
648 1 1118208 1122304
133 1 2842624 2846720
628 1 1093632 1097728
48 1 69632 81920
863 1 675840 684032
698 1 2093056 2097152
521 1 712704 716800
982 1 3133440 3137536
22 1 2011136 2015232
135 1 1781760 1789952
329 1 320000 320512
585 1 2985984 3006464
145 1 1036288 1044480
276 1 2419712 2420736
489 1 173056 174080
835 1 2646016 2654208
520 3 2170880 2359296 2359296 2621440 2621440 2695168
154 1 2733056 2734080
203 1 3014656 3018752
763 1 2519040 2527232
980 1 2031616 2035712
760 1 1372160 1376256
27 1 1908736 1941504
380 1 3035136 3039232
919 1 827392 831488
211 1 1986560 1990656
211 1 1982464 1986560
203 1 741376 770048
208 1 827392 843776
980 1 2076672 2080768
790 1 527872 531968
101 1 2932736 2949120
461 1 1572864 1589248
987 1 3014656 3018752
297 1 94208 98304
994 1 1359872 1368064
297 1 102400 106496
665 1 77824 81920
41 1 208896 217088
873 1 720384 724480
842 1 4096 24576
505 1 344064 393216
212 1 2199552 2203648
962 1 471040 479232
257 1 2039808 2043392
558 1 2973696 2977792
33 1 2928640 2932736
354 1 1650688 1679360
382 1 3115520 3116032
149 1 1130496 1134592
152 1 2256896 2260992
354 1 1679360 1683456
834 1 1695232 1695744
212 1 712704 729088
382 1 3116032 3116544
821 1 995840 997888
821 1 997888 1001984
948 1 2981888 2982400
841 1 823296 831488
181 1 376832 389120
382 1 3116032 3116544
841 1 831488 835584
484 1 1572864 1589248
484 1 1736704 1753088
484 1 1982464 1998848
939 1 3047424 3063808
672 1 1081344 1097728
398 1 966656 999424
398 1 704512 720896
940 1 327680 344064
398 1 1015808 1048576
940 1 81920 98304
398 1 1212416 1228800
305 2 1826816 1835008 1835008 1843200
398 1 851968 868352
417 1 1818624 1822720
461 1 1220608 1224704
270 1 2371584 2375680
141 1 1327104 1339392
141 1 1286144 1294336
284 1 2220032 2224128
779 1 712704 716800
421 1 2449408 2457600
501 1 2150400 2158592
421 1 2002944 2011136
421 1 2486272 2490368
835 2 724992 786432 786432 847872
166 1 552960 581632
225 1 2174976 2191360
225 2 1830912 1835008 1835008 1847296
225 1 1880064 1896448
215 1 2015232 2023424
89 1 2441216 2445312
301 1 2793472 2797568
265 1 393216 401408
264 1 2994176 2998272
773 1 1556480 1560576
22 1 876544 880640
270 1 2768896 2772992
300 1 819200 823296
805 1 1691648 1699840
215 1 2023424 2027520
166 1 1961984 1966080
166 1 2228224 2244608
879 1 3059712 3063808
136 1 1908736 1909760
462 1 524288 528384
123 1 798720 802816
123 1 790528 794624
52 1 3133440 3141632
79 1 2506752 2510848
130 1 1757184 1765376
53 1 28672 32768
497 1 1994752 1998848
894 1 1368064 1372160
689 1 716800 720896
97 1 1748992 1753088
945 1 2346496 2350592
945 1 2346496 2350592
748 1 20480 61440
53 1 28672 36864
54 1 831488 835584
504 1 1888256 1889280
792 1 2686976 2691072
27 2 36352 262144 262144 380416
141 1 1400832 1421312
932 1 155648 163840
817 1 1081344 1085440
30 1 679424 683520
214 1 2330112 2334208
483 1 2764800 2768896
932 1 163840 167936
338 1 434176 442368
1 1 1990656 1994752
31 1 2150400 2162688
448 1 2908160 2973696
532 1 3031040 3035136
613 1 2723840 2732032
449 1 659456 663552
533 1 147456 151552
371 1 1708032 1724416
4 1 1806336 1814528
421 1 2531328 2555904
5 1 319488 331776
5 1 499712 503808
980 1 2002944 2007040
399 1 1626112 1630208
423 1 1626112 1634304
371 1 1683456 1703936
657 1 53248 65536
4 1 2162688 2170880
4 1 1912832 1916928
422 1 1802240 1806336
38 1 667648 684032
525 1 1605632 1626624
86 1 561152 562176
133 1 2891776 2899968
632 1 2863104 2865152
500 1 1196032 1208320
212 1 2134016 2138112
394 2 2686976 2883584 2883584 2949120
130 1 1069056 1073152
394 3 1638400 1835008 1835008 2097152 2097152 2162688
402 1 262144 327680
394 3 2162688 2359296 2359296 2621440 2621440 2686976
986 1 1355776 1363968
455 1 131072 196608
454 1 2359296 2376192
676 1 1863680 1908736
393 1 1703936 1712640
130 1 1003520 1007616
455 1 589824 655360
676 1 1908736 1912832
455 1 1048576 1114112
34 1 1900544 1929216
13 1 2887680 2891776
258 1 1097728 1114112
258 2 1044480 1048576 1048576 1093632
258 1 1703936 1769472
140 1 1703936 1724416
326 1 2928640 2932736
628 1 868352 872448
362 1 2163712 2167296
721 1 2526208 2527232
835 1 2654208 2658304
13 1 2084864 2088960
276 1 2420736 2421760
618 1 1228800 1241088
997 1 1634304 1675264
88 1 901120 905216
429 1 184320 188416
980 1 1961984 1966080
779 1 2322432 2326528
93 2 2096640 2097152 2097152 2100736
80 2 1048064 1048576 1048576 1097216
93 1 2100736 2145792
234 1 954368 958464
11 1 2035712 2036224
8 1 1409024 1413120
10 1 1515520 1519616
10 1 1609728 1613824
163 1 2109440 2113536
701 1 1835008 1839104
132 3 1502720 1572864 1572864 1835008 1835008 2027008
795 1 700416 712704
945 1 3038208 3039744
132 3 2027008 2097152 2097152 2359296 2359296 2551296
980 1 2031616 2056192
135 1 1835008 1839104
453 2 1249280 1310720 1310720 1376256
261 1 831488 835584
406 1 2981888 2985984
191 1 663552 696320
261 1 897024 901120
434 1 1335296 1421312
741 3 2294272 2359296 2359296 2621440 2621440 2818560
695 1 2318336 2322432
509 2 1830912 1835008 1835008 1847296
203 1 3018752 3022848
133 1 2875392 2879488
506 1 2826240 2834432
52 1 2949120 2969600
210 1 2744320 2752512
410 1 2228224 2236416
133 1 2940928 2945024
411 1 270336 282624
821 1 196608 212992
506 1 2834432 2838528
741 2 2818560 2883584 2883584 3145728
742 1 0 197120
695 1 2318336 2322432
203 1 3014656 3018752
488 1 2359296 2363392
135 1 1777664 1781760
975 1 2912256 2916352
123 1 806912 815104
141 1 1466368 1486848
517 1 114688 122880
517 1 122880 126976
123 1 876544 892928
123 1 823296 831488
975 1 2912256 2924544
517 1 126976 135168
123 1 892928 897024
135 1 1777664 1785856
517 1 135168 139264
741 1 1162752 1163264
873 2 2342912 2359296 2359296 2367488
200 1 1261568 1265664
863 1 684032 688128
304 2 2580480 2621440 2621440 2658304
304 1 2658304 2662400
427 1 1368064 1384448
239 1 2306048 2310144
235 1 1077248 1089536
821 1 2854912 2859008
239 1 2498560 2502656
280 1 1511424 1515520
868 1 1974272 1978368
280 1 1523712 1527808
203 1 3014656 3018752
280 1 1118208 1122304
622 1 2785280 2789376
235 1 1167360 1171456
239 1 2297856 2301952
133 1 2904064 2908160
258 1 2686976 2699776
8 1 544768 548864
130 1 2883584 3145728
131 1 0 196608
130 2 2359296 2621440 2621440 2883584
142 3 2269184 2359296 2359296 2621440 2621440 2793472
192 2 2359296 2621440 2621440 2883584
133 1 2891776 2904064
192 1 2883584 3145728
193 1 0 262144
218 3 2228224 2359296 2359296 2621440 2621440 2752512
478 1 491520 524288
218 2 2752512 2883584 2883584 3014656
193 2 262144 524288 524288 786432
193 2 786432 1048576 1048576 1245184
223 2 2555904 2621440 2621440 2752512
210 1 65536 131072
51 1 1884160 1949696
127 1 1179648 1245184
122 2 2097152 2359296 2359296 2621440
140 1 327680 458752
122 2 2621440 2883584 2883584 2916352
133 1 2826240 2830336
808 1 1015808 1018880
956 1 626688 630784
122 1 1740800 1744896
272 1 1101824 1105920
30 1 679424 683520
44 1 2736128 2740224
21 1 1461760 1490432
63 1 602112 622592
39 1 491520 495616
211 3 1593344 1835008 1835008 2097152 2097152 2117632
840 1 3080192 3092480
448 2 2842624 2883584 2883584 2908160
31 1 2162688 2166784
500 2 929792 1048576 1048576 1196032
867 1 2433024 2435072
67 1 520192 524288
611 1 1822720 1825792
297 1 114688 118784
37 1 2396160 2400256
297 1 106496 110592
133 1 2830336 2834432
38 1 585728 589824
297 1 110592 114688
868 2 774144 786432 786432 800256
294 1 1507328 1572864
692 1 1355776 1376256
608 1 1966080 1970176
608 1 1576960 1605632
112 1 561152 565248
608 1 2347008 2355200
523 1 1150976 1155072
600 1 1425408 1449984
361 1 2932736 2936832
980 1 1748992 1753088
2 1 2592768 2596864
340 1 1994752 2060288
979 1 1925120 1933312
706 2 1651200 1835008 1835008 1909248
735 1 798720 806912
125 1 241664 245760
142 1 2912256 2920448
442 1 2924544 2949120
125 1 270336 274432
706 1 2109440 2179584
42 1 131072 135168
161 1 2170880 2172416
706 2 2179584 2359296 2359296 2372096
706 2 1909248 2097152 2097152 2105344
821 1 2125824 2129920
839 1 454656 458752
132 3 2551296 2621440 2621440 2883584 2883584 2948608
435 1 2744320 2748416
398 1 393216 397312
435 1 2826240 2830336
5 1 409600 430080
160 1 1241088 1253376
784 1 2572288 2605056
157 1 565248 569344
399 1 1630208 1662976
779 1 712704 716800
659 1 2965504 2966528
659 1 2961408 2965504
224 1 552960 557056
224 1 552960 557056
142 1 122880 131072
431 1 1187840 1196032
142 1 589824 593920
224 1 552960 561152
104 1 1290240 1298432
488 1 2596864 2600960
689 1 1519616 1548288
798 1 139264 142336
343 2 1568768 1572864 1572864 1622016
343 1 1622016 1626112
65 1 357376 422912
531 1 1331200 1335296
395 1 761856 770048
991 1 1638400 1642496
525 1 1622016 1662976
525 1 1662976 1667072
24 1 3088384 3100672
991 1 1638400 1642496
525 1 1667072 1683456
525 1 1683456 1687552
57 1 65536 81920
85 1 1580544 1621504
409 1 2260992 2265088
27 1 1941504 1945600
487 1 1454080 1458176
665 1 835584 843776
203 1 3018752 3022848
721 1 2527232 2528256
154 1 2734080 2735616
489 1 174080 174592
284 1 2379776 2424832
41 1 1896448 1900544
933 1 778240 778752
836 1 3022848 3031040
620 1 270336 274432
435 1 1245184 1261568
435 1 1261568 1265664
933 1 778240 778752
836 1 3026944 3031040
620 1 270336 274432
400 1 1708032 1712128
301 1 4096 8192
435 1 1265664 1290240
408 3 1016320 1048576 1048576 1310720 1310720 1540608
493 1 286720 299008
493 1 299008 303104
484 1 1470464 1474560
408 3 1540608 1572864 1572864 1835008 1835008 2064896
673 1 2064384 2066432
65 1 225280 241664
5 1 1466368 1470464
405 1 708608 737280
140 1 1277952 1298432
741 1 1126400 1134592
35 1 2527232 2531328
364 1 2854912 2859008
841 1 2469888 2478080
841 1 2478080 2482176
35 1 2531328 2535424
741 1 1134592 1138688
133 1 2891776 2908160
140 1 1343488 1363968
582 1 1646592 1650688
133 1 2838528 2842624
133 1 2904064 2908160
582 1 1646592 1650688
133 1 2838528 2842624
351 1 1265664 1277952
133 1 2904064 2908160
24 1 749568 753664
582 1 1646592 1650688
33 1 2613248 2618368
843 1 331776 335872
80 2 1101312 1310720 1310720 1437184
487 1 1589248 1597440
85 2 1625600 1835008 1835008 1875456
93 2 2149888 2359296 2359296 2530816
73 1 306688 310784
487 1 1290240 1298432
429 1 188416 200704
665 1 847872 851968
64 1 81920 90112
631 3 2568704 2621440 2621440 2883584 2883584 3092992
258 1 2699776 2752512
15 1 2884096 2884608
713 1 2768896 2772992
276 1 2421760 2422784
615 1 2502656 2506752
829 1 1531904 1536000
721 1 2528256 2529280
759 1 1572864 1576960
135 1 1855488 1863680
232 1 1482752 1495040
143 1 2097152 2101248
434 1 1421312 1425408
453 1 1372160 1482752
196 1 389120 393216
163 1 1277952 1282048
775 3 254464 262144 262144 524288 524288 778752
292 1 1224704 1228800
163 1 1220608 1228800
231 1 1523712 1540096
775 3 778752 786432 786432 1048576 1048576 1093632
775 2 1814528 1835008 1835008 1880064
775 1 1093632 1237504
835 1 557056 569344
274 1 1069056 1073152
835 1 569344 573440
775 3 1237504 1310720 1310720 1572864 1572864 1761792
13 1 1466368 1470464
948 1 1716224 1720320
349 1 1867776 1871872
948 1 1748992 1757184
35 1 1216512 1220608
15 2 1044480 1048576 1048576 1064960
398 1 446464 450560
111 1 2945024 2949120
403 1 356352 360448
398 1 643072 647168
435 1 2547712 2551808
398 1 323584 327680
403 1 380928 385024
477 1 86016 90112
863 1 634880 643072
393 1 2977792 2981376
376 1 36864 45056
22 1 1372160 1376256
417 1 1523712 1527808
417 1 1478656 1482752
993 1 778240 782336
94 1 2027520 2031616
980 1 2068480 2072576
958 1 73728 75264
977 1 2936832 2949120
399 1 1662976 1667072
560 1 2023424 2027008
811 1 1556480 1560576
882 1 819200 823296
676 1 1536000 1537536
160 1 1253376 1257472
859 1 1540096 1548288
459 1 1703936 1769472
203 1 3014656 3018752
460 1 2490368 2555904
203 1 3010560 3014656
846 1 536576 544768
460 1 2949120 3014656
846 1 544768 548864
175 1 778240 786432
82 1 983040 1036288
51 3 1949696 2097152 2097152 2359296 2359296 2473984
51 3 2473984 2621440 2621440 2883584 2883584 2998272
218 1 2097152 2228224
52 2 376832 524288 524288 638976
175 1 917504 929792
51 1 2998272 3145728
52 2 0 262144 262144 376832
141 1 851968 917504
223 1 1835008 2031616
245 1 2441216 2453504
782 3 1925120 2097152 2097152 2359296 2359296 2449408
782 2 2449408 2621440 2621440 2883584
13 1 1466368 1470464
63 1 2027520 2048000
860 1 0 81920
13 1 1458176 1462272
18 1 1904640 1908736
167 1 3051520 3063808
330 1 1732608 1737216
803 2 761856 786432 786432 790528
680 1 831488 839680
680 1 720896 724992
680 1 856064 860160
649 1 2711552 2715648
999 1 1081344 1085440
736 1 2035712 2039808
403 1 626688 700416
487 1 1024000 1028096
348 1 1654272 1661440
410 1 2686976 2691072
649 1 487424 491520
712 1 1740800 1744896
981 1 2203648 2211840
93 1 589824 593920
94 1 876544 880640
790 1 2187264 2191360
165 1 1871872 1875968
991 1 3141632 3145728
980 1 1986560 2011136
41 1 2957312 2977792
772 1 57344 61440
756 1 1347584 1351680
417 1 1974272 1978368
772 1 40960 45056
756 1 1331200 1335296
32 1 2375680 2383872
244 1 1912832 1913344
457 1 1064448 1068544
426 1 696320 700416
193 1 1740800 1744896
48 1 126976 131072
507 1 598016 602112
297 1 65536 77824
230 1 2547712 2584576
795 1 2244608 2246656
133 1 2895872 2899968
245 1 2523136 2527232
38 1 188416 192512
545 1 1153024 1154560
977 1 2953216 2961408
616 1 614400 615936
611 1 1490944 1492480
302 1 569344 634880
769 1 1134592 1138688
997 1 1675264 1679360
149 1 86016 102400
520 2 2695168 2883584 2883584 3145728
521 1 0 73728
154 1 2735616 2736640
950 1 491520 495616
618 1 1241088 1245184
829 1 1593344 1597440
489 1 174592 175616
478 1 282624 286720
276 1 2422784 2423808
140 1 856064 860160
977 1 595968 597504
721 1 2529280 2530304
123 1 864256 868352
698 2 1802240 1835008 1835008 1867776
732 1 2523136 2523648
698 1 2924544 2990080
699 2 237568 262144 262144 303104
337 1 2260992 2265088
699 1 1376256 1441792
343 1 1892352 1900544
226 1 2138112 2142208
790 1 1343488 1347584
616 1 2871296 2875392
337 1 2838528 2842624
699 1 1966080 1987072
581 1 1675264 1716224
699 1 1987072 2031616
603 1 106496 110592
581 1 1716224 1720320
5 1 1466368 1474560
977 1 802816 806912
977 1 786432 798720
461 1 2699264 2703360
85 1 692224 696320
618 1 557056 561152
980 1 2039808 2043904
208 1 843776 851968
216 1 81920 94208
980 1 2011136 2019328
857 1 1937408 1945600
618 1 557056 561152
987 1 3014656 3018752
980 1 1974272 1978368
980 1 2080768 2084864
857 1 1945600 1949696
618 1 557056 561152
141 1 2838528 2859008
720 1 761856 774144
259 1 0 65536
154 1 1011712 1019904
215 1 1122304 1126400
215 1 1204224 1208320
215 1 1105920 1110016
631 1 3092992 3145728
632 2 0 262144 262144 471552
215 1 897024 905216
496 1 2674688 2678784
21 1 1490432 1494528
932 1 167936 204800
448 1 2973696 3035136
496 1 2711552 2715648
338 1 442368 454656
817 1 1081344 1089536
29 1 454144 470528
29 1 699904 716288
29 2 781824 786432 786432 798208
257 1 1318400 1334784
141 1 1343488 1359872
28 1 2780672 2797056
204 1 1957888 1961984
105 1 3076096 3080192
49 1 1241088 1245184
928 1 2383872 2387968
68 1 1638400 1642496
224 1 557056 561152
798 1 135168 139264
489 1 331776 335872
560 1 192512 196608
689 1 1548288 1552384
487 1 2981888 2985984
492 1 528384 532480
224 1 557056 561152
492 1 585728 589824
506 1 827392 831488
224 1 557056 561152
411 1 1638400 1642496
429 1 200704 204800
740 1 2158592 2162688
485 1 663552 675840
27 1 1945600 1953792
348 1 1661440 1664000
8 1 421888 425984
205 1 1552384 1556480
204 1 1167360 1171456
624 2 782336 786432 786432 794624
638 1 2097152 2101248
812 1 2850816 2857984
935 1 749568 782336
385 1 1007616 1024000
133 1 2875392 2883584
506 1 2838528 2846720
266 1 2969600 2977792
591 1 2711552 2715648
506 1 2846720 2850816
203 1 3018752 3022848
810 1 737280 741376
133 1 2945024 2949120
509 2 1830912 1835008 1835008 2011136
506 1 2850816 2859008
607 1 2105344 2162688
506 1 2859008 2863104
133 1 2826240 2830336
101 1 114688 115712
600 3 466944 524288 524288 786432 786432 905216
600 1 1490944 1507328
600 1 983040 999424
434 1 1425408 1433600
133 1 2834432 2846720
220 1 2801664 2805760
135 1 1777664 1781760
135 1 1835008 1843200
110 1 2043904 2048000
435 1 2760704 2764800
863 1 643072 647168
705 1 1449984 1454080
23 1 2392064 2420736
767 1 708608 733184
767 1 733184 749568
34 1 2539520 2543616
244 1 1913344 1913856
691 1 2727936 2736128
524 1 2641920 2646016
1 1 737280 737792
244 1 1913856 1917952
980 1 2072576 2080768
328 1 2023424 2031616
328 1 2060288 2068480
801 1 2883584 2887680
930 1 122880 124928
808 1 139264 143360
174 1 2547712 2555904
719 1 1011712 1015808
174 1 2686976 2699264
246 1 2539520 2543616
34 1 323584 335872
34 1 335872 339968
662 1 987136 991232
643 1 1806336 1810432
423 1 1757184 1794048
423 1 1794048 1798144
679 1 1859584 1867776
408 1 2871296 2874368
627 1 921600 923136
679 1 1916928 1974272
735 1 802816 806912
706 1 3047424 3076096
42 1 135168 147456
706 3 2437632 2621440 2621440 2883584 2883584 2933248
42 1 147456 151552
821 1 2125824 2129920
42 1 151552 159744
706 1 2933248 3047424
904 2 253952 262144 262144 266240
904 1 622592 626688
905 1 1867776 1916928
769 1 3080192 3084288
157 1 561152 565248
40 1 2940928 2957312
846 1 1368064 1376256
784 1 2572288 2576384
4 1 1867776 1871872
122 1 1171456 1175552
399 1 1667072 1675264
18 1 2588672 2592768
770 1 1794048 1798144
473 1 2555904 2621440
542 1 1179648 1245184
524 1 2600960 2605056
296 1 2039808 2041344
297 1 1970176 1974272
473 1 3080192 3145728
524 1 2703360 2711552
478 1 65536 131072
26 1 2215424 2231808
31 1 200192 216576
29 1 716288 732672
26 1 2248192 2264576
31 1 757248 773632
30 1 2592256 2608640
28 1 1814016 1830400
30 1 2788864 2805248
31 1 2166784 2179072
27 1 2723328 2739712
932 1 204800 208896
30 1 1736192 1752576
27 1 2641408 2657792
28 1 929280 945664
29 1 2964992 2981376
273 1 1908224 1924608
31 1 888320 904704
31 1 904704 921088
227 3 356352 524288 524288 786432 786432 880640
628 1 2400256 2404352
571 1 2158592 2187264
215 1 1024000 1028096
259 1 917504 983040
600 1 831488 851968
179 1 688128 708608
259 1 1441792 1449472
600 1 917504 933888
957 1 2387968 2392064
234 1 950272 954368
140 1 376832 380928
234 1 954368 958464
0 1 438272 458752
133 1 2895872 2899968
218 2 1048576 1310720 1310720 1572864
452 1 851968 917504
218 2 1572864 1835008 1835008 2097152
133 1 2834432 2838528
141 1 1310720 1376256
51 2 1753088 1835008 1835008 1884160
135 1 2142208 2146304
311 1 1368064 1371136
489 1 175616 176640
154 1 2736640 2737664
628 1 868352 880640
997 1 1679360 1687552
133 1 2826240 2830336
291 1 921600 929792
521 1 1114112 1126400
441 1 491520 503808
305 1 208896 212992
148 1 2936832 2949120
434 1 1433600 1437696
211 1 32768 34304
220 1 2850816 2859008
211 1 69632 73728
932 1 1187840 1245184
192 1 1740800 1744896
303 1 2158592 2162688
993 1 122880 229376
230 1 2584576 2588672
163 1 491520 495616
245 1 2666496 2670592
976 1 1441792 1445888
163 1 507904 512000
980 1 2031616 2035712
246 1 299008 303104
976 1 1445888 1449984
94 1 2142208 2338816
425 2 888832 1048576 1048576 1302528
435 2 1728000 1835008 1835008 2027008
435 3 1203712 1310720 1310720 1572864 1572864 1728000
369 1 130560 159232
369 1 159232 163328
478 1 458752 524288
403 1 700416 704512
279 1 167936 172032
123 1 798720 802816
167 1 954368 974848
429 1 208896 221184
348 1 1664000 1666048
27 1 1953792 1957888
409 1 2588160 2592256
400 1 1097216 1101312
128 1 991232 1048576
246 1 262144 327680
246 1 655360 786432
246 1 1179648 1245184
246 1 1376256 1441792
246 1 1572864 1638400
246 1 2359296 2424832
689 1 2023424 2027520
257 1 1048576 1310720
352 3 1507328 1572864 1572864 1835008 1835008 2031616
352 3 2031616 2097152 2097152 2359296 2359296 2555904
352 3 2555904 2621440 2621440 2883584 2883584 3080192
600 1 1040384 1048576
600 1 1384448 1421312
600 1 1069056 1093632
960 1 540672 541696
395 1 770048 774144
531 1 1331200 1343488
794 1 1355776 1359872
395 1 774144 782336
154 1 286720 291840
415 1 453632 454656
793 1 2805760 2809856
395 1 782336 786432
858 1 589824 598016
415 1 454656 455168
531 1 1335296 1339392
858 1 598016 602112
395 1 786432 794624
145 1 1044480 1048576
244 1 1917952 1921024
409 1 2650112 2651136
409 1 2651136 2655232
701 1 1835008 1839104
234 1 2760704 2764800
835 2 253952 262144 262144 278528
133 1 2838528 2842624
133 1 2904064 2908160
582 1 1646592 1650688
133 1 2838528 2842624
166 1 1519616 1540096
133 1 2904064 2912256
168 1 995328 999424
582 1 1646592 1650688
318 1 626688 630784
770 1 2252800 2256896
160 1 1257472 1269760
399 1 1675264 1679360
835 1 847872 851968
157 1 565248 569344
93 1 233472 237568
943 1 1376256 1388544
972 1 1077248 1081344
953 1 1957888 1961984
972 1 1150976 1155072
58 2 2007040 2097152 2097152 2203648
207 1 3080192 3145728
61 1 1572864 1703936
141 1 1441792 1572864
58 3 958464 1048576 1048576 1310720 1310720 1482752
58 3 1482752 1572864 1572864 1835008 1835008 2007040
898 1 2097152 2101248
925 1 200704 204800
61 2 1048576 1310720 1310720 1572864
62 2 2031616 2097152 2097152 2105344
483 1 2764800 2768896
39 1 495616 499712
63 1 602112 606208
388 1 610304 614400
30 1 679424 683520
329 3 409600 524288 524288 786432 786432 933888
575 1 2440704 2448896
31 1 2179072 2183168
39 1 491520 495616
932 1 237568 241664
932 1 208896 212992
278 1 2351104 2355200
58 1 1880064 1884160
154 1 1073152 1081344
632 2 471552 524288 524288 565248
632 1 1114112 1130496
632 1 864256 918016
147 1 1208320 1216512
76 1 1748992 1757184
233 1 2973696 2977792
61 1 2031616 2060288
66 1 2056192 2060288
702 1 3137536 3145728
215 1 2027520 2039808
342 1 2024960 2055680
215 1 2039808 2043904
858 1 1277952 1286144
896 1 2465792 2469888
703 1 0 4096
858 1 1286144 1290240
211 1 1986560 1990656
221 1 483328 491520
211 1 1982464 1986560
140 1 1495040 1507328
140 1 1900544 1904640
133 1 2830336 2842624
559 1 2449408 2490368
53 1 28672 32768
736 1 208896 217088
736 1 217088 221184
219 1 2203648 2236416
945 1 2346496 2350592
985 1 2293760 2297856
945 1 2346496 2350592
981 1 1445888 1449984
981 1 1437696 1441792
748 1 61440 65536
55 1 57344 58368
945 1 2346496 2350592
945 1 2346496 2350592
276 1 2423808 2424832
618 1 1245184 1253376
13 1 2088960 2093056
953 1 1609728 1613824
489 1 176640 177664
154 1 2737664 2738688
976 1 1441792 1445888
521 3 73728 262144 262144 524288 524288 585728
203 1 3014656 3018752
604 1 1101824 1107456
706 1 3076096 3145728
707 2 0 262144 262144 340480
494 2 1826304 1835008 1835008 1924608
494 1 1822208 1826304
42 1 159744 163840
494 2 1928704 2097152 2097152 2227712
135 1 1843200 1847296
397 1 2522624 2526720
948 1 557056 561152
429 1 221184 225280
778 1 2699264 2703360
624 1 790528 794624
624 1 790528 794624
805 1 905216 937984
15 1 1064960 1077248
624 1 790528 794624
24 1 3100672 3112960
4 1 466944 479232
443 1 2396160 2416640
2 1 2564096 2576384
148 1 2887680 2891776
668 1 1142784 1146880
980 1 2015232 2019328
851 1 2002944 2011136
873 1 2994176 3002368
158 1 217088 221184
851 1 2011136 2015232
26 1 708608 724992
873 1 3002368 3006464
987 1 3014656 3018752
158 1 159744 167936
18 1 2646016 2654208
554 1 2797568 2801152
980 1 2043904 2048000
158 1 659456 675840
618 1 557056 561152
980 1 2080768 2084864
158 1 221184 225280
937 1 2322432 2330624
888 1 1572864 1576960
286 1 589824 655360
135 1 1843200 1847296
460 1 1630208 1695744
237 1 1085440 1089536
233 1 2445312 2510848
234 1 1388544 1454080
506 1 876544 880640
515 1 3042816 3046912
506 1 1044480 1048576
967 1 1007616 1011712
6 1 638976 643072
224 1 557056 569344
224 1 561152 565248
491 1 2359296 2424832
163 1 520192 524288
246 1 692224 696320
545 1 1154048 1155072
42 1 2273280 2277376
42 1 2273280 2277376
174 1 3080192 3096576
133 1 2908160 2916352
396 1 2686976 2691072
662 1 917504 921600
827 1 2285568 2289664
348 1 1666048 1668096
827 1 2367488 2371584
24 1 2686976 2691072
414 1 2711552 2715648
980 1 2011136 2027520
133 1 2891776 2895872
133 1 2822144 2826240
405 1 2424832 2425344
0 1 20480 24576
0 1 0 4096
62 3 1507328 1572864 1572864 1835008 1835008 2031616
590 1 831488 839680
734 1 1900544 1966080
142 1 524288 655360
55 1 1941504 2007040
453 1 458752 524288
135 2 258048 262144 262144 270336
142 1 720896 786432
601 1 2670592 2674688
953 1 1609728 1613824
618 1 1253376 1257472
489 1 177664 178688
133 1 2891776 2895872
997 1 1687552 1691648
149 1 102400 114688
140 1 860160 872448
628 1 872448 876544
135 1 1777664 1781760
167 1 1253376 1269760
775 1 1761792 1814528
775 1 2928640 3145728
776 1 0 254464
231 1 1540096 1560576
871 1 1511424 1519616
163 1 1290240 1294336
776 2 254464 262144 262144 307200
167 1 1269760 1290240
776 1 831488 897024
135 1 1843200 1847296
776 1 1093632 1159168
20 1 1835008 1851392
871 1 1519616 1523712
27 1 2781184 2785280
281 1 1753088 1757184
843 1 372736 376832
93 1 4096 8192
33 1 2625536 2630656
399 1 1679360 1687552
166 1 659456 663552
399 1 1687552 1691648
160 1 1269760 1273856
224 1 561152 565248
491 1 2818048 2883584
975 1 2916352 2920448
123 1 827392 831488
517 1 139264 147456
123 1 892928 905216
517 1 147456 151552
242 1 221184 237568
166 1 2912256 2920448
975 1 2916352 2920448
517 1 151552 159744
517 1 159744 163840
975 1 2916352 2920448
517 1 163840 172032
517 1 172032 176128
975 1 2916352 2920448
519 1 745472 761856
680 1 860160 921600
115 1 2736128 2740224
49 1 1601536 1605632
481 1 2269184 2301952
649 1 2969600 2973696
201 1 917504 983040
481 1 2301952 2306048
166 1 1626112 1638400
133 1 2895872 2899968
847 2 2355200 2359296 2359296 2379776
38 1 548864 552960
847 1 2379776 2383872
857 1 1163264 1171456
368 1 2654208 2657792
857 1 1171456 1175552
368 1 28672 32768
368 1 151552 155648
69 1 344064 356352
686 1 274432 278528
204 1 3125248 3129344
21 1 1494528 1527296
141 1 1359872 1376256
30 1 679424 683520
817 1 1085440 1097728
275 1 2572288 2584576
141 1 2031616 2035712
854 2 757760 786432 786432 790528
932 1 241664 245760
21 1 1527296 1531392
34 1 2846720 2850816
435 1 1290240 1294336
836 1 3026944 3031040
301 1 8192 12288
620 1 270336 274432
135 1 1871872 1884160
170 2 425984 524288 524288 557056
435 2 1294336 1310720 1310720 1335296
784 1 1847296 1851392
435 1 1335296 1339392
135 1 1814528 1818624
135 1 1880064 1884160
836 1 3026944 3031040
620 1 270336 274432
784 1 1847296 1851392
435 1 1339392 1368064
600 1 933888 937984
632 2 565248 786432 786432 860160
154 1 1019904 1024000
61 1 2060288 2064384
58 1 1847296 1851392
957 1 2387968 2392064
873 1 1810432 1818624
632 2 983552 1048576 1048576 1114112
154 1 1077248 1081344
873 1 1818624 1822720
632 2 1130496 1310720 1310720 1524224
295 1 2207744 2208256
494 2 2227712 2359296 2359296 2608640
296 1 557056 585728
848 1 118784 122880
848 1 110592 114688
990 1 1937408 1945600
848 1 122880 126976
171 1 61440 65536
634 1 2932736 2940928
440 1 1097728 1146880
160 1 1413120 1417216
440 1 1146880 1150976
813 1 1093632 1097728
234 1 2088960 2093056
234 1 2097152 2158592
135 1 1777664 1781760
303 1 2158592 2162688
495 1 2179072 2211840
135 1 1843200 1847296
567 1 1810432 1814528
567 1 1798144 1802240
736 1 1200128 1204224
995 1 348160 352256
27 1 1957888 1966080
429 1 225280 237568
70 1 1166848 1183232
70 1 753152 769536
780 1 2510848 2514944
70 2 1265152 1310720 1310720 1314304
93 1 2530816 2534912
905 1 3100672 3104768
27 1 1966080 1970176
625 1 3112960 3129344
629 1 40960 90112
654 1 2424832 2441216
578 1 40960 57344
36 1 811008 827392
96 1 798720 815104
647 1 2560000 2609152
694 1 1863680 1867776
506 1 2863104 2871296
133 1 2891776 2899968
506 1 2871296 2875392
133 1 2830336 2834432
694 1 1863680 1867776
133 1 2895872 2899968
591 1 2711552 2715648
810 1 737280 741376
133 1 2830336 2834432
133 1 2895872 2908160
981 3 1688064 1835008 1835008 2097152 2097152 2212352
981 3 2212352 2359296 2359296 2621440 2621440 2736640
981 1 2736640 2879488
981 1 2883584 3145728
982 1 0 16384
982 1 802816 868352
982 1 16384 53760
981 1 2420736 2428928
979 1 1839104 1843200
979 1 1826816 1830912
982 3 53760 262144 262144 524288 524288 578048
982 2 578048 786432 786432 802816
10 1 2129920 2175488
355 1 2797568 2805760
10 1 1908736 2097152
145 1 2625536 2629632
860 1 618496 626688
246 1 1118208 1122304
297 1 73728 77824
68 1 356352 372736
601 2 438272 524288 524288 589824
608 3 720896 786432 786432 1048576 1048576 1171456
149 1 442368 450560
997 1 1691648 1695744
618 1 1257472 1265664
291 1 929792 942080
478 1 282624 286720
13 1 2084864 2088960
135 1 2076672 2080768
633 3 950272 1048576 1048576 1310720 1310720 1474560
31 1 2183168 2191360
69 1 266240 282624
556 1 1536000 1540096
183 1 2678272 2682368
39 1 495616 499712
137 1 2723840 2727936
343 1 3096576 3145728
344 2 0 262144 262144 475136
137 1 2338816 2342912
470 1 2260992 2265088
137 1 1974272 1978368
470 1 2252800 2256896
137 1 3092480 3096576
14 1 450560 454656
352 1 3080192 3145728
353 2 0 262144 262144 458752
353 3 458752 524288 524288 786432 786432 983040
353 2 1507328 1572864 1572864 1765376
353 3 983040 1048576 1048576 1310720 1310720 1507328
353 1 1765376 1769472
353 1 1765376 1769472
91 1 909312 913408
472 1 1155072 1159168
135 1 1777664 1785856
304 1 2285568 2288128
48 1 1572864 1638400
472 1 1404928 1409024
12 1 1740800 1744896
87 1 2752512 2818048
676 1 790528 794624
816 1 2564096 2572288
571 1 2187264 2191360
857 1 2342912 2343936
210 1 2482176 2490368
891 1 1052672 1056768
405 1 1380352 1384448
547 1 2793472 2801664
406 1 1445888 1449984
450 2 1044480 1048576 1048576 1085440
450 1 1085440 1089536
149 1 1122304 1126400
86 1 446464 450560
229 1 1019904 1024000
68 1 880640 897024
726 1 704512 720896
726 1 524288 540672
726 1 491520 507904
506 1 307200 339968
147 1 1208320 1212416
506 1 405504 438272
506 1 356352 389120
394 1 2949120 3014656
860 1 626688 630784
315 1 548352 564736
658 1 97792 101888
91 1 1699840 1716224
84 2 1568768 1572864 1572864 1585152
121 1 274432 290816
532 1 634880 651264
976 1 1441792 1445888
532 1 929792 946176
35 1 2695168 2703360
886 1 2863104 2879488
532 1 1011712 1028096
0 1 339968 344064
628 1 1470464 1474560
224 1 561152 565248
397 1 1556480 1561088
895 1 413696 417792
949 1 626688 630784
761 1 720896 729088
408 3 2064896 2097152 2097152 2359296 2359296 2589184
412 1 2179072 2211840
20 1 2568192 2572288
408 3 2589184 2621440 2621440 2883584 2883584 3113472
838 1 1613824 1622016
838 1 1622016 1626112
408 1 3113472 3145728
409 2 0 262144 262144 492032
669 1 143360 147456
719 1 868352 892928
10 1 927744 928256
719 1 892928 897024
4 1 544768 552960
409 3 492032 524288 524288 786432 786432 1016320
10 1 927744 928768
409 2 1016320 1048576 1048576 1106432
4 1 483328 487424
696 1 262656 263168
234 1 2764800 2768896
241 1 2326016 2342400
559 1 568832 572928
376 1 3100160 3137024
405 1 2633728 2637824
405 1 2428928 2433024
20 1 237568 241664
141 1 1351680 1372160
135 1 1843200 1847296
376 1 3137024 3141120
492 1 131072 196608
217 1 634880 647168
460 1 1695744 1699840
261 1 831488 835584
46 1 311296 315392
47 1 1495040 1499136
775 1 2641920 2646016
47 1 1368064 1372160
833 1 311296 315392
816 1 2293760 2297856
47 1 1392640 1396736
203 1 1630208 1634304
203 1 1638400 1642496
59 2 1470464 1572864 1572864 1597440
481 1 2748416 2749440
769 1 2244608 2248704
566 1 2760704 2764800
93 1 1298432 1302528
157 1 561152 565248
784 2 2605056 2621440 2621440 2637824
55 1 2805760 2826240
55 1 2936832 2940928
154 1 1003520 1007616
158 1 716800 720896
158 1 675840 688128
987 1 3014656 3018752
352 1 1474560 1478656
980 1 1978368 1982464
26 1 724992 745472
174 1 712704 715776
1 1 2338816 2342912
960 1 1757184 1765376
8 1 856064 860160
618 1 557056 561152
790 1 527872 531968
952 1 2613248 2617344
754 1 491520 499712
754 1 499712 503808
335 1 2871296 2875392
401 1 1105920 1110016
392 1 1339392 1343488
256 1 1912832 1925120
133 1 2842624 2846720
133 1 2908160 2912256
582 1 1646592 1650688
133 1 2842624 2846720
305 1 1351680 1352704
166 1 1540096 1552384
133 1 2891776 2895872
108 1 1531904 1552384
594 1 2551808 2572288
906 1 536576 539136
601 1 2060288 2063360
889 1 282624 284672
908 1 475136 479232
709 1 2015232 2018304
709 1 1097728 1100288
154 1 1019904 1024000
719 1 131072 143360
179 1 708608 720896
133 1 2891776 2899968
429 1 237568 241664
167 1 974848 983040
85 1 1875456 1879552
80 1 1437184 1441280
375 1 1118208 1122304
418 1 1204224 1208320
712 1 1761280 1781760
959 1 2188288 2189312
395 1 794624 798720
133 1 2834432 2842624
850 1 2629632 2637824
851 1 2289664 2293760
493 1 2621440 2625536
493 1 2576384 2584576
661 1 2125824 2129920
285 1 2727936 2740224
988 1 98304 221184
162 1 2289664 2293760
334 1 2633216 2634752
988 1 221184 225280
135 1 270336 274432
144 1 2686976 2752512
875 1 2818048 2883584
202 1 3014656 3145728
203 2 0 262144 262144 393216
259 1 319488 323584
203 3 917504 1048576 1048576 1310720 1310720 1441792
203 3 393216 524288 524288 786432 786432 917504
203 3 1441792 1572864 1572864 1835008 1835008 1966080
173 1 307200 315392
124 1 1699840 1703936
254 1 880640 884736
342 1 1286144 1290240
76 1 135168 139264
0 1 196608 200704
237 1 1339392 1343488
37 1 458752 462848
284 1 180224 184320
236 1 2838528 2842624
277 1 1921024 1925120
247 1 937984 942080
145 1 2633728 2641920
980 1 1966080 1974272
731 1 1196032 1204224
15 1 507904 516096
174 1 2891776 2895872
38 1 720896 724992
399 1 1691648 1724416
819 1 512000 516096
53 1 2875392 2879488
836 1 2916352 2920448
621 1 1347584 1351680
521 2 585728 786432 786432 1044480
618 1 1265664 1269760
133 1 2826240 2834432
203 1 3018752 3022848
13 1 2088960 2093056
628 1 872448 876544
203 1 3014656 3018752
29 1 2850816 2854912
545 1 2646016 2650112
29 1 1429504 1433600
261 1 897024 901120
545 1 2514944 2519040
29 1 2105344 2109440
129 1 2203648 2228224
135 1 1777664 1781760
655 1 1048576 1060864
49 1 1589248 1605632
176 1 2949120 2957312
2 1 2830336 2834432
25 1 2076672 2080768
32 1 2981888 2985472
970 1 1752576 1756672
10 2 2241024 2359296 2359296 2400256
25 1 2072576 2076672
648 1 2317824 2321920
282 1 1195520 1199616
928 1 2153984 2162176
302 1 847360 851456
282 1 2461184 2465280
102 1 1228288 1232384
696 1 2948608 2952704
692 1 1293824 1297920
973 1 1416704 1420800
11 1 3063808 3145728
12 1 0 49152
914 1 2153984 2162176
600 1 1351680 1363968
625 1 1314816 1441792
390 1 1056768 1060864
573 1 0 12288
390 1 991232 995328
492 1 851968 917504
93 1 2678784 2682880
160 1 1273856 1286144
55 1 1990656 2007040
447 1 589824 663552
72 1 3031040 3035136
84 1 1859584 1863680
399 1 1724416 1728512
865 1 937984 946176
74 1 53248 57344
429 1 241664 253952
167 1 1441792 1445888
283 1 1646592 1650688
375 1 1126400 1130496
394 1 1380352 1384448
666 1 221184 229376
74 1 65536 69632
865 1 946176 950272
27 1 1970176 2002944
379 1 52736 56832
247 1 1523712 1527808
564 1 2706944 2747904
712 1 2350592 2354688
923 1 2830336 2854912
145 1 2646016 2654208
266 1 1208320 1212416
712 2 2354688 2359296 2359296 2481664
545 1 1154560 1156096
31 1 2191360 2195456
27 1 36352 69120
338 1 454656 462848
932 1 245760 253952
39 1 491520 495616
429 1 3059200 3071488
30 1 2063872 2080256
429 1 2956800 2960896
842 1 2801664 2813952
344 3 1200128 1310720 1310720 1572864 1572864 1724416
273 2 475136 524288 524288 577536
777 1 794624 843776
932 1 2293760 2297856
307 1 2228224 2232320
853 1 2981888 2990080
982 1 1724416 1728512
574 1 143360 147456
719 1 540672 557056
632 3 1524224 1572864 1572864 1835008 1835008 2048512
368 1 2633728 2637824
154 1 1077248 1081344
235 1 888832 892928
201 1 1879552 1883648
201 1 1879552 1883648
33 1 1232896 1236992
615 1 192512 193536
59 1 3002368 3006464
295 1 2781184 2785280
761 1 1794048 1798144
24 1 2682880 2686976
43 1 385024 389120
24 1 1323008 1331200
913 1 1425408 1429504
306 1 2048000 2052096
173 1 1425408 1441792
173 1 1572864 1576960
103 1 1568768 1572864
707 3 340480 524288 524288 786432 786432 864768
417 1 2007040 2015232
398 1 1589248 1597440
506 1 536576 540672
238 1 626688 630784
801 1 2498560 2506752
339 1 1179648 1196032
707 3 864768 1048576 1048576 1310720 1310720 1389056
453 1 1654784 1687552
149 1 1081344 1105920
149 1 1007616 1048576
292 1 1835008 1875968
402 1 1323008 1388544
609 1 1757184 1822720
987 1 3014656 3018752
141 1 2859008 2871296
980 1 2015232 2019328
960 1 1761280 1765376
980 1 2043904 2048000
135 1 1843200 1847296
406 1 2535424 2572288
406 1 2572288 2576384
618 1 557056 561152
980 1 2080768 2084864
987 1 3014656 3018752
632 2 1044480 1048576 1048576 1052672
675 2 1044480 1048576 1048576 1081344
288 1 901120 929792
65 1 2551808 2552320
234 1 2760704 2764800
701 1 1835008 1839104
139 1 49152 65536
994 2 1499136 1572864 1572864 1576960
405 1 2424832 2425344
575 1 2772992 2789376
980 1 2031616 2035712
234 1 2764800 2768896
135 1 1843200 1847296
141 1 1351680 1372160
83 1 1212416 1245184
858 1 2080768 2088960
84 1 1638400 1687552
123 1 864256 868352
135 2 1302528 1310720 1310720 1323008
123 1 790528 794624
126 1 1048576 1052672
314 1 462848 466944
353 1 512000 520192
875 1 2940928 2957312
294 1 1507328 1572864
183 1 368640 385024
994 1 1368064 1372160
208 1 957952 962048
154 1 1252864 1256960
32 1 430080 442368
779 1 712704 716800
784 1 2605056 2609152
224 1 561152 565248
224 1 561152 569344
142 1 557056 577536
224 1 565248 569344
521 1 1110016 1114112
320 1 2539520 2543616
504 1 430080 458752
618 1 1269760 1282048
88 1 901120 905216
571 1 2363392 2387968
854 1 942080 950272
63 1 2940416 2956800
63 1 2956800 2960896
793 1 978432 982528
5 1 1462272 1466368
35 1 2527232 2531328
364 1 2854912 2859008
35 1 2531328 2535424
35 1 2527232 2531328
364 1 2854912 2859008
35 1 2531328 2535424
35 1 2527232 2531328
364 1 2854912 2859008
35 1 2531328 2535424
281 1 1056768 1060864
955 1 1097728 1101824
934 1 2191360 2203648
934 1 2207744 2211840
229 1 507904 512000
977 1 2076672 2080768
71 1 1081344 1085440
227 1 2117632 2121728
56 1 188416 192512
199 1 2973696 2977792
229 1 442368 446464
225 1 2666496 2678784
225 1 2740224 2744320
32 1 946176 950272
429 1 253952 258048
661 1 2031616 2035712
27 1 2002944 2007040
614 1 3010560 3014656
492 1 1310720 1376256
573 1 12288 16384
492 1 1835008 1900544
259 1 3084288 3087360
135 1 1847296 1851392
135 1 1781760 1785856
808 1 2781184 2785280
279 1 2560000 2568192
135 1 1847296 1851392
142 1 1933312 1941504
597 1 1613824 1622016
135 1 1781760 1785856
135 1 1847296 1851392
819 1 2191360 2195456
135 1 1781760 1785856
595 1 1470464 1478656
981 1 401408 405504
135 1 1847296 1855488
396 1 503808 507904
625 2 1572864 1835008 1835008 1916928
600 1 454656 462848
625 1 2043904 2056192
625 2 2093056 2097152 2097152 2101248
313 1 339968 376832
313 1 376832 380928
204 1 2928640 2932736
204 1 1310720 1311232
204 1 1311232 1311744
204 1 1311744 1315840
204 1 1315840 1319936
203 1 3014656 3018752
169 1 323584 327680
160 1 257536 261632
204 1 2932736 2933248
203 1 3018752 3022848
204 1 2936832 2940928
204 1 2945024 2949120
203 1 3014656 3018752
204 1 2932736 2933248
203 1 3018752 3022848
204 1 1933312 1933824
980 1 1978368 1982464
120 1 1945600 1953792
686 1 44544 48640
686 1 421376 425472
909 1 790016 794112
302 1 69120 73216
851 1 2719744 2727936
692 1 1297920 1302016
69 1 188416 192512
102 1 1232384 1236480
423 1 2289664 2293248
689 1 2952704 2956800
841 1 909312 917504
841 1 917504 921600
67 1 2375680 2379776
853 1 774144 782336
854 1 245760 249856
140 1 995328 1015808
242 1 237568 241664
517 1 176128 184320
242 1 458752 462848
242 1 851968 864256
519 1 761856 765952
517 1 184320 188416
166 1 2859008 2863104
975 1 2916352 2920448
697 1 2109440 2113536
517 1 188416 196608
517 1 196608 200704
975 1 2916352 2920448
517 1 200704 208896
517 1 208896 212992
202 1 1327104 1331200
360 1 884736 888832
140 1 737280 753664
133 1 2830336 2842624
61 1 2002944 2011136
133 1 2899968 2912256
133 1 2891776 2895872
61 1 2146304 2150400
932 1 253952 258048
141 1 1458176 1466368
30 1 679424 683520
141 1 1421312 1425408
29 1 1798144 1806336
273 2 581632 786432 786432 999424
133 1 2891776 2899968
135 1 1843200 1847296
247 1 1531904 1536000
712 1 2481664 2485760
564 1 2747904 2752000
286 1 561152 562688
436 1 1089536 1097728
858 1 2015232 2023424
862 1 2981888 2990080
133 1 2891776 2912256
274 1 614400 618496
236 1 299008 303104
562 1 1527808 1548288
735 1 471040 473600
562 2 1548288 1572864 1572864 1654784
562 1 1654784 1658880
59 1 1593344 1597440
562 1 1658880 1671168
562 1 1671168 1675264
161 2 727040 786432 786432 792576
804 1 2264576 2285056
413 1 573440 577536
429 1 1896448 1900544
441 1 2179072 2183168
941 1 872448 876544
473 1 1802240 1810432
858 1 2088960 2093056
463 1 1232896 1241088
224 1 565248 569344
791 1 438272 442368
170 1 2445312 2449408
121 1 593920 602112
618 1 557056 565248
108 1 1708032 1721344
621 1 1183744 1191936
107 1 741376 745472
525 1 3096576 3100672
621 1 1191936 1196032
123 1 905216 909312
847 1 1462272 1470464
292 1 1875968 1880064
955 1 1191936 1204224
170 1 557056 573440
548 1 2744320 2748416
40 1 643072 651264
334 1 2498560 2506752
250 1 3047424 3051520
549 1 2723840 2727936
445 1 1863680 1908736
707 2 1389056 1572864 1572864 1655296
165 1 839680 856064
631 1 2068480 2097152
847 1 1470464 1474560
619 1 1613824 1617920
657 2 761856 786432 786432 802816
58 1 3141632 3145728
59 1 0 20480
10 1 2580480 2584576
655 1 1056768 1069056
2 1 2895872 2899968
135 1 1843200 1847296
300 1 2576384 2580480
10 1 2510848 2514944
2 1 2830336 2834432
141 1 1269760 1290240
135 1 1843200 1855488
2 1 2895872 2899968
166 1 1624064 1624576
135 1 1777664 1789952
980 1 1966080 1974272
141 1 1372160 1376256
844 1 348160 356352
247 1 1048576 1052672
181 1 69632 77824
141 1 2293760 2301952
668 1 1449984 1482752
844 1 356352 360448
980 1 2035712 2039808
135 1 1777664 1781760
847 1 3072000 3080192
467 1 1388544 1396736
24 1 2285568 2289664
196 1 2596352 2600448
196 1 2289152 2293248
196 1 2514432 2518528
196 1 3018240 3022336
196 1 3034624 3038720
197 1 7680 11776
197 1 138752 142848
197 1 249344 253440
197 1 273920 278016
197 1 1220096 1224192
945 1 2346496 2354688
201 1 1879552 1887744
559 1 2555904 2576384
175 1 782336 786432
559 1 2576384 2580480
175 1 1441792 1454080
135 1 1843200 1851392
140 1 1904640 1925120
663 1 221184 225280
175 1 847872 851968
175 1 1454080 1458176
175 1 1179648 1191936
140 1 1454080 1474560
925 1 1125888 1129984
72 1 3051520 3055616
93 1 1073152 1077248
980 1 2002944 2011136
399 1 1728512 1736704
157 1 565248 569344
447 1 663552 667648
521 3 1126400 1310720 1310720 1572864 1572864 1646592
365 1 1363968 1368064
140 1 872448 880640
154 1 2797568 2807296
554 1 2863104 2867200
618 1 1282048 1286144
669 3 819712 1048576 1048576 1310720 1310720 1344000
668 1 1327104 1331200
421 1 221184 229376
369 1 1265664 1273856
429 2 258048 262144 262144 270336
159 1 1572864 1585152
721 1 1708032 1712128
712 1 1761280 1765376
208 1 815104 823296
44 1 2383872 2433024
159 1 1597440 1601536
875 1 708608 712704
45 1 2891776 2895872
483 1 2572288 2576384
103 1 2998272 3010560
428 1 2400256 2404352
611 1 2686976 2691072
540 1 311296 315392
611 1 2674688 2678784
103 1 3006464 3010560
383 1 1765376 1802240
383 1 1802240 1806336
846 1 1220608 1228800
846 1 1228800 1232896
295 1 901120 905216
419 1 1646592 1648128
135 1 1814528 1818624
435 1 1368064 1372160
135 1 1880064 1884160
784 1 1847296 1851392
135 1 1814528 1818624
135 1 1880064 1884160
784 1 1847296 1851392
135 1 1814528 1822720
75 1 1556480 1560576
163 1 458752 475136
213 1 98304 131072
135 1 1884160 1888256
213 1 131072 135168
784 1 1847296 1851392
600 1 1110016 1114112
600 1 2772992 2838528
621 1 2007040 2023424
286 1 1506816 1510912
539 1 687616 691712
492 1 2293760 2359296
493 1 524288 589824
493 1 983040 1048576
886 1 2568192 2572288
755 1 2231808 2235904
147 1 1265664 1273856
976 1 1445888 1449984
858 1 2023424 2027520
862 1 2990080 2994176
517 1 1204224 1253376
135 1 1773568 1777664
994 1 278016 282112
994 1 282112 318976
138 1 782336 786432
391 1 741376 743424
391 1 659456 663552
113 1 2360832 2361344
4 1 548864 552960
409 1 1106432 1114112
963 1 1880064 1881088
173 1 1392640 1409024
276 1 1404928 1407488
133 1 2891776 2895872
409 2 1118208 1310720 1310720 1544704
10 1 928256 928768
409 3 1544704 1572864 1572864 1835008 1835008 2003456
30 1 679424 683520
135 1 1777664 1781760
665 1 884736 888832
21 1 1531392 1543680
564 1 155648 159744
840 1 3092480 3112960
327 1 1081344 1105920
56 1 1802240 1806336
47 1 1576960 1581056
70 1 753664 765952
13 1 1531904 1536000
954 2 2600960 2621440 2621440 2650112
954 1 2654208 2736128
955 2 245760 262144 262144 389632
955 1 586240 638976
1 2 2543616 2621440 2621440 2740224
310 1 1601536 1605632
2 2 249856 262144 262144 380928
15 1 983040 1003520
2 1 708608 774144
2 1 1691648 1757184
2 2 2084864 2097152 2097152 2097664
2 1 2097664 2150400
2 1 2740224 2805760
3 1 188416 253952
18 1 2850816 2854912
965 1 729088 737280
883 1 917504 925696
872 1 1531904 1536000
511 1 2301952 2310144
928 1 2076672 2084864
929 1 1355776 1363968
20 1 151552 159744
966 1 512000 516096
897 1 2666496 2670592
18 1 2924544 2928640
966 1 1961984 1966080
538 1 651264 671744
975 1 2916352 2920448
966 1 1961984 1966080
517 1 212992 221184
366 1 2674688 2678784
366 1 2678784 2727936
517 1 221184 225280
174 1 303104 307200
9 1 3092480 3096576
854 1 950272 954368
0 1 196608 204800
304 1 1327104 1359872
25 1 1126400 1130496
27 1 524288 528384
27 1 655360 663552
25 1 1056768 1069056
991 1 3047424 3051520
183 1 868352 872448
991 1 1302528 1306624
991 1 2793472 2797568
632 3 2048512 2097152 2097152 2359296 2359296 2572800
60 1 2998272 3014656
26 1 2580480 2584576
50 1 835584 851968
707 2 1655296 1835008 1835008 1913344
498 1 2908160 2973696
259 2 2850816 2883584 2883584 2945024
886 1 655360 659456
95 1 2121728 2125824
376 1 1728512 1777664
625 1 3063808 3104768
66 1 1982464 1986560
415 1 1384448 1572864
365 1 2801664 2805760
955 1 1728512 1740800
365 1 1544192 1548288
758 1 1638400 1642496
657 1 2637824 2703360
445 1 2039808 2048000
296 1 585728 589824
168 1 1536000 1552384
658 1 2396160 2461696
755 1 2252800 2265088
123 1 839680 843776
721 1 2453504 2465792
3 1 1404928 1409024
396 2 512000 524288 524288 552960
396 1 557056 581632
396 1 802816 815104
135 1 1785856 1789952
141 1 1179648 1183744
396 2 585728 786432 786432 794624
141 1 1183744 1196032
396 1 819200 1024000
135 1 1851392 1855488
334 1 831488 835584
210 1 966656 970752
257 1 1138688 1155072
246 1 749568 757760
246 1 1425408 1441792
353 1 270336 278528
651 1 1363968 1368064
27 1 2007040 2015232
429 1 270336 274432
426 1 1675264 1683456
184 1 1716224 1720320
905 1 3121152 3125248
669 1 1344000 1376256
442 2 2330624 2359296 2359296 2396160
329 1 2523136 2527232
27 1 2015232 2019328
0 1 421888 438272
61 1 2146304 2154496
228 1 965632 966144
133 1 2826240 2838528
61 1 2158592 2162688
640 1 1810432 1811456
638 1 3051520 3055616
22 1 815104 819200
865 1 2830336 2838528
61 1 2146304 2150400
227 1 767488 768000
140 1 753664 774144
288 1 929792 933888
590 1 835584 839680
675 1 1081344 1085440
65 1 2552320 2568192
213 1 262144 327680
74 1 102400 105984
135 1 274432 286720
144 1 2818048 2883584
313 1 442368 446464
699 1 2424832 2490368
699 1 3014656 3080192
12 1 1835008 1851392
700 1 458752 524288
869 1 2486272 2494464
700 1 1052672 1118208
869 1 2494464 2498560
700 1 2166784 2177024
12 1 1851392 1871872
5 1 1536000 1540096
234 1 3121152 3129344
17 1 2953216 2957312
17 1 2928640 2932736
461 1 1048576 1052672
203 1 3014656 3018752
307 1 2232320 2240512
307 1 2244608 2260992
503 1 1208320 1212416
666 1 2834432 2838528
307 1 2392064 2506752
307 1 2506752 2510848
502 1 1978880 1979392
315 1 564736 577024
133 1 2842624 2863104
315 1 519680 523776
545 1 1155584 1156096
297 1 73728 77824
976 1 1441792 1445888
230 2 2588672 2621440 2621440 2674688
517 1 1318912 1323008
712 1 2485760 2489856
244 1 774144 778240
712 1 2489856 2530816
353 1 647168 651264
352 1 1527808 1552384
353 1 110592 114688
353 1 466944 475136
928 1 1708032 1712128
246 1 2412544 2424832
353 1 1208320 1224704
353 1 1679360 1683456
252 1 8192 12288
352 1 2740224 2748416
353 1 847872 860160
353 1 172032 208896
353 1 602112 610304
353 1 929792 946176
352 1 2596864 2621440
352 1 2949120 2953216
739 1 1007616 1011712
353 1 1646592 1650688
353 1 1343488 1351680
353 1 1724416 1728512
980 1 2015232 2023424
834 1 2646016 2654208
834 1 2654208 2658304
382 1 1146880 1148416
618 1 561152 565248
790 1 527872 531968
256 1 1925120 1929216
914 1 1146880 1179648
181 1 2097152 2113536
133 1 2895872 2899968
159 1 528384 530432
203 1 3018752 3022848
127 1 2830336 2834432
13 1 2084864 2088960
403 1 638976 647168
554 1 2904064 2912256
831 1 233472 237568
621 1 1507328 1519616
600 1 933888 966656
600 1 1114112 1138688
340 3 159744 262144 262144 524288 524288 679936
21 1 1543680 1547776
932 2 258048 262144 262144 274432
441 1 1261568 1265664
932 1 335872 356352
37 1 1715712 1719808
304 1 1777664 1781760
300 1 2576384 2580480
28 1 2330624 2338816
668 1 1949696 1953792
649 1 2428928 2433024
537 1 2420736 2424832
205 1 2322432 2338816
135 1 1785856 1789952
2 1 2830336 2838528
2 1 2899968 2904064
135 1 1851392 1855488
304 1 1777664 1781760
537 1 2420736 2445312
932 1 1187840 1245184
135 1 1785856 1789952
994 1 318976 323072
221 1 3010560 3014656
994 1 323072 327168
222 1 94208 110592
138 1 839680 851968
804 1 2285056 2289152
804 1 2338304 2354688
804 1 2289152 2334208
135 1 1802240 1806336
167 1 1437696 1441792
167 1 1835008 1847296
224 1 565248 569344
857 1 1667072 1675264
224 1 565248 569344
224 1 569344 577536
224 1 569344 573440
212 1 729088 749568
152 1 2314240 2318336
948 1 2990080 2990592
1 1 1060864 1064960
382 1 3117568 3118080
879 1 1130496 1134592
354 1 1982464 1986560
696 1 802816 806912
214 1 151552 155648
135 1 1843200 1847296
429 1 331776 344064
442 1 2396160 2400256
329 1 2547712 2551808
45 1 475136 479232
287 1 2764800 2768896
348 1 1668096 1670144
24 1 2686976 2691072
669 3 1425408 1572864 1572864 1835008 1835008 1917440
140 1 2191360 2195456
665 1 397312 401408
100 1 1302528 1306624
399 1 1736704 1740800
521 1 1646592 1683456
403 1 647168 651264
352 1 2826240 2834432
352 1 3125248 3145728
353 1 0 12288
928 1 1712128 1716224
784 1 843776 847872
938 1 2367488 2371584
246 1 1572864 1581056
566 1 884736 888832
741 1 12288 16384
739 1 1007616 1011712
784 1 847872 851968
784 1 851968 860160
246 1 1404928 1409024
352 1 2428928 2433024
353 1 901120 905216
352 1 2723840 2727936
353 1 327680 339968
353 1 970752 983040
353 1 393216 413696
353 1 1273856 1282048
352 1 1654784 1662976
493 1 1376256 1441792
613 1 3072000 3073024
26 1 2514944 2527232
632 3 2572800 2621440 2621440 2883584 2883584 3097088
234 2 2351104 2359296 2359296 2392064
476 1 2818048 2822144
719 1 290816 294912
12 2 704512 786432 786432 938496
88 1 2514432 2612736
89 1 404992 450048
851 1 2727936 2732032
508 1 2060288 2088960
176 1 1175552 1179648
12 3 938496 1048576 1048576 1310720 1310720 1462784
27 1 671744 675840
760 1 1564672 1568768
304 1 307200 315392
304 1 1019904 1032192
155 1 2359296 2359808
877 1 2174976 2179072
155 1 2359808 2360320
878 1 790528 794624
468 1 319488 339968
155 1 2360320 2363392
155 1 2465792 2466816
468 1 339968 344064
155 1 2466816 2469888
155 1 2531328 2532352
980 1 2035712 2039808
266 1 1208320 1212416
840 1 1540096 1544192
712 1 2530816 2534912
976 1 1445888 1449984
230 1 2674688 2678784
133 1 2924544 2928640
132 1 503808 507904
131 2 1044480 1048576 1048576 1089536
694 1 1994752 1998848
133 1 2838528 2842624
133 1 2904064 2908160
694 1 1994752 1998848
133 1 2838528 2842624
591 1 2711552 2715648
407 3 1217024 1310720 1310720 1572864 1572864 1589248
231 1 667648 671744
133 1 2904064 2912256
408 2 495616 524288 524288 647680
477 1 593920 598016
555 1 405504 407040
408 3 647680 786432 786432 1048576 1048576 1085440
412 2 1540096 1572864 1572864 1626624
47 1 1568768 1572864
135 1 1323008 1335296
473 1 1806336 1810432
845 1 3026944 3035136
327 1 1105920 1110016
845 1 3035136 3039232
26 1 880640 897024
4 1 483328 487424
844 1 3006464 3014656
4 1 548864 552960
844 1 3014656 3018752
409 3 2068992 2097152 2097152 2359296 2359296 2593280
10 1 928256 929280
141 1 1327104 1335296
141 1 1290240 1294336
2 1 2834432 2842624
937 1 2322432 2330624
135 1 1777664 1781760
990 1 1040384 1044480
705 1 1384448 1441792
888 1 1572864 1581056
813 1 1093632 1097728
237 1 1085440 1089536
234 1 2088960 2093056
460 1 1699840 1732608
234 1 2097152 2158592
261 1 831488 835584
233 1 2445312 2510848
224 1 569344 573440
167 1 1568768 1572864
167 1 1847296 1851392
962 1 1327104 1330176
167 1 2097152 2109440
857 1 1675264 1679360
843 1 479232 483328
33 1 2637824 2643456
779 1 712704 716800
608 1 2355200 2359296
600 1 974848 983040
342 1 1536000 1540096
600 1 1310720 1318912
648 1 3080192 3096576
852 1 2240000 2244096
573 2 249344 262144 262144 310784
648 1 2658304 2666496
827 1 2289664 2293760
427 1 1036288 1040384
101 1 647168 651264
827 1 2363392 2367488
606 1 135168 143360
721 1 516096 520192
106 1 225280 241664
135 1 1769472 1773568
27 1 2019328 2027520
9 1 3088384 3092480
643 1 1269760 1273856
3 1 581632 647168
15 1 1003520 1015808
3 1 1171456 1236992
661 1 77312 85504
378 1 2170368 2174464
378 1 2174464 2190848
3 1 1892352 1957888
661 1 81408 85504
695 1 2326016 2334208
903 1 1052160 1056256
698 1 2133504 2145792
903 1 1056256 1072640
926 1 2436608 2448896
4 1 978944 1044480
4 1 1634304 1699840
353 1 61440 69632
246 1 1204224 1245184
352 1 2568192 2576384
352 1 2908160 2912256
353 1 446464 454656
353 1 786432 790528
356 1 1048576 1052672
353 1 618496 626688
353 1 995328 1003520
353 1 561152 569344
353 1 950272 958464
353 1 1417216 1433600
246 1 716800 745472
246 1 770048 782336
353 1 1736704 1740800
353 1 1466368 1470464
356 1 1052672 1105920
352 1 2473984 2478080
353 1 888832 897024
206 1 24576 61440
352 1 2412544 2416640
385 1 2555904 2576384
493 1 1966080 2031616
846 1 593920 602112
87 1 1310720 1376256
846 1 602112 606208
803 1 790528 794624
539 1 1675264 1676288
70 1 745472 765952
48 1 471040 475136
70 1 765952 778240
234 1 2392064 2396160
632 1 3097088 3145728
633 2 0 262144 262144 475648
60 1 3014656 3035136
182 1 2502656 2519040
135 1 1818624 1822720
135 1 1884160 1888256
18 1 376832 380928
784 1 1847296 1851392
809 1 73728 77824
450 1 2338816 2342912
809 1 237568 245760
809 1 253952 258048
810 1 2248704 2265088
810 1 2289664 2297856
810 1 2457600 2461696
810 1 2506752 2514944
394 1 2932736 2936832
810 1 2957312 2961408
810 1 2781184 2793472
810 1 3051520 3055616
927 1 163840 167936
811 1 49152 53248
701 1 1835008 1839104
980 1 1970176 1986560
141 1 1372160 1376256
141 1 2228224 2236416
871 1 2588672 2596864
1 1 737792 738304
871 1 2596864 2600960
141 1 2236416 2252800
228 1 1015808 1048576
701 1 1835008 1839104
856 1 2568192 2576384
141 1 2793472 2813952
141 1 2813952 2818048
142 1 131072 139264
996 1 1916928 1921024
988 1 2424832 2428928
988 1 2416640 2420736
178 1 2224128 2225664
179 1 561152 562688
34 1 3006464 3014656
295 1 393216 417792
291 1 942080 950272
10 1 3112960 3117056
521 3 1687552 1835008 1835008 2097152 2097152 2174976
133 1 2830336 2838528
181 1 1134592 1146880
203 1 3014656 3018752
181 1 1130496 1134592
616 1 1019904 1036288
179 1 1261568 1265664
353 1 1253376 1261568
353 1 1327104 1339392
352 1 1998848 2002944
257 1 1081344 1097728
353 1 1077248 1105920
353 1 1531904 1540096
352 1 2633728 2658304
352 1 2691072 2699264
356 1 1105920 1110016
352 1 2785280 2793472
352 1 2895872 2899968
352 1 2883584 2887680
352 1 2924544 2928640
353 1 229376 237568
353 1 364544 372736
353 1 28672 49152
994 1 327168 364032
994 1 364032 368128
804 1 2285056 2301440
804 2 2354688 2359296 2359296 2387456
531 1 839680 843776
536 1 425984 434176
665 1 2768896 2770944
821 1 2350592 2354688
45 1 3014656 3018752
468 1 1105920 1110016
131 1 2359296 2379776
756 1 1779712 1781248
468 1 1118208 1122304
681 1 2957312 2961408
132 1 561152 569344
297 1 73728 81920
162 1 1970176 1974272
231 1 397312 401408
4 1 483328 487424
948 1 753664 757760
660 1 2785280 2787328
10 1 928768 929792
11 1 880640 897024
409 3 2593280 2621440 2621440 2883584 2883584 3117568
381 2 1568768 1572864 1572864 1687552
30 1 679424 683520
575 1 2444800 2448896
932 1 356352 360448
21 1 1547776 1564160
8 1 2752512 2818048
978 1 708608 733184
980 1 2084864 2088960
976 1 1441792 1445888
618 1 561152 565248
318 1 1691648 1724416
980 1 2019328 2023424
994 1 368128 392704
427 1 1019904 1024000
427 2 1040384 1048576 1048576 1052672
743 1 1822720 1826816
771 1 2113536 2117632
865 1 872448 880640
27 1 2027520 2031616
348 1 1670144 1677312
865 1 880640 884736
654 1 667648 675840
685 1 1167360 1171456
671 1 1543680 1547776
639 1 2772480 2776576
535 1 1204224 1236992
642 1 2960896 2964992
535 1 1236992 1241088
48 1 1912832 1929216
886 1 655360 659456
376 1 1777664 1781760
659 1 1097728 1163264
707 3 1913344 2097152 2097152 2359296 2359296 2437632
660 1 839680 905216
842 1 110592 118784
655 1 2539520 2584576
587 1 2744320 2768896
690 1 233472 249856
6 1 872448 897024
825 1 851968 876544
993 1 77824 102400
415 1 1572864 1703936
770 2 991232 1048576 1048576 1212416
707 3 2437632 2621440 2621440 2883584 2883584 2961920
517 1 3022848 3043328
927 1 135168 139264
58 1 204800 208896
972 1 1310720 1314816
135 1 1818624 1822720
553 1 397312 401408
530 1 2826240 2830336
527 1 1531904 1536000
580 1 45056 49152
494 1 389120 393216
530 1 552960 561152
531 1 2863104 2867200
530 1 1667072 1671168
580 1 1650688 1654784
596 1 2314240 2318336
596 1 2396160 2400256
596 1 1622016 1626112
596 1 2646016 2650112
596 1 2609152 2613248
597 1 385024 389120
597 1 53248 57344
173 1 307200 311296
184 2 1556480 1572864 1572864 1703936
186 3 2433024 2621440 2621440 2883584 2883584 2957312
55 1 2187264 2191360
186 1 2957312 3145728
187 2 0 262144 262144 335872
55 1 1966080 1969152
135 1 286720 290816
74 1 105984 110080
675 1 1085440 1093632
187 2 835584 1048576 1048576 1114112
187 3 335872 524288 524288 786432 786432 835584
193 3 1245184 1310720 1310720 1572864 1572864 1691648
144 1 2949120 3014656
140 1 1474560 1486848
805 2 737280 786432 786432 819200
50 1 1474560 1478656
419 1 3055616 3059712
438 1 1818624 1822720
891 1 2162688 2187264
945 1 2350592 2354688
201 1 1883648 1887744
985 2 2060288 2097152 2097152 2109440
452 2 2842624 2883584 2883584 2916352
847 1 2162688 2170880
270 1 1900544 1966080
572 1 2179072 2211840
271 1 2887680 3018752
847 1 2170880 2174976
353 3 851968 1048576 1048576 1310720 1310720 1376256
945 1 2350592 2354688
945 1 2350592 2354688
988 1 2424832 2428928
234 1 1388544 1454080
706 1 1703936 1720320
320 1 2232320 2242048
261 1 1044480 1048576
133 1 2826240 2834432
460 1 1732608 1736704
988 1 2416640 2420736
453 2 2523136 2621440 2621440 2629632
985 1 1392640 1433600
453 3 1474560 1572864 1572864 1835008 1835008 1998848
135 1 1851392 1859584
991 1 2031616 2032640
995 1 1986560 2052096
705 1 1384448 1388544
985 1 1433600 1441792
83 1 1929216 1933312
987 1 3014656 3022848
338 1 1855488 1859584
573 1 310784 314880
625 1 2142208 2215936
626 2 1388544 1572864 1572864 1617920
600 1 1462272 1478656
353 1 483328 491520
353 1 880640 884736
353 1 827392 831488
353 1 499712 507904
353 1 1294336 1306624
353 1 1400832 1413120
353 1 1052672 1056768
445 1 1777664 1780224
693 1 663552 667648
353 1 1314816 1323008
693 1 667648 679936
739 1 1007616 1011712
353 1 16384 24576
352 1 2703360 2707456
352 1 2203648 2211840
353 1 700416 708608
257 1 1245184 1273856
353 1 1167360 1179648
352 1 2973696 2977792
352 1 2846720 2854912
385 1 2576384 2580480
493 1 2555904 2621440
224 1 569344 573440
224 1 569344 573440
80 1 3137536 3141632
80 1 3088384 3092480
34 1 2240512 2244608
698 2 2006528 2097152 2097152 2158080
657 1 3104768 3145728
658 1 0 208896
30 1 679424 683520
160 1 1286144 1290240
327 1 1523712 1527808
216 1 1110016 1114112
232 1 360448 364544
994 1 392704 396800
328 1 503808 507904
740 1 1851392 1855488
450 1 1478656 1483264
856 1 2748416 2756608
856 1 2756608 2760704
75 1 1216000 1220096
869 2 1036288 1048576 1048576 1069056
279 1 2473984 2478080
13 1 1380352 1384448
245 1 339968 344064
847 1 3080192 3084288
801 1 2695168 2699264
13 1 1380352 1384448
801 1 2699264 2715648
801 1 2715648 2719744
368 1 73728 77824
11 1 2805760 2818048
710 1 655360 696320
173 1 1576960 1589248
865 1 2838528 2842624
275 1 180224 192512
22 1 880640 884736
133 1 2904064 2908160
275 1 192512 196608
392 1 2781184 2785280
0 1 438272 458752
133 1 2899968 2908160
528 1 1839104 1859584
0 1 204800 212992
980 1 2043904 2048000
685 1 1323008 1372160
270 1 2162688 2164736
618 1 561152 565248
791 1 2789376 2793472
75 1 2908160 2916352
980 1 1970176 1982464
338 1 282624 286720
791 1 2801664 2809856
550 1 1122304 1126400
405 1 1007616 1011712
633 3 475648 524288 524288 786432 786432 999936
102 1 1077248 1093632
48 1 409600 417792
140 1 880640 888832
403 1 651264 659456
13 1 2088960 2093056
133 1 2826240 2830336
133 1 2899968 2904064
521 3 2174976 2359296 2359296 2621440 2621440 2699264
403 1 659456 663552
980 1 2072576 2076672
121 1 1634304 1638400
818 1 2076672 2080256
972 1 1138688 1142784
281 1 1753088 1757184
967 1 2699264 2711552
21 1 1314816 1318912
972 1 1081344 1085440
980 1 2048000 2064384
856 1 2576384 2580480
415 1 294912 299008
820 1 1220608 1286144
980 1 1994752 2002944
415 1 376832 380928
247 1 1634304 1638400
598 1 548864 557056
598 1 557056 561152
374 1 2195456 2351104
155 1 2924544 2925056
628 1 1474560 1478656
374 1 2351104 2355200
427 1 1052672 1056768
844 1 2281472 2289664
376 1 1019904 1020928
348 1 1677312 1690112
743 1 675840 679936
669 3 1917440 2097152 2097152 2359296 2359296 2441728
844 1 2289664 2293760
849 1 3141632 3145728
712 1 1781760 1806336
376 1 1020928 1021440
427 1 1056768 1069056
861 1 2547712 2555904
493 1 3014656 3080192
352 1 2220032 2228224
257 1 1175552 1179648
353 1 1110016 1114112
353 1 712704 720896
353 1 286720 299008
353 1 1286144 1290240
353 1 352256 356352
352 1 3059712 3096576
353 1 1376256 1380352
246 1 1601536 1609728
246 1 1593344 1597440
353 1 745472 749568
352 1 2957312 2961408
246 1 1613824 1622016
352 1 1642496 1646592
356 1 1110016 1114112
356 1 1114112 1134592
808 1 2785280 2789376
353 1 921600 925696
333 1 3014656 3018752
56 1 1171456 1176576
354 1 462848 466432
204 1 1097728 1101824
382 1 1146880 1150464
980 1 2084864 2088960
961 1 425984 430080
857 1 2240512 2244608
367 1 2338816 2359296
367 1 2359296 2363392
975 1 2916352 2920448
517 1 225280 233472
517 1 233472 237568
975 1 2916352 2920448
517 1 237568 245760
511 1 2240512 2244608
517 1 245760 249856
511 1 2306048 2310144
975 1 2916352 2920448
511 1 2240512 2244608
517 1 249856 258048
197 1 2424832 2445312
133 1 2826240 2834432
250 2 2875392 2883584 2883584 2904064
556 1 1536000 1544192
840 1 3092480 3096576
21 1 1564160 1568256
698 1 2158080 2162176
657 1 2293760 2355200
381 2 2736128 2883584 2883584 3072000
997 1 1908736 1912832
940 1 2146304 2150400
657 2 1286144 1310720 1310720 1495040
891 1 2187264 2191360
626 1 1155072 1179648
623 1 2162688 2220032
862 1 2265088 2273280
891 1 2191360 2199552
12 1 1937408 1991168
853 1 274432 282624
12 3 1462784 1572864 1572864 1835008 1835008 1933312
324 1 2043392 2050048
853 1 282624 286720
12 3 1991168 2097152 2097152 2359296 2359296 2515456
176 1 1101824 1105920
353 1 102400 106496
353 1 733184 737280
246 1 1392640 1396736
353 1 77824 81920
353 1 1060864 1073152
246 1 2375680 2383872
352 1 2232320 2281472
257 1 1232896 1241088
246 1 679936 684032
353 1 1044480 1048576
352 1 2985984 2998272
246 1 303104 307200
353 1 1126400 1130496
352 1 2396160 2400256
246 1 1585152 1589248
356 1 1134592 1138688
353 1 315392 319488
352 1 2531328 2535424
352 1 2416640 2424832
352 1 2670592 2686976
453 3 1998848 2097152 2097152 2359296 2359296 2523136
437 1 2048000 2052096
133 1 2895872 2899968
985 1 1441792 1445888
434 1 1437696 1445888
537 1 2441216 2449408
600 1 225280 229376
2 1 2904064 2908160
655 1 2240512 2244608
295 1 843776 847872
434 1 1445888 1449984
655 1 2252800 2256896
691 1 1540096 1544192
858 1 1896448 1904640
399 1 1740800 1744896
160 1 1290240 1294336
779 1 712704 720896
858 1 1904640 1908736
695 1 1122304 1134592
399 1 1810432 1814528
406 2 1703936 1835008 1835008 1871872
432 1 131072 172032
310 1 2887680 2899968
335 1 90112 98304
316 1 1400832 1421312
392 1 2502656 2506752
406 1 1871872 1875968
747 1 966656 983040
133 1 2826240 2830336
392 1 2748416 2752512
222 1 110592 122880
188 3 327680 524288 524288 786432 786432 851968
74 1 110080 114176
188 3 1376256 1572864 1572864 1835008 1835008 1900544
188 3 1900544 2097152 2097152 2359296 2359296 2424832
187 1 2949120 3145728
188 2 0 262144 262144 327680
67 1 1572864 1581056
184 1 200704 204800
948 1 1585152 1589248
494 1 327680 393216
310 1 2793472 2797568
25 1 2256896 2260992
25 1 3096576 3100672
26 1 729088 733184
239 1 1560576 1564672
35 1 876544 880640
269 1 1224704 1228800
269 1 1236992 1241088
174 1 1372160 1376256
269 1 1368064 1372160
503 1 2113536 2117632
870 1 1544192 1552384
297 1 77824 81920
218 1 888832 892928
980 1 2043904 2048000
870 1 1552384 1556480
133 1 2859008 2863104
545 1 1155584 1157120
394 1 2957312 2965504
597 1 417792 421888
597 1 614400 618496
597 1 790528 794624
597 1 880640 884736
597 1 892928 897024
597 1 929792 933888
597 1 950272 954368
597 1 958464 962560
597 1 1318912 1323008
597 1 1331200 1335296
597 1 1441792 1445888
597 1 1400832 1404928
597 1 1605632 1609728
597 1 1417216 1421312
597 1 1613824 1617920
597 1 1638400 1642496
597 1 2031616 2039808
597 1 1785856 1789952
597 1 2183168 2187264
859 1 2748416 2756608
481 1 1482752 1486848
125 1 606208 610304
124 1 2650112 2654208
753 1 16384 24576
104 1 2035712 2039808
319 1 1081344 1082880
133 1 2822144 2826240
186 1 2097152 2101248
133 1 2834432 2842624
125 1 1605632 1609728
859 1 2756608 2760704
403 1 663552 671744
348 1 1690112 1691648
782 1 868352 872448
27 1 2097152 2129920
376 1 1021440 1021952
870 1 2129920 2138112
427 1 1069056 1073152
348 1 1691648 1693696
814 1 757760 770048
376 1 1021952 1022976
870 1 2138112 2142208
989 1 1101312 1240576
4 1 2682880 2695680
989 1 1240576 1244672
989 1 1244672 1248768
4 1 2695680 2748416
378 1 2190848 2199040
5 1 389120 454656
378 1 2432512 2448896
378 2 2346496 2359296 2359296 2362880
378 1 2203136 2227712
989 1 1248768 1252864
989 1 1252864 1285632
5 1 1110016 1175552
989 1 1285632 1289728
54 1 3063808 3080192
54 1 3010560 3059712
378 1 2190848 2199040
378 1 2203136 2211328
113 1 2809856 2875392
848 1 2342912 2346496
133 1 2838528 2854912
741 1 2777088 2781184
166 1 565248 569344
91 1 245760 249856
166 1 1728512 1732608
166 1 1826816 1830912
90 1 3039232 3043328
165 1 1794048 1798144
165 1 659456 663552
164 1 2961408 2965504
166 1 581632 585728
166 1 81920 86016
164 1 1867776 1871872
165 1 1753088 1761280
166 1 1052672 1056768
101 1 2846720 2850816
166 1 1359872 1363968
164 1 1724416 1728512
166 1 1761280 1765376
166 1 712704 716800
691 1 2494464 2502656
980 1 2064384 2068480
701 1 1835008 1839104
170 1 450560 462848
445 1 2048000 2052096
842 1 118784 122880
84 1 114688 139264
675 1 2187264 2207744
347 1 188416 196608
707 1 2961920 3145728
708 1 0 12288
675 1 2228224 2252800
589 2 229376 262144 262144 294912
893 1 2514944 2539520
415 1 1708032 1720320
809 1 3112960 3145728
810 1 0 32768
708 2 16384 262144 262144 279040
603 1 3076096 3121152
386 1 1126400 1146880
825 1 839680 851968
993 1 36864 77824
201 1 2641920 2707456
597 1 2121728 2125824
597 1 2015232 2019328
597 1 2101248 2109440
597 1 2203648 2207744
597 1 2220032 2224128
597 1 2322432 2326528
597 1 2478080 2482176
597 1 2646016 2650112
597 1 2469888 2473984
597 1 2613248 2617344
597 1 2387968 2392064
597 1 2584576 2588672
597 1 2703360 2707456
597 1 2842624 2846720
597 1 2859008 2863104
597 1 2768896 2772992
597 1 2867200 2871296
597 1 2887680 2891776
597 1 2953216 2957312
597 1 3076096 3080192
982 1 589824 593920
353 1 376832 380928
353 1 421888 430080
773 1 2560000 2564096
353 1 794624 798720
735 1 1097728 1101824
353 1 1011712 1019904
982 1 2768896 2772992
982 1 2666496 2670592
975 1 372736 376832
735 1 1540096 1544192
975 1 299008 303104
601 1 495616 499712
203 1 1818624 1826816
453 1 2187264 2191360
735 1 2007040 2011136
776 1 2383872 2387968
776 1 2674688 2678784
776 1 2789376 2793472
776 1 2617344 2621440
67 1 1482752 1486848
281 1 2981888 2983424
0 1 479232 483328
67 1 446464 450560
668 1 311296 319488
868 1 512000 516096
678 1 806912 811008
188 1 2949120 3145728
189 1 0 196608
455 1 2686976 2691072
678 1 958464 962560
183 1 49152 57344
383 1 2682880 2686976
89 1 2306048 2310144
668 1 389120 397312
385 1 2682880 2686976
678 1 655360 659456
210 1 1716224 1720320
0 1 462848 466944
679 1 1138688 1142784
9 1 3092480 3096576
155 1 3006464 3010560
155 1 2957312 2961408
26 1 897024 917504
836 1 1654784 1662976
868 1 114688 122880
4 1 548864 552960
836 1 1662976 1667072
868 1 122880 126976
409 1 3117568 3145728
410 2 0 262144 262144 496128
10 1 929280 983040
120 1 405504 409600
4 1 487424 491520
919 1 2379776 2383872
135 1 1777664 1781760
6 1 2162688 2166784
410 3 496128 524288 524288 786432 786432 1020416
167 1 2564096 2580480
11 1 897024 917504
521 2 2699264 2883584 2883584 2965504
131 1 2228224 2232320
521 1 2965504 3145728
522 1 0 77824
179 1 1261568 1265664
206 1 61440 65536
861 1 2555904 2560000
494 1 917504 983040
978 1 733184 741376
204 1 2494464 2498560
808 1 368640 372736
24 1 1617920 1634304
976 1 1445888 1449984
987 1 3018752 3022848
203 1 3014656 3018752
980 1 1978368 1986560
990 1 1941504 1961984
618 1 561152 565248
980 1 2019328 2023424
619 1 3059712 3067904
236 1 2166784 2187264
633 3 999936 1048576 1048576 1310720 1310720 1524224
869 1 2990080 2998272
188 3 851968 1048576 1048576 1310720 1310720 1376256
680 1 606208 610304
74 1 114176 118272
756 1 868352 872448
539 1 1351680 1355776
680 1 454656 458752
756 1 835584 839680
675 1 1093632 1097728
756 1 884736 888832
679 1 1306624 1310720
680 1 757760 761856
72 1 2830336 2834432
756 1 851968 856064
756 1 905216 909312
188 3 2424832 2621440 2621440 2883584 2883584 2949120
680 1 372736 376832
757 1 1093632 1097728
757 1 942080 946176
757 1 790528 794624
757 1 2322432 2326528
988 1 77824 86016
140 1 798720 815104
135 1 1843200 1851392
133 1 2830336 2842624
141 1 1400832 1421312
980 1 2007040 2011136
399 1 1814528 1818624
695 1 1368064 1388544
779 1 716800 720896
123 1 798720 806912
708 1 1286144 1290240
980 1 2072576 2076672
784 1 2637824 2662400
913 1 438272 442368
708 1 2281472 2289664
934 1 1712128 1716224
133 1 2830336 2834432
926 1 835584 839680
926 1 745472 757760
135 1 1789952 1798144
247 1 1720320 1724416
708 1 2273280 2277376
304 1 1892352 1896448
269 1 1355776 1359872
269 1 1400832 1404928
269 1 1388544 1392640
87 1 1056768 1060864
28 1 2707456 2711552
98 1 684032 688128
105 1 155648 159744
106 1 1544192 1548288
105 1 106496 114688
176 1 2256896 2260992
106 1 1826816 1835008
107 1 262144 266240
440 1 2228224 2232320
528 1 1953792 1957888
528 1 1966080 1970176
25 1 2756608 2760704
25 1 2744320 2748416
760 1 2072576 2076672
27 1 2129920 2134016
864 1 2224128 2232320
167 1 1568768 1572864
669 2 2441728 2621440 2621440 2703360
376 1 1022976 1023488
427 1 1208320 1220608
941 1 1257472 1261568
669 2 2707456 2883584 2883584 2970112
864 1 2232320 2236416
348 1 1693696 1755136
167 1 2228224 2240512
661 1 1998848 2002944
712 1 1781760 1785856
412 2 1626624 1835008 1835008 1998848
423 1 720896 786432
444 2 2342912 2359296 2359296 2429440
133 1 2842624 2850816
694 1 2023424 2027520
444 2 2429440 2621440 2621440 2670592
133 1 2912256 2916352
445 2 1302528 1310720 1310720 1389056
461 1 1621504 1637888
445 1 1105920 1302528
133 1 2846720 2850816
852 1 2649600 2653696
711 1 1211904 1256960
694 1 2023424 2027520
976 1 1441792 1445888
895 1 3063808 3067904
898 1 2355200 2359296
70 2 778240 786432 786432 794624
45 1 8192 28672
21 2 1568768 1572864 1572864 1576960
596 1 45056 65536
675 1 1527808 1536000
802 1 1273856 1277952
802 1 2732032 2736128
802 1 1249280 1253376
555 1 2699264 2703360
771 1 659456 663552
491 1 1589248 1597440
45 1 3063808 3067904
775 1 2850816 2854912
432 1 462848 499712
984 1 3084288 3088384
776 1 2998272 3002368
725 1 1765376 1769472
726 1 2183168 2191360
308 1 589824 593920
724 1 1273856 1277952
222 1 724992 729088
725 1 2584576 2588672
736 1 1503232 1507328
722 1 57344 61440
724 1 1662976 1667072
725 1 2621440 2625536
223 1 1515520 1519616
356 1 1138688 1146880
413 1 1269760 1273856
736 1 2109440 2113536
736 1 1671168 1675264
977 1 421888 425984
932 1 360448 368640
44 1 2719232 2723328
87 1 581120 585216
214 1 151552 229376
932 1 368640 372736
591 1 2506752 2519040
224 1 569344 573440
224 1 569344 577536
455 1 2842624 2863104
224 1 573440 577536
224 1 573440 577536
133 1 2822144 2826240
544 1 2850816 2863104
427 1 344064 348160
279 1 2486272 2490368
377 1 2592768 2596864
8 1 815104 819200
377 1 2662400 2666496
101 1 151552 172032
101 1 172032 176128
427 1 344064 356352
427 1 352256 356352
657 1 331776 364544
427 1 352256 364544
427 1 360448 364544
427 1 360448 368640
758 1 741376 745472
758 1 2134016 2138112
758 1 892928 897024
758 1 1335296 1339392
816 1 2252800 2256896
758 1 589824 593920
816 1 1409024 1413120
758 1 2588672 2592768
816 1 2916352 2920448
818 1 319488 323584
212 1 2920448 2924544
817 1 2781184 2785280
74 1 118272 122368
817 1 221184 225280
118 1 1552384 1556480
386 1 65536 81920
297 1 77824 81920
545 1 1156608 1157632
323 1 2396160 2400256
836 1 1093632 1101824
133 1 2895872 2899968
853 1 782336 786432
115 1 3043328 3045376
146 1 1011712 1019904
8 1 2170880 2172928
140 1 1015808 1028096
566 1 2224128 2228224
16 1 1609728 1613824
69 1 225280 229376
182 1 1249280 1261568
293 1 507904 512000
313 1 2510848 2519040
637 1 1339392 1429504
637 1 1429504 1433600
135 1 1777664 1781760
167 1 1830912 1835008
167 1 2228224 2244608
891 1 2199552 2203648
418 1 708608 712704
400 1 1282048 1290240
862 1 2273280 2277376
943 1 708608 712704
91 1 2514944 2519040
571 1 794624 802816
724 1 2469888 2568192
91 1 2523136 2527232
724 1 2568192 2572288
260 1 2932736 2936832
427 1 1220608 1224704
385 1 2371584 2375680
383 1 1581056 1585152
135 1 1777664 1781760
979 1 421888 425984
137 1 823296 827392
416 1 884736 888832
348 1 1755136 1789952
237 1 1724416 1728512
771 1 1982464 1990656
553 1 1593344 1597440
817 1 2351104 2355200
723 1 1462272 1466368
409 1 2740224 2744320
82 1 667648 671744
696 1 303104 307200
82 1 647168 651264
853 1 1839104 1843200
409 1 655360 659456
739 1 1286144 1290240
257 1 1277952 1282048
352 1 2822144 2826240
739 1 1163264 1167360
352 1 2838528 2842624
353 1 819200 823296
352 1 2752512 2756608
353 1 987136 991232
353 1 1036288 1040384
352 1 2863104 2871296
739 1 1425408 1429504
739 1 1720320 1724416
39 1 3051520 3055616
739 1 1298432 1302528
727 1 1007616 1011712
743 1 524288 532480
129 1 397312 401408
353 1 1241088 1245184
597 1 3039232 3043328
597 1 3104768 3108864
598 1 110592 114688
598 1 159744 163840
598 1 282624 286720
597 1 3129344 3137536
598 1 196608 200704
598 1 245760 249856
598 1 348160 352256
950 1 2936832 2969600
598 1 557056 561152
598 1 651264 655360
598 1 569344 573440
598 1 360448 364544
598 1 692224 696320
598 1 598016 602112
598 1 716800 724992
598 1 704512 708608
598 1 811008 815104
598 1 782336 786432
509 1 3100672 3101184
317 1 1261568 1302528
531 1 2465792 2499584
494 1 1310720 1376256
608 1 541184 541696
403 1 671744 675840
766 1 532480 536576
791 1 2777088 2781184
214 1 2670592 2686976
133 1 2904064 2908160
561 1 12288 28672
214 2 2617344 2621440 2621440 2666496
561 1 278528 311296
869 1 2998272 3002368
633 2 1524224 1572864 1572864 1617920
475 1 1015808 1024000
719 1 688128 696320
824 2 1785856 1835008 1835008 1884160
236 1 2187264 2199552
624 1 790528 794624
624 1 790528 794624
739 1 61440 65536
738 1 3039232 3047424
738 1 2961408 2981888
12 3 2515456 2621440 2621440 2883584 2883584 3039744
224 1 573440 585728
142 1 577536 589824
406 1 1556480 1560576
754 1 2084864 2088960
399 2 1818624 1835008 1835008 1851392
339 1 475136 479232
286 1 2084864 2088960
353 1 1699840 1703936
40 1 278528 282624
353 1 1552384 1556480
352 1 2625536 2629632
352 1 2306048 2310144
246 1 1191936 1200128
353 1 1572864 1576960
246 1 1384448 1388544
724 1 2891776 2895872
59 1 2846720 2850816
59 1 2998272 3002368
352 1 2777088 2781184
725 1 176128 180224
302 1 49152 53248
353 1 589824 593920
60 1 4096 8192
212 1 1163264 1167360
302 1 806912 811008
352 1 3022848 3026944
205 1 2629632 2630144
20 1 1875968 1892352
790 1 527872 531968
205 1 2630144 2635264
13 1 1466368 1470464
205 1 2635264 2637824
618 1 561152 565248
434 1 1794048 1802240
980 1 2084864 2093056
987 1 3018752 3022848
187 1 933888 937984
919 1 651264 655360
240 1 1249280 1250816
980 1 2048000 2052096
186 1 2490368 2514944
598 1 802816 806912
598 1 860160 868352
598 1 880640 884736
598 1 872448 876544
598 1 929792 933888
598 1 983040 987136
598 1 1298432 1302528
598 1 1056768 1060864
598 1 1544192 1548288
598 1 1400832 1409024
598 1 1581056 1585152
600 1 1486848 1490944
598 1 1277952 1282048
598 1 1417216 1421312
600 1 1921024 1933312
600 1 1908736 1912832
600 1 1994752 1998848
600 1 1937408 1941504
600 1 1986560 1990656
5 1 1531904 1536000
27 1 1769472 1785856
5 1 1466368 1478656
405 1 737280 741376
166 1 1310720 1327104
35 1 2527232 2531328
133 1 2826240 2838528
364 1 2854912 2859008
35 1 2531328 2535424
503 1 2449408 2451968
35 1 2527232 2531328
364 1 2854912 2859008
27 1 1785856 1806336
5 1 1540096 1548288
35 1 2531328 2535424
881 1 577536 581632
771 1 692224 700416
771 1 987136 991232
771 1 995328 999424
762 1 1085440 1089536
636 1 1282048 1286656
40 1 417792 430080
771 1 1249280 1253376
133 1 2904064 2916352
771 1 1019904 1028096
254 1 282624 319488
728 1 2199552 2228224
728 1 2293760 2347008
427 1 2985984 2988032
278 1 2473984 2475008
244 1 917504 921600
596 3 1507328 1572864 1572864 1835008 1835008 1961984
744 1 937984 942080
435 1 3137536 3145728
436 1 0 16384
634 1 1888256 1953792
770 1 1372160 1433600
40 1 548864 552960
708 1 344576 425984
655 1 2584576 2592768
40 1 544768 548864
270 1 1875968 1880064
708 1 950272 978944
766 2 520192 524288 524288 536576
6 1 831488 872448
615 1 3047424 3100672
616 1 303104 352256
291 1 548864 614400
766 2 192512 262144 262144 516096
84 1 73728 86016
708 3 425984 524288 524288 786432 786432 840192
808 1 1892352 1896448
805 2 737280 786432 786432 819200
810 1 274432 282624
214 1 229376 233472
144 2 794624 1048576 1048576 1310720
564 1 155648 163840
456 1 2093056 2097152
456 1 2949120 2953216
456 1 2162688 2314240
470 1 2252800 2256896
137 1 2727936 2732032
456 2 2600960 2621440 2621440 2662400
347 1 2486272 2506752
488 1 1601536 1605632
390 1 765952 770048
930 1 614400 622592
133 1 2895872 2899968
135 1 1859584 1863680
490 1 794624 798720
481 1 2048000 2056192
541 1 270336 274432
884 1 2478080 2482176
18 1 1335296 1339392
135 1 1794048 1798144
929 1 749568 753664
398 1 1888256 1892352
929 1 2052096 2056192
304 1 1892352 1896448
517 1 258048 262144
136 1 131072 135168
136 1 1560576 1564672
511 1 2306048 2310144
751 1 1626112 1630208
751 1 1646592 1654784
754 1 2363392 2367488
243 2 1482752 1572864 1572864 1630208
975 1 2916352 2920448
517 1 262144 270336
256 2 2445312 2621440 2621440 2740224
511 1 2240512 2252800
517 1 270336 274432
975 1 2916352 2920448
873 1 282624 290816
315 1 577024 589312
315 1 495104 499200
980 1 1978368 1982464
976 1 1445888 1449984
836 1 1101824 1105920
166 1 1957888 1966080
712 1 2534912 2539008
803 1 1937408 1939456
205 1 2482176 2486272
247 1 835584 843776
846 1 2154496 2158080
133 1 2891776 2908160
378 1 2596352 2612736
378 1 2555392 2571776
114 1 1699840 1765376
989 2 1289728 1310720 1310720 1314304
126 2 2326528 2359296 2359296 2392064
989 1 1314304 1318400
127 1 1675264 1740800
137 1 2080768 2084864
141 1 3018752 3039232
127 1 2723840 2736640
135 1 1777664 1785856
127 1 2736640 2789376
549 1 397312 430080
129 1 696320 761856
135 1 1777664 1781760
192 1 294912 360448
12 1 3039744 3067904
27 1 2134016 2142208
609 1 147456 151552
82 1 675840 679936
13 1 1511424 1523712
135 1 1777664 1781760
564 1 393216 397312
926 1 364544 372736
82 1 688128 696320
159 1 196608 200704
809 1 851968 856064
348 1 1789952 1794048
568 1 2834432 2838528
82 1 700416 704512
592 1 2584576 2588672
568 1 2502656 2506752
147 1 2322432 2326528
977 1 1224704 1228800
222 1 753664 757760
50 1 2097152 2101248
874 1 921600 929792
353 1 1118208 1122304
353 1 1609728 1613824
353 1 1441792 1445888
353 1 1687552 1691648
353 1 1474560 1507328
305 1 630784 634880
302 1 823296 827392
774 1 675840 684032
304 1 3080192 3092480
432 1 499712 503808
356 1 1146880 1150976
352 1 2351104 2355200
352 1 2932736 2936832
353 1 1654784 1658880
353 1 1671168 1675264
352 1 2322432 2347008
352 1 2359296 2387968
352 1 2551808 2555904
13 1 2891776 2895872
652 3 2539520 2621440 2621440 2883584 2883584 2904576
721 2 2011136 2097152 2097152 2101248
721 1 2101248 2105344
721 1 2105344 2154496
721 1 2154496 2158592
26 1 2711552 2715648
292 1 1937408 1941504
49 1 2338816 2359296
203 1 3014656 3018752
879 1 1134592 1138688
203 1 3010560 3014656
721 1 2158592 2215936
721 1 2215936 2220032
873 1 430080 438272
879 1 1138688 1146880
869 1 1703936 1712128
873 1 438272 442368
721 1 2220032 2265088
869 1 1712128 1716224
49 1 2469888 2482176
65 1 733184 737280
184 1 2830336 2834432
212 1 1981952 2010624
581 1 2498048 2530816
581 1 2530816 2534912
695 1 1626112 1630208
59 1 1101824 1105920
15 1 2891776 2895872
719 1 2244608 2351104
719 1 2351104 2355200
461 2 516096 524288 524288 528384
32 1 815104 819200
4 1 524288 528384
6 1 2166784 2170880
829 1 2142208 2158592
410 3 1020416 1048576 1048576 1310720 1310720 1544704
399 1 1851392 1855488
94 1 167936 176128
758 1 106496 110592
403 1 368640 372736
986 1 16384 32768
575 2 1015808 1048576 1048576 1081344
355 2 2334720 2359296 2359296 2592768
201 1 1883648 1887744
201 1 1883648 1887744
379 1 2465792 2498560
203 1 1982464 1986560
576 2 2068480 2097152 2097152 2134016
576 1 2330624 2355200
203 1 1978368 1982464
26 1 1171456 1175552
279 1 86016 94208
692 1 2404352 2416640
156 1 3084288 3088384
272 1 69632 73728
317 2 1302528 1310720 1310720 1404928
506 1 2715136 2723328
994 1 396800 404992
366 1 2383872 2387968
366 1 2134016 2142208
396 1 1003520 1007616
133 1 1011712 1015808
203 1 3014656 3018752
482 1 2977792 2994176
653 1 114688 118784
13 1 458752 516096
137 1 3088384 3092480
360 1 2805760 2809856
456 2 2314240 2359296 2359296 2596864
350 1 2310144 2322432
499 1 2723840 2727936
684 1 2682880 2686976
568 1 1122304 1126400
801 1 2682880 2686976
211 1 1548288 1552384
216 1 360448 364544
295 1 1536000 1540096
162 1 1642496 1650688
96 1 1744896 1748992
631 1 2088960 2093056
348 1 3035136 3039232
216 1 643072 647168
82 1 2744320 2748416
920 1 3080192 3084288
631 1 2105344 2117632
82 1 2940928 2945024
427 1 1224704 1236992
8 1 483328 491520
980 1 1998848 2015232
15 1 786432 806912
559 2 1097216 1310720 1310720 1449472
559 3 572928 786432 786432 1048576 1048576 1097216
840 1 598016 606208
840 1 606208 610304
376 1 3141120 3145728
377 1 0 24064
377 1 24064 28160
15 1 806912 819200
795 1 708608 712704
19 1 1200128 1204224
278 1 798720 819200
428 1 1421312 1425408
335 1 1855488 1859584
428 1 1454080 1458176
335 1 1880064 1888256
295 1 1900544 1904640
135 1 1888256 1900544
295 1 1904640 1916928
600 1 2011136 2015232
600 1 2019328 2023424
600 1 2076672 2080768
600 1 2228224 2232320
635 1 1699840 1703936
632 1 1642496 1646592
631 1 1994752 1998848
631 1 1765376 1769472
600 1 2351104 2355200
632 1 921600 925696
635 1 2306048 2310144
660 1 290816 294912
664 1 2097152 2101248
664 1 2433024 2437120
660 1 1478656 1482752
639 1 2461696 2465792
660 1 573440 577536
664 1 2293760 2297856
664 1 2400256 2404352
664 1 2453504 2457600
712 1 2539008 2575872
859 1 3067904 3076096
166 1 2228224 2240512
859 1 3076096 3080192
545 1 1157120 1158144
712 1 2575872 2579968
297 1 77824 81920
204 1 1359872 1363968
718 2 524288 786432 786432 917504
857 1 565248 569344
969 1 327680 329216
402 1 2183168 2184704
492 1 1769472 1769984
509 1 2035712 2036224
507 1 1851392 1855488
509 1 2109440 2109952
510 1 2150400 2151424
510 1 2158592 2162688
514 1 2461696 2465792
514 1 2469888 2473984
515 1 3104768 3105792
514 1 2682880 2686976
507 1 2117632 2121728
496 1 110592 122880
527 1 1118208 1118720
521 1 2535424 2539520
521 1 634880 638976
994 1 404992 409088
514 1 2478080 2482176
510 1 2543616 2547712
517 1 544768 548864
711 1 1256960 1261056
445 1 1389056 1433600
445 1 1433600 1564672
133 1 2912256 2920448
591 1 2711552 2715648
742 3 197120 262144 262144 524288 524288 721408
461 1 1637888 1654272
442 3 1257472 1310720 1310720 1572864 1572864 1606144
79 1 2974720 2985984
231 1 667648 671744
711 1 1261056 1265152
711 1 1265152 1293824
347 1 880640 884736
79 1 802816 819200
577 1 1671168 1687552
133 1 2850816 2854912
711 1 1293824 1297920
442 1 1606144 1650688
494 1 1966080 2031616
494 1 2359296 2424832
494 1 2752512 2818048
560 1 3104768 3145728
561 1 0 8192
561 1 466944 516096
561 2 520192 524288 524288 573440
907 2 491520 524288 524288 552960
320 1 2539520 2543616
522 3 77824 262144 262144 524288 524288 602112
341 1 647168 651264
907 1 552960 557056
133 1 2838528 2842624
135 1 1777664 1789952
967 1 2838528 2840064
937 1 2437120 2441216
705 1 2228224 2232320
705 1 2236416 2240512
705 1 2007040 2015232
218 1 2170880 2187264
135 1 1843200 1851392
224 1 577536 581632
224 1 577536 581632
224 1 577536 581632
991 1 1638400 1642496
240 1 1250816 1254912
906 1 1662976 1687552
187 1 1228800 1232896
227 1 794624 796160
240 1 1254912 1257472
790 1 527872 531968
906 1 1687552 1691648
227 1 796160 798720
240 1 1359872 1361408
618 1 561152 565248
240 1 1400832 1402368
240 1 1361408 1363968
980 1 2023424 2027520
240 1 1441792 1443328
240 1 1402368 1409024
240 1 1443328 1447424
135 1 1777664 1785856
141 1 552960 569344
204 1 2928640 2932736
204 1 1310720 1311232
204 1 1311232 1311744
204 1 1311744 1315840
204 1 1315840 1319936
203 1 3014656 3018752
204 1 2932736 2933248
35 1 991232 995328
203 1 3018752 3022848
204 1 2945024 2949120
204 1 2936832 2940928
203 1 3014656 3018752
861 1 1220096 1224192
204 1 2932736 2933248
203 1 3018752 3022848
118 1 1458176 1461248
539 1 1798144 1806336
211 1 1986560 1990656
211 1 1982464 1986560
664 1 2629632 2633728
664 1 2646016 2650112
664 1 2723840 2727936
664 1 2715648 2719744
664 1 2748416 2752512
664 1 2756608 2760704
664 1 2777088 2781184
163 1 475136 495616
664 1 2785280 2789376
665 1 0 4096
664 1 3112960 3117056
665 1 212992 217088
665 1 192512 196608
665 1 274432 278528
664 1 3080192 3084288
665 1 237568 241664
665 1 290816 294912
665 1 724992 729088
681 1 1155072 1159168
665 1 892928 897024
784 1 2637824 2641920
288 1 249856 253952
992 1 2383872 2433024
549 1 2633728 2641920
83 1 258048 262144
140 1 1028096 1044480
626 1 1232896 1236992
909 1 229376 229888
27 1 2142208 2146304
175 1 2289664 2293760
354 1 2125824 2129920
133 1 2912256 2920448
348 2 1798144 1835008 1835008 1859584
669 1 2970112 3145728
670 2 0 262144 262144 348672
164 1 1966080 1970176
164 1 1777664 1781760
165 1 1986560 1990656
91 1 327680 331776
164 1 2613248 2617344
164 1 2940928 2945024
94 1 2191360 2195456
164 1 2318336 2322432
164 1 2646016 2650112
164 1 2363392 2367488
165 1 868352 872448
164 1 2842624 2846720
135 1 1802240 1810432
271 1 2002944 2004992
352 1 1024000 1026048
133 1 2904064 2916352
193 1 2527232 2530304
594 1 1855488 1859584
874 1 929792 933888
81 1 139264 143360
932 1 372736 380928
347 1 2506752 2510848
698 1 2162176 2203136
16 1 3067904 3076096
25 1 1904640 1908736
782 1 397312 401408
777 1 73728 77824
13 1 2887680 2891776
13 1 2891776 2895872
777 1 131072 135168
607 1 3015168 3145728
608 2 0 262144 262144 393728
133 1 2830336 2834432
320 1 2240512 2248192
133 1 2895872 2904064
135 1 1859584 1867776
537 1 2445312 2453504
609 1 1585152 1589248
985 1 1445888 1454080
2 1 2838528 2842624
133 1 2834432 2838528
985 1 1454080 1458176
261 1 831488 835584
133 1 2899968 2908160
49 1 1027584 1031680
47 1 843264 847360
51 1 2690560 2694656
261 1 1044480 1048576
135 1 1798144 1802240
185 1 2490368 2555904
325 1 2117632 2121728
185 3 2555904 2621440 2621440 2883584 2883584 3080192
12 1 3067904 3145728
13 2 0 262144 262144 360960
13 1 360960 458752
845 1 1785856 1818624
407 1 2351104 2355200
845 1 1818624 1822720
10 1 980480 981504
410 3 1544704 1572864 1572864 1835008 1835008 2068992
4 1 552960 557056
173 1 1409024 1429504
133 1 2826240 2834432
343 1 1441792 1445888
667 1 81920 86528
410 2 2068992 2097152 2097152 2159104
343 1 1466368 1470464
10 1 980992 982016
216 1 2883584 2885120
49 1 520192 521216
653 1 122880 124416
133 1 2891776 2899968
140 1 815104 835584
146 1 319488 323584
187 1 196608 200704
440 1 2240512 2244608
194 1 2170880 2174976
555 1 2576384 2580480
868 1 749568 757760
868 1 757760 761856
956 1 626688 630784
215 1 2043904 2097152
10 1 983040 991232
10 1 991232 995328
49 1 2592768 2613248
521 1 2469888 2473984
510 1 2142208 2143232
497 1 2576384 2580480
509 1 438272 442368
804 1 2452992 2457088
509 1 131072 136192
804 1 2457088 2469376
509 1 2052096 2056192
482 1 2183168 2187264
495 1 3072000 3076096
504 1 2834432 2838528
529 1 2473984 2478080
482 1 2424832 2428928
202 1 1605632 1609728
533 2 2547712 2621440 2621440 2740224
717 1 471040 487424
495 1 0 65536
582 1 1667072 1671168
563 1 233472 237568
495 1 393216 458752
242 1 2412544 2437120
133 1 2826240 2830336
980 1 1966080 1970176
399 1 1855488 1863680
906 1 204800 262144
133 1 2924544 2932736
980 1 2043904 2048000
994 1 1372160 1376256
753 1 339456 343552
695 1 2510848 2512384
537 1 2809856 2813952
34 1 704512 708608
576 1 32256 40448
427 1 1236992 1241088
175 1 2686976 2699264
689 1 2543616 2547712
83 1 2551808 2555904
75 1 618496 622592
681 1 1785856 1789952
665 1 512000 516096
665 1 913408 917504
681 1 1843200 1847296
685 1 2727936 2732032
686 1 2183168 2187264
685 1 1204224 1208320
686 1 925696 929792
685 1 1548288 1552384
686 1 2129920 2134016
686 1 2195456 2199552
690 1 2904064 2908160
691 1 258048 262144
691 1 237568 241664
697 1 389120 393216
697 1 20480 24576
697 1 2977792 2981888
700 1 974848 978944
700 1 1163264 1167360
9 1 3088384 3092480
777 1 1953792 1982464
212 1 1220608 1228800
777 1 1982464 1986560
155 1 2924544 2925056
9 1 3092480 3096576
355 1 671744 675840
658 1 1445888 1449472
678 1 1222656 1224704
678 1 1224704 1225216
637 1 1884160 1896448
141 1 1839104 1843200
965 1 1675264 1676288
42 1 2273280 2277376
299 1 2616832 2620928
141 1 1179648 1196032
142 1 884736 901120
140 1 1155072 1159168
140 1 1159168 1171456
141 1 1183744 1196032
141 1 1179648 1183744
141 1 1916928 1921024
141 1 1921024 1933312
141 1 1179648 1183744
141 1 1183744 1196032
448 1 221184 229376
562 1 1052672 1056768
563 1 884736 888832
562 1 1441792 1445888
613 1 1888256 1892352
623 1 1900544 1904640
623 1 1736704 1740800
623 1 2732032 2736128
691 1 2949120 2953216
689 1 3047424 3051520
24 1 2686976 2691072
827 1 2351104 2355200
24 1 2748416 2752512
827 1 2379776 2383872
240 1 1447424 1455616
240 1 1455616 1458176
240 1 1560576 1562112
488 1 3035136 3055616
240 1 1562112 1566208
564 1 3014656 3080192
618 1 561152 565248
488 1 3055616 3059712
980 1 2088960 2093056
203 1 3018752 3022848
790 1 527872 531968
382 1 1146880 1156096
359 1 647168 651776
267 1 1359872 1376256
48 1 1675264 1679360
698 1 2203136 2207232
932 1 380928 385024
31 1 2195456 2232320
135 1 1777664 1785856
48 1 1605632 1609728
988 1 552960 557056
133 1 2891776 2904064
994 1 409088 437760
994 1 437760 441856
779 1 716800 720896
980 1 1957888 1961984
403 1 655360 659456
26 1 2580480 2584576
399 1 1863680 1867776
528 1 2813952 2818048
395 3 1306624 1310720 1310720 1572864 1572864 1617920
529 1 655360 692224
395 1 1617920 1622016
539 1 1896448 1945600
224 1 577536 585728
426 1 262144 327680
224 1 581632 585728
664 1 593920 618496
135 1 1777664 1781760
37 1 1531904 1536000
135 1 1769472 1773568
224 1 581632 585728
37 1 1458176 1462272
777 1 118784 122880
25 1 1908736 1916928
652 1 2970112 3145728
653 2 0 262144 262144 348672
498 1 593920 598016
970 1 2932736 2936832
853 1 2383872 2408448
969 1 868352 876544
25 1 1916928 1921024
351 1 16384 20480
842 1 2072576 2076672
274 1 1593344 1601536
645 1 2809856 2813952
295 1 712704 716800
287 1 1695744 1699840
283 1 2465792 2469888
304 1 290816 294912
278 1 1302528 1306624
697 1 2654208 2789376
945 1 2350592 2354688
201 1 1883648 1887744
697 1 2789376 2793472
945 1 2350592 2354688
201 1 1883648 1887744
221 1 1060864 1069056
35 1 2035712 2039808
133 1 2904064 2912256
522 3 602112 786432 786432 1048576 1048576 1126400
135 1 1789952 1826816
494 1 991232 995328
34 1 708608 712704
976 1 1441792 1445888
38 1 110080 118272
283 1 2162176 2166272
133 1 2863104 2871296
642 1 2579968 2584064
644 1 2940416 2944512
283 1 2166272 2178560
511 1 2227712 2235904
511 1 2235904 2276864
62 1 274432 278528
21 1 1625600 1629696
756 1 1780736 1781760
642 2 2584064 2621440 2621440 2629120
60 1 1154560 1166848
710 1 696320 700416
141 1 1339392 1355776
135 1 1843200 1851392
589 1 1437696 1441792
262 1 1798144 1802240
141 1 1355776 1376256
135 1 1781760 1789952
716 1 2711552 2715648
863 1 3055616 3063808
525 1 1687552 1699840
525 1 1699840 1703936
991 1 1638400 1642496
525 1 1703936 1716224
525 1 1716224 1720320
44 1 520192 524288
847 1 2240512 2248704
427 1 1241088 1253376
348 1 1859584 1872384
827 1 2322432 2326528
956 1 187904 192000
628 1 348160 352256
422 1 761344 765440
422 1 2752000 2756096
632 1 2797568 2801664
21 1 3076096 3080192
293 1 1949696 1953792
27 1 2146304 2154496
700 1 1044480 1048576
700 1 2088960 2093056
700 1 1482752 1486848
703 1 1138688 1142784
700 1 1548288 1552384
703 1 2174976 2179072
592 1 180224 184320
592 1 204800 208896
592 2 258048 262144 262144 266240
592 1 446464 450560
592 1 479232 483328
592 1 294912 299008
592 1 835584 839680
592 1 888832 892928
592 1 897024 901120
592 1 860160 864256
592 1 905216 909312
592 1 958464 962560
592 1 966656 970752
630 1 2043904 2048000
192 1 2457600 2470912
135 1 1769472 1773568
355 1 1388544 1392640
141 1 3039232 3051520
213 1 2313728 2321920
545 1 319488 323584
926 1 2444800 2448896
989 1 1318400 1330688
989 1 1330688 1334784
378 1 2665984 2670080
378 1 3051008 3063296
267 1 3080192 3104768
988 1 581632 610304
86 1 618496 651264
478 1 1114112 1142784
136 3 405504 524288 524288 786432 786432 921600
698 1 2207232 2211328
483 1 2764800 2768896
133 1 2891776 2895872
133 1 2826240 2830336
556 1 1540096 1544192
133 1 2891776 2895872
37 1 1466368 1470464
719 1 1236992 1245184
534 1 2617344 2621440
167 2 2093056 2097152 2097152 2113536
833 1 1699840 1708032
135 1 1843200 1851392
833 1 1708032 1712128
133 1 2818048 2822144
980 1 2031616 2035712
157 1 561152 565248
906 1 327680 335872
33 1 2650112 2655232
843 1 499712 503808
347 1 135168 167936
50 1 835584 851968
281 1 1814528 1818624
281 1 1753088 1757184
4 1 487424 491520
167 1 2580480 2592768
10 1 981504 983040
517 1 274432 282624
517 1 282624 286720
975 1 2916352 2920448
6 1 1806336 1810432
517 1 286720 294912
10 1 2985984 3002368
238 1 2703360 2707456
873 1 290816 294912
517 1 294912 299008
10 1 3002368 3006464
975 1 2916352 2920448
568 1 2428928 2441216
517 1 299008 307200
123 1 835584 839680
517 1 307200 311296
975 1 2916352 2920448
623 1 2740224 2748416
584 1 3088384 3092480
650 1 2707456 2711552
650 1 2867200 2875392
650 1 3133440 3137536
186 3 458752 524288 524288 786432 786432 983040
186 3 983040 1048576 1048576 1310720 1310720 1507328
185 1 3080192 3145728
186 2 0 262144 262144 458752
191 1 1376256 1572864
186 3 1507328 1572864 1572864 1835008 1835008 2031616
144 1 3080192 3145728
145 1 0 65536
186 3 2031616 2097152 2097152 2359296 2359296 2433024
145 1 131072 196608
1 1 1871872 1872384
844 1 208896 217088
187 2 1703936 1835008 1835008 1900544
65 1 729088 733184
844 1 217088 221184
114 1 2142208 2146304
103 1 368640 372736
866 1 294912 296960
484 1 1101824 1105920
135 1 1847296 1851392
135 1 1781760 1785856
108 1 3072000 3076096
19 1 1200128 1204224
518 1 962560 966656
591 1 2818048 2834432
870 1 1081344 1089536
870 1 1089536 1093632
591 1 2834432 2838528
57 1 2592768 2613248
34 1 2711552 2715648
643 1 1556480 1560576
552 1 434176 438272
645 1 1232896 1241088
283 1 2178560 2190848
244 1 2027520 2031616
38 1 118272 134656
94 1 2764288 2772480
642 1 2629120 2670080
511 1 2276864 2321920
21 1 1629696 1678848
297 1 77824 81920
60 1 1166848 1170944
179 1 2052096 2056192
38 1 134656 142848
66 1 1339392 1343488
29 2 1252864 1310720 1310720 1388032
348 1 2428928 2433024
218 1 2359296 2375680
66 1 531968 667136
529 1 2392064 2393088
860 1 2674176 2706944
860 1 2706944 2711040
314 1 892928 897024
202 1 1314816 1327104
140 1 1863680 1884160
656 1 690688 691712
202 1 1327104 1331200
656 1 691712 699392
187 1 126976 131072
166 1 2846720 2850816
135 1 1777664 1814528
133 1 2826240 2842624
285 2 2314240 2359296 2359296 2379776
495 1 786432 851968
242 1 2437120 2441216
495 1 1179648 1245184
495 1 1572864 1638400
495 1 1966080 2031616
133 1 2818048 2822144
592 1 1232896 1236992
592 1 987136 995328
592 1 1269760 1273856
592 1 1347584 1351680
592 1 1339392 1343488
592 1 1355776 1359872
592 1 1613824 1617920
592 1 1519616 1523712
592 1 1679360 1683456
592 1 1433600 1437696
592 1 1785856 1789952
592 1 1622016 1626112
592 1 1998848 2002944
592 1 1794048 1802240
592 1 2043904 2052096
593 1 53248 61440
592 1 2895872 2899968
592 1 2007040 2011136
13 1 2887680 2891776
853 1 2408448 2412544
351 1 36864 49152
653 1 348672 376832
476 1 2551808 2555904
475 1 1286144 1290240
608 3 393728 524288 524288 786432 786432 918016
25 1 1921024 1925120
119 1 2437120 2441216
133 1 2916352 2924544
442 2 1650688 1835008 1835008 2043904
695 1 2584576 2588672
133 1 2854912 2863104
442 1 2134016 2220544
133 1 2924544 2928640
863 1 1294336 1302528
695 1 2584576 2588672
863 1 1302528 1306624
306 1 1667072 1675264
133 1 2859008 2863104
206 1 487424 503808
442 3 2220544 2359296 2359296 2621440 2621440 2723840
206 1 589824 593920
591 1 2711552 2715648
442 1 2985984 3006976
231 1 667648 671744
972 1 1130496 1138688
972 1 1085440 1089536
395 1 1048576 1052672
403 1 659456 720896
133 1 2826240 2830336
54 1 2605056 2606080
26 1 2514944 2519040
779 1 716800 720896
399 1 1867776 1875968
706 1 2162688 2228224
240 1 1974272 1974784
978 1 741376 749568
203 1 3014656 3018752
618 1 561152 565248
976 1 1441792 1445888
980 1 2023424 2027520
135 1 1781760 1789952
240 1 2695168 2699264
240 1 2703360 2707456
240 1 1978368 1982464
540 1 1409024 1413120
63 1 667648 671744
790 1 527872 531968
63 1 675840 679936
540 1 745472 753664
145 1 2957312 2961408
618 1 561152 565248
477 2 2748416 2883584 2883584 3145728
478 1 0 86016
135 1 1847296 1851392
698 1 2211328 2248192
840 1 3112960 3137536
31 1 2232320 2236416
932 1 385024 417792
698 1 2248192 2252288
173 1 720896 737280
916 1 2846720 2850816
785 1 3104768 3108864
224 1 581632 585728
34 1 2580480 2584576
58 1 835584 851968
224 1 581632 585728
30 1 999424 1015808
34 1 2514944 2527232
847 1 2248704 2252800
15 1 1957888 1961984
348 1 1872384 1874432
427 1 1253376 1257472
94 1 1228800 1232896
275 1 217088 221184
27 1 2154496 2158592
133 1 2826240 2842624
348 1 1874432 1876480
326 1 1699840 1703936
429 1 360448 372736
994 1 441856 445952
69 1 352256 364544
133 1 2842624 2850816
914 1 1921024 1923072
914 1 1925120 1926144
950 1 1552384 1553920
522 1 2195456 2207744
133 1 2891776 2895872
133 1 2912256 2916352
522 3 1126400 1310720 1310720 1572864 1572864 1638400
326 1 2301952 2306048
902 1 917504 921600
384 1 757760 761856
852 1 2682880 2686976
558 1 745472 749568
339 1 2945024 2949120
77 1 2895360 3030528
205 1 1642496 1650688
84 1 1691136 1830400
980 1 1978368 1986560
19 1 458752 520192
188 1 1576960 1581056
137 1 2363392 2367488
89 1 2747904 2874880
109 1 1646080 1728000
66 1 2781184 2785280
1 1 1875968 1880064
103 1 376832 380928
26 1 884736 901120
956 1 626688 634880
4 1 524288 528384
10 1 995328 1015808
10 1 1015808 1019904
956 1 630784 634880
10 1 1019904 1036288
858 1 1753088 1761280
475 1 1122304 1126400
307 1 479232 483328
942 1 126976 131072
10 1 1036288 1040384
156 1 2879488 2883584
197 1 1269248 1273344
197 1 1449472 1453568
196 1 2113024 2117120
197 1 1809920 1814016
196 1 2117120 2121216
196 1 2276864 2285056
197 1 1236480 1240576
196 1 2604544 2612736
156 1 2871296 2875392
135 1 1843200 1847296
945 1 2350592 2354688
167 1 716800 720896
945 1 2350592 2354688
167 1 1953792 1957888
776 1 1875968 1877504
167 1 1179648 1196032
258 1 1712128 1713664
523 1 225280 229376
475 1 1728512 1732608
719 1 1310720 1314816
37 1 1462272 1466368
523 1 253952 262144
393 1 3112960 3117056
593 1 360448 364544
593 1 114688 118784
593 1 577536 581632
593 1 475136 479232
592 1 3108864 3112960
593 1 933888 937984
593 1 1134592 1142784
593 1 430080 434176
593 1 708608 712704
593 1 1507328 1511424
593 1 1499136 1503232
308 1 2146304 2150400
593 1 1343488 1347584
593 1 1892352 1896448
317 1 1900544 1904640
94 1 1945600 1949696
771 1 86016 94208
771 1 364544 368640
109 1 176128 180224
113 1 1556480 1560576
100 1 2629632 2633728
484 1 1101824 1105920
141 1 1421312 1425408
141 1 1458176 1466368
135 1 1847296 1851392
804 1 2522624 2539008
686 1 208896 221184
804 1 2469376 2518528
524 1 2596352 2600448
283 1 2190848 2203136
999 1 3067392 3079680
511 1 2321920 2358784
642 1 2670080 2706944
999 1 687616 699904
60 1 1170944 1195520
89 1 2874880 2878976
38 1 142848 192000
94 1 2772480 2813440
283 1 2203136 2227712
642 1 2706944 2776576
133 1 2932736 2940928
670 3 348672 524288 524288 786432 786432 872960
460 1 556032 556544
792 1 2904064 2908160
712 1 1806336 1830912
140 1 2134016 2138112
133 1 2904064 2908160
649 1 2486272 2490368
978 1 2404352 2416640
978 1 2400256 2404352
141 1 1183744 1196032
141 1 1179648 1183744
151 1 2375680 2379776
142 1 901120 917504
142 1 1310720 1314816
4 1 458752 462848
149 1 1077248 1081344
137 1 1708032 1720320
149 1 1081344 1114112
135 1 1777664 1785856
151 3 2379776 2621440 2621440 2883584 2883584 2904064
151 1 2904064 3145728
11 1 827392 847872
137 1 1703936 1708032
153 2 1081344 1310720 1310720 1556480
141 1 1179648 1183744
395 1 1077248 1081344
157 1 565248 569344
980 1 1966080 1970176
395 1 2134016 2138112
135 1 1863680 1871872
435 1 1847296 1851392
135 1 1802240 1810432
135 1 1871872 1875968
435 1 1847296 1851392
175 1 589824 606208
494 1 991232 995328
348 1 196608 237568
173 1 806912 839680
169 1 192512 196608
852 1 1617920 1626112
852 1 1626112 1630208
218 1 2187264 2207744
655 1 557056 569344
24 1 749568 753664
135 1 1884160 1888256
167 1 520192 524288
989 1 1334784 1363456
989 1 1363456 1367552
850 1 1105920 1114112
816 1 839680 856064
838 1 2404352 2408448
989 1 1367552 1371648
839 1 258048 259072
850 1 1114112 1118208
816 1 856064 860160
379 1 48640 56832
379 1 19968 44544
378 1 3137024 3145728
379 1 0 15872
379 1 339456 347648
989 1 1371648 1375744
989 1 1375744 1408512
989 1 1408512 1412608
378 1 3137024 3145728
379 1 0 7680
28 1 1900544 1921024
25 1 1925120 1929216
777 1 135168 139264
777 1 86016 90112
653 3 2019328 2097152 2097152 2359296 2359296 2515456
119 1 2441216 2445312
777 1 90112 94208
25 1 1929216 1941504
133 1 2818048 2822144
135 1 1781760 1785856
380 1 1383936 1388032
841 1 3088384 3096576
199 1 778240 782336
163 1 3108864 3129344
347 1 2465792 2473984
351 1 1273856 1277952
24 1 815104 819200
182 1 1875968 1900544
150 1 225280 233472
182 1 1900544 1912832
163 1 3129344 3141632
151 1 2117632 2125824
133 1 2908160 2920448
42 1 2273280 2277376
17 1 1900544 1961984
412 1 1150976 1167360
524 1 2621440 2686976
299 1 2523136 2527232
534 1 1912832 1925120
296 1 933888 950272
640 1 598016 610304
412 1 1191936 1200128
412 1 2183168 2191360
413 1 815104 823296
412 1 2748416 2756608
413 1 274432 282624
163 1 561152 585728
167 1 2113536 2125824
657 1 2695168 2699264
899 1 1859584 1867776
405 1 110592 114688
433 1 1277952 1282048
437 1 1417216 1425408
436 1 1429504 1433600
443 1 1114112 1122304
435 1 1052672 1060864
27 1 2158592 2191360
956 1 187904 192000
422 1 2752000 2756096
429 1 372736 376832
439 1 1916928 1921024
260 1 1376256 1377280
439 1 1974272 1982464
818 1 2150400 2153984
133 1 2895872 2899968
754 2 2093056 2097152 2097152 2113536
719 1 1314816 1318912
770 1 3087872 3091968
789 1 2014720 2018816
829 1 2158592 2170880
4 1 552960 557056
410 1 2159104 2166784
410 2 2170880 2359296 2359296 2597376
518 1 954368 956416
10 1 982528 1015808
10 1 1212416 1228800
720 1 811008 815104
994 1 445952 450048
994 1 450048 482816
794 1 77312 81408
846 1 237568 245760
180 1 2920448 3145728
181 1 0 262144
846 1 245760 249856
615 1 3104768 3145728
616 1 0 118784
872 1 2342912 2351104
584 1 1211904 1265152
872 1 2351104 2355200
572 1 954368 987136
584 1 1265152 1269248
708 1 840192 950272
708 3 978944 1048576 1048576 1310720 1310720 1393152
214 1 638976 643072
708 3 1393152 1572864 1572864 1835008 1835008 1917440
224 1 581632 593920
956 1 110592 114688
8 1 483328 495616
957 1 3137536 3139584
224 1 585728 589824
224 1 585728 589824
612 1 1650688 1653248
203 1 3014656 3018752
167 1 245760 249856
146 1 823296 827392
460 1 2809856 2813952
461 1 2027520 2031616
511 2 2358784 2359296 2359296 2424320
162 1 1974272 1978368
38 1 192000 212480
94 1 2813440 2825728
511 1 2424320 2452992
60 1 1195520 1240576
283 1 2227712 2235904
84 2 1830400 1835008 1835008 1928704
29 1 1383936 1388032
77 1 3030528 3124736
644 1 2915840 2940416
318 1 1187840 1196032
109 2 1728000 1835008 1835008 1838592
763 1 2441216 2445312
131 1 708608 712704
131 1 499712 503808
132 1 1466368 1470464
131 1 1572864 1576960
132 1 1110016 1138688
294 1 1040384 1044480
85 1 2953216 2957312
86 1 376832 380928
130 1 2506752 2510848
130 1 2654208 2658304
130 1 2646016 2650112
131 1 856064 860160
130 1 2818048 2822144
130 1 2666496 2670592
131 1 897024 901120
131 1 884736 888832
132 1 1519616 1523712
203 1 3010560 3014656
381 1 2490368 2494976
859 1 765952 774144
859 1 774144 778240
51 1 942080 958464
44 1 458752 462848
51 1 958464 978944
44 1 524288 528384
532 1 352256 368640
532 1 368640 372736
999 1 667648 671744
980 1 1642496 1646592
980 1 1634304 1638400
61 1 1425408 1426432
877 1 3055616 3058176
218 1 1835008 1855488
115 1 2551808 2568192
932 1 417792 421888
218 1 2621440 2666496
0 1 421888 438272
399 1 1945600 1949696
78 1 147456 151552
62 1 2617344 2621440
608 3 918016 1048576 1048576 1310720 1310720 1442304
25 1 1941504 1949696
971 1 2949120 2977792
133 1 2846720 2850816
133 1 2826240 2834432
169 1 589824 618496
348 1 237568 241664
522 2 1638400 1835008 1835008 2097152
141 1 1183744 1196032
147 1 4096 8192
144 1 2625536 2654208
741 1 16384 20480
823 1 2932736 2940928
806 1 1409024 1413120
144 2 1015808 1048576 1048576 1069056
155 3 1957888 2097152 2097152 2359296 2359296 2453504
823 1 2957312 2965504
368 1 2965504 3031040
48 1 2727936 2744320
786 1 536576 540672
928 1 1712128 1720320
755 1 925696 929792
141 1 1179648 1183744
622 1 1961984 1966080
328 1 1994752 1998848
980 1 2088960 2093056
287 1 1167360 1171456
287 1 1138688 1142784
287 1 1101824 1110016
203 1 3018752 3022848
790 1 527872 531968
240 1 1974272 1974784
622 1 1961984 1966080
203 1 3014656 3018752
980 1 2023424 2027520
987 1 3018752 3022848
980 1 1982464 1986560
135 1 1781760 1785856
135 1 1781760 1785856
484 1 1101824 1105920
856 1 1843200 1851392
410 3 2597376 2621440 2621440 2883584 2883584 3056128
422 1 3112960 3117056
4 1 487424 491520
720 1 794624 811008
146 1 2080768 2084864
422 1 3100672 3112960
821 1 761856 765952
37 1 2109440 2129920
392 1 1388544 1392640
391 1 45056 49152
391 1 2965504 2969600
852 1 1126400 1130496
391 1 1531904 1536000
387 1 1155072 1159168
124 1 1044480 1048576
398 1 2179072 2183168
704 1 1117696 1121792
395 2 1622016 1835008 1835008 1863680
868 1 167936 176128
214 1 1073152 1085440
754 1 2113536 2117632
868 1 180224 184320
395 1 1863680 1867776
134 1 135168 139264
145 1 598016 602112
695 1 1777664 1778688
135 1 1806336 1810432
539 1 798720 806912
539 1 806912 811008
261 1 831488 835584
166 1 729088 733184
164 1 2334720 2338816
165 1 1650688 1654784
167 1 397312 413696
133 1 2891776 2895872
543 1 1085440 1089536
685 1 507904 516096
543 1 1048576 1052672
685 1 516096 520192
849 1 1286144 1294336
849 1 1294336 1298432
538 1 671744 684032
517 1 311296 319488
716 1 696320 697344
135 1 1843200 1855488
517 1 319488 323584
649 1 2101248 2104832
389 1 2977792 2978816
975 1 2916352 2920448
517 1 323584 331776
517 1 331776 335872
291 1 2011136 2015232
406 1 262144 266240
45 1 2818048 2822144
0 1 401408 405504
59 1 2064384 2068480
317 1 1146880 1150976
48 1 2097152 2101248
135 1 1781760 1785856
141 1 1400832 1417216
495 1 2359296 2424832
495 1 2752512 2818048
833 1 3100672 3108864
496 1 0 65536
833 1 3108864 3112960
496 1 393216 458752
496 1 786432 824320
473 1 512000 516096
90 1 294912 303104
422 1 761344 765440
846 1 708608 716800
27 1 2191360 2195456
2 1 2564096 2572288
16 1 425984 442368
841 1 3096576 3100672
994 1 482816 486912
779 1 716800 724992
133 1 2891776 2895872
858 1 1908736 1933312
443 1 647168 655360
392 1 2551808 2609152
141 1 1355776 1372160
283 1 2231808 2235904
297 1 77824 81920
38 1 208384 212480
133 1 2871296 2875392
545 1 1157632 1159680
66 1 663040 667136
318 1 1196032 1200128
980 1 2048000 2056192
976 1 1445888 1449984
339 1 2945024 2949120
853 1 667648 675840
370 1 786432 798720
853 1 675840 679936
559 1 1597440 1650688
941 1 2031616 2043904
247 1 815104 823296
343 1 1626112 1630208
343 1 1691648 1781760
135 1 1847296 1851392
168 1 1667072 1671168
145 1 118784 122880
203 1 3018752 3022848
739 1 774144 778240
156 1 2134016 2138112
133 1 3063808 3067904
624 1 790528 794624
134 1 966656 970752
203 1 3010560 3014656
16 2 2109440 2359296 2359296 2621440
115 2 2617344 2621440 2621440 2633728
840 1 3112960 3117056
118 1 1916928 1949696
65 1 733184 737280
1 1 1871872 1872384
65 1 729088 733184
926 1 1650688 1683456
141 1 1486848 1503232
167 1 1114112 1126400
372 1 1339392 1343488
372 1 1343488 1347584
421 1 1765376 1769472
421 1 1900544 1912832
983 1 909312 913408
133 1 2924544 2928640
386 1 3080192 3141632
28 1 2527232 2531328
442 1 3006976 3145728
443 2 0 262144 262144 320000
133 1 2859008 2871296
742 3 721408 786432 786432 1048576 1048576 1245696
28 1 2457600 2461696
695 1 2818048 2822144
980 1 2031616 2052096
133 1 2932736 2936832
334 1 2784768 2801152
443 1 385536 430080
711 2 1297920 1310720 1310720 1330688
133 1 2867200 2871296
711 1 1330688 1334784
552 1 389120 430080
387 1 2269184 2285568
552 1 438272 442368
12 1 2334720 2351104
210 1 1667072 1667584
210 1 1667584 1683456
260 1 126976 128000
260 1 128000 132096
260 1 132096 136192
260 1 136192 140288
893 1 1863168 1883648
782 1 409600 413696
686 1 2994176 2998272
13 1 2891776 2895872
230 1 1277952 1282048
852 1 262144 266240
834 1 1536000 1540096
31 1 3059712 3063808
116 1 1118208 1171456
160 1 1294336 1310720
980 1 2031616 2039808
784 1 2662400 2686976
575 1 446464 450048
145 1 2957312 2961408
224 1 585728 593920
669 1 2400256 2404352
442 1 2949120 2953216
285 1 2715648 2736128
224 1 589824 593920
44 1 516096 520192
30 1 1015808 1036288
224 1 589824 593920
58 1 851968 872448
284 1 1134592 1138688
888 1 2170880 2174976
230 1 118784 122880
116 1 118784 126976
133 1 3043328 3047424
26 1 901120 921600
4 1 458752 462848
858 1 1761280 1765376
256 1 1224704 1249280
956 1 630784 634880
256 1 1249280 1253376
10 1 1040384 1048576
509 1 2035712 2039808
215 1 2162688 2166784
509 1 2072576 2076672
153 1 1953792 1957888
65 1 102400 106496
26 1 3096576 3100672
261 1 1044480 1048576
135 1 1871872 1875968
133 1 2838528 2842624
975 1 1261056 1286144
0 1 421888 442368
856 1 1851392 1855488
702 1 2449408 2453504
670 3 872960 1048576 1048576 1310720 1310720 1397248
846 1 716800 720896
429 1 344064 356352
460 1 556032 558592
140 1 2191360 2195456
951 1 729088 737280
712 1 1806336 1810432
133 1 2838528 2842624
909 1 471040 475136
27 1 2195456 2203648
429 1 356352 360448
320 1 2539520 2543616
341 1 647168 651264
133 1 2912256 2916352
48 1 466944 471040
135 1 1843200 1847296
379 1 347648 359936
379 1 364032 384512
989 1 1412608 1437184
353 1 192512 196608
989 1 1437184 1441280
991 1 831488 905216
218 1 2592768 2596864
213 1 2317824 2330112
980 1 1966080 1970176
16 1 2019328 2023424
379 1 1547776 1551872
379 1 749056 753152
379 1 491008 499200
989 1 1441280 1469952
991 1 905216 909312
989 1 1469952 1474048
135 1 1777664 1781760
804 1 2469376 2485760
804 1 2539008 2571776
994 1 486912 511488
889 1 1655808 1656320
622 1 1961984 1966080
820 1 647168 655360
820 1 598016 622592
16 1 2306048 2309632
980 1 2088960 2097152
856 1 1806336 1814528
328 1 1503232 1503744
856 1 1814528 1818624
851 1 3084288 3092480
756 1 1781248 1781760
133 1 2936832 2940928
545 1 1159168 1159680
276 2 1506816 1572864 1572864 1719808
162 1 1970176 1974272
994 1 1376256 1380352
297 1 77824 81920
276 1 1719808 1723904
980 1 1986560 1994752
722 1 2961408 2965504
932 1 421888 430080
219 2 569344 786432 786432 1015808
248 1 1048576 1064960
167 1 2883584 2904064
135 1 1847296 1859584
44 1 2747904 2752000
721 1 2265088 2269184
26 1 2646016 2650112
902 1 331776 335872
721 1 2269184 2334720
721 1 2334720 2338816
135 1 1777664 1781760
167 1 1634304 1638400
721 2 2338816 2359296 2359296 2387968
167 1 2293760 2310144
721 1 2387968 2392064
167 1 1765376 1769472
167 1 2162688 2170880
554 1 2895872 2897408
486 1 2023424 2031616
135 1 1843200 1863680
98 1 3076096 3080192
879 1 1146880 1150976
35 1 1912832 1957888
348 1 1876480 1883648
24 1 2818048 2838528
7 1 884736 888832
348 1 1883648 1892352
771 1 1380352 1384448
167 1 1445888 1462272
720 1 790528 794624
872 2 471040 524288 524288 638976
10 1 1225728 1226752
4 1 552960 561152
872 1 638976 643072
5 1 2375680 2379776
988 1 2428928 2433024
720 1 811008 815104
410 1 3121664 3145728
411 2 0 262144 262144 500224
988 1 2416640 2420736
720 1 815104 827392
10 1 1226240 1227264
49 1 978944 983040
103 1 172032 176128
253 1 2215936 2220032
230 1 2777088 2781184
140 1 1241088 1245184
140 1 1703936 1720320
133 1 2826240 2834432
133 1 2891776 2895872
166 1 1499136 1507328
166 1 1572864 1585152
427 1 364544 368640
133 1 2826240 2842624
427 1 364544 376832
427 1 372736 376832
427 1 372736 376832
140 1 1720320 1732608
228 1 2883584 2891776
427 1 372736 385024
427 1 380928 385024
77 1 1384448 1388544
985 1 1458176 1462272
539 1 573440 593920
976 1 1441792 1445888
234 1 733184 749568
624 1 790528 794624
65 1 2347008 2351104
333 1 2174976 2179072
874 1 2199552 2203648
333 1 323584 325120
60 1 3108864 3125248
37 1 1531904 1540096
182 1 1912832 1933312
582 1 1646592 1650688
135 1 1777664 1785856
150 1 172032 176128
133 1 2850816 2854912
141 1 1269760 1286144
133 1 2916352 2920448
135 1 1847296 1855488
582 1 1646592 1650688
133 1 2850816 2854912
133 1 2916352 2920448
194 1 2510848 2531328
582 1 1646592 1650688
133 1 2850816 2854912
37 1 1466368 1478656
135 1 1781760 1785856
93 1 2977792 2981888
823 1 3100672 3104768
182 1 2383872 2424832
994 1 511488 515584
85 1 2228224 2252800
649 1 974848 978944
858 1 1933312 1937408
399 1 1949696 1982464
779 1 720896 724992
116 1 1171456 1175552
160 1 1310720 1323008
48 1 393216 397312
937 1 1945600 1949696
653 3 2515456 2621440 2621440 2883584 2883584 3039744
782 1 413696 417792
25 1 1949696 1978368
244 1 2658304 2686976
209 1 217088 218112
608 3 1442304 1572864 1572864 1835008 1835008 1966592
782 1 417792 421888
25 1 1978368 1990656
718 1 2482176 2486272
81 1 458752 524288
399 1 1982464 1986560
304 1 323584 339968
304 1 413696 430080
272 1 2912256 2916352
522 3 2207744 2359296 2359296 2621440 2621440 2732032
522 1 2732032 2768896
133 1 2846720 2859008
21 1 1799168 1799680
987 1 3018752 3022848
857 1 1945600 1949696
135 1 1777664 1794048
851 1 3092480 3096576
622 1 1961984 1966080
980 1 2048000 2052096
857 1 1961984 1966080
980 1 2027520 2031616
517 1 2523136 2525696
198 1 16384 20480
517 1 2220032 2223104
382 1 1155072 1163264
775 1 1200128 1204224
146 1 802816 806912
294 1 1163264 1167360
429 1 1892352 1896448
790 1 527872 531968
324 1 778240 782336
44 1 528384 536576
978 1 749568 761856
900 1 2019328 2023424
167 1 1126400 1130496
725 1 761856 774144
167 1 651264 655360
167 1 1310720 1323008
725 1 774144 778240
148 1 3112960 3117056
547 1 2150400 2156544
379 1 1175552 1179648
837 1 843776 851968
181 1 2428928 2429440
438 1 1900544 1904640
5 1 1380352 1384448
5 1 1454080 1462272
74 1 3014656 3018752
75 1 2150400 2154496
860 1 1875968 1880064
13 2 516096 524288 524288 708608
13 2 770048 786432 786432 1004032
13 3 1004032 1048576 1048576 1310720 1310720 1462784
13 3 1528320 1572864 1572864 1835008 1835008 2052608
13 3 2052608 2097152 2097152 2359296 2359296 2576896
13 1 3051520 3105280
13 3 2576896 2621440 2621440 2883584 2883584 3047424
13 1 3105280 3145728
14 2 0 262144 262144 483840
976 1 1441792 1445888
681 1 2957312 2961408
545 1 1159168 1160704
320 1 3104768 3137536
566 1 2183168 2187264
10 1 2580480 2584576
429 1 438272 450560
460 1 558080 558592
348 1 1892352 1895424
27 1 2203648 2207744
670 3 1397248 1572864 1572864 1835008 1835008 1856000
133 1 2904064 2908160
758 1 323584 327680
429 1 450560 454656
803 1 1851392 1855488
101 1 2265088 2269184
439 1 1413120 1417216
497 1 1409024 1413120
478 1 2400256 2498560
58 1 2949120 2957312
838 1 28672 36864
571 1 2678784 2682880
190 1 1966080 1974272
187 1 1638400 1703936
145 1 327680 458752
290 1 884736 888832
289 1 1523712 1527808
187 3 1114112 1310720 1310720 1572864 1572864 1638400
980 1 1970176 1974272
610 3 991232 1048576 1048576 1310720 1310720 1363968
840 1 1888256 1896448
932 1 430080 434176
698 1 2252288 2264576
16 1 3076096 3080192
611 1 2482176 2547712
698 1 2264576 2268672
470 1 2252800 2256896
141 1 1183744 1196032
356 1 1150976 1155072
356 1 1155072 1179648
368 1 3031040 3035136
319 1 2052096 2056192
356 1 1179648 1183744
319 1 2056192 2068480
356 1 1183744 1191936
155 1 2449408 2453504
356 1 1191936 1196032
155 3 2453504 2621440 2621440 2883584 2883584 2940928
144 2 1597440 1835008 1835008 2043904
144 1 1593344 1597440
147 1 8192 24576
980 1 2031616 2035712
989 1 1474048 1478144
319 1 3112960 3117056
353 1 462848 471040
379 2 1551872 1572864 1572864 1576448
379 1 1687040 1691136
379 1 1621504 1629696
379 1 1592832 1617408
379 1 1707520 1711616
980 1 1966080 1970176
989 1 1478144 1482240
989 1 1482240 1515008
989 1 1515008 1519104
379 1 1551872 1568256
353 1 192512 196608
379 1 1969664 1977856
379 1 1711616 1736192
980 1 2031616 2048000
34 1 2588672 2596864
224 1 589824 593920
244 1 2203648 2224128
847 1 1871872 1880064
224 1 589824 602112
135 1 1843200 1847296
847 1 1880064 1884160
224 1 593920 598016
135 1 1773568 1777664
224 1 593920 598016
856 1 1495040 1503232
856 1 1503232 1507328
44 1 446464 450560
794 1 3047424 3051520
794 1 3055616 3117056
794 1 2752512 2756608
795 2 745472 786432 786432 806912
795 1 733184 737280
799 1 1114112 1118208
190 1 1900544 1904640
135 1 1843200 1847296
135 1 1806336 1818624
135 1 1773568 1777664
435 1 1855488 1859584
135 1 1880064 1884160
994 1 1380352 1384448
297 1 77824 81920
78 1 3133440 3137536
657 1 892928 897024
852 1 1994752 2002944
980 1 2056192 2060288
987 1 868352 872448
253 1 1634304 1638400
343 1 1781760 1785856
464 1 237568 241664
634 1 1744896 1761280
605 1 204800 208896
868 1 1171456 1179648
335 1 1585152 1589248
294 1 1413120 1416192
180 1 1134592 1138688
24 1 2686976 2691072
827 1 2322432 2326528
827 1 2351104 2355200
24 1 2748416 2752512
348 1 1895424 1896960
827 1 2379776 2383872
135 1 1777664 1781760
704 1 1200128 1204224
348 1 1896960 1899008
27 1 2207744 2215936
655 1 2981888 2985984
863 1 753664 761856
863 1 761856 765952
141 1 1372160 1376256
141 1 2424832 2441216
392 1 2609152 2613248
135 1 1843200 1847296
520 1 2048000 2052096
252 1 491520 495616
44 1 2953216 2957312
137 1 3100672 3108864
137 1 3072000 3076096
31 1 2236416 2273280
581 1 577536 581632
135 1 1789952 1806336
131 1 1806336 1835008
719 1 229376 237568
653 1 3039744 3145728
654 2 0 262144 262144 418304
25 1 1990656 1998848
970 1 2183168 2187264
893 1 385024 389120
893 1 319488 327680
683 1 2523136 2527232
25 1 1998848 2002944
782 1 421888 425984
216 1 2498560 2510848
123 1 864256 868352
48 1 479232 483328
179 1 1634304 1638400
616 1 1744896 1748992
273 1 2658304 2662400
134 1 966656 970752
135 1 1843200 1847296
201 1 1883648 1887744
3 1 987136 991232
201 1 1883648 1887744
945 1 2350592 2354688
945 1 2350592 2354688
377 1 1089536 1093632
201 1 1883648 1887744
201 1 1883648 1887744
5 1 1470464 1478656
135 1 1777664 1785856
135 1 1843200 1851392
728 1 2347008 2351104
60 1 2301952 2306048
617 3 2011136 2097152 2097152 2359296 2359296 2535424
617 3 1486848 1572864 1572864 1835008 1835008 2011136
2 1 2011136 2013184
867 1 2338816 2342912
867 1 2379776 2392064
617 2 2535424 2621440 2621440 2818048
592 1 262144 393216
617 1 2818048 2883584
389 1 724480 749056
682 1 2031616 2097152
311 1 2002432 2006528
190 1 323584 327680
794 1 1114112 1179648
665 1 1077248 1138688
190 1 1658880 1662976
497 1 1409024 1413120
685 1 2539520 2547712
120 1 483328 487424
373 1 2117632 2121728
522 2 2772992 2883584 2883584 3145728
523 1 0 114688
133 1 2920448 2924544
348 1 2784768 2788864
360 1 359936 364032
310 1 2121216 2125312
924 1 2105344 2109440
802 1 1355776 1358848
721 1 2392064 2461696
721 1 2461696 2465792
292 1 1056768 1060864
502 1 2150400 2152448
721 1 2465792 2519040
721 1 2519040 2523136
461 1 2420736 2424832
191 1 2015232 2019328
301 1 2142208 2146304
804 1 942080 950272
406 1 1830912 1835008
972 1 2875392 2879488
147 1 2101248 2105344
311 1 1855488 1859584
128 1 1921024 1925120
956 1 630784 634880
215 1 2166784 2183168
215 1 2183168 2187264
956 1 630784 634880
215 1 2187264 2195456
275 1 196608 208896
132 1 1322496 1330688
215 1 2195456 2199552
275 1 208896 212992
945 1 3039744 3041280
178 1 491520 495616
260 1 140288 144384
133 1 2063872 2067968
312 1 491008 519680
12 2 2351104 2359296 2359296 2371584
260 1 144384 148480
312 1 519680 523776
45 1 1470464 1486848
210 1 106496 110592
869 1 2412544 2420736
260 1 458752 459264
869 1 2420736 2424832
210 1 102400 106496
150 1 229376 233472
150 1 241664 245760
141 1 1327104 1339392
141 1 1286144 1294336
149 1 2486272 2490368
981 1 2482176 2486272
138 1 2256896 2260992
150 1 176128 180224
133 1 2916352 2924544
150 1 241664 249856
686 1 262144 266240
149 1 2486272 2490368
194 1 2531328 2543616
133 1 2854912 2859008
981 1 2482176 2486272
686 1 266240 270336
150 1 180224 184320
686 1 270336 274432
995 2 1306624 1310720 1310720 1355776
773 1 167936 168448
711 1 53248 57856
135 1 1814528 1818624
985 1 1462272 1466368
141 1 1269760 1286144
843 1 540672 544768
33 1 2662400 2667520
784 1 2662400 2666496
906 1 335872 339968
695 1 2818048 2822144
443 3 495616 524288 524288 786432 786432 975360
133 1 2932736 2936832
206 1 593920 606208
742 3 1245696 1310720 1310720 1572864 1572864 1769984
140 1 3112960 3117056
443 1 975360 983040
248 3 1650688 1835008 1835008 2097152 2097152 2174976
443 2 1032192 1048576 1048576 1069056
591 1 2711552 2715648
231 1 667648 671744
248 3 2174976 2359296 2359296 2621440 2621440 2699264
133 1 2867200 2875392
248 2 2699264 2883584 2883584 3145728
249 1 0 77824
249 3 77824 262144 262144 524288 524288 602112
443 1 2973696 3145728
444 2 0 262144 262144 307712
249 3 602112 786432 786432 1048576 1048576 1126400
742 2 1937408 2097152 2097152 2232832
742 2 1769984 1835008 1835008 1933312
145 1 2760704 2764800
976 1 1445888 1449984
987 1 3018752 3022848
51 1 819200 839680
980 1 1982464 1986560
622 1 1961984 1966080
44 1 466944 475136
980 1 2093056 2097152
184 1 2170880 2191360
287 1 2048000 2052096
613 1 1110016 1183744
932 1 434176 442368
464 2 2220032 2359296 2359296 2592768
32 1 626688 630784
287 1 2064384 2068480
287 1 2031616 2043904
287 1 2072576 2080768
525 1 1703936 1708032
34 1 2478080 2482176
484 1 1101824 1105920
135 1 1847296 1851392
135 1 1785856 1789952
484 1 1101824 1105920
135 1 1851392 1855488
547 1 1347584 1351680
994 1 1384448 1388544
251 1 663552 671744
253 1 1658880 1679360
547 1 1409024 1421312
863 1 3063808 3067904
384 1 1871872 1875968
871 1 2453504 2457600
857 1 901120 905216
885 1 3125248 3129344
687 1 3010560 3014656
9 1 2727936 2732032
199 1 1978368 2039808
387 1 1658880 1662976
899 1 2240512 2244608
56 1 1781760 1785856
392 1 2781184 2785280
587 1 1208320 1208832
149 1 167936 172032
149 1 196608 200704
149 1 430080 434176
274 1 1331200 1335296
526 1 409600 413696
169 1 2654208 2658304
148 1 3067904 3072000
316 1 728576 732672
452 1 1486336 1490432
454 1 826880 830976
133 1 2854912 2859008
41 1 786432 790528
399 1 1986560 1994752
157 1 561152 565248
625 1 1605632 1703936
846 1 1372160 1376256
779 1 720896 724992
135 1 1785856 1789952
97 1 2433024 2437632
506 1 2719232 2731520
838 1 36864 40960
190 1 1974272 2031616
611 1 2240512 2306048
465 2 720896 786432 786432 798720
840 1 2543616 2568192
843 1 1105920 1114112
478 1 2498560 2502656
778 1 2228224 2293760
840 1 2568192 2572288
611 1 2306048 2310144
804 1 2637312 2653696
843 1 1114112 1118208
649 1 974848 978944
478 1 2502656 2514944
771 1 2494464 2498560
528 1 823296 827392
964 1 2818048 2846720
464 2 2596864 2621440 2621440 2736128
525 1 1687552 1699840
525 1 1732608 1736704
528 1 847872 856064
525 1 1716224 1728512
525 1 1765376 1769472
528 1 835584 843776
525 1 1748992 1757184
528 1 831488 835584
525 1 1740800 1744896
530 1 2363392 2371584
530 1 2396160 2404352
525 1 1773568 1777664
530 1 2252800 2260992
905 1 1343488 1345536
683 1 2985984 3010560
608 3 1966592 2097152 2097152 2359296 2359296 2490880
25 1 2002944 2007040
4 1 1261568 1269760
135 1 2691072 2699264
987 1 348160 352256
837 1 851968 856064
421 1 1912832 1925120
741 1 860160 864256
624 1 790528 798720
48 1 413696 421888
624 1 794624 798720
48 1 483328 487424
429 1 454656 466944
460 1 558080 559104
166 1 1585152 1601536
231 1 2277376 2281472
133 1 2838528 2842624
907 1 479232 483328
429 1 466944 471040
27 1 2215936 2220032
348 1 1899008 1901056
855 1 1720320 1728512
670 3 1872384 2097152 2097152 2359296 2359296 2396672
781 1 1871872 1884160
872 1 643072 659456
176 1 2404352 2408448
4 1 491520 495616
872 1 659456 663552
6 1 2162688 2166784
872 1 663552 684032
411 3 500224 524288 524288 786432 786432 1024512
507 1 2039808 2043904
529 1 561152 566784
872 1 684032 688128
720 1 827392 835584
872 1 688128 704512
850 1 1204224 1212416
411 3 1024512 1048576 1048576 1310720 1310720 1548800
850 1 1212416 1216512
872 1 704512 708608
720 1 827392 831488
989 1 1519104 1543680
989 1 1543680 1547776
213 1 2326016 2338304
379 1 2067968 2084352
774 1 2662400 2666496
252 1 2883584 2891776
989 1 1547776 1551872
989 2 1551872 1572864 1572864 1576448
774 1 2670592 2674688
555 1 2465792 2467840
989 1 1576448 1580544
270 1 663552 667648
133 1 2826240 2830336
399 1 1994752 1998848
906 1 339968 348160
980 1 2035712 2039808
708 3 1917440 2097152 2097152 2359296 2359296 2441728
708 3 2441728 2621440 2621440 2883584 2883584 2966016
594 1 741376 757760
142 1 2854912 2859008
855 1 2977792 2985984
142 1 2850816 2854912
708 1 2966016 3145728
709 2 0 262144 262144 344576
253 1 405504 409600
863 1 1925120 1929216
21 1 1564672 1568768
249 1 2588672 2592768
77 1 1130496 1138688
248 1 2306048 2310144
866 1 1355776 1359872
77 1 1142784 1146880
705 1 1507328 1511424
587 1 1204224 1208320
73 1 2510848 2513920
427 1 2113536 2117632
555 1 2088960 2092544
77 1 114688 122880
892 1 589824 593920
477 1 2703360 2707456
431 1 450560 452608
627 2 2863104 2883584 2883584 2895872
77 1 122880 126976
1 1 1060864 1064960
541 1 2293760 2301952
541 1 2301952 2306048
856 1 1912832 1914368
40 1 2965504 2985984
18 1 2514944 2523136
994 1 515584 519680
155 1 1183744 1187840
18 1 524288 589824
994 2 519680 524288 524288 544256
693 1 2781184 2785280
469 1 24576 32768
867 1 2330624 2334720
40 1 475136 479232
135 1 1781760 1798144
406 1 1167360 1175552
224 1 626688 634880
975 1 2916352 2924544
135 1 1847296 1859584
517 1 335872 344064
517 1 344064 348160
975 1 2920448 2924544
517 1 348160 356352
517 1 356352 360448
292 1 1064960 1073152
352 1 3080192 3141632
975 1 2920448 2924544
517 1 360448 368640
354 1 974848 1044480
517 1 368640 372736
355 1 2023424 2093056
394 1 2420736 2421760
849 1 1548288 1556480
975 1 2920448 2924544
128 1 1929216 1933312
759 1 3055616 3059712
298 1 2629632 2633728
86 1 2650112 2654208
874 1 2293760 2297856
406 1 1544192 1548288
417 1 1024000 1040384
271 1 1536000 1540096
430 1 2387968 2396160
145 1 106496 109056
128 1 1941504 1945600
271 1 1581056 1585152
298 1 2646016 2650112
406 1 1568768 1572864
133 1 2863104 2879488
711 1 2281472 2285568
861 1 897024 901120
406 1 1761280 1765376
130 1 2678784 2682880
133 1 2891776 2895872
174 1 2949120 2965504
136 1 749568 753664
523 3 114688 262144 262144 524288 524288 638976
327 1 1888256 1896448
175 1 2334720 2338816
376 1 2301952 2310144
343 1 1097728 1101824
609 1 1732608 1736704
833 1 683520 687616
44 1 2748416 2752512
836 2 2879488 2883584 2883584 2887680
253 1 2924544 2945024
297 1 77824 81920
141 1 610304 614400
852 1 2002944 2007040
336 1 2387968 2392064
836 1 2887680 2891776
980 1 1990656 1994752
150 1 2469888 2486272
530 1 2375680 2383872
530 1 2670592 2674688
530 1 2240512 2248704
525 1 1785856 1794048
530 1 2412544 2416640
99 1 699904 704000
530 1 2273280 2281472
525 1 1843200 1851392
530 1 2289664 2293760
525 1 1806336 1830912
530 1 2543616 2555904
530 1 2564096 2572288
530 1 2580480 2584576
530 1 2588672 2592768
528 1 856064 864256
224 1 593920 598016
44 1 2969600 2985984
224 1 593920 598016
382 1 1351680 1490944
167 1 2465792 2490368
382 2 1556480 1572864 1572864 1576960
21 1 1466368 1470464
178 1 1699840 1732608
130 1 3117056 3133440
224 1 593920 602112
937 1 1585152 1589248
45 1 1486848 1507328
260 1 532480 536576
260 1 520192 524288
553 1 143360 147456
553 1 77824 81920
55 1 1474560 1495040
48 1 405504 409600
178 1 425984 430080
69 1 557056 561152
210 1 106496 110592
518 1 1908736 1912832
484 1 1101824 1105920
152 1 184320 188416
442 1 839680 843776
435 1 1855488 1859584
976 1 1445888 1449984
176 1 561152 581632
166 1 2777088 2785280
135 1 1785856 1794048
135 1 1880064 1884160
135 1 1777664 1781760
261 1 831488 835584
680 1 2760704 2764800
261 1 1044480 1048576
135 1 1814528 1818624
166 1 2019328 2031616
166 1 2490368 2494464
133 1 2826240 2830336
623 1 811008 815104
311 1 2006528 2031104
615 1 2162688 2207744
311 1 2031104 2035200
536 1 741376 774144
927 1 2551808 2555904
536 2 782336 786432 786432 819200
927 1 1507328 1511424
536 1 1986560 2007040
927 1 2060288 2064384
927 1 2400256 2404352
648 1 2146304 2228224
682 1 262144 327680
166 1 1585152 1597440
427 1 380928 385024
228 1 2822144 2826240
133 1 2904064 2912256
228 1 2887680 2891776
77 1 1384448 1388544
874 1 1523712 1531904
228 1 2822144 2826240
874 1 1531904 1536000
55 1 1822720 1826816
710 1 847872 851968
228 1 2887680 2891776
228 1 2822144 2834432
434 1 1196032 1200128
398 1 339968 344064
228 1 2895872 2899968
675 1 1097728 1105920
148 1 1638400 1769472
148 1 1900544 1966080
189 2 1835008 2097152 2097152 2359296
675 1 1105920 1110016
148 1 2031616 2097152
187 2 1966080 2097152 2097152 2228224
148 1 2162688 2228224
972 1 1085440 1089536
552 1 1581056 1582080
707 1 1130496 1134592
17 1 1789952 1794048
17 1 368640 372736
855 1 2985984 2990080
269 1 1351680 1355776
879 1 200704 204800
253 1 204800 208896
585 1 450560 454656
253 1 200704 204800
155 1 2330624 2334720
770 1 1265664 1269760
248 1 2035712 2048000
739 1 1794048 1798144
25 1 643072 651264
17 1 335872 344064
269 1 843776 847872
709 3 344576 524288 524288 786432 786432 868864
394 1 2686976 2691072
28 1 1835008 1851392
588 1 352256 360448
651 1 0 4096
658 1 2002944 2007040
658 1 2011136 2015232
658 1 2019328 2023424
658 1 2027520 2031616
658 1 2048000 2060288
478 1 667648 671744
303 1 2293760 2301952
303 1 2306048 2310144
395 1 1896448 1900544
851 1 2678784 2682880
851 1 2686976 2707456
851 1 2715648 2719744
63 1 1048576 1049088
868 1 1179648 1183744
278 1 745472 749056
181 1 1875968 1892352
63 1 729088 745472
40 1 618496 622592
461 1 524288 536576
32 1 749568 753664
253 1 847872 851968
252 1 2211840 2215936
367 1 1536000 1540096
989 1 1580544 1584640
253 1 2101248 2105344
253 1 843776 847872
379 1 2272768 2280960
379 1 2309632 2313728
379 1 2416128 2424320
379 2 2084352 2097152 2097152 2117120
379 1 2297344 2305536
379 1 2452992 2457088
989 1 1584640 1588736
989 1 1588736 1621504
353 1 192512 196608
989 1 1621504 1625600
980 1 1978368 1998848
135 1 1777664 1785856
135 1 1847296 1855488
322 1 2637824 2641920
854 1 1089536 1097728
135 1 1785856 1789952
854 1 1097728 1101824
135 1 1851392 1859584
322 1 2637824 2641920
135 1 1789952 1794048
253 1 2215936 2220032
525 1 1855488 1859584
528 1 925696 929792
528 1 970752 978944
528 1 888832 921600
528 1 958464 962560
528 1 868352 884736
528 1 937984 950272
135 1 1867776 1871872
173 1 737280 757760
171 1 2760704 2763776
167 1 1744896 1761280
478 1 2514944 2519040
994 1 544256 548352
665 1 1138688 1142784
994 1 548352 552448
292 1 876544 954368
133 1 2826240 2834432
149 1 2486272 2490368
150 1 245760 249856
133 1 2920448 2924544
686 1 274432 278528
981 1 2482176 2486272
686 1 278528 282624
150 1 180224 184320
686 1 282624 286720
150 1 245760 249856
686 1 286720 290816
981 1 2482176 2486272
150 1 180224 184320
281 1 1814528 1818624
906 1 348160 352256
281 1 1753088 1757184
160 1 1323008 1339392
972 1 1130496 1138688
133 1 2826240 2838528
133 1 2818048 2822144
5 1 1581056 1589248
399 1 2064384 2068480
399 1 1998848 2002944
66 1 2179072 2183168
58 1 204800 208896
34 1 2654208 2658304
847 1 139264 142848
56 1 2621440 2682880
35 1 1122304 1126400
789 1 2695168 2699264
135 1 1851392 1855488
578 1 1028096 1032192
678 1 36864 40960
578 1 1093632 1155072
578 2 1032192 1048576 1048576 1093632
784 1 999424 1003520
741 1 860160 864256
48 1 417792 421888
60 1 3125248 3145728
624 1 794624 802816
37 1 1470464 1482752
48 1 483328 487424
298 1 2654208 2662400
701 1 3117056 3145728
918 2 1556480 1572864 1572864 1587712
439 1 1093632 1097728
298 1 2670592 2678784
29 1 917504 919552
476 1 1671168 1675264
298 1 2686976 2691072
741 1 1564672 1572864
1 1 1150464 1154560
0 1 32256 36352
1 1 1216000 1220096
12 1 167424 171520
298 1 2695168 2699264
87 1 1052672 1056768
902 1 335872 339968
0 1 36352 40448
664 1 1449984 1454080
937 1 1445888 1523712
218 1 888832 892928
141 1 667648 671744
133 1 2871296 2883584
10 1 2506752 2510848
297 1 77824 86016
980 1 2056192 2060288
956 1 630784 638976
215 1 2199552 2207744
749 1 536576 544768
215 1 2207744 2211840
749 1 544768 548864
956 1 634880 638976
429 1 471040 483328
844 1 249856 258048
855 1 1728512 1732608
460 1 558592 560640
751 1 622592 626688
133 1 2904064 2908160
770 1 1048576 1052672
844 1 258048 262144
429 1 483328 487424
670 1 2396672 2424832
622 1 2312192 2313728
780 1 1908736 1912832
346 1 12288 20480
373 1 2117632 2121728
843 2 2096640 2097152 2097152 2100736
544 1 1011200 1015296
212 1 2715648 2719744
133 1 2920448 2924544
339 1 2822144 2871296
690 1 1544192 1550848
690 1 1892352 1904640
690 1 1552384 1556480
691 1 503808 506368
714 1 557056 561152
714 1 561152 577536
701 1 2797568 2805760
714 1 577536 581632
40 1 2940928 2961408
40 1 2961408 2973696
544 1 917504 983040
845 1 358400 423936
843 1 438272 442368
215 1 319488 327680
997 1 2744320 2746880
490 1 892928 909312
622 1 1961984 1966080
987 1 3018752 3022848
980 1 2027520 2031616
980 1 2048000 2052096
51 1 839680 851968
622 1 1961984 1966080
889 1 1656320 1656832
980 1 2093056 2097152
987 1 3018752 3022848
980 1 1982464 1990656
683 1 3010560 3014656
782 1 425984 430080
654 3 418304 524288 524288 786432 786432 942592
25 1 2007040 2015232
573 1 2994688 3145728
574 2 0 262144 262144 373248
166 1 3063808 3076096
676 1 2617344 2621440
804 1 2653696 2682368
804 1 2706944 2723328
804 1 2682368 2702848
148 1 2621440 2686976
191 1 3080192 3145728
192 1 0 131072
35 1 1900544 1921024
149 1 536576 540672
592 1 901120 905216
926 1 3006464 3014656
149 1 1495040 1499136
249 3 1126400 1310720 1310720 1572864 1572864 1650688
249 1 2699264 2764800
18 1 2580480 2584576
249 3 1650688 1835008 1835008 2097152 2097152 2174976
659 1 2936832 2949120
444 1 307712 352256
133 1 2936832 2945024
249 3 2174976 2359296 2359296 2621440 2621440 2699264
249 2 2764800 2883584 2883584 3145728
250 1 0 143360
250 3 143360 262144 262144 524288 524288 667648
250 3 667648 786432 786432 1048576 1048576 1191936
40 1 2899968 2916352
742 2 2298368 2359296 2359296 2543616
123 1 864256 872448
742 1 3080192 3137536
250 3 1716224 1835008 1835008 2097152 2097152 2240512
250 3 1191936 1310720 1310720 1572864 1572864 1716224
742 2 2543616 2621440 2621440 2765312
559 1 1597440 1650688
858 1 1843200 1847296
102 1 1069056 1073152
707 1 430080 442368
941 1 2031616 2043904
181 1 1892352 1900544
188 1 49152 61440
258 1 2367488 2371584
106 1 1986560 1990656
889 1 1490944 1495040
735 1 3047424 3051520
304 1 1130496 1134592
304 1 1138688 1146880
747 1 1839104 1843200
304 1 1146880 1150976
679 1 532480 544768
123 1 798720 802816
930 1 3084288 3088384
845 1 856064 905216
413 3 2482176 2621440 2621440 2883584 2883584 3006464
413 1 3006464 3145728
414 2 0 262144 262144 385024
414 3 909312 1048576 1048576 1310720 1310720 1384448
414 3 385024 524288 524288 786432 786432 909312
419 1 2969600 2971648
141 1 2613248 2621440
163 1 651264 659456
413 1 299008 307200
140 1 1884160 1896448
412 2 2609152 2621440 2621440 2633728
412 1 3125248 3133440
656 1 699392 699904
655 1 2842624 2850816
412 1 1216512 1224704
126 1 2437120 2441216
865 1 565248 573440
865 1 573440 577536
145 1 1331200 1335296
215 1 1658880 1667072
645 1 1913344 1913856
645 1 1913856 1914368
645 1 1914368 1914880
645 1 1914880 1915392
10 1 2580480 2584576
846 1 1372160 1376256
157 1 565248 569344
888 1 2789376 2793472
274 1 802816 803840
779 1 720896 724992
24 1 2039808 2043904
399 1 2068480 2072576
780 1 1495040 1548288
906 1 352256 360448
33 1 2682880 2692096
980 1 1970176 1974272
939 1 2043904 2052096
756 1 1781248 1781760
405 1 741376 749568
758 1 819200 843776
862 1 1314816 1323008
35 1 2527232 2531328
191 3 2555904 2621440 2621440 2883584 2883584 3080192
148 1 2883584 3014656
642 1 376832 389632
691 1 155648 159232
690 1 3133440 3144192
690 1 3076096 3079680
45 1 606208 610304
320 1 2539520 2543616
523 3 638976 786432 786432 1048576 1048576 1163264
691 1 507904 510464
45 1 614400 618496
171 1 1585152 1589248
174 1 2965504 2985984
435 3 2022912 2097152 2097152 2359296 2359296 2547200
435 2 2547200 2621440 2621440 2870784
578 1 1155072 1159168
246 1 163840 167936
56 1 2678784 2682880
157 1 561152 565248
97 1 1826816 1830912
906 1 360448 364544
780 1 1544192 1548288
849 1 1765376 1769472
747 1 204800 208896
429 1 487424 499712
20 1 1892352 1908736
670 3 2473984 2621440 2621440 2883584 2883584 2970112
460 1 560128 561152
44 1 450560 458752
789 1 1314816 1318912
133 1 2838528 2846720
429 1 499712 503808
858 1 499712 503808
475 1 831488 832512
1 1 610304 614400
274 1 1748992 1753088
5 1 2535424 2551808
274 1 974848 983040
528 1 999424 1015808
528 1 1052672 1056768
530 1 1167360 1175552
528 1 1032192 1040384
530 1 1146880 1150976
530 1 1179648 1183744
530 1 1159168 1163264
528 1 1044480 1048576
932 1 442368 446464
99 1 2326016 2334208
530 1 1208320 1220608
298 1 1551872 1555968
574 3 1946112 2097152 2097152 2359296 2359296 2470400
574 3 373248 524288 524288 786432 786432 897536
574 3 897536 1048576 1048576 1310720 1310720 1421824
574 3 1421824 1572864 1572864 1835008 1835008 1946112
575 1 696832 720896
575 2 373248 524288 524288 696832
574 3 2470400 2621440 2621440 2883584 2883584 2994688
907 1 995328 1003520
387 1 1609728 1613824
681 1 2146304 2154496
423 1 2097152 2105344
203 1 1081344 1085440
277 1 450560 507904
276 1 1884160 1912832
276 1 1912832 1916928
949 1 1929216 1933312
276 1 1916928 1945600
276 1 1945600 1949696
10 1 2580480 2584576
176 1 581632 589824
32 1 2899968 2916352
176 1 1179648 1183744
135 1 1880064 1892352
255 1 1921024 1925120
166 1 2781184 2789376
705 1 192512 196608
166 1 1744896 1765376
141 1 1286144 1294336
141 1 1327104 1339392
870 1 3022848 3031040
994 1 552448 556544
994 1 556544 589312
994 1 589312 593408
870 1 3031040 3035136
804 1 2653696 2670080
804 1 2723328 2756096
158 1 1880064 1884160
297 1 81920 86016
162 1 1974272 1978368
980 1 1990656 1994752
10 1 2580480 2584576
624 1 798720 802816
741 1 860160 864256
48 1 417792 421888
843 1 2043904 2052096
48 1 483328 487424
843 1 2052096 2056192
530 1 1277952 1286144
98 1 3034624 3038720
99 1 2448896 2452992
98 1 998912 1011200
99 1 2194944 2199040
530 1 1200128 1204224
100 1 445952 450048
530 1 1257472 1265664
530 1 1314816 1323008
230 1 2346496 2350592
530 1 1187840 1196032
530 1 1228800 1245184
530 1 1290240 1298432
614 1 2338816 2342912
801 1 1622016 1626112
806 1 3006464 3015680
888 3 2355200 2359296 2359296 2621440 2621440 2646016
31 1 2273280 2277376
888 1 2650112 2871296
101 1 471040 475136
150 1 245760 249856
981 1 2482176 2486272
686 1 290816 294912
686 1 303104 307200
686 1 315392 319488
686 1 294912 299008
686 1 307200 311296
686 1 319488 323584
686 1 299008 303104
150 1 180224 184320
686 1 311296 315392
135 1 1839104 1851392
150 1 245760 249856
12 1 1835008 1851392
141 1 1400832 1421312
135 1 1847296 1855488
168 1 978944 999424
135 1 1781760 1789952
92 1 1961984 1966080
201 1 1883648 1887744
201 1 1883648 1887744
12 1 1851392 1871872
141 1 1458176 1466368
141 1 1421312 1425408
5 1 1540096 1544192
168 1 1110016 1122304
201 1 1883648 1887744
201 1 1883648 1887744
272 1 2912256 2916352
866 1 1847296 1855488
135 1 1855488 1859584
866 1 1855488 1859584
135 1 1789952 1798144
89 1 2744320 2747904
321 1 1572864 1576960
563 1 417792 421888
316 1 2105344 2109440
316 1 2093056 2097152
980 1 2035712 2039808
379 2 2084352 2097152 2097152 2100736
251 1 356352 372736
379 1 2457088 2461184
379 1 2575872 2604544
980 1 2060288 2068480
989 1 1625600 1650176
246 1 2019328 2023424
989 1 1650176 1654272
353 1 475136 487424
980 1 1998848 2002944
213 1 2334208 2346496
15 1 1015808 1032192
353 1 192512 196608
22 1 1069056 1077248
980 1 2064384 2080768
578 1 1159168 1171456
379 1 2023424 2031616
622 1 1961984 1966080
184 1 2191360 2203648
980 1 2027520 2031616
159 1 1888256 1892352
18 1 2523136 2539520
987 1 3018752 3022848
20 1 1892352 1912832
111 1 1257472 1294336
622 1 1961984 1966080
980 1 2052096 2056192
13 1 1531904 1544192
110 1 737280 765952
987 1 274432 339968
133 1 2854912 2863104
985 1 2154496 2207744
850 1 753664 761856
45 1 2109440 2113536
260 1 458752 459264
294 1 2637824 2641920
210 1 102400 106496
55 1 1495040 1507328
858 1 733184 741376
48 1 598016 602112
119 1 1839104 1843200
858 1 741376 745472
119 1 1855488 1859584
336 1 1363968 1365504
33 1 1957888 1974272
980 1 2043904 2048000
921 1 1662976 1664512
316 1 3112960 3126272
243 1 1220608 1223680
12 1 2383872 2404352
5 1 1560576 1572864
14 3 483840 524288 524288 786432 786432 1008128
14 1 1008128 1036288
14 1 1572864 1630208
14 3 1036288 1048576 1048576 1310720 1310720 1475072
12 1 2404352 2416640
14 1 1475072 1572864
14 2 1638400 1835008 1835008 2064896
14 3 2064896 2097152 2097152 2359296 2359296 2486272
740 1 2654208 2666496
783 1 1363968 1368064
783 1 1261568 1265664
374 2 491520 524288 524288 540672
758 1 843776 847872
862 1 1323008 1327104
364 1 2854912 2859008
35 1 2531328 2535424
274 1 2260992 2273280
435 1 573440 638976
16 1 393216 397312
676 1 1884160 1888256
429 1 552960 565248
677 1 1605632 1609728
768 1 1540096 1544192
460 1 560640 561152
378 1 1982464 2007040
833 1 876544 884736
44 1 2985984 3006464
224 1 598016 602112
378 1 2007040 2011136
833 1 884736 888832
167 1 2555904 2568192
224 1 598016 602112
224 1 598016 602112
224 1 598016 602112
979 1 1863680 1900544
435 1 671744 737280
435 1 737280 741376
709 2 868864 1048576 1048576 1064960
709 2 1069056 1310720 1310720 1331712
805 2 737280 786432 786432 802816
733 1 2113536 2117632
709 1 1397248 1478656
283 1 1622016 1626112
709 1 2031616 2060288
735 1 802816 806912
709 3 1478656 1572864 1572864 1835008 1835008 1892864
42 1 163840 188416
76 1 1331200 1335296
421 1 1925120 1937408
166 1 2494464 2514944
135 1 1818624 1830912
383 1 1851392 1855488
256 1 2646016 2650112
245 1 2289664 2293760
584 1 393216 397312
245 1 3125248 3129344
135 1 1892352 1896448
290 1 2146304 2150400
135 1 1826816 1830912
720 1 815104 819200
838 1 1613824 1622016
720 1 835584 843776
411 3 1548800 1572864 1572864 1835008 1835008 2055680
838 1 1622016 1626112
872 1 708608 724992
872 1 724992 729088
637 1 823296 827392
640 1 438272 442368
872 1 729088 749568
872 1 749568 753664
545 1 1867776 1871872
166 1 1937408 1961984
955 1 749568 753664
955 1 786432 790528
166 1 1961984 1966080
17 1 2883584 2899968
756 1 1781248 1782272
853 1 3084288 3092480
297 1 81920 86016
369 1 163328 196096
369 1 196096 200192
994 1 593408 597504
994 1 597504 617984
469 1 32768 36864
215 1 2211840 2220032
215 1 2220032 2224128
133 1 2826240 2830336
58 1 262144 282624
789 1 1368064 1372160
816 1 2375680 2473984
233 1 2957312 2958848
849 1 1556480 1560576
517 1 372736 380928
517 1 380928 385024
975 1 2920448 2924544
871 1 1507328 1515520
517 1 385024 393216
871 1 1515520 1519616
517 1 393216 397312
588 1 2158592 2162688
975 1 2920448 2924544
517 1 397312 405504
517 1 405504 409600
141 1 1417216 1425408
141 1 1458176 1470464
975 1 2920448 2924544
166 1 1638400 1654784
135 1 1859584 1867776
440 1 282624 286720
135 1 1798144 1802240
441 1 1114112 1118208
167 1 413696 434176
18 1 2539520 2560000
980 1 2031616 2035712
838 1 81920 86016
865 1 774144 782336
835 1 3125248 3145728
836 1 0 24576
838 1 94208 147456
149 1 278528 282624
628 1 1097728 1101824
386 1 2383872 2424832
378 1 708608 774144
838 1 212992 221184
523 3 1163264 1310720 1310720 1572864 1572864 1687552
133 1 2924544 2932736
50 1 1736704 1740800
23 1 835584 856064
450 1 2793472 2797568
339 1 2871296 2875392
35 1 1921024 1933312
851 1 1298432 1310720
525 1 1404928 1407488
166 1 200704 204800
572 2 2609152 2621440 2621440 2654208
587 1 253952 258048
250 3 2240512 2359296 2359296 2621440 2621440 2764800
251 2 143360 262144 262144 466944
306 1 1699840 1809408
444 3 417792 524288 524288 786432 786432 897536
251 3 991232 1048576 1048576 1310720 1310720 1515520
250 2 2764800 2883584 2883584 3145728
251 1 0 143360
251 3 1515520 1572864 1572864 1835008 1835008 2039808
133 1 2875392 2879488
18 1 2514944 2519040
251 3 466944 524288 524288 786432 786432 991232
251 3 2039808 2097152 2097152 2359296 2359296 2564096
251 3 2564096 2621440 2621440 2883584 2883584 3088384
252 3 466944 524288 524288 786432 786432 991232
251 1 3088384 3145728
252 2 0 262144 262144 466944
252 3 991232 1048576 1048576 1310720 1310720 1314816
252 3 1314816 1572864 1572864 1835008 1835008 1839104
118 1 1458176 1461248
211 1 1986560 1990656
211 1 1982464 1986560
354 1 40960 45056
354 1 90112 94208
160 1 257536 261632
211 1 1986560 1990656
40 1 483328 491520
48 1 1851392 1867776
40 1 421888 430080
48 1 1867776 1888256
241 1 2867200 2879488
135 1 1773568 1777664
239 1 602112 622592
750 1 2191360 2195456
750 1 2113536 2117632
416 1 2715648 2744320
578 1 1171456 1175552
526 1 1605632 1606144
526 1 1606144 1606656
526 1 1617920 1618944
526 1 1606656 1609728
526 1 1618944 1622016
741 1 860160 864256
48 1 417792 421888
398 1 778240 782336
162 1 1970176 1974272
149 1 1187840 1196032
980 1 2056192 2064384
347 1 2781184 2785280
994 1 617984 622080
497 2 929792 1048576 1048576 1097728
539 2 139264 262144 262144 307200
506 1 2727424 2739712
780 1 1544192 1548288
160 1 1339392 1355776
906 1 364544 372736
266 1 1691648 1695744
167 1 1683456 1703936
27 1 306688 323072
135 1 1847296 1851392
27 1 323072 327168
860 1 1626112 1630208
634 1 1761280 1769472
343 1 1785856 1810432
632 1 1769472 1781760
605 1 139264 151552
343 1 1810432 1814528
167 1 2097152 2109440
135 1 1781760 1785856
739 1 1433600 1437696
809 1 483328 491520
234 3 1769472 1835008 1835008 2097152 2097152 2281472
960 1 159232 163328
522 1 1670656 1674752
475 1 2706944 2711040
192 1 335360 339456
522 1 1654272 1666560
475 1 2764288 2768384
253 1 994816 998912
530 1 1327104 1331200
530 1 1351680 1363968
530 1 1388544 1396736
530 1 1417216 1421312
377 1 1584640 1588736
108 1 122880 131072
415 1 2134016 2138112
50 1 2293760 2318336
150 1 983040 1048576
526 1 1736704 1737728
856 1 733184 741376
856 1 741376 745472
645 1 1915392 1915904
32 1 2953216 2969600
645 1 1915904 1916416
645 1 1916416 1916928
986 1 1810432 1830912
611 1 904192 904704
26 1 1377792 1379840
557 1 413696 417792
986 2 1830912 1835008 1835008 1888256
640 1 303104 385024
32 1 2969600 2990080
557 1 421888 422400
10 1 2514944 2523136
611 1 904704 905216
330 2 2056192 2097152 2097152 2121728
557 1 422400 422912
569 1 2285568 2289664
651 1 266240 270336
429 1 565248 569344
133 1 2908160 2912256
167 1 1699840 1703936
167 1 2240512 2244608
956 1 163840 167936
167 1 2162688 2174976
913 1 483328 487424
429 1 569344 581632
685 2 2072576 2097152 2097152 2138112
530 1 1458176 1462272
530 1 1449984 1454080
530 1 1368064 1380352
133 1 2891776 2899968
530 1 1433600 1441792
58 1 1294336 1298432
604 1 1035776 1039872
564 1 159744 163840
518 1 2776576 2780672
38 1 2776576 2780672
698 1 736768 740864
530 1 2461696 2465792
530 1 2682880 2686976
24 1 2924032 2928128
556 1 1540096 1544192
530 1 2453504 2457600
530 1 2486272 2490368
135 1 1802240 1806336
530 1 2781184 2785280
504 1 1625600 1629696
574 1 2994688 3145728
575 2 0 262144 262144 373248
575 3 758272 786432 786432 1048576 1048576 1169408
782 1 430080 434176
25 1 2015232 2023424
608 3 2490880 2621440 2621440 2883584 2883584 3015168
146 1 1069056 1081344
526 1 1765376 1766400
526 1 1737728 1740800
209 1 2584576 2609152
158 1 1093632 1097728
800 1 36864 40960
267 1 36864 40960
580 1 2162688 2170880
883 1 1744896 1753088
910 1 1101824 1110016
209 1 2674688 2699264
486 1 2781184 2789376
479 1 499712 503808
42 1 188416 192512
298 1 819200 843776
709 1 1892864 2031616
24 1 425984 446464
836 1 1544192 1548800
236 1 0 24576
308 1 1392640 1396736
35 1 2527232 2531328
141 1 1486848 1503232
308 1 1740800 1748992
628 1 147456 150016
481 1 2928640 2931200
364 1 2854912 2859008
135 1 1843200 1847296
722 1 188416 192512
721 1 3010560 3014656
722 1 294912 299008
445 1 2830336 2850816
149 1 1126400 1130496
618 1 2133504 2137600
804 1 2821632 2838016
182 1 2383872 2424832
423 1 2990080 3145728
424 1 0 8192
508 2 1187840 1310720 1310720 1347584
135 1 1843200 1847296
135 1 1822720 1826816
133 1 2908160 2912256
135 1 1888256 1892352
166 1 2785280 2793472
0 1 442368 454656
705 1 192512 196608
402 1 2371584 2379776
133 1 2904064 2908160
135 1 1822720 1830912
32 1 2916352 2936832
390 1 372736 376832
135 1 1777664 1781760
261 1 831488 835584
261 1 1044480 1048576
390 1 376832 380928
135 1 1892352 1896448
981 1 2482176 2486272
342 1 1564672 1568768
150 1 180224 188416
48 1 1904640 1921024
40 1 421888 425984
27 2 2584576 2621440 2621440 2637824
135 1 1888256 1896448
670 2 1564672 1572864 1572864 1593344
50 1 1798144 1802240
850 1 761856 765952
52 1 1200128 1204224
133 1 2863104 2867200
52 1 1728512 1732608
523 3 1687552 1835008 1835008 2097152 2097152 2211840
183 1 987136 991232
187 1 2228224 2293760
572 1 401408 405504
662 1 647168 651264
48 1 483328 487424
854 1 425984 434176
84 1 2318336 2334720
854 1 434176 438272
741 1 860160 864256
343 1 3002368 3010560
495 1 2695168 2699264
483 1 196608 204800
892 1 1929216 1937408
890 1 2990080 2998272
858 1 2158592 2162688
743 1 1036288 1040384
938 1 1802240 1806336
344 1 1601536 1605632
858 1 2224128 2228224
344 1 1536000 1540096
419 1 1642496 1646592
320 1 1761280 1830912
320 1 1830912 1835008
980 1 1970176 1978368
157 1 565248 569344
906 1 372736 376832
96 1 2686976 2690048
998 1 2310144 2314240
33 1 2703360 2712576
817 1 2129920 2162688
787 1 749568 753664
157 1 561152 565248
135 1 1843200 1847296
697 1 2138112 2142208
795 1 1593344 1658880
5 1 2699264 2719744
25 1 2932736 2953216
775 1 2015232 2019328
48 1 1146880 1150976
670 1 2970112 3145728
671 2 0 262144 262144 348672
429 1 581632 585728
348 1 1901056 1904128
39 1 835584 856064
869 1 2015232 2019328
681 1 2818048 2883584
576 1 1179648 1245184
682 1 327680 368640
536 1 925696 958464
535 1 2461696 2465792
584 1 1503232 1527808
584 3 880640 1048576 1048576 1310720 1310720 1318912
584 1 1601536 1622016
496 1 1916928 1922048
584 1 1634304 1650688
584 1 1691648 1699840
584 1 1449984 1486848
584 1 1536000 1560576
671 3 1191936 1310720 1310720 1572864 1572864 1638400
58 1 2572288 2588672
141 1 3080192 3084288
135 1 1843200 1851392
135 1 1884160 1896448
784 1 1847296 1851392
135 1 1826816 1830912
55 1 749568 770048
135 1 1892352 1896448
48 1 471040 479232
784 1 1847296 1851392
135 1 1826816 1830912
141 1 3084288 3100672
135 1 1892352 1896448
784 1 1847296 1851392
135 1 1826816 1830912
23 1 1368064 1372160
8 1 483328 487424
869 1 2220032 2228224
307 1 1970176 1971200
353 1 192512 196608
869 1 2228224 2232320
980 1 2011136 2015232
151 1 1888256 1892352
851 1 3088384 3096576
851 1 3096576 3100672
18 1 2523136 2539520
353 1 192512 196608
980 1 2076672 2084864
63 1 2568192 2584576
438 1 2375680 2379776
721 1 2523136 2576384
732 1 2514944 2519040
138 1 2473984 2478080
721 1 2576384 2580480
88 1 2846720 2854912
721 2 2580480 2621440 2621440 2629632
721 1 2629632 2633728
902 1 339968 344064
387 1 65536 69632
790 1 527872 531968
790 1 531968 536064
836 1 2207744 2228224
204 1 2166784 2179072
18 1 2928640 2932736
387 1 69632 73728
987 1 3018752 3108864
561 1 1064960 1114112
673 1 630784 647168
535 2 966656 1048576 1048576 1122304
849 1 2080768 2088960
980 1 1986560 1990656
849 1 2088960 2093056
673 1 647168 651264
561 1 1110016 1114112
980 1 2052096 2060288
707 1 761856 765952
135 1 1859584 1867776
135 1 1798144 1802240
321 1 1572864 1576960
135 1 1863680 1867776
708 1 1327104 1331200
253 1 2215936 2220032
449 1 2981888 2985984
450 1 163840 167936
95 1 2760704 2789376
220 1 704512 708608
85 1 2228224 2252800
994 1 622080 650752
994 1 650752 654848
329 1 1384448 1544192
450 1 2567680 2571776
629 1 1097216 1101312
232 1 1334784 1338880
136 1 773632 777728
488 1 1592832 1625600
32 1 2842112 2846208
445 1 2850816 2854912
158 1 1875968 1880064
789 1 2912256 2920448
853 1 3092480 3096576
297 1 81920 86016
149 1 1191936 1196032
17 1 2899968 2920448
819 1 2048000 2064384
917 1 1404928 1409024
820 1 1261568 1277952
780 1 1544192 1548288
295 1 974848 977920
317 1 36864 49152
16 1 483328 503808
487 1 1114112 1115136
16 1 434176 438272
185 1 389120 393216
457 1 1064448 1068544
16 1 499712 512000
838 1 24576 32768
838 1 32768 36864
16 1 442368 450560
867 1 2543616 2547712
167 1 1945600 1961984
185 1 389120 393216
832 1 2613248 2621440
533 1 2571776 2575872
530 1 1466368 1470464
530 1 2473984 2478080
530 1 2772992 2777088
614 1 2392064 2400256
531 1 1482752 1486848
531 1 1515520 1519616
531 1 1470464 1474560
531 1 1507328 1511424
531 1 1851392 1855488
531 1 1835008 1839104
575 3 1703936 1835008 1835008 2097152 2097152 2228224
575 3 1179648 1310720 1310720 1572864 1572864 1703936
654 3 942592 1048576 1048576 1310720 1310720 1466880
575 3 2228224 2359296 2359296 2621440 2621440 2752512
25 1 2023424 2031616
575 2 2752512 2883584 2883584 3145728
576 1 0 131072
576 3 131072 262144 262144 524288 524288 655360
576 3 655360 786432 786432 1048576 1048576 1179648
576 3 1179648 1310720 1310720 1572864 1572864 1703936
576 2 1703936 1835008 1835008 1966080
13 1 2887680 2891776
698 1 1970176 1974272
820 1 475136 479232
246 1 167936 172032
623 1 2392064 2404352
215 1 1658880 1712128
40 1 483328 487424
512 1 950272 954368
63 1 1867776 1888256
40 1 417792 425984
987 1 2306048 2310144
981 1 524288 528384
981 1 454656 458752
63 1 1888256 1900544
281 1 1265664 1282048
203 1 3018752 3022848
203 1 3006464 3010560
869 1 2072576 2081792
528 1 2646016 2686976
18 1 2514944 2523136
348 1 1904128 1906688
32 1 421888 425984
932 1 2838528 2839552
348 1 1913344 1913856
348 1 1906688 1913344
429 1 585728 598016
133 1 2826240 2830336
348 1 1913856 1917440
348 1 1917440 1918976
874 1 569344 577536
35 1 2531328 2535424
215 1 2412544 2461696
874 1 577536 581632
215 1 2461696 2465792
35 1 2527232 2531328
874 1 532480 548864
915 1 847872 851968
873 1 987136 995328
873 1 995328 999424
388 1 3104768 3112960
853 1 839680 847872
834 1 1052672 1060864
222 1 2736128 2744320
853 1 847872 851968
280 1 69632 72192
287 1 315392 320000
228 1 2646016 2666496
55 1 2441216 2445312
220 1 2342912 2347008
408 1 73728 90112
834 1 1060864 1064960
222 1 983040 987136
415 1 455168 456192
415 1 456192 457216
415 1 457216 457728
107 1 1454080 1462272
107 1 1466368 1470464
107 1 1478656 1482752
277 1 1261568 1269760
368 1 1527808 1531904
277 1 1966080 1970176
369 1 1888256 1892352
52 1 2297856 2301952
133 1 2928640 2936832
604 1 2150400 2196992
604 1 1105920 1167360
23 1 856064 868352
52 1 2834432 2838528
450 1 2793472 2797568
16 1 417792 421888
524 1 131072 143360
135 1 1777664 1781760
980 1 2039808 2043904
37 1 1912832 1929216
160 1 1355776 1372160
224 1 598016 602112
144 1 2314240 2322432
317 1 2174976 2191360
224 1 598016 602112
224 1 602112 610304
548 1 196608 208896
224 1 602112 606208
548 1 208896 212992
135 1 1777664 1785856
224 1 602112 606208
877 1 2088960 2093056
224 1 602112 606208
135 1 1847296 1851392
835 1 1802240 1810432
994 1 654848 658944
522 1 278528 421888
459 2 700416 786432 786432 839680
804 1 2838016 2866688
804 2 2866688 2883584 2883584 2887168
721 1 2633728 2686976
721 1 2686976 2691072
980 1 1994752 1998848
405 1 782336 786432
148 1 2829824 2883072
294 1 2662400 2711552
629 1 2035712 2043904
380 3 2523648 2621440 2621440 2883584 2883584 3047936
45 1 2215936 2224128
232 1 3072000 3088384
644 2 1212416 1310720 1310720 1351680
644 3 688128 786432 786432 1048576 1048576 1212416
834 1 905216 913408
600 1 1138688 1142784
834 1 913408 917504
656 1 1343488 1429504
659 1 483328 487424
657 1 401408 421888
369 1 630784 634880
514 1 2629632 2633728
514 1 2682880 2686976
124 1 1187840 1191936
814 1 118784 122880
277 1 1249280 1257472
668 1 61440 65536
369 1 638976 643072
278 1 806912 811008
514 1 2646016 2650112
683 1 2437120 2441216
71 1 1204224 1208320
195 1 1720320 1724416
278 1 2396160 2400256
163 1 1736704 1740800
314 1 1568768 1572864
279 1 2826240 2830336
285 1 1925120 1937408
183 1 2146304 2150400
85 1 696320 712704
48 1 417792 421888
21 1 1531904 1536000
48 1 483328 487424
21 1 1458176 1462272
522 1 2542080 2542592
741 1 860160 864256
624 1 798720 806912
133 1 2891776 2895872
133 1 2826240 2830336
133 1 2891776 2899968
504 1 544768 573440
133 1 2830336 2834432
133 1 2895872 2904064
10 1 2514944 2519040
32 1 2899968 2916352
84 1 1523712 1531904
10 1 2580480 2592768
10 1 2523136 2527232
10 1 2588672 2592768
275 1 180224 184320
383 1 1851392 1855488
451 1 479232 503808
21 1 811008 819200
135 1 1892352 1896448
135 1 1777664 1798144
135 1 1826816 1830912
469 1 2584064 2588160
451 1 479232 483328
383 1 1851392 1855488
135 1 1892352 1896448
67 1 1064960 1134592
575 1 720896 758272
510 1 2736128 2740224
13 1 2891776 2895872
17 1 2936832 2953216
608 1 3015168 3145728
609 2 0 262144 262144 393728
146 1 1019904 1024000
782 1 434176 438272
572 1 438272 446464
183 1 999424 1036288
970 1 2445312 2478080
703 1 2019328 2031616
709 3 2060288 2097152 2097152 2359296 2359296 2445824
298 1 843776 847872
703 1 2097152 2150400
42 1 192512 196608
984 1 901120 987136
442 1 2949120 2953216
979 1 1900544 1904640
709 3 2445824 2621440 2621440 2883584 2883584 2970112
442 1 2953216 2957312
585 1 589824 598016
157 1 565248 569344
906 1 376832 393216
141 1 1400832 1417216
903 1 2838528 2854912
33 1 2723840 2733056
526 1 2293760 2294272
24 1 507904 516096
871 1 2166784 2170880
133 1 2826240 2842624
662 1 1957888 1966080
364 1 2854912 2859008
262 1 1019904 1022464
185 1 1036288 1040384
353 1 192512 196608
18 1 2539520 2560000
22 1 2043392 2055680
980 1 2015232 2019328
151 1 1830912 1835008
162 1 2166272 2170368
162 1 2129408 2133504
116 1 1719808 1723904
116 1 1170944 1175040
118 1 2440704 2448896
118 1 2334208 2338304
511 1 343552 355840
118 1 2420224 2428416
519 1 3108352 3112448
630 1 2560000 2568192
630 1 1941504 1949696
90 1 1667072 1671168
245 1 2142208 2146304
531 1 1490944 1495040
531 1 1806336 1814528
564 1 159744 163840
531 1 2072576 2076672
531 1 2064384 2068480
531 1 2097152 2101248
531 1 2088960 2093056
531 1 2105344 2109440
531 1 2125824 2129920
24 1 2740224 2748416
530 1 2424832 2428928
531 1 2113536 2117632
840 1 3137536 3145728
841 1 0 16384
79 1 1486848 1499136
194 1 1413120 1417216
671 2 348672 524288 524288 610304
14 1 2867200 2871296
429 1 598016 602112
837 2 1044480 1048576 1048576 1052672
671 2 614400 786432 786432 877056
133 1 2891776 2895872
348 1 1918976 1921536
804 1 2891264 2907648
476 1 2957312 3014656
848 1 1171456 1179648
994 1 658944 663040
994 1 663040 695808
794 1 2301952 2306048
795 1 733184 737280
794 1 3047424 3051520
190 1 1966080 1974272
794 1 2310144 2359296
794 1 2752512 2756608
794 1 3055616 3117056
795 2 745472 786432 786432 806912
255 1 1921024 1925120
390 1 372736 376832
543 1 1888256 1912832
543 1 2048000 2072576
320 1 2244608 2250240
133 1 2838528 2846720
146 1 638976 643072
231 1 389120 401408
985 1 1466368 1482752
702 1 1249280 1253376
133 1 2908160 2912256
134 1 1843200 1863680
976 1 1441792 1445888
166 1 2789376 2797568
390 1 376832 380928
135 1 1826816 1835008
453 2 2621440 2883584 2883584 3014656
133 1 2842624 2846720
54 1 450560 454656
645 1 130560 134656
115 1 2891264 2895360
39 1 1081344 1085440
116 1 3584 7680
116 1 220672 224768
116 1 1084928 1093120
146 1 2879488 2883584
115 2 2883072 2883584 2883584 2887168
644 1 2563584 2567680
110 1 1752576 1756672
511 1 355840 392704
115 1 2932224 2936320
116 1 1326592 1330688
116 1 93696 97792
116 1 880128 884224
116 1 1244672 1248768
118 1 2108928 2113024
118 1 2338304 2346496
118 1 2407936 2420224
517 1 409600 417792
341 1 1802240 1806336
133 1 2826240 2834432
764 1 3067904 3071488
141 1 1941504 1957888
517 1 417792 421888
135 1 1777664 1781760
975 1 2920448 2924544
517 1 421888 430080
517 1 430080 434176
975 1 2920448 2924544
517 1 434176 442368
166 1 1654784 1675264
133 1 2895872 2904064
517 1 442368 446464
144 3 1069056 1310720 1310720 1572864 1572864 1593344
295 1 3043328 3055616
133 1 2891776 2895872
133 1 2822144 2826240
729 1 2011136 2023424
729 1 2023424 2027520
135 1 1777664 1781760
444 1 2211840 2224128
167 1 1437696 1441792
135 1 1835008 1839104
885 1 617984 618496
686 1 323584 327680
686 1 327680 331776
342 1 1564672 1568768
48 1 1921024 1941504
135 1 1892352 1896448
40 1 487424 491520
686 1 331776 335872
135 1 1835008 1839104
342 1 1564672 1568768
686 1 335872 339968
134 1 2818048 2830336
832 1 0 4096
123 1 802816 806912
18 1 2519040 2527232
135 1 1892352 1900544
927 1 385024 393216
134 1 3112960 3117056
16 1 2170880 2174976
752 1 2740224 2743296
832 1 0 4096
790 1 1507328 1511424
16 1 380928 385024
672 1 2912256 2916352
37 1 2379776 2383872
201 1 1089536 1092096
16 1 1634304 1638400
135 1 1830912 1835008
134 1 3112960 3121152
93 1 872448 876544
53 1 2539520 2543616
997 1 1695744 1728512
133 1 2867200 2871296
523 3 2211840 2359296 2359296 2621440 2621440 2723840
976 1 1445888 1449984
279 1 3051520 3063808
56 1 2994176 3002368
794 1 1114112 1179648
799 1 1114112 1118208
799 1 1179648 1183744
794 1 2555904 2621440
665 1 1142784 1179648
387 1 614400 749568
476 2 983040 1048576 1048576 1064960
794 1 2621440 2633728
994 1 695808 699904
252 3 1839104 2097152 2097152 2359296 2359296 2363392
252 3 2363392 2621440 2621440 2883584 2883584 2887680
742 1 3137536 3145728
743 1 0 201216
252 1 2887680 3145728
253 2 0 262144 262144 266240
133 1 2940928 2949120
253 2 266240 524288 524288 707072
742 2 2765312 2883584 2883584 3080192
587 1 253952 258048
444 3 897536 1048576 1048576 1310720 1310720 1421824
133 1 2879488 2883584
591 1 2711552 2715648
231 1 667648 671744
743 3 201216 262144 262144 524288 524288 725504
133 1 2945024 2949120
444 3 1421824 1572864 1572864 1835008 1835008 1946112
133 2 2879488 2883584 2883584 2891776
743 3 725504 786432 786432 1048576 1048576 1249792
175 1 3010560 3014656
835 1 1810432 1814528
841 1 176128 212992
395 1 2494464 2496000
572 1 2654208 2658304
130 1 1658880 1675264
369 1 1871872 1875968
504 1 1966080 1970176
30 1 499712 502784
157 1 561152 565248
906 1 458752 462848
780 1 1544192 1552384
118 1 2473472 2481664
115 1 2989568 2993664
116 1 2854400 2858496
116 1 101888 105984
118 1 2194944 2199040
116 1 1261056 1265152
118 1 2350592 2354688
118 1 2432512 2440704
118 1 2489856 2493952
116 2 1048064 1048576 1048576 1052160
118 1 2043392 2047488
118 1 2305536 2313728
118 1 2387456 2399744
118 1 2526720 2530816
118 1 2465280 2469376
118 1 2502144 2506240
118 1 2534912 2543104
116 1 1400320 1404416
118 1 2579968 2584064
874 1 1298432 1306624
10 1 2514944 2519040
501 1 1843200 1851392
380 1 3047936 3145728
381 2 0 262144 262144 426496
148 2 2883072 2883584 2883584 2887168
381 3 426496 524288 524288 786432 786432 950784
135 1 1777664 1781760
297 1 81920 86016
118 1 2428416 2432512
118 1 2547200 2555392
116 1 1408512 1412608
118 1 2625024 2629120
118 1 2514432 2518528
116 1 1424896 1428992
236 1 1511424 1515520
116 1 1367552 1371648
116 1 1302016 1310208
116 1 1248768 1252864
116 1 1166848 1170944
116 1 1023488 1039872
116 1 1392128 1396224
116 1 1338880 1351168
116 1 1379840 1388032
116 1 1289728 1297920
116 1 1318400 1326592
116 1 1236480 1240576
116 1 1134080 1138176
116 1 1265152 1269248
849 1 2560000 2568192
849 1 2568192 2572288
16 1 512000 516096
832 1 2621440 2625536
16 1 446464 450560
185 1 389120 393216
16 1 512000 516096
140 1 1179648 1228800
167 1 1961984 1966080
645 1 1331200 1335296
18 1 2646016 2650112
259 1 1769472 1818624
681 1 1884160 1888256
16 1 446464 450560
167 1 2162688 2179072
379 1 286720 294912
92 1 700416 704512
92 1 626688 638976
304 1 2940928 2945024
35 1 2531328 2535424
40 1 548864 552960
662 1 2162688 2220032
141 1 1503232 1507328
24 1 446464 450560
141 1 2555904 2572288
48 1 1912832 1929216
24 1 512000 516096
736 1 1519616 1520640
40 1 614400 622592
525 1 1675264 1679360
31 1 331776 339968
31 1 348160 352256
32 1 1568768 1572864
31 1 315392 327680
32 1 1581056 1585152
32 1 1552384 1560576
32 1 1593344 1597440
228 1 1077248 1089536
481 1 1261568 1290240
564 1 159744 163840
840 1 1417216 1425408
32 1 1605632 1613824
32 1 1630208 1642496
32 1 1675264 1679360
32 1 1646592 1662976
4 1 475136 491520
386 1 147456 163840
141 1 3072000 3080192
142 1 393216 401408
543 1 192512 200704
48 1 417792 425984
935 1 3117056 3121152
681 1 2260992 2269184
166 1 1245184 1261568
935 1 3133440 3141632
133 1 2826240 2830336
216 1 2506752 2519040
123 1 798720 811008
659 1 360448 393216
654 1 880640 925696
659 1 442368 462848
647 1 1933312 1937408
657 1 614400 622592
25 1 2031616 2035712
838 1 1572864 1581056
10 1 2514944 2519040
654 3 1466880 1572864 1572864 1835008 1835008 1991168
12 1 2703360 2707456
25 1 2035712 2039808
715 1 1634304 1638400
13 1 2494464 2498560
146 1 1077248 1081344
25 1 2039808 2043904
165 2 2736640 2883584 2883584 3145728
166 1 0 115200
16 1 2633728 2637824
419 1 167936 217088
846 2 782336 786432 786432 790528
846 1 790528 794624
12 1 286720 290816
12 1 274432 278528
790 1 527872 536064
622 1 1961984 1970176
980 1 1966080 1970176
561 1 1110016 1126400
980 1 1990656 1994752
622 1 1966080 1970176
980 1 2031616 2035712
772 1 974848 978944
156 1 1634304 1642496
150 1 2433024 2441216
561 1 1122304 1130496
289 2 2093056 2097152 2097152 2105344
116 1 1015296 1019392
116 1 970240 986624
217 1 1605632 1671168
116 1 912896 916992
116 1 884224 888320
116 1 949760 957952
116 1 1195520 1207808
116 1 904704 908800
116 1 1064448 1068544
116 1 994816 998912
116 1 921088 925184
116 1 798208 814592
116 1 835072 839168
116 1 724480 728576
116 1 777728 781824
116 1 704000 708096
116 1 646656 650752
116 1 892416 896512
116 1 818688 826880
848 1 1179648 1183744
667 1 655360 700416
804 1 2838016 2854400
667 1 700416 704512
404 2 1232896 1310720 1310720 1368064
123 1 823296 831488
59 1 40960 45056
320 1 2539520 2543616
171 1 1585152 1589248
980 1 331776 335872
247 1 2580480 2584576
116 1 761344 765440
116 1 691712 695808
116 1 601600 609792
116 1 638464 642560
116 1 626176 630272
116 1 548352 552448
116 1 507392 515584
116 1 589312 593408
116 1 531968 540160
116 1 421376 429568
116 1 306688 310784
116 1 200192 204288
116 1 564736 568832
116 1 519680 523776
116 1 384512 400896
116 1 314880 318976
116 1 364032 376320
116 1 245248 249344
116 1 212480 216576
116 1 175616 179712
891 1 2203648 2232320
891 1 2232320 2236416
198 1 282624 286720
150 1 1114112 1179648
191 1 1572864 1835008
756 1 1781760 1782272
874 1 1306624 1310720
479 1 872448 888832
381 3 1475072 1572864 1572864 1835008 1835008 1999360
141 1 1400832 1417216
381 3 950784 1048576 1048576 1310720 1310720 1475072
38 1 2396160 2400256
382 1 225792 262144
133 1 2891776 2904064
323 1 1986560 1994752
323 1 2039808 2043904
12 1 1724416 1748992
12 1 1748992 1753088
58 1 282624 294912
12 1 1916928 1933312
655 1 565248 577536
135 1 1826816 1835008
24 1 815104 819200
383 1 1851392 1855488
135 1 1896448 1900544
135 1 1859584 1863680
175 1 2760704 2777088
269 1 2670592 2674688
122 1 1527808 1531904
201 1 2248704 2252800
579 1 954368 958464
980 1 1679360 1683456
645 1 1351680 1355776
91 1 1576960 1581056
677 1 2580480 2584576
186 1 2355200 2359296
456 1 2052096 2056192
706 1 2572288 2576384
677 1 2592768 2596864
135 1 1843200 1847296
135 1 1843200 1847296
826 1 2715648 2719744
18 1 2637824 2641920
185 1 389120 393216
246 1 163840 167936
526 1 2867200 2871296
526 1 2326528 2330624
950 1 2445312 2449408
246 1 167936 172032
557 1 422912 423424
40 1 417792 425984
569 1 2293760 2294272
557 1 423424 423936
48 1 1851392 1871872
856 1 745472 770048
856 1 770048 774144
48 1 1871872 1884160
334 1 3121152 3145728
335 1 0 40960
40 1 487424 491520
669 1 1437696 1478656
932 1 184320 192512
669 1 1527808 1548288
110 1 1736704 1744896
640 1 385024 389120
669 1 1548288 1552384
26 1 1379840 1380864
455 1 2863104 2875392
135 1 1781760 1785856
431 1 1257472 1269760
224 1 602112 610304
877 1 2088960 2093056
224 1 606208 610304
135 1 1847296 1851392
317 1 2191360 2211840
135 1 1781760 1785856
224 1 606208 610304
565 1 393216 397312
877 1 2088960 2093056
224 1 606208 610304
135 1 1851392 1855488
320 1 475136 479232
203 1 3018752 3022848
801 1 602112 606208
496 1 2428928 2437120
43 1 1433600 1466368
673 1 1613824 1634304
23 1 270336 274432
123 1 864256 868352
23 1 262144 266240
123 1 790528 794624
157 1 466944 469504
464 1 503808 507904
158 1 2899968 2902528
159 1 1171456 1175552
159 1 1118208 1131008
852 1 2134016 2142208
133 1 2822144 2826240
860 1 1376256 1384448
837 1 1052672 1056768
175 1 1376256 1392640
429 1 602112 614400
860 1 1384448 1388544
582 1 1986560 1987072
39 1 856064 868352
22 1 2936832 2974208
783 1 1310720 1363968
783 1 1368064 1376256
778 1 2228224 2293760
22 1 3039744 3145728
23 2 0 262144 262144 418304
112 1 327680 393216
374 1 540672 544768
23 2 418304 524288 524288 581632
24 2 1179648 1310720 1310720 1540608
24 1 2359296 2379776
24 2 1540608 1572864 1572864 1830912
24 2 1830912 1835008 1835008 2044416
24 1 2392064 2601472
24 2 2044416 2097152 2097152 2359296
24 1 2720256 2723840
26 1 131072 217088
24 2 2601472 2621440 2621440 2720256
135 1 1798144 1802240
95 1 2789376 2793472
291 1 1675264 1708032
133 1 2891776 2895872
0 1 421888 438272
980 1 1974272 1978368
780 1 1548288 1552384
160 1 1372160 1388544
846 1 1372160 1376256
980 1 2039808 2043904
141 1 1458176 1470464
141 1 1417216 1425408
906 1 462848 471040
157 1 565248 569344
48 1 401408 405504
116 1 105984 110080
115 1 3055104 3059200
116 1 134656 138752
116 1 1162752 1166848
116 1 1138176 1142272
115 1 3137024 3141120
115 1 3128832 3132928
116 1 1146368 1150464
116 1 1211904 1220096
116 1 1175040 1195520
116 1 1240576 1244672
325 1 900608 904704
116 1 1224192 1228288
116 1 1232384 1236480
223 1 777728 781824
116 1 1281536 1285632
511 1 392704 417280
217 1 1671168 1675264
115 1 2907648 2911744
115 1 2952704 2956800
278 1 1748992 1761280
687 2 1703936 1835008 1835008 1896448
203 1 3018752 3022848
203 1 3010560 3014656
584 1 1417216 1429504
536 1 2142208 2150400
855 1 155648 163840
643 1 1417216 1486848
643 3 892928 1048576 1048576 1310720 1310720 1417216
58 1 2588672 2592768
855 1 163840 167936
475 1 720896 753664
167 1 3010560 3014656
668 1 2699264 2711552
168 1 65536 81920
668 1 2772992 2781184
135 1 1777664 1781760
381 3 1999360 2097152 2097152 2359296 2359296 2523648
381 1 3047936 3145728
382 1 0 225792
855 1 172032 180224
162 1 1974272 1978368
382 2 287232 524288 524288 720896
980 1 2060288 2064384
405 1 2523648 2555904
135 1 1773568 1777664
135 1 1843200 1851392
381 3 2523648 2621440 2621440 2883584 2883584 3047936
135 1 1843200 1847296
320 1 2248704 2252288
308 1 802816 806912
976 1 1445888 1449984
135 1 1896448 1900544
166 1 2793472 2801664
320 1 2248704 2254336
447 2 2818048 2883584 2883584 2957312
514 1 167936 172032
135 2 1830912 1835008 1835008 1839104
447 3 1769472 1835008 1835008 2097152 2097152 2293760
704 1 798720 802816
135 1 1777664 1785856
976 1 1441792 1445888
48 1 2584576 2605056
833 1 1842688 1846784
116 1 81408 85504
115 1 3091968 3096064
511 1 486912 491008
116 1 204288 208384
116 1 241152 245248
116 1 404992 409088
116 1 744960 749056
116 1 830976 835072
116 1 249344 253440
116 1 433664 437760
116 1 753152 757248
116 1 720384 724480
116 1 781824 785920
116 1 933376 941568
116 1 1052160 1056256
116 1 900608 904704
116 1 1097216 1101312
116 1 1068544 1084928
116 1 1228288 1232384
20 1 2572288 2588672
221 2 782336 786432 786432 815104
135 1 1843200 1847296
135 1 1773568 1777664
179 1 1794048 1806336
37 1 1863680 1867776
228 1 2830336 2834432
434 1 1196032 1200128
228 1 2895872 2904064
55 1 1822720 1826816
777 1 1204224 1208320
911 1 692224 695808
427 1 380928 385024
923 1 700416 704512
133 1 2895872 2908160
324 1 2543616 2547712
627 1 2400256 2402816
228 1 2834432 2838528
252 1 1835008 1839104
606 1 1261568 1294336
606 1 1294336 1298432
43 1 619520 685056
285 1 2658304 2670592
804 1 2907648 2940416
408 1 286720 417792
4 1 868352 876544
994 1 704000 724480
994 1 699904 704000
373 2 708608 786432 786432 839680
456 1 2912256 3043328
994 1 724480 728576
1 1 1916928 1917952
647 1 1716224 1748992
