#StripeID,rangenumber,BlockOffsetStart,BlockOffsetEnd
384 1 966656 970752
322 2 647168 655360 655360 663552
322 1 663552 667648
938 1 802816 806912
472 1 880640 884736
417 1 835584 847872
428 1 811008 843776
953 1 335872 344064
428 1 843776 847872
529 1 65536 69632
417 1 847872 851968
50 1 471040 475136
953 1 339968 344064
401 1 573440 634880
894 2 212992 262144 262144 278528
953 1 339968 344064
401 1 634880 638976
288 1 462848 471040
653 1 417792 421888
183 1 303104 307200
529 1 65536 69632
894 1 278528 282624
370 2 638976 655360 655360 659456
461 1 159744 176128
401 1 638976 651264
370 1 659456 663552
401 1 651264 655360
607 1 352256 356352
401 1 655360 671744
953 1 339968 344064
401 1 671744 675840
972 1 425984 430080
486 1 765952 778240
272 1 528384 532480
401 1 675840 708608
401 1 708608 712704
554 1 94208 98304
437 3 503808 524288 524288 655360 655360 696320
285 1 819200 823296
169 1 462848 471040
938 1 802816 806912
437 1 696320 700416
417 1 851968 868352
417 1 868352 872448
513 1 888832 892928
272 1 528384 540672
355 1 143360 147456
1 1 0 12288
590 1 753664 761856
357 1 65536 77824
357 1 81920 86016
97 1 65536 69632
429 1 864256 872448
738 1 282624 286720
97 1 131072 135168
97 1 913408 917504
146 1 4096 12288
129 1 131072 135168
786 1 1019904 1024000
485 1 131072 135168
485 1 696320 700416
553 1 57344 61440
485 1 716800 720896
481 1 69632 73728
485 1 724992 729088
483 1 385024 389120
483 1 438272 442368
724 1 860160 864256
481 1 659456 663552
514 1 966656 970752
272 1 532480 536576
401 1 417792 421888
529 1 45056 53248
681 1 864256 868352
721 1 8192 12288
721 1 61440 65536
421 1 135168 147456
769 1 20480 24576
769 1 28672 32768
952 1 196608 262144
421 1 147456 151552
297 1 135168 139264
317 1 122880 126976
407 1 1011712 1028096
429 1 872448 876544
953 1 339968 344064
421 1 151552 159744
407 1 1028096 1032192
272 1 532480 548864
169 1 466944 471040
90 2 880640 917504 917504 1048576
91 2 0 131072 131072 139264
421 1 159744 163840
953 1 339968 344064
272 1 540672 544768
439 1 495616 520192
808 1 106496 110592
439 1 520192 524288
953 1 339968 344064
272 1 540672 544768
97 1 667648 679936
792 1 53248 61440
324 1 323584 344064
324 1 344064 348160
272 1 540672 548864
122 1 999424 1003520
953 1 339968 352256
169 1 466944 475136
327 2 770048 786432 786432 794624
370 1 663552 684032
370 1 684032 688128
272 1 544768 548864
40 1 98304 102400
338 1 180224 184320
420 1 86016 90112
953 1 344064 348160
327 1 790528 798720
169 1 471040 475136
370 1 688128 708608
370 1 708608 712704
953 1 344064 348160
408 1 847872 884736
327 1 794624 815104
272 1 544768 548864
953 1 344064 348160
370 1 712704 733184
408 1 884736 888832
272 1 544768 548864
254 1 32768 36864
370 1 733184 737280
953 1 344064 352256
402 1 557056 561152
953 1 348160 352256
18 1 466944 475136
169 1 471040 475136
272 1 544768 557056
953 1 348160 352256
169 1 471040 479232
953 1 348160 352256
953 1 348160 352256
953 1 348160 352256
745 1 348160 352256
401 1 712704 720896
401 1 720896 724992
176 1 106496 110592
327 1 811008 819200
953 1 348160 352256
370 1 737280 757760
370 1 757760 761856
567 1 454656 458752
855 1 290816 294912
434 1 880640 884736
910 1 663552 667648
495 1 827392 831488
249 1 839680 872448
370 1 761856 778240
370 1 778240 782336
218 1 937984 950272
564 1 221184 225280
612 1 757760 765952
953 1 348160 352256
143 1 413696 417792
433 2 606208 655360 655360 684032
871 1 118784 122880
953 1 348160 352256
433 1 684032 688128
202 1 925696 933888
370 2 782336 786432 786432 802816
370 1 802816 806912
953 1 348160 352256
605 1 1003520 1007616
802 1 442368 446464
953 1 348160 360448
802 1 442368 446464
278 1 475136 491520
327 1 815104 823296
370 1 806912 835584
16 1 110592 114688
370 1 835584 839680
953 1 352256 356352
802 1 442368 446464
327 1 819200 831488
274 1 278528 282624
370 1 839680 860160
802 1 442368 446464
953 1 352256 356352
370 1 860160 864256
375 1 688128 708608
375 1 708608 712704
953 1 352256 356352
953 1 352256 356352
307 1 1024000 1028096
84 1 462848 466944
893 1 831488 835584
94 1 282624 286720
47 1 151552 155648
71 1 851968 856064
582 1 106496 110592
728 1 8192 13824
953 1 352256 356352
71 1 888832 892928
126 1 16384 20480
71 1 897024 901120
204 1 667648 671744
200 1 135168 139264
71 1 929792 933888
72 1 167936 172032
71 1 835584 839680
529 1 135168 139264
953 1 352256 356352
953 1 352256 356352
953 1 352256 356352
953 1 352256 356352
953 1 352256 360448
953 1 356352 360448
48 1 970752 974848
953 1 356352 360448
222 1 925696 929792
249 1 868352 897024
370 1 864256 880640
726 1 368640 372736
953 1 356352 360448
278 1 487424 503808
370 1 880640 884736
953 1 356352 360448
370 1 884736 905216
370 1 905216 909312
742 1 28672 32768
709 1 208896 212992
268 1 1032192 1048576
333 1 0 4096
953 1 356352 360448
249 2 892928 917504 917504 925696
370 2 909312 917504 917504 929792
953 1 356352 360448
278 1 499712 520192
327 1 827392 856064
370 1 929792 933888
953 1 356352 360448
370 1 933888 962560
370 1 962560 966656
953 1 356352 368640
953 1 360448 364544
249 1 921600 954368
953 1 360448 364544
370 1 966656 983040
246 1 1015808 1024000
370 1 983040 987136
953 1 360448 364544
953 1 360448 364544
953 1 360448 364544
533 1 417792 421888
122 1 1003520 1011712
350 2 679936 786432 786432 876544
953 1 360448 368640
518 1 102400 106496
779 1 471040 475136
269 1 499712 503808
141 1 1007616 1011712
350 1 876544 880640
953 1 364544 368640
249 1 950272 978944
183 1 307200 315392
370 1 987136 1003520
370 1 1003520 1007616
953 1 364544 368640
325 1 679936 684032
415 1 1032192 1048576
416 1 0 4096
953 1 364544 368640
953 1 364544 368640
953 1 364544 368640
953 1 364544 368640
953 1 364544 368640
382 1 32768 36864
374 1 163840 172032
953 1 364544 376832
374 1 172032 176128
249 1 974848 1007616
370 1 1007616 1024000
953 1 368640 372736
370 1 1024000 1028096
953 1 368640 372736
249 1 1003520 1024000
370 1 1028096 1044480
428 1 921600 950272
953 1 368640 372736
370 1 1044480 1048576
428 1 950272 954368
383 1 286720 352256
953 1 368640 372736
383 2 352256 393216 393216 401408
293 1 892928 897024
383 1 401408 405504
953 1 368640 372736
809 1 512000 520192
249 1 1019904 1048576
802 1 442368 446464
953 1 368640 372736
424 2 897024 917504 917504 987136
802 1 442368 446464
371 1 0 16384
424 1 987136 991232
953 1 368640 372736
371 1 16384 20480
802 1 442368 446464
250 1 0 28672
249 1 1044480 1048576
953 1 368640 372736
371 1 20480 36864
567 1 794624 798720
371 1 36864 40960
802 1 442368 446464
953 1 368640 372736
802 1 442368 446464
953 1 368640 372736
383 1 405504 434176
383 1 434176 438272
953 1 368640 376832
250 1 24576 57344
371 1 40960 57344
953 1 372736 376832
965 1 851968 860160
371 1 57344 61440
953 1 372736 376832
88 1 114688 118784
443 1 4096 8192
579 1 880640 884736
250 1 53248 81920
897 1 839680 847872
953 1 372736 376832
371 1 61440 77824
371 1 77824 81920
953 1 372736 376832
247 1 761856 765952
383 1 438272 466944
383 1 466944 471040
953 1 372736 376832
606 1 487424 507904
744 1 0 65536
953 1 372736 376832
595 1 864256 872448
304 1 8192 12288
628 1 483328 495616
304 1 73728 77824
304 1 81920 86016
743 1 970752 1048576
327 1 851968 880640
250 1 77824 106496
304 1 118784 122880
371 1 81920 106496
306 1 40960 45056
304 1 180224 184320
398 1 413696 417792
304 1 200704 208896
304 1 249856 253952
306 1 49152 53248
304 1 311296 315392
303 1 249856 253952
306 1 77824 81920
304 1 335872 339968
303 1 262144 266240
304 1 352256 356352
306 1 90112 94208
304 1 393216 401408
303 1 303104 307200
304 1 495616 499712
306 1 102400 106496
304 1 528384 532480
303 1 331776 339968
304 1 557056 565248
306 1 139264 143360
304 1 614400 618496
303 1 344064 348160
306 1 155648 159744
304 1 634880 638976
303 1 352256 356352
306 1 167936 172032
303 1 368640 372736
306 1 196608 200704
304 1 704512 708608
303 1 540672 544768
306 1 229376 233472
304 1 720896 724992
303 1 557056 561152
304 1 745472 749568
306 1 237568 241664
304 1 782336 786432
303 1 577536 581632
304 1 823296 827392
306 1 311296 315392
306 1 335872 339968
306 1 344064 348160
306 1 364544 368640
371 1 106496 110592
303 1 610304 614400
306 1 425984 434176
303 1 663552 671744
303 1 684032 688128
306 1 458752 462848
303 1 708608 716800
306 1 499712 503808
303 1 720896 724992
303 1 753664 757760
304 1 880640 884736
304 1 925696 937984
304 1 983040 987136
306 1 548864 552960
953 1 372736 376832
304 1 1003520 1011712
304 1 1032192 1036288
304 1 1040384 1044480
305 1 8192 12288
305 1 49152 53248
305 1 98304 102400
305 1 114688 118784
305 1 126976 131072
306 1 561152 565248
303 1 765952 770048
306 1 598016 602112
303 1 798720 802816
306 2 651264 655360 655360 659456
289 1 110592 114688
303 1 811008 815104
306 1 675840 679936
303 1 901120 905216
303 1 917504 925696
306 1 720896 729088
303 1 946176 950272
305 1 135168 139264
303 1 974848 978944
966 1 81920 86016
305 1 180224 184320
306 1 991232 999424
303 1 995328 999424
305 1 200704 204800
303 1 1011712 1015808
305 1 237568 241664
306 1 1003520 1028096
305 1 253952 258048
303 1 1040384 1044480
306 1 1032192 1036288
305 1 290816 294912
305 1 356352 360448
305 1 385024 389120
305 1 401408 409600
119 1 12288 16384
305 1 417792 421888
305 1 462848 466944
559 1 577536 581632
305 1 483328 487424
305 1 524288 528384
305 1 593920 598016
305 1 622592 626688
129 1 131072 135168
305 1 651264 655360
609 1 532480 536576
305 1 696320 700416
307 1 4096 16384
305 1 712704 716800
307 1 20480 57344
305 1 798720 802816
307 1 61440 65536
305 1 843776 847872
305 1 860160 864256
305 1 876544 884736
305 1 892928 897024
307 2 126976 131072 131072 204800
723 1 217088 249856
145 1 65536 69632
232 1 335872 339968
481 1 65536 69632
485 1 196608 204800
742 1 663552 667648
485 1 311296 315392
481 1 679936 688128
122 1 909312 913408
305 1 966656 970752
486 1 16384 20480
485 1 327680 335872
305 1 1011712 1015808
146 1 0 8192
305 1 1024000 1028096
305 1 1044480 1048576
831 1 671744 675840
485 1 413696 417792
865 1 81920 86016
529 1 49152 53248
483 1 434176 438272
277 1 229376 233472
721 1 12288 16384
724 1 933888 937984
514 1 970752 974848
721 1 57344 61440
675 1 520192 524288
914 1 659456 663552
885 1 1015808 1024000
885 1 1028096 1032192
6 1 786432 794624
459 1 49152 53248
953 1 372736 376832
90 1 409600 413696
94 1 307200 311296
92 1 1040384 1044480
91 1 724992 729088
116 1 290816 294912
95 1 696320 700416
117 1 819200 823296
114 1 286720 290816
119 1 581632 585728
201 1 708608 712704
188 1 798720 802816
96 1 1011712 1015808
186 1 163840 167936
120 1 897024 901120
213 1 1028096 1032192
190 1 65536 69632
187 1 479232 483328
191 1 380928 385024
128 1 262144 266240
128 1 544768 548864
128 1 835584 839680
192 1 696320 700416
993 1 475136 483328
423 2 634880 655360 655360 720896
953 1 372736 376832
423 1 720896 724992
953 1 372736 376832
953 1 372736 385024
446 1 217088 221184
461 1 77824 81920
467 1 8192 12288
446 1 225280 229376
953 1 376832 380928
143 1 40960 53248
383 1 471040 503808
953 1 376832 380928
383 1 503808 507904
474 1 589824 593920
953 1 376832 380928
418 1 544768 548864
278 2 516096 524288 524288 532480
953 1 376832 380928
371 1 110592 131072
371 1 131072 135168
884 1 929792 962560
278 1 528384 544768
953 1 376832 385024
371 1 135168 155648
371 1 155648 159744
655 1 675840 679936
953 1 380928 385024
278 1 540672 557056
371 1 159744 180224
371 1 180224 184320
318 1 737280 741376
373 1 221184 225280
278 1 552960 569344
371 1 184320 204800
393 1 356352 360448
371 1 204800 208896
953 1 380928 385024
906 1 872448 876544
278 1 565248 598016
438 1 880640 884736
138 1 167936 172032
371 1 208896 229376
371 1 229376 233472
278 1 593920 610304
371 1 233472 253952
183 1 315392 319488
889 1 475136 479232
203 1 729088 733184
396 1 77824 81920
371 1 253952 258048
902 1 184320 188416
953 1 380928 385024
316 1 401408 405504
278 1 606208 622592
371 2 258048 262144 262144 278528
953 1 380928 385024
371 1 278528 282624
1 1 32768 36864
571 1 143360 147456
441 1 8192 12288
278 1 618496 630784
371 1 282624 303104
371 1 303104 307200
278 1 626688 643072
371 1 307200 327680
371 1 327680 331776
278 1 638976 655360
371 1 331776 352256
371 1 352256 356352
953 1 380928 385024
40 1 249856 253952
285 1 823296 827392
291 1 372736 380928
953 1 380928 385024
278 2 651264 655360 655360 667648
371 1 356352 376832
371 1 376832 380928
650 1 0 16384
802 1 442368 446464
401 1 724992 733184
802 1 442368 446464
401 1 733184 737280
953 1 380928 385024
401 2 126976 131072 131072 139264
492 2 643072 655360 655360 659456
336 1 987136 995328
401 1 737280 745472
278 1 663552 679936
336 1 995328 999424
401 1 745472 749568
371 2 380928 393216 393216 401408
401 1 131072 135168
371 1 401408 405504
953 1 380928 385024
336 1 999424 1007616
336 1 1007616 1011712
401 1 131072 135168
336 1 1011712 1019904
336 1 1019904 1024000
196 1 647168 651264
278 1 675840 692224
371 1 405504 425984
371 1 425984 430080
953 1 380928 385024
1 1 8192 12288
97 1 913408 917504
75 1 741376 749568
145 1 1024000 1028096
146 1 0 4096
481 1 659456 663552
483 1 438272 442368
529 1 20480 24576
169 1 73728 77824
486 1 151552 155648
485 1 204800 208896
485 1 339968 344064
953 1 380928 385024
625 1 24576 28672
938 1 716800 720896
774 1 585728 589824
250 1 102400 131072
298 1 704512 708608
953 1 380928 385024
393 1 57344 61440
371 1 430080 446464
74 1 925696 929792
327 1 876544 884736
371 1 446464 450560
371 1 450560 471040
278 1 688128 700416
22 1 131072 135168
371 1 471040 475136
371 1 475136 495616
371 1 495616 499712
953 1 380928 393216
607 1 352256 356352
953 1 385024 389120
140 1 815104 819200
441 1 536576 540672
820 1 393216 397312
1 1 0 4096
1 1 8192 12288
333 1 720896 729088
241 1 131072 135168
333 1 737280 741376
433 1 45056 49152
985 1 114688 118784
529 1 151552 155648
625 1 159744 163840
625 1 294912 299008
625 1 319488 323584
440 1 733184 778240
753 1 569344 573440
753 1 581632 585728
817 1 450560 454656
189 1 552960 557056
189 1 565248 569344
440 1 778240 782336
327 1 880640 909312
246 1 925696 929792
371 1 499712 524288
371 1 524288 528384
227 1 839680 843776
953 1 385024 389120
146 1 45056 49152
630 1 16384 20480
953 1 385024 389120
254 1 491520 495616
431 1 446464 450560
725 1 610304 614400
989 1 69632 81920
327 2 905216 917504 917504 921600
953 1 385024 389120
371 1 528384 548864
371 1 548864 552960
1 1 0 4096
1 1 8192 16384
97 1 65536 69632
129 1 131072 135168
146 1 4096 8192
865 1 909312 913408
193 1 28672 32768
483 1 385024 389120
483 1 434176 438272
241 1 0 8192
483 1 442368 450560
620 1 81920 90112
250 2 126976 131072 131072 147456
533 1 417792 421888
241 1 32768 36864
483 1 458752 462848
514 1 966656 970752
241 1 45056 49152
485 1 311296 319488
481 1 65536 73728
481 1 143360 147456
485 1 327680 331776
481 1 659456 663552
299 1 393216 397312
485 1 389120 393216
481 1 684032 688128
485 1 581632 585728
485 1 692224 700416
273 1 393216 397312
721 1 864256 868352
485 1 712704 716800
913 1 4096 8192
485 1 774144 778240
956 1 114688 118784
371 1 552960 569344
371 1 569344 573440
915 1 90112 94208
166 1 786432 790528
166 1 794624 806912
172 1 0 4096
172 1 12288 16384
171 1 524288 536576
172 1 20480 24576
172 1 53248 57344
174 1 462848 466944
174 1 475136 479232
172 1 69632 77824
166 1 655360 659456
172 1 86016 90112
172 1 180224 184320
172 1 188416 192512
172 1 270336 274432
172 1 278528 282624
172 1 286720 290816
172 1 294912 299008
172 1 581632 585728
166 1 688128 692224
965 1 860160 864256
332 1 765952 770048
953 1 385024 389120
740 1 991232 995328
166 1 786432 790528
172 1 0 4096
172 1 12288 16384
171 1 524288 536576
172 1 20480 24576
172 1 53248 57344
166 1 794624 806912
172 1 69632 77824
174 1 462848 466944
172 1 81920 86016
174 1 475136 479232
172 1 180224 184320
993 1 49152 65536
172 1 188416 192512
172 1 270336 274432
172 1 278528 282624
172 1 286720 290816
327 1 917504 929792
172 1 294912 299008
371 1 573440 593920
486 1 217088 221184
172 1 581632 585728
166 1 655360 659456
166 1 688128 692224
371 1 593920 598016
713 1 819200 831488
664 1 487424 499712
825 1 49152 65536
151 1 827392 831488
154 1 557056 561152
953 1 385024 389120
88 1 933888 937984
88 1 946176 950272
987 1 815104 819200
289 1 12288 20480
289 1 32768 36864
980 1 819200 847872
862 1 372736 376832
290 1 81920 86016
291 1 356352 360448
862 1 589824 593920
289 1 45056 49152
339 1 421888 425984
289 1 65536 69632
862 1 786432 790528
289 1 208896 212992
410 1 438272 442368
55 1 180224 184320
81 1 593920 598016
203 1 749568 753664
41 1 192512 196608
953 1 385024 389120
1 1 4096 8192
1 1 12288 16384
166 1 655360 659456
172 1 0 4096
172 1 12288 16384
172 1 20480 24576
172 1 53248 57344
171 1 524288 536576
256 1 643072 647168
166 1 688128 692224
172 1 69632 73728
166 1 786432 790528
172 1 77824 86016
97 1 24576 28672
166 1 794624 806912
97 1 421888 425984
172 1 180224 184320
481 1 307200 311296
146 1 4096 8192
172 1 188416 192512
483 1 442368 446464
174 1 462848 466944
172 1 270336 274432
744 1 294912 299008
626 1 172032 176128
172 1 278528 282624
174 1 475136 479232
553 1 8192 12288
172 1 286720 290816
553 1 40960 45056
486 1 155648 159744
721 1 139264 143360
172 1 294912 299008
172 1 581632 585728
708 1 135168 139264
769 1 0 4096
769 1 28672 32768
366 2 208896 262144 262144 294912
186 1 835584 839680
166 1 786432 790528
74 1 925696 929792
366 1 294912 299008
166 1 794624 806912
174 1 462848 466944
172 1 0 4096
174 1 475136 479232
172 1 12288 16384
171 1 524288 536576
172 1 20480 24576
722 1 454656 458752
172 1 53248 57344
172 1 69632 73728
172 1 77824 86016
675 1 376832 380928
172 1 180224 184320
172 1 188416 192512
172 1 270336 274432
172 1 278528 282624
172 1 286720 290816
172 1 294912 299008
172 1 581632 585728
166 1 655360 659456
166 1 688128 692224
172 1 0 4096
172 1 12288 16384
172 1 20480 24576
166 1 786432 790528
172 1 53248 57344
166 1 794624 806912
174 1 462848 466944
171 1 524288 536576
174 1 475136 479232
172 1 69632 73728
172 1 77824 86016
172 1 180224 184320
172 1 188416 192512
172 1 270336 274432
172 1 278528 282624
172 1 286720 290816
172 1 294912 299008
172 1 581632 585728
953 1 385024 389120
166 1 655360 659456
166 1 688128 692224
250 1 143360 172032
371 1 598016 614400
371 1 614400 618496
118 1 757760 765952
674 1 962560 966656
442 1 602112 606208
310 1 933888 937984
117 1 815104 819200
211 2 393216 524288 524288 552960
19 1 188416 192512
579 1 151552 159744
953 1 385024 389120
579 1 159744 163840
444 1 200704 204800
478 1 892928 897024
429 1 217088 225280
74 1 925696 929792
356 1 311296 352256
356 1 352256 356352
74 1 925696 933888
166 1 655360 659456
166 1 688128 692224
580 1 466944 471040
266 1 786432 790528
265 1 598016 602112
166 1 786432 790528
172 1 0 4096
265 1 860160 864256
268 1 581632 593920
171 1 524288 536576
172 1 12288 16384
265 1 872448 876544
166 1 794624 806912
172 1 20480 24576
174 1 462848 466944
172 1 53248 57344
174 1 475136 479232
172 1 69632 81920
321 1 946176 950272
243 1 958464 962560
185 1 393216 397312
249 1 126976 131072
172 1 180224 184320
325 1 0 4096
250 1 442368 446464
251 1 761856 765952
271 1 425984 430080
172 1 188416 192512
245 1 229376 233472
485 1 352256 356352
779 1 106496 110592
253 1 32768 36864
784 1 368640 372736
172 1 270336 274432
785 1 684032 688128
780 1 466944 471040
246 1 544768 548864
786 1 999424 1003520
247 1 860160 864256
172 1 278528 282624
342 1 458752 487424
781 1 782336 786432
254 1 393216 397312
255 1 737280 741376
788 1 266240 270336
172 1 286720 290816
172 1 294912 299008
789 1 581632 585728
172 1 581632 585728
796 1 421888 425984
783 1 49152 53248
342 1 487424 491520
250 1 167936 200704
371 1 618496 634880
371 1 634880 638976
441 1 24576 28672
250 1 196608 225280
371 1 638976 655360
371 1 655360 659456
356 1 356352 385024
110 1 983040 987136
356 1 385024 389120
250 1 221184 253952
371 1 659456 675840
371 1 675840 679936
321 2 483328 524288 524288 569344
321 1 569344 573440
933 1 757760 761856
8 1 1019904 1024000
313 1 159744 188416
371 1 679936 696320
371 1 696320 700416
250 2 249856 262144 262144 282624
971 1 8192 16384
356 2 389120 393216 393216 417792
371 1 700416 716800
356 1 417792 421888
371 1 716800 720896
770 2 913408 917504 917504 937984
770 1 954368 962560
770 1 966656 970752
770 1 978944 983040
289 1 110592 114688
34 1 815104 819200
156 1 811008 819200
210 1 143360 176128
525 1 544768 552960
214 2 864256 917504 917504 925696
156 1 819200 823296
34 1 819200 823296
210 1 176128 225280
214 1 925696 1024000
333 1 528384 548864
525 1 552960 557056
214 1 1024000 1048576
215 1 0 90112
34 1 823296 831488
210 2 225280 262144 262144 266240
386 1 430080 438272
215 2 90112 131072 131072 155648
34 1 831488 835584
210 1 266240 294912
250 1 278528 307200
371 1 720896 737280
203 1 733184 737280
371 1 737280 741376
386 1 430080 434176
953 2 385024 393216 393216 401408
444 1 339968 348160
356 1 421888 450560
183 1 319488 323584
138 1 987136 991232
250 1 303104 335872
356 1 450560 454656
444 1 348160 352256
371 1 741376 757760
953 1 393216 397312
347 2 495616 524288 524288 585728
371 1 757760 761856
347 1 585728 589824
621 1 638976 643072
610 1 380928 385024
327 1 925696 942080
371 1 761856 782336
371 1 782336 786432
369 1 221184 229376
369 1 237568 245760
417 2 638976 655360 655360 765952
479 1 856064 860160
417 1 765952 770048
962 1 425984 430080
953 1 393216 401408
278 1 696320 716800
371 1 786432 806912
411 1 311296 319488
250 1 331776 360448
588 1 901120 905216
371 1 806912 811008
673 1 856064 860160
371 1 811008 827392
367 1 929792 954368
649 1 946176 950272
371 1 827392 831488
367 1 954368 958464
250 1 356352 385024
367 1 958464 987136
371 1 831488 847872
367 1 987136 991232
371 1 847872 851968
898 1 507904 512000
953 1 397312 409600
423 1 1040384 1048576
817 1 368640 372736
864 1 1036288 1040384
424 1 0 12288
953 1 401408 405504
424 1 12288 16384
327 1 937984 958464
371 1 851968 872448
962 1 360448 364544
33 1 487424 491520
343 1 32768 53248
371 1 872448 876544
962 1 425984 430080
343 1 53248 57344
250 2 380928 393216 393216 413696
98 1 286720 315392
461 1 655360 659456
371 1 876544 892928
962 1 360448 364544
371 1 892928 897024
172 1 0 4096
172 1 12288 16384
171 1 524288 536576
172 1 20480 24576
538 1 1011712 1015808
172 1 53248 57344
172 1 69632 73728
172 1 77824 81920
172 1 86016 90112
172 1 180224 184320
172 1 188416 192512
172 1 270336 274432
166 1 786432 790528
962 1 425984 438272
166 1 794624 806912
172 1 278528 282624
172 1 286720 290816
174 1 462848 466944
172 1 294912 299008
174 1 475136 479232
172 1 581632 585728
493 1 372736 376832
387 2 86016 131072 131072 143360
838 1 114688 118784
166 1 655360 659456
166 1 688128 692224
387 1 143360 147456
177 1 868352 876544
676 1 860160 864256
953 1 401408 405504
189 1 73728 77824
953 1 401408 405504
379 1 380928 393216
810 1 143360 147456
731 1 495616 499712
438 1 167936 172032
438 2 172032 262144 262144 307200
953 1 401408 405504
250 1 409600 442368
461 1 659456 663552
438 1 307200 311296
371 1 897024 913408
371 1 913408 917504
802 1 442368 446464
792 1 524288 532480
802 1 442368 446464
953 1 401408 409600
461 1 663552 667648
249 1 237568 241664
953 1 405504 409600
215 1 524288 528384
166 1 786432 790528
74 1 929792 933888
166 1 794624 806912
172 1 0 4096
174 1 462848 466944
172 1 12288 16384
174 1 475136 479232
172 1 20480 24576
171 1 524288 536576
172 1 53248 57344
172 1 69632 73728
172 1 77824 86016
172 1 180224 184320
172 1 188416 192512
172 1 270336 274432
172 1 278528 282624
172 1 286720 290816
172 1 294912 299008
172 1 581632 585728
166 1 655360 659456
166 1 688128 692224
386 2 122880 131072 131072 147456
269 1 503808 507904
386 1 147456 151552
344 1 806912 819200
344 1 819200 823296
607 1 217088 229376
802 1 442368 446464
953 1 405504 409600
802 1 442368 446464
953 1 405504 409600
325 1 634880 638976
427 1 253952 258048
166 1 655360 659456
737 1 671744 675840
166 1 786432 790528
166 1 794624 806912
172 1 0 4096
172 1 12288 16384
171 1 524288 536576
172 1 20480 24576
174 1 462848 466944
172 1 53248 57344
174 1 475136 479232
172 1 69632 77824
172 1 81920 86016
172 1 180224 184320
172 1 188416 192512
172 1 270336 274432
172 1 278528 282624
172 1 286720 290816
172 1 294912 299008
172 1 581632 585728
567 1 798720 802816
755 1 229376 233472
953 1 405504 409600
166 1 688128 692224
953 1 405504 409600
25 1 790528 802816
9 1 4096 8192
8 1 1040384 1044480
55 1 1044480 1048576
953 1 405504 409600
166 1 786432 790528
166 1 794624 806912
174 1 462848 466944
171 1 524288 536576
174 1 475136 479232
172 1 0 4096
172 1 12288 16384
172 1 20480 24576
172 1 53248 57344
172 1 69632 73728
172 1 77824 81920
172 1 86016 90112
172 1 180224 184320
172 1 188416 192512
172 1 270336 274432
953 1 405504 409600
172 1 278528 282624
172 1 286720 290816
327 1 954368 983040
172 1 294912 299008
172 1 581632 585728
254 1 32768 36864
166 1 655360 659456
166 1 688128 692224
371 1 917504 937984
371 1 937984 942080
272 1 548864 552960
353 1 331776 335872
949 1 176128 180224
304 1 106496 118784
953 1 405504 409600
256 1 450560 454656
953 1 405504 409600
285 1 827392 831488
265 1 516096 524288
371 1 942080 962560
953 1 405504 409600
371 1 962560 966656
56 1 106496 110592
953 1 405504 417792
327 1 978944 991232
371 1 966656 987136
172 1 0 4096
171 1 524288 536576
166 1 786432 790528
172 1 12288 16384
172 1 20480 24576
166 1 794624 806912
172 1 53248 57344
174 1 462848 466944
172 1 69632 73728
174 1 475136 479232
189 1 90112 94208
172 1 81920 90112
172 1 180224 184320
172 1 188416 192512
172 1 270336 274432
172 1 278528 282624
371 1 987136 991232
172 1 286720 290816
172 1 294912 299008
172 1 581632 585728
101 1 368640 376832
166 1 655360 659456
166 1 688128 692224
78 1 102400 106496
742 1 28672 36864
250 1 438272 471040
166 1 655360 659456
166 1 688128 692224
172 1 0 4096
172 1 12288 16384
166 1 786432 790528
172 1 20480 24576
171 1 524288 536576
166 1 794624 806912
172 1 53248 57344
174 1 462848 466944
172 1 69632 77824
371 1 991232 1007616
172 1 81920 86016
172 1 180224 184320
172 1 188416 192512
172 1 270336 274432
172 1 278528 282624
172 1 286720 290816
172 1 294912 299008
371 1 1007616 1011712
172 1 581632 585728
174 1 475136 479232
54 1 864256 868352
953 1 409600 413696
282 1 929792 933888
166 1 655360 659456
166 1 786432 790528
171 1 524288 536576
166 1 794624 806912
174 1 462848 466944
172 1 0 4096
174 1 475136 479232
172 1 12288 16384
172 1 20480 24576
172 1 53248 57344
172 1 69632 77824
172 1 86016 90112
172 1 180224 184320
172 1 188416 192512
172 1 270336 274432
172 1 278528 282624
172 1 286720 290816
172 1 294912 299008
172 1 581632 585728
953 1 409600 413696
250 1 466944 495616
166 1 688128 692224
269 1 155648 159744
371 1 1011712 1028096
371 1 1028096 1032192
628 1 233472 237568
166 1 786432 790528
166 1 794624 806912
172 1 0 4096
174 1 462848 466944
171 1 524288 536576
172 1 12288 16384
172 1 20480 24576
174 1 475136 479232
172 1 53248 57344
172 1 69632 73728
172 1 77824 86016
172 1 180224 184320
172 1 188416 192512
172 1 270336 274432
172 1 278528 282624
172 1 286720 290816
172 1 294912 299008
172 1 581632 585728
683 1 1015808 1019904
166 1 655360 659456
166 1 688128 692224
588 1 663552 667648
650 1 991232 999424
250 1 491520 524288
371 1 1032192 1048576
372 1 0 4096
953 1 409600 413696
250 2 520192 524288 524288 528384
372 1 4096 20480
489 1 634880 643072
372 1 20480 24576
250 1 524288 536576
953 1 409600 413696
200 1 1011712 1019904
372 1 24576 40960
372 1 40960 45056
802 1 442368 446464
627 1 593920 606208
654 1 729088 733184
140 1 815104 819200
2 1 729088 733184
953 1 409600 413696
250 1 532480 565248
802 1 442368 446464
962 1 430080 438272
221 1 401408 409600
372 1 45056 61440
372 1 61440 65536
73 1 614400 618496
93 1 524288 526848
331 1 794624 798720
72 1 86016 90112
502 1 831488 835584
953 1 409600 413696
517 1 864256 868352
517 1 880640 892928
517 2 909312 917504 917504 929792
102 1 626688 630784
71 1 786432 790528
764 1 913408 917504
196 1 647168 651264
566 1 643072 647168
132 1 503808 507904
574 1 655360 671744
355 2 69632 131072 131072 200704
572 1 393216 409600
179 1 679936 684032
348 1 528384 532480
355 1 200704 204800
802 1 442368 446464
327 1 987136 1011712
250 1 561152 593920
802 1 442368 446464
372 1 65536 90112
372 1 90112 94208
451 1 8192 12288
802 1 442368 446464
953 1 409600 413696
802 1 442368 446464
564 1 221184 229376
953 1 409600 413696
15 1 950272 954368
109 1 667648 675840
767 1 675840 679936
584 2 716800 786432 786432 847872
327 1 438272 442368
344 1 270336 299008
369 1 229376 233472
334 1 475136 483328
584 1 847872 851968
822 1 114688 118784
334 1 483328 487424
344 1 299008 303104
479 1 851968 856064
609 1 16384 20480
822 1 114688 118784
386 1 827392 847872
431 2 126976 131072 131072 233472
419 1 966656 970752
122 1 1011712 1015808
953 1 409600 413696
386 1 847872 851968
287 1 491520 495616
80 1 122880 126976
821 1 135168 139264
917 1 729088 737280
431 1 233472 237568
953 1 409600 417792
953 1 413696 425984
953 1 417792 425984
250 1 589824 618496
372 1 94208 110592
372 1 110592 114688
725 1 266240 270336
185 1 303104 307200
133 1 1032192 1044480
134 1 4096 8192
109 1 552960 565248
109 1 573440 577536
330 1 413696 491520
460 1 163840 176128
460 1 184320 188416
953 1 421888 442368
653 1 417792 421888
330 1 491520 495616
953 1 434176 442368
536 1 1044480 1048576
462 1 434176 438272
953 1 438272 442368
684 1 614400 618496
953 1 438272 442368
294 1 372736 376832
440 1 475136 483328
383 2 507904 524288 524288 573440
383 1 573440 638976
440 1 483328 487424
383 2 638976 655360 655360 663552
953 1 438272 442368
650 1 434176 438272
383 1 663552 667648
802 1 442368 446464
802 1 442368 446464
953 1 438272 442368
953 1 438272 442368
338 1 299008 303104
203 1 671744 679936
953 1 438272 442368
649 1 950272 954368
183 1 757760 761856
71 1 1011712 1015808
331 1 794624 798720
204 1 536576 540672
953 1 438272 442368
953 1 86016 88064
205 1 327680 331776
953 1 438272 450560
567 1 802816 806912
282 1 184320 188416
768 2 688128 786432 786432 802816
202 1 118784 122880
250 1 614400 647168
953 1 442368 446464
372 1 114688 131072
768 1 802816 806912
372 1 131072 135168
102 1 36864 39936
962 1 430080 438272
711 1 0 1024
953 1 442368 446464
314 1 925696 926720
836 1 872448 876544
953 1 442368 446464
336 4 438272 524288 524288 655360 655360 786432 786432 868352
953 1 442368 446464
1 1 4096 8192
49 1 12288 16384
481 1 970752 974848
731 1 430080 434176
705 1 188416 192512
275 1 45056 49152
953 1 442368 446464
336 1 868352 872448
250 2 643072 655360 655360 671744
388 1 163840 167936
953 1 442368 446464
372 1 135168 151552
259 1 491520 495616
372 1 151552 155648
372 1 155648 163840
372 1 163840 167936
171 1 524288 528384
166 1 786432 790528
166 1 794624 806912
171 1 528384 536576
174 1 462848 466944
166 1 655360 659456
172 1 0 4096
174 1 475136 479232
172 1 12288 16384
172 1 20480 24576
172 1 53248 57344
172 1 69632 77824
473 1 589824 598016
172 1 81920 86016
172 1 180224 184320
172 1 188416 192512
172 1 270336 274432
172 1 278528 282624
172 1 286720 290816
166 1 688128 692224
172 1 294912 299008
172 1 581632 585728
953 1 442368 446464
953 1 442368 446464
802 1 442368 446464
802 1 442368 446464
953 1 442368 446464
66 1 614400 618496
425 1 815104 819200
267 1 1032192 1036288
37 1 106496 110592
231 1 0 4096
953 1 442368 446464
802 1 442368 446464
69 2 704512 786432 786432 851968
842 1 278528 282624
173 1 741376 745472
387 1 835584 839680
183 1 323584 331776
607 1 86016 90112
483 1 393216 405504
889 1 475136 479232
1 1 4096 8192
903 1 315392 319488
903 1 327680 331776
130 1 827392 831488
193 1 20480 24576
481 1 884736 888832
481 1 962560 966656
481 1 1003520 1007616
577 1 675840 679936
802 1 442368 446464
327 1 1007616 1032192
84 1 106496 110592
470 1 974848 978944
802 1 442368 446464
372 1 167936 188416
810 1 147456 151552
372 1 188416 192512
286 1 147456 155648
920 1 679936 684032
372 1 192512 212992
953 1 442368 450560
372 1 212992 217088
250 1 667648 700416
953 1 446464 450560
372 1 217088 233472
336 2 872448 917504 917504 925696
357 1 81920 86016
825 1 131072 135168
372 1 233472 237568
269 1 450560 454656
318 1 520192 524288
826 1 4096 8192
826 1 94208 98304
825 1 155648 159744
826 1 303104 307200
825 1 245760 249856
336 1 925696 929792
826 1 315392 319488
825 1 335872 339968
826 1 356352 360448
825 1 520192 524288
826 1 413696 417792
825 1 528384 532480
826 1 491520 495616
826 1 585728 589824
825 1 589824 593920
826 1 602112 606208
825 1 598016 602112
953 1 446464 450560
826 1 966656 970752
825 1 688128 692224
826 1 978944 983040
825 1 712704 724992
826 1 987136 991232
825 1 806912 811008
826 1 1019904 1024000
825 1 884736 888832
827 1 28672 32768
825 1 942080 946176
827 1 73728 77824
827 1 167936 172032
827 1 176128 180224
827 1 229376 233472
285 1 831488 835584
388 1 208896 212992
828 1 24576 28672
840 1 954368 958464
830 1 294912 303104
828 1 45056 49152
827 1 335872 339968
841 1 270336 274432
828 1 110592 114688
839 1 352256 356352
841 1 1007616 1011712
828 1 196608 200704
848 1 757760 761856
849 1 614400 618496
846 1 139264 143360
828 1 282624 286720
828 1 409600 413696
846 1 348160 352256
828 1 479232 483328
828 1 520192 524288
847 1 720896 724992
827 1 622592 626688
828 1 536576 540672
827 1 708608 712704
828 1 577536 593920
847 1 991232 995328
836 1 397312 401408
854 1 393216 397312
827 1 720896 724992
844 1 319488 323584
854 1 847872 851968
827 1 876544 880640
856 1 446464 450560
827 1 1028096 1032192
855 1 262144 266240
843 1 57344 61440
856 1 901120 905216
858 1 167936 172032
857 1 307200 311296
858 1 622592 626688
857 1 761856 765952
844 1 860160 868352
858 1 892928 897024
865 1 634880 638976
858 1 1044480 1048576
845 1 954368 958464
881 1 643072 647168
859 1 163840 167936
859 1 315392 319488
852 1 212992 217088
855 1 532480 536576
859 1 466944 471040
859 1 618496 622592
855 1 684032 688128
875 1 622592 626688
882 1 745472 749568
883 1 266240 270336
855 1 1040384 1044480
891 1 49152 53248
862 1 364544 376832
891 1 258048 262144
852 1 667648 671744
891 1 647168 651264
853 1 77824 81920
853 1 532480 536576
853 1 987136 991232
860 1 229376 233472
861 1 53248 57344
861 1 454656 458752
861 1 909312 913408
868 1 823296 827392
398 1 139264 212992
869 1 282624 286720
869 1 737280 741376
884 1 155648 159744
870 1 143360 147456
871 1 712704 716800
871 1 974848 978944
886 1 483328 487424
398 1 212992 217088
166 1 655360 659456
166 1 786432 790528
171 1 524288 536576
166 1 794624 806912
250 1 696320 729088
174 1 462848 466944
174 1 475136 479232
172 1 0 4096
172 1 12288 16384
172 1 20480 24576
172 1 53248 57344
172 1 69632 77824
172 1 81920 86016
172 1 180224 184320
172 1 188416 192512
172 1 270336 274432
372 1 237568 253952
172 1 278528 282624
172 1 286720 290816
172 1 294912 299008
172 1 581632 585728
372 1 253952 258048
166 1 688128 692224
343 1 925696 1048576
344 1 0 4096
953 1 446464 450560
372 2 258048 262144 262144 274432
576 1 237568 241664
372 1 274432 278528
953 1 446464 450560
953 1 446464 450560
934 1 937984 942080
327 1 1028096 1048576
328 1 0 8192
372 1 278528 299008
372 1 299008 303104
351 1 163840 167936
250 1 724992 749568
372 1 303104 319488
269 1 454656 458752
318 1 335872 344064
318 1 786432 790528
372 1 319488 323584
196 1 647168 651264
953 1 446464 450560
780 1 638976 643072
953 1 446464 450560
250 1 745472 778240
336 1 929792 991232
372 1 323584 339968
953 1 446464 450560
336 1 991232 995328
372 1 339968 344064
277 1 741376 745472
388 1 208896 212992
655 1 675840 679936
171 1 524288 536576
172 1 0 4096
166 1 786432 790528
172 1 12288 16384
172 1 20480 24576
166 1 794624 806912
172 1 53248 57344
174 1 462848 466944
172 1 69632 73728
174 1 475136 479232
172 1 77824 81920
172 1 86016 90112
172 1 180224 184320
172 1 188416 192512
172 1 270336 274432
172 1 278528 282624
172 1 286720 290816
172 1 294912 299008
172 1 581632 585728
166 1 655360 659456
166 1 688128 692224
669 1 876544 880640
920 1 786432 790528
953 1 446464 450560
953 1 446464 450560
402 1 557056 561152
953 1 446464 458752
802 1 442368 446464
802 1 442368 446464
766 1 950272 954368
250 2 774144 786432 786432 806912
372 1 344064 360448
953 1 450560 454656
372 1 360448 364544
382 1 0 12288
953 1 450560 454656
381 1 1015808 1048576
336 1 995328 1048576
337 1 0 4096
269 1 458752 462848
382 1 12288 16384
269 1 462848 466944
319 1 16384 24576
337 1 4096 8192
630 1 16384 20480
388 1 208896 212992
708 1 1019904 1024000
628 1 184320 188416
953 1 450560 454656
250 1 802816 831488
372 1 364544 380928
953 1 450560 454656
372 1 380928 385024
24 1 405504 409600
564 1 561152 565248
953 1 450560 454656
953 1 450560 458752
707 1 1011712 1015808
269 1 880640 888832
270 2 606208 655360 655360 720896
274 1 0 49152
273 2 901120 917504 917504 1048576
74 1 929792 933888
74 1 929792 933888
336 1 647168 655360
707 1 1015808 1032192
497 1 622592 626688
250 1 827392 860160
953 1 454656 458752
336 1 655360 659456
372 2 385024 393216 393216 401408
926 1 880640 884736
372 1 401408 405504
953 1 454656 458752
280 1 299008 307200
166 1 655360 659456
166 1 786432 790528
953 1 454656 466944
185 1 303104 307200
171 1 524288 536576
172 1 0 4096
166 1 794624 806912
172 1 12288 16384
172 1 20480 24576
174 1 462848 466944
174 1 475136 479232
172 1 53248 57344
172 1 69632 73728
172 1 81920 86016
172 1 180224 184320
172 1 188416 192512
172 1 270336 274432
172 1 278528 282624
74 1 929792 933888
172 1 286720 290816
172 1 294912 299008
172 1 581632 585728
250 1 856064 884736
372 1 405504 421888
166 1 688128 692224
477 1 991232 995328
953 1 458752 466944
836 1 872448 876544
372 1 421888 425984
337 1 8192 65536
698 1 692224 696320
953 1 462848 466944
337 1 65536 69632
388 1 163840 167936
439 1 765952 774144
953 1 462848 475136
439 1 774144 778240
250 1 880640 892928
372 1 425984 442368
372 1 442368 446464
621 1 983040 987136
1 1 0 8192
145 1 12288 20480
151 1 827392 831488
145 1 24576 28672
627 1 192512 196608
145 1 212992 225280
481 1 159744 163840
953 1 471040 483328
154 1 557056 561152
369 1 241664 245760
369 1 249856 253952
369 1 258048 262144
369 1 270336 274432
953 1 475136 479232
479 1 856064 860160
250 1 888832 917504
372 1 446464 462848
953 1 475136 479232
441 1 536576 540672
372 1 462848 466944
393 1 4096 12288
393 1 16384 53248
215 1 524288 528384
953 1 475136 479232
393 1 61440 106496
393 2 114688 131072 131072 180224
393 1 184320 192512
394 1 0 20480
166 1 786432 790528
171 1 524288 536576
172 1 0 4096
393 1 196608 237568
166 1 794624 806912
172 1 12288 16384
172 1 20480 24576
174 1 462848 466944
172 1 53248 57344
174 1 475136 479232
172 1 69632 73728
172 1 77824 86016
172 1 180224 184320
172 1 188416 192512
172 1 270336 274432
172 1 278528 282624
172 1 286720 290816
172 1 294912 299008
172 1 581632 585728
394 1 24576 102400
394 2 106496 131072 131072 155648
377 1 647168 655360
166 1 655360 659456
166 1 688128 692224
396 1 4096 20480
398 1 114688 118784
377 1 655360 659456
393 2 241664 262144 262144 335872
398 1 274432 278528
394 1 159744 163840
396 1 24576 73728
398 1 290816 294912
398 1 307200 311296
398 1 704512 708608
393 1 339968 348160
398 1 720896 724992
250 2 913408 917504 917504 942080
396 1 77824 110592
394 1 167936 188416
398 1 831488 835584
398 1 888832 892928
398 1 897024 901120
394 1 192512 221184
394 2 225280 262144 262144 274432
399 1 32768 40960
393 2 352256 393216 393216 512000
399 1 98304 102400
399 1 126976 131072
396 3 114688 131072 131072 262144 262144 282624
399 1 712704 716800
394 1 278528 294912
394 1 299008 303104
394 1 307200 360448
501 1 0 4096
393 2 516096 524288 524288 598016
396 1 286720 311296
396 1 315392 339968
372 1 466944 483328
393 1 602112 655360
394 2 364544 393216 393216 397312
394 1 409600 413696
394 1 421888 434176
396 1 344064 389120
393 1 659456 700416
609 1 397312 401408
394 1 438272 507904
393 1 704512 737280
396 1 393216 466944
396 1 471040 483328
394 2 512000 524288 524288 548864
396 1 487424 491520
393 2 741376 786432 786432 790528
393 1 794624 798720
394 1 552960 565248
372 1 483328 487424
393 1 806912 835584
394 1 569344 614400
393 1 839680 888832
396 2 495616 524288 524288 565248
394 1 618496 655360
393 1 892928 917504
394 1 659456 696320
396 1 569344 598016
393 1 921600 942080
396 1 667648 675840
396 1 1024000 1028096
394 1 700416 712704
397 1 16384 20480
397 1 90112 94208
393 1 946176 991232
397 1 172032 176128
394 1 716800 749568
393 1 995328 1011712
397 1 192512 196608
394 1 753664 757760
397 1 278528 282624
397 1 380928 385024
393 1 1015808 1048576
397 1 389120 393216
345 1 421888 425984
394 2 761856 786432 786432 806912
397 1 438272 442368
345 1 507904 512000
345 1 557056 561152
345 1 753664 757760
345 1 790528 794624
345 1 868352 872448
394 1 811008 880640
345 1 921600 925696
345 1 937984 946176
400 1 143360 147456
400 1 294912 299008
394 1 884736 917504
400 1 323584 327680
394 1 921600 962560
953 1 475136 479232
400 1 368640 372736
400 1 376832 380928
394 1 966656 1003520
400 1 462848 471040
400 1 520192 524288
400 1 643072 647168
394 1 1011712 1015808
400 1 999424 1003520
394 1 1019904 1048576
395 1 0 4096
395 1 8192 40960
395 1 45056 73728
395 1 77824 122880
395 2 126976 131072 131072 184320
395 1 188416 212992
395 1 217088 262144
395 1 266240 307200
395 1 311296 315392
395 1 319488 385024
395 2 389120 393216 393216 438272
395 1 442368 491520
395 2 495616 524288 524288 614400
953 1 475136 479232
701 1 630784 634880
395 1 618496 634880
328 1 4096 32768
395 2 638976 655360 655360 729088
395 1 733184 774144
351 1 4096 8192
348 1 73728 77824
351 1 241664 253952
351 1 335872 339968
348 1 151552 155648
348 1 303104 307200
348 1 323584 327680
348 1 344064 352256
348 1 585728 589824
349 1 856064 860160
349 1 888832 897024
372 1 487424 507904
351 1 368640 372736
351 1 397312 405504
352 1 0 16384
351 1 442368 450560
351 1 528384 540672
352 1 57344 61440
352 1 122880 126976
351 1 679936 684032
953 1 475136 479232
352 1 253952 258048
351 1 737280 749568
352 1 270336 278528
352 1 360448 364544
395 2 778240 786432 786432 868352
352 1 516096 520192
352 1 593920 598016
351 1 831488 843776
372 1 507904 512000
352 1 679936 684032
352 1 794624 798720
351 1 917504 925696
352 1 806912 811008
351 1 978944 983040
352 1 856064 860160
351 1 987136 1003520
352 1 1044480 1048576
361 1 98304 102400
361 1 106496 110592
395 2 872448 917504 917504 921600
351 1 1007616 1011712
351 1 1044480 1048576
361 1 135168 139264
361 1 151552 155648
395 1 925696 937984
361 1 159744 167936
361 1 172032 184320
395 1 946176 954368
441 1 32768 36864
441 1 147456 151552
395 1 962560 1044480
441 1 180224 184320
441 1 327680 331776
346 1 135168 139264
441 1 352256 356352
346 1 208896 212992
441 1 397312 401408
441 1 507904 512000
441 1 622592 626688
346 1 241664 245760
346 1 323584 327680
441 1 667648 671744
346 1 389120 393216
441 1 790528 794624
441 1 876544 880640
346 1 421888 425984
441 1 921600 925696
346 1 442368 446464
346 1 462848 466944
346 1 802816 806912
346 1 966656 970752
347 1 12288 16384
250 1 937984 970752
347 1 53248 57344
347 1 81920 86016
347 1 180224 184320
347 1 204800 208896
347 1 258048 262144
347 1 413696 417792
347 1 421888 425984
347 1 548864 552960
347 1 745472 749568
442 1 8192 12288
372 2 512000 524288 524288 528384
442 1 36864 40960
442 1 110592 114688
442 1 204800 208896
442 1 380928 385024
442 1 581632 585728
348 1 458752 466944
328 1 28672 36864
953 1 475136 479232
372 1 528384 532480
348 1 466944 471040
372 1 532480 552960
222 1 925696 929792
301 1 139264 147456
372 1 552960 557056
443 1 20480 24576
443 1 98304 102400
443 1 143360 147456
443 1 167936 172032
443 1 217088 221184
443 1 278528 282624
443 1 348160 352256
443 1 372736 376832
443 1 393216 397312
443 1 421888 430080
443 1 536576 540672
443 1 598016 602112
443 1 610304 614400
43 1 0 4096
250 1 966656 995328
372 1 557056 573440
868 1 315392 319488
111 1 258048 262144
372 1 573440 577536
953 1 475136 483328
1 1 4096 8192
97 1 65536 69632
742 1 32768 36864
97 1 131072 135168
417 1 978944 983040
97 1 913408 917504
506 1 626688 630784
129 1 131072 135168
726 1 552960 557056
485 1 327680 331776
739 1 8192 12288
145 1 40960 45056
485 1 339968 344064
146 1 0 4096
145 1 49152 53248
146 1 8192 12288
413 1 606208 610304
483 1 434176 438272
773 1 983040 991232
145 1 65536 69632
232 1 335872 339968
553 1 57344 61440
273 1 221184 225280
401 1 479232 483328
529 1 53248 57344
953 1 479232 483328
721 1 45056 49152
721 1 864256 868352
599 1 888832 892928
413 1 610304 614400
953 1 479232 483328
28 1 282624 286720
953 1 479232 483328
444 1 28672 32768
446 1 61440 65536
446 1 106496 110592
446 1 466944 471040
446 1 520192 524288
444 1 36864 40960
361 1 188416 200704
443 1 962560 966656
444 1 212992 217088
361 1 372736 376832
443 1 1024000 1028096
444 1 237568 241664
361 1 442368 446464
362 1 4096 8192
444 1 278528 282624
361 1 540672 544768
446 1 532480 536576
444 1 331776 335872
361 1 659456 663552
446 1 544768 548864
444 1 393216 397312
444 1 438272 442368
446 1 581632 585728
362 1 49152 53248
444 1 524288 528384
446 1 667648 671744
444 1 679936 684032
362 1 86016 90112
446 1 729088 733184
361 1 802816 806912
444 1 802816 806912
362 1 176128 180224
446 1 757760 761856
361 1 880640 884736
444 1 868352 872448
362 1 258048 262144
446 1 765952 770048
448 1 16384 20480
444 1 962560 966656
362 1 282624 286720
446 1 811008 815104
448 1 49152 53248
362 1 290816 294912
446 1 835584 839680
448 1 90112 94208
444 1 983040 987136
362 1 307200 311296
447 1 81920 86016
448 1 102400 106496
362 1 331776 335872
448 1 114688 118784
445 1 12288 16384
362 1 364544 368640
447 1 135168 139264
362 1 454656 458752
445 1 212992 217088
447 1 217088 221184
448 1 188416 192512
362 1 487424 491520
448 1 262144 266240
445 1 278528 282624
362 1 557056 561152
447 1 466944 471040
448 1 278528 282624
362 1 651264 655360
445 1 368640 372736
447 1 618496 622592
362 1 704512 708608
448 1 290816 294912
362 1 868352 872448
445 1 561152 565248
448 1 331776 335872
447 1 688128 692224
362 1 1011712 1015808
448 1 389120 393216
445 1 684032 688128
448 1 516096 520192
448 1 806912 811008
363 1 65536 69632
363 1 192512 196608
445 1 839680 843776
363 1 204800 208896
447 1 724992 729088
447 1 872448 876544
447 1 1036288 1040384
445 1 921600 925696
448 1 831488 835584
821 1 139264 143360
448 1 950272 954368
445 1 950272 958464
448 1 962560 966656
448 1 991232 995328
448 1 999424 1003520
445 1 962560 966656
363 1 225280 229376
445 1 999424 1003520
363 1 241664 249856
363 1 253952 258048
361 1 929792 933888
363 1 266240 274432
361 1 974848 978944
363 1 290816 294912
361 1 983040 987136
363 1 368640 385024
361 1 995328 1003520
361 1 1040384 1044480
363 1 401408 409600
363 1 417792 421888
363 1 434176 442368
363 1 458752 466944
363 1 495616 516096
363 1 520192 524288
363 1 552960 557056
363 1 561152 565248
363 1 577536 581632
363 1 598016 602112
364 1 69632 77824
364 1 221184 229376
364 1 372736 380928
363 1 638976 647168
364 1 397312 405504
363 1 618496 626688
366 1 327680 344064
363 1 753664 765952
364 1 442368 454656
363 1 794624 802816
364 1 475136 479232
363 1 966656 974848
366 1 786432 798720
367 1 192512 204800
364 1 536576 544768
367 2 647168 655360 655360 659456
364 1 569344 577536
953 1 479232 483328
364 1 585728 589824
364 1 606208 610304
364 1 647168 651264
360 1 450560 454656
965 1 864256 868352
365 1 12288 28672
365 1 466944 483328
365 1 921600 937984
372 1 102400 106496
368 1 57344 69632
368 1 299008 303104
372 1 253952 258048
368 1 307200 311296
372 1 278528 286720
372 1 299008 303104
372 1 319488 327680
368 1 770048 786432
372 1 454656 458752
370 1 36864 53248
369 1 176128 192512
369 1 630784 647168
370 1 495616 507904
370 1 950272 962560
371 1 356352 368640
371 1 614400 618496
371 1 700416 704512
371 1 839680 847872
371 1 991232 999424
953 1 479232 483328
374 1 8192 12288
374 1 57344 61440
372 1 471040 475136
374 1 90112 94208
376 1 155648 159744
372 1 512000 516096
376 1 172032 176128
374 1 204800 208896
372 1 577536 581632
372 1 696320 700416
374 1 417792 421888
372 1 737280 741376
374 1 450560 454656
372 1 802816 806912
374 1 458752 462848
372 1 827392 831488
374 1 532480 536576
372 1 864256 872448
374 1 606208 610304
372 1 954368 958464
374 1 778240 782336
374 1 786432 790528
373 1 286720 290816
374 1 880640 884736
374 1 978944 983040
374 1 1032192 1036288
375 1 28672 32768
373 1 303104 307200
375 1 114688 118784
373 1 315392 319488
375 1 151552 155648
373 1 339968 344064
375 1 237568 241664
373 1 450560 454656
375 1 266240 270336
376 1 217088 221184
373 1 561152 565248
373 1 573440 577536
376 1 253952 258048
373 1 581632 585728
376 1 299008 303104
373 1 614400 618496
376 1 512000 516096
375 1 331776 335872
375 1 385024 389120
375 1 618496 622592
373 1 622592 626688
373 1 905216 909312
373 1 929792 933888
373 1 991232 995328
375 1 626688 630784
375 1 700416 704512
375 1 753664 757760
143 1 413696 417792
375 1 819200 823296
375 1 937984 942080
375 1 1040384 1044480
445 1 24576 28672
725 1 397312 401408
953 1 479232 483328
821 1 143360 147456
953 1 479232 483328
250 1 991232 1024000
166 1 786432 790528
372 1 577536 593920
372 1 593920 598016
953 1 479232 491520
166 1 794624 806912
172 1 0 4096
172 1 12288 16384
171 1 524288 536576
172 1 20480 24576
174 1 462848 466944
174 1 475136 479232
172 1 53248 57344
166 1 655360 659456
172 1 69632 77824
607 1 352256 356352
172 1 86016 90112
172 1 180224 184320
166 1 688128 692224
172 1 188416 192512
172 1 270336 274432
172 1 278528 282624
172 1 286720 290816
172 1 294912 299008
172 1 581632 585728
953 1 483328 487424
250 1 1019904 1048576
251 1 0 4096
372 1 598016 614400
372 1 614400 618496
166 1 655360 659456
166 1 786432 790528
953 1 483328 487424
171 1 524288 536576
172 1 0 4096
172 1 12288 16384
172 1 20480 24576
172 1 53248 57344
172 1 69632 73728
172 1 81920 86016
172 1 180224 184320
172 1 188416 192512
172 1 270336 274432
172 1 278528 282624
172 1 286720 290816
172 1 294912 299008
172 1 581632 585728
166 1 794624 806912
831 1 671744 675840
174 1 462848 466944
285 1 835584 839680
174 1 475136 479232
652 1 753664 757760
166 1 688128 692224
953 1 483328 487424
905 1 765952 770048
394 1 352256 356352
443 1 995328 999424
719 1 614400 618496
251 1 0 32768
372 1 618496 634880
372 1 634880 638976
461 1 667648 671744
953 1 483328 487424
48 1 974848 983040
588 1 901120 905216
953 1 483328 487424
328 1 32768 69632
372 2 638976 655360 655360 659456
372 1 659456 663552
267 1 65536 73728
953 1 483328 487424
251 1 28672 57344
166 1 655360 659456
372 1 663552 679936
166 1 786432 790528
166 1 794624 806912
171 1 524288 536576
172 1 0 4096
174 1 462848 466944
172 1 12288 16384
174 1 475136 479232
172 1 20480 24576
172 1 53248 57344
172 1 69632 77824
172 1 81920 86016
172 1 180224 184320
372 1 679936 684032
172 1 188416 192512
172 1 270336 274432
172 1 278528 282624
172 1 286720 290816
172 1 294912 299008
172 1 581632 585728
287 1 491520 495616
251 1 53248 61440
166 1 688128 692224
44 1 192512 196608
44 1 200704 204800
953 1 483328 491520
372 1 684032 700416
372 1 700416 704512
401 1 131072 135168
107 2 524288 655360 655360 786432
336 1 1024000 1032192
953 1 487424 491520
953 1 487424 491520
652 1 872448 876544
181 1 864256 872448
592 1 49152 53248
370 2 765952 786432 786432 876544
136 1 614400 618496
953 1 487424 491520
370 1 876544 880640
24 1 417792 430080
204 1 45056 57344
439 2 348160 393216 393216 475136
396 1 77824 81920
22 1 131072 135168
251 1 57344 65536
372 1 704512 724992
200 1 1019904 1024000
439 1 475136 479232
328 1 65536 73728
953 1 487424 491520
372 1 724992 729088
372 1 729088 749568
372 1 749568 753664
765 1 991232 995328
328 1 69632 77824
953 1 487424 491520
372 1 753664 774144
877 1 483328 495616
372 1 774144 778240
953 1 487424 491520
953 1 487424 491520
592 1 53248 57344
336 1 1032192 1036288
251 1 61440 94208
578 1 774144 778240
130 1 344064 348160
372 2 778240 786432 786432 794624
372 1 794624 798720
120 1 49152 77824
110 1 819200 823296
83 1 339968 344064
125 1 32768 98304
110 1 823296 827392
120 1 77824 110592
83 1 344064 348160
953 1 487424 491520
110 1 827392 831488
125 2 98304 131072 131072 167936
120 2 110592 131072 131072 143360
779 1 401408 405504
120 1 143360 176128
83 1 348160 352256
125 1 167936 245760
125 2 245760 262144 262144 311296
448 1 253952 262144
110 1 831488 843776
83 1 352256 364544
953 1 487424 499712
448 1 262144 266240
120 2 176128 262144 262144 266240
125 2 311296 393216 393216 471040
120 1 274432 323584
120 1 327680 331776
953 1 491520 495616
120 1 262144 266240
120 1 327680 331776
953 1 491520 495616
415 2 122880 131072 131072 135168
401 1 131072 135168
109 1 675840 679936
336 1 1036288 1044480
833 1 909312 917504
764 1 528384 532480
953 1 491520 495616
41 1 700416 704512
938 1 180224 188416
953 1 491520 495616
953 1 491520 495616
191 1 819200 823296
251 1 90112 98304
934 1 942080 946176
372 1 798720 815104
372 1 815104 819200
122 1 1015808 1019904
166 1 786432 790528
172 1 0 4096
166 1 794624 806912
171 1 524288 536576
172 1 12288 16384
172 1 20480 24576
172 1 53248 57344
174 1 462848 466944
174 1 475136 479232
172 1 69632 77824
166 1 655360 659456
172 1 81920 86016
172 1 180224 184320
172 1 188416 192512
172 1 270336 274432
172 1 278528 282624
172 1 286720 290816
172 1 294912 299008
172 1 581632 585728
953 1 491520 495616
731 1 352256 356352
166 1 688128 692224
953 1 491520 495616
578 1 970752 974848
336 1 1044480 1048576
278 1 712704 724992
953 1 491520 495616
372 1 819200 839680
203 1 737280 741376
902 1 184320 188416
251 1 94208 102400
953 1 491520 499712
372 1 839680 843776
372 1 843776 860160
372 1 860160 864256
953 1 495616 499712
251 1 98304 131072
953 1 495616 499712
372 1 864256 880640
372 1 880640 884736
251 2 126976 131072 131072 155648
372 1 884736 901120
185 1 430080 434176
372 1 901120 905216
953 1 495616 499712
289 1 110592 114688
953 1 495616 499712
953 1 495616 499712
953 1 495616 507904
594 1 921600 925696
401 1 131072 135168
586 1 626688 630784
953 1 499712 503808
337 1 0 8192
813 1 163840 167936
183 1 757760 761856
539 1 770048 771584
953 1 499712 503808
72 1 249856 253952
161 1 864256 868352
74 1 688128 692224
953 1 499712 503808
97 1 671744 675840
953 1 499712 507904
457 1 827392 831488
886 1 217088 221184
251 1 151552 159744
953 1 503808 507904
372 2 905216 917504 917504 921600
372 1 921600 925696
953 1 503808 516096
962 1 425984 438272
317 1 122880 126976
32 1 290816 294912
284 1 393216 397312
37 1 962560 966656
953 1 507904 512000
962 1 360448 364544
962 1 368640 372736
499 1 602112 604160
953 1 507904 512000
962 1 434176 438272
32 1 290816 294912
962 1 368640 372736
337 1 8192 12288
962 1 434176 438272
953 1 507904 512000
763 1 49152 53248
851 1 106496 110592
528 1 540672 544768
159 1 229376 245760
559 1 770048 774144
370 1 36864 49152
953 1 507904 512000
282 1 204800 208896
370 1 49152 53248
652 1 757760 761856
962 1 368640 372736
953 1 507904 512000
962 1 434176 446464
251 1 155648 188416
953 1 507904 516096
372 1 925696 942080
735 1 245760 249856
32 1 385024 393216
372 1 942080 946176
953 1 512000 516096
962 1 376832 385024
962 1 446464 450560
300 1 831488 839680
624 1 544768 552960
953 1 512000 516096
735 1 245760 249856
962 1 380928 385024
559 1 770048 774144
582 1 946176 950272
282 1 204800 208896
424 1 307200 389120
953 1 512000 516096
962 1 446464 450560
424 1 389120 393216
200 1 1024000 1032192
953 1 512000 516096
953 1 512000 516096
401 1 131072 135168
953 1 512000 516096
380 1 4096 8192
376 1 618496 622592
382 1 73728 77824
382 1 286720 299008
380 1 94208 98304
376 1 679936 684032
953 1 512000 516096
380 1 237568 245760
376 1 753664 757760
380 1 331776 335872
376 1 794624 798720
380 1 598016 602112
378 1 36864 40960
376 1 917504 921600
380 1 655360 659456
382 1 741376 753664
376 1 925696 933888
380 1 831488 835584
378 1 61440 65536
377 1 8192 12288
381 1 36864 40960
383 1 147456 159744
378 1 176128 180224
381 1 241664 253952
377 1 16384 20480
377 1 24576 28672
381 1 610304 618496
383 1 458752 462848
378 1 307200 311296
377 1 192512 196608
381 1 733184 737280
381 1 765952 770048
377 1 241664 245760
378 1 413696 417792
251 1 184320 192512
383 1 475136 479232
381 1 811008 815104
377 1 331776 335872
381 1 819200 823296
377 1 495616 499712
378 1 471040 475136
383 1 532480 536576
381 1 856064 860160
377 1 516096 520192
378 1 577536 581632
383 1 671744 675840
377 1 602112 606208
381 1 933888 937984
378 1 733184 737280
377 1 675840 679936
381 1 991232 995328
383 1 679936 684032
378 1 757760 761856
377 1 749568 753664
383 1 765952 770048
377 1 901120 905216
378 1 786432 790528
383 1 786432 794624
378 1 806912 811008
381 1 1044480 1048576
377 1 1032192 1036288
378 1 901120 905216
384 1 69632 73728
383 1 827392 835584
384 1 102400 118784
383 1 847872 851968
378 1 827392 831488
383 1 868352 872448
384 2 126976 131072 131072 135168
378 1 909312 913408
383 1 905216 909312
384 1 139264 143360
378 1 925696 929792
384 1 200704 208896
378 1 962560 966656
384 1 233472 245760
372 1 946176 962560
378 1 978944 983040
384 1 282624 286720
378 1 1019904 1024000
384 1 307200 311296
384 1 323584 327680
378 1 1028096 1032192
384 1 335872 339968
379 1 12288 16384
383 2 913408 917504 917504 929792
384 1 356352 360448
379 1 409600 413696
383 1 946176 954368
383 1 970752 978944
379 1 438272 442368
383 1 987136 1007616
379 1 454656 458752
379 1 475136 479232
379 1 520192 524288
379 1 557056 561152
379 1 569344 573440
379 1 643072 647168
383 1 1011712 1032192
379 1 712704 716800
379 1 909312 913408
372 1 962560 966656
384 1 364544 368640
384 1 425984 434176
384 1 442368 450560
384 1 454656 458752
384 1 475136 491520
384 1 512000 516096
384 1 528384 532480
384 1 724992 729088
384 1 819200 823296
920 1 8192 53248
384 1 839680 843776
384 1 978944 983040
401 1 16384 20480
401 1 90112 94208
953 1 512000 524288
401 1 106496 110592
401 1 131072 135168
402 1 118784 122880
401 1 253952 258048
402 1 131072 135168
402 1 172032 176128
402 1 180224 184320
677 1 700416 704512
401 1 339968 344064
401 1 405504 409600
401 1 417792 421888
401 1 532480 536576
402 1 204800 208896
401 1 548864 552960
401 1 569344 573440
401 1 667648 675840
401 1 692224 696320
401 1 708608 712704
401 1 720896 724992
401 1 761856 765952
401 1 802816 806912
401 1 995328 999424
920 1 53248 57344
259 1 487424 491520
953 1 516096 520192
372 1 966656 974848
404 1 65536 69632
406 1 65536 69632
406 1 131072 135168
406 1 192512 196608
404 1 126976 131072
406 1 237568 241664
404 1 192512 196608
402 1 335872 339968
404 1 266240 270336
404 1 368640 372736
406 1 339968 344064
404 1 487424 491520
406 1 495616 499712
404 1 499712 503808
402 1 352256 356352
406 1 880640 884736
404 1 577536 581632
402 1 380928 385024
406 1 999424 1003520
404 1 647168 651264
402 1 438272 442368
404 1 737280 741376
402 1 630784 634880
404 1 786432 790528
408 1 0 4096
402 1 794624 798720
407 1 73728 77824
404 1 839680 843776
408 1 57344 61440
402 1 802816 806912
372 1 974848 978944
407 1 110592 114688
402 1 892928 897024
407 1 217088 221184
402 1 942080 946176
407 1 344064 348160
408 1 106496 114688
402 1 958464 966656
407 1 372736 376832
408 1 143360 147456
402 1 983040 987136
407 1 397312 401408
408 1 204800 208896
404 1 851968 856064
402 1 1003520 1007616
408 1 229376 233472
407 1 421888 425984
403 1 73728 77824
404 1 970752 974848
408 1 274432 282624
403 1 258048 262144
404 1 999424 1003520
407 1 532480 540672
408 1 303104 307200
403 1 331776 335872
405 1 8192 12288
405 1 28672 32768
403 1 344064 348160
407 1 598016 602112
403 1 442368 446464
405 1 73728 77824
405 1 94208 98304
407 1 606208 610304
407 1 704512 708608
407 1 901120 905216
405 1 131072 135168
403 1 688128 692224
407 1 962560 966656
403 1 860160 864256
405 1 147456 151552
403 1 892928 897024
405 1 258048 262144
403 2 913408 917504 917504 921600
405 1 270336 274432
405 1 299008 303104
405 1 405504 409600
405 1 442368 446464
411 1 921600 1015808
405 1 479232 483328
405 1 544768 548864
405 1 552960 557056
405 1 819200 823296
405 1 991232 995328
405 1 1036288 1040384
953 1 516096 520192
349 1 548864 557056
166 1 786432 790528
171 1 524288 536576
166 1 794624 806912
172 1 0 4096
174 1 462848 466944
172 1 12288 16384
174 1 475136 479232
172 1 20480 24576
172 1 53248 57344
172 1 69632 77824
172 1 81920 86016
172 1 180224 184320
172 1 188416 192512
172 1 270336 274432
172 1 278528 282624
411 1 1015808 1019904
172 1 286720 290816
103 1 618496 622592
191 1 847872 851968
172 1 294912 299008
360 1 348160 352256
953 1 516096 520192
166 1 655360 659456
172 1 581632 585728
166 1 688128 692224
953 1 516096 520192
802 1 442368 446464
953 1 516096 520192
802 1 442368 446464
251 1 188416 221184
953 1 516096 520192
372 1 978944 995328
337 1 12288 20480
372 1 995328 999424
953 1 516096 520192
953 1 516096 520192
953 1 516096 524288
802 1 442368 446464
802 1 442368 446464
953 1 520192 524288
461 1 671744 675840
953 1 520192 524288
802 1 442368 446464
328 1 73728 98304
953 1 520192 524288
372 1 999424 1019904
372 1 1019904 1024000
440 1 737280 741376
623 1 589824 598016
802 1 442368 446464
953 1 520192 524288
413 1 614400 618496
802 1 442368 446464
953 1 520192 524288
466 1 241664 245760
924 1 360448 368640
670 1 65536 69632
924 1 376832 380928
802 1 442368 446464
953 1 520192 524288
337 1 20480 24576
802 1 442368 446464
25 1 155648 159744
386 1 188416 192512
382 2 913408 917504 917504 925696
612 1 53248 57344
25 1 208896 212992
27 1 270336 278528
537 1 36864 40960
356 1 339968 344064
411 1 0 4096
577 1 24576 28672
434 1 458752 462848
609 1 417792 421888
482 1 495616 499712
482 1 983040 987136
89 1 741376 745472
578 1 286720 290816
578 1 352256 364544
953 1 520192 524288
340 2 389120 393216 393216 409600
5 1 45056 49152
5 1 61440 65536
153 1 20480 24576
229 1 942080 946176
153 1 36864 40960
177 1 28672 32768
131 1 430080 434176
1 1 16384 20480
386 1 126976 131072
386 1 135168 139264
386 1 143360 151552
647 1 212992 217088
49 1 16384 20480
49 1 53248 57344
246 1 1019904 1024000
97 1 28672 32768
97 1 45056 49152
97 1 65536 69632
97 1 385024 389120
97 1 532480 536576
97 1 540672 544768
97 1 548864 557056
97 1 569344 589824
385 1 4096 8192
385 1 12288 16384
689 1 880640 884736
340 1 409600 413696
357 1 733184 737280
408 1 704512 782336
424 1 163840 212992
953 1 520192 524288
229 1 110592 114688
231 1 0 4096
740 1 991232 995328
269 1 499712 507904
953 1 520192 524288
28 1 995328 999424
953 2 520192 524288 524288 532480
953 1 524288 528384
278 1 720896 737280
461 1 675840 679936
251 1 217088 225280
372 1 1024000 1048576
941 1 364544 368640
953 1 524288 528384
373 1 0 4096
953 1 524288 532480
278 1 733184 753664
373 1 4096 24576
373 1 24576 28672
953 1 528384 532480
958 1 499712 503808
278 1 749568 761856
373 1 28672 49152
373 1 49152 53248
48 1 983040 987136
953 1 528384 540672
802 1 442368 446464
60 1 983040 987136
802 1 442368 446464
802 1 442368 446464
328 1 94208 122880
620 1 20480 24576
146 1 0 4096
373 1 53248 73728
1 1 0 16384
97 1 913408 917504
145 1 24576 28672
145 1 65536 69632
485 1 327680 331776
146 1 8192 12288
232 1 327680 331776
481 1 655360 659456
485 1 348160 352256
865 1 81920 86016
726 1 466944 471040
633 1 53248 57344
373 1 73728 77824
761 1 4096 8192
529 1 12288 16384
913 1 573440 577536
673 1 16384 20480
721 1 864256 868352
769 1 57344 61440
328 2 118784 131072 131072 139264
566 1 643072 651264
868 1 892928 897024
817 1 8192 16384
865 1 245760 249856
373 1 77824 98304
953 1 532480 536576
373 1 98304 102400
953 1 532480 536576
328 1 135168 163840
373 1 102400 122880
373 1 122880 126976
953 1 532480 536576
251 1 221184 249856
663 1 892928 897024
889 1 475136 479232
200 1 1032192 1036288
605 1 413696 417792
416 2 315392 393216 393216 491520
373 2 126976 131072 131072 143360
965 1 868352 872448
269 1 155648 159744
373 1 143360 147456
328 1 159744 188416
373 1 147456 167936
416 1 491520 495616
373 1 167936 172032
275 1 1040384 1044480
1 1 0 4096
1 1 8192 12288
97 1 65536 69632
97 1 131072 135168
97 1 421888 425984
97 1 913408 917504
652 1 872448 876544
485 1 122880 126976
129 1 131072 135168
485 1 749568 753664
485 1 798720 802816
145 1 24576 28672
171 1 679936 684032
145 1 45056 49152
145 1 61440 65536
722 1 483328 487424
481 1 61440 65536
481 1 131072 135168
401 1 421888 425984
785 1 176128 180224
953 1 532480 536576
722 1 491520 499712
328 1 184320 208896
373 1 172032 192512
373 1 192512 196608
953 1 532480 540672
953 1 536576 540672
347 1 8192 16384
347 1 16384 20480
251 2 245760 262144 262144 278528
953 1 536576 540672
373 1 196608 212992
373 1 212992 217088
251 1 274432 307200
373 1 217088 233472
373 1 233472 237568
649 1 950272 954368
420 1 921600 950272
953 1 536576 540672
420 1 950272 954368
383 1 667648 733184
383 2 733184 786432 786432 798720
328 1 204800 229376
383 1 798720 864256
383 2 864256 917504 917504 929792
383 1 929792 950272
373 1 237568 258048
953 1 536576 548864
373 1 258048 262144
383 1 950272 954368
953 1 540672 544768
185 1 303104 307200
953 1 540672 544768
574 2 782336 786432 786432 794624
433 2 73728 131072 131072 139264
953 1 540672 544768
433 1 139264 143360
393 1 438272 442368
433 1 143360 180224
953 1 540672 544768
433 1 180224 184320
251 1 303104 335872
953 1 540672 548864
373 1 262144 278528
959 1 593920 598016
54 1 864256 868352
373 1 278528 282624
960 1 110592 114688
953 1 544768 548864
251 1 331776 364544
373 1 282624 299008
347 2 589824 655360 655360 663552
373 1 299008 303104
953 1 544768 548864
347 1 663552 667648
122 1 1019904 1028096
366 1 491520 495616
357 1 1032192 1044480
695 1 1028096 1036288
185 1 303104 307200
953 1 544768 548864
278 1 757760 778240
328 1 225280 237568
373 1 303104 331776
373 1 331776 335872
933 1 757760 761856
953 1 544768 548864
185 1 393216 397312
953 1 544768 548864
203 1 741376 745472
877 1 729088 733184
347 1 667648 696320
278 2 774144 786432 786432 790528
953 1 544768 548864
373 1 335872 356352
347 1 696320 700416
384 1 0 32768
383 1 954368 1019904
810 1 147456 151552
383 1 1019904 1048576
251 1 360448 389120
953 1 544768 548864
920 1 679936 684032
384 1 32768 36864
373 1 356352 360448
373 1 360448 376832
278 1 786432 802816
200 1 135168 139264
373 1 376832 380928
36 1 1044480 1048576
953 1 544768 557056
373 2 380928 393216 393216 401408
670 1 417792 421888
1 1 0 8192
330 1 0 32768
145 1 8192 12288
384 1 36864 98304
145 1 20480 24576
145 1 131072 135168
145 1 176128 180224
373 1 401408 405504
145 1 212992 225280
251 2 385024 393216 393216 442368
953 1 548864 552960
384 1 98304 102400
373 1 405504 421888
423 1 757760 765952
373 1 421888 425984
423 1 765952 770048
278 1 798720 815104
373 1 425984 446464
373 1 446464 450560
612 1 536576 540672
1 1 4096 8192
49 1 32768 36864
953 1 548864 552960
953 1 548864 552960
807 1 999424 1003520
384 1 102400 126976
953 1 548864 552960
384 1 126976 131072
278 1 811008 823296
347 1 700416 729088
373 1 450560 471040
953 1 548864 552960
373 1 471040 475136
347 1 729088 733184
359 2 389120 393216 393216 446464
953 1 548864 557056
359 1 446464 450560
412 1 24576 28672
408 1 315392 323584
408 1 344064 348160
414 1 110592 118784
412 1 163840 167936
414 1 188416 192512
412 1 200704 204800
414 1 200704 204800
408 1 376832 380928
410 1 24576 28672
412 1 389120 393216
414 1 217088 221184
408 1 430080 434176
410 1 45056 49152
412 1 503808 507904
414 1 241664 245760
410 1 135168 139264
408 1 503808 507904
412 1 593920 598016
412 1 671744 675840
408 1 577536 581632
410 1 196608 200704
412 1 700416 704512
905 1 765952 770048
408 1 667648 671744
412 1 716800 720896
408 1 684032 688128
412 1 811008 815104
408 1 692224 696320
412 1 880640 884736
410 1 212992 217088
412 1 897024 901120
408 1 761856 765952
412 1 933888 937984
408 1 794624 798720
410 1 233472 237568
412 1 966656 970752
408 1 851968 856064
410 1 258048 262144
412 1 983040 987136
278 1 819200 835584
408 1 991232 995328
412 1 999424 1003520
410 1 270336 274432
412 1 1011712 1015808
408 1 1044480 1048576
410 1 430080 434176
413 1 0 8192
409 1 40960 45056
410 1 512000 516096
409 1 57344 61440
410 1 536576 540672
409 1 147456 151552
410 1 581632 585728
409 1 217088 221184
410 1 688128 696320
413 1 16384 20480
410 1 724992 729088
410 1 765952 778240
413 1 24576 32768
410 1 782336 786432
413 1 143360 147456
409 1 278528 282624
413 1 253952 258048
409 1 290816 294912
413 1 274432 278528
409 1 315392 319488
413 1 405504 409600
413 1 507904 512000
413 1 536576 540672
410 1 790528 798720
373 1 475136 495616
413 1 557056 561152
410 1 823296 827392
410 1 856064 860160
413 1 577536 581632
413 1 589824 593920
413 1 643072 647168
409 1 327680 331776
409 1 352256 356352
413 1 655360 659456
409 1 380928 385024
409 1 409600 413696
413 1 663552 667648
409 1 425984 430080
409 1 434176 442368
413 1 745472 749568
409 1 495616 499712
409 1 528384 532480
413 1 819200 823296
409 1 622592 626688
413 1 880640 884736
409 1 643072 647168
410 1 880640 884736
413 1 962560 966656
409 1 692224 696320
410 1 1044480 1048576
411 1 8192 16384
409 1 794624 798720
411 1 77824 90112
409 1 819200 823296
411 1 102400 106496
953 1 552960 557056
411 1 143360 147456
409 1 917504 925696
411 1 167936 172032
411 1 180224 188416
409 1 995328 999424
411 1 196608 200704
411 1 225280 233472
409 1 1007616 1011712
373 1 495616 499712
411 1 245760 249856
411 1 303104 307200
411 1 315392 319488
411 1 339968 348160
411 1 360448 364544
411 1 368640 372736
411 1 393216 401408
411 1 438272 442368
411 1 557056 561152
411 1 614400 618496
411 1 667648 671744
411 1 704512 708608
411 1 737280 741376
411 1 802816 806912
76 1 946176 950272
411 1 827392 831488
411 1 847872 851968
411 1 888832 892928
411 1 1007616 1011712
414 1 262144 266240
414 1 274432 278528
414 1 303104 307200
414 1 339968 344064
414 1 348160 352256
414 1 450560 454656
414 2 520192 524288 524288 528384
414 1 536576 540672
414 1 577536 581632
414 1 589824 593920
414 1 618496 626688
414 1 757760 761856
414 1 819200 823296
414 1 839680 843776
414 1 929792 933888
414 1 983040 991232
337 1 24576 36864
414 1 1024000 1028096
414 1 1040384 1044480
415 1 53248 57344
415 1 61440 65536
416 1 0 4096
416 1 122880 131072
416 1 135168 139264
415 1 73728 77824
415 1 102400 106496
415 1 118784 122880
415 1 245760 253952
415 1 290816 294912
415 1 311296 315392
156 1 405504 409600
898 1 507904 512000
415 1 327680 331776
415 1 356352 360448
415 1 372736 376832
313 1 98304 102400
953 1 552960 557056
415 1 430080 434176
415 1 466944 471040
313 1 110592 118784
416 1 147456 151552
416 1 172032 176128
415 1 524288 528384
416 1 192512 200704
415 1 606208 610304
416 1 208896 212992
415 1 634880 638976
416 1 245760 249856
416 1 253952 258048
416 1 262144 266240
416 1 335872 339968
416 1 425984 430080
416 1 434176 442368
251 1 438272 466944
415 1 684032 688128
416 1 471040 475136
415 1 745472 749568
415 1 811008 815104
415 1 909312 913408
416 1 483328 487424
415 1 929792 933888
416 1 606208 610304
415 1 942080 946176
416 1 618496 622592
415 1 958464 962560
314 1 49152 53248
314 1 126976 131072
416 1 651264 655360
416 1 692224 696320
416 1 741376 745472
416 1 782336 786432
416 1 835584 839680
416 1 999424 1003520
416 1 1028096 1032192
313 1 139264 143360
313 1 159744 163840
109 1 679936 688128
373 1 499712 516096
292 1 942080 946176
313 1 237568 241664
347 1 204800 208896
313 1 286720 290816
313 1 307200 311296
313 1 323584 327680
313 1 356352 360448
313 1 376832 380928
313 1 475136 479232
313 1 548864 552960
313 1 573440 577536
313 1 614400 618496
313 1 643072 647168
313 1 737280 741376
313 1 835584 839680
313 1 851968 856064
313 1 864256 868352
953 1 552960 557056
313 1 905216 909312
313 1 921600 925696
313 1 995328 999424
373 1 516096 520192
46 1 798720 802816
953 1 552960 557056
123 1 835584 839680
953 1 552960 557056
629 1 573440 577536
953 1 552960 557056
166 1 655360 659456
287 1 491520 495616
166 1 688128 692224
171 1 524288 536576
172 1 0 4096
172 1 12288 16384
166 1 786432 790528
172 1 20480 24576
166 1 794624 806912
174 1 462848 466944
172 1 53248 57344
174 1 475136 479232
172 1 69632 81920
172 1 180224 184320
172 1 188416 192512
172 1 270336 274432
172 1 278528 282624
172 1 286720 290816
172 1 294912 299008
172 1 581632 585728
953 1 552960 565248
965 1 872448 876544
347 1 733184 761856
328 1 233472 258048
347 1 761856 765952
373 2 520192 524288 524288 540672
953 1 557056 561152
373 1 540672 544768
953 1 557056 561152
337 1 36864 40960
818 1 147456 155648
674 1 962560 966656
953 1 557056 561152
278 1 831488 847872
373 1 544768 565248
93 1 45056 49152
373 1 565248 569344
953 1 557056 561152
251 1 462848 495616
373 1 569344 585728
953 1 557056 561152
814 1 217088 225280
373 1 585728 589824
316 1 401408 405504
953 1 557056 561152
328 1 253952 262144
485 1 987136 991232
146 1 0 12288
1 1 0 16384
726 1 634880 638976
485 1 995328 999424
97 1 913408 917504
538 1 364544 368640
145 1 49152 53248
145 1 65536 69632
373 1 589824 610304
232 1 335872 339968
553 1 24576 28672
657 1 94208 98304
913 1 217088 221184
529 1 36864 40960
721 1 864256 868352
441 1 536576 540672
769 1 53248 57344
698 1 566272 570368
373 1 610304 614400
953 1 557056 561152
698 1 566272 570368
953 1 557056 565248
953 1 561152 565248
48 1 425984 430080
953 1 561152 565248
40 1 249856 253952
285 1 839680 847872
953 1 561152 565248
588 1 843776 847872
278 1 843776 860160
932 1 557056 573440
338 1 606208 622592
373 1 614400 634880
337 1 40960 49152
373 1 634880 638976
761 1 966656 970752
337 1 49152 53248
390 1 667648 679936
953 1 561152 565248
390 1 679936 684032
953 1 561152 565248
251 1 491520 524288
373 1 638976 655360
953 1 561152 565248
373 1 655360 659456
265 1 520192 524288
736 1 151552 155648
289 1 131072 135168
289 1 237568 241664
289 1 552960 557056
417 1 1032192 1036288
817 1 4096 8192
290 1 126976 131072
817 1 65536 69632
291 1 729088 733184
373 1 659456 667648
953 1 561152 565248
580 1 872448 876544
291 1 962560 966656
817 1 991232 995328
819 1 24576 28672
865 1 4096 8192
865 1 69632 73728
868 1 921600 933888
851 1 155648 159744
865 1 368640 372736
865 1 544768 548864
868 1 958464 962560
897 1 622592 626688
897 1 1015808 1019904
201 1 151552 155648
329 1 126976 131072
537 1 155648 159744
373 1 667648 671744
537 1 163840 167936
537 1 172032 176128
666 1 286720 290816
671 1 303104 307200
537 1 180224 188416
695 1 516096 520192
666 1 528384 532480
633 1 16384 20480
666 1 774144 778240
633 1 65536 69632
633 1 151552 159744
634 1 102400 106496
681 1 4096 8192
883 1 118784 122880
681 1 69632 73728
683 1 835584 843776
668 1 409600 413696
681 1 397312 401408
714 1 122880 126976
732 1 618496 626688
714 1 143360 147456
765 1 290816 299008
681 1 405504 409600
714 1 692224 696320
765 1 376832 380928
681 1 634880 638976
729 1 12288 16384
731 1 339968 344064
729 1 69632 73728
765 1 483328 487424
953 1 561152 565248
731 1 626688 630784
731 1 663552 667648
923 1 585728 589824
209 1 12288 16384
90 1 659456 663552
209 1 65536 69632
211 1 102400 106496
209 1 745472 749568
243 1 630784 634880
209 1 778240 782336
953 1 561152 573440
733 1 659456 663552
75 1 516096 520192
224 1 1028096 1032192
662 1 532480 536576
953 1 565248 569344
1 1 0 8192
87 1 94208 98304
1 1 12288 16384
1 1 20480 45056
1 1 73728 77824
52 1 524288 528384
1 1 102400 114688
49 1 69632 73728
49 1 159744 163840
379 1 131072 139264
379 1 139264 143360
337 1 69632 126976
639 1 487424 491520
337 1 126976 131072
953 1 565248 569344
388 1 208896 212992
269 1 466944 471040
269 1 471040 475136
319 2 524288 655360 655360 679936
860 1 569344 573440
953 1 565248 569344
128 1 581632 585728
818 1 167936 172032
351 1 991232 995328
953 1 565248 569344
393 1 442368 446464
953 1 565248 569344
953 1 565248 569344
393 1 356352 360448
588 1 663552 667648
1 1 0 4096
1 1 8192 12288
385 1 65536 69632
392 1 339968 344064
422 1 684032 688128
386 1 684032 688128
529 1 20480 24576
386 1 692224 696320
531 1 65536 69632
529 1 32768 36864
674 1 942080 950272
708 1 430080 434176
529 1 65536 69632
529 1 143360 151552
675 1 1015808 1019904
561 1 200704 204800
673 1 4096 8192
673 1 65536 69632
953 1 565248 569344
669 1 876544 880640
818 1 638976 643072
953 1 565248 569344
109 1 483328 487424
725 1 409600 413696
449 1 901120 905216
377 1 278528 323584
377 1 323584 327680
953 1 565248 573440
328 2 258048 262144 262144 270336
373 1 671744 692224
373 1 692224 696320
953 1 569344 573440
953 1 569344 573440
850 1 352256 356352
953 1 569344 573440
367 1 466944 475136
953 1 569344 573440
367 1 475136 479232
953 1 569344 573440
953 1 569344 573440
48 1 987136 995328
417 2 770048 786432 786432 913408
417 1 913408 917504
989 1 397312 401408
71 1 253952 262144
251 2 520192 524288 524288 548864
373 1 696320 712704
373 1 712704 716800
953 1 569344 573440
953 1 569344 573440
413 1 618496 626688
166 1 655360 659456
166 1 786432 790528
166 1 794624 806912
174 1 462848 466944
172 1 0 4096
171 1 524288 536576
174 1 475136 479232
172 1 12288 16384
172 1 20480 24576
172 1 53248 57344
172 1 69632 77824
172 1 81920 86016
172 1 180224 184320
172 1 188416 192512
172 1 270336 274432
172 1 278528 282624
172 1 286720 290816
172 1 294912 299008
172 1 581632 585728
166 1 688128 692224
222 1 925696 929792
1 1 0 8192
5 1 327680 331776
1 1 16384 20480
1 1 217088 221184
5 1 393216 397312
673 1 917504 921600
754 1 548864 552960
37 1 393216 397312
721 1 4096 8192
721 1 65536 69632
721 1 819200 823296
721 1 901120 905216
328 1 266240 278528
373 1 716800 737280
373 1 737280 741376
47 1 122880 126976
145 1 36864 40960
145 1 53248 57344
953 1 569344 573440
47 1 229376 241664
145 1 1044480 1048576
913 1 114688 118784
481 1 65536 73728
146 1 0 4096
485 1 311296 319488
481 1 135168 139264
483 1 385024 389120
483 1 434176 438272
485 1 327680 335872
481 1 659456 663552
483 1 442368 446464
485 1 737280 741376
481 1 671744 675840
481 1 679936 688128
485 1 745472 749568
483 1 483328 487424
529 1 49152 53248
514 1 966656 974848
425 1 98304 102400
674 1 786432 790528
220 1 884736 892928
953 1 569344 573440
251 1 544768 573440
373 1 741376 757760
419 1 966656 970752
122 1 1028096 1032192
254 1 32768 36864
373 1 757760 761856
489 1 643072 651264
251 1 569344 602112
373 1 761856 778240
373 1 778240 782336
470 1 974848 978944
953 1 569344 581632
953 1 573440 577536
110 1 983040 987136
953 1 262144 380928
369 1 409600 479232
962 1 360448 368640
391 2 241664 262144 262144 311296
369 1 479232 483328
962 1 430080 434176
391 1 311296 315392
962 1 364544 372736
953 1 573440 577536
418 1 8192 12288
548 1 36864 45056
595 1 548864 577536
244 1 221184 241664
418 1 12288 16384
241 1 483328 524288
595 1 577536 610304
352 1 999424 1003520
599 1 696320 753664
667 1 204800 208896
241 1 524288 577536
889 1 569344 593920
595 1 610304 634880
244 2 241664 262144 262144 270336
599 2 753664 786432 786432 823296
548 1 45056 49152
418 1 16384 24576
599 1 823296 884736
241 1 577536 634880
595 2 634880 655360 655360 667648
352 1 1003520 1007616
599 2 884736 917504 917504 950272
244 1 270336 307200
241 2 634880 655360 655360 692224
244 1 307200 335872
548 1 49152 57344
962 1 434176 438272
595 1 667648 712704
599 1 950272 966656
599 1 970752 1003520
595 1 716800 765952
241 1 692224 765952
595 1 770048 786432
953 1 573440 577536
244 1 335872 380928
108 1 413696 417792
595 1 708608 712704
373 2 782336 786432 786432 790528
373 1 790528 794624
962 1 368640 380928
251 1 598016 630784
373 1 794624 811008
373 1 811008 815104
1 1 0 12288
1 1 16384 20480
434 1 491520 495616
470 1 569344 573440
685 1 737280 741376
434 1 520192 524288
567 1 827392 831488
145 1 135168 139264
434 1 552960 557056
345 1 12288 16384
337 1 65536 69632
434 1 847872 851968
337 1 131072 135168
427 1 294912 299008
337 1 598016 602112
369 1 131072 135168
433 1 4096 8192
433 1 65536 69632
433 1 143360 147456
529 1 4096 8192
529 1 155648 159744
977 1 1024000 1028096
393 1 4096 8192
393 1 65536 69632
393 1 151552 172032
393 2 389120 393216 393216 401408
393 1 405504 409600
393 1 540672 544768
393 1 593920 598016
393 1 675840 679936
441 1 167936 172032
441 1 196608 200704
441 1 249856 253952
489 1 8192 12288
746 1 475136 487424
530 1 872448 876544
529 1 131072 135168
529 1 151552 155648
529 1 163840 172032
953 1 573440 577536
529 1 184320 200704
529 1 212992 217088
529 1 225280 229376
529 1 233472 237568
529 1 258048 262144
529 1 270336 274432
529 1 299008 303104
529 1 311296 315392
529 1 360448 364544
529 1 389120 393216
529 1 397312 401408
529 1 454656 458752
529 1 462848 466944
529 1 479232 491520
529 1 495616 503808
530 1 0 8192
529 1 516096 524288
530 1 36864 40960
530 1 57344 61440
529 1 528384 532480
529 1 544768 548864
530 1 77824 81920
529 1 557056 561152
530 1 86016 90112
530 1 106496 110592
530 1 126976 131072
529 1 565248 573440
529 1 585728 593920
530 1 143360 147456
529 1 606208 610304
529 1 614400 618496
530 1 163840 167936
529 1 630784 634880
529 1 638976 643072
530 1 176128 180224
530 1 188416 192512
530 1 200704 212992
530 1 249856 253952
885 1 1015808 1024000
530 1 258048 262144
530 1 294912 303104
885 1 1028096 1032192
503 1 757760 761856
202 1 282624 286720
869 1 286720 290816
869 1 348160 352256
993 1 479232 483328
765 1 339968 344064
1 1 0 4096
529 2 651264 655360 655360 659456
1 1 28672 32768
529 1 663552 667648
529 1 692224 696320
529 1 712704 716800
529 1 741376 745472
81 1 778240 782336
529 1 749568 753664
201 1 57344 61440
530 1 356352 364544
530 1 368640 372736
530 1 393216 397312
530 1 413696 417792
529 1 774144 778240
530 1 442368 446464
529 1 815104 819200
529 1 827392 831488
529 1 868352 872448
529 1 876544 880640
530 1 454656 458752
530 1 466944 471040
530 1 475136 479232
529 1 884736 897024
530 1 483328 495616
529 1 905216 913408
530 1 503808 512000
529 1 921600 925696
530 1 528384 532480
529 1 942080 950272
530 1 557056 561152
530 1 565248 577536
530 1 581632 585728
529 1 962560 970752
529 1 983040 995328
529 1 999424 1003520
530 1 593920 598016
530 1 602112 606208
953 1 573440 577536
529 1 1007616 1015808
529 1 1019904 1024000
530 1 630784 634880
529 1 1028096 1032192
532 1 45056 53248
530 1 659456 663552
529 1 1036288 1040384
532 1 57344 61440
530 1 700416 704512
529 1 1044480 1048576
532 1 118784 122880
316 1 24576 28672
532 1 131072 135168
530 1 737280 741376
530 1 745472 761856
532 1 143360 147456
530 1 770048 774144
318 1 0 98304
532 1 204800 208896
530 2 782336 786432 786432 790528
530 1 802816 806912
314 1 200704 204800
316 1 57344 61440
530 1 811008 815104
530 1 827392 835584
316 1 106496 110592
314 1 294912 299008
530 1 843776 847872
314 1 417792 421888
530 1 864256 868352
316 1 122880 126976
530 1 880640 888832
314 1 446464 450560
316 1 139264 143360
316 1 159744 163840
530 1 892928 897024
316 1 176128 184320
314 1 462848 466944
530 1 905216 913408
530 1 929792 933888
316 1 188416 196608
314 1 471040 475136
532 1 212992 217088
316 1 475136 479232
314 1 483328 487424
314 1 532480 536576
316 1 487424 491520
314 1 593920 598016
316 1 540672 544768
358 2 831488 917504 917504 987136
314 1 651264 655360
314 1 671744 679936
316 1 573440 577536
314 1 692224 696320
532 1 221184 225280
316 1 692224 696320
314 1 737280 741376
532 1 229376 233472
316 1 724992 729088
314 1 864256 868352
532 1 237568 249856
316 1 749568 753664
314 1 942080 946176
316 1 782336 786432
314 1 950272 954368
530 1 950272 954368
316 1 831488 839680
314 1 1011712 1015808
530 1 962560 966656
530 1 987136 991232
315 1 8192 12288
530 1 999424 1007616
532 1 266240 270336
530 1 1011712 1015808
530 1 1024000 1028096
532 1 294912 299008
530 1 1032192 1036288
530 1 1044480 1048576
532 1 311296 319488
531 1 8192 12288
531 1 28672 32768
532 1 327680 335872
531 1 36864 45056
531 1 77824 81920
316 1 884736 888832
532 1 344064 348160
531 1 86016 90112
316 1 946176 950272
315 1 24576 28672
534 1 16384 20480
532 1 356352 364544
315 1 176128 180224
315 1 221184 225280
534 1 417792 421888
532 1 368640 372736
315 1 229376 233472
532 1 376832 380928
531 1 98304 106496
532 1 393216 397312
532 1 409600 417792
316 1 983040 987136
639 1 159744 167936
316 1 999424 1003520
317 1 4096 8192
639 1 266240 270336
317 1 20480 24576
532 1 425984 430080
531 1 114688 126976
317 1 86016 90112
536 1 626688 630784
317 1 212992 217088
531 1 131072 147456
532 1 442368 450560
536 1 720896 724992
317 1 266240 270336
531 1 159744 167936
661 1 598016 602112
531 1 184320 188416
532 1 462848 466944
536 1 966656 970752
315 1 274432 282624
531 1 192512 196608
536 1 974848 978944
532 1 479232 483328
315 1 331776 335872
633 1 229376 233472
315 1 409600 413696
633 1 475136 479232
532 1 520192 524288
633 1 622592 626688
315 1 417792 421888
633 1 917504 921600
605 1 1003520 1007616
315 1 466944 471040
315 1 475136 479232
315 1 487424 491520
315 1 520192 524288
531 1 217088 221184
315 1 565248 569344
531 1 229376 233472
315 1 696320 700416
531 1 299008 303104
315 1 704512 708608
531 1 307200 315392
315 1 770048 774144
531 1 323584 331776
315 1 815104 819200
531 1 352256 356352
315 1 917504 921600
531 1 385024 393216
532 1 532480 536576
531 1 405504 409600
315 1 946176 950272
532 1 552960 557056
532 1 561152 569344
711 1 106496 114688
532 1 589824 593920
202 1 921600 925696
532 1 643072 647168
655 1 675840 679936
532 1 688128 692224
532 1 700416 704512
531 1 417792 421888
315 1 987136 991232
531 1 454656 458752
532 1 708608 729088
531 1 462848 475136
531 1 479232 483328
531 1 487424 491520
531 1 495616 499712
531 1 520192 524288
347 1 184320 200704
532 1 770048 774144
531 1 540672 544768
636 1 266240 270336
531 1 561152 565248
531 1 581632 585728
531 1 606208 610304
531 1 626688 630784
531 1 655360 659456
531 1 667648 671744
531 1 679936 684032
639 1 282624 286720
639 1 540672 544768
531 1 688128 700416
531 1 708608 716800
531 1 741376 745472
531 1 753664 757760
531 2 782336 786432 786432 790528
531 1 811008 815104
639 1 643072 647168
531 1 835584 839680
639 1 860160 864256
646 1 192512 196608
644 1 606208 610304
646 1 413696 417792
645 1 188416 192512
531 1 843776 847872
640 1 643072 647168
531 1 864256 868352
645 1 421888 425984
640 1 811008 815104
531 1 884736 888832
646 1 565248 569344
641 1 647168 651264
645 1 659456 663552
645 1 765952 770048
531 1 901120 905216
645 1 856064 860160
647 1 12288 16384
531 1 954368 958464
647 1 471040 475136
647 1 675840 679936
531 1 962560 978944
531 1 983040 987136
647 1 864256 872448
756 1 147456 151552
648 1 421888 425984
756 1 303104 311296
648 1 827392 831488
753 1 385024 389120
753 1 839680 843776
647 1 884736 892928
531 1 1003520 1015808
634 1 520192 524288
634 1 872448 876544
634 1 901120 905216
635 1 421888 425984
635 1 462848 466944
635 1 516096 520192
317 5 315392 393216 393216 524288 524288 655360 655360 786432 786432 831488
635 1 892928 897024
754 1 245760 249856
754 1 700416 708608
755 1 106496 114688
166 1 786432 790528
755 1 561152 569344
755 1 741376 745472
755 1 892928 897024
755 1 1044480 1048576
338 1 315392 323584
172 1 0 4096
317 2 831488 917504 917504 1048576
172 1 12288 16384
171 1 524288 536576
172 1 20480 24576
166 1 794624 806912
174 1 462848 466944
172 1 53248 57344
172 1 69632 73728
174 1 475136 479232
172 1 77824 86016
172 1 180224 184320
328 1 274432 290816
172 1 188416 192512
172 1 270336 274432
172 1 278528 282624
172 1 286720 290816
172 1 294912 299008
338 1 323584 327680
172 1 581632 585728
373 1 815104 835584
166 1 655360 659456
166 1 688128 692224
373 1 835584 839680
953 1 573440 577536
151 1 827392 831488
916 1 184320 196608
953 1 573440 577536
328 1 286720 303104
373 1 839680 860160
373 1 860160 864256
991 1 188416 192512
251 1 626688 655360
953 1 573440 577536
708 1 995328 999424
166 1 655360 659456
373 1 864256 880640
166 1 786432 790528
172 1 0 4096
172 1 12288 16384
172 1 20480 24576
171 1 524288 536576
166 1 794624 806912
172 1 53248 57344
174 1 462848 466944
174 1 475136 479232
172 1 69632 73728
172 1 77824 81920
172 1 180224 184320
172 1 188416 192512
172 1 270336 274432
172 1 278528 282624
373 1 880640 884736
172 1 286720 290816
172 1 294912 299008
172 1 581632 585728
166 1 688128 692224
764 1 184320 188416
760 1 65536 77824
741 1 409600 413696
356 1 978944 983040
190 1 925696 929792
566 1 647168 651264
4 1 110592 114688
19 1 188416 192512
497 1 856064 864256
284 1 385024 389120
953 1 573440 577536
393 1 516096 524288
410 1 409600 413696
504 1 729088 733184
393 1 524288 528384
336 2 782336 786432 786432 856064
477 1 991232 995328
679 1 851968 856064
742 1 815104 819200
550 1 122880 126976
278 1 856064 872448
336 1 856064 860160
373 1 884736 905216
373 1 905216 909312
273 1 0 4096
363 1 200704 204800
260 1 544768 557056
522 1 765952 770048
193 1 569344 573440
727 1 778240 786432
205 1 331776 335872
241 1 131072 135168
482 1 204800 212992
727 1 794624 798720
529 1 151552 155648
622 1 823296 888832
658 1 614400 618496
625 1 4096 8192
754 1 622592 626688
625 1 65536 69632
625 1 151552 155648
625 1 233472 237568
625 1 266240 270336
625 1 290816 294912
625 1 303104 307200
625 1 311296 315392
753 1 495616 499712
665 1 442368 446464
622 1 888832 892928
328 1 299008 327680
373 2 909312 917504 917504 929792
953 1 573440 577536
373 1 929792 933888
622 1 180224 184320
663 1 892928 897024
154 1 557056 561152
163 1 454656 462848
190 1 929792 937984
203 1 745472 749568
902 1 184320 192512
662 1 536576 540672
594 1 110592 114688
336 1 860160 897024
328 1 323584 331776
966 1 81920 90112
373 1 933888 954368
373 1 954368 958464
336 1 897024 901120
953 1 573440 577536
802 1 442368 446464
802 1 442368 446464
290 1 794624 798720
806 1 172032 225280
806 1 225280 229376
664 1 679936 688128
963 2 188416 262144 262144 282624
962 1 360448 364544
962 1 352256 356352
166 1 655360 659456
166 1 786432 790528
953 1 573440 581632
172 1 0 4096
172 1 12288 16384
171 1 524288 536576
172 1 20480 24576
166 1 794624 806912
174 1 462848 466944
172 1 53248 57344
174 1 475136 479232
172 1 69632 73728
172 1 77824 81920
172 1 180224 184320
172 1 188416 192512
172 1 270336 274432
172 1 278528 282624
172 1 286720 290816
172 1 294912 299008
172 1 581632 585728
953 1 577536 581632
166 1 688128 692224
166 1 786432 790528
171 1 524288 536576
172 1 0 4096
166 1 794624 806912
172 1 12288 16384
172 1 20480 24576
172 1 53248 57344
174 1 462848 466944
172 1 69632 77824
174 1 475136 479232
166 1 655360 659456
172 1 81920 86016
172 1 180224 184320
172 1 188416 192512
172 1 270336 274432
172 1 278528 282624
172 1 286720 290816
172 1 294912 299008
172 1 581632 585728
166 1 688128 692224
742 1 32768 36864
278 1 802816 806912
615 1 495616 499712
390 1 57344 61440
251 2 651264 655360 655360 679936
953 1 577536 581632
373 1 958464 974848
329 1 438272 446464
373 1 974848 978944
329 1 446464 450560
777 1 626688 630784
251 1 675840 708608
373 1 978944 995328
328 1 327680 339968
166 1 786432 790528
166 1 794624 806912
373 1 995328 999424
171 1 524288 528384
174 1 462848 466944
166 1 655360 659456
174 1 475136 479232
172 1 0 4096
172 1 12288 16384
172 1 20480 24576
171 1 528384 536576
172 1 53248 57344
373 1 999424 1019904
172 1 69632 77824
172 1 81920 86016
172 1 180224 184320
172 1 188416 192512
172 1 270336 274432
172 1 278528 282624
172 1 286720 290816
172 1 294912 299008
166 1 688128 692224
172 1 581632 585728
200 1 1036288 1040384
373 1 1019904 1024000
730 1 991232 999424
222 1 925696 929792
953 1 577536 581632
188 1 671744 684032
754 1 323584 327680
360 2 774144 786432 786432 876544
328 1 335872 352256
373 1 1024000 1044480
360 1 876544 880640
373 1 1044480 1048576
767 1 278528 282624
461 1 679936 684032
398 1 483328 512000
840 1 888832 892928
525 1 380928 385024
398 1 512000 516096
285 1 847872 851968
278 1 868352 888832
241 1 192512 196608
374 1 0 20480
374 1 20480 24576
375 1 282624 286720
953 1 577536 581632
251 1 704512 712704
374 1 24576 40960
374 1 40960 45056
709 1 208896 212992
46 1 802816 806912
579 1 999424 1003520
313 2 102400 131072 131072 229376
820 1 323584 327680
313 1 229376 233472
785 1 491520 495616
351 1 991232 995328
785 1 491520 495616
818 1 172032 176128
921 2 118784 131072 131072 172032
328 1 618496 622592
14 1 368640 372736
360 1 450560 454656
921 1 172032 176128
304 1 742400 751104
278 1 884736 901120
795 1 372736 376832
758 1 458752 462848
756 1 454656 462848
795 1 741376 745472
758 1 614400 618496
757 1 0 4096
810 1 106496 110592
758 1 802816 806912
760 1 180224 184320
810 1 327680 331776
757 1 253952 258048
759 1 491520 495616
810 1 598016 602112
759 1 638976 655360
796 1 352256 356352
818 1 192512 196608
796 1 806912 811008
798 1 73728 77824
818 1 249856 253952
797 1 212992 217088
798 1 528384 536576
760 1 471040 475136
797 1 667648 671744
818 1 610304 614400
798 1 987136 991232
760 1 876544 880640
812 1 598016 602112
799 1 401408 405504
818 1 700416 704512
800 1 0 4096
799 1 573440 577536
818 1 962560 966656
800 1 385024 389120
819 1 126976 131072
826 1 225280 229376
800 1 536576 540672
1 1 12288 16384
812 1 937984 942080
800 1 978944 983040
812 1 974848 978944
826 1 479232 483328
97 1 24576 28672
809 1 888832 892928
799 1 823296 827392
813 1 737280 741376
826 1 724992 729088
740 1 991232 995328
816 1 40960 45056
799 1 892928 897024
813 1 847872 851968
827 1 57344 61440
816 1 434176 438272
820 1 917504 921600
827 1 225280 229376
799 1 913408 917504
606 1 299008 307200
816 1 974848 978944
827 1 487424 491520
820 1 1019904 1024000
799 1 929792 933888
817 1 167936 176128
827 1 614400 618496
97 1 913408 917504
817 1 643072 647168
820 1 1032192 1036288
994 1 221184 225280
799 1 946176 950272
834 1 319488 323584
145 1 1044480 1048576
824 1 36864 40960
374 1 45056 65536
821 1 253952 258048
799 1 962560 966656
145 1 28672 32768
146 1 4096 8192
485 1 131072 135168
824 1 147456 151552
821 1 503808 507904
483 1 434176 438272
824 1 208896 212992
821 1 614400 618496
824 1 970752 978944
920 1 679936 684032
834 1 593920 598016
825 1 36864 40960
483 1 442368 446464
834 1 712704 716800
835 1 331776 335872
835 1 520192 524288
799 1 978944 983040
799 1 999424 1003520
799 1 1015808 1019904
799 1 1032192 1036288
825 1 106496 110592
814 1 479232 483328
814 1 933888 942080
828 1 225280 229376
815 1 339968 348160
828 1 454656 458752
815 1 794624 798720
828 1 765952 770048
836 1 40960 45056
825 1 335872 339968
822 1 299008 303104
836 1 253952 258048
836 1 368640 372736
825 1 835584 839680
822 1 659456 663552
837 1 106496 110592
837 1 184320 188416
825 1 843776 847872
823 1 40960 45056
837 1 274432 278528
825 1 860160 864256
825 1 929792 933888
832 1 65536 69632
832 1 475136 479232
837 1 446464 450560
830 1 241664 245760
837 1 581632 585728
832 1 659456 667648
830 1 487424 491520
830 1 720896 724992
832 1 692224 696320
830 1 983040 987136
832 1 913408 917504
721 1 864256 868352
831 1 200704 204800
374 1 65536 69632
674 1 978944 983040
832 1 1011712 1015808
831 1 413696 417792
769 1 32768 36864
833 1 176128 180224
833 1 462848 466944
831 1 585728 589824
831 1 696320 700416
831 1 970752 974848
838 1 53248 57344
838 1 102400 106496
838 1 933888 937984
838 1 999424 1003520
839 1 651264 655360
839 1 909312 913408
767 1 24576 53248
537 1 491520 495616
840 2 258048 262144 262144 385024
328 1 348160 360448
374 1 69632 90112
810 1 147456 151552
374 1 90112 94208
262 1 86016 90112
566 1 315392 319488
356 1 532480 614400
328 1 356352 385024
621 1 745472 749568
529 1 458752 462848
374 1 94208 114688
529 1 716800 720896
530 1 65536 69632
235 1 249856 253952
530 1 135168 139264
530 1 159744 163840
530 1 188416 192512
530 1 348160 352256
530 1 401408 405504
530 1 503808 507904
530 1 536576 540672
530 1 552960 557056
530 1 573440 577536
278 1 897024 913408
530 1 708608 712704
530 1 720896 724992
627 1 573440 577536
530 1 815104 819200
532 1 208896 212992
532 1 450560 458752
532 1 487424 491520
530 1 847872 851968
534 1 278528 282624
531 1 655360 663552
532 1 962560 995328
663 1 503808 507904
659 1 770048 774144
222 1 20480 24576
978 1 409600 417792
374 1 114688 118784
89 1 962560 966656
217 1 409600 413696
92 1 991232 995328
222 1 884736 888832
224 1 684032 688128
218 1 987136 991232
93 1 454656 458752
219 1 229376 233472
219 1 380928 385024
230 1 114688 118784
93 1 466944 471040
219 1 806912 811008
226 1 360448 364544
220 1 327680 331776
230 1 282624 286720
227 1 98304 102400
227 1 147456 151552
221 1 241664 249856
227 1 200704 204800
228 1 0 4096
227 1 249856 253952
228 1 331776 335872
227 1 303104 307200
228 1 458752 462848
227 1 352256 356352
228 1 573440 577536
227 1 401408 405504
228 1 798720 802816
227 1 454656 458752
229 1 225280 229376
374 2 118784 131072 131072 139264
229 1 630784 634880
227 1 659456 663552
229 1 790528 794624
227 1 712704 716800
229 1 1007616 1011712
281 1 311296 315392
227 1 761856 765952
231 2 651264 655360 655360 659456
304 1 802816 806912
360 1 475136 479232
227 1 831488 835584
247 1 1044480 1048576
286 1 909312 913408
285 1 208896 212992
329 1 790528 794624
301 1 364544 368640
302 1 155648 159744
336 1 864256 868352
357 1 454656 458752
282 1 626688 630784
417 1 385024 389120
283 1 942080 946176
357 1 749568 753664
303 1 487424 491520
299 1 905216 909312
359 1 151552 155648
332 1 315392 319488
331 1 57344 61440
334 1 12288 16384
332 1 593920 598016
335 1 425984 430080
333 1 757760 761856
423 1 274432 294912
333 1 909312 913408
356 1 614400 618496
374 1 139264 143360
313 2 233472 262144 262144 327680
421 1 294912 299008
313 1 327680 331776
585 2 516096 524288 524288 561152
630 1 16384 20480
278 2 909312 917504 917504 921600
642 1 782336 786432
374 1 143360 163840
585 1 561152 565248
374 1 163840 167936
621 1 745472 749568
328 2 380928 393216 393216 409600
585 1 565248 573440
73 1 1019904 1032192
374 1 167936 188416
129 1 180224 188416
585 1 573440 577536
374 1 188416 192512
621 1 745472 749568
328 1 405504 417792
321 1 589824 593920
585 1 577536 585728
374 1 192512 212992
374 1 212992 217088
739 1 167936 172032
515 1 114688 118784
329 1 585728 618496
251 1 708608 716800
329 1 618496 622592
374 1 217088 233472
374 1 233472 237568
600 1 167936 176128
934 1 937984 942080
313 1 331776 385024
313 1 385024 389120
647 1 217088 221184
585 1 585728 589824
417 2 516096 524288 524288 651264
51 1 638976 643072
523 1 139264 143360
647 1 217088 221184
353 1 712704 733184
53 1 667648 671744
122 1 1032192 1036288
116 1 770048 778240
353 1 733184 737280
417 1 651264 655360
328 1 413696 421888
374 1 237568 258048
15 1 950272 954368
109 1 688128 696320
337 1 303104 311296
389 1 311296 315392
610 1 380928 385024
374 1 258048 262144
455 1 376832 389120
85 1 806912 823296
862 1 348160 356352
862 1 352256 356352
377 1 307200 339968
377 1 339968 344064
588 1 712704 716800
590 2 0 131072 131072 167936
588 3 716800 786432 786432 917504 917504 1048576
589 2 0 131072 131072 184320
590 5 167936 262144 262144 393216 393216 524288 524288 655360 655360 684032
589 5 184320 262144 262144 393216 393216 524288 524288 655360 655360 700416
590 3 684032 786432 786432 917504 917504 978944
589 3 700416 786432 786432 917504 917504 1048576
578 1 970752 974848
328 1 417792 442368
374 1 262144 282624
374 1 282624 286720
536 1 724992 749568
143 1 413696 417792
138 1 167936 172032
202 1 62976 64512
840 1 577536 581632
490 1 294912 299008
412 1 843776 847872
318 1 897024 909312
202 1 64512 66560
399 1 815104 819200
399 1 823296 827392
251 1 712704 745472
374 1 286720 303104
203 1 749568 753664
374 1 303104 307200
328 1 438272 450560
374 1 307200 327680
374 1 327680 331776
202 1 929792 937984
374 1 331776 352256
374 1 352256 356352
278 1 917504 933888
374 1 356352 376832
374 1 376832 380928
328 1 446464 458752
374 2 380928 393216 393216 401408
374 1 401408 405504
298 1 241664 245760
183 1 757760 761856
328 1 454656 479232
374 1 405504 425984
374 1 425984 430080
461 1 684032 688128
328 1 475136 483328
374 1 430080 450560
374 1 450560 454656
328 1 479232 491520
917 1 733184 737280
295 1 303104 307200
374 1 454656 475136
374 1 475136 479232
41 1 462848 471040
457 1 110592 114688
172 1 0 4096
457 1 163840 167936
171 1 524288 536576
172 1 12288 16384
457 1 196608 200704
166 1 786432 790528
172 1 20480 24576
166 1 794624 806912
457 1 249856 253952
174 1 462848 466944
172 1 53248 57344
457 1 262144 266240
174 1 475136 479232
172 1 69632 73728
457 1 319488 323584
172 1 77824 86016
457 1 364544 376832
458 1 32768 36864
172 1 180224 184320
457 1 462848 466944
458 1 45056 53248
172 1 188416 192512
458 1 118784 122880
457 1 483328 487424
172 1 270336 274432
457 1 581632 585728
458 1 196608 200704
172 1 278528 282624
457 1 598016 602112
172 1 286720 290816
458 1 221184 225280
172 1 294912 299008
457 1 614400 618496
458 1 229376 233472
172 1 581632 585728
458 1 237568 241664
458 1 262144 266240
457 1 626688 634880
458 1 364544 368640
457 1 638976 643072
458 1 434176 438272
457 1 655360 659456
458 1 495616 499712
457 1 708608 712704
55 1 196608 200704
457 1 774144 778240
457 1 831488 835584
458 1 532480 540672
457 1 901120 905216
458 1 557056 561152
457 2 909312 917504 917504 921600
458 1 593920 602112
458 1 626688 630784
166 1 655360 659456
458 1 655360 659456
1 1 4096 12288
458 1 671744 675840
97 1 913408 917504
457 1 925696 929792
458 1 753664 757760
457 1 1019904 1024000
457 1 1044480 1048576
319 1 847872 851968
993 1 536576 540672
342 1 995328 999424
438 1 200704 204800
458 1 782336 786432
460 1 0 4096
313 1 360448 364544
458 1 790528 798720
438 1 323584 327680
313 1 864256 868352
460 1 45056 49152
458 1 802816 806912
344 1 921600 925696
433 1 954368 958464
460 1 143360 147456
458 1 856064 860160
438 1 372736 376832
458 1 864256 868352
438 1 421888 425984
438 1 536576 540672
458 1 876544 880640
460 1 159744 163840
438 1 876544 880640
458 1 1003520 1007616
439 1 245760 249856
458 1 1032192 1036288
460 1 176128 180224
460 1 204800 208896
473 1 344064 348160
171 1 524288 536576
166 1 688128 692224
905 1 995328 999424
942 1 565248 569344
460 1 225280 229376
172 1 0 4096
912 1 487424 491520
166 1 786432 790528
478 1 225280 229376
994 1 319488 323584
145 1 32768 36864
460 1 245760 249856
937 1 933888 937984
172 1 12288 16384
459 1 110592 114688
172 1 20480 24576
460 1 262144 266240
553 1 131072 135168
146 1 0 4096
166 1 794624 806912
172 1 53248 57344
460 1 311296 315392
480 1 344064 348160
480 1 667648 671744
174 1 462848 466944
172 1 69632 73728
497 1 348160 352256
174 1 475136 479232
459 1 151552 155648
172 1 77824 81920
460 1 364544 368640
172 1 180224 184320
459 1 180224 184320
172 1 188416 192512
459 1 200704 204800
460 1 471040 475136
172 1 270336 274432
459 1 241664 245760
483 1 458752 462848
172 1 278528 282624
459 1 380928 385024
915 1 413696 417792
459 1 487424 491520
459 1 495616 499712
172 1 286720 290816
460 1 581632 614400
459 1 512000 516096
459 1 544768 548864
172 1 294912 299008
553 1 770048 774144
41 1 49152 53248
172 1 581632 585728
460 1 643072 655360
481 1 57344 61440
485 1 327680 331776
340 1 987136 991232
529 1 16384 20480
340 1 1003520 1007616
341 1 602112 606208
459 1 565248 569344
436 1 811008 815104
529 1 24576 28672
437 1 385024 389120
529 1 32768 36864
625 1 0 4096
459 1 577536 581632
657 1 684032 688128
459 1 700416 704512
459 1 733184 737280
721 1 57344 61440
437 1 503808 507904
459 1 778240 782336
459 1 847872 851968
459 1 905216 909312
314 1 753664 757760
314 1 950272 954368
460 1 765952 770048
909 1 106496 110592
474 1 258048 262144
940 1 462848 471040
940 1 483328 487424
476 1 315392 319488
477 1 434176 438272
477 1 1028096 1032192
938 1 749568 753664
500 1 36864 40960
500 1 364544 368640
474 1 618496 626688
500 1 405504 409600
474 1 966656 970752
475 1 208896 212992
475 1 364544 368640
475 1 819200 823296
498 1 188416 192512
498 1 344064 348160
498 1 1007616 1011712
499 1 8192 12288
499 1 77824 81920
499 1 126976 131072
726 1 692224 696320
499 1 176128 180224
774 1 606208 614400
499 1 229376 233472
500 1 471040 475136
502 1 143360 147456
500 1 692224 696320
499 1 278528 282624
502 1 294912 299008
505 1 737280 745472
503 1 1003520 1007616
500 1 1040384 1044480
499 1 327680 331776
501 1 274432 278528
510 1 356352 360448
499 1 380928 385024
501 1 655360 659456
510 1 733184 741376
499 1 430080 434176
510 1 827392 831488
499 1 647168 651264
501 1 806912 811008
593 1 290816 299008
499 1 696320 700416
600 1 716800 720896
511 1 1024000 1028096
499 1 749568 753664
501 1 966656 970752
499 1 819200 823296
598 1 913408 917504
761 1 81920 86016
499 1 876544 880640
506 1 69632 77824
508 1 20480 24576
508 1 372736 376832
508 1 942080 946176
509 1 659456 667648
509 1 704512 708608
509 1 716800 720896
597 1 192512 196608
506 1 638976 643072
594 1 610304 614400
595 1 925696 929792
763 1 294912 299008
763 1 561152 565248
166 1 655360 659456
166 1 688128 692224
763 1 880640 884736
765 1 331776 335872
766 1 155648 159744
767 1 495616 499712
768 1 811008 815104
951 1 143360 147456
952 1 483328 491520
961 1 802816 806912
765 1 798720 802816
947 1 823296 827392
949 1 585728 589824
963 1 69632 73728
949 1 724992 729088
964 1 434176 438272
967 1 73728 77824
967 1 442368 446464
964 1 712704 716800
30 1 573440 577536
795 1 524288 528384
965 1 176128 180224
968 1 249856 253952
26 1 974848 978944
30 1 868352 872448
27 1 172032 176128
25 1 364544 368640
965 1 438272 442368
30 1 950272 954368
965 1 737280 741376
27 1 856064 860160
31 1 303104 307200
965 1 888832 892928
31 1 491520 495616
965 1 1040384 1044480
27 1 987136 991232
31 1 528384 577536
283 1 172032 180224
166 1 655360 659456
467 1 688128 692224
29 1 999424 1003520
172 1 0 4096
172 1 12288 16384
751 1 802816 806912
172 1 20480 24576
751 1 811008 815104
751 1 819200 823296
172 1 53248 57344
171 1 524288 536576
172 1 69632 73728
166 1 688128 692224
0 1 114688 118784
172 1 77824 86016
166 1 786432 790528
172 1 180224 184320
172 1 188416 192512
965 1 876544 880640
172 1 270336 274432
172 1 278528 282624
166 1 794624 806912
172 1 286720 290816
174 1 462848 466944
174 1 475136 479232
421 1 872448 876544
172 1 294912 299008
172 1 581632 585728
725 1 266240 270336
393 1 442368 446464
29 1 712704 724992
203 2 843776 917504 917504 942080
419 1 688128 696320
29 1 724992 729088
203 1 942080 1007616
327 1 917504 987136
208 2 413696 524288 524288 638976
159 1 245760 262144
159 1 266240 294912
159 1 311296 315392
208 3 638976 655360 655360 786432 786432 790528
159 1 294912 311296
159 1 315392 323584
159 1 376832 380928
159 1 319488 323584
50 1 471040 475136
166 1 655360 659456
166 1 786432 790528
171 1 524288 536576
172 1 0 4096
166 1 794624 806912
172 1 12288 16384
172 1 20480 24576
174 1 462848 466944
172 1 53248 57344
174 1 475136 479232
172 1 69632 77824
172 1 86016 90112
172 1 180224 184320
172 1 188416 192512
172 1 270336 274432
172 1 278528 282624
172 1 286720 290816
172 1 294912 299008
172 1 581632 585728
166 1 688128 692224
663 1 892928 897024
200 1 1040384 1048576
322 1 905216 912384
166 1 786432 790528
166 1 794624 806912
172 1 0 4096
172 1 12288 16384
172 1 20480 24576
171 1 524288 536576
172 1 53248 57344
172 1 69632 73728
172 1 77824 86016
174 1 462848 466944
172 1 180224 184320
172 1 188416 192512
174 1 475136 479232
172 1 270336 274432
172 1 278528 282624
172 1 286720 290816
172 1 294912 299008
172 1 581632 585728
166 1 655360 659456
166 1 688128 692224
953 1 577536 581632
517 1 843776 847872
517 1 868352 880640
517 1 892928 909312
285 1 851968 860160
328 1 0 86016
709 1 434176 454656
451 1 4096 8192
871 1 778240 782336
327 4 618496 655360 655360 786432 786432 917504 917504 1048576
257 1 524288 528384
328 5 86016 131072 131072 262144 262144 393216 393216 524288 524288 602112
330 4 0 131072 131072 262144 262144 393216 393216 499712
332 4 0 131072 131072 262144 262144 393216 393216 466944
394 2 520192 524288 524288 536576
334 4 0 131072 131072 262144 262144 393216 393216 434176
278 1 929792 946176
328 1 487424 495616
328 4 602112 655360 655360 786432 786432 917504 917504 1048576
330 5 499712 524288 524288 655360 655360 786432 786432 917504 917504 1015808
394 1 536576 540672
374 1 479232 507904
254 1 491520 495616
513 1 888832 892928
332 5 466944 524288 524288 655360 655360 786432 786432 917504 917504 983040
334 5 434176 524288 524288 655360 655360 786432 786432 917504 917504 950272
374 1 507904 512000
329 4 0 131072 131072 262144 262144 393216 393216 516096
953 1 577536 581632
330 1 1015808 1048576
331 4 0 131072 131072 262144 262144 393216 393216 483328
332 1 983040 1048576
333 4 0 131072 131072 262144 262144 393216 393216 450560
334 1 950272 1048576
335 4 0 131072 131072 262144 262144 393216 393216 417792
329 5 516096 524288 524288 655360 655360 786432 786432 917504 917504 1032192
702 1 1032192 1036288
329 1 1032192 1048576
387 1 737280 741376
333 5 450560 524288 524288 655360 655360 786432 786432 917504 917504 966656
383 1 954368 1032192
336 4 0 131072 131072 262144 262144 393216 393216 401408
335 5 417792 524288 524288 655360 655360 786432 786432 917504 917504 933888
331 5 483328 524288 524288 655360 655360 786432 786432 917504 917504 999424
333 1 966656 1048576
335 1 933888 1048576
331 1 999424 1048576
404 1 225280 249856
336 4 401408 524288 524288 655360 655360 786432 786432 917504
383 1 1032192 1036288
336 1 917504 1048576
404 1 249856 253952
338 4 0 131072 131072 262144 262144 393216 393216 499712
590 1 757760 765952
337 4 0 131072 131072 262144 262144 393216 393216 516096
338 5 499712 524288 524288 655360 655360 786432 786432 917504 917504 1015808
337 5 516096 524288 524288 655360 655360 786432 786432 917504 917504 1032192
226 1 528384 532480
328 1 491520 520192
337 1 1032192 1048576
374 2 512000 524288 524288 532480
198 1 172032 180224
293 1 806912 811008
374 1 532480 536576
792 1 57344 65536
210 1 659456 663552
197 1 233472 237568
97 1 675840 684032
242 1 860160 864256
373 1 24576 53248
399 1 638976 651264
373 1 53248 57344
399 1 651264 655360
548 1 761856 765952
654 1 434176 446464
548 1 774144 778240
74 1 929792 933888
953 1 577536 581632
654 1 446464 450560
293 1 729088 733184
338 1 180224 184320
362 1 602112 618496
362 1 618496 622592
827 1 299008 303104
731 1 352256 356352
278 1 942080 958464
332 1 684032 700416
235 1 106496 110592
374 1 536576 557056
546 1 0 4096
332 1 700416 704512
374 1 557056 561152
278 1 954368 970752
374 1 561152 581632
953 1 577536 589824
374 1 581632 585728
166 1 786432 790528
166 1 794624 806912
28 1 995328 999424
174 1 462848 466944
402 1 557056 561152
174 1 475136 479232
172 1 0 4096
171 1 524288 536576
172 1 12288 16384
172 1 20480 24576
172 1 53248 57344
172 1 69632 77824
172 1 81920 90112
172 1 180224 184320
172 1 188416 192512
172 1 270336 274432
278 1 966656 978944
172 1 278528 282624
172 1 286720 290816
172 1 294912 299008
172 1 581632 585728
374 1 585728 606208
166 1 655360 659456
166 1 688128 692224
374 1 606208 610304
91 3 135168 262144 262144 393216 393216 413696
384 1 131072 196608
251 1 741376 770048
384 1 196608 262144
384 1 262144 327680
384 1 327680 360448
374 1 610304 626688
374 1 626688 630784
384 1 360448 364544
235 1 118784 122880
227 1 471040 475136
623 1 352256 360448
53 1 262144 266240
4 1 475136 479232
1 1 0 4096
530 1 720896 724992
1 1 12288 20480
752 1 925696 929792
530 1 757760 761856
530 1 765952 770048
769 1 32768 36864
578 1 106496 110592
324 1 348160 364544
870 1 331776 344064
769 1 212992 217088
870 1 348160 352256
578 1 122880 126976
578 1 151552 155648
817 1 0 4096
578 1 159744 163840
817 1 36864 40960
578 1 196608 200704
578 1 217088 221184
201 1 28672 36864
578 1 270336 274432
953 1 581632 585728
904 1 483328 495616
904 1 499712 503808
391 2 315392 393216 393216 401408
324 1 364544 368640
0 1 167936 172032
25 1 237568 245760
391 1 401408 405504
364 1 16384 32768
609 1 397312 401408
461 1 688128 692224
384 2 364544 393216 393216 397312
364 1 32768 36864
685 1 622592 626688
384 1 397312 401408
685 1 622592 626688
421 1 1040384 1044480
236 1 159744 163840
448 2 892928 917504 917504 921600
448 1 921600 925696
933 1 757760 761856
888 1 466944 475136
934 1 942080 946176
428 1 118784 126976
953 1 581632 585728
423 2 454656 524288 524288 548864
871 1 118784 122880
933 1 757760 761856
423 1 548864 552960
758 1 528384 532480
895 1 159744 163840
409 1 94208 122880
113 1 462848 466944
35 1 405504 409600
236 1 368640 372736
409 1 122880 126976
428 1 954368 970752
428 1 970752 974848
827 1 299008 315392
0 1 323584 327680
332 1 704512 761856
1 1 8192 12288
97 1 913408 917504
865 1 425984 430080
146 1 0 4096
328 2 516096 524288 524288 532480
121 1 851968 856064
484 1 53248 57344
226 1 327680 331776
145 1 32768 36864
485 1 327680 331776
145 1 557056 561152
485 1 765952 770048
481 1 135168 139264
332 1 761856 765952
721 1 24576 28672
374 1 630784 651264
721 1 868352 872448
869 1 438272 442368
374 1 651264 655360
869 1 540672 544768
0 1 163840 172032
767 1 884736 888832
396 1 417792 430080
235 1 118784 122880
396 1 430080 434176
934 1 946176 950272
577 1 876544 892928
953 1 581632 585728
328 1 528384 536576
577 1 888832 892928
368 1 593920 614400
601 1 929792 999424
414 1 978944 987136
374 1 655360 675840
581 1 417792 421888
374 1 675840 679936
934 1 950272 954368
601 1 999424 1003520
899 1 327680 331776
254 1 32768 36864
338 1 114688 118784
598 1 32768 36864
584 1 86016 90112
321 1 364544 385024
251 2 765952 786432 786432 798720
218 1 946176 954368
305 1 675840 679936
321 1 385024 389120
933 1 757760 761856
374 1 679936 696320
899 1 118784 122880
374 1 696320 700416
231 1 0 4096
396 1 434176 442368
385 2 380928 393216 393216 454656
368 1 614400 618496
396 1 442368 446464
40 1 98304 106496
953 1 581632 585728
385 1 454656 458752
318 1 737280 741376
953 1 581632 585728
384 1 401408 466944
384 1 466944 520192
390 1 262144 266240
182 1 585728 589824
384 1 520192 524288
953 1 581632 585728
685 1 622592 626688
448 1 925696 946176
583 1 655360 659456
18 1 471040 475136
448 1 946176 950272
32 1 303104 311296
413 1 765952 770048
610 1 380928 385024
412 2 516096 524288 524288 528384
134 1 266240 270336
121 1 749568 753664
269 1 503808 507904
489 2 651264 655360 655360 659456
274 1 1011712 1015808
113 1 204800 208896
448 2 638976 655360 655360 671744
953 1 581632 589824
412 1 528384 532480
448 1 671744 675840
687 1 778240 782336
412 1 532480 540672
412 1 540672 544768
191 1 847872 851968
831 1 671744 675840
532 1 659456 663552
801 1 409600 413696
368 2 618496 655360 655360 667648
438 2 634880 655360 655360 659456
95 1 466944 471040
896 1 81920 86016
601 1 1003520 1048576
602 1 0 12288
381 1 569344 573440
438 1 659456 663552
368 1 667648 671744
230 1 913408 917504
602 1 12288 16384
421 1 720896 774144
685 1 679936 684032
953 1 585728 589824
685 1 679936 684032
493 1 372736 376832
387 1 147456 159744
421 1 774144 778240
95 1 622592 655360
387 1 159744 163840
337 1 131072 180224
301 1 507904 512000
337 1 180224 184320
314 1 163840 167936
953 1 434176 438272
148 1 413696 417792
415 1 499712 512000
415 1 512000 516096
17 2 913408 917504 917504 929792
481 1 0 8192
564 1 225280 229376
283 1 421888 425984
612 1 761856 765952
417 1 978944 983040
156 1 454656 458752
9 1 4096 8192
480 1 65536 69632
453 1 499712 507904
8 1 1040384 1044480
480 1 892928 897024
953 1 585728 589824
480 1 962560 966656
355 1 413696 495616
81 1 40960 45056
355 1 495616 499712
954 1 86016 90112
796 1 118784 122880
564 1 561152 565248
439 1 479232 512000
439 1 512000 516096
26 1 958464 966656
81 1 45056 49152
375 1 692224 720896
540 1 270336 274432
461 1 466944 471040
375 1 720896 724992
452 1 946176 950272
233 1 401408 405504
384 1 98304 102400
953 1 585728 589824
399 1 430080 446464
399 1 446464 450560
935 1 0 4096
81 1 49152 53248
814 1 221184 225280
711 1 106496 114688
499 1 716800 724992
328 1 532480 544768
141 1 1007616 1011712
22 1 131072 135168
374 1 700416 720896
369 1 221184 233472
369 1 237568 241664
369 1 282624 286720
894 1 499712 503808
374 1 720896 724992
448 1 675840 704512
113 1 204800 208896
384 1 524288 552960
479 1 851968 856064
233 1 454656 458752
898 1 806912 811008
448 1 704512 708608
384 1 552960 557056
81 1 53248 57344
239 1 335872 339968
362 1 507904 520192
362 1 520192 524288
693 1 98304 102400
753 1 802816 806912
325 2 884736 917504 917504 966656
527 1 847872 851968
111 1 118784 122880
419 2 188416 262144 262144 278528
325 1 966656 970752
419 1 278528 282624
893 1 454656 458752
401 1 839680 868352
697 1 729088 733184
815 1 737280 741376
22 1 839680 851968
263 1 700416 704512
480 1 532480 536576
401 1 868352 872448
685 1 679936 684032
583 1 892928 897024
387 1 163840 188416
9 1 4096 8192
233 1 1024000 1028096
765 1 360448 364544
387 1 188416 192512
480 1 593920 598016
480 1 614400 626688
387 1 626688 638976
425 1 749568 753664
8 1 1044480 1048576
480 1 798720 802816
387 1 638976 643072
953 1 585728 589824
480 1 872448 876544
446 1 217088 221184
461 1 77824 81920
446 1 225280 229376
540 1 425984 430080
382 1 16384 20480
492 1 581632 589824
489 1 684032 688128
492 1 675840 679936
516 1 274432 278528
518 1 20480 24576
515 1 868352 872448
518 1 524288 528384
516 1 729088 733184
519 1 151552 155648
539 1 839680 843776
517 1 135168 139264
466 1 831488 835584
519 1 684032 688128
467 1 8192 12288
480 1 65536 69632
517 1 614400 618496
535 1 573440 577536
468 1 684032 688128
470 1 487424 491520
468 1 729088 733184
470 1 528384 540672
492 1 671744 675840
470 1 544768 552960
492 1 847872 851968
526 1 172032 176128
540 1 425984 430080
490 1 1007616 1011712
372 1 827392 835584
480 1 86016 90112
468 1 684032 688128
467 1 8192 12288
468 1 729088 733184
470 1 491520 495616
492 1 671744 675840
470 1 528384 540672
492 1 847872 856064
538 1 630784 643072
540 1 425984 430080
470 1 544768 552960
526 1 172032 176128
480 1 286720 290816
382 1 16384 20480
490 1 892928 897024
492 1 581632 589824
492 1 675840 679936
516 1 274432 278528
516 1 729088 733184
518 1 20480 24576
491 1 802816 806912
518 1 524288 528384
517 1 135168 139264
515 1 868352 872448
519 1 151552 155648
517 1 614400 618496
539 1 839680 843776
466 1 831488 835584
519 1 684032 688128
480 1 413696 417792
490 1 643072 647168
535 1 573440 577536
470 1 487424 491520
468 1 729088 733184
470 1 528384 540672
492 1 270336 274432
492 1 671744 675840
467 1 8192 12288
470 1 544768 552960
540 1 425984 430080
489 1 651264 655360
492 1 851968 856064
538 1 630784 643072
495 1 36864 40960
480 1 425984 430080
526 1 172032 176128
470 1 491520 495616
953 1 585728 589824
490 1 311296 327680
122 1 1036288 1044480
468 1 729088 733184
382 1 16384 20480
466 1 831488 835584
492 1 581632 589824
492 1 671744 679936
516 1 274432 278528
470 1 487424 491520
489 1 36864 40960
470 1 528384 540672
516 1 729088 733184
490 1 458752 462848
470 1 544768 552960
517 1 135168 139264
491 1 516096 520192
517 1 614400 618496
518 1 20480 24576
515 1 868352 872448
518 1 524288 528384
540 1 425984 430080
519 1 151552 155648
467 1 8192 12288
292 1 233472 237568
519 1 684032 688128
540 1 430080 434176
526 1 172032 176128
535 1 573440 577536
492 1 851968 856064
489 1 94208 98304
333 1 802816 876544
470 1 491520 495616
451 1 720896 724992
491 1 61440 65536
538 1 630784 643072
333 1 876544 880640
382 1 16384 20480
465 1 675840 679936
492 1 581632 589824
489 1 479232 483328
466 1 229376 233472
489 1 561152 565248
492 1 671744 679936
466 1 843776 847872
490 1 700416 704512
433 2 512000 524288 524288 552960
491 1 286720 290816
491 1 675840 679936
492 1 843776 847872
491 1 794624 798720
470 1 528384 540672
492 1 851968 860160
491 1 864256 868352
496 1 512000 516096
468 1 729088 733184
470 1 544768 552960
467 1 8192 12288
471 1 139264 143360
516 1 274432 278528
323 1 565248 569344
467 1 466944 475136
518 1 20480 24576
516 1 729088 733184
515 1 360448 364544
517 1 135168 139264
518 1 524288 528384
517 1 614400 618496
533 1 790528 794624
519 1 151552 155648
519 1 684032 688128
540 1 425984 434176
526 1 172032 176128
515 1 868352 872448
535 1 573440 577536
328 1 540672 552960
489 1 638976 643072
468 1 688128 692224
469 1 905216 909312
496 1 495616 499712
492 1 176128 180224
492 1 294912 299008
490 1 651264 655360
491 1 106496 110592
491 1 319488 323584
491 1 778240 782336
374 1 724992 745472
433 1 552960 557056
232 1 569344 573440
374 1 745472 749568
500 1 733184 741376
500 1 737280 741376
457 1 614400 618496
587 1 671744 675840
439 1 421888 446464
438 1 0 20480
437 1 978944 1048576
850 1 20480 24576
439 1 446464 450560
438 1 20480 24576
233 1 401408 405504
585 1 106496 122880
224 1 364544 376832
402 1 917504 942080
585 1 122880 126976
402 1 942080 946176
342 4 0 131072 131072 262144 262144 393216 393216 434176
433 1 557056 569344
340 4 0 131072 131072 262144 262144 393216 393216 466944
14 1 372736 380928
344 4 0 131072 131072 262144 262144 393216 393216 401408
338 1 1015808 1048576
339 4 0 131072 131072 262144 262144 393216 393216 483328
344 4 401408 524288 524288 655360 655360 786432 786432 917504
342 5 434176 524288 524288 655360 655360 786432 786432 917504 917504 950272
340 5 466944 524288 524288 655360 655360 786432 786432 917504 917504 983040
433 1 569344 573440
339 5 483328 524288 524288 655360 655360 786432 786432 917504 917504 999424
344 1 917504 1048576
339 1 999424 1048576
289 1 110592 114688
342 1 950272 1048576
343 4 0 131072 131072 262144 262144 393216 393216 417792
340 1 983040 1048576
341 4 0 131072 131072 262144 262144 393216 393216 450560
345 4 0 131072 131072 262144 262144 393216 393216 516096
346 4 0 131072 131072 262144 262144 393216 393216 499712
343 5 417792 524288 524288 655360 655360 786432 786432 917504 917504 933888
357 1 86016 90112
341 5 450560 524288 524288 655360 655360 786432 786432 917504 917504 966656
345 5 516096 524288 524288 655360 655360 786432 786432 917504 917504 1032192
343 1 933888 1048576
346 5 499712 524288 524288 655360 655360 786432 786432 917504 917504 1015808
341 1 966656 1048576
345 1 1032192 1048576
423 1 741376 749568
162 1 696320 704512
754 1 524288 528384
76 1 950272 954368
350 4 0 131072 131072 262144 262144 393216 393216 434176
423 1 749568 753664
348 4 0 131072 131072 262144 262144 393216 393216 466944
346 1 1015808 1048576
347 4 0 131072 131072 262144 262144 393216 393216 483328
376 1 1040384 1044480
255 1 1044480 1048576
271 1 696320 700416
362 1 815104 847872
580 2 69632 131072 131072 196608
347 5 483328 524288 524288 655360 655360 786432 786432 917504 917504 999424
348 5 466944 524288 524288 655360 655360 786432 786432 917504 917504 983040
430 1 1024000 1040384
236 1 155648 159744
347 1 999424 1048576
348 1 983040 1048576
349 4 0 131072 131072 262144 262144 393216 393216 450560
362 1 847872 851968
25 1 524288 528384
406 2 491520 524288 524288 544768
430 1 1040384 1044480
580 1 196608 200704
349 5 450560 524288 524288 655360 655360 786432 786432 917504 917504 966656
406 1 544768 548864
349 1 966656 1048576
288 1 466944 471040
271 1 700416 704512
374 1 749568 757760
283 1 339968 352256
506 1 630784 638976
374 1 757760 761856
595 1 868352 872448
580 1 200704 221184
362 1 851968 872448
696 1 778240 782336
203 1 753664 757760
902 1 188416 192512
531 1 626688 630784
580 1 221184 225280
104 3 589824 655360 655360 786432 786432 843776
1 1 0 8192
97 1 155648 163840
145 1 4096 8192
362 1 872448 876544
145 1 65536 69632
145 1 131072 135168
145 1 176128 180224
330 2 491520 524288 524288 544768
145 1 196608 200704
177 1 131072 135168
559 1 0 4096
293 1 790528 794624
330 1 544768 548864
225 1 1044480 1048576
811 1 32768 40960
76 1 929792 937984
811 1 40960 45056
373 1 1044480 1048576
374 1 0 12288
442 2 778240 786432 786432 790528
374 1 12288 16384
953 1 585728 598016
442 1 790528 794624
314 1 421888 438272
953 1 589824 593920
443 1 106496 114688
958 1 499712 503808
570 1 888832 892928
277 1 229376 233472
448 1 348160 372736
448 1 372736 376832
294 1 278528 282624
437 1 602112 606208
286 1 696320 700416
490 1 159744 163840
327 2 241664 262144 262144 270336
986 1 73728 77824
182 1 188416 192512
327 1 270336 274432
953 1 589824 593920
36 1 827392 835584
354 1 692224 704512
953 1 589824 593920
227 1 270336 274432
43 1 450560 454656
457 1 466944 471040
439 1 524288 548864
439 1 548864 552960
358 1 983040 987136
661 1 598016 602112
364 1 73728 77824
393 1 28672 32768
393 1 237568 241664
393 1 294912 299008
354 1 704512 708608
363 1 970752 974848
393 1 765952 770048
394 1 245760 249856
395 1 233472 237568
393 1 823296 827392
429 1 1024000 1032192
366 1 339968 344064
396 1 581632 598016
366 1 794624 798720
400 1 966656 970752
367 1 200704 204800
364 1 225280 229376
400 1 1011712 1015808
368 1 65536 69632
364 1 376832 380928
368 1 782336 786432
395 1 430080 434176
369 1 188416 192512
365 1 24576 28672
367 1 655360 659456
395 1 507904 512000
369 1 643072 647168
365 1 479232 483328
395 1 823296 827392
884 1 737280 745472
365 1 933888 937984
370 1 49152 53248
318 1 94208 98304
372 1 102400 106496
370 1 503808 507904
372 1 253952 258048
381 1 249856 253952
370 1 958464 962560
371 1 364544 368640
382 1 294912 299008
382 1 749568 753664
371 1 843776 847872
383 1 155648 159744
371 1 995328 999424
379 1 454656 458752
398 2 475136 524288 524288 561152
411 1 835584 839680
153 1 720896 724992
78 1 102400 110592
398 1 561152 565248
305 1 733184 737280
541 1 0 4096
328 1 548864 569344
656 1 90112 94208
534 1 0 4096
38 1 376832 380928
379 1 831488 868352
592 4 0 131072 131072 262144 262144 393216 393216 430080
590 1 974848 1048576
591 4 0 131072 131072 262144 262144 393216 393216 446464
438 2 192512 262144 262144 274432
374 1 761856 782336
379 1 143360 159744
379 1 868352 872448
428 1 122880 126976
339 1 872448 876544
374 1 782336 786432
591 5 446464 524288 524288 655360 655360 786432 786432 917504 917504 962560
592 5 430080 524288 524288 655360 655360 786432 786432 917504 917504 946176
438 1 274432 278528
953 1 589824 593920
591 1 962560 1048576
334 1 106496 110592
379 1 159744 163840
376 1 348160 360448
592 1 946176 1048576
593 2 0 131072 131072 253952
829 1 32768 36864
382 1 16384 20480
467 1 8192 12288
323 1 565248 569344
471 1 139264 143360
466 1 229376 233472
518 1 20480 24576
466 1 843776 847872
492 1 581632 589824
467 1 466944 475136
518 1 524288 528384
492 1 675840 679936
515 1 868352 872448
519 1 151552 155648
492 1 843776 847872
492 1 851968 860160
526 1 172032 176128
516 1 274432 278528
446 1 217088 221184
516 1 729088 733184
517 1 135168 139264
446 1 225280 229376
517 1 614400 618496
519 1 196608 200704
519 1 503808 507904
540 1 430080 434176
461 1 77824 81920
894 1 843776 847872
418 1 987136 1011712
376 1 360448 364544
147 1 733184 737280
115 1 110592 114688
622 1 229376 233472
418 1 1011712 1015808
953 1 589824 598016
379 1 872448 892928
379 1 892928 897024
354 1 708608 737280
393 1 356352 360448
938 1 786432 806912
373 1 221184 225280
708 1 634880 636416
33 1 139264 143360
425 1 749568 753664
841 1 364544 368640
387 2 643072 655360 655360 671744
840 1 577536 579584
300 1 1028096 1032192
387 1 671744 675840
897 1 843776 851968
202 1 66560 69120
354 1 737280 741376
425 1 749568 753664
438 1 880640 884736
138 1 167936 172032
387 1 675840 684032
425 1 749568 753664
191 1 675840 688128
252 1 843776 847872
387 1 684032 688128
465 1 282624 286720
826 1 835584 839680
350 1 0 49152
349 1 1011712 1048576
962 1 385024 393216
331 1 958464 962048
673 1 192512 194560
216 1 1024000 1025536
330 1 454656 464896
331 1 0 61440
350 1 49152 53248
953 1 593920 598016
912 1 626688 629248
316 1 401408 405504
286 1 270336 278528
261 1 1024000 1028096
953 1 593920 598016
375 1 712704 745472
158 5 409600 524288 524288 655360 655360 786432 786432 917504 917504 925696
899 1 118784 122880
390 1 684032 765952
158 1 925696 942080
490 1 323584 327680
375 1 745472 749568
202 1 69120 71168
390 1 765952 770048
419 1 966656 970752
233 1 860160 864256
122 1 1044480 1048576
663 1 892928 897024
740 1 991232 995328
953 1 593920 598016
605 1 413696 417792
140 1 815104 819200
415 1 917504 929792
293 1 827392 831488
191 1 684032 696320
415 1 929792 933888
370 1 749568 761856
350 1 53248 81920
370 1 761856 765952
901 1 569344 573440
350 1 81920 86016
390 1 770048 786432
642 1 458752 462848
390 1 786432 790528
341 1 557056 569344
229 1 909312 913408
520 1 761856 770048
130 1 344064 348160
953 1 593920 598016
341 1 569344 573440
234 1 958464 962560
953 1 593920 598016
953 1 593920 598016
40 1 249856 253952
963 1 716800 724992
435 1 335872 348160
559 1 487424 491520
233 1 397312 401408
435 1 348160 352256
48 1 999424 1003520
567 1 626688 630784
761 1 1044480 1048576
461 1 77824 86016
225 1 417792 421888
382 1 16384 20480
466 1 831488 835584
468 1 692224 696320
468 1 729088 733184
470 1 528384 540672
492 1 581632 589824
470 1 544768 552960
492 1 671744 679936
491 1 81920 86016
492 1 847872 851968
518 1 20480 24576
492 1 856064 860160
518 1 524288 528384
516 1 274432 278528
519 1 151552 155648
516 1 729088 733184
517 1 135168 139264
517 1 614400 618496
519 1 684032 688128
540 1 430080 434176
515 1 868352 872448
539 1 839680 843776
535 1 573440 577536
526 1 172032 176128
467 1 8192 12288
468 1 696320 700416
492 1 851968 856064
489 1 606208 610304
536 1 212992 217088
538 1 630784 643072
398 1 348160 364544
526 1 172032 176128
256 1 495616 499712
345 1 331776 360448
543 1 430080 434176
382 1 16384 20480
953 1 593920 598016
467 1 8192 12288
468 1 700416 708608
468 1 729088 733184
398 1 364544 368640
470 1 528384 540672
470 1 544768 552960
489 1 229376 233472
471 1 712704 716800
515 1 868352 872448
492 1 581632 589824
492 1 671744 679936
518 1 20480 24576
492 1 843776 851968
518 1 524288 528384
492 1 856064 864256
516 1 274432 278528
516 1 729088 733184
517 1 135168 139264
517 1 614400 618496
345 1 360448 364544
1 1 4096 8192
97 1 24576 28672
122 1 233472 237568
485 1 327680 331776
146 1 0 4096
485 1 745472 749568
97 1 913408 917504
485 1 757760 761856
434 1 942080 946176
657 1 471040 475136
481 1 135168 139264
722 1 462848 466944
485 1 794624 798720
145 1 28672 32768
401 1 458752 462848
721 1 864256 872448
233 1 401408 405504
953 1 593920 606208
796 1 118784 122880
769 1 20480 24576
865 1 12288 16384
865 1 20480 24576
953 1 598016 602112
861 1 405504 409600
830 1 901120 905216
368 1 344064 385024
53 1 417792 421888
368 1 385024 389120
328 1 565248 573440
593 4 249856 262144 262144 393216 393216 524288 524288 626688
374 1 786432 806912
374 1 806912 811008
230 1 73728 77824
143 1 49152 57344
870 1 131072 143360
486 1 274432 278528
289 1 110592 114688
202 1 71168 73728
764 1 208896 212992
325 1 294912 323584
490 1 294912 299008
269 1 155648 159744
650 2 0 131072 131072 180224
362 1 557056 569344
325 1 323584 327680
202 1 73728 76288
362 1 569344 573440
296 1 1028096 1032192
988 1 262144 266240
298 1 704512 708608
245 1 319488 323584
172 1 151552 159744
97 1 913408 917504
145 1 1044480 1048576
146 1 4096 8192
485 1 327680 331776
553 1 40960 45056
434 1 937984 942080
289 1 28672 32768
448 1 266240 278528
633 1 53248 57344
953 1 598016 602112
233 1 466944 471040
692 1 897024 901120
354 1 724992 774144
338 1 786432 811008
401 1 749568 757760
75 1 745472 753664
448 1 278528 282624
438 1 991232 995328
675 1 483328 487424
721 1 864256 868352
869 1 442368 446464
338 1 811008 815104
354 1 774144 778240
401 1 757760 761856
953 1 598016 602112
398 1 368640 380928
398 1 380928 385024
373 1 598016 610304
953 1 598016 602112
276 2 126976 131072 131072 143360
555 1 237568 245760
373 1 610304 614400
803 1 147456 151552
401 1 761856 786432
338 1 815104 823296
278 1 974848 991232
433 1 819200 851968
79 1 335872 339968
338 1 823296 827392
401 1 786432 790528
311 1 221184 229376
374 1 811008 831488
433 1 851968 856064
897 1 344064 348160
423 1 434176 450560
374 1 831488 835584
439 2 385024 393216 393216 413696
561 1 479232 483328
234 1 913408 917504
433 1 856064 864256
437 1 32768 49152
439 1 413696 417792
433 1 864256 868352
236 1 499712 503808
853 1 1040384 1044480
652 1 16384 81920
492 1 462848 479232
492 1 495616 512000
492 1 528384 544768
278 1 987136 1003520
426 1 65536 77824
919 1 1011712 1015808
953 1 598016 602112
374 1 835584 856064
426 1 77824 81920
379 1 364544 389120
683 1 446464 462848
374 1 856064 860160
288 1 102400 106496
379 1 389120 393216
425 1 503808 516096
953 1 598016 602112
227 1 684032 688128
585 1 589824 622592
760 1 835584 839680
953 1 598016 602112
236 1 159744 163840
585 1 622592 626688
278 1 999424 1015808
374 1 860160 880640
227 1 839680 843776
374 1 880640 884736
953 1 598016 602112
143 1 413696 417792
433 1 688128 737280
996 1 757760 770048
894 1 622592 626688
961 1 122880 126976
559 1 487424 491520
435 1 352256 380928
238 1 573440 577536
953 1 598016 606208
350 1 475136 516096
433 1 737280 741376
435 1 380928 385024
330 1 442368 450560
278 1 1011712 1024000
350 1 516096 520192
656 1 696320 700416
368 2 241664 262144 262144 274432
291 1 376832 389120
559 1 487424 491520
374 1 884736 905216
435 1 385024 393216
559 1 487424 491520
368 1 274432 278528
622 2 77824 131072 131072 159744
374 1 905216 909312
303 1 995328 999424
435 1 393216 397312
330 1 569344 573440
622 1 159744 163840
350 2 520192 524288 524288 528384
953 1 602112 606208
327 1 1019904 1036288
35 1 499712 507904
801 1 204800 208896
236 1 385024 389120
350 1 528384 532480
111 1 118784 122880
278 1 1019904 1036288
895 1 475136 479232
105 1 749568 753664
327 1 1036288 1040384
415 1 737280 774144
374 2 909312 917504 917504 929792
415 1 774144 778240
374 1 929792 933888
761 1 798720 802816
105 1 749568 753664
230 1 65536 69632
105 1 749568 753664
415 1 778240 786432
240 1 516096 520192
671 1 53248 57344
415 1 786432 790528
278 1 1032192 1048576
939 1 311296 315392
355 1 471040 475136
48 1 1003520 1011712
357 1 462848 466944
374 1 933888 954368
953 1 602112 606208
429 1 798720 815104
473 1 1003520 1007616
475 1 794624 798720
588 1 901120 905216
474 1 786432 790528
480 1 1007616 1011712
200 1 135168 139264
475 1 229376 233472
513 1 368640 372736
249 1 237568 241664
475 1 606208 610304
560 1 413696 417792
478 1 376832 380928
479 1 692224 696320
561 1 729088 733184
475 1 831488 835584
478 1 659456 663552
563 1 0 4096
477 1 61440 65536
570 1 278528 282624
559 1 98304 102400
132 1 1036288 1040384
571 1 593920 598016
395 2 86016 131072 131072 163840
618 1 155648 159744
476 1 581632 593920
567 1 516096 520192
618 1 225280 229376
618 1 274432 278528
564 1 503808 507904
565 1 819200 823296
374 1 954368 958464
294 1 1044480 1048576
429 1 815104 819200
953 1 602112 606208
939 1 311296 315392
236 1 376832 380928
395 1 163840 167936
427 1 708608 724992
241 1 28672 32768
847 1 679936 700416
427 1 724992 729088
847 1 700416 704512
232 1 405504 409600
917 1 733184 737280
286 1 274432 290816
953 1 602112 606208
448 1 450560 458752
230 1 126976 131072
109 1 696320 700416
279 1 0 4096
375 2 749568 786432 786432 831488
448 1 458752 462848
236 1 380928 385024
328 1 569344 577536
97 1 913408 917504
145 1 1044480 1048576
146 1 4096 8192
434 1 933888 937984
439 1 495616 507904
374 1 958464 978944
711 1 651264 655360
485 1 327680 331776
374 1 978944 983040
674 1 409600 413696
375 1 831488 835584
439 1 507904 512000
349 1 94208 106496
384 1 557056 622592
328 1 573440 602112
384 2 622592 655360 655360 688128
384 1 688128 729088
278 1 1044480 1048576
279 1 0 12288
374 1 983040 1011712
349 1 106496 110592
157 1 385024 393216
953 1 602112 606208
374 1 1011712 1015808
384 1 729088 733184
424 1 684032 688128
328 1 598016 606208
953 1 602112 606208
374 1 1015808 1036288
236 1 507904 512000
374 1 1036288 1040384
235 1 151552 155648
181 1 782336 786432
953 1 602112 606208
232 1 532480 536576
519 1 151552 155648
540 1 430080 438272
519 1 684032 688128
520 1 413696 417792
535 1 573440 577536
468 1 696320 700416
950 1 1015808 1019904
526 1 172032 176128
539 1 839680 843776
351 1 991232 995328
132 1 811008 815104
189 1 798720 802816
953 1 602112 606208
389 1 4096 8192
389 1 12288 16384
177 1 528384 532480
20 1 536576 544768
177 1 524288 528384
20 1 618496 622592
17 1 479232 483328
60 1 602112 606208
745 1 749568 753664
76 1 212992 217088
74 1 946176 950272
77 1 528384 532480
109 1 188416 192512
73 1 630784 634880
107 1 675840 679936
476 1 716800 724992
170 1 344064 348160
80 1 188416 192512
642 1 516096 520192
105 1 622592 626688
20 1 700416 704512
60 1 610304 618496
78 1 921600 925696
58 1 249856 253952
161 1 503808 507904
82 1 540672 544768
87 1 692224 696320
83 1 147456 151552
87 1 700416 704512
87 1 786432 790528
87 1 802816 806912
87 1 819200 823296
87 1 835584 839680
18 1 995328 999424
87 1 851968 856064
467 1 4096 8192
169 1 909312 913408
158 1 835584 839680
169 1 925696 929792
402 1 860160 876544
169 1 942080 946176
87 1 856064 860160
87 1 724992 729088
20 1 536576 544768
20 1 618496 622592
74 1 946176 950272
76 1 212992 217088
107 1 675840 679936
73 1 630784 634880
77 1 528384 532480
170 1 344064 348160
80 1 188416 192512
642 1 516096 520192
109 1 188416 192512
551 1 790528 802816
105 1 622592 626688
78 1 921600 925696
72 1 700416 704512
679 1 851968 856064
402 1 876544 880640
371 1 806912 897024
675 1 565248 569344
20 1 618496 622592
18 1 524288 528384
17 1 106496 110592
20 1 700416 704512
58 1 249856 253952
82 1 540672 544768
161 1 503808 507904
83 1 147456 151552
170 1 344064 348160
87 1 786432 790528
371 1 897024 901120
642 1 516096 520192
87 1 802816 806912
953 1 602112 614400
467 1 4096 8192
87 1 819200 823296
577 1 8192 12288
87 1 835584 839680
158 1 835584 839680
337 1 53248 65536
19 1 253952 258048
19 1 483328 487424
20 1 536576 544768
60 1 602112 606208
60 1 610304 618496
76 1 212992 217088
74 1 946176 950272
73 1 630784 634880
99 1 516096 520192
80 1 188416 192512
18 1 315392 319488
236 1 147456 151552
105 1 622592 626688
107 1 675840 679936
78 1 921600 925696
169 1 909312 913408
170 1 348160 352256
169 1 925696 929792
87 1 692224 696320
77 1 528384 532480
87 1 700416 704512
109 1 188416 192512
336 1 430080 442368
165 1 471040 475136
87 1 724992 729088
169 1 942080 946176
337 1 65536 69632
87 1 856064 860160
229 1 909312 913408
251 1 794624 806912
336 1 442368 446464
230 1 73728 77824
935 1 360448 364544
374 1 1040384 1048576
375 1 0 8192
18 1 946176 950272
19 1 98304 102400
20 1 536576 544768
20 1 618496 622592
20 1 700416 704512
375 1 8192 12288
19 1 204800 208896
60 1 602112 606208
83 1 147456 151552
642 1 516096 520192
60 1 610304 618496
585 2 626688 655360 655360 700416
73 1 630784 634880
76 1 212992 217088
74 1 946176 950272
80 1 188416 192512
87 1 692224 696320
107 1 675840 679936
77 1 528384 532480
105 1 622592 626688
163 1 1032192 1036288
87 1 700416 704512
109 1 188416 192512
87 1 786432 790528
161 1 503808 507904
87 1 802816 806912
170 1 344064 352256
87 1 819200 823296
467 1 4096 8192
87 1 835584 839680
78 1 921600 925696
87 1 856064 860160
158 1 835584 839680
953 1 606208 610304
227 1 270336 274432
328 1 602112 622592
201 1 0 4096
585 1 700416 704512
437 1 0 4096
978 1 1032192 1036288
17 1 729088 733184
20 1 536576 544768
20 1 618496 622592
18 1 274432 278528
18 1 741376 745472
20 1 675840 679936
18 1 815104 819200
17 1 888832 892928
19 1 176128 180224
375 1 12288 32768
19 1 491520 495616
19 1 708608 712704
20 1 700416 708608
61 1 139264 143360
19 1 946176 950272
85 1 401408 405504
642 1 516096 520192
34 1 53248 57344
64 1 188416 192512
953 1 606208 610304
74 1 946176 950272
73 1 630784 634880
76 1 212992 217088
77 1 528384 532480
22 1 212992 217088
83 1 147456 151552
38 1 147456 151552
345 1 389120 393216
109 1 188416 192512
63 1 24576 32768
80 1 188416 192512
107 1 675840 679936
105 1 622592 626688
87 1 724992 729088
104 1 839680 843776
161 1 503808 507904
123 1 872448 876544
87 1 761856 765952
170 1 348160 352256
87 1 786432 790528
169 1 909312 913408
87 1 802816 806912
406 1 548864 589824
169 1 925696 929792
87 1 819200 823296
467 1 4096 8192
87 1 835584 839680
377 1 184320 212992
87 1 856064 860160
169 1 942080 946176
78 1 921600 925696
158 1 835584 839680
375 1 32768 36864
170 1 352256 356352
406 1 589824 593920
17 1 143360 147456
377 1 212992 217088
20 1 245760 249856
20 1 536576 544768
953 1 606208 610304
18 1 229376 233472
20 1 618496 622592
19 1 311296 315392
19 1 438272 442368
998 1 253952 258048
20 1 675840 679936
20 1 704512 708608
19 1 536576 540672
61 1 139264 143360
77 1 532480 536576
19 1 622592 626688
64 1 188416 192512
42 1 102400 106496
17 1 225280 229376
642 1 516096 520192
73 1 630784 634880
34 1 53248 57344
74 1 946176 950272
22 1 212992 217088
82 1 544768 548864
63 1 24576 32768
99 1 888832 892928
103 1 524288 528384
126 1 585728 589824
352 4 0 131072 131072 262144 262144 393216 393216 401408
354 4 0 131072 131072 262144 262144 393216 393216 499712
350 5 434176 524288 524288 655360 655360 786432 786432 917504 917504 950272
356 4 0 131072 131072 262144 262144 393216 393216 466944
909 1 356352 360448
775 1 790528 794624
330 1 446464 458752
352 4 401408 524288 524288 655360 655360 786432 786432 917504
447 1 888832 901120
203 1 757760 761856
354 5 499712 524288 524288 655360 655360 786432 786432 917504 917504 1015808
368 1 278528 335872
397 1 32768 49152
356 5 466944 524288 524288 655360 655360 786432 786432 917504 917504 983040
350 1 950272 1048576
351 4 0 131072 131072 262144 262144 393216 393216 417792
352 1 917504 1048576
447 1 901120 905216
953 1 606208 610304
353 1 548864 552960
731 1 114688 122880
956 1 45056 49152
593 1 389120 393216
711 1 118784 122880
593 1 401408 405504
694 1 638976 651264
397 1 49152 53248
694 1 655360 659456
368 1 335872 339968
939 1 20480 24576
353 4 0 131072 131072 262144 262144 393216 393216 516096
356 1 983040 1048576
357 4 0 131072 131072 262144 262144 393216 393216 450560
354 1 1015808 1048576
355 4 0 131072 131072 262144 262144 393216 393216 483328
358 1 339968 376832
351 5 417792 524288 524288 655360 655360 786432 786432 917504 917504 933888
235 1 151552 155648
351 1 933888 1048576
1 1 8192 16384
146 1 4096 12288
353 5 516096 524288 524288 655360 655360 786432 786432 917504 917504 1032192
97 1 913408 917504
358 1 376832 380928
433 1 327680 331776
481 1 659456 663552
674 1 413696 417792
865 1 147456 151552
674 1 782336 786432
355 5 483328 524288 524288 655360 655360 786432 786432 917504 917504 999424
41 1 819200 823296
486 1 16384 20480
485 1 884736 888832
486 1 24576 28672
353 1 1032192 1048576
724 1 860160 864256
357 5 450560 524288 524288 655360 655360 786432 786432 917504 917504 966656
625 1 53248 57344
486 1 229376 233472
33 1 528384 532480
358 4 0 131072 131072 262144 262144 393216 393216 434176
355 1 999424 1048576
357 1 966656 1048576
360 4 0 131072 131072 262144 262144 393216 393216 401408
769 1 20480 24576
724 1 864256 868352
358 5 434176 524288 524288 655360 655360 786432 786432 917504 917504 950272
360 4 401408 524288 524288 655360 655360 786432 786432 917504
953 1 606208 610304
356 2 503808 524288 524288 561152
360 1 917504 1048576
358 1 950272 1048576
359 4 0 131072 131072 262144 262144 393216 393216 417792
83 1 139264 245760
970 1 245760 253952
146 1 45056 49152
630 1 16384 20480
356 1 561152 565248
361 4 0 131072 131072 262144 262144 393216 393216 516096
51 1 180224 200704
359 5 417792 524288 524288 655360 655360 786432 786432 917504 917504 933888
337 1 69632 110592
457 1 421888 425984
359 1 933888 1048576
361 5 516096 524288 524288 655360 655360 786432 786432 917504 917504 1032192
397 1 53248 65536
9 1 4096 8192
337 1 110592 114688
397 1 65536 69632
8 1 1040384 1044480
321 1 36864 45056
954 1 24576 28672
548 1 958464 966656
189 1 450560 454656
549 1 483328 487424
894 1 389120 393216
398 2 647168 655360 655360 684032
398 1 684032 688128
76 1 212992 217088
389 1 12288 16384
345 1 389120 393216
257 1 323584 327680
107 1 675840 679936
80 1 188416 192512
389 1 4096 8192
170 1 348160 352256
105 1 622592 626688
467 1 4096 8192
249 1 315392 323584
78 1 921600 925696
158 1 835584 839680
549 1 483328 487424
398 1 688128 696320
953 1 606208 610304
549 1 483328 487424
684 1 860160 864256
103 1 401408 409600
398 1 696320 700416
406 1 593920 634880
251 1 802816 835584
406 1 634880 638976
118 1 761856 770048
375 1 36864 53248
375 1 53248 57344
379 2 389120 393216 393216 401408
413 1 626688 634880
196 1 647168 651264
293 1 712704 716800
187 1 684032 688128
538 1 323584 327680
262 1 86016 90112
362 1 630784 634880
428 1 847872 888832
52 1 978944 983040
333 1 393216 405504
437 1 0 4096
428 1 888832 892928
328 1 618496 643072
333 1 405504 409600
111 1 995328 999424
379 1 397312 401408
229 1 434176 438272
185 1 147456 151552
438 2 311296 393216 393216 421888
63 1 450560 454656
375 1 57344 77824
370 1 753664 765952
375 1 77824 81920
438 1 421888 425984
370 1 765952 770048
477 1 991232 995328
953 1 606208 610304
347 1 20480 53248
347 1 53248 57344
328 1 638976 651264
375 1 81920 102400
375 1 102400 106496
337 1 184320 241664
337 1 241664 245760
664 1 495616 503808
589 1 327680 335872
254 1 32768 36864
388 1 208896 212992
478 1 892928 897024
429 1 221184 225280
38 1 376832 380928
661 2 520192 524288 524288 532480
916 1 995328 999424
486 1 118784 122880
661 1 532480 536576
719 1 1015808 1019904
328 2 647168 655360 655360 671744
370 2 770048 786432 786432 794624
687 1 651264 655360
375 1 106496 126976
370 1 794624 798720
375 1 126976 131072
392 1 372736 385024
300 1 102400 106496
375 1 131072 139264
375 1 139264 143360
392 1 385024 389120
227 1 770048 774144
564 1 262144 266240
441 1 536576 540672
413 2 389120 393216 393216 405504
359 1 0 16384
350 1 86016 131072
413 1 405504 409600
567 1 512000 516096
359 1 16384 20480
350 1 131072 135168
185 1 151552 155648
68 1 983040 987136
259 1 487424 491520
573 1 163840 167936
375 1 143360 163840
350 1 135168 167936
375 1 163840 167936
350 1 167936 172032
350 1 172032 188416
445 1 294912 311296
882 1 278528 282624
350 1 188416 192512
382 1 868352 872448
359 1 20480 32768
359 1 32768 36864
445 1 311296 315392
186 1 835584 839680
671 1 573440 577536
413 1 409600 430080
237 1 1019904 1024000
413 1 430080 434176
439 2 778240 786432 786432 790528
439 1 790528 794624
819 1 856064 860160
99 1 262144 282624
161 1 307200 323584
427 1 454656 458752
819 1 856064 860160
227 1 966656 970752
8 1 1019904 1024000
328 1 667648 675840
884 1 593920 598016
375 1 167936 188416
379 1 401408 409600
350 1 192512 262144
375 1 188416 192512
238 1 860160 864256
564 1 561152 565248
438 1 425984 487424
422 1 630784 638976
350 1 262144 266240
438 1 487424 491520
971 1 12288 20480
360 1 450560 454656
19 1 188416 192512
350 1 266240 307200
14 1 380928 385024
181 1 98304 102400
209 1 126976 131072
350 1 307200 311296
402 1 946176 958464
446 1 1040384 1044480
97 1 421888 425984
132 1 147456 151552
145 1 1044480 1048576
481 1 659456 663552
481 1 667648 671744
917 1 327680 331776
919 1 700416 704512
577 1 61440 65536
775 1 536576 540672
146 1 8192 12288
625 1 4096 8192
483 1 102400 106496
775 1 585728 589824
483 1 442368 446464
721 1 139264 143360
626 1 126976 131072
440 1 487424 507904
402 1 958464 962560
440 1 507904 512000
170 1 352256 356352
107 1 675840 679936
73 1 630784 634880
642 1 516096 520192
74 1 946176 950272
80 1 188416 192512
105 1 622592 626688
83 1 147456 151552
78 1 921600 925696
108 1 413696 417792
896 1 65536 69632
433 1 479232 483328
420 1 163840 188416
347 2 765952 786432 786432 823296
287 1 712704 720896
375 1 192512 200704
420 1 188416 192512
375 1 200704 204800
347 1 823296 827392
584 1 233472 237568
584 1 258048 262144
608 1 8192 12288
608 1 28672 32768
220 1 958464 962560
20 1 393216 397312
20 1 618496 622592
109 1 188416 192512
20 1 536576 544768
60 1 602112 606208
76 1 212992 217088
77 1 532480 536576
60 1 610304 618496
970 1 290816 294912
935 1 24576 28672
328 1 671744 679936
308 1 53248 57344
375 1 204800 225280
211 1 356352 360448
307 1 749568 753664
972 1 98304 102400
126 1 208896 212992
187 1 0 4096
270 1 552960 557056
312 1 643072 647168
375 1 225280 229376
436 4 114688 131072 131072 262144 262144 393216 393216 520192
271 1 0 4096
436 1 520192 524288
238 1 860160 864256
667 1 1007616 1011712
438 2 491520 524288 524288 536576
434 1 167936 180224
448 1 462848 471040
438 1 536576 540672
257 1 753664 757760
147 1 118784 122880
448 1 471040 475136
134 1 380928 385024
467 1 94208 98304
314 1 393216 397312
164 1 339968 344064
791 2 126976 131072 131072 135168
875 1 372736 376832
751 1 868352 872448
8 1 745472 749568
660 1 880640 917504
760 1 724992 729088
206 1 749568 753664
401 2 819200 917504 917504 946176
972 1 966656 970752
69 1 430080 438272
956 1 176128 180224
457 1 827392 831488
600 1 962560 966656
434 1 180224 184320
411 1 315392 323584
269 1 155648 159744
816 1 32768 36864
177 1 872448 880640
413 1 958464 1036288
401 1 946176 950272
413 1 1036288 1040384
461 1 258048 262144
738 1 1040384 1044480
541 1 393216 401408
421 1 163840 180224
964 1 323584 327680
369 2 483328 524288 524288 528384
203 1 761856 770048
3 1 122880 131072
489 1 659456 667648
902 1 188416 192512
421 1 180224 184320
369 1 528384 532480
412 3 651264 655360 655360 786432 786432 888832
230 1 77824 81920
418 1 544768 548864
412 1 888832 892928
87 1 360448 368640
321 2 122880 131072 131072 151552
328 1 675840 688128
54 1 864256 868352
321 1 151552 155648
375 1 229376 249856
191 1 819200 823296
375 1 249856 253952
339 1 798720 802816
1 1 4096 8192
97 1 28672 32768
337 2 245760 262144 262144 352256
434 1 962560 966656
97 1 913408 917504
145 1 1024000 1028096
169 1 507904 512000
485 1 204800 208896
961 1 122880 126976
0 1 114688 118784
388 1 794624 872448
725 1 266240 270336
229 1 786432 790528
721 1 139264 143360
774 1 585728 589824
775 1 475136 479232
337 1 352256 356352
777 1 634880 638976
388 1 872448 876544
777 1 634880 638976
426 1 131072 143360
318 1 737280 741376
388 1 208896 212992
673 1 860160 864256
426 1 143360 147456
716 1 872448 876544
367 1 991232 1015808
367 1 1015808 1019904
643 2 434176 524288 524288 536576
367 1 1019904 1048576
643 1 536576 540672
368 1 0 4096
541 1 0 4096
417 1 872448 901120
229 1 790528 794624
417 1 901120 905216
825 1 143360 151552
792 1 528384 536576
537 1 724992 729088
481 1 659456 663552
865 1 598016 602112
529 1 45056 49152
626 1 20480 24576
123 1 253952 258048
721 1 40960 49152
982 1 172032 176128
146 1 4096 8192
721 1 139264 143360
674 1 413696 417792
722 1 421888 425984
226 1 958464 962560
869 1 999424 1003520
20 1 700416 704512
58 1 249856 253952
161 1 503808 507904
20 1 708608 712704
169 1 909312 913408
235 1 151552 155648
169 1 925696 929792
87 1 786432 790528
20 1 675840 679936
82 1 548864 557056
87 1 802816 806912
467 1 4096 8192
169 1 942080 946176
87 1 819200 823296
18 1 839680 843776
87 1 835584 839680
393 1 729088 733184
87 1 856064 860160
163 1 245760 249856
158 1 835584 839680
111 1 405504 409600
18 1 397312 401408
35 1 217088 221184
82 1 557056 585728
122 1 1028096 1032192
828 1 143360 147456
828 1 147456 151552
728 1 978944 987136
479 1 8192 12288
643 1 540672 573440
607 1 225280 233472
643 1 573440 577536
235 1 114688 118784
79 1 307200 311296
14 1 356352 360448
870 1 139264 155648
361 1 1032192 1048576
362 4 0 131072 131072 262144 262144 393216 393216 454656
232 1 401408 405504
325 2 327680 393216 393216 401408
436 2 909312 917504 917504 937984
325 1 401408 405504
436 1 937984 942080
200 1 118784 122880
576 1 892928 901120
786 1 471040 479232
328 2 815104 917504 917504 942080
924 1 892928 897024
988 5 413696 524288 524288 655360 655360 786432 786432 917504 917504 929792
351 1 999424 1028096
328 1 942080 946176
988 1 929792 1048576
989 2 0 131072 131072 159744
351 1 1028096 1032192
80 1 409600 421888
461 1 692224 696320
259 1 716800 724992
643 1 577536 622592
227 1 188416 192512
643 1 622592 626688
342 1 114688 118784
581 1 643072 647168
569 1 675840 679936
268 1 155648 159744
777 1 634880 638976
585 1 692224 696320
426 1 147456 167936
832 1 942080 946176
355 1 458752 491520
176 1 434176 442368
426 1 167936 172032
893 1 954368 958464
282 1 360448 364544
193 1 749568 753664
355 1 716800 753664
402 1 1028096 1032192
355 1 491520 495616
397 2 253952 262144 262144 290816
837 1 319488 323584
1 1 12288 16384
98 1 94208 98304
228 1 495616 499712
763 1 135168 139264
236 1 131072 135168
392 1 462848 475136
97 1 794624 798720
497 1 315392 319488
817 1 40960 45056
817 1 61440 65536
397 1 290816 294912
282 1 217088 221184
330 1 172032 180224
481 1 974848 978944
475 1 524288 528384
496 1 294912 299008
132 1 704512 708608
157 1 446464 450560
536 1 684032 688128
339 1 155648 180224
299 1 815104 823296
376 1 966656 1044480
200 1 163840 167936
355 1 753664 757760
668 1 1024000 1032192
193 1 749568 753664
864 1 1036288 1040384
376 1 1044480 1048576
193 1 749568 753664
397 1 294912 303104
211 1 692224 696320
392 1 475136 479232
397 1 303104 307200
1 1 0 4096
97 1 913408 917504
691 1 106496 114688
72 1 700416 704512
679 1 851968 860160
145 1 65536 69632
146 1 4096 12288
232 1 331776 335872
485 1 798720 806912
433 1 131072 135168
299 1 663552 667648
279 1 8192 20480
481 1 61440 65536
483 1 454656 458752
121 1 122880 126976
577 1 24576 28672
721 1 139264 143360
894 1 942080 946176
375 2 253952 262144 262144 274432
699 1 466944 471040
388 1 24576 57344
375 1 274432 278528
352 1 761856 782336
388 1 57344 61440
828 1 151552 155648
352 1 782336 786432
278 1 417792 421888
643 1 626688 655360
328 1 684032 692224
643 1 655360 659456
375 1 278528 299008
375 1 299008 303104
828 1 155648 159744
766 1 540672 544768
578 1 970752 974848
279 1 16384 32768
643 1 659456 712704
427 1 462848 466944
375 1 303104 323584
218 1 172032 180224
643 1 712704 716800
375 1 323584 327680
701 1 888832 892928
337 2 356352 393216 393216 421888
217 1 225280 229376
218 1 200704 204800
418 1 290816 319488
506 1 688128 692224
828 1 159744 163840
279 1 28672 45056
337 1 421888 425984
323 1 1007616 1015808
681 1 462848 466944
418 1 319488 323584
383 1 626688 651264
895 1 1044480 1048576
643 1 716800 765952
375 1 327680 348160
276 1 12288 16384
669 1 876544 880640
388 1 208896 212992
323 1 1015808 1019904
383 1 651264 655360
696 1 139264 147456
375 1 348160 352256
643 1 765952 770048
177 1 778240 782336
416 1 524288 532480
416 1 532480 536576
935 1 4096 8192
889 1 475136 479232
369 1 864256 868352
703 1 266240 270336
761 1 225280 229376
826 1 311296 315392
255 1 262144 266240
338 1 409600 421888
643 2 770048 786432 786432 851968
432 1 212992 217088
512 1 282624 286720
251 1 831488 856064
769 3 253952 262144 262144 393216 393216 454656
338 1 421888 425984
375 1 352256 368640
753 1 860160 864256
300 1 716800 720896
643 1 851968 856064
375 1 368640 372736
379 1 405504 417792
600 1 499712 503808
99 1 724992 729088
849 1 851968 856064
238 1 860160 864256
407 2 749568 786432 786432 839680
438 3 540672 655360 655360 786432 786432 823296
304 1 114688 122880
582 1 385024 389120
407 1 839680 843776
32 1 237568 245760
438 1 823296 827392
369 1 864256 868352
712 1 536576 540672
643 1 856064 892928
360 1 851968 864256
643 1 892928 897024
360 1 864256 868352
716 1 876544 880640
369 1 864256 868352
643 2 897024 917504 917504 942080
905 1 765952 770048
824 1 81920 86016
48 1 1011712 1015808
643 1 942080 946176
232 1 634880 638976
110 1 712704 716800
828 1 163840 167936
369 1 864256 868352
643 1 946176 999424
643 1 999424 1003520
904 1 512000 516096
894 1 929792 933888
147 1 729088 733184
425 1 143360 184320
27 1 376832 380928
461 1 172032 176128
101 1 372736 385024
425 1 184320 188416
445 1 16384 28672
828 1 167936 172032
677 1 65536 131072
369 1 864256 868352
644 1 0 12288
643 1 1003520 1048576
677 1 131072 135168
445 1 28672 32768
828 1 172032 176128
644 1 12288 16384
413 1 634880 638976
577 1 888832 897024
644 1 16384 45056
292 1 1044480 1048576
644 1 45056 49152
369 1 864256 868352
4 1 651264 655360
644 1 49152 122880
677 1 135168 180224
445 1 32768 45056
595 1 0 4096
445 1 45056 49152
716 1 880640 884736
677 1 180224 184320
475 1 716800 724992
122 1 40960 45056
329 1 450560 466944
644 1 122880 126976
215 1 0 4096
329 1 466944 471040
644 2 126976 131072 131072 155648
229 1 901120 905216
644 1 155648 159744
87 1 364544 380928
716 1 884736 888832
262 1 761856 765952
185 1 147456 151552
369 1 864256 868352
347 1 827392 888832
321 1 155648 221184
44 1 700416 704512
644 1 159744 245760
321 1 221184 225280
347 1 888832 892928
828 1 176128 180224
838 1 1044480 1048576
121 1 4096 8192
121 1 90112 94208
121 1 98304 102400
121 1 114688 118784
121 1 163840 167936
121 1 188416 196608
121 1 217088 225280
121 1 282624 286720
121 1 290816 294912
438 3 372736 393216 393216 524288 524288 606208
121 1 393216 397312
644 1 245760 249856
121 1 417792 421888
121 1 425984 430080
121 1 462848 466944
121 1 487424 491520
121 1 503808 507904
121 1 524288 528384
121 1 532480 536576
121 1 552960 557056
122 1 8192 12288
121 1 561152 565248
121 1 626688 630784
122 1 45056 49152
122 1 57344 61440
121 1 634880 638976
122 1 81920 86016
121 1 675840 679936
122 1 94208 98304
121 1 696320 700416
121 1 716800 720896
122 1 135168 143360
644 2 249856 262144 262144 274432
122 1 155648 159744
789 1 57344 65536
122 1 180224 188416
122 1 212992 217088
789 1 69632 73728
122 1 249856 253952
122 1 274432 278528
446 1 147456 188416
122 1 294912 299008
335 1 1007616 1019904
122 1 307200 315392
122 1 360448 364544
122 1 376832 380928
122 1 397312 401408
360 1 462848 466944
228 1 483328 487424
121 1 753664 757760
121 1 770048 774144
121 1 802816 806912
124 1 8192 12288
828 1 180224 184320
121 1 811008 815104
124 1 24576 40960
644 1 274432 278528
121 1 921600 925696
121 1 929792 933888
121 1 942080 946176
121 1 962560 966656
124 1 61440 65536
121 1 983040 987136
121 1 1028096 1032192
124 1 106496 110592
124 1 180224 184320
446 1 188416 192512
124 1 196608 200704
124 1 208896 217088
124 1 245760 249856
124 1 258048 262144
124 1 294912 299008
124 1 311296 319488
438 1 606208 610304
124 1 331776 339968
124 1 393216 397312
350 2 897024 917504 917504 925696
209 1 126976 131072
369 1 864256 868352
122 1 552960 557056
122 1 565248 585728
122 1 589824 593920
209 1 299008 303104
124 1 421888 425984
122 1 626688 630784
644 1 278528 339968
209 1 393216 397312
122 1 638976 643072
122 1 667648 671744
128 1 1015808 1019904
126 1 167936 172032
122 1 679936 684032
122 1 815104 819200
124 1 491520 495616
122 1 851968 856064
124 1 499712 503808
126 1 491520 495616
122 1 876544 880640
124 1 516096 520192
126 1 778240 782336
122 1 892928 897024
124 1 557056 561152
122 1 905216 909312
124 1 581632 593920
126 1 823296 827392
122 2 913408 917504 917504 921600
124 1 598016 606208
122 1 925696 933888
127 1 319488 323584
124 1 614400 618496
124 1 643072 647168
127 1 516096 520192
124 1 692224 696320
124 1 827392 831488
125 1 258048 262144
125 1 339968 344064
125 1 532480 536576
125 1 1015808 1024000
209 1 512000 516096
793 1 905216 909312
122 1 950272 954368
122 1 970752 974848
350 1 925696 929792
122 1 983040 987136
260 1 745472 749568
216 1 745472 749568
122 1 999424 1007616
57 1 868352 872448
216 1 1028096 1032192
122 1 1024000 1028096
214 1 774144 778240
585 1 405504 409600
122 1 1040384 1044480
585 1 765952 770048
123 1 69632 73728
215 1 1007616 1011712
123 1 98304 102400
212 1 319488 323584
123 1 118784 122880
213 1 413696 417792
123 1 131072 135168
213 1 905216 909312
123 1 147456 151552
123 1 167936 172032
123 1 192512 196608
123 1 208896 217088
123 1 229376 233472
123 1 270336 274432
585 1 937984 950272
123 1 315392 319488
588 1 110592 114688
588 1 262144 266240
588 1 413696 417792
123 1 417792 421888
123 1 425984 430080
123 1 438272 442368
400 2 765952 786432 786432 802816
340 1 446464 458752
123 1 446464 450560
123 1 462848 466944
123 1 512000 524288
588 1 565248 569344
123 1 528384 536576
588 1 729088 733184
123 1 544768 552960
588 1 880640 884736
123 1 598016 606208
123 1 614400 618496
588 1 1036288 1040384
123 1 626688 630784
589 1 245760 249856
123 1 684032 688128
123 1 704512 708608
123 1 741376 745472
123 1 753664 757760
123 1 761856 765952
123 1 782336 786432
644 1 339968 344064
369 1 864256 868352
592 1 323584 327680
590 1 274432 278528
589 1 401408 409600
400 1 802816 806912
589 1 708608 712704
589 1 798720 802816
590 1 561152 565248
589 1 897024 901120
590 1 593920 598016
591 1 8192 12288
591 1 106496 110592
592 1 659456 663552
589 1 1032192 1036288
591 1 339968 344064
123 1 794624 802816
340 1 458752 462848
591 1 696320 700416
123 1 806912 815104
592 1 741376 745472
591 1 876544 880640
123 1 827392 831488
123 1 835584 839680
81 1 454656 458752
123 1 872448 876544
123 1 991232 995328
801 1 4096 8192
81 1 937984 942080
210 1 393216 397312
210 1 446464 450560
210 1 479232 483328
211 1 81920 86016
211 1 315392 319488
211 1 499712 503808
586 1 8192 12288
586 1 28672 32768
586 1 110592 114688
801 1 24576 28672
586 1 245760 253952
801 1 40960 45056
586 1 258048 262144
801 1 73728 77824
801 1 86016 94208
587 1 65536 69632
587 1 147456 151552
801 1 110592 118784
587 1 192512 196608
587 1 323584 327680
587 1 516096 520192
587 1 716800 720896
801 1 122880 126976
587 1 905216 909312
82 1 360448 364544
801 1 135168 147456
82 1 524288 528384
801 1 167936 172032
83 1 147456 155648
801 1 274432 278528
644 2 344064 393216 393216 413696
801 1 290816 294912
801 1 307200 315392
802 1 0 4096
802 1 65536 69632
801 1 352256 356352
802 1 110592 114688
83 1 528384 532480
802 1 135168 139264
878 1 0 4096
83 1 548864 552960
83 1 565248 569344
802 1 167936 176128
801 1 372736 376832
801 1 385024 389120
353 1 331776 335872
384 2 733184 786432 786432 794624
949 1 176128 180224
804 1 4096 8192
644 1 413696 417792
802 1 192512 196608
804 1 24576 28672
802 1 200704 204800
804 1 45056 49152
802 1 208896 212992
802 1 225280 229376
804 1 53248 61440
802 1 249856 258048
802 1 274432 278528
384 1 794624 798720
802 1 294912 307200
802 1 319488 323584
802 1 335872 339968
802 1 348160 352256
804 1 65536 69632
804 1 106496 110592
804 1 118784 126976
801 1 393216 397312
804 1 151552 155648
177 1 778240 782336
804 1 212992 217088
804 1 253952 258048
801 1 401408 405504
804 1 262144 266240
801 1 413696 417792
801 1 491520 503808
804 1 270336 274432
801 1 520192 524288
804 1 294912 299008
801 1 544768 548864
801 1 565248 569344
804 1 307200 311296
801 1 573440 577536
801 1 606208 610304
804 1 331776 335872
801 1 618496 622592
802 1 417792 421888
801 1 634880 643072
804 1 389120 393216
801 1 647168 651264
801 1 671744 675840
804 1 397312 401408
801 1 774144 786432
802 1 446464 454656
801 1 794624 798720
802 1 466944 475136
802 1 487424 491520
802 1 503808 512000
804 1 413696 417792
802 1 528384 532480
802 1 573440 577536
804 1 425984 434176
802 1 593920 598016
802 1 606208 614400
292 1 1024000 1028096
804 1 495616 499712
802 1 671744 675840
802 1 696320 700416
802 1 708608 712704
801 1 827392 831488
801 1 835584 843776
802 1 733184 737280
801 1 876544 884736
802 1 778240 782336
801 1 901120 905216
802 1 819200 823296
804 1 507904 512000
804 1 536576 540672
828 1 184320 188416
802 1 856064 860160
802 1 892928 897024
801 1 929792 933888
801 1 950272 954368
801 1 983040 987136
804 1 552960 557056
801 1 1007616 1011712
804 1 561152 565248
801 1 1024000 1032192
804 1 573440 593920
804 1 606208 618496
804 1 667648 679936
804 1 684032 696320
802 1 983040 987136
802 1 995328 999424
802 1 1019904 1024000
802 1 1040384 1044480
803 1 8192 12288
804 1 745472 757760
803 1 16384 20480
803 1 24576 28672
803 1 69632 77824
804 1 819200 823296
803 1 122880 126976
804 1 839680 843776
926 1 368640 372736
804 1 921600 925696
803 1 135168 139264
805 1 110592 114688
805 1 204800 208896
803 1 147456 151552
805 1 253952 258048
805 1 278528 282624
803 1 155648 167936
369 1 864256 868352
803 1 184320 192512
803 1 225280 229376
805 1 618496 622592
644 1 417792 491520
803 1 319488 323584
868 1 294912 299008
868 1 733184 737280
808 1 393216 397312
869 1 491520 495616
806 1 65536 73728
806 1 667648 671744
872 1 499712 503808
872 1 540672 544768
806 1 970752 974848
872 1 651264 655360
807 1 348160 352256
803 1 348160 356352
803 1 380928 385024
803 1 389120 393216
68 1 40960 45056
803 1 421888 425984
68 1 196608 200704
803 1 430080 434176
68 1 348160 352256
321 1 397312 430080
803 1 458752 462848
803 1 532480 536576
803 1 577536 581632
803 1 688128 692224
68 1 499712 503808
872 1 1036288 1040384
803 1 700416 704512
68 1 663552 667648
68 1 815104 819200
803 1 716800 720896
68 1 966656 970752
803 1 782336 786432
65 1 139264 143360
69 1 16384 20480
803 1 819200 823296
65 1 487424 491520
69 1 69632 73728
803 1 831488 835584
65 1 876544 880640
69 1 360448 364544
803 1 847872 851968
65 1 925696 937984
803 1 864256 868352
65 1 1032192 1036288
803 1 913408 917504
429 1 634880 647168
803 1 954368 958464
803 1 978944 983040
69 1 376832 380928
69 1 585728 589824
69 1 638976 643072
380 1 212992 221184
644 1 491520 495616
70 1 335872 339968
70 1 786432 790528
70 1 843776 847872
70 1 872448 884736
70 1 921600 925696
803 1 1003520 1007616
71 1 131072 135168
72 1 458752 462848
803 1 1040384 1044480
71 1 221184 225280
72 1 700416 704512
867 1 28672 32768
867 1 610304 614400
867 1 888832 892928
81 1 139264 143360
867 1 897024 901120
81 1 245760 249856
66 1 139264 143360
81 1 491520 495616
66 1 237568 245760
71 1 626688 630784
81 1 520192 524288
66 1 249856 253952
81 1 581632 585728
66 1 516096 520192
71 1 679936 684032
67 1 258048 262144
67 1 311296 315392
71 1 802816 806912
67 1 417792 421888
67 1 835584 839680
71 1 827392 831488
67 1 913408 917504
71 1 999424 1003520
321 1 430080 434176
71 1 1032192 1036288
429 1 647168 651264
421 1 184320 204800
82 1 282624 286720
82 1 438272 442368
81 1 602112 606208
82 1 520192 524288
82 1 872448 876544
83 1 36864 40960
421 1 204800 208896
146 1 32768 36864
146 1 143360 147456
146 1 253952 258048
146 1 24576 28672
146 1 28672 32768
831 1 671744 675840
916 1 98304 102400
338 1 327680 339968
980 1 802816 811008
338 1 339968 344064
280 1 40960 45056
738 1 1040384 1044480
49 1 946176 954368
421 1 208896 221184
661 1 536576 557056
421 1 221184 225280
514 1 270336 278528
772 1 811008 815104
514 1 282624 286720
458 1 774144 782336
661 1 557056 561152
451 1 106496 114688
905 1 69632 102400
241 1 77824 81920
896 1 40960 45056
373 1 512000 520192
905 1 102400 106496
444 1 360448 393216
766 1 114688 118784
38 1 651264 655360
505 1 196608 200704
154 1 557056 561152
462 1 438272 442368
462 1 446464 450560
370 2 880640 917504 917504 991232
393 1 786432 823296
444 1 393216 397312
370 1 991232 995328
393 1 823296 827392
228 1 888832 892928
228 1 352256 360448
384 1 798720 839680
402 1 528384 552960
752 1 1007616 1011712
241 1 86016 90112
384 1 839680 843776
402 1 552960 557056
229 1 909312 913408
384 1 843776 876544
79 1 856064 860160
84 1 110592 114688
317 1 122880 126976
545 1 0 4096
384 1 876544 880640
416 1 241664 262144
109 1 700416 708608
735 1 561152 565248
384 1 880640 897024
402 1 557056 569344
416 1 262144 266240
52 1 708608 712704
384 1 897024 901120
402 1 569344 573440
611 1 0 4096
331 1 991232 1048576
979 1 114688 118784
447 1 696320 704512
332 1 0 8192
349 1 622592 634880
252 1 98304 102400
515 1 491520 495616
396 2 520192 524288 524288 544768
228 1 925696 929792
332 1 8192 12288
822 1 114688 118784
396 1 544768 548864
916 1 831488 835584
349 1 634880 638976
822 1 114688 118784
349 1 638976 647168
288 1 466944 471040
229 1 860160 864256
283 1 356352 360448
232 1 569344 573440
375 1 372736 380928
349 1 647168 651264
375 1 380928 385024
953 1 606208 610304
628 1 233472 237568
931 1 925696 929792
415 1 229376 253952
760 1 966656 970752
816 1 32768 40960
415 1 253952 258048
14 1 385024 389120
834 1 962560 966656
252 1 110592 114688
47 1 1040384 1044480
228 1 929792 933888
417 2 655360 786432 786432 794624
960 1 704512 708608
758 1 892928 901120
753 1 430080 434176
424 1 393216 405504
473 1 196608 200704
412 1 577536 602112
892 1 913408 917504
417 1 794624 798720
424 1 405504 409600
380 1 217088 233472
233 1 393216 397312
979 1 720896 737280
933 1 786432 794624
962 1 184320 196608
384 2 901120 917504 917504 966656
933 1 794624 798720
984 1 28672 57344
979 1 737280 778240
384 1 966656 999424
962 1 196608 212992
3 2 253952 262144 262144 274432
8 2 491520 524288 524288 552960
933 1 798720 802816
421 2 225280 262144 262144 282624
979 2 778240 786432 786432 798720
962 1 212992 221184
85 1 405504 409600
88 1 147456 151552
984 1 57344 126976
85 1 692224 696320
83 1 581632 585728
88 1 757760 761856
85 2 782336 786432 786432 790528
9 1 167936 172032
3 1 274432 311296
85 1 839680 843776
9 1 622592 626688
86 1 184320 188416
85 1 884736 888832
16 1 176128 180224
86 1 319488 323584
83 1 602112 606208
12 1 319488 323584
121 1 81920 86016
86 1 696320 704512
12 1 368640 372736
121 1 942080 946176
10 1 28672 32768
86 1 831488 835584
12 1 942080 946176
10 1 528384 532480
13 1 45056 49152
87 1 131072 135168
979 1 798720 823296
933 1 802816 806912
13 1 196608 200704
11 1 40960 49152
847 1 815104 819200
87 1 446464 450560
87 1 479232 487424
11 1 573440 577536
87 1 688128 692224
13 1 352256 356352
11 1 741376 745472
8 2 552960 655360 655360 716800
14 1 77824 81920
11 1 925696 933888
13 1 503808 507904
1 1 4096 8192
14 1 237568 241664
13 1 655360 659456
13 1 823296 827392
14 1 417792 421888
145 1 45056 49152
13 1 974848 978944
14 1 516096 520192
122 1 36864 77824
650 1 20480 32768
14 1 618496 622592
14 1 794624 798720
145 1 1044480 1048576
412 1 602112 606208
964 1 323584 327680
15 1 65536 69632
785 1 290816 294912
635 1 233472 237568
962 2 221184 262144 262144 274432
433 1 176128 180224
15 1 241664 245760
15 1 393216 397312
384 1 999424 1003520
962 1 290816 303104
984 2 126976 131072 131072 163840
3 1 311296 323584
674 1 970752 974848
421 1 282624 286720
979 1 823296 831488
226 1 507904 512000
962 1 274432 290816
674 1 987136 991232
8 2 716800 786432 786432 806912
962 1 307200 364544
15 1 536576 544768
287 1 491520 495616
15 1 626688 630784
962 1 421888 425984
979 1 831488 839680
962 1 364544 368640
962 1 372736 376832
241 1 90112 94208
984 1 163840 204800
962 1 425984 450560
151 1 827392 831488
8 1 806912 835584
410 2 204800 262144 262144 380928
984 1 204800 225280
984 1 225280 237568
384 1 1003520 1048576
385 1 0 4096
321 1 225280 237568
819 1 856064 860160
252 1 253952 258048
321 1 237568 241664
385 1 4096 8192
410 1 380928 385024
719 1 1007616 1011712
962 1 372736 376832
962 1 446464 450560
726 1 466944 471040
721 1 864256 868352
838 1 1044480 1048576
851 1 24576 28672
410 2 385024 393216 393216 421888
654 1 729088 733184
321 1 241664 249856
97 1 20480 24576
97 1 32768 36864
819 1 856064 860160
453 1 622592 626688
738 1 24576 28672
123 1 221184 225280
146 1 0 4096
993 1 20480 24576
145 1 65536 69632
370 1 53248 65536
554 1 872448 876544
232 1 778240 782336
146 1 8192 12288
289 1 20480 24576
335 2 778240 786432 786432 827392
410 1 421888 425984
786 1 1015808 1019904
622 1 405504 409600
289 1 49152 53248
3 1 126976 131072
289 1 57344 61440
483 1 102400 106496
337 1 36864 40960
485 1 311296 319488
337 1 61440 65536
483 1 385024 389120
385 1 16384 20480
485 1 327680 335872
483 1 434176 446464
433 1 401408 405504
485 1 950272 954368
483 1 450560 454656
486 1 16384 20480
481 1 61440 65536
486 1 49152 57344
514 1 966656 974848
630 1 380928 389120
724 1 864256 868352
481 1 65536 73728
486 1 65536 69632
819 1 856064 860160
674 1 1011712 1015808
481 1 659456 663552
481 1 679936 684032
17 1 57344 61440
370 1 65536 69632
675 1 49152 53248
675 1 225280 233472
321 1 249856 253952
453 1 622592 626688
233 1 450560 454656
838 1 1044480 1048576
563 1 458752 462848
335 1 827392 831488
258 1 53248 57344
767 1 1011712 1015808
321 1 253952 262144
335 1 831488 839680
445 1 413696 430080
321 1 262144 266240
868 1 524288 528384
373 2 516096 524288 524288 532480
335 1 839680 843776
445 1 430080 434176
550 1 1003520 1007616
753 1 802816 806912
325 1 970752 1019904
952 1 1044480 1048576
693 1 98304 102400
764 1 528384 532480
252 1 114688 118784
393 1 827392 888832
228 1 413696 417792
325 1 1019904 1024000
964 2 126976 131072 131072 159744
393 1 888832 892928
962 1 360448 364544
367 1 294912 315392
172 1 155648 172032
996 1 778240 782336
367 1 315392 319488
338 1 827392 909312
962 1 356352 360448
664 1 135168 139264
338 1 909312 913408
26 1 634880 643072
822 1 114688 118784
824 1 946176 950272
367 1 479232 491520
710 1 40960 45056
372 1 942080 966656
738 1 73728 77824
822 1 114688 118784
372 1 966656 970752
367 1 491520 495616
836 1 872448 876544
798 1 270336 274432
337 1 425984 483328
337 1 483328 487424
388 1 163840 167936
321 1 573440 647168
939 2 126976 131072 131072 143360
953 1 98304 102400
200 1 118784 126976
953 1 126976 131072
953 1 258048 262144
953 1 331776 335872
953 1 544768 548864
953 1 581632 585728
953 1 618496 622592
953 1 626688 630784
953 1 708608 712704
954 1 20480 24576
954 1 49152 53248
954 1 176128 180224
948 1 167936 172032
948 1 323584 327680
953 1 798720 802816
948 1 475136 479232
954 1 262144 266240
321 1 647168 651264
948 1 626688 630784
954 1 286720 290816
948 1 778240 782336
954 1 471040 475136
948 1 929792 933888
954 1 724992 729088
949 1 32768 36864
954 1 876544 880640
956 1 421888 425984
954 1 897024 901120
955 1 32768 36864
950 1 102400 106496
955 1 139264 143360
956 1 581632 589824
955 1 630784 634880
949 1 188416 192512
950 1 253952 258048
955 1 962560 966656
949 1 425984 430080
950 1 405504 413696
211 1 331776 335872
949 1 696320 700416
950 1 557056 565248
949 1 847872 851968
950 1 712704 716800
949 1 999424 1003520
950 1 864256 868352
445 1 434176 458752
954 1 577536 581632
956 1 737280 757760
844 1 319488 327680
839 1 421888 425984
179 1 405504 430080
179 1 430080 458752
895 1 196608 229376
892 2 892928 917504 917504 954368
179 1 458752 483328
183 2 360448 393216 393216 401408
179 1 483328 512000
839 1 425984 430080
844 1 327680 331776
895 1 229376 258048
892 1 954368 1019904
183 1 401408 450560
844 1 331776 339968
895 2 258048 262144 262144 290816
445 1 458752 462848
183 1 450560 491520
839 1 430080 434176
895 1 290816 327680
892 1 1019904 1048576
893 1 0 49152
183 2 491520 524288 524288 544768
844 1 339968 344064
904 1 516096 520192
893 2 49152 131072 131072 135168
317 1 798720 802816
512 1 454656 462848
238 1 667648 675840
839 1 434176 442368
844 1 344064 372736
844 1 397312 479232
844 2 483328 524288 524288 544768
179 2 512000 524288 524288 626688
844 1 548864 577536
844 2 593920 655360 655360 675840
393 1 966656 983040
895 2 327680 393216 393216 409600
422 1 888832 901120
893 2 135168 262144 262144 323584
183 2 544768 655360 655360 753664
862 1 524288 528384
422 1 901120 905216
565 1 868352 872448
187 1 155648 159744
460 1 573440 581632
438 1 741376 745472
433 1 311296 315392
844 1 573440 577536
275 1 45056 49152
54 1 864256 868352
719 1 200704 208896
80 1 122880 131072
874 1 1003520 1007616
578 1 249856 253952
1 1 8192 16384
97 1 913408 917504
485 1 204800 208896
724 1 950272 954368
145 1 1044480 1048576
433 1 172032 176128
481 1 667648 671744
401 1 20480 24576
577 1 24576 28672
673 1 57344 61440
766 1 512000 516096
91 1 135168 139264
124 1 856064 860160
865 1 8192 12288
350 1 929792 962560
661 1 561152 634880
350 1 962560 966656
1 1 4096 8192
485 1 790528 798720
145 1 36864 40960
145 1 45056 57344
553 1 24576 28672
146 1 4096 12288
481 1 143360 147456
914 1 217088 221184
350 1 212992 217088
273 1 393216 397312
823 1 626688 630784
962 1 1024000 1028096
661 1 634880 638976
834 1 966656 970752
417 1 798720 864256
724 1 860160 864256
724 1 872448 876544
453 1 622592 626688
335 1 843776 864256
623 1 610304 614400
393 1 983040 987136
417 1 421888 430080
417 1 864256 868352
279 1 0 4096
593 1 0 4096
541 1 0 4096
741 1 49152 53248
335 1 864256 868352
387 1 987136 1015808
834 1 970752 974848
381 1 999424 1003520
387 1 1015808 1019904
469 1 466944 471040
836 1 872448 876544
404 1 716800 741376
385 1 8192 73728
417 1 868352 917504
385 1 73728 114688
357 2 761856 786432 786432 802816
337 2 487424 524288 524288 544768
404 1 741376 745472
417 1 917504 921600
385 1 114688 118784
357 1 802816 806912
802 1 442368 446464
337 1 544768 548864
402 1 827392 835584
802 1 442368 446464
388 1 163840 167936
402 1 835584 839680
238 1 413696 417792
229 1 794624 798720
241 1 61440 65536
306 1 409600 413696
133 1 679936 688128
311 1 225280 229376
324 2 598016 655360 655360 688128
84 1 106496 114688
181 1 565248 569344
63 1 307200 311296
424 1 32768 65536
369 1 147456 204800
130 1 827392 831488
917 1 733184 737280
556 1 110592 114688
324 1 688128 692224
424 1 65536 69632
393 2 847872 917504 917504 929792
393 1 929792 933888
328 1 688128 716800
393 1 933888 946176
934 1 950272 954368
375 2 385024 393216 393216 405504
393 1 946176 950272
375 1 405504 409600
1 1 8192 12288
97 1 204800 208896
97 1 294912 299008
386 1 524288 528384
769 1 1044480 1048576
820 1 1007616 1011712
821 1 114688 118784
481 1 131072 135168
234 1 684032 688128
251 1 851968 864256
97 1 401408 409600
385 1 24576 32768
385 1 147456 151552
933 1 757760 761856
801 1 413696 417792
375 1 409600 425984
375 1 425984 430080
233 1 352256 356352
934 1 950272 954368
845 1 192512 196608
850 1 536576 540672
845 1 204800 208896
837 2 389120 393216 393216 401408
215 1 524288 528384
348 1 573440 598016
92 1 720896 724992
121 1 28672 32768
348 1 598016 602112
933 1 757760 761856
369 1 204800 208896
355 1 417792 516096
683 1 118784 122880
933 1 757760 761856
355 1 516096 520192
447 1 434176 442368
292 1 204800 208896
234 1 913408 917504
1 1 0 4096
1 1 8192 12288
97 1 65536 69632
97 1 131072 135168
146 1 0 4096
485 1 327680 331776
434 1 966656 970752
97 2 913408 917504 917504 921600
485 1 745472 749568
483 1 385024 389120
129 1 131072 135168
485 1 757760 761856
145 1 28672 32768
145 1 36864 40960
483 1 442368 446464
485 1 770048 774144
145 1 1044480 1048576
913 1 389120 393216
514 1 966656 970752
433 1 401408 405504
786 1 532480 536576
481 1 65536 69632
397 1 315392 327680
481 1 135168 139264
481 1 679936 684032
673 1 28672 32768
376 1 245760 262144
348 1 471040 491520
518 1 651264 655360
231 1 524288 528384
397 1 327680 331776
401 1 131072 135168
417 1 921600 1007616
337 1 114688 122880
233 1 356352 360448
726 1 770048 774144
774 1 606208 610304
337 1 122880 126976
417 1 1007616 1011712
317 1 0 4096
148 1 1024000 1028096
367 1 614400 626688
448 2 729088 786432 786432 815104
366 1 606208 622592
366 1 622592 626688
367 1 626688 630784
251 1 860160 884736
448 1 815104 819200
518 1 651264 655360
375 1 430080 446464
417 1 1011712 1048576
375 1 446464 450560
934 1 950272 954368
63 1 311296 315392
148 1 1024000 1028096
235 1 118784 122880
989 1 397312 401408
418 1 0 4096
351 1 163840 167936
228 1 946176 954368
366 1 626688 651264
933 1 757760 761856
646 1 225280 229376
995 1 57344 61440
404 1 745472 774144
926 1 368640 372736
469 1 466944 471040
337 1 1032192 1044480
358 1 458752 471040
234 1 589824 593920
321 1 434176 446464
348 1 491520 495616
933 1 757760 761856
401 1 131072 135168
404 1 774144 778240
376 1 262144 266240
366 1 651264 655360
337 2 126976 131072 131072 135168
321 1 446464 450560
358 1 471040 475136
566 1 647168 651264
337 1 135168 139264
337 1 1044480 1048576
764 2 913408 917504 917504 921600
417 1 425984 442368
15 1 78848 79872
387 1 1019904 1048576
388 1 0 32768
388 1 32768 36864
393 1 950272 995328
962 1 425984 430080
802 1 442368 446464
393 1 995328 999424
234 1 593920 598016
347 2 892928 917504 917504 929792
393 1 999424 1015808
47 1 1044480 1048576
347 1 929792 933888
260 1 794624 798720
393 1 1015808 1019904
518 1 651264 655360
133 1 684032 700416
418 1 4096 53248
328 1 712704 737280
1 1 4096 12288
97 1 28672 32768
405 1 942080 954368
97 1 913408 917504
146 1 4096 8192
424 1 69632 122880
485 1 327680 331776
434 1 966656 970752
609 1 356352 360448
483 1 458752 462848
849 1 851968 856064
865 1 417792 421888
626 1 180224 184320
145 1 1032192 1036288
375 1 450560 471040
481 1 659456 663552
401 1 417792 421888
529 1 57344 61440
297 1 16384 20480
418 1 53248 57344
577 1 49152 53248
802 1 442368 446464
721 1 16384 20480
721 1 196608 200704
721 1 864256 868352
375 1 471040 475136
802 1 442368 446464
564 1 135168 139264
236 1 147456 151552
235 1 151552 155648
405 1 954368 958464
483 1 327680 331776
461 1 262144 294912
522 1 380928 389120
538 1 151552 233472
542 1 245760 262144
57 1 331776 364544
60 1 569344 606208
418 1 57344 94208
539 1 32768 69632
483 1 331776 335872
328 1 733184 753664
760 1 499712 503808
522 1 389120 393216
60 1 606208 651264
57 1 364544 389120
539 1 69632 106496
542 1 262144 360448
57 2 389120 393216 393216 413696
60 2 651264 655360 655360 684032
483 1 335872 339968
60 1 688128 696320
542 2 360448 393216 393216 442368
522 1 393216 397312
568 1 290816 294912
624 1 40960 65536
539 2 106496 131072 131072 143360
542 1 442368 454656
60 1 696320 741376
57 1 413696 434176
586 1 180224 196608
375 1 475136 495616
483 1 339968 344064
483 1 372736 376832
418 1 94208 98304
522 1 397312 409600
424 1 122880 126976
539 1 143360 176128
822 1 114688 118784
375 1 495616 499712
483 2 380928 393216 393216 462848
57 1 434176 458752
539 1 176128 196608
822 1 114688 118784
539 1 200704 208896
60 1 741376 782336
80 1 688128 692224
669 1 876544 880640
920 1 786432 790528
539 1 204800 208896
60 1 778240 782336
473 1 593920 602112
239 1 495616 499712
279 1 40960 57344
82 1 454656 458752
375 1 499712 520192
409 1 1019904 1048576
410 1 0 12288
183 1 331776 335872
375 1 520192 524288
328 1 749568 778240
267 1 516096 520192
375 1 524288 544768
410 1 12288 16384
375 1 544768 548864
940 1 643072 647168
87 1 786432 790528
934 1 950272 954368
746 1 819200 835584
13 1 720896 778240
418 2 98304 131072 131072 147456
939 1 311296 315392
933 1 757760 761856
418 1 147456 151552
228 1 61440 65536
847 1 704512 712704
441 2 233472 262144 262144 303104
847 1 712704 716800
132 1 753664 757760
518 1 651264 655360
80 1 692224 696320
933 1 757760 761856
802 1 442368 446464
440 1 12288 24576
418 1 151552 249856
802 1 442368 446464
440 1 24576 28672
740 1 991232 995328
541 1 311296 315392
441 1 303104 307200
130 1 344064 348160
289 1 110592 114688
181 1 241664 245760
418 1 249856 253952
428 1 499712 507904
80 1 696320 700416
934 1 950272 954368
518 1 651264 655360
84 1 532480 536576
83 1 540672 544768
84 1 827392 831488
84 1 888832 892928
85 1 118784 122880
83 1 565248 569344
85 1 200704 204800
83 1 593920 598016
88 1 446464 450560
83 1 614400 618496
86 1 237568 241664
83 1 630784 634880
88 1 802816 806912
85 1 315392 319488
86 1 299008 303104
83 1 667648 671744
737 1 208896 212992
86 1 491520 495616
83 1 823296 827392
85 1 331776 335872
737 1 663552 667648
83 1 946176 950272
85 1 679936 692224
86 1 704512 708608
744 1 548864 552960
738 1 69632 73728
85 1 696320 700416
744 1 577536 581632
738 1 520192 524288
740 1 208896 212992
744 1 634880 638976
738 1 573440 577536
740 1 421888 425984
744 1 741376 745472
739 1 90112 94208
86 1 823296 827392
744 1 888832 892928
739 1 630784 634880
740 1 897024 901120
744 1 917504 921600
739 1 823296 827392
87 1 135168 139264
740 1 933888 937984
744 1 946176 950272
87 1 344064 348160
740 1 987136 991232
881 1 421888 425984
87 1 360448 364544
741 1 90112 94208
87 1 512000 516096
741 1 241664 245760
976 1 720896 724992
87 1 688128 692224
741 1 405504 409600
742 1 118784 122880
882 2 106496 131072 131072 151552
742 1 290816 294912
742 1 704512 708608
743 1 77824 81920
743 1 241664 245760
743 1 393216 397312
741 1 557056 561152
741 1 708608 712704
743 1 712704 716800
741 1 864256 868352
418 2 253952 262144 262144 335872
741 1 1015808 1019904
743 1 786432 790528
563 1 249856 253952
933 1 757760 761856
332 2 765952 786432 786432 839680
418 1 335872 339968
332 1 839680 843776
895 1 139264 143360
878 1 0 4096
553 1 913408 917504
332 1 843776 851968
518 1 651264 655360
933 1 757760 761856
418 2 339968 393216 393216 413696
332 1 851968 856064
418 1 413696 417792
962 1 425984 430080
347 1 933888 978944
232 1 569344 573440
802 1 442368 446464
458 1 876544 880640
633 1 417792 430080
356 2 618496 655360 655360 679936
925 1 118784 122880
812 1 843776 851968
347 1 978944 983040
962 1 356352 360448
369 1 684032 716800
802 1 442368 446464
566 1 909312 913408
369 1 716800 720896
356 1 679936 684032
979 1 114688 118784
347 1 983040 1015808
768 1 212992 217088
417 1 917504 991232
347 1 1015808 1019904
369 1 720896 733184
45 1 139264 143360
408 2 651264 655360 655360 679936
347 1 1019904 1036288
457 1 479232 483328
369 1 733184 737280
417 1 991232 995328
251 1 880640 913408
629 1 573440 577536
280 1 303104 311296
347 1 1036288 1040384
408 1 679936 684032
375 1 548864 565248
252 1 118784 122880
433 1 106496 114688
487 1 733184 741376
375 1 565248 569344
457 1 479232 483328
44 1 704512 708608
228 1 483328 487424
44 1 708608 712704
457 1 479232 483328
408 1 684032 692224
900 1 954368 987136
408 1 692224 696320
225 1 794624 798720
229 1 937984 942080
445 1 1028096 1048576
446 1 0 12288
251 1 909312 917504
542 1 704512 708608
730 1 339968 344064
698 1 692224 696320
655 1 675840 679936
269 1 155648 159744
810 1 401408 405504
375 1 569344 585728
446 1 12288 16384
608 1 12288 28672
375 1 585728 589824
385 1 479232 495616
970 1 286720 290816
385 1 495616 499712
328 1 774144 782336
375 1 589824 610304
208 1 667648 671744
375 1 610304 614400
295 1 835584 839680
1 1 0 4096
766 1 114688 118784
1 1 8192 12288
146 1 0 12288
97 1 65536 69632
434 1 933888 937984
97 1 131072 135168
97 1 913408 917504
868 1 1028096 1032192
14 2 389120 393216 393216 397312
129 1 131072 135168
485 1 790528 794624
293 1 856064 860160
145 1 45056 49152
145 1 53248 57344
145 1 65536 69632
145 1 1044480 1048576
232 1 335872 339968
481 1 61440 65536
412 1 970752 983040
401 1 421888 425984
401 1 872448 876544
529 1 12288 16384
393 1 528384 544768
722 1 425984 430080
412 1 983040 987136
722 1 483328 487424
754 1 0 4096
233 1 1032192 1036288
228 1 942080 946176
393 1 544768 548864
772 1 811008 815104
226 1 425984 430080
905 1 106496 118784
905 1 118784 122880
235 1 491520 495616
235 1 491520 495616
52 1 180224 184320
1 1 20480 24576
503 1 753664 757760
913 1 16384 20480
250 1 299008 303104
869 1 147456 151552
514 1 274432 278528
514 1 282624 286720
443 1 532480 536576
444 1 585728 593920
489 1 462848 466944
489 1 516096 520192
489 1 565248 569344
489 1 614400 618496
548 1 802816 806912
530 1 122880 126976
581 1 647168 651264
531 1 819200 823296
577 1 118784 122880
489 1 667648 671744
772 1 811008 815104
579 1 405504 409600
535 1 389120 393216
444 1 593920 598016
489 1 8192 12288
547 1 290816 294912
542 1 163840 167936
225 1 634880 638976
536 1 704512 708608
541 1 204800 208896
544 1 1040384 1044480
550 1 69632 73728
545 1 1024000 1028096
581 1 86016 90112
551 1 909312 913408
581 1 135168 139264
583 1 311296 315392
581 1 184320 188416
342 1 573440 602112
390 1 368640 372736
475 1 20480 24576
7 1 73728 77824
479 1 733184 737280
534 1 196608 200704
532 1 339968 344064
441 1 143360 147456
443 1 245760 249856
532 1 393216 397312
441 1 860160 864256
443 1 536576 540672
532 1 442368 446464
489 1 28672 32768
530 1 847872 851968
541 1 212992 217088
441 1 446464 450560
443 1 643072 647168
480 1 565248 569344
328 2 778240 786432 786432 806912
437 1 933888 946176
441 1 315392 319488
535 1 745472 749568
441 1 335872 339968
342 1 602112 606208
494 1 159744 163840
441 1 901120 905216
542 1 163840 167936
375 1 614400 634880
489 1 8192 12288
444 1 585728 598016
489 1 462848 466944
530 1 122880 126976
535 1 389120 393216
489 1 516096 520192
772 1 811008 815104
550 1 69632 73728
531 1 569344 573440
551 1 909312 913408
489 1 565248 569344
533 1 458752 462848
583 1 311296 315392
548 1 802816 806912
531 1 819200 823296
581 1 86016 90112
140 1 815104 819200
489 1 614400 618496
547 1 290816 294912
581 1 135168 139264
489 1 667648 671744
544 1 1040384 1044480
579 1 405504 409600
581 1 184320 188416
581 1 647168 651264
536 1 704512 708608
545 1 1024000 1028096
437 1 946176 950272
375 1 634880 638976
32 1 368640 376832
971 1 610304 614400
390 1 368640 372736
347 1 1040384 1048576
583 1 315392 319488
444 1 278528 282624
475 1 20480 24576
489 1 28672 32768
532 1 339968 344064
532 1 393216 397312
443 1 741376 745472
532 1 442368 446464
540 1 364544 368640
348 1 0 69632
251 2 913408 917504 917504 946176
896 1 520192 524288
44 1 987136 991232
391 1 184320 225280
375 1 638976 655360
441 1 86016 90112
441 1 479232 483328
887 1 57344 61440
442 1 20480 24576
444 1 585728 602112
489 1 462848 466944
442 1 831488 835584
442 1 847872 851968
444 1 1019904 1024000
348 1 69632 73728
443 1 192512 196608
540 1 16384 24576
542 1 163840 167936
535 1 389120 393216
443 1 212992 217088
550 1 69632 73728
540 1 98304 102400
489 1 516096 520192
229 1 495616 499712
540 1 438272 442368
489 1 565248 569344
551 1 909312 913408
489 1 614400 618496
530 1 122880 126976
489 1 667648 671744
541 1 221184 225280
583 1 159744 163840
547 1 290816 294912
234 1 811008 815104
583 1 319488 331776
772 1 811008 815104
578 1 126976 131072
492 1 741376 745472
496 1 581632 585728
579 1 405504 409600
548 1 802816 806912
375 1 655360 659456
496 1 782336 786432
505 1 331776 335872
581 1 647168 651264
391 1 225280 229376
529 1 909312 913408
536 1 704512 708608
545 1 1024000 1028096
836 1 872448 876544
583 1 311296 319488
583 1 331776 348160
891 1 909312 913408
337 1 548864 606208
348 1 73728 118784
583 1 348160 352256
390 1 368640 372736
475 1 20480 24576
508 1 49152 53248
514 1 274432 278528
441 1 118784 122880
494 1 548864 552960
382 1 16384 28672
514 1 282624 286720
441 1 819200 823296
444 1 57344 61440
229 1 917504 921600
442 1 131072 135168
445 1 253952 258048
441 1 970752 974848
443 1 151552 155648
543 1 479232 483328
492 1 667648 671744
535 1 389120 393216
550 1 69632 73728
443 1 479232 483328
492 1 741376 745472
505 1 192512 196608
551 1 909312 913408
548 1 802816 806912
544 1 356352 360448
536 1 704512 708608
506 1 290816 294912
583 1 159744 163840
545 1 1024000 1028096
507 1 49152 53248
583 1 315392 319488
547 1 290816 294912
578 1 126976 131072
444 1 585728 593920
444 1 598016 602112
579 1 405504 409600
337 1 606208 610304
540 1 98304 102400
540 1 438272 442368
348 1 118784 122880
772 1 811008 815104
382 1 28672 32768
388 1 163840 167936
237 1 167936 172032
361 2 434176 524288 524288 569344
282 1 552960 557056
496 1 868352 876544
1 1 8192 12288
1 1 20480 24576
97 1 360448 364544
198 1 315392 352256
198 1 368640 372736
413 1 208896 212992
97 1 372736 376832
695 1 69632 86016
547 1 704512 708608
281 1 733184 737280
237 1 225280 229376
193 1 8192 12288
588 1 139264 143360
695 1 675840 684032
193 1 16384 20480
695 1 688128 692224
193 1 73728 77824
313 1 856064 860160
249 1 962560 966656
817 1 40960 45056
361 1 434176 438272
160 1 196608 200704
431 1 4096 8192
249 1 36864 40960
377 1 417792 421888
431 1 8192 32768
361 1 425984 434176
362 1 618496 655360
431 1 32768 36864
363 1 995328 1007616
561 1 94208 98304
363 1 1015808 1019904
561 1 106496 110592
364 1 4096 8192
363 1 1024000 1028096
363 1 1032192 1044480
364 1 20480 24576
364 1 40960 53248
364 1 98304 102400
364 2 118784 131072 131072 143360
364 1 159744 163840
229 1 937984 942080
361 1 434176 438272
177 1 749568 765952
202 1 950272 954368
385 2 499712 524288 524288 552960
358 1 991232 1048576
359 1 0 16384
74 1 929792 933888
385 1 552960 557056
74 1 929792 937984
359 1 16384 20480
1 1 4096 8192
97 1 24576 28672
146 1 8192 12288
97 1 913408 917504
737 1 782336 786432
342 2 491520 524288 524288 548864
881 1 24576 28672
145 1 28672 32768
111 1 258048 262144
433 1 131072 135168
645 1 655360 659456
481 1 131072 135168
721 1 139264 143360
342 1 548864 552960
486 1 110592 118784
228 1 942080 946176
742 1 32768 36864
229 1 946176 950272
407 1 966656 978944
413 1 638976 647168
407 1 978944 983040
236 1 278528 286720
361 2 434176 524288 524288 565248
401 1 790528 811008
361 1 434176 438272
401 1 811008 815104
293 1 892928 897024
362 1 618496 655360
361 1 425984 434176
363 1 995328 1007616
363 1 1015808 1019904
363 1 1024000 1028096
363 1 1032192 1044480
364 1 4096 8192
364 1 20480 24576
222 1 925696 929792
364 1 40960 53248
364 2 118784 131072 131072 143360
364 1 159744 163840
301 1 143360 147456
328 1 802816 811008
430 1 704512 712704
407 1 983040 991232
361 1 434176 438272
375 1 659456 679936
407 1 991232 995328
215 1 4096 12288
244 1 106496 110592
375 1 679936 684032
233 1 401408 405504
819 1 856064 860160
819 1 856064 860160
235 1 204800 208896
953 1 606208 610304
801 1 417792 421888
143 1 413696 417792
445 1 24576 28672
537 1 380928 385024
11 1 983040 987136
228 1 356352 372736
361 1 962560 987136
402 2 573440 655360 655360 675840
430 1 1040384 1044480
361 1 987136 991232
764 1 847872 851968
68 1 978944 983040
361 1 434176 471040
402 1 675840 679936
407 1 692224 708608
375 1 684032 692224
234 1 811008 815104
283 1 700416 712704
361 1 434176 438272
407 1 708608 712704
375 1 692224 696320
350 1 438272 471040
362 1 618496 622592
362 1 630784 634880
362 1 638976 647168
361 1 430080 434176
364 1 77824 81920
525 1 307200 311296
386 1 151552 217088
364 1 98304 102400
364 1 122880 126976
350 1 471040 475136
361 1 434176 438272
386 1 217088 221184
227 1 466944 471040
328 1 806912 827392
282 1 552960 557056
431 1 36864 61440
110 1 565248 569344
375 1 696320 716800
949 1 176128 180224
375 1 716800 720896
431 1 61440 65536
437 1 643072 651264
229 1 946176 950272
753 1 36864 45056
344 1 823296 864256
674 1 237568 245760
802 1 442368 446464
251 1 942080 970752
609 2 348160 393216 393216 401408
895 1 991232 995328
344 1 864256 868352
400 1 327680 364544
565 1 118784 122880
681 1 466944 471040
315 1 401408 409600
375 1 720896 737280
609 1 401408 405504
400 1 364544 368640
330 2 331776 393216 393216 438272
802 1 442368 446464
385 2 118784 131072 131072 184320
385 1 184320 188416
802 1 442368 446464
330 1 438272 442368
375 1 737280 741376
53 1 843776 847872
315 1 405504 409600
289 1 110592 114688
335 1 729088 765952
675 1 40960 49152
385 1 188416 192512
892 1 708608 712704
361 1 434176 454656
335 1 765952 770048
444 2 761856 786432 786432 790528
677 1 733184 737280
361 1 434176 438272
444 1 790528 794624
125 1 512000 520192
362 1 618496 622592
362 1 630784 634880
361 1 430080 434176
364 1 98304 102400
125 1 516096 520192
607 1 40960 77824
361 1 434176 438272
607 1 77824 81920
44 1 712704 716800
905 1 765952 770048
889 1 90112 94208
461 1 294912 327680
930 1 761856 765952
7 4 135168 262144 262144 393216 393216 524288 524288 651264
271 1 0 4096
767 2 376832 393216 393216 466944
7 4 651264 655360 655360 786432 786432 917504 917504 995328
361 1 847872 860160
767 1 466944 471040
816 1 1036288 1040384
868 1 315392 319488
705 1 0 4096
322 2 913408 917504 917504 929792
361 1 860160 864256
446 1 745472 761856
775 1 221184 225280
609 1 692224 696320
322 1 929792 933888
356 1 978944 983040
599 1 888832 892928
333 1 495616 499712
251 1 966656 974848
71 1 258048 262144
375 1 741376 757760
375 1 757760 761856
451 1 966656 970752
922 1 122880 126976
389 2 512000 524288 524288 573440
446 1 761856 765952
621 1 983040 987136
652 1 761856 765952
976 2 823296 917504 917504 1048576
977 1 0 20480
257 1 221184 229376
444 1 573440 577536
444 1 577536 614400
286 1 450560 454656
389 1 573440 577536
444 1 614400 618496
333 1 569344 581632
711 1 0 4096
440 1 12288 24576
333 1 581632 585728
440 1 24576 28672
1 1 0 4096
795 1 573440 638976
228 1 724992 729088
97 1 4096 8192
97 1 188416 192512
146 1 40960 45056
97 1 475136 479232
281 1 618496 622592
241 1 647168 651264
109 1 708608 712704
716 1 372736 376832
506 1 626688 630784
251 1 675840 679936
541 1 0 4096
390 1 368640 372736
475 1 20480 24576
508 1 49152 53248
514 1 274432 278528
665 1 770048 778240
277 1 1028096 1032192
514 1 282624 286720
381 1 987136 999424
841 1 225280 229376
14 1 397312 401408
360 1 450560 454656
381 1 999424 1003520
731 1 352256 356352
538 1 655360 659456
243 1 114688 118784
328 1 823296 831488
375 1 761856 782336
672 1 942080 946176
375 1 782336 786432
815 1 278528 282624
334 1 569344 581632
440 1 28672 57344
935 1 8192 16384
334 1 581632 585728
440 1 57344 61440
917 1 917504 921600
877 1 491520 499712
408 2 888832 917504 917504 970752
408 1 970752 974848
81 1 905216 909312
279 1 53248 69632
281 1 262144 266240
251 1 970752 1003520
28 1 761856 770048
408 1 974848 1011712
375 1 786432 811008
388 1 36864 126976
583 1 348160 352256
444 1 585728 593920
442 1 57344 61440
772 1 811008 815104
535 1 389120 393216
489 1 462848 466944
408 1 1011712 1015808
542 1 163840 167936
489 1 516096 520192
581 1 647168 651264
489 1 565248 569344
550 1 69632 73728
531 1 819200 823296
551 1 909312 913408
489 1 614400 618496
579 1 405504 409600
489 1 667648 671744
548 1 802816 806912
536 1 704512 708608
581 1 86016 90112
530 1 122880 126976
375 1 811008 815104
581 1 135168 139264
547 1 290816 294912
545 1 1024000 1028096
581 1 184320 188416
390 1 368640 372736
444 1 593920 602112
475 1 20480 24576
541 1 225280 229376
541 1 233472 241664
444 1 602112 606208
583 1 352256 356352
444 1 507904 512000
583 1 348160 352256
541 1 4096 8192
493 1 552960 557056
526 1 630784 634880
541 1 12288 20480
1 1 4096 12288
97 1 913408 917504
388 1 126976 131072
739 1 53248 57344
145 1 45056 49152
541 1 20480 24576
145 1 1032192 1036288
995 1 798720 802816
541 1 28672 36864
802 1 442368 446464
439 1 1019904 1024000
541 1 40960 53248
241 1 24576 28672
683 1 118784 122880
390 1 368640 372736
868 1 733184 737280
541 1 57344 61440
289 1 49152 53248
535 1 389120 393216
486 1 0 4096
542 1 163840 167936
434 1 933888 937984
541 1 61440 65536
481 1 131072 135168
536 1 704512 708608
485 1 1040384 1048576
219 1 1032192 1040384
545 1 1024000 1028096
483 1 438272 442368
865 1 155648 159744
541 1 69632 81920
444 1 585728 593920
529 1 49152 53248
293 1 729088 733184
234 1 589824 593920
658 1 729088 733184
85 1 946176 950272
674 1 335872 339968
802 1 442368 446464
85 1 954368 958464
724 1 839680 843776
279 1 65536 81920
420 1 696320 708608
375 1 815104 835584
668 1 282624 319488
420 1 708608 712704
314 1 409600 413696
434 1 647168 655360
375 1 835584 839680
537 1 479232 483328
802 1 442368 446464
934 1 950272 954368
405 2 241664 262144 262144 270336
405 1 270336 274432
279 1 77824 94208
230 1 24576 28672
375 1 839680 860160
375 1 860160 864256
958 1 647168 651264
101 1 708608 712704
259 1 491520 495616
294 1 176128 180224
378 1 237568 249856
347 1 901120 905216
375 1 864256 884736
802 1 442368 446464
933 1 757760 761856
378 1 249856 253952
394 1 352256 356352
375 1 884736 888832
443 1 995328 999424
719 1 614400 618496
412 1 237568 258048
231 1 524288 528384
91 1 749568 753664
416 1 204800 229376
896 1 983040 987136
412 1 258048 262144
592 1 950272 954368
416 1 229376 233472
802 1 442368 446464
933 1 757760 761856
887 1 790528 794624
91 1 749568 753664
413 1 647168 651264
196 1 647168 651264
444 1 618496 647168
461 1 696320 700416
15 1 778240 782336
257 1 225280 229376
355 2 204800 262144 262144 352256
91 1 749568 753664
416 1 233472 241664
802 1 442368 446464
444 1 647168 651264
980 1 479232 483328
668 1 286720 290816
528 2 557056 655360 655360 679936
416 1 241664 245760
444 1 204800 208896
706 1 20480 24576
40 2 425984 524288 524288 536576
408 1 192512 212992
934 1 950272 954368
934 1 937984 942080
408 1 212992 217088
428 1 401408 417792
933 1 757760 761856
41 1 700416 704512
938 1 184320 188416
233 1 352256 356352
750 1 335872 339968
651 1 450560 454656
933 1 757760 761856
188 1 589824 593920
423 1 724992 737280
279 1 90112 110592
423 1 737280 741376
375 1 888832 909312
714 1 876544 880640
375 1 909312 913408
428 1 417792 421888
279 1 106496 118784
375 2 913408 917504 917504 933888
398 1 1007616 1048576
399 1 0 53248
375 1 933888 937984
279 1 114688 131072
945 1 262144 266240
399 1 53248 57344
232 1 393216 397312
404 1 524288 622592
375 1 937984 958464
375 1 958464 962560
621 1 983040 987136
422 1 344064 348160
404 1 622592 626688
436 1 49152 53248
226 1 360448 364544
423 1 741376 753664
279 2 126976 131072 131072 147456
118 1 278528 290816
423 1 753664 757760
375 1 962560 983040
355 1 352256 356352
118 1 286720 290816
375 1 983040 987136
663 2 638976 655360 655360 712704
663 1 712704 716800
766 1 380928 385024
261 1 348160 352256
669 1 876544 880640
409 1 225280 233472
447 1 106496 114688
409 1 233472 237568
207 1 368640 385024
1 1 8192 12288
97 1 794624 798720
229 1 540672 544768
289 1 53248 57344
229 1 778240 782336
812 1 266240 270336
481 1 8192 12288
98 1 110592 114688
386 1 651264 655360
483 1 12288 16384
541 1 0 4096
961 1 393216 397312
24 1 425984 434176
885 1 1019904 1024000
885 1 1028096 1032192
993 1 479232 483328
6 1 679936 684032
128 1 839680 843776
6 1 786432 794624
5 1 69632 73728
201 1 708608 712704
5 1 159744 163840
6 1 1019904 1024000
550 1 69632 73728
46 1 897024 901120
583 1 352256 356352
826 1 290816 294912
547 1 290816 294912
551 1 909312 913408
548 1 802816 806912
475 1 20480 24576
489 1 462848 466944
77 1 860160 864256
772 1 811008 815104
583 1 348160 352256
94 1 307200 311296
90 1 409600 413696
442 1 143360 147456
849 1 954368 962560
512 1 749568 753664
92 1 1040384 1044480
581 1 647168 651264
489 1 516096 520192
116 1 290816 294912
91 1 724992 729088
95 1 696320 700416
579 1 405504 409600
532 1 339968 344064
114 1 286720 290816
489 1 565248 569344
531 1 819200 823296
117 1 819200 823296
96 1 1011712 1015808
489 1 614400 618496
122 1 946176 954368
532 1 393216 397312
128 1 835584 839680
489 1 667648 671744
530 1 122880 126976
532 1 442368 446464
541 1 0 4096
69 1 450560 454656
6 1 1024000 1028096
73 1 200704 204800
69 1 458752 471040
122 1 958464 970752
69 1 475136 483328
459 1 49152 53248
4 1 282624 286720
3 1 1036288 1040384
108 1 229376 237568
108 1 241664 245760
213 1 1028096 1032192
122 1 1007616 1011712
237 1 950272 954368
473 1 4096 8192
415 1 131072 139264
909 1 401408 405504
375 1 73728 86016
622 1 147456 151552
330 1 135168 139264
375 1 86016 90112
426 1 45056 53248
754 1 1044480 1048576
426 1 53248 57344
721 1 425984 516096
366 2 757760 786432 786432 806912
98 1 61440 69632
96 1 241664 249856
98 1 151552 155648
96 1 262144 266240
98 1 159744 163840
100 1 20480 28672
96 1 311296 315392
98 1 167936 172032
96 1 339968 344064
96 1 348160 352256
98 1 176128 180224
96 1 397312 401408
98 1 184320 188416
96 1 434176 442368
98 1 229376 233472
96 1 450560 454656
98 1 237568 241664
96 1 462848 466944
98 1 262144 266240
96 1 479232 483328
98 1 311296 315392
96 1 503808 507904
98 1 319488 323584
96 1 524288 528384
98 1 339968 344064
96 1 577536 581632
96 1 593920 602112
98 1 356352 360448
96 1 610304 614400
98 1 380928 385024
96 1 671744 675840
98 1 421888 430080
3 1 831488 835584
3 1 839680 843776
177 1 909312 913408
98 1 434176 438272
120 1 950272 954368
279 1 0 4096
3 1 888832 892928
98 1 491520 495616
98 1 516096 520192
201 1 708608 712704
96 1 737280 741376
366 1 806912 811008
3 1 950272 954368
435 1 757760 770048
96 1 770048 774144
4 1 184320 188416
96 1 782336 786432
4 1 319488 323584
4 1 430080 434176
4 1 589824 593920
98 1 557056 565248
4 1 876544 880640
98 1 585728 589824
4 1 933888 937984
98 1 659456 663552
6 1 253952 258048
4 1 1015808 1019904
5 1 278528 282624
6 1 462848 466944
5 1 892928 897024
6 1 532480 536576
5 1 921600 925696
834 1 409600 413696
96 1 835584 839680
5 1 970752 974848
835 1 647168 651264
6 1 786432 794624
96 1 876544 884736
90 1 409600 413696
96 1 892928 897024
98 1 696320 700416
5 1 995328 999424
96 1 909312 913408
98 1 708608 712704
96 1 929792 933888
6 1 1019904 1032192
5 1 1019904 1024000
456 1 69632 73728
98 1 733184 741376
96 1 950272 954368
7 1 12288 16384
73 1 200704 204800
96 1 987136 991232
61 1 94208 98304
98 1 811008 815104
7 1 1019904 1024000
96 1 999424 1003520
73 1 806912 811008
97 1 20480 32768
69 1 450560 454656
98 1 839680 843776
71 1 794624 798720
97 1 45056 53248
69 1 458752 471040
98 1 851968 856064
71 1 933888 942080
97 1 65536 73728
91 1 724992 729088
98 1 897024 901120
114 1 286720 290816
459 1 49152 53248
98 1 905216 909312
71 1 970752 974848
69 1 475136 483328
98 1 958464 962560
122 1 946176 954368
98 1 983040 987136
97 1 81920 86016
122 1 958464 970752
98 1 1019904 1028096
94 1 307200 311296
122 1 1007616 1011712
98 1 1032192 1040384
97 1 94208 98304
95 1 696320 700416
202 1 897024 901120
836 1 913408 917504
126 1 151552 155648
203 1 659456 663552
836 1 1015808 1019904
96 1 1011712 1015808
206 1 745472 749568
77 1 503808 507904
610 1 258048 262144
121 1 192512 196608
92 1 1040384 1044480
128 1 835584 847872
108 1 229376 237568
108 1 241664 245760
97 1 110592 122880
97 1 139264 143360
97 1 151552 155648
97 1 172032 176128
97 1 212992 221184
97 1 249856 253952
97 1 258048 262144
97 1 266240 270336
97 1 290816 294912
99 1 16384 20480
97 1 393216 397312
116 1 290816 294912
97 1 405504 413696
99 1 77824 81920
97 1 421888 425984
422 1 462848 487424
97 1 446464 450560
99 1 135168 139264
97 1 462848 466944
99 1 208896 212992
721 1 516096 520192
117 1 819200 823296
213 1 1028096 1036288
97 1 499712 503808
99 1 217088 221184
97 1 532480 536576
422 2 65536 131072 131072 176128
97 1 548864 552960
99 1 225280 233472
99 1 270336 278528
99 1 344064 348160
99 1 356352 360448
99 1 389120 393216
99 1 413696 417792
435 1 770048 774144
99 1 466944 471040
99 1 491520 495616
99 1 499712 503808
99 1 536576 540672
99 1 552960 557056
100 1 421888 425984
99 1 585728 589824
102 1 159744 163840
99 1 626688 630784
100 1 430080 442368
97 1 630784 634880
100 1 589824 593920
97 1 638976 643072
97 1 655360 659456
101 1 172032 176128
97 1 688128 692224
97 1 708608 712704
101 1 323584 327680
652 1 495616 499712
97 1 757760 761856
97 1 786432 790528
316 1 1019904 1024000
97 1 798720 802816
97 1 811008 815104
99 1 638976 647168
97 1 864256 868352
317 1 270336 274432
422 1 487424 491520
97 1 917504 921600
99 1 659456 663552
317 1 573440 577536
99 1 667648 671744
97 1 954368 958464
97 1 991232 995328
97 1 1019904 1028096
97 1 1032192 1040384
104 1 36864 40960
313 1 16384 20480
99 1 700416 704512
99 1 778240 782336
99 1 790528 794624
99 1 811008 815104
99 1 819200 831488
313 1 499712 503808
99 1 843776 856064
99 1 933888 950272
99 1 1019904 1024000
314 1 364544 368640
314 1 651264 655360
314 1 765952 770048
909 1 688128 692224
314 1 917504 921600
772 2 303104 393216 393216 462848
422 1 176128 180224
747 1 651264 655360
45 1 368640 372736
538 1 921600 925696
46 1 405504 413696
416 2 114688 131072 131072 151552
203 1 770048 778240
642 1 348160 352256
320 1 614400 618496
642 1 585728 589824
644 1 57344 61440
642 1 598016 602112
473 1 483328 487424
648 1 577536 581632
642 1 905216 909312
129 1 131072 135168
643 1 65536 69632
646 1 188416 192512
644 1 212992 217088
129 1 258048 262144
643 1 180224 184320
226 1 843776 884736
644 1 364544 368640
129 1 323584 327680
643 1 421888 425984
644 1 516096 520192
129 1 884736 888832
643 1 471040 475136
647 1 12288 16384
644 1 679936 684032
643 1 856064 860160
647 1 196608 200704
644 1 831488 835584
130 1 729088 733184
644 1 987136 991232
130 1 741376 745472
647 1 356352 360448
645 1 577536 585728
131 1 106496 110592
131 1 188416 192512
647 1 376832 385024
136 1 61440 65536
131 1 761856 765952
132 1 655360 659456
136 1 720896 724992
131 1 782336 786432
801 1 126976 131072
131 1 806912 811008
801 1 581632 585728
131 1 827392 831488
131 1 843776 847872
802 1 479232 483328
801 1 1036288 1040384
134 1 262144 266240
132 1 802816 806912
134 1 274432 278528
133 1 118784 126976
134 1 282624 286720
772 1 462848 466944
134 1 319488 323584
133 1 159744 163840
134 1 622592 626688
133 1 385024 389120
134 1 778240 782336
133 1 667648 671744
